CompanyID,SecurityID,MfSchemeAssetAllocationID,Name,SectorName,EquitySectorName,Type,NoOfShare,PrevNoOfShare,SharesZG,MarketValue,PrevMarketValue,MarketValueZG,HoldingPercentage,Priority,SecuritySlug,McapCategory,Month
171656,5311.0,1,Mahindra & Mahindra Ltd.,Automobile & Ancillaries,Automobile & Ancillaries,Domestic Equities,105422.0,105422.0,0.0,32.3519,32.1073,0.761820520566975,6.54903257137571,1100,mahindra-mahindra,Large Cap,Jun-2026
133593,6508.0,1,Bharti Airtel Ltd.,Telecom,Telecom,Domestic Equities,173209.0,183209.0,-5.458247138513938,32.0783,33.5089,-4.269313525660346,6.49364740662407,1100,bharti-airtel,Large Cap,Jun-2026
156921,98676.0,1,Eternal Ltd.,Retailing,Information Technology,Domestic Equities,1022226.0,1022226.0,0.0,27.048099999999998,25.6149,5.59518092984943,5.47537819707119,1100,eternal,Large Cap,Jun-2026
171461,6050.0,1,Titan Company Ltd.,Diamond  &  Jewellery,Diamond & Jewellery,Domestic Equities,52623.0,64323.0,-18.18945011893102,23.1752,26.211,-11.582160161764142,4.69138256634529,1100,titan-company,Large Cap,Jun-2026
152205,8185.0,1,Trent Ltd.,Retailing,Retailing,Domestic Equities,54789.0,36526.0,50.0,17.985,15.4286,16.569228575502645,3.64072437155753,1100,trent,Large Cap,Jun-2026
707,8442.0,1,Bajaj Auto Ltd.,Automobile & Ancillaries,Automobile & Ancillaries,Domestic Equities,17670.0,17670.0,0.0,17.1682,18.4828,-7.112558703226786,3.4753786019335,1100,bajaj-auto,Large Cap,Jun-2026
152408,5535.0,1,ITC Ltd.,FMCG,Fast Moving Consumer Goods,Domestic Equities,586000.0,586000.0,0.0,16.8153,16.8123,0.01784407844256613,3.40394064637483,1100,itc,Large Cap,Jun-2026
133625,7239.0,1,Maruti Suzuki India Ltd.,Automobile & Ancillaries,Automobile & Ancillaries,Domestic Equities,11881.0,11881.0,0.0,16.77,15.5962,7.52619227760609,3.39477051493021,1100,maruti-suzuki-india,Large Cap,Jun-2026
171717,5016.0,1,Hindustan Unilever Ltd.,FMCG,Fast Moving Consumer Goods,Domestic Equities,77982.0,88682.0,-12.065582643602985,16.5181,19.0977,-13.507385706132155,3.34377810630105,1100,hindustan-unilever,Large Cap,Jun-2026
171619,82976.0,1,Avenue Supermarts Ltd.,Retailing,Retailing,Domestic Equities,33900.0,33900.0,0.0,14.8506,13.7448,8.045224375763919,3.00622415080635,1100,avenue-supermarts,Large Cap,Jun-2026
152316,5915.0,1,Tata Power Company Ltd.,Power,Power,Domestic Equities,327000.0,327000.0,0.0,12.605899999999998,13.7585,-8.37736671875568,2.55182693107685,1100,tata-power-company,Large Cap,Jun-2026
133507,6902.0,1,TVS Motor Company Ltd.,Automobile & Ancillaries,Automobile & Ancillaries,Domestic Equities,36400.0,36400.0,0.0,12.5966,12.2147,3.1265606195813285,2.54994432131007,1100,tvs-motor-company,Large Cap,Jun-2026
64699,82946.0,1,Aditya Vision Ltd.,Retailing,Retailing,Domestic Equities,188849.0,214849.0,-12.101522464614684,12.4291,11.4912,8.161897800055712,2.51603710239231,1100,aditya-vision,Small Cap,Jun-2026
171628,5788.0,1,Britannia Industries Ltd.,FMCG,Fast Moving Consumer Goods,Domestic Equities,23800.0,23800.0,0.0,12.2487,12.386700000000001,-1.1140981859575336,2.47951852153999,1100,britannia-industries,Large Cap,Jun-2026
38605,83193.0,1,Varun Beverages Ltd.,FMCG,Fast Moving Consumer Goods,Domestic Equities,232000.0,232000.0,0.0,11.7752,12.249600000000001,-3.8727795193312478,2.38366736836054,1100,varun-beverages,Large Cap,Jun-2026
58504,98271.0,1,Krishna Institute of Medical Sciences Ltd,Healthcare,Healthcare,Domestic Equities,143511.0,143511.0,0.0,11.6904,10.8903,7.346905043938183,2.36650120618605,1100,krishna-institute-of-medical-sciences,Small Cap,Jun-2026
133623,8531.0,1,Radico Khaitan Ltd.,Alcohol,Alcohol,Domestic Equities,28600.0,20000.0,43.0,11.2841,7.0372,60.349286648098676,2.28425342680525,1100,radico-khaitan,Mid Cap,Jun-2026
152401,5684.0,1,Tata Consumer Products Ltd.,Agri,Agriculture,Domestic Equities,82131.0,82131.0,0.0,8.834,9.6783,-8.723639482140465,1.78827684728047,1100,tata-consumer-products,Large Cap,Jun-2026
211056,110999.0,1,DOMS Industries Ltd.,FMCG,Fast Moving Consumer Goods,Domestic Equities,38174.0,38174.0,0.0,8.816699999999999,8.3414,5.698084254441698,1.78477478825195,1100,doms-industries,Small Cap,Jun-2026
153106,112629.0,1,Belrise Industries Ltd.,Automobile & Ancillaries,Automobile & Ancillaries,Domestic Equities,360958.0,360958.0,0.0,8.6114,7.813300000000001,10.214634021476193,1.74321567157245,1100,belrise-industries,Small Cap,Jun-2026
133800,112656.0,1,LG Electronics India Ltd.,Consumer Durables,Consumer Durables,Domestic Equities,54042.0,54042.0,0.0,8.3873,8.2355,1.8432396332948897,1.69785084912786,1100,lg-electronics-india,Mid Cap,Jun-2026
133317,6810.0,1,Blue Star Ltd.,Consumer Durables,Consumer Durables,Domestic Equities,48950.0,48950.0,0.0,7.9704999999999995,7.778200000000001,2.4722943611632386,1.61347754259101,1100,blue-star,Mid Cap,Jun-2026
134131,90516.0,1,Polycab India Ltd.,Electricals,Electricals,Domestic Equities,7700.0,7700.0,0.0,7.67,7.2977,5.101607355742223,1.55264697969676,1100,polycab-india,Large Cap,Jun-2026
133386,8742.0,1,Godfrey Phillips India Ltd.,FMCG,Fast Moving Consumer Goods,Domestic Equities,34000.0,34000.0,0.0,7.3885000000000005,7.7615,-4.805772080139143,1.49566260879916,1100,godfrey-phillips-india,Mid Cap,Jun-2026
171658,4978.0,1,Asian Paints Ltd.,Chemicals,Chemicals,Domestic Equities,28000.0,28000.0,0.0,7.38,7.480499999999999,-1.3434930820132285,1.49394194395855,1100,asian-paints,Large Cap,Jun-2026
101370,86936.0,1,Tube Investments of India Ltd.,Automobile & Ancillaries,Automobile & Ancillaries,Domestic Equities,24295.0,27000.0,-10.018518518518519,7.3597,8.4818,-13.229503171496606,1.48983259145688,1100,tube-investments-of-india,Mid Cap,Jun-2026
152616,7532.0,1,Vodafone Idea Ltd.,Telecom,Telecom,Domestic Equities,4748589.0,5580000.0,-14.899838709677418,6.866499999999999,7.8064,-12.04012092641935,1.38999354447038,1100,vodafone-idea,Large Cap,Jun-2026
95274,89247.0,1,Chalet Hotels Ltd.,Hospitality,Hospitality,Domestic Equities,82100.0,82100.0,0.0,6.6903,6.441599999999999,3.8608420268256345,1.35432517448048,1100,chalet-hotels,Small Cap,Jun-2026
222979,112566.0,1,Vishal Mega Mart Ltd.,Retailing,Retailing,Domestic Equities,539718.0,539718.0,0.0,6.3660000000000005,6.572100000000001,-3.1359839320765075,1.28867675003254,1100,vishal-mega-mart,Mid Cap,Jun-2026
171400,5889.0,1,Axis Bank Ltd.,Bank,Banking,Domestic Equities,47000.0,,,6.3248,,,1.28033658633456,1100,axis-bank,Large Cap,Jun-2026
171765,6852.0,1,Ceat Ltd.,Automobile & Ancillaries,Automobile & Ancillaries,Domestic Equities,17902.0,11202.0,59.810748080699874,6.2346,3.6306,71.72368203602711,1.2620772959084,1100,ceat,Small Cap,Jun-2026
113922,5953.0,1,Hindustan Foods Ltd.,Diversified,Diversified,Domestic Equities,110639.0,110639.0,0.0,6.1514999999999995,5.739400000000001,7.180193051538475,1.24525526670204,1100,hindustan-foods,Small Cap,Jun-2026
153985,89725.0,1,Mrs. Bectors Food Specialities Ltd.,FMCG,Fast Moving Consumer Goods,Domestic Equities,336010.0,336010.0,0.0,6.027,5.7696000000000005,4.461314475873546,1.22005258756615,1100,mrs-bectors-food-specialities,Small Cap,Jun-2026
57445,86554.0,1,Dixon Technologies (India) Ltd.,Consumer Durables,Consumer Durables,Domestic Equities,5000.0,5000.0,0.0,5.96,5.7620000000000005,3.4363068379034973,1.20648969999905,1100,dixon-technologies-india,Mid Cap,Jun-2026
95355,98927.0,1,Devyani International Ltd.,FMCG,Fast Moving Consumer Goods,Domestic Equities,517000.0,517000.0,0.0,5.7578,5.964099999999999,-3.4590298620076787,1.16555811990848,1100,devyani-international,Small Cap,Jun-2026
84908,112552.0,1,Swiggy Ltd.,Retailing,Information Technology,Domestic Equities,218049.0,218049.0,0.0,5.218999999999999,5.6235,-7.193029252245051,1.05648821213004,1100,swiggy,Mid Cap,Jun-2026
171402,5320.0,1,Godrej Consumer Products Ltd.,FMCG,Fast Moving Consumer Goods,Domestic Equities,50825.0,50825.0,0.0,5.1333,5.2314,-1.875215047597191,1.03913986191361,1100,godrej-consumer-products,Large Cap,Jun-2026
133909,100034.0,1,Metro Brands Ltd.,Retailing,Retailing,Domestic Equities,49035.0,49035.0,0.0,4.927,5.0226999999999995,-1.905349712306129,0.997378314076395,1100,metro-brands,Small Cap,Jun-2026
65894,112188.0,1,BlackBuck Ltd.,Logistics,Logistics,Domestic Equities,92000.0,92000.0,0.0,4.8834,4.6971,3.966277064571756,0.988552315599892,1100,blackbuck,Small Cap,Jun-2026
38803,5403.0,1,Indus Towers Ltd.,Telecom,Telecom,Domestic Equities,123700.0,123700.0,0.0,4.8453,5.4682,-11.391317069602442,0.980839688490837,1100,indus-towers,Large Cap,Jun-2026
171440,6777.0,1,Greenply Industries Ltd.,Construction Materials,Construction Materials,Domestic Equities,162500.0,162500.0,0.0,4.8204,4.0316,19.56543307867844,0.97579915266366,1100,greenply-industries,Small Cap,Jun-2026
152572,7512.0,1,Info Edge (India) Ltd.,IT,Information Technology,Domestic Equities,48800.0,48800.0,0.0,4.7726,4.8556,-1.709366504654422,0.966122943324741,1100,info-edge-india,Mid Cap,Jun-2026
152400,5891.0,1,Nestle India Ltd.,FMCG,Fast Moving Consumer Goods,Domestic Equities,33511.0,33511.0,0.0,4.709,4.7636,-1.1461919556637914,0.953248321693879,1100,nestle-india,Large Cap,Jun-2026
152531,6528.0,1,Kewal Kiran Clothing Ltd.,Textile,Textile,Domestic Equities,91361.0,91361.0,0.0,4.538399999999999,3.9696,14.328899637243047,0.918713566187195,1100,kewal-kiran-clothing,Small Cap,Jun-2026
95549,7450.0,1,Aditya Birla Fashion and Retail Ltd.,Retailing,Retailing,Domestic Equities,658000.0,658000.0,0.0,3.8202999999999996,4.2513,-10.138075412226852,0.773347751829927,1100,aditya-birla-fashion-and-retail,Small Cap,Jun-2026
174599,113181.0,1,Wakefit Innovations Ltd.,FMCG,Fast Moving Consumer Goods,Domestic Equities,293268.0,293268.0,0.0,3.6257,3.6116,0.39040868313212096,0.733954648538012,1100,wakefit-innovations,Small Cap,Jun-2026
152378,5539.0,1,Tata Motors Passenger Vehicles Ltd.,Automobile & Ancillaries,Automobile & Ancillaries,Domestic Equities,80000.0,80000.0,0.0,2.8176,3.1512000000000002,-10.58644325971059,0.570370029986127,1100,tata-motors-passenger-vehicles,Large Cap,Jun-2026
133593,6508.0,1,Bharti Airtel Ltd.,Telecom,Telecom,Domestic Equities,183209.0,194409.0,-5.761050157142931,33.5089,36.6811,-8.648050358358944,6.8171313155644,1100,bharti-airtel,Large Cap,May-2026
171656,5311.0,1,Mahindra & Mahindra Ltd.,Automobile & Ancillaries,Automobile & Ancillaries,Domestic Equities,105422.0,94451.0,11.615546685583,32.1073,29.2562,9.745284760153408,6.53198643608775,1100,mahindra-mahindra,Large Cap,May-2026
171461,6050.0,1,Titan Company Ltd.,Diamond  &  Jewellery,Diamond & Jewellery,Domestic Equities,64323.0,64323.0,0.0,26.211,28.2069,-7.075928230326626,5.33242896401429,1100,titan-company,Large Cap,May-2026
156921,98676.0,1,Eternal Ltd.,Retailing,Information Technology,Domestic Equities,1022226.0,1022226.0,0.0,25.6149,25.252,1.4371138919689517,5.21115694442523,1100,eternal,Large Cap,May-2026
171717,5016.0,1,Hindustan Unilever Ltd.,FMCG,Fast Moving Consumer Goods,Domestic Equities,88682.0,93682.0,-5.33720458572618,19.0977,21.0869,-9.433344872883168,3.88528208103681,1100,hindustan-unilever,Large Cap,May-2026
707,8442.0,1,Bajaj Auto Ltd.,Automobile & Ancillaries,Automobile & Ancillaries,Domestic Equities,17670.0,18470.0,-4.331348132106118,18.4828,18.4589,0.1294768377313855,3.76018534417166,1100,bajaj-auto,Large Cap,May-2026
152408,5535.0,1,ITC Ltd.,FMCG,Fast Moving Consumer Goods,Domestic Equities,586000.0,665000.0,-11.879699248120302,16.8123,20.940900000000003,-19.715485007807693,3.4203348011025,1100,itc,Large Cap,May-2026
133625,7239.0,1,Maruti Suzuki India Ltd.,Automobile & Ancillaries,Automobile & Ancillaries,Domestic Equities,11881.0,11881.0,0.0,15.5962,15.8184,-1.4046932685985958,3.17292848836594,1100,maruti-suzuki-india,Large Cap,May-2026
152205,8185.0,1,Trent Ltd.,Retailing,Retailing,Domestic Equities,36526.0,36526.0,0.0,15.4286,15.1386,1.915632885471576,3.13883154073446,1100,trent,Large Cap,May-2026
152316,5915.0,1,Tata Power Company Ltd.,Power,Power,Domestic Equities,327000.0,327000.0,0.0,13.7585,14.5368,-5.353998128886698,2.79906237462862,1100,tata-power-company,Large Cap,May-2026
171619,82976.0,1,Avenue Supermarts Ltd.,Retailing,Retailing,Domestic Equities,33900.0,33900.0,0.0,13.7448,15.5462,-11.58739756339169,2.79627521363487,1100,avenue-supermarts,Large Cap,May-2026
171628,5788.0,1,Britannia Industries Ltd.,FMCG,Fast Moving Consumer Goods,Domestic Equities,23800.0,23800.0,0.0,12.3867,13.6279,-9.10778623265506,2.51998007891938,1100,britannia-industries,Large Cap,May-2026
38605,83193.0,1,Varun Beverages Ltd.,FMCG,Fast Moving Consumer Goods,Domestic Equities,232000.0,232000.0,0.0,12.2496,11.9178,2.784070885566133,2.49208812474112,1100,varun-beverages,Large Cap,May-2026
133507,6902.0,1,TVS Motor Company Ltd.,Automobile & Ancillaries,Automobile & Ancillaries,Domestic Equities,36400.0,29400.0,23.809523809523807,12.2147,10.269100000000002,18.94615886494434,2.48498798469137,1100,tvs-motor-company,Large Cap,May-2026
64699,82946.0,1,Aditya Vision Ltd.,Retailing,Retailing,Domestic Equities,214849.0,214849.0,0.0,11.4912,11.271,1.9536864519563464,2.33779740228458,1100,aditya-vision,Small Cap,May-2026
58504,98271.0,1,Krishna Institute of Medical Sciences Ltd,Healthcare,Healthcare,Domestic Equities,143511.0,,,10.8903,,,2.21554885913566,1100,krishna-institute-of-medical-sciences,Small Cap,May-2026
152401,5684.0,1,Tata Consumer Products Ltd.,Agri,Agriculture,Domestic Equities,82131.0,68131.0,20.54864892633309,9.6783,7.7983,24.10781837067053,1.96897666027315,1100,tata-consumer-products,Large Cap,May-2026
101370,86936.0,1,Tube Investments of India Ltd.,Automobile & Ancillaries,Automobile & Ancillaries,Domestic Equities,27000.0,32000.0,-15.625,8.4818,9.4333,-10.086608079887217,1.72555781873932,1100,tube-investments-of-india,Mid Cap,May-2026
211056,110999.0,1,DOMS Industries Ltd.,FMCG,Fast Moving Consumer Goods,Domestic Equities,38174.0,38174.0,0.0,8.3414,8.7464,-4.630476538918869,1.69699450461367,1100,doms-industries,Small Cap,May-2026
133800,112656.0,1,LG Electronics India Ltd.,Consumer Durables,Consumer Durables,Domestic Equities,54042.0,54042.0,0.0,8.2355,8.6089,-4.337371789659542,1.67544995357444,1100,lg-electronics-india,Large Cap,May-2026
153106,112629.0,1,Belrise Industries Ltd.,Automobile & Ancillaries,Automobile & Ancillaries,Domestic Equities,360958.0,360958.0,0.0,7.813300000000001,7.6783,1.7582016852688744,1.58955656878917,1100,belrise-industries,Small Cap,May-2026
152616,7532.0,1,Vodafone Idea Ltd.,Telecom,Telecom,Domestic Equities,5580000.0,5580000.0,0.0,7.8064,5.7028,36.88714315774708,1.58815281617188,1100,vodafone-idea,Mid Cap,May-2026
133317,6810.0,1,Blue Star Ltd.,Consumer Durables,Consumer Durables,Domestic Equities,48950.0,48950.0,0.0,7.778200000000001,8.718,-10.779995411791685,1.58241574025775,1100,blue-star,Mid Cap,May-2026
133386,8742.0,1,Godfrey Phillips India Ltd.,FMCG,Fast Moving Consumer Goods,Domestic Equities,34000.0,23000.0,47.82608695652174,7.7615,5.1773,49.91404786278561,1.5790182520391,1100,godfrey-phillips-india,Mid Cap,May-2026
171658,4978.0,1,Asian Paints Ltd.,Chemicals,Chemicals,Domestic Equities,28000.0,28000.0,0.0,7.480499999999999,6.844600000000001,9.290535604710271,1.52185093530613,1100,asian-paints,Large Cap,May-2026
134131,90516.0,1,Polycab India Ltd.,Electricals,Electricals,Domestic Equities,7700.0,7700.0,0.0,7.2977,6.2451,16.85481417431266,1.48466166306845,1100,polycab-india,Large Cap,May-2026
133623,8531.0,1,Radico Khaitan Ltd.,Alcohol,Alcohol,Domestic Equities,20000.0,20000.0,0.0,7.0372,6.8462,2.789868832344954,1.43166491570567,1100,radico-khaitan,Mid Cap,May-2026
133583,8200.0,1,United Spirits Ltd.,Alcohol,Alcohol,Domestic Equities,53700.0,53700.0,0.0,6.8199000000000005,7.1185,-4.194703940436892,1.38745688038156,1100,united-spirits,Mid Cap,May-2026
222979,112566.0,1,Vishal Mega Mart Ltd.,Retailing,Retailing,Domestic Equities,539718.0,539718.0,0.0,6.572100000000001,6.6002,-0.4257446744037977,1.33704385160422,1100,vishal-mega-mart,Mid Cap,May-2026
95274,89247.0,1,Chalet Hotels Ltd.,Hospitality,Hospitality,Domestic Equities,82100.0,82100.0,0.0,6.441599999999999,6.220700000000001,3.5510473097882738,1.31049461732076,1100,chalet-hotels,Small Cap,May-2026
95355,98927.0,1,Devyani International Ltd.,FMCG,Fast Moving Consumer Goods,Domestic Equities,517000.0,475000.0,8.842105263157894,5.964099999999999,5.9247000000000005,0.6650125744763348,1.21335086735636,1100,devyani-international,Small Cap,May-2026
153985,89725.0,1,Mrs. Bectors Food Specialities Ltd.,FMCG,Fast Moving Consumer Goods,Domestic Equities,336010.0,336010.0,0.0,5.7696000000000005,6.592899999999999,-12.487676136449808,1.17378131894155,1100,mrs-bectors-food-specialities,Small Cap,May-2026
57445,86554.0,1,Dixon Technologies (India) Ltd.,Consumer Durables,Consumer Durables,Domestic Equities,5000.0,,,5.7620000000000005,,,1.17223515663845,1100,dixon-technologies-india,Mid Cap,May-2026
113922,5953.0,1,Hindustan Foods Ltd.,Diversified,Diversified,Domestic Equities,110639.0,110639.0,0.0,5.739400000000001,5.4539,5.234786116357116,1.16763735821081,1100,hindustan-foods,Small Cap,May-2026
84908,112552.0,1,Swiggy Ltd.,Retailing,Information Technology,Domestic Equities,218049.0,218049.0,0.0,5.6235,5.8939,-4.587794160063789,1.14405838308857,1100,swiggy,Mid Cap,May-2026
38803,5403.0,1,Indus Towers Ltd.,Telecom,Telecom,Domestic Equities,123700.0,123700.0,0.0,5.4682,5.0711,7.830648182840022,1.1124637770792,1100,indus-towers,Mid Cap,May-2026
171402,5320.0,1,Godrej Consumer Products Ltd.,FMCG,Fast Moving Consumer Goods,Domestic Equities,50825.0,50825.0,0.0,5.2314,5.423500000000001,-3.5419931778371967,1.06428861479319,1100,godrej-consumer-products,Large Cap,May-2026
133909,100034.0,1,Metro Brands Ltd.,Retailing,Retailing,Domestic Equities,49035.0,49035.0,0.0,5.0227,5.0155,0.1435549795633477,1.02183018418048,1100,metro-brands,Small Cap,May-2026
152572,7512.0,1,Info Edge (India) Ltd.,IT,Information Technology,Domestic Equities,48800.0,48800.0,0.0,4.8556,4.7475,2.2769878883622963,0.98783495775315,1100,info-edge-india,Mid Cap,May-2026
152400,5891.0,1,Nestle India Ltd.,FMCG,Fast Moving Consumer Goods,Domestic Equities,33511.0,33511.0,0.0,4.7636,4.8879,-2.5430143824546345,0.969118256189328,1100,nestle-india,Large Cap,May-2026
65894,112188.0,1,BlackBuck Ltd.,Logistics,Logistics,Domestic Equities,92000.0,40000.0,130.0,4.6971,2.1922,114.26420946993888,0.955589336037219,1100,blackbuck,Small Cap,May-2026
95549,7450.0,1,Aditya Birla Fashion and Retail Ltd.,Retailing,Retailing,Domestic Equities,658000.0,658000.0,0.0,4.2513,4.2244,0.6367768203768577,0.864894710416007,1100,aditya-birla-fashion-and-retail,Small Cap,May-2026
171440,6777.0,1,Greenply Industries Ltd.,Construction Materials,Construction Materials,Domestic Equities,162500.0,162500.0,0.0,4.0316,4.3444,-7.200073658042531,0.820198413311969,1100,greenply-industries,Small Cap,May-2026
152531,6528.0,1,Kewal Kiran Clothing Ltd.,Textile,Textile,Domestic Equities,91361.0,91361.0,0.0,3.9696,4.3383,-8.498720697047233,0.80758498399722,1100,kewal-kiran-clothing,Small Cap,May-2026
171765,6852.0,1,Ceat Ltd.,Automobile & Ancillaries,Automobile & Ancillaries,Domestic Equities,11202.0,11202.0,0.0,3.6306,3.8593,-5.9259451195812725,0.738618007582705,1100,ceat,Small Cap,May-2026
174599,113181.0,1,Wakefit Innovations Ltd.,FMCG,Fast Moving Consumer Goods,Domestic Equities,293268.0,293268.0,0.0,3.6116,4.0486,-10.7938546658104,0.73475260182496,1100,wakefit-innovations,Small Cap,May-2026
152378,5539.0,1,Tata Motors Passenger Vehicles Ltd.,Automobile & Ancillaries,Automobile & Ancillaries,Domestic Equities,80000.0,80000.0,0.0,3.1512,2.7324,15.327184892402284,0.641087717042533,1100,tata-motors-passenger-vehicles,Large Cap,May-2026
133593,6508.0,1,Bharti Airtel Ltd.,Telecom,Telecom,Domestic Equities,194409.0,171525.0,13.341495408832532,36.6811,30.5726,19.98030916572356,7.2818580171587,1100,bharti-airtel,Large Cap,Apr-2026
171656,5311.0,1,Mahindra & Mahindra Ltd.,Automobile & Ancillaries,Automobile & Ancillaries,Domestic Equities,94451.0,94451.0,0.0,29.2562,27.9074,4.833126697578424,5.80788183891973,1100,mahindra-mahindra,Large Cap,Apr-2026
171461,6050.0,1,Titan Company Ltd.,Diamond  &  Jewellery,Diamond & Jewellery,Domestic Equities,64323.0,52443.0,22.653166294834392,28.2069,20.7223,36.11857757102253,5.59957691847283,1100,titan-company,Large Cap,Apr-2026
156921,98676.0,1,Eternal Ltd.,Retailing,Information Technology,Domestic Equities,1022226.0,875226.0,16.79566192046397,25.252,20.0409,26.002325244874232,5.01297612801392,1100,eternal,Large Cap,Apr-2026
171717,5016.0,1,Hindustan Unilever Ltd.,FMCG,Fast Moving Consumer Goods,Domestic Equities,93682.0,93682.0,0.0,21.0869,19.2535,9.522424494247806,4.18612887350772,1100,hindustan-unilever,Large Cap,Apr-2026
152408,5535.0,1,ITC Ltd.,FMCG,Fast Moving Consumer Goods,Domestic Equities,665000.0,827000.0,-19.588875453446192,20.940900000000003,23.792800000000003,-11.986399246830976,4.15714524786658,1100,itc,Large Cap,Apr-2026
707,8442.0,1,Bajaj Auto Ltd.,Automobile & Ancillaries,Automobile & Ancillaries,Domestic Equities,18470.0,18470.0,0.0,18.4589,16.2194,13.80753911981948,3.66442361196722,1100,bajaj-auto,Large Cap,Apr-2026
133625,7239.0,1,Maruti Suzuki India Ltd.,Automobile & Ancillaries,Automobile & Ancillaries,Domestic Equities,11881.0,11881.0,0.0,15.8184,14.6208,8.19107025607354,3.14023687562868,1100,maruti-suzuki-india,Large Cap,Apr-2026
171619,82976.0,1,Avenue Supermarts Ltd.,Retailing,Retailing,Domestic Equities,33900.0,33900.0,0.0,15.5462,13.4136,15.89878928848333,3.0862002804265,1100,avenue-supermarts,Large Cap,Apr-2026
152205,8185.0,1,Trent Ltd.,Retailing,Retailing,Domestic Equities,36526.0,30476.0,19.85168657304108,15.1386,10.0443,50.718317851916005,3.00528435021193,1100,trent,Large Cap,Apr-2026
152316,5915.0,1,Tata Power Company Ltd.,Power,Power,Domestic Equities,327000.0,327000.0,0.0,14.5368,12.3851,17.373295330679614,2.88581622753496,1100,tata-power-company,Large Cap,Apr-2026
171628,5788.0,1,Britannia Industries Ltd.,FMCG,Fast Moving Consumer Goods,Domestic Equities,23800.0,21300.0,11.737089201877934,13.6279,11.550999999999998,17.980261449225182,2.70538323201968,1100,britannia-industries,Large Cap,Apr-2026
38605,83193.0,1,Varun Beverages Ltd.,FMCG,Fast Moving Consumer Goods,Domestic Equities,232000.0,232000.0,0.0,11.9178,8.9111,33.74106451504303,2.36589762784906,1100,varun-beverages,Large Cap,Apr-2026
64699,82946.0,1,Aditya Vision Ltd.,Retailing,Retailing,Domestic Equities,214849.0,214849.0,0.0,11.271,10.2719,9.726535499761471,2.23749619589913,1100,aditya-vision,Small Cap,Apr-2026
133507,6902.0,1,TVS Motor Company Ltd.,Automobile & Ancillaries,Automobile & Ancillaries,Domestic Equities,29400.0,29400.0,0.0,10.269100000000002,9.8896,3.83736450412555,2.03860102788642,1100,tvs-motor-company,Large Cap,Apr-2026
101370,86936.0,1,Tube Investments of India Ltd.,Automobile & Ancillaries,Automobile & Ancillaries,Domestic Equities,32000.0,32000.0,0.0,9.4333,8.055399999999999,17.105295826402177,1.87267969699009,1100,tube-investments-of-india,Mid Cap,Apr-2026
211056,110999.0,1,DOMS Industries Ltd.,FMCG,Fast Moving Consumer Goods,Domestic Equities,38174.0,38174.0,0.0,8.7464,8.7739,-0.3134296037110065,1.73631769388805,1100,doms-industries,Small Cap,Apr-2026
133317,6810.0,1,Blue Star Ltd.,Consumer Durables,Consumer Durables,Domestic Equities,48950.0,48950.0,0.0,8.718,7.8844,10.57277662219064,1.7306797831469,1100,blue-star,Mid Cap,Apr-2026
133800,112656.0,1,LG Electronics India Ltd.,Consumer Durables,Consumer Durables,Domestic Equities,54042.0,54042.0,0.0,8.6089,7.7875,10.547672552166931,1.70902147110958,1100,lg-electronics-india,Large Cap,Apr-2026
20865,87606.0,1,Aster DM Healthcare Ltd.,Healthcare,Healthcare,Domestic Equities,120000.0,120000.0,0.0,8.4126,8.04,4.634328358208954,1.67005239088112,1100,aster-dm-healthcare,Small Cap,Apr-2026
152401,5684.0,1,Tata Consumer Products Ltd.,Agri,Agriculture,Domestic Equities,68131.0,68131.0,0.0,7.7983,6.9139,12.79162267316566,1.54810279340611,1100,tata-consumer-products,Large Cap,Apr-2026
153106,112629.0,1,Belrise Industries Ltd.,Automobile & Ancillaries,Automobile & Ancillaries,Domestic Equities,360958.0,360958.0,0.0,7.6783,6.7135,14.37104341997468,1.5242806353449,1100,belrise-industries,Small Cap,Apr-2026
133583,8200.0,1,United Spirits Ltd.,Alcohol,Alcohol,Domestic Equities,53700.0,53700.0,0.0,7.1185,6.545,8.762414056531707,1.41315026798935,1100,united-spirits,Mid Cap,Apr-2026
133623,8531.0,1,Radico Khaitan Ltd.,Alcohol,Alcohol,Domestic Equities,20000.0,20000.0,0.0,6.8462,5.2586,30.190545011980376,1.35909382098879,1100,radico-khaitan,Mid Cap,Apr-2026
171658,4978.0,1,Asian Paints Ltd.,Chemicals,Chemicals,Domestic Equities,28000.0,,,6.844600000000001,,,1.35877619221464,1100,asian-paints,Large Cap,Apr-2026
222979,112566.0,1,Vishal Mega Mart Ltd.,Retailing,Retailing,Domestic Equities,539718.0,539718.0,0.0,6.6002,5.6832,16.135275900900886,1.31025839696331,1100,vishal-mega-mart,Mid Cap,Apr-2026
153985,89725.0,1,Mrs. Bectors Food Specialities Ltd.,FMCG,Fast Moving Consumer Goods,Domestic Equities,336010.0,336010.0,0.0,6.592899999999999,6.0163,9.583963565646654,1.30880921568125,1100,mrs-bectors-food-specialities,Small Cap,Apr-2026
134131,90516.0,1,Polycab India Ltd.,Electricals,Electricals,Domestic Equities,7700.0,7700.0,0.0,6.2451,5.269500000000001,18.51409052092228,1.23976466090051,1100,polycab-india,Large Cap,Apr-2026
95274,89247.0,1,Chalet Hotels Ltd.,Hospitality,Hospitality,Domestic Equities,82100.0,82100.0,0.0,6.220700000000001,5.7659,7.887753863230375,1.23492082209473,1100,chalet-hotels,Small Cap,Apr-2026
95355,98927.0,1,Devyani International Ltd.,FMCG,Fast Moving Consumer Goods,Domestic Equities,475000.0,635000.0,-25.196850393700785,5.9247000000000005,6.0065,-1.361857987180546,1.17615949887708,1100,devyani-international,Small Cap,Apr-2026
84908,112552.0,1,Swiggy Ltd.,Retailing,Information Technology,Domestic Equities,218049.0,218049.0,0.0,5.8939,5.6704,3.9415208803611774,1.17004514497471,1100,swiggy,Mid Cap,Apr-2026
152616,7532.0,1,Vodafone Idea Ltd.,Telecom,Telecom,Domestic Equities,5580000.0,5580000.0,0.0,5.7028,4.7597000000000005,19.814274008866093,1.13210835826223,1100,vodafone-idea,Mid Cap,Apr-2026
96004,7992.0,1,Jubilant FoodWorks Ltd.,FMCG,Fast Moving Consumer Goods,Domestic Equities,115000.0,115000.0,0.0,5.5039,4.9922,10.249989984375617,1.09262313127577,1100,jubilant-foodworks,Mid Cap,Apr-2026
113922,5953.0,1,Hindustan Foods Ltd.,Diversified,Diversified,Domestic Equities,110639.0,110639.0,0.0,5.4539,5.6354,-3.2207119281683605,1.0826972320836,1100,hindustan-foods,Small Cap,Apr-2026
171402,5320.0,1,Godrej Consumer Products Ltd.,FMCG,Fast Moving Consumer Goods,Domestic Equities,50825.0,50825.0,0.0,5.423500000000001,5.005199999999999,8.357308399264774,1.07666228537476,1100,godrej-consumer-products,Large Cap,Apr-2026
133386,8742.0,1,Godfrey Phillips India Ltd.,FMCG,Fast Moving Consumer Goods,Domestic Equities,23000.0,,,5.1773,,,1.02778715775251,1100,godfrey-phillips-india,Mid Cap,Apr-2026
38803,5403.0,1,Indus Towers Ltd.,Telecom,Telecom,Domestic Equities,123700.0,225700.0,-45.19273371732388,5.0711,9.4376,-46.26705942188692,1.00670454786834,1100,indus-towers,Mid Cap,Apr-2026
133909,100034.0,1,Metro Brands Ltd.,Retailing,Retailing,Domestic Equities,49035.0,49035.0,0.0,5.0155,4.394,14.144287664997732,0.99566694796665,1100,metro-brands,Small Cap,Apr-2026
152400,5891.0,1,Nestle India Ltd.,FMCG,Fast Moving Consumer Goods,Domestic Equities,33511.0,,,4.8879,,,0.97033605322823,1100,nestle-india,Large Cap,Apr-2026
171639,5614.0,1,Havells India Ltd.,Capital Goods,Capital Goods,Domestic Equities,38800.0,52000.0,-25.384615384615383,4.8135,6.1911000000000005,-22.2512962155352,0.95556631523028,1100,havells-india,Mid Cap,Apr-2026
152572,7512.0,1,Info Edge (India) Ltd.,IT,Information Technology,Domestic Equities,48800.0,70800.0,-31.07344632768362,4.7475,6.8513,-30.706581232758744,0.942464128296615,1100,info-edge-india,Mid Cap,Apr-2026
171440,6777.0,1,Greenply Industries Ltd.,Construction Materials,Construction Materials,Domestic Equities,162500.0,162500.0,0.0,4.3444,2.93,48.27303754266212,0.862441529009334,1100,greenply-industries,Small Cap,Apr-2026
152531,6528.0,1,Kewal Kiran Clothing Ltd.,Textile,Textile,Domestic Equities,91361.0,91361.0,0.0,4.3383,3.8066,13.967845321284072,0.861230569307889,1100,kewal-kiran-clothing,Small Cap,Apr-2026
95549,7450.0,1,Aditya Birla Fashion and Retail Ltd.,Retailing,Retailing,Domestic Equities,658000.0,658000.0,0.0,4.2244,3.5460000000000003,19.131415679639023,0.838619370948124,1100,aditya-birla-fashion-and-retail,Small Cap,Apr-2026
174599,113181.0,1,Wakefit Innovations Ltd.,FMCG,Fast Moving Consumer Goods,Domestic Equities,293268.0,293268.0,0.0,4.0486,4.458,-9.18349035441902,0.803719909388452,1100,wakefit-innovations,Small Cap,Apr-2026
171765,6852.0,1,Ceat Ltd.,Automobile & Ancillaries,Automobile & Ancillaries,Domestic Equities,11202.0,21907.0,-48.86565937828091,3.8593,7.103300000000001,-45.66891444821422,0.766140455046893,1100,ceat,Small Cap,Apr-2026
152378,5539.0,1,Tata Motors Passenger Vehicles Ltd.,Automobile & Ancillaries,Automobile & Ancillaries,Domestic Equities,80000.0,80000.0,0.0,2.7324,2.3696,15.310600945307224,0.542430539053748,1100,tata-motors-passenger-vehicles,Large Cap,Apr-2026
65894,112188.0,1,BlackBuck Ltd.,Logistics,Logistics,Domestic Equities,40000.0,,,2.1922,,,0.435191124181535,1100,blackbuck,Small Cap,Apr-2026
133593,6508.0,1,Bharti Airtel Ltd.,Telecom,Telecom,Domestic Equities,171525.0,171525.0,0.0,30.5726,32.2347,-5.156244668013029,6.69932703455853,1100,bharti-airtel,Large Cap,Mar-2026
171656,5311.0,1,Mahindra & Mahindra Ltd.,Automobile & Ancillaries,Automobile & Ancillaries,Domestic Equities,94451.0,94451.0,0.0,27.9074,32.0888,-13.030714766522909,6.11530583869997,1100,mahindra-mahindra,Large Cap,Mar-2026
152408,5535.0,1,ITC Ltd.,FMCG,Fast Moving Consumer Goods,Domestic Equities,827000.0,827000.0,0.0,23.792800000000003,25.9347,-8.258819265308626,5.21367983972067,1100,itc,Large Cap,Mar-2026
171461,6050.0,1,Titan Company Ltd.,Diamond  &  Jewellery,Diamond & Jewellery,Domestic Equities,52443.0,52443.0,0.0,20.7223,22.6947,-8.69101596407971,4.54084587533387,1100,titan-company,Large Cap,Mar-2026
156921,98676.0,1,Eternal Ltd.,Retailing,Information Technology,Domestic Equities,875226.0,875226.0,0.0,20.0409,21.5568,-7.032119795145844,4.39153173648574,1100,eternal,Large Cap,Mar-2026
171717,5016.0,1,Hindustan Unilever Ltd.,FMCG,Fast Moving Consumer Goods,Domestic Equities,93682.0,93682.0,0.0,19.2535,21.9038,-12.099726988011222,4.21898997991249,1100,hindustan-unilever,Large Cap,Mar-2026
707,8442.0,1,Bajaj Auto Ltd.,Automobile & Ancillaries,Automobile & Ancillaries,Domestic Equities,18470.0,18470.0,0.0,16.2194,18.4192,-11.94297255038221,3.55413229180111,1100,bajaj-auto,Large Cap,Mar-2026
133625,7239.0,1,Maruti Suzuki India Ltd.,Automobile & Ancillaries,Automobile & Ancillaries,Domestic Equities,11881.0,11881.0,0.0,14.6208,17.651600000000002,-17.17011489043487,3.20383352108991,1100,maruti-suzuki-india,Large Cap,Mar-2026
171619,82976.0,1,Avenue Supermarts Ltd.,Retailing,Retailing,Domestic Equities,33900.0,33900.0,0.0,13.4136,13.043399999999998,2.8382170293021747,2.93930163318639,1100,avenue-supermarts,Large Cap,Mar-2026
152316,5915.0,1,Tata Power Company Ltd.,Power,Power,Domestic Equities,327000.0,260000.0,25.769230769230766,12.3851,9.8163,26.168719374917227,2.71392800271193,1100,tata-power-company,Large Cap,Mar-2026
171628,5788.0,1,Britannia Industries Ltd.,FMCG,Fast Moving Consumer Goods,Domestic Equities,21300.0,21300.0,0.0,11.550999999999998,12.7853,-9.654055829741974,2.53115294663148,1100,britannia-industries,Large Cap,Mar-2026
64699,82946.0,1,Aditya Vision Ltd.,Retailing,Retailing,Domestic Equities,214849.0,214849.0,0.0,10.2719,10.3869,-1.1071638313645071,2.25086572179932,1100,aditya-vision,Small Cap,Mar-2026
152205,8185.0,1,Trent Ltd.,Retailing,Retailing,Domestic Equities,30476.0,30476.0,0.0,10.0443,11.8841,-15.481189151892034,2.20099208223103,1100,trent,Large Cap,Mar-2026
133507,6902.0,1,TVS Motor Company Ltd.,Automobile & Ancillaries,Automobile & Ancillaries,Domestic Equities,29400.0,29400.0,0.0,9.8896,11.3769,-13.072981216324306,2.16709290806049,1100,tvs-motor-company,Large Cap,Mar-2026
38803,5403.0,1,Indus Towers Ltd.,Telecom,Telecom,Domestic Equities,225700.0,225700.0,0.0,9.4376,10.2682,-8.089051635145395,2.06804684002504,1100,indus-towers,Mid Cap,Mar-2026
38605,83193.0,1,Varun Beverages Ltd.,FMCG,Fast Moving Consumer Goods,Domestic Equities,232000.0,232000.0,0.0,8.9111,10.4725,-14.909524946287894,1.95267570104128,1100,varun-beverages,Large Cap,Mar-2026
211056,110999.0,1,DOMS Industries Ltd.,FMCG,Fast Moving Consumer Goods,Domestic Equities,38174.0,38174.0,0.0,8.7739,8.9022,-1.4412167778751366,1.92261127508007,1100,doms-industries,Small Cap,Mar-2026
101370,86936.0,1,Tube Investments of India Ltd.,Automobile & Ancillaries,Automobile & Ancillaries,Domestic Equities,32000.0,32000.0,0.0,8.055399999999999,8.8109,-8.574606453370265,1.76516747002816,1100,tube-investments-of-india,Mid Cap,Mar-2026
20865,87606.0,1,Aster DM Healthcare Ltd.,Healthcare,Healthcare,Domestic Equities,120000.0,120000.0,0.0,8.04,7.8552,2.352581729300338,1.76179289160394,1100,aster-dm-healthcare,Small Cap,Mar-2026
133317,6810.0,1,Blue Star Ltd.,Consumer Durables,Consumer Durables,Domestic Equities,48950.0,48950.0,0.0,7.8844,9.5022,-17.025530929679437,1.72769650181121,1100,blue-star,Mid Cap,Mar-2026
133800,112656.0,1,LG Electronics India Ltd.,Consumer Durables,Consumer Durables,Domestic Equities,54042.0,54042.0,0.0,7.7875,8.5873,-9.3137540321172,1.70646295315494,1100,lg-electronics-india,Large Cap,Mar-2026
171765,6852.0,1,Ceat Ltd.,Automobile & Ancillaries,Automobile & Ancillaries,Domestic Equities,21907.0,21907.0,0.0,7.103300000000001,7.7362,-8.18101910498694,1.55653525459332,1100,ceat,Small Cap,Mar-2026
152401,5684.0,1,Tata Consumer Products Ltd.,Agri,Agriculture,Domestic Equities,68131.0,118131.0,-42.32589244144213,6.9139,13.478699999999998,-48.704993805040544,1.51503232254484,1100,tata-consumer-products,Large Cap,Mar-2026
152572,7512.0,1,Info Edge (India) Ltd.,IT,Information Technology,Domestic Equities,70800.0,70800.0,0.0,6.8513,7.2896,-6.012675592625115,1.50131488037886,1100,info-edge-india,Mid Cap,Mar-2026
153106,112629.0,1,Belrise Industries Ltd.,Automobile & Ancillaries,Automobile & Ancillaries,Domestic Equities,360958.0,360958.0,0.0,6.7135,6.7763,-0.9267594409928682,1.4711189773362,1100,belrise-industries,Small Cap,Mar-2026
133583,8200.0,1,United Spirits Ltd.,Alcohol,Alcohol,Domestic Equities,53700.0,53700.0,0.0,6.545,7.4149,-11.731783301190848,1.43419583029201,1100,united-spirits,Mid Cap,Mar-2026
171948,7104.0,1,Emami Ltd.,FMCG,Fast Moving Consumer Goods,Domestic Equities,158000.0,158000.0,0.0,6.215700000000001,7.3091,-14.959434130057042,1.36203682541575,1100,emami,Small Cap,Mar-2026
171639,5614.0,1,Havells India Ltd.,Capital Goods,Capital Goods,Domestic Equities,52000.0,52000.0,0.0,6.1911000000000005,7.2649,-14.780657682831148,1.35664626507576,1100,havells-india,Mid Cap,Mar-2026
153985,89725.0,1,Mrs. Bectors Food Specialities Ltd.,FMCG,Fast Moving Consumer Goods,Domestic Equities,336010.0,336010.0,0.0,6.0163,7.0098,-14.173014921966391,1.31834260867622,1100,mrs-bectors-food-specialities,Small Cap,Mar-2026
95355,98927.0,1,Devyani International Ltd.,FMCG,Fast Moving Consumer Goods,Domestic Equities,635000.0,635000.0,0.0,6.0065,8.0924,-25.77603677524592,1.31619514967899,1100,devyani-international,Small Cap,Mar-2026
95274,89247.0,1,Chalet Hotels Ltd.,Hospitality,Hospitality,Domestic Equities,82100.0,82100.0,0.0,5.7659,6.6345,-13.09216971889366,1.26347284001233,1100,chalet-hotels,Small Cap,Mar-2026
222979,112566.0,1,Vishal Mega Mart Ltd.,Retailing,Retailing,Domestic Equities,539718.0,404718.0,33.35655938208827,5.6832,4.7668,19.224637073088875,1.24535091561735,1100,vishal-mega-mart,Mid Cap,Mar-2026
84908,112552.0,1,Swiggy Ltd.,Retailing,Information Technology,Domestic Equities,218049.0,218049.0,0.0,5.6704,6.5796,-13.818469207854593,1.24254607121281,1100,swiggy,Mid Cap,Mar-2026
113922,5953.0,1,Hindustan Foods Ltd.,Diversified,Diversified,Domestic Equities,110639.0,110639.0,0.0,5.6354,5.3903,4.54705675008812,1.23487657479413,1100,hindustan-foods,Small Cap,Mar-2026
134131,90516.0,1,Polycab India Ltd.,Electricals,Electricals,Domestic Equities,7700.0,7700.0,0.0,5.269500000000001,6.6301,-20.521560760772832,1.15469746794863,1100,polycab-india,Large Cap,Mar-2026
133623,8531.0,1,Radico Khaitan Ltd.,Alcohol,Alcohol,Domestic Equities,20000.0,20000.0,0.0,5.2586,5.299,-0.762408001509712,1.15230896763538,1100,radico-khaitan,Mid Cap,Mar-2026
171799,4956.0,1,Dabur India Ltd.,FMCG,Fast Moving Consumer Goods,Domestic Equities,125600.0,125600.0,0.0,5.1553,6.5124,-20.838707696087468,1.12967299677684,1100,dabur-india,Mid Cap,Mar-2026
171402,5320.0,1,Godrej Consumer Products Ltd.,FMCG,Fast Moving Consumer Goods,Domestic Equities,50825.0,50825.0,0.0,5.005199999999999,6.1879,-19.1131078394932,1.09678181356418,1100,godrej-consumer-products,Large Cap,Mar-2026
96004,7992.0,1,Jubilant FoodWorks Ltd.,FMCG,Fast Moving Consumer Goods,Domestic Equities,115000.0,115000.0,0.0,4.9922,5.978899999999999,-16.50303567545869,1.09393314346582,1100,jubilant-foodworks,Mid Cap,Mar-2026
152616,7532.0,1,Vodafone Idea Ltd.,Telecom,Telecom,Domestic Equities,5580000.0,5580000.0,0.0,4.7597000000000005,5.909199999999999,-19.45271779597914,1.04298577439891,1100,vodafone-idea,Mid Cap,Mar-2026
174599,113181.0,1,Wakefit Innovations Ltd.,FMCG,Fast Moving Consumer Goods,Domestic Equities,293268.0,293268.0,0.0,4.458,5.4791,-18.63627238050044,0.976874715269946,1100,wakefit-innovations,Small Cap,Mar-2026
133909,100034.0,1,Metro Brands Ltd.,Retailing,Retailing,Domestic Equities,49035.0,49035.0,0.0,4.394,5.181,-15.190117737888448,0.962850493247227,1100,metro-brands,Small Cap,Mar-2026
152531,6528.0,1,Kewal Kiran Clothing Ltd.,Textile,Textile,Domestic Equities,91361.0,91361.0,0.0,3.8066,4.6325,-17.82838640043173,0.83413443049497,1100,kewal-kiran-clothing,Small Cap,Mar-2026
95549,7450.0,1,Aditya Birla Fashion and Retail Ltd.,Retailing,Retailing,Domestic Equities,658000.0,658000.0,0.0,3.5460000000000003,4.404,-19.482288828337865,0.777029551446215,1100,aditya-birla-fashion-and-retail,Small Cap,Mar-2026
234053,113617.0,1,Tata Motors Ltd.,Automobile & Ancillaries,Automobile & Ancillaries,Domestic Equities,80000.0,80000.0,0.0,3.1584,4.0424,-21.86819711062736,0.69209535682113,1100,tata-motors,Large Cap,Mar-2026
171440,6777.0,1,Greenply Industries Ltd.,Construction Materials,Construction Materials,Domestic Equities,162500.0,162500.0,0.0,2.93,3.588,-18.338907469342256,0.642046414477555,1100,greenply-industries,Small Cap,Mar-2026
152378,5539.0,1,Tata Motors Passenger Vehicles Ltd.,Automobile & Ancillaries,Automobile & Ancillaries,Domestic Equities,80000.0,80000.0,0.0,2.3696,3.0612,-22.59244740624592,0.519246820391131,1100,tata-motors-passenger-vehicles,Large Cap,Mar-2026
133593,6508.0,1,Bharti Airtel Ltd.,Telecom,Telecom,Domestic Equities,171525.0,188525.0,-9.017371701365867,32.2347,37.1149,-13.148897073681995,6.28020923704927,1100,bharti-airtel,Large Cap,Feb-2026
171656,5311.0,1,Mahindra & Mahindra Ltd.,Automobile & Ancillaries,Automobile & Ancillaries,Domestic Equities,94451.0,87951.0,7.390478789325875,32.0888,30.183000000000003,6.314150349534503,6.25178389021231,1100,mahindra-mahindra,Large Cap,Feb-2026
152408,5535.0,1,ITC Ltd.,FMCG,Fast Moving Consumer Goods,Domestic Equities,827000.0,827000.0,0.0,25.9347,26.6418,-2.6540999482017,5.05279535718036,1100,itc,Large Cap,Feb-2026
171461,6050.0,1,Titan Company Ltd.,Diamond  &  Jewellery,Diamond & Jewellery,Domestic Equities,52443.0,52443.0,0.0,22.6947,20.8587,8.802082584245419,4.42155393324778,1100,titan-company,Large Cap,Feb-2026
171717,5016.0,1,Hindustan Unilever Ltd.,FMCG,Fast Moving Consumer Goods,Domestic Equities,93682.0,93682.0,0.0,21.9038,22.2307,-1.4704890084432811,4.26746478442424,1100,hindustan-unilever,Large Cap,Feb-2026
156921,98676.0,1,Eternal Ltd.,Retailing,Information Technology,Domestic Equities,875226.0,875226.0,0.0,21.5568,23.9462,-9.978201134209188,4.19985960723146,1100,eternal,Large Cap,Feb-2026
707,8442.0,1,Bajaj Auto Ltd.,Automobile & Ancillaries,Automobile & Ancillaries,Domestic Equities,18470.0,18470.0,0.0,18.4192,17.7266,3.9071226292690073,3.58856852953674,1100,bajaj-auto,Large Cap,Feb-2026
133625,7239.0,1,Maruti Suzuki India Ltd.,Automobile & Ancillaries,Automobile & Ancillaries,Domestic Equities,11881.0,11881.0,0.0,17.651600000000002,17.3451,1.7670696623253883,3.43901886379271,1100,maruti-suzuki-india,Large Cap,Feb-2026
152401,5684.0,1,Tata Consumer Products Ltd.,Agri,Agriculture,Domestic Equities,118131.0,118131.0,0.0,13.478699999999998,13.3949,0.6256112400988347,2.62602277183954,1100,tata-consumer-products,Large Cap,Feb-2026
171619,82976.0,1,Avenue Supermarts Ltd.,Retailing,Retailing,Domestic Equities,33900.0,33900.0,0.0,13.043399999999998,12.5074,4.2854630059005,2.5412143175686,1100,avenue-supermarts,Large Cap,Feb-2026
171628,5788.0,1,Britannia Industries Ltd.,FMCG,Fast Moving Consumer Goods,Domestic Equities,21300.0,16500.0,29.09090909090909,12.7853,9.6698,32.21886698794184,2.49092931401397,1100,britannia-industries,Large Cap,Feb-2026
152205,8185.0,1,Trent Ltd.,Retailing,Retailing,Domestic Equities,30476.0,30476.0,0.0,11.8841,11.536700000000002,3.0112597189837653,2.31535068091272,1100,trent,Large Cap,Feb-2026
133507,6902.0,1,TVS Motor Company Ltd.,Automobile & Ancillaries,Automobile & Ancillaries,Domestic Equities,29400.0,29400.0,0.0,11.3769,10.8116,5.228643309038437,2.21653412220327,1100,tvs-motor-company,Large Cap,Feb-2026
38605,83193.0,1,Varun Beverages Ltd.,FMCG,Fast Moving Consumer Goods,Domestic Equities,232000.0,232000.0,0.0,10.4725,10.933,-4.212018659105456,2.04033204078209,1100,varun-beverages,Large Cap,Feb-2026
64699,82946.0,1,Aditya Vision Ltd.,Retailing,Retailing,Domestic Equities,214849.0,188849.0,13.76761327833348,10.3869,9.4425,10.001588562351078,2.02365479822387,1100,aditya-vision,Small Cap,Feb-2026
38803,5403.0,1,Indus Towers Ltd.,Telecom,Telecom,Domestic Equities,225700.0,266700.0,-15.373078365204348,10.2682,11.8495,-13.344866872019926,2.00052876210634,1100,indus-towers,Mid Cap,Feb-2026
152316,5915.0,1,Tata Power Company Ltd.,Power,Power,Domestic Equities,260000.0,260000.0,0.0,9.8163,9.5238,3.0712530712530715,1.91248616967575,1100,tata-power-company,Large Cap,Feb-2026
133317,6810.0,1,Blue Star Ltd.,Consumer Durables,Consumer Durables,Domestic Equities,48950.0,48950.0,0.0,9.5022,8.8937,6.841921809820437,1.85129082052228,1100,blue-star,Mid Cap,Feb-2026
211056,110999.0,1,DOMS Industries Ltd.,FMCG,Fast Moving Consumer Goods,Domestic Equities,38174.0,38174.0,0.0,8.9022,9.093,-2.0983173870009817,1.73439426053477,1100,doms-industries,Small Cap,Feb-2026
101370,86936.0,1,Tube Investments of India Ltd.,Automobile & Ancillaries,Automobile & Ancillaries,Domestic Equities,32000.0,,,8.8109,,,1.71660650065667,1100,tube-investments-of-india,Mid Cap,Feb-2026
133800,112656.0,1,LG Electronics India Ltd.,Consumer Durables,Consumer Durables,Domestic Equities,54042.0,54042.0,0.0,8.5873,7.904199999999999,8.642240833987003,1.67304304930132,1100,lg-electronics-india,Large Cap,Feb-2026
95355,98927.0,1,Devyani International Ltd.,FMCG,Fast Moving Consumer Goods,Domestic Equities,635000.0,635000.0,0.0,8.0924,7.3774,9.691761325128097,1.57662287007162,1100,devyani-international,Small Cap,Feb-2026
20865,87606.0,1,Aster DM Healthcare Ltd.,Healthcare,Healthcare,Domestic Equities,120000.0,,,7.8552,,,1.53040976335655,1100,aster-dm-healthcare,Small Cap,Feb-2026
171765,6852.0,1,Ceat Ltd.,Automobile & Ancillaries,Automobile & Ancillaries,Domestic Equities,21907.0,21907.0,0.0,7.7362,8.241,-6.1254702099259815,1.50722527895903,1100,ceat,Small Cap,Feb-2026
133583,8200.0,1,United Spirits Ltd.,Alcohol,Alcohol,Domestic Equities,53700.0,53700.0,0.0,7.4149,7.317200000000001,1.3352101896900428,1.44462717108571,1100,united-spirits,Mid Cap,Feb-2026
171948,7104.0,1,Emami Ltd.,FMCG,Fast Moving Consumer Goods,Domestic Equities,158000.0,158000.0,0.0,7.3091,7.644,-4.381214024071168,1.42401441100792,1100,emami,Small Cap,Feb-2026
152572,7512.0,1,Info Edge (India) Ltd.,IT,Information Technology,Domestic Equities,70800.0,70800.0,0.0,7.2896,8.8458,-17.59252978814805,1.42021527280832,1100,info-edge-india,Mid Cap,Feb-2026
171639,5614.0,1,Havells India Ltd.,Capital Goods,Capital Goods,Domestic Equities,52000.0,52000.0,0.0,7.2649,6.682,8.723436096976947,1.41540303108884,1100,havells-india,Mid Cap,Feb-2026
153985,89725.0,1,Mrs. Bectors Food Specialities Ltd.,FMCG,Fast Moving Consumer Goods,Domestic Equities,336010.0,336010.0,0.0,7.0098,7.4856,-6.35620391151009,1.36570251033414,1100,mrs-bectors-food-specialities,Small Cap,Feb-2026
153106,112629.0,1,Belrise Industries Ltd.,Automobile & Ancillaries,Automobile & Ancillaries,Domestic Equities,360958.0,360958.0,0.0,6.7763,6.167000000000001,9.880006486135876,1.320210265739,1100,belrise-industries,Small Cap,Feb-2026
95274,89247.0,1,Chalet Hotels Ltd.,Hospitality,Hospitality,Domestic Equities,82100.0,69536.0,18.068338702254945,6.6345,6.058,9.516342027071657,1.29258371206195,1100,chalet-hotels,Small Cap,Feb-2026
134131,90516.0,1,Polycab India Ltd.,Electricals,Electricals,Domestic Equities,7700.0,7700.0,0.0,6.6301,5.400399999999999,22.77053551588772,1.29172647062204,1100,polycab-india,Large Cap,Feb-2026
84908,112552.0,1,Swiggy Ltd.,Retailing,Information Technology,Domestic Equities,218049.0,218049.0,0.0,6.5796,6.754099999999999,-2.583615877763126,1.28188767682309,1100,swiggy,Mid Cap,Feb-2026
171799,4956.0,1,Dabur India Ltd.,FMCG,Fast Moving Consumer Goods,Domestic Equities,125600.0,125600.0,0.0,6.5124,6.3629,2.349557591664185,1.26879526210449,1100,dabur-india,Mid Cap,Feb-2026
171359,5112.0,1,Aditya Birla Real Estate Ltd.,Realty,Realty,Domestic Equities,49977.0,49977.0,0.0,6.448,6.3291,1.8786241329730904,1.25624836466583,1100,aditya-birla-real-estate,Small Cap,Feb-2026
171402,5320.0,1,Godrej Consumer Products Ltd.,FMCG,Fast Moving Consumer Goods,Domestic Equities,50825.0,77825.0,-34.69322197237392,6.1879,8.9818,-31.10623705716004,1.20557370591124,1100,godrej-consumer-products,Large Cap,Feb-2026
96004,7992.0,1,Jubilant FoodWorks Ltd.,FMCG,Fast Moving Consumer Goods,Domestic Equities,115000.0,115000.0,0.0,5.978899999999999,5.7161,4.59754028096079,1.16485473751559,1100,jubilant-foodworks,Mid Cap,Feb-2026
152616,7532.0,1,Vodafone Idea Ltd.,Telecom,Telecom,Domestic Equities,5580000.0,,,5.909199999999999,,,1.15127525379704,1100,vodafone-idea,Mid Cap,Feb-2026
174599,113181.0,1,Wakefit Innovations Ltd.,FMCG,Fast Moving Consumer Goods,Domestic Equities,293268.0,293268.0,0.0,5.4791,5.3448,2.512722646310423,1.06747990304599,1100,wakefit-innovations,Small Cap,Feb-2026
113922,5953.0,1,Hindustan Foods Ltd.,Diversified,Diversified,Domestic Equities,110639.0,110639.0,0.0,5.3903,5.1414,4.841093865484107,1.05017921216784,1100,hindustan-foods,Small Cap,Feb-2026
133623,8531.0,1,Radico Khaitan Ltd.,Alcohol,Alcohol,Domestic Equities,20000.0,20000.0,0.0,5.299,5.6562,-6.31519394646583,1.03239145228974,1100,radico-khaitan,Mid Cap,Feb-2026
133909,100034.0,1,Metro Brands Ltd.,Retailing,Retailing,Domestic Equities,49035.0,49035.0,0.0,5.181,5.1511000000000005,0.5804585428355126,1.0094017954922,1100,metro-brands,Small Cap,Feb-2026
222979,112566.0,1,Vishal Mega Mart Ltd.,Retailing,Retailing,Domestic Equities,404718.0,404718.0,0.0,4.7668,5.0974,-6.485659355749991,0.928704203580814,1100,vishal-mega-mart,Mid Cap,Feb-2026
152531,6528.0,1,Kewal Kiran Clothing Ltd.,Textile,Textile,Domestic Equities,91361.0,91361.0,0.0,4.6325,4.204,10.192673644148435,0.902538856903609,1100,kewal-kiran-clothing,Small Cap,Feb-2026
95549,7450.0,1,Aditya Birla Fashion and Retail Ltd.,Retailing,Retailing,Domestic Equities,658000.0,658000.0,0.0,4.404,4.369800000000001,0.7826445146230855,0.858020750308363,1100,aditya-birla-fashion-and-retail,Small Cap,Feb-2026
234053,113617.0,1,Tata Motors Ltd.,Automobile & Ancillaries,Automobile & Ancillaries,Domestic Equities,80000.0,80000.0,0.0,4.0424,3.668,10.2071973827699,0.787571090155887,1100,tata-motors,Large Cap,Feb-2026
171440,6777.0,1,Greenply Industries Ltd.,Construction Materials,Construction Materials,Domestic Equities,162500.0,162500.0,0.0,3.588,3.6579,-1.910932502255395,0.699041428725342,1100,greenply-industries,Small Cap,Feb-2026
152378,5539.0,1,Tata Motors Passenger Vehicles Ltd.,Automobile & Ancillaries,Automobile & Ancillaries,Domestic Equities,80000.0,80000.0,0.0,3.0612,2.8004,9.312955292101122,0.596406249056304,1100,tata-motors-passenger-vehicles,Large Cap,Feb-2026
133593,6508.0,1,Bharti Airtel Ltd.,Telecom,Telecom,Domestic Equities,188525.0,188525.0,0.0,37.1149,39.6958,-6.501695393467323,7.25049932173511,1100,bharti-airtel,Large Cap,Jan-2026
171656,5311.0,1,Mahindra & Mahindra Ltd.,Automobile & Ancillaries,Automobile & Ancillaries,Domestic Equities,87951.0,81446.0,7.986887017164747,30.183000000000003,30.21,-0.0893743793445818,5.89633330624441,1100,mahindra-mahindra,Large Cap,Jan-2026
152408,5535.0,1,ITC Ltd.,FMCG,Fast Moving Consumer Goods,Domestic Equities,827000.0,827000.0,0.0,26.6418,33.3281,-20.062049741809467,5.20455000093769,1100,itc,Large Cap,Jan-2026
156921,98676.0,1,Eternal Ltd.,Retailing,Information Technology,Domestic Equities,875226.0,875226.0,0.0,23.9462,24.335700000000003,-1.6005292635921824,4.67795701613458,1100,eternal,Large Cap,Jan-2026
171717,5016.0,1,Hindustan Unilever Ltd.,FMCG,Fast Moving Consumer Goods,Domestic Equities,93682.0,93682.0,0.0,22.2307,21.6958,2.465454143198233,4.3428293022936,1100,hindustan-unilever,Large Cap,Jan-2026
171461,6050.0,1,Titan Company Ltd.,Diamond  &  Jewellery,Diamond & Jewellery,Domestic Equities,52443.0,60143.0,-12.802819945795854,20.8587,24.3669,-14.39739975130198,4.07480527233742,1100,titan-company,Large Cap,Jan-2026
707,8442.0,1,Bajaj Auto Ltd.,Automobile & Ancillaries,Automobile & Ancillaries,Domestic Equities,18470.0,18470.0,0.0,17.7266,17.256500000000003,2.7241908845942104,3.46294079403877,1100,bajaj-auto,Large Cap,Jan-2026
133625,7239.0,1,Maruti Suzuki India Ltd.,Automobile & Ancillaries,Automobile & Ancillaries,Domestic Equities,11881.0,14681.0,-19.072270281315987,17.3451,24.5129,-29.24093028568631,3.38841370407647,1100,maruti-suzuki-india,Large Cap,Jan-2026
152401,5684.0,1,Tata Consumer Products Ltd.,Agri,Agriculture,Domestic Equities,118131.0,118131.0,0.0,13.3949,14.0812,-4.873874385705756,2.61673110704083,1100,tata-consumer-products,Large Cap,Jan-2026
171619,82976.0,1,Avenue Supermarts Ltd.,Retailing,Retailing,Domestic Equities,33900.0,28600.0,18.53146853146853,12.5074,10.8171,15.62618446718621,2.44335550457282,1100,avenue-supermarts,Large Cap,Jan-2026
38803,5403.0,1,Indus Towers Ltd.,Telecom,Telecom,Domestic Equities,266700.0,291588.0,-8.535330672044116,11.8495,12.2102,-2.954087566133228,2.31483290303625,1100,indus-towers,Mid Cap,Jan-2026
152205,8185.0,1,Trent Ltd.,Retailing,Retailing,Domestic Equities,30476.0,23976.0,27.110443777110444,11.536700000000002,10.2593,12.451141890772275,2.25372654985091,1100,trent,Large Cap,Jan-2026
38605,83193.0,1,Varun Beverages Ltd.,FMCG,Fast Moving Consumer Goods,Domestic Equities,232000.0,232000.0,0.0,10.933,11.3645,-3.7969114347309687,2.13579206961436,1100,varun-beverages,Large Cap,Jan-2026
133507,6902.0,1,TVS Motor Company Ltd.,Automobile & Ancillaries,Automobile & Ancillaries,Domestic Equities,29400.0,29400.0,0.0,10.8116,10.9362,-1.13933541815254,2.11207624072465,1100,tvs-motor-company,Large Cap,Jan-2026
171628,5788.0,1,Britannia Industries Ltd.,FMCG,Fast Moving Consumer Goods,Domestic Equities,16500.0,16500.0,0.0,9.6698,9.9512,-2.8277996623522776,1.88902242337482,1100,britannia-industries,Large Cap,Jan-2026
152316,5915.0,1,Tata Power Company Ltd.,Power,Power,Domestic Equities,260000.0,260000.0,0.0,9.5238,9.8696,-3.503688092729192,1.86050091581389,1100,tata-power-company,Large Cap,Jan-2026
64699,82946.0,1,Aditya Vision Ltd.,Retailing,Retailing,Domestic Equities,188849.0,166613.0,13.345897378956025,9.4425,8.131499999999999,16.122486626083752,1.84461873386386,1100,aditya-vision,Small Cap,Jan-2026
211056,110999.0,1,DOMS Industries Ltd.,FMCG,Fast Moving Consumer Goods,Domestic Equities,38174.0,38174.0,0.0,9.093,9.984,-8.924278846153848,1.77634293322998,1100,doms-industries,Small Cap,Jan-2026
171402,5320.0,1,Godrej Consumer Products Ltd.,FMCG,Fast Moving Consumer Goods,Domestic Equities,77825.0,77825.0,0.0,8.9818,9.5118,-5.572026325196072,1.75461970281371,1100,godrej-consumer-products,Large Cap,Jan-2026
133317,6810.0,1,Blue Star Ltd.,Consumer Durables,Consumer Durables,Domestic Equities,48950.0,48950.0,0.0,8.8937,8.4718,4.980051464859895,1.73740912188139,1100,blue-star,Mid Cap,Jan-2026
152572,7512.0,1,Info Edge (India) Ltd.,IT,Information Technology,Domestic Equities,70800.0,70800.0,0.0,8.8458,9.4419,-6.313347949035683,1.7280517231679,1100,info-edge-india,Mid Cap,Jan-2026
171765,6852.0,1,Ceat Ltd.,Automobile & Ancillaries,Automobile & Ancillaries,Domestic Equities,21907.0,19507.0,12.303275747167683,8.241,7.437200000000001,10.807830904103694,1.60990235486069,1100,ceat,Small Cap,Jan-2026
133800,112656.0,1,LG Electronics India Ltd.,Consumer Durables,Consumer Durables,Domestic Equities,54042.0,54042.0,0.0,7.904199999999999,8.2219,-3.864070348702866,1.54410753467903,1100,lg-electronics-india,Large Cap,Jan-2026
77009,96064.0,1,Max Healthcare Institute Ltd.,Healthcare,Healthcare,Domestic Equities,82150.0,82150.0,0.0,7.8601,8.5855,-8.449129345990329,1.53549247657329,1100,max-healthcare-institute,Large Cap,Jan-2026
171948,7104.0,1,Emami Ltd.,FMCG,Fast Moving Consumer Goods,Domestic Equities,158000.0,158000.0,0.0,7.644,8.3519,-8.475915659909731,1.49327673832728,1100,emami,Small Cap,Jan-2026
153985,89725.0,1,Mrs. Bectors Food Specialities Ltd.,FMCG,Fast Moving Consumer Goods,Domestic Equities,336010.0,336010.0,0.0,7.4856,7.7417,-3.308058953459837,1.46233285615158,1100,mrs-bectors-food-specialities,Small Cap,Jan-2026
95355,98927.0,1,Devyani International Ltd.,FMCG,Fast Moving Consumer Goods,Domestic Equities,635000.0,635000.0,0.0,7.3774,9.3948,-21.4735811299868,1.44119568410985,1100,devyani-international,Small Cap,Jan-2026
133583,8200.0,1,United Spirits Ltd.,Alcohol,Alcohol,Domestic Equities,53700.0,53700.0,0.0,7.317200000000001,7.7527,-5.617397809795292,1.42943544606075,1100,united-spirits,Mid Cap,Jan-2026
84908,112552.0,1,Swiggy Ltd.,Retailing,Information Technology,Domestic Equities,218049.0,218049.0,0.0,6.754099999999999,8.4221,-19.805036748554407,1.31943228915964,1100,swiggy,Mid Cap,Jan-2026
171639,5614.0,1,Havells India Ltd.,Capital Goods,Capital Goods,Domestic Equities,52000.0,52000.0,0.0,6.682,7.4095,-9.818476280450772,1.30534735289153,1100,havells-india,Mid Cap,Jan-2026
171799,4956.0,1,Dabur India Ltd.,FMCG,Fast Moving Consumer Goods,Domestic Equities,125600.0,125600.0,0.0,6.3629,6.3252,0.5960285840763899,1.24301027711966,1100,dabur-india,Mid Cap,Jan-2026
171359,5112.0,1,Aditya Birla Real Estate Ltd.,Realty,Realty,Domestic Equities,49977.0,49977.0,0.0,6.3291,8.3701,-24.38441595679861,1.23640735276651,1100,aditya-birla-real-estate,Small Cap,Jan-2026
153106,112629.0,1,Belrise Industries Ltd.,Automobile & Ancillaries,Automobile & Ancillaries,Domestic Equities,360958.0,449958.0,-19.779623876006205,6.167000000000001,8.339500000000001,-26.05072246537562,1.20474066526221,1100,belrise-industries,Small Cap,Jan-2026
95274,89247.0,1,Chalet Hotels Ltd.,Hospitality,Hospitality,Domestic Equities,69536.0,69536.0,0.0,6.058,6.0535000000000005,0.0743371603204644,1.18344721098727,1100,chalet-hotels,Small Cap,Jan-2026
96004,7992.0,1,Jubilant FoodWorks Ltd.,FMCG,Fast Moving Consumer Goods,Domestic Equities,115000.0,115000.0,0.0,5.7161,6.4239,-11.018228801818204,1.11665609156889,1100,jubilant-foodworks,Mid Cap,Jan-2026
133623,8531.0,1,Radico Khaitan Ltd.,Alcohol,Alcohol,Domestic Equities,20000.0,20000.0,0.0,5.6562,6.596799999999999,-14.258428328886726,1.10495445935724,1100,radico-khaitan,Mid Cap,Jan-2026
134131,90516.0,1,Polycab India Ltd.,Electricals,Electricals,Domestic Equities,7700.0,7700.0,0.0,5.400399999999999,5.8666,-7.946681212286505,1.05498321528815,1100,polycab-india,Large Cap,Jan-2026
174599,113181.0,1,Wakefit Innovations Ltd.,FMCG,Fast Moving Consumer Goods,Domestic Equities,293268.0,293268.0,0.0,5.3448,5.409,-1.1869107043815788,1.04412160008002,1100,wakefit-innovations,Small Cap,Jan-2026
133909,100034.0,1,Metro Brands Ltd.,Retailing,Retailing,Domestic Equities,49035.0,49035.0,0.0,5.1511000000000005,5.919,-12.973475249197492,1.0062817643639,1100,metro-brands,Small Cap,Jan-2026
113922,5953.0,1,Hindustan Foods Ltd.,Diversified,Diversified,Domestic Equities,110639.0,110639.0,0.0,5.1414,5.7422,-10.462888788269312,1.00438684228622,1100,hindustan-foods,Small Cap,Jan-2026
222979,112566.0,1,Vishal Mega Mart Ltd.,Retailing,Retailing,Domestic Equities,404718.0,404718.0,0.0,5.0974,5.5191,-7.640738526208976,0.995791319459639,1100,vishal-mega-mart,Mid Cap,Jan-2026
171658,4978.0,1,Asian Paints Ltd.,Chemicals,Chemicals,Domestic Equities,20265.0,36950.0,-45.155615696887686,4.9209,10.2333,-51.91287268036704,0.96131155175755,1100,asian-paints,Large Cap,Jan-2026
133275,8322.0,1,Amara Raja Energy & Mobility Ltd.,Automobile & Ancillaries,Automobile & Ancillaries,Domestic Equities,58000.0,58000.0,0.0,4.8685,5.275399999999999,-7.713159191720048,0.951075065482256,1100,amara-raja-energy-mobility,Small Cap,Jan-2026
133298,5393.0,1,Balrampur Chini Mills Ltd.,Agri,Agriculture,Domestic Equities,115000.0,115000.0,0.0,4.834,5.1106,-5.4122803584706345,0.944335394175049,1100,balrampur-chini-mills,Small Cap,Jan-2026
95549,7450.0,1,Aditya Birla Fashion and Retail Ltd.,Retailing,Retailing,Domestic Equities,658000.0,658000.0,0.0,4.369800000000001,5.052099999999999,-13.50527503414421,0.853652628354598,1100,aditya-birla-fashion-and-retail,Small Cap,Jan-2026
152531,6528.0,1,Kewal Kiran Clothing Ltd.,Textile,Textile,Domestic Equities,91361.0,91361.0,0.0,4.204,4.4708,-5.967612060481348,0.821263135521701,1100,kewal-kiran-clothing,Small Cap,Jan-2026
234053,113617.0,1,Tata Motors Ltd.,Automobile & Ancillaries,Automobile & Ancillaries,Domestic Equities,80000.0,80000.0,0.0,3.668,3.324,10.348977135980755,0.7165540392706,1100,tata-motors,Large Cap,Jan-2026
171440,6777.0,1,Greenply Industries Ltd.,Construction Materials,Construction Materials,Domestic Equities,162500.0,162500.0,0.0,3.6579,4.3615,-16.132064656654812,0.714580976076316,1100,greenply-industries,Small Cap,Jan-2026
152194,7698.0,1,Whirlpool Of India Ltd.,Consumer Durables,Consumer Durables,Domestic Equities,41500.0,41500.0,0.0,3.2277,3.7313,-13.49663656098411,0.630540205167316,1100,whirlpool-of-india,Small Cap,Jan-2026
152378,5539.0,1,Tata Motors Passenger Vehicles Ltd.,Automobile & Ancillaries,Automobile & Ancillaries,Domestic Equities,80000.0,80000.0,0.0,2.8004,2.9388,-4.709405199401108,0.547065957353704,1100,tata-motors-passenger-vehicles,Large Cap,Jan-2026
235418,,1,Kwality Wall's (India) Ltd.,Others,,Domestic Equities,93682.0,93682.0,0.0,0.3766,0.3766,0.0,0.0735698612838898,1100,,,Jan-2026
133593,6508.0,1,Bharti Airtel Ltd.,Telecom,Telecom,Domestic Equities,188525.0,211025.0,-10.662243809975122,39.6958,44.349,-10.492232068366812,7.09581906571245,1100,bharti-airtel,Large Cap,Dec-2025
152408,5535.0,1,ITC Ltd.,FMCG,Fast Moving Consumer Goods,Domestic Equities,827000.0,862000.0,-4.060324825986079,33.3281,34.8464,-4.357121539097294,5.95756143984933,1100,itc,Large Cap,Dec-2025
171656,5311.0,1,Mahindra & Mahindra Ltd.,Automobile & Ancillaries,Automobile & Ancillaries,Domestic Equities,81446.0,81446.0,0.0,30.21,30.6017,-1.279994248685533,5.4001857621001,1100,mahindra-mahindra,Large Cap,Dec-2025
133625,7239.0,1,Maruti Suzuki India Ltd.,Automobile & Ancillaries,Automobile & Ancillaries,Domestic Equities,14681.0,14681.0,0.0,24.5129,23.3428,5.012680569597467,4.38180117735132,1100,maruti-suzuki-india,Large Cap,Dec-2025
171461,6050.0,1,Titan Company Ltd.,Diamond  &  Jewellery,Diamond & Jewellery,Domestic Equities,60143.0,60143.0,0.0,24.3669,23.5021,3.679671178320236,4.35570296082479,1100,titan-company,Large Cap,Dec-2025
156921,98676.0,1,Eternal Ltd.,Retailing,Information Technology,Domestic Equities,875226.0,939406.0,-6.831976802362344,24.335700000000003,28.1916,-13.677478397820616,4.35012580770405,1100,eternal,Large Cap,Dec-2025
171717,5016.0,1,Hindustan Unilever Ltd.,FMCG,Fast Moving Consumer Goods,Domestic Equities,93682.0,93682.0,0.0,21.6958,23.1076,-6.109678201111334,3.87823072682461,1100,hindustan-unilever,Large Cap,Dec-2025
707,8442.0,1,Bajaj Auto Ltd.,Automobile & Ancillaries,Automobile & Ancillaries,Domestic Equities,18470.0,8600.0,114.76744186046513,17.256500000000003,7.8032,121.14645273733854,3.084684065001,1100,bajaj-auto,Large Cap,Dec-2025
152401,5684.0,1,Tata Consumer Products Ltd.,Agri,Agriculture,Domestic Equities,118131.0,118131.0,0.0,14.0812,13.8497,1.6715163505346586,2.51708360653042,1100,tata-consumer-products,Large Cap,Dec-2025
38803,5403.0,1,Indus Towers Ltd.,Telecom,Telecom,Domestic Equities,291588.0,291588.0,0.0,12.2102,11.6941,4.413336639844015,2.1826331741938,1100,indus-towers,Mid Cap,Dec-2025
38605,83193.0,1,Varun Beverages Ltd.,FMCG,Fast Moving Consumer Goods,Domestic Equities,232000.0,136000.0,70.58823529411765,11.3645,6.549099999999999,73.52766028920006,2.03146014873838,1100,varun-beverages,Large Cap,Dec-2025
133507,6902.0,1,TVS Motor Company Ltd.,Automobile & Ancillaries,Automobile & Ancillaries,Domestic Equities,29400.0,29400.0,0.0,10.9362,10.3826,5.331997765492257,1.95489942176362,1100,tvs-motor-company,Large Cap,Dec-2025
171619,82976.0,1,Avenue Supermarts Ltd.,Retailing,Retailing,Domestic Equities,28600.0,24600.0,16.260162601626014,10.8171,9.8314,10.026039017840802,1.93360971225465,1100,avenue-supermarts,Large Cap,Dec-2025
152205,8185.0,1,Trent Ltd.,Retailing,Retailing,Domestic Equities,23976.0,23976.0,0.0,10.2593,10.1908,0.6721749028535564,1.83390022473067,1100,trent,Large Cap,Dec-2025
171658,4978.0,1,Asian Paints Ltd.,Chemicals,Chemicals,Domestic Equities,36950.0,36950.0,0.0,10.2333,10.6209,-3.649408242239347,1.82925259713005,1100,asian-paints,Large Cap,Dec-2025
211056,110999.0,1,DOMS Industries Ltd.,FMCG,Fast Moving Consumer Goods,Domestic Equities,38174.0,38174.0,0.0,9.984,9.5817,4.198628635837067,1.78468899863646,1100,doms-industries,Small Cap,Dec-2025
171628,5788.0,1,Britannia Industries Ltd.,FMCG,Fast Moving Consumer Goods,Domestic Equities,16500.0,16500.0,0.0,9.9512,9.6459,3.165075316974048,1.77882583766337,1100,britannia-industries,Large Cap,Dec-2025
152316,5915.0,1,Tata Power Company Ltd.,Power,Power,Domestic Equities,260000.0,260000.0,0.0,9.8696,10.1426,-2.6916175339656454,1.76423943719375,1100,tata-power-company,Large Cap,Dec-2025
171402,5320.0,1,Godrej Consumer Products Ltd.,FMCG,Fast Moving Consumer Goods,Domestic Equities,77825.0,77825.0,0.0,9.5118,8.9156,6.687155098927724,1.70028093121297,1100,godrej-consumer-products,Large Cap,Dec-2025
152572,7512.0,1,Info Edge (India) Ltd.,IT,Information Technology,Domestic Equities,70800.0,70800.0,0.0,9.4419,9.4178,0.2558984051477077,1.68778596316362,1100,info-edge-india,Mid Cap,Dec-2025
95355,98927.0,1,Devyani International Ltd.,FMCG,Fast Moving Consumer Goods,Domestic Equities,635000.0,635000.0,0.0,9.3948,8.6131,9.075710255308785,1.6793666070102,1100,devyani-international,Small Cap,Dec-2025
77009,96064.0,1,Max Healthcare Institute Ltd.,Healthcare,Healthcare,Domestic Equities,82150.0,82150.0,0.0,8.5855,9.5524,-10.122063565177344,1.53470026019564,1100,max-healthcare-institute,Large Cap,Dec-2025
133317,6810.0,1,Blue Star Ltd.,Consumer Durables,Consumer Durables,Domestic Equities,48950.0,48950.0,0.0,8.4718,8.6416,-1.9649139048324409,1.51437582718834,1100,blue-star,Mid Cap,Dec-2025
84908,112552.0,1,Swiggy Ltd.,Retailing,Information Technology,Domestic Equities,218049.0,,,8.4221,,,1.50549170827485,1100,swiggy,Mid Cap,Dec-2025
171359,5112.0,1,Aditya Birla Real Estate Ltd.,Realty,Realty,Domestic Equities,49977.0,49977.0,0.0,8.3701,8.8639,-5.570911224178973,1.49619645307362,1100,aditya-birla-real-estate,Small Cap,Dec-2025
171948,7104.0,1,Emami Ltd.,FMCG,Fast Moving Consumer Goods,Domestic Equities,158000.0,158000.0,0.0,8.3519,8.3819,-0.3579140767606389,1.49294311375319,1100,emami,Small Cap,Dec-2025
153106,112629.0,1,Belrise Industries Ltd.,Automobile & Ancillaries,Automobile & Ancillaries,Domestic Equities,449958.0,449958.0,0.0,8.339500000000001,7.540800000000001,10.591714406959474,1.49072655289751,1100,belrise-industries,Small Cap,Dec-2025
133800,112656.0,1,LG Electronics India Ltd.,Consumer Durables,Consumer Durables,Domestic Equities,54042.0,44042.0,22.705599200762908,8.2219,7.3079,12.507012958579086,1.46970497575011,1100,lg-electronics-india,Large Cap,Dec-2025
64699,82946.0,1,Aditya Vision Ltd.,Retailing,Retailing,Domestic Equities,166613.0,166613.0,0.0,8.131499999999999,8.728,-6.834326306141153,1.45354553209258,1100,aditya-vision,Small Cap,Dec-2025
133583,8200.0,1,United Spirits Ltd.,Alcohol,Alcohol,Domestic Equities,53700.0,53700.0,0.0,7.7527,7.7951,-0.5439314441123282,1.38583317304977,1100,united-spirits,Mid Cap,Dec-2025
153985,89725.0,1,Mrs. Bectors Food Specialities Ltd.,FMCG,Fast Moving Consumer Goods,Domestic Equities,336010.0,67202.0,400.0,7.7417,8.7383,-11.404964352333986,1.38386686906489,1100,mrs-bectors-food-specialities,Small Cap,Dec-2025
171765,6852.0,1,Ceat Ltd.,Automobile & Ancillaries,Automobile & Ancillaries,Domestic Equities,19507.0,19507.0,0.0,7.437200000000001,7.5043,-0.8941540183627951,1.32943599966537,1100,ceat,Small Cap,Dec-2025
171639,5614.0,1,Havells India Ltd.,Capital Goods,Capital Goods,Domestic Equities,52000.0,52000.0,0.0,7.4095,7.4979,-1.1789967857666706,1.32448448872164,1100,havells-india,Mid Cap,Dec-2025
133623,8531.0,1,Radico Khaitan Ltd.,Alcohol,Alcohol,Domestic Equities,20000.0,20000.0,0.0,6.596799999999999,6.4162,2.814750163648257,1.17921037522085,1100,radico-khaitan,Mid Cap,Dec-2025
96004,7992.0,1,Jubilant FoodWorks Ltd.,FMCG,Fast Moving Consumer Goods,Domestic Equities,115000.0,115000.0,0.0,6.4239,6.9173,-7.13284084830787,1.14830365167676,1100,jubilant-foodworks,Mid Cap,Dec-2025
171799,4956.0,1,Dabur India Ltd.,FMCG,Fast Moving Consumer Goods,Domestic Equities,125600.0,125600.0,0.0,6.3252,6.4985,-2.6667692544433392,1.13066054228519,1100,dabur-india,Mid Cap,Dec-2025
95274,89247.0,1,Chalet Hotels Ltd.,Hospitality,Hospitality,Domestic Equities,69536.0,69536.0,0.0,6.0535000000000005,6.1637,-1.7878871457079324,1.08209283385875,1100,chalet-hotels,Small Cap,Dec-2025
133909,100034.0,1,Metro Brands Ltd.,Retailing,Retailing,Domestic Equities,49035.0,49035.0,0.0,5.919,5.74,3.1184668989547,1.05805029877095,1100,metro-brands,Small Cap,Dec-2025
134131,90516.0,1,Polycab India Ltd.,Electricals,Electricals,Domestic Equities,7700.0,7700.0,0.0,5.8666,5.751900000000001,1.9941236808706533,1.04868354160663,1100,polycab-india,Large Cap,Dec-2025
113922,5953.0,1,Hindustan Foods Ltd.,Diversified,Diversified,Domestic Equities,110639.0,110639.0,0.0,5.7422,5.9535,-3.5491727555219605,1.02644643108677,1100,hindustan-foods,Small Cap,Dec-2025
222979,112566.0,1,Vishal Mega Mart Ltd.,Retailing,Retailing,Domestic Equities,404718.0,404718.0,0.0,5.5191,5.4961,0.4184785575225986,0.986566211175328,1100,vishal-mega-mart,Mid Cap,Dec-2025
174599,113181.0,1,Wakefit Innovations Ltd.,FMCG,Fast Moving Consumer Goods,Domestic Equities,293268.0,,,5.409,,,0.966885295835797,1100,wakefit-innovations,Small Cap,Dec-2025
133275,8322.0,1,Amara Raja Energy & Mobility Ltd.,Automobile & Ancillaries,Automobile & Ancillaries,Domestic Equities,58000.0,58000.0,0.0,5.275399999999999,5.521,-4.448469480166647,0.943003640164941,1100,amara-raja-energy-mobility,Small Cap,Dec-2025
133298,5393.0,1,Balrampur Chini Mills Ltd.,Agri,Agriculture,Domestic Equities,115000.0,115000.0,0.0,5.1106,5.1474,-0.7149240393208235,0.913544831373345,1100,balrampur-chini-mills,Small Cap,Dec-2025
95549,7450.0,1,Aditya Birla Fashion and Retail Ltd.,Retailing,Retailing,Domestic Equities,658000.0,658000.0,0.0,5.052099999999999,5.1423000000000005,-1.754078914104591,0.90308766927196,1100,aditya-birla-fashion-and-retail,Small Cap,Dec-2025
152531,6528.0,1,Kewal Kiran Clothing Ltd.,Textile,Textile,Domestic Equities,91361.0,91361.0,0.0,4.4708,4.5808,-2.4013272790778903,0.799177441416654,1100,kewal-kiran-clothing,Small Cap,Dec-2025
171440,6777.0,1,Greenply Industries Ltd.,Construction Materials,Construction Materials,Domestic Equities,162500.0,162500.0,0.0,4.3615,4.5898,-4.974072944354883,0.779639530003296,1100,greenply-industries,Small Cap,Dec-2025
152194,7698.0,1,Whirlpool Of India Ltd.,Consumer Durables,Consumer Durables,Domestic Equities,41500.0,41500.0,0.0,3.7313,4.4492,-16.135485031016817,0.666988187160679,1100,whirlpool-of-india,Small Cap,Dec-2025
234053,113617.0,1,Tata Motors Ltd.,Automobile & Ancillaries,Automobile & Ancillaries,Domestic Equities,80000.0,80000.0,0.0,3.324,2.8160000000000003,18.03977272727271,0.594181313247955,1100,tata-motors,Large Cap,Dec-2025
152378,5539.0,1,Tata Motors Passenger Vehicles Ltd.,Automobile & Ancillaries,Automobile & Ancillaries,Domestic Equities,80000.0,80000.0,0.0,2.9388,2.8544,2.9568385650224207,0.525324922795755,1100,tata-motors-passenger-vehicles,Large Cap,Dec-2025
235418,,1,Kwality Wall's (India) Ltd.,Others,,Domestic Equities,93682.0,,,0.3766,,,0.0673190982458423,1100,,,Dec-2025
133593,6508.0,1,Bharti Airtel Ltd.,Telecom,Telecom,Domestic Equities,211025.0,211025.0,0.0,44.349,43.3551,2.2924638623829585,7.84610460871293,1100,bharti-airtel,Large Cap,Nov-2025
152408,5535.0,1,ITC Ltd.,FMCG,Fast Moving Consumer Goods,Domestic Equities,862000.0,862000.0,0.0,34.8464,36.2342,-3.830083181083071,6.164930429932,1100,itc,Large Cap,Nov-2025
171656,5311.0,1,Mahindra & Mahindra Ltd.,Automobile & Ancillaries,Automobile & Ancillaries,Domestic Equities,81446.0,81446.0,0.0,30.6017,28.4018,7.745635839981982,5.41396963639429,1100,mahindra-mahindra,Large Cap,Nov-2025
156921,98676.0,1,Eternal Ltd.,Retailing,Information Technology,Domestic Equities,939406.0,939406.0,0.0,28.1916,29.8496,-5.554513293310469,4.98758129128033,1100,eternal,Large Cap,Nov-2025
171461,6050.0,1,Titan Company Ltd.,Diamond  &  Jewellery,Diamond & Jewellery,Domestic Equities,60143.0,46143.0,30.340463342218754,23.5021,17.2884,35.94144050345898,4.15792769001403,1100,titan-company,Large Cap,Nov-2025
133625,7239.0,1,Maruti Suzuki India Ltd.,Automobile & Ancillaries,Automobile & Ancillaries,Domestic Equities,14681.0,14681.0,0.0,23.3428,23.7627,-1.767055090541049,4.12974476674252,1100,maruti-suzuki-india,Large Cap,Nov-2025
171717,5016.0,1,Hindustan Unilever Ltd.,FMCG,Fast Moving Consumer Goods,Domestic Equities,93682.0,93682.0,0.0,23.1076,23.0973,0.0445939568694263,4.08813382164863,1100,hindustan-unilever,Large Cap,Nov-2025
152401,5684.0,1,Tata Consumer Products Ltd.,Agri,Agriculture,Domestic Equities,118131.0,118131.0,0.0,13.8497,13.7623,0.635068266205504,2.45025130215544,1100,tata-consumer-products,Large Cap,Nov-2025
38803,5403.0,1,Indus Towers Ltd.,Telecom,Telecom,Domestic Equities,291588.0,291588.0,0.0,11.6941,10.6021,10.29984625687364,2.06888840570813,1100,indus-towers,Large Cap,Nov-2025
171658,4978.0,1,Asian Paints Ltd.,Chemicals,Chemicals,Domestic Equities,36950.0,36950.0,0.0,10.6209,9.2774,14.481427986289251,1.87902077698886,1100,asian-paints,Large Cap,Nov-2025
171383,5551.0,1,Hero MotoCorp Ltd.,Automobile & Ancillaries,Automobile & Ancillaries,Domestic Equities,17100.0,22900.0,-25.327510917030565,10.5584,12.695799999999998,-16.835488901841554,1.86796344676621,1100,hero-motocorp,Mid Cap,Nov-2025
133507,6902.0,1,TVS Motor Company Ltd.,Automobile & Ancillaries,Automobile & Ancillaries,Domestic Equities,29400.0,29400.0,0.0,10.3826,10.3156,0.6495017255419021,1.83686138831592,1100,tvs-motor-company,Large Cap,Nov-2025
152205,8185.0,1,Trent Ltd.,Retailing,Retailing,Domestic Equities,23976.0,23976.0,0.0,10.1908,11.2551,-9.456157652975092,1.80292865332864,1100,trent,Large Cap,Nov-2025
152316,5915.0,1,Tata Power Company Ltd.,Power,Power,Domestic Equities,260000.0,260000.0,0.0,10.1426,10.5274,-3.655223511978268,1.79440124026092,1100,tata-power-company,Large Cap,Nov-2025
171619,82976.0,1,Avenue Supermarts Ltd.,Retailing,Retailing,Domestic Equities,24600.0,24600.0,0.0,9.8314,10.2176,-3.7797525837770127,1.73934458161628,1100,avenue-supermarts,Large Cap,Nov-2025
171628,5788.0,1,Britannia Industries Ltd.,FMCG,Fast Moving Consumer Goods,Domestic Equities,16500.0,16500.0,0.0,9.6459,9.6302,0.1630288052169269,1.70652642551544,1100,britannia-industries,Large Cap,Nov-2025
211056,110999.0,1,DOMS Industries Ltd.,FMCG,Fast Moving Consumer Goods,Domestic Equities,38174.0,38174.0,0.0,9.5817,9.8187,-2.413761495921053,1.69516833591072,1100,doms-industries,Small Cap,Nov-2025
77009,96064.0,1,Max Healthcare Institute Ltd.,Healthcare,Healthcare,Domestic Equities,82150.0,82150.0,0.0,9.5524,9.4292,1.3065795613625812,1.68998465950234,1100,max-healthcare-institute,Large Cap,Nov-2025
152572,7512.0,1,Info Edge (India) Ltd.,IT,Information Technology,Domestic Equities,70800.0,70800.0,0.0,9.4178,9.7584,-3.4903262829972186,1.66617159313483,1100,info-edge-india,Large Cap,Nov-2025
171402,5320.0,1,Godrej Consumer Products Ltd.,FMCG,Fast Moving Consumer Goods,Domestic Equities,77825.0,77825.0,0.0,8.9156,8.705499999999999,2.413416805467807,1.57732373332975,1100,godrej-consumer-products,Large Cap,Nov-2025
171359,5112.0,1,Aditya Birla Real Estate Ltd.,Realty,Realty,Domestic Equities,49977.0,49977.0,0.0,8.8639,9.3792,-5.494071989082222,1.56817710976957,1100,aditya-birla-real-estate,Small Cap,Nov-2025
153985,89725.0,1,Mrs. Bectors Food Specialities Ltd.,FMCG,Fast Moving Consumer Goods,Domestic Equities,67202.0,67202.0,0.0,8.7383,9.0017,-2.9261139562526988,1.54595629895412,1100,mrs-bectors-food-specialities,Small Cap,Nov-2025
64699,82946.0,1,Aditya Vision Ltd.,Retailing,Retailing,Domestic Equities,166613.0,166613.0,0.0,8.728,9.5644,-8.744929112124137,1.54413405093342,1100,aditya-vision,Small Cap,Nov-2025
133317,6810.0,1,Blue Star Ltd.,Consumer Durables,Consumer Durables,Domestic Equities,48950.0,48950.0,0.0,8.6416,9.4836,-8.87848496351597,1.52884839763363,1100,blue-star,Mid Cap,Nov-2025
95355,98927.0,1,Devyani International Ltd.,FMCG,Fast Moving Consumer Goods,Domestic Equities,635000.0,635000.0,0.0,8.6131,10.2743,-16.168498097193982,1.52380625505209,1100,devyani-international,Small Cap,Nov-2025
171948,7104.0,1,Emami Ltd.,FMCG,Fast Moving Consumer Goods,Domestic Equities,158000.0,72000.0,119.44444444444444,8.3819,3.8477,117.84182758531072,1.48290297909245,1100,emami,Small Cap,Nov-2025
707,8442.0,1,Bajaj Auto Ltd.,Automobile & Ancillaries,Automobile & Ancillaries,Domestic Equities,8600.0,8600.0,0.0,7.8032,7.6476,2.034625241905965,1.38052094709483,1100,bajaj-auto,Large Cap,Nov-2025
133583,8200.0,1,United Spirits Ltd.,Alcohol,Alcohol,Domestic Equities,53700.0,53700.0,0.0,7.7951,7.686599999999999,1.4115473681471682,1.37908791709798,1100,united-spirits,Large Cap,Nov-2025
153106,112629.0,1,Belrise Industries Ltd.,Automobile & Ancillaries,Automobile & Ancillaries,Domestic Equities,449958.0,449958.0,0.0,7.540800000000001,6.775,11.303321033210338,1.33409785188803,1100,belrise-industries,Small Cap,Nov-2025
171765,6852.0,1,Ceat Ltd.,Automobile & Ancillaries,Automobile & Ancillaries,Domestic Equities,19507.0,19507.0,0.0,7.5043,7.8666,-4.605547504639873,1.327640371038,1100,ceat,Small Cap,Nov-2025
171639,5614.0,1,Havells India Ltd.,Capital Goods,Capital Goods,Domestic Equities,52000.0,52000.0,0.0,7.4979,7.7683,-3.480813047899808,1.3265081004232,1100,havells-india,Large Cap,Nov-2025
133800,112656.0,1,LG Electronics India Ltd.,Consumer Durables,Consumer Durables,Domestic Equities,44042.0,44042.0,0.0,7.3079,7.326799999999999,-0.2579570890429637,1.29289381654633,1100,lg-electronics-india,,Nov-2025
96004,7992.0,1,Jubilant FoodWorks Ltd.,FMCG,Fast Moving Consumer Goods,Domestic Equities,115000.0,,,6.9173,,,1.22378992558682,1100,jubilant-foodworks,Mid Cap,Nov-2025
38605,83193.0,1,Varun Beverages Ltd.,FMCG,Fast Moving Consumer Goods,Domestic Equities,136000.0,136000.0,0.0,6.549099999999999,6.3872,2.5347570140280467,1.15864898177911,1100,varun-beverages,Large Cap,Nov-2025
171799,4956.0,1,Dabur India Ltd.,FMCG,Fast Moving Consumer Goods,Domestic Equities,125600.0,125600.0,0.0,6.4985,6.1236,6.122215690116926,1.14969696723085,1100,dabur-india,Mid Cap,Nov-2025
133623,8531.0,1,Radico Khaitan Ltd.,Alcohol,Alcohol,Domestic Equities,20000.0,20000.0,0.0,6.4162,6.263,2.446112086859341,1.13513667479366,1100,radico-khaitan,Mid Cap,Nov-2025
95274,89247.0,1,Chalet Hotels Ltd.,Hospitality,Hospitality,Domestic Equities,69536.0,69536.0,0.0,6.1637,6.6042,-6.669997880136876,1.09046506069413,1100,chalet-hotels,Small Cap,Nov-2025
113922,5953.0,1,Hindustan Foods Ltd.,Diversified,Diversified,Domestic Equities,110639.0,110639.0,0.0,5.9535,5.799099999999999,2.6624821092928306,1.05327704768929,1100,hindustan-foods,Small Cap,Nov-2025
134131,90516.0,1,Polycab India Ltd.,Electricals,Electricals,Domestic Equities,7700.0,7700.0,0.0,5.751900000000001,5.9321,-3.037710085804349,1.01761052332309,1100,polycab-india,Mid Cap,Nov-2025
133909,100034.0,1,Metro Brands Ltd.,Retailing,Retailing,Domestic Equities,49035.0,49035.0,0.0,5.74,5.5351,3.7018301385702177,1.0155052076487,1100,metro-brands,Mid Cap,Nov-2025
133275,8322.0,1,Amara Raja Energy & Mobility Ltd.,Automobile & Ancillaries,Automobile & Ancillaries,Domestic Equities,58000.0,40000.0,45.0,5.521,4.019,37.37248071659618,0.976760322548515,1100,amara-raja-energy-mobility,Small Cap,Nov-2025
222979,112566.0,1,Vishal Mega Mart Ltd.,Retailing,Retailing,Domestic Equities,404718.0,404718.0,0.0,5.4961,5.8559,-6.144230605030827,0.972355082187809,1100,vishal-mega-mart,Mid Cap,Nov-2025
171321,7864.0,1,Page Industries Ltd.,Textile,Textile,Domestic Equities,1375.0,1375.0,0.0,5.269,5.665,-6.990291262135926,0.932177167090767,1100,page-industries,Mid Cap,Nov-2025
133298,5393.0,1,Balrampur Chini Mills Ltd.,Agri,Agriculture,Domestic Equities,115000.0,115000.0,0.0,5.1474,5.2779,-2.472574319331544,0.910664025409568,1100,balrampur-chini-mills,Small Cap,Nov-2025
95549,7450.0,1,Aditya Birla Fashion and Retail Ltd.,Retailing,Retailing,Domestic Equities,658000.0,658000.0,0.0,5.1423000000000005,5.3719,-4.274092965245078,0.909761747263399,1100,aditya-birla-fashion-and-retail,Small Cap,Nov-2025
171440,6777.0,1,Greenply Industries Ltd.,Construction Materials,Construction Materials,Domestic Equities,162500.0,162500.0,0.0,4.5898,4.9644,-7.54572556603013,0.812014948095123,1100,greenply-industries,Small Cap,Nov-2025
152531,6528.0,1,Kewal Kiran Clothing Ltd.,Textile,Textile,Domestic Equities,91361.0,91361.0,0.0,4.5808,4.7476,-3.513354115763756,0.81042269254306,1100,kewal-kiran-clothing,Small Cap,Nov-2025
152194,7698.0,1,Whirlpool Of India Ltd.,Consumer Durables,Consumer Durables,Domestic Equities,41500.0,41500.0,0.0,4.4492,5.8063,-23.37288806985516,0.787140378026236,1100,whirlpool-of-india,Small Cap,Nov-2025
152378,5539.0,1,Tata Motors Passenger Vehicles Ltd.,Automobile & Ancillaries,Automobile & Ancillaries,Domestic Equities,80000.0,80000.0,0.0,2.8544,3.28,-12.975609756097562,0.504992694200775,1100,tata-motors-passenger-vehicles,Large Cap,Nov-2025
234053,113617.0,1,Tata Motors Ltd.,Automobile & Ancillaries,Automobile & Ancillaries,Domestic Equities,80000.0,80000.0,0.0,2.8160000000000003,2.086,34.99520613614575,0.498199070511976,1100,tata-motors,,Nov-2025
57345,99844.0,1,AWL Agri Business Ltd.,FMCG,Fast Moving Consumer Goods,Domestic Equities,87010.0,145000.0,-39.99310344827586,2.2536,3.9853,-43.45218678644016,0.398700790236431,1100,awl-agri-business,Mid Cap,Nov-2025
133593,6508.0,1,Bharti Airtel Ltd.,Telecom,Telecom,Domestic Equities,211025.0,195825.0,7.762032426911783,43.3551,36.7838,17.864657811319116,7.69639338127673,1100,bharti-airtel,Large Cap,Oct-2025
152408,5535.0,1,ITC Ltd.,FMCG,Fast Moving Consumer Goods,Domestic Equities,862000.0,862000.0,0.0,36.2342,34.6136,4.681974715140868,6.43229186545198,1100,itc,Large Cap,Oct-2025
156921,98676.0,1,Eternal Ltd.,Retailing,Information Technology,Domestic Equities,939406.0,939406.0,0.0,29.8496,30.5777,-2.38114704506879,5.29889825819241,1100,eternal,Large Cap,Oct-2025
171656,5311.0,1,Mahindra & Mahindra Ltd.,Automobile & Ancillaries,Automobile & Ancillaries,Domestic Equities,81446.0,81446.0,0.0,28.4018,27.9115,1.7566236139225675,5.04188493479072,1100,mahindra-mahindra,Large Cap,Oct-2025
133625,7239.0,1,Maruti Suzuki India Ltd.,Automobile & Ancillaries,Automobile & Ancillaries,Domestic Equities,14681.0,14681.0,0.0,23.7627,23.5322,0.9795089281920172,4.21835232766767,1100,maruti-suzuki-india,Large Cap,Oct-2025
171717,5016.0,1,Hindustan Unilever Ltd.,FMCG,Fast Moving Consumer Goods,Domestic Equities,93682.0,93682.0,0.0,23.0973,23.5554,-1.944776993810334,4.10023058060904,1100,hindustan-unilever,Large Cap,Oct-2025
171461,6050.0,1,Titan Company Ltd.,Diamond  &  Jewellery,Diamond & Jewellery,Domestic Equities,46143.0,37950.0,21.58893280632411,17.2884,12.7778,35.30028643428446,3.06903518462337,1100,titan-company,Large Cap,Oct-2025
152401,5684.0,1,Tata Consumer Products Ltd.,Agri,Agriculture,Domestic Equities,118131.0,118131.0,0.0,13.7623,13.3405,3.1618005322139395,2.44308223556501,1100,tata-consumer-products,Large Cap,Oct-2025
171383,5551.0,1,Hero MotoCorp Ltd.,Automobile & Ancillaries,Automobile & Ancillaries,Domestic Equities,22900.0,22900.0,0.0,12.695799999999998,12.532,1.3070539419087042,2.25375725324156,1100,hero-motocorp,Mid Cap,Oct-2025
152205,8185.0,1,Trent Ltd.,Retailing,Retailing,Domestic Equities,23976.0,23976.0,0.0,11.2551,11.2148,0.35934657773656,1.99800432118961,1100,trent,Large Cap,Oct-2025
38803,5403.0,1,Indus Towers Ltd.,Telecom,Telecom,Domestic Equities,291588.0,191588.0,52.1953358247907,10.6021,6.5696,61.38121042377009,1.88208382099532,1100,indus-towers,Large Cap,Oct-2025
152316,5915.0,1,Tata Power Company Ltd.,Power,Power,Domestic Equities,260000.0,260000.0,0.0,10.5274,10.1049,4.181139843046442,1.86882308383679,1100,tata-power-company,Large Cap,Oct-2025
133507,6902.0,1,TVS Motor Company Ltd.,Automobile & Ancillaries,Automobile & Ancillaries,Domestic Equities,29400.0,29400.0,0.0,10.3156,10.1098,2.035648578606889,1.83122436723472,1100,tvs-motor-company,Large Cap,Oct-2025
95355,98927.0,1,Devyani International Ltd.,FMCG,Fast Moving Consumer Goods,Domestic Equities,635000.0,635000.0,0.0,10.2743,10.6699,-3.707626125830602,1.82389279501723,1100,devyani-international,Small Cap,Oct-2025
171619,82976.0,1,Avenue Supermarts Ltd.,Retailing,Retailing,Domestic Equities,24600.0,28550.0,-13.835376532399298,10.2176,12.7773,-20.03318384948307,1.81382741621016,1100,avenue-supermarts,Large Cap,Oct-2025
211056,110999.0,1,DOMS Industries Ltd.,FMCG,Fast Moving Consumer Goods,Domestic Equities,38174.0,38174.0,0.0,9.8187,9.4912,3.4505647336480108,1.74301472474384,1100,doms-industries,Small Cap,Oct-2025
152572,7512.0,1,Info Edge (India) Ltd.,IT,Information Technology,Domestic Equities,70800.0,70800.0,0.0,9.7584,9.2698,5.270879630628493,1.73231027426648,1100,info-edge-india,Large Cap,Oct-2025
171628,5788.0,1,Britannia Industries Ltd.,FMCG,Fast Moving Consumer Goods,Domestic Equities,16500.0,16500.0,0.0,9.6302,9.8852,-2.5796139683567354,1.70955222200782,1100,britannia-industries,Large Cap,Oct-2025
64699,82946.0,1,Aditya Vision Ltd.,Retailing,Retailing,Domestic Equities,166613.0,166613.0,0.0,9.5644,9.357,2.2165223896548047,1.69787141203418,1100,aditya-vision,Small Cap,Oct-2025
133317,6810.0,1,Blue Star Ltd.,Consumer Durables,Consumer Durables,Domestic Equities,48950.0,48950.0,0.0,9.4836,9.2075,2.998642411077927,1.68352780343434,1100,blue-star,Mid Cap,Oct-2025
77009,96064.0,1,Max Healthcare Institute Ltd.,Healthcare,Healthcare,Domestic Equities,82150.0,82150.0,0.0,9.4292,9.1573,2.969215816889251,1.67387072041662,1100,max-healthcare-institute,Large Cap,Oct-2025
171359,5112.0,1,Aditya Birla Real Estate Ltd.,Realty,Realty,Domestic Equities,49977.0,28277.0,76.74081408918909,9.3792,4.7771,96.3366896234117,1.66499472499592,1100,aditya-birla-real-estate,Small Cap,Oct-2025
171658,4978.0,1,Asian Paints Ltd.,Chemicals,Chemicals,Domestic Equities,36950.0,36950.0,0.0,9.2774,8.683300000000001,6.84186887473656,1.64692319831938,1100,asian-paints,Large Cap,Oct-2025
153985,89725.0,1,Mrs. Bectors Food Specialities Ltd.,FMCG,Fast Moving Consumer Goods,Domestic Equities,67202.0,53202.0,26.31480019548137,9.0017,6.6912,34.53042802486848,1.59798095956966,1100,mrs-bectors-food-specialities,Small Cap,Oct-2025
171402,5320.0,1,Godrej Consumer Products Ltd.,FMCG,Fast Moving Consumer Goods,Domestic Equities,77825.0,77825.0,0.0,8.705499999999999,9.0814,-4.139229634197374,1.54539956269746,1100,godrej-consumer-products,Large Cap,Oct-2025
171765,6852.0,1,Ceat Ltd.,Automobile & Ancillaries,Automobile & Ancillaries,Domestic Equities,19507.0,19507.0,0.0,7.8666,6.6,19.190909090909088,1.39647811152901,1100,ceat,Small Cap,Oct-2025
171639,5614.0,1,Havells India Ltd.,Capital Goods,Capital Goods,Domestic Equities,52000.0,52000.0,0.0,7.7683,7.8104,-0.5390248898903927,1.37902790453192,1100,havells-india,Large Cap,Oct-2025
133583,8200.0,1,United Spirits Ltd.,Alcohol,Alcohol,Domestic Equities,53700.0,53700.0,0.0,7.686599999999999,7.1115,8.08690149757435,1.36452452801451,1100,united-spirits,Large Cap,Oct-2025
707,8442.0,1,Bajaj Auto Ltd.,Automobile & Ancillaries,Automobile & Ancillaries,Domestic Equities,8600.0,8600.0,0.0,7.6476,7.4635,2.4666711328465154,1.35760125158636,1100,bajaj-auto,Large Cap,Oct-2025
133800,112656.0,1,LG Electronics India Ltd.,Consumer Durables,Consumer Durables,Domestic Equities,44042.0,,,7.326799999999999,,,1.30065286496717,1100,lg-electronics-india,,Oct-2025
153106,112629.0,1,Belrise Industries Ltd.,Automobile & Ancillaries,Automobile & Ancillaries,Domestic Equities,449958.0,449958.0,0.0,6.775,7.0855,-4.382188977489233,1.20269737950437,1100,belrise-industries,Small Cap,Oct-2025
95274,89247.0,1,Chalet Hotels Ltd.,Hospitality,Hospitality,Domestic Equities,69536.0,69536.0,0.0,6.6042,6.614299999999999,-0.1526994542128405,1.17237697914727,1100,chalet-hotels,Small Cap,Oct-2025
38605,83193.0,1,Varun Beverages Ltd.,FMCG,Fast Moving Consumer Goods,Domestic Equities,136000.0,136000.0,0.0,6.3872,6.034299999999999,5.848234260809055,1.13385515902145,1100,varun-beverages,Large Cap,Oct-2025
133623,8531.0,1,Radico Khaitan Ltd.,Alcohol,Alcohol,Domestic Equities,20000.0,20000.0,0.0,6.263,5.7758,8.435195124484904,1.11180718639644,1100,radico-khaitan,Mid Cap,Oct-2025
171799,4956.0,1,Dabur India Ltd.,FMCG,Fast Moving Consumer Goods,Domestic Equities,125600.0,125600.0,0.0,6.1236,6.1707,-0.7632845544265701,1.08706091116353,1100,dabur-india,Mid Cap,Oct-2025
134131,90516.0,1,Polycab India Ltd.,Electricals,Electricals,Domestic Equities,7700.0,7700.0,0.0,5.9321,5.6102,5.737763359595034,1.05306584870227,1100,polycab-india,Mid Cap,Oct-2025
222979,112566.0,1,Vishal Mega Mart Ltd.,Retailing,Retailing,Domestic Equities,404718.0,404718.0,0.0,5.8559,6.0307,-2.898502661382595,1.03953883168113,1100,vishal-mega-mart,Mid Cap,Oct-2025
152194,7698.0,1,Whirlpool Of India Ltd.,Consumer Durables,Consumer Durables,Domestic Equities,41500.0,41500.0,0.0,5.8063,4.9435,17.453221401840796,1.0307338442238,1100,whirlpool-of-india,Small Cap,Oct-2025
113922,5953.0,1,Hindustan Foods Ltd.,FMCG,Fast Moving Consumer Goods,Domestic Equities,110639.0,110639.0,0.0,5.799099999999999,5.7621,0.6421270023081743,1.02945570088321,1100,hindustan-foods,Small Cap,Oct-2025
171321,7864.0,1,Page Industries Ltd.,Textile,Textile,Domestic Equities,1375.0,1375.0,0.0,5.665,5.5942,1.2655965106717746,1.00565028116491,1100,page-industries,Mid Cap,Oct-2025
133909,100034.0,1,Metro Brands Ltd.,Retailing,Retailing,Domestic Equities,49035.0,49035.0,0.0,5.5351,6.327000000000001,-12.516200410937262,0.982590445061938,1100,metro-brands,Mid Cap,Oct-2025
151986,6639.0,1,Safari Industries (India) Ltd.,FMCG,Fast Moving Consumer Goods,Domestic Equities,25824.0,25824.0,0.0,5.512899999999999,5.6511000000000005,-2.4455415759763675,0.978649503095148,1100,safari-industries-india,Small Cap,Oct-2025
95549,7450.0,1,Aditya Birla Fashion and Retail Ltd.,Retailing,Retailing,Domestic Equities,658000.0,658000.0,0.0,5.3719,5.5594,-3.372666115048386,0.953619196008785,1100,aditya-birla-fashion-and-retail,Small Cap,Oct-2025
133298,5393.0,1,Balrampur Chini Mills Ltd.,Agri,Agriculture,Domestic Equities,115000.0,115000.0,0.0,5.2779,5.24,0.7232824427480846,0.936932324617875,1100,balrampur-chini-mills,Small Cap,Oct-2025
171440,6777.0,1,Greenply Industries Ltd.,Construction Materials,Construction Materials,Domestic Equities,162500.0,162500.0,0.0,4.9644,4.901,1.293613548255453,0.881279833330108,1100,greenply-industries,Small Cap,Oct-2025
152531,6528.0,1,Kewal Kiran Clothing Ltd.,Textile,Textile,Domestic Equities,91361.0,91361.0,0.0,4.7476,4.8143,-1.3854558295079276,0.842793517185969,1100,kewal-kiran-clothing,Small Cap,Oct-2025
133275,8322.0,1,Amara Raja Energy & Mobility Ltd.,Automobile & Ancillaries,Automobile & Ancillaries,Domestic Equities,40000.0,40000.0,0.0,4.019,3.9574,1.5565775509172608,0.71345251191558,1100,amara-raja-energy-mobility,Small Cap,Oct-2025
57345,99844.0,1,AWL Agri Business Ltd.,FMCG,Fast Moving Consumer Goods,Domestic Equities,145000.0,145000.0,0.0,3.9853,3.7925,5.083717864205662,0.707470091002031,1100,awl-agri-business,Mid Cap,Oct-2025
171948,7104.0,1,Emami Ltd.,FMCG,Fast Moving Consumer Goods,Domestic Equities,72000.0,72000.0,0.0,3.8477,3.8754,-0.7147649274913657,0.683043351604274,1100,emami,Small Cap,Oct-2025
152378,5539.0,1,Tata Motors Passenger Vehicles Ltd.,Automobile & Ancillaries,Automobile & Ancillaries,Domestic Equities,80000.0,80000.0,0.0,3.28,5.441599999999999,-39.72361070273448,0.582265299597687,1100,tata-motors-passenger-vehicles,Large Cap,Oct-2025
175396,92940.0,1,Restaurant Brands Asia Ltd.,Hospitality,Hospitality,Domestic Equities,454000.0,454000.0,0.0,3.0522000000000005,3.4944,-12.654532967032958,0.541826264460994,1100,restaurant-brands-asia,Small Cap,Oct-2025
234053,113617.0,1,Tata Motors Ltd.,Others,Other,Domestic Equities,80000.0,,,2.086,,,0.370306528951456,1100,tata-motors,,Oct-2025
133593,6508.0,1,Bharti Airtel Ltd.,Telecom,Telecom,Domestic Equities,195825.0,195825.0,0.0,36.7838,36.9874,-0.5504577234409468,6.80622236876848,1100,bharti-airtel,Large Cap,Sep-2025
152408,5535.0,1,ITC Ltd.,FMCG,Fast Moving Consumer Goods,Domestic Equities,862000.0,862000.0,0.0,34.6136,35.3205,-2.001387296329329,6.40466342747635,1100,itc,Large Cap,Sep-2025
156921,98676.0,1,Eternal Ltd.,Retailing,Information Technology,Domestic Equities,939406.0,939406.0,0.0,30.5777,29.4927,3.678876467736084,5.65788813894953,1100,eternal,Large Cap,Sep-2025
171656,5311.0,1,Mahindra & Mahindra Ltd.,Automobile & Ancillaries,Automobile & Ancillaries,Domestic Equities,81446.0,74646.0,9.109664282078077,27.9115,23.883000000000003,16.867646443076662,5.1645527554489,1100,mahindra-mahindra,Large Cap,Sep-2025
171717,5016.0,1,Hindustan Unilever Ltd.,FMCG,Fast Moving Consumer Goods,Domestic Equities,93682.0,93682.0,0.0,23.5554,24.9175,-5.466439249523429,4.35852985241571,1100,hindustan-unilever,Large Cap,Sep-2025
133625,7239.0,1,Maruti Suzuki India Ltd.,Automobile & Ancillaries,Automobile & Ancillaries,Domestic Equities,14681.0,16381.0,-10.37787680849765,23.5322,24.2291,-2.8762933827504966,4.35423708334467,1100,maruti-suzuki-india,Large Cap,Sep-2025
152401,5684.0,1,Tata Consumer Products Ltd.,Agri,Agriculture,Domestic Equities,118131.0,118131.0,0.0,13.3405,12.5857,5.997282630286756,2.46843473242449,1100,tata-consumer-products,Large Cap,Sep-2025
171461,6050.0,1,Titan Company Ltd.,Diamond  &  Jewellery,Diamond & Jewellery,Domestic Equities,37950.0,37950.0,0.0,12.7778,13.771300000000002,-7.214278971484182,2.36431657913674,1100,titan-company,Large Cap,Sep-2025
171619,82976.0,1,Avenue Supermarts Ltd.,Retailing,Retailing,Domestic Equities,28550.0,28550.0,0.0,12.7773,13.5772,-5.891494564416817,2.36422406256193,1100,avenue-supermarts,Large Cap,Sep-2025
171383,5551.0,1,Hero MotoCorp Ltd.,Automobile & Ancillaries,Automobile & Ancillaries,Domestic Equities,22900.0,22900.0,0.0,12.532,11.650799999999998,7.563429120747084,2.31883543096163,1100,hero-motocorp,Mid Cap,Sep-2025
152205,8185.0,1,Trent Ltd.,Retailing,Retailing,Domestic Equities,23976.0,23976.0,0.0,11.2148,12.7025,-11.71186774257036,2.07510976629018,1100,trent,Large Cap,Sep-2025
95355,98927.0,1,Devyani International Ltd.,FMCG,Fast Moving Consumer Goods,Domestic Equities,635000.0,635000.0,0.0,10.6699,11.063,-3.553285727198765,1.97428520306556,1100,devyani-international,Small Cap,Sep-2025
133507,6902.0,1,TVS Motor Company Ltd.,Automobile & Ancillaries,Automobile & Ancillaries,Domestic Equities,29400.0,29400.0,0.0,10.1098,9.6332,4.947473321430051,1.8706481359668,1100,tvs-motor-company,Large Cap,Sep-2025
152316,5915.0,1,Tata Power Company Ltd.,Power,Power,Domestic Equities,260000.0,260000.0,0.0,10.1049,9.7279,3.875451022317257,1.86974147353369,1100,tata-power-company,Large Cap,Sep-2025
171628,5788.0,1,Britannia Industries Ltd.,FMCG,Fast Moving Consumer Goods,Domestic Equities,16500.0,16500.0,0.0,9.8852,9.6096,2.867965367965362,1.82908969056351,1100,britannia-industries,Large Cap,Sep-2025
211056,110999.0,1,DOMS Industries Ltd.,FMCG,Fast Moving Consumer Goods,Domestic Equities,38174.0,38174.0,0.0,9.4912,9.2828,2.245012280777355,1.75618662961563,1100,doms-industries,Small Cap,Sep-2025
64699,82946.0,1,Aditya Vision Ltd.,Retailing,Retailing,Domestic Equities,166613.0,166613.0,0.0,9.357,8.383099999999999,11.61742076320217,1.73135518093744,1100,aditya-vision,Small Cap,Sep-2025
152572,7512.0,1,Info Edge (India) Ltd.,IT,Information Technology,Domestic Equities,70800.0,45300.0,56.29139072847682,9.2698,6.152200000000001,50.67455544358116,1.71522029029111,1100,info-edge-india,Large Cap,Sep-2025
133317,6810.0,1,Blue Star Ltd.,Consumer Durables,Consumer Durables,Domestic Equities,48950.0,48950.0,0.0,9.2075,9.2109,-0.036912788109743,1.70369272507016,1100,blue-star,Mid Cap,Sep-2025
77009,96064.0,1,Max Healthcare Institute Ltd.,Healthcare,Healthcare,Domestic Equities,82150.0,82150.0,0.0,9.1573,9.4826,-3.4304937464408463,1.69440406095954,1100,max-healthcare-institute,Large Cap,Sep-2025
171402,5320.0,1,Godrej Consumer Products Ltd.,FMCG,Fast Moving Consumer Goods,Domestic Equities,77825.0,77825.0,0.0,9.0814,9.6705,-6.091722248074037,1.68036004490384,1100,godrej-consumer-products,Large Cap,Sep-2025
171658,4978.0,1,Asian Paints Ltd.,Chemicals,Chemicals,Domestic Equities,36950.0,36950.0,0.0,8.683300000000001,9.3062,-6.693387204229434,1.60669834804254,1100,asian-paints,Large Cap,Sep-2025
171639,5614.0,1,Havells India Ltd.,Capital Goods,Capital Goods,Domestic Equities,52000.0,52000.0,0.0,7.8104,7.9331,-1.5466841461723642,1.44518291174455,1100,havells-india,Large Cap,Sep-2025
707,8442.0,1,Bajaj Auto Ltd.,Automobile & Ancillaries,Automobile & Ancillaries,Domestic Equities,8600.0,8600.0,0.0,7.4635,7.4231,0.544247012703598,1.38099491214349,1100,bajaj-auto,Large Cap,Sep-2025
133583,8200.0,1,United Spirits Ltd.,Alcohol,Alcohol,Domestic Equities,53700.0,37700.0,42.44031830238727,7.1115,4.9425,43.88467374810318,1.31586324347939,1100,united-spirits,Large Cap,Sep-2025
153106,112629.0,1,Belrise Industries Ltd.,Automobile & Ancillaries,Automobile & Ancillaries,Domestic Equities,449958.0,449958.0,0.0,7.0855,6.2805,12.817450839901282,1.31105238158942,1100,belrise-industries,Small Cap,Sep-2025
153985,89725.0,1,Mrs. Bectors Food Specialities Ltd.,FMCG,Fast Moving Consumer Goods,Domestic Equities,53202.0,53202.0,0.0,6.6912,7.3413,-8.855379837358505,1.23809381069666,1100,mrs-bectors-food-specialities,Small Cap,Sep-2025
95274,89247.0,1,Chalet Hotels Ltd.,Hospitality,Hospitality,Domestic Equities,69536.0,69536.0,0.0,6.614299999999999,7.0252,-5.848943802311682,1.22386476149134,1100,chalet-hotels,Small Cap,Sep-2025
171765,6852.0,1,Ceat Ltd.,Automobile & Ancillaries,Automobile & Ancillaries,Domestic Equities,19507.0,19507.0,0.0,6.6,6.11,8.01963993453355,1.22121878745187,1100,ceat,Small Cap,Sep-2025
38803,5403.0,1,Indus Towers Ltd.,Telecom,Telecom,Domestic Equities,191588.0,191588.0,0.0,6.5696,6.4872000000000005,1.2701936120360109,1.2155937797036,1100,indus-towers,Large Cap,Sep-2025
133909,100034.0,1,Metro Brands Ltd.,Retailing,Retailing,Domestic Equities,49035.0,49035.0,0.0,6.327000000000001,5.5939,13.105346895725711,1.17070473760727,1100,metro-brands,Mid Cap,Sep-2025
171799,4956.0,1,Dabur India Ltd.,FMCG,Fast Moving Consumer Goods,Domestic Equities,125600.0,125600.0,0.0,6.1707,6.545,-5.718869365928182,1.14178405632261,1100,dabur-india,Mid Cap,Sep-2025
38605,83193.0,1,Varun Beverages Ltd.,FMCG,Fast Moving Consumer Goods,Domestic Equities,136000.0,136000.0,0.0,6.034299999999999,6.6252,-8.91897603091228,1.11654553471527,1100,varun-beverages,Large Cap,Sep-2025
222979,112566.0,1,Vishal Mega Mart Ltd.,Retailing,Retailing,Domestic Equities,404718.0,404718.0,0.0,6.0307,6.046900000000001,-0.2679058691230224,1.11587941537666,1100,vishal-mega-mart,Mid Cap,Sep-2025
133623,8531.0,1,Radico Khaitan Ltd.,Alcohol,Alcohol,Domestic Equities,20000.0,20000.0,0.0,5.7758,5.705,1.241016652059604,1.06871446554007,1100,radico-khaitan,Mid Cap,Sep-2025
113922,5953.0,1,Hindustan Foods Ltd.,FMCG,Fast Moving Consumer Goods,Domestic Equities,110639.0,110639.0,0.0,5.7621,5.8058000000000005,-0.752695580281788,1.06617951139036,1100,hindustan-foods,Small Cap,Sep-2025
151986,6639.0,1,Safari Industries (India) Ltd.,FMCG,Fast Moving Consumer Goods,Domestic Equities,25824.0,25824.0,0.0,5.6511000000000005,5.534299999999999,2.110474676110812,1.04564083178322,1100,safari-industries-india,Small Cap,Sep-2025
134131,90516.0,1,Polycab India Ltd.,Electricals,Electricals,Domestic Equities,7700.0,7700.0,0.0,5.6102,5.4601,2.7490339004780115,1.03807297596401,1100,polycab-india,Mid Cap,Sep-2025
171321,7864.0,1,Page Industries Ltd.,Textile,Textile,Domestic Equities,1375.0,1375.0,0.0,5.5942,6.0961,-8.233132658585006,1.03511244557019,1100,page-industries,Mid Cap,Sep-2025
95549,7450.0,1,Aditya Birla Fashion and Retail Ltd.,Retailing,Retailing,Domestic Equities,658000.0,658000.0,0.0,5.5594,5.0896,9.230587865451133,1.02867329196362,1100,aditya-birla-fashion-and-retail,Small Cap,Sep-2025
152378,5539.0,1,Tata Motors Ltd.,Automobile & Ancillaries,Automobile & Ancillaries,Domestic Equities,80000.0,80000.0,0.0,5.441599999999999,5.352,1.6741405082212109,1.0068763869391,1100,tata-motors,Large Cap,Sep-2025
133298,5393.0,1,Balrampur Chini Mills Ltd.,Agri,Agriculture,Domestic Equities,115000.0,115000.0,0.0,5.24,6.1663,-15.021974279551756,0.969573703976936,1100,balrampur-chini-mills,Small Cap,Sep-2025
152194,7698.0,1,Whirlpool Of India Ltd.,Consumer Durables,Consumer Durables,Domestic Equities,41500.0,41500.0,0.0,4.9435,5.3975,-8.411301528485406,0.914711375116409,1100,whirlpool-of-india,Small Cap,Sep-2025
171440,6777.0,1,Greenply Industries Ltd.,Construction Materials,Construction Materials,Domestic Equities,162500.0,162500.0,0.0,4.901,5.0156,-2.284871201850223,0.906847466257817,1100,greenply-industries,Small Cap,Sep-2025
84751,89823.0,1,Senco Gold Ltd.,Diamond  &  Jewellery,Diamond & Jewellery,Domestic Equities,140350.0,140350.0,0.0,4.8203,5.1838,-7.012230410123851,0.891915291083974,1100,senco-gold,Small Cap,Sep-2025
152531,6528.0,1,Kewal Kiran Clothing Ltd.,Textile,Textile,Domestic Equities,91361.0,91361.0,0.0,4.8143,4.5923,4.834178951723535,0.890805092186291,1100,kewal-kiran-clothing,Small Cap,Sep-2025
171359,5112.0,1,Aditya Birla Real Estate Ltd.,Realty,Realty,Domestic Equities,28277.0,28277.0,0.0,4.7771,4.949,-3.473428975550616,0.883921859020653,1100,aditya-birla-real-estate,Small Cap,Sep-2025
133275,8322.0,1,Amara Raja Energy & Mobility Ltd.,Automobile & Ancillaries,Automobile & Ancillaries,Domestic Equities,40000.0,40000.0,0.0,3.9574,3.961,-0.0908861398636742,0.732250186282123,1100,amara-raja-energy-mobility,Small Cap,Sep-2025
171948,7104.0,1,Emami Ltd.,FMCG,Fast Moving Consumer Goods,Domestic Equities,72000.0,72000.0,0.0,3.8754,4.1299,-6.16237681299789,0.717077468013782,1100,emami,Small Cap,Sep-2025
57345,99844.0,1,AWL Agri Business Ltd.,FMCG,Fast Moving Consumer Goods,Domestic Equities,145000.0,145000.0,0.0,3.7925,3.6468,3.9952835362509576,0.701738219910788,1100,awl-agri-business,Mid Cap,Sep-2025
175396,92940.0,1,Restaurant Brands Asia Ltd.,Hospitality,Hospitality,Domestic Equities,454000.0,454000.0,0.0,3.4944,3.6279,-3.679814768874561,0.646579838010879,1100,restaurant-brands-asia,Small Cap,Sep-2025
133593,6508.0,1,Bharti Airtel Ltd.,Telecom,Telecom,Domestic Equities,195825.0,162825.0,20.26715799170889,36.9874,31.1696,18.66498126379549,6.98864958990994,1100,bharti-airtel,Large Cap,Aug-2025
152408,5535.0,1,ITC Ltd.,FMCG,Fast Moving Consumer Goods,Domestic Equities,862000.0,732000.0,17.759562841530055,35.3205,30.1547,17.13099450500255,6.67369422669379,1100,itc,Large Cap,Aug-2025
156921,98676.0,1,Eternal Ltd.,Retailing,Information Technology,Domestic Equities,939406.0,939406.0,0.0,29.4927,28.9149,1.998277704574465,5.57255026739746,1100,eternal,Large Cap,Aug-2025
171717,5016.0,1,Hindustan Unilever Ltd.,FMCG,Fast Moving Consumer Goods,Domestic Equities,93682.0,93682.0,0.0,24.9175,23.6191,5.4972458730434335,4.70808102641929,1100,hindustan-unilever,Large Cap,Aug-2025
133625,7239.0,1,Maruti Suzuki India Ltd.,Automobile & Ancillaries,Automobile & Ancillaries,Domestic Equities,16381.0,16381.0,0.0,24.2291,20.6532,17.314023976913973,4.57801007312996,1100,maruti-suzuki-india,Large Cap,Aug-2025
171656,5311.0,1,Mahindra & Mahindra Ltd.,Automobile & Ancillaries,Automobile & Ancillaries,Domestic Equities,74646.0,74646.0,0.0,23.883000000000003,23.9099,-0.1125056984763466,4.51261559763106,1100,mahindra-mahindra,Large Cap,Aug-2025
171461,6050.0,1,Titan Company Ltd.,Diamond  &  Jewellery,Diamond & Jewellery,Domestic Equities,37950.0,37950.0,0.0,13.771300000000002,12.703,8.409824450917117,2.60204259011249,1100,titan-company,Large Cap,Aug-2025
171619,82976.0,1,Avenue Supermarts Ltd.,Retailing,Retailing,Domestic Equities,28550.0,30250.0,-5.619834710743802,13.5772,12.9089,5.177048392969185,2.56536802295174,1100,avenue-supermarts,Large Cap,Aug-2025
152205,8185.0,1,Trent Ltd.,Retailing,Retailing,Domestic Equities,23976.0,27976.0,-14.29796968830426,12.7025,14.0384,-9.516041714155454,2.40009628727164,1100,trent,Large Cap,Aug-2025
152401,5684.0,1,Tata Consumer Products Ltd.,Agri,Agriculture,Domestic Equities,118131.0,68131.0,73.38803187976104,12.5857,7.3118,72.12861402117126,2.37802730507496,1100,tata-consumer-products,Large Cap,Aug-2025
171383,5551.0,1,Hero MotoCorp Ltd.,Automobile & Ancillaries,Automobile & Ancillaries,Domestic Equities,22900.0,22900.0,0.0,11.650799999999998,9.757,19.409654606948845,2.20138097411883,1100,hero-motocorp,Mid Cap,Aug-2025
95355,98927.0,1,Devyani International Ltd.,FMCG,Fast Moving Consumer Goods,Domestic Equities,635000.0,420000.0,51.19047619047619,11.063,6.8502,61.498934337683565,2.09031806542697,1100,devyani-international,Small Cap,Aug-2025
152316,5915.0,1,Tata Power Company Ltd.,Power,Power,Domestic Equities,260000.0,260000.0,0.0,9.7279,10.341500000000002,-5.9333752357008285,1.83805523896475,1100,tata-power-company,Large Cap,Aug-2025
171402,5320.0,1,Godrej Consumer Products Ltd.,FMCG,Fast Moving Consumer Goods,Domestic Equities,77825.0,77825.0,0.0,9.6705,9.7982,-1.3033006062338075,1.8272096946318,1100,godrej-consumer-products,Large Cap,Aug-2025
133507,6902.0,1,TVS Motor Company Ltd.,Automobile & Ancillaries,Automobile & Ancillaries,Domestic Equities,29400.0,29400.0,0.0,9.6332,8.2373,16.946086703167303,1.82016198028303,1100,tvs-motor-company,Large Cap,Aug-2025
171628,5788.0,1,Britannia Industries Ltd.,FMCG,Fast Moving Consumer Goods,Domestic Equities,16500.0,16500.0,0.0,9.6096,9.5222,0.9178551175148608,1.81570283662,1100,britannia-industries,Large Cap,Aug-2025
77009,96064.0,1,Max Healthcare Institute Ltd.,Healthcare,Healthcare,Domestic Equities,82150.0,82150.0,0.0,9.4826,10.2359,-7.359391944040097,1.79170659741642,1100,max-healthcare-institute,Large Cap,Aug-2025
171658,4978.0,1,Asian Paints Ltd.,Chemicals,Chemicals,Domestic Equities,36950.0,36950.0,0.0,9.3062,8.8536,5.1120448179271705,1.75837638800294,1100,asian-paints,Large Cap,Aug-2025
211056,110999.0,1,DOMS Industries Ltd.,FMCG,Fast Moving Consumer Goods,Domestic Equities,38174.0,38174.0,0.0,9.2828,8.9426,3.804262742379172,1.75395503369299,1100,doms-industries,Small Cap,Aug-2025
133317,6810.0,1,Blue Star Ltd.,Consumer Durables,Consumer Durables,Domestic Equities,48950.0,48950.0,0.0,9.2109,8.508,8.261636107193238,1.74036976126198,1100,blue-star,Mid Cap,Aug-2025
64699,82946.0,1,Aditya Vision Ltd.,Retailing,Retailing,Domestic Equities,166613.0,185613.0,-10.236351979656598,8.383099999999999,7.3261,14.427867487476274,1.58395962887832,1100,aditya-vision,Small Cap,Aug-2025
171639,5614.0,1,Havells India Ltd.,Capital Goods,Capital Goods,Domestic Equities,52000.0,60000.0,-13.333333333333334,7.9331,9.0036,-11.889688569016846,1.49893358445618,1100,havells-india,Large Cap,Aug-2025
707,8442.0,1,Bajaj Auto Ltd.,Automobile & Ancillaries,Automobile & Ancillaries,Domestic Equities,8600.0,8600.0,0.0,7.4231,6.886900000000001,7.785796221812411,1.40257073411109,1100,bajaj-auto,Large Cap,Aug-2025
153985,89725.0,1,Mrs. Bectors Food Specialities Ltd.,FMCG,Fast Moving Consumer Goods,Domestic Equities,53202.0,53202.0,0.0,7.3413,8.0404,-8.694841052683943,1.3871148887028,1100,mrs-bectors-food-specialities,Small Cap,Aug-2025
95274,89247.0,1,Chalet Hotels Ltd.,Hospitality,Hospitality,Domestic Equities,69536.0,73996.0,-6.027352829882696,7.0252,6.7325,4.347567768288152,1.32738881616538,1100,chalet-hotels,Small Cap,Aug-2025
38605,83193.0,1,Varun Beverages Ltd.,FMCG,Fast Moving Consumer Goods,Domestic Equities,136000.0,136000.0,0.0,6.6252,7.1074,-6.7844781495342925,1.25181011001236,1100,varun-beverages,Large Cap,Aug-2025
171799,4956.0,1,Dabur India Ltd.,FMCG,Fast Moving Consumer Goods,Domestic Equities,125600.0,125600.0,0.0,6.545,6.6442,-1.4930315162096204,1.23665657942869,1100,dabur-india,Mid Cap,Aug-2025
38803,5403.0,1,Indus Towers Ltd.,Telecom,Telecom,Domestic Equities,191588.0,191588.0,0.0,6.4872000000000005,6.9546,-6.720731602105083,1.22573545638958,1100,indus-towers,Large Cap,Aug-2025
153106,112629.0,1,Belrise Industries Ltd.,Automobile & Ancillaries,Automobile & Ancillaries,Domestic Equities,449958.0,549958.0,-18.183206717603888,6.2805,7.5966,-17.324855856567414,1.186680159985,1100,belrise-industries,Small Cap,Aug-2025
133298,5393.0,1,Balrampur Chini Mills Ltd.,Agri,Agriculture,Domestic Equities,115000.0,115000.0,0.0,6.1663,6.7511,-8.66229207092178,1.16510243937832,1100,balrampur-chini-mills,Small Cap,Aug-2025
152572,7512.0,1,Info Edge (India) Ltd.,IT,Information Technology,Domestic Equities,45300.0,45300.0,0.0,6.152200000000001,6.3071,-2.455962328169842,1.16243828998643,1100,info-edge-india,Large Cap,Aug-2025
171765,6852.0,1,Ceat Ltd.,Automobile & Ancillaries,Automobile & Ancillaries,Domestic Equities,19507.0,19507.0,0.0,6.11,6.4633,-5.46624789194375,1.15446473648728,1100,ceat,Small Cap,Aug-2025
171321,7864.0,1,Page Industries Ltd.,Textile,Textile,Domestic Equities,1375.0,1375.0,0.0,6.0961,6.7107,-9.158508054301343,1.15183837644847,1100,page-industries,Mid Cap,Aug-2025
191600,99819.0,1,FSN E-Commerce Ventures Ltd.,Retailing,Information Technology,Domestic Equities,264000.0,264000.0,0.0,6.0760000000000005,5.534,9.79400072280449,1.14804054646428,1100,fsn-e-commerce-ventures,Mid Cap,Aug-2025
222979,112566.0,1,Vishal Mega Mart Ltd.,Retailing,Retailing,Domestic Equities,404718.0,404718.0,0.0,6.046900000000001,5.6474,7.07405177603854,1.14254219559165,1100,vishal-mega-mart,Mid Cap,Aug-2025
113922,5953.0,1,Hindustan Foods Ltd.,FMCG,Fast Moving Consumer Goods,Domestic Equities,110639.0,110639.0,0.0,5.8058000000000005,6.11,-4.978723404255312,1.09698713045792,1100,hindustan-foods,Small Cap,Aug-2025
133623,8531.0,1,Radico Khaitan Ltd.,Alcohol,Alcohol,Domestic Equities,20000.0,20000.0,0.0,5.705,5.468999999999999,4.315231303711835,1.07794129650736,1100,radico-khaitan,Mid Cap,Aug-2025
133909,100034.0,1,Metro Brands Ltd.,Retailing,Retailing,Domestic Equities,49035.0,49035.0,0.0,5.5939,6.098,-8.266644801574282,1.05694931087336,1100,metro-brands,Mid Cap,Aug-2025
151986,6639.0,1,Safari Industries (India) Ltd.,FMCG,Fast Moving Consumer Goods,Domestic Equities,25824.0,25824.0,0.0,5.534299999999999,5.4184,2.1390078251882323,1.04568808365656,1100,safari-industries-india,Small Cap,Aug-2025
134131,90516.0,1,Polycab India Ltd.,Electricals,Electricals,Domestic Equities,7700.0,7700.0,0.0,5.4601,5.2522,3.958341266516881,1.03166823366517,1100,polycab-india,Mid Cap,Aug-2025
152194,7698.0,1,Whirlpool Of India Ltd.,Consumer Durables,Consumer Durables,Domestic Equities,41500.0,41500.0,0.0,5.3975,5.5386,-2.547575199508904,1.01984016615223,1100,whirlpool-of-india,Small Cap,Aug-2025
152378,5539.0,1,Tata Motors Ltd.,Automobile & Ancillaries,Automobile & Ancillaries,Domestic Equities,80000.0,80000.0,0.0,5.352,5.3276,0.4579923417674102,1.01124308832732,1100,tata-motors,Large Cap,Aug-2025
84751,89823.0,1,Senco Gold Ltd.,Diamond  &  Jewellery,Diamond & Jewellery,Domestic Equities,140350.0,140350.0,0.0,5.1838,4.3901,18.079314821985832,0.97946224238998,1100,senco-gold,Small Cap,Aug-2025
95549,7450.0,1,Aditya Birla Fashion and Retail Ltd.,Retailing,Retailing,Domestic Equities,658000.0,658000.0,0.0,5.0896,4.7948,6.148327354634179,0.961663457090945,1100,aditya-birla-fashion-and-retail,Small Cap,Aug-2025
171440,6777.0,1,Greenply Industries Ltd.,Construction Materials,Construction Materials,Domestic Equities,162500.0,162500.0,0.0,5.0156,5.239,-4.264172552013738,0.947681396452638,1100,greenply-industries,Small Cap,Aug-2025
171359,5112.0,1,Aditya Birla Real Estate Ltd.,Realty,Realty,Domestic Equities,28277.0,28277.0,0.0,4.949,5.329400000000001,-7.13776410102452,0.935097541878161,1100,aditya-birla-real-estate,Small Cap,Aug-2025
133583,8200.0,1,United Spirits Ltd.,Alcohol,Alcohol,Domestic Equities,37700.0,37700.0,0.0,4.9425,5.0526,-2.179076119225744,0.933869387903175,1100,united-spirits,Large Cap,Aug-2025
152531,6528.0,1,Kewal Kiran Clothing Ltd.,Textile,Textile,Domestic Equities,91361.0,91361.0,0.0,4.5923,5.0801,-9.602173185567208,0.867700230666211,1100,kewal-kiran-clothing,Small Cap,Aug-2025
171884,5613.0,1,Bata India Ltd.,FMCG,Retailing,Domestic Equities,38800.0,38800.0,0.0,4.2606,4.6222,-7.823114534204496,0.805026588588825,1100,bata-india,Small Cap,Aug-2025
171948,7104.0,1,Emami Ltd.,FMCG,Fast Moving Consumer Goods,Domestic Equities,72000.0,72000.0,0.0,4.1299,4.3247,-4.504358683839346,0.780331246353327,1100,emami,Small Cap,Aug-2025
133275,8322.0,1,Amara Raja Energy & Mobility Ltd.,Automobile & Ancillaries,Automobile & Ancillaries,Domestic Equities,40000.0,40000.0,0.0,3.961,3.8544,2.7656704026567107,0.748418137680217,1100,amara-raja-energy-mobility,Small Cap,Aug-2025
57345,99844.0,1,AWL Agri Business Ltd.,FMCG,Fast Moving Consumer Goods,Domestic Equities,145000.0,145000.0,0.0,3.6468,3.8019,-4.0795391777795285,0.689051063997025,1100,awl-agri-business,Mid Cap,Aug-2025
175396,92940.0,1,Restaurant Brands Asia Ltd.,Hospitality,Hospitality,Domestic Equities,454000.0,454000.0,0.0,3.6279,3.6965,-1.855809549573909,0.685479970131295,1100,restaurant-brands-asia,Small Cap,Aug-2025
133593,6508.0,1,Bharti Airtel Ltd.,Telecom,Telecom,Domestic Equities,162825.0,162825.0,0.0,31.1696,32.7213,-4.74217100176338,6.05801110824543,1100,bharti-airtel,Large Cap,Jul-2025
152408,5535.0,1,ITC Ltd.,FMCG,Fast Moving Consumer Goods,Domestic Equities,732000.0,732000.0,0.0,30.1547,30.4841,-1.0805633100534395,5.86075880235257,1100,itc,Large Cap,Jul-2025
156921,98676.0,1,Eternal Ltd.,Retailing,Information Technology,Domestic Equities,939406.0,1000406.0,-6.097524405091533,28.9149,26.425700000000003,9.419618023363604,5.61979574308961,1100,eternal,Large Cap,Jul-2025
171656,5311.0,1,Mahindra & Mahindra Ltd.,Automobile & Ancillaries,Automobile & Ancillaries,Domestic Equities,74646.0,74646.0,0.0,23.9099,23.7613,0.6253866581373777,4.64704198311937,1100,mahindra-mahindra,Large Cap,Jul-2025
171717,5016.0,1,Hindustan Unilever Ltd.,FMCG,Fast Moving Consumer Goods,Domestic Equities,93682.0,93682.0,0.0,23.6191,21.4963,9.875187823020694,4.59052314327934,1100,hindustan-unilever,Large Cap,Jul-2025
133625,7239.0,1,Maruti Suzuki India Ltd.,Automobile & Ancillaries,Automobile & Ancillaries,Domestic Equities,16381.0,13181.0,24.27736894014112,20.6532,16.3444,26.362546193191555,4.0140815095739,1100,maruti-suzuki-india,Large Cap,Jul-2025
152205,8185.0,1,Trent Ltd.,Retailing,Retailing,Domestic Equities,27976.0,29476.0,-5.088885873252816,14.0384,18.3267,-23.39919352638501,2.72845282396927,1100,trent,Large Cap,Jul-2025
171619,82976.0,1,Avenue Supermarts Ltd.,Retailing,Retailing,Domestic Equities,30250.0,30250.0,0.0,12.9089,13.2262,-2.39902617531867,2.50892727514083,1100,avenue-supermarts,Large Cap,Jul-2025
171461,6050.0,1,Titan Company Ltd.,Diamond  &  Jewellery,Diamond & Jewellery,Domestic Equities,37950.0,37950.0,0.0,12.703,14.0043,-9.292145983733576,2.4689092932871,1100,titan-company,Large Cap,Jul-2025
152316,5915.0,1,Tata Power Company Ltd.,Power,Power,Domestic Equities,260000.0,260000.0,0.0,10.341500000000002,10.5417,-1.8991244296460703,2.00993666508137,1100,tata-power-company,Large Cap,Jul-2025
77009,96064.0,1,Max Healthcare Institute Ltd.,Healthcare,Healthcare,Domestic Equities,82150.0,82150.0,0.0,10.2359,10.4823,-2.350629155815039,1.98941262970617,1100,max-healthcare-institute,Large Cap,Jul-2025
171402,5320.0,1,Godrej Consumer Products Ltd.,FMCG,Fast Moving Consumer Goods,Domestic Equities,77825.0,77825.0,0.0,9.7982,9.1709,6.840113838336478,1.90434283535273,1100,godrej-consumer-products,Large Cap,Jul-2025
171383,5551.0,1,Hero MotoCorp Ltd.,Automobile & Ancillaries,Automobile & Ancillaries,Domestic Equities,22900.0,22900.0,0.0,9.757,9.703,0.556528908584983,1.89633535185407,1100,hero-motocorp,Mid Cap,Jul-2025
171628,5788.0,1,Britannia Industries Ltd.,FMCG,Fast Moving Consumer Goods,Domestic Equities,16500.0,16500.0,0.0,9.5222,9.6542,-1.3672805618280055,1.85070047016756,1100,britannia-industries,Large Cap,Jul-2025
171639,5614.0,1,Havells India Ltd.,Capital Goods,Capital Goods,Domestic Equities,60000.0,60000.0,0.0,9.0036,9.3066,-3.255753981045705,1.7499072434102,1100,havells-india,Large Cap,Jul-2025
211056,110999.0,1,DOMS Industries Ltd.,FMCG,Fast Moving Consumer Goods,Domestic Equities,38174.0,33774.0,13.027772843015336,8.9426,8.51,5.0834312573443,1.73805150327869,1100,doms-industries,Small Cap,Jul-2025
171658,4978.0,1,Asian Paints Ltd.,Chemicals,Chemicals,Domestic Equities,36950.0,20350.0,81.57248157248156,8.8536,4.7641,85.83992779328729,1.72075378407043,1100,asian-paints,Large Cap,Jul-2025
133317,6810.0,1,Blue Star Ltd.,Consumer Durables,Consumer Durables,Domestic Equities,48950.0,54850.0,-10.756608933454876,8.508,8.9713,-5.164245984416978,1.65358421375161,1100,blue-star,Mid Cap,Jul-2025
133507,6902.0,1,TVS Motor Company Ltd.,Automobile & Ancillaries,Automobile & Ancillaries,Domestic Equities,29400.0,29400.0,0.0,8.2373,8.578899999999999,-3.981862476541278,1.60097193746311,1100,tvs-motor-company,Large Cap,Jul-2025
153985,89725.0,1,Mrs. Bectors Food Specialities Ltd.,FMCG,Fast Moving Consumer Goods,Domestic Equities,53202.0,40702.0,30.71102157142156,8.0404,5.5623000000000005,44.5517142189382,1.56270316316977,1100,mrs-bectors-food-specialities,Small Cap,Jul-2025
153106,112629.0,1,Belrise Industries Ltd.,Automobile & Ancillaries,Automobile & Ancillaries,Domestic Equities,549958.0,549958.0,0.0,7.5966,5.7834,31.35179997925095,1.47644779480318,1100,belrise-industries,Small Cap,Jul-2025
64699,82946.0,1,Aditya Vision Ltd.,Retailing,Retailing,Domestic Equities,185613.0,165978.0,11.829881068575352,7.3261,6.1827,18.49353842172514,1.4238743897938,1100,aditya-vision,Small Cap,Jul-2025
152401,5684.0,1,Tata Consumer Products Ltd.,Agri,Agriculture,Domestic Equities,68131.0,41131.0,65.64391821254041,7.3118,4.5199,61.76906568729395,1.42109509333674,1100,tata-consumer-products,Large Cap,Jul-2025
38605,83193.0,1,Varun Beverages Ltd.,FMCG,Fast Moving Consumer Goods,Domestic Equities,136000.0,162000.0,-16.049382716049383,7.1074,7.4123,-4.113433077452344,1.38136864607642,1100,varun-beverages,Large Cap,Jul-2025
38803,5403.0,1,Indus Towers Ltd.,Telecom,Telecom,Domestic Equities,191588.0,231888.0,-17.379079555647554,6.9546,9.7648,-28.77887923971817,1.35167098882898,1100,indus-towers,Large Cap,Jul-2025
707,8442.0,1,Bajaj Auto Ltd.,Automobile & Ancillaries,Automobile & Ancillaries,Domestic Equities,8600.0,8600.0,0.0,6.886900000000001,7.2034,-4.393758502929169,1.33851306084696,1100,bajaj-auto,Large Cap,Jul-2025
95355,98927.0,1,Devyani International Ltd.,FMCG,Fast Moving Consumer Goods,Domestic Equities,420000.0,420000.0,0.0,6.8502,7.0463,-2.7830208762045348,1.3313801811285,1100,devyani-international,Small Cap,Jul-2025
133298,5393.0,1,Balrampur Chini Mills Ltd.,Agri,Agriculture,Domestic Equities,115000.0,115000.0,0.0,6.7511,6.8293,-1.1450661121930412,1.31211946232469,1100,balrampur-chini-mills,Small Cap,Jul-2025
95274,89247.0,1,Chalet Hotels Ltd.,Hospitality,Hospitality,Domestic Equities,73996.0,73996.0,0.0,6.7325,6.8191,-1.2699623117420142,1.30850443336656,1100,chalet-hotels,Small Cap,Jul-2025
171321,7864.0,1,Page Industries Ltd.,Textile,Textile,Domestic Equities,1375.0,1595.0,-13.79310344827586,6.7107,7.8809,-14.848557905822938,1.30426746394252,1100,page-industries,Mid Cap,Jul-2025
171799,4956.0,1,Dabur India Ltd.,FMCG,Fast Moving Consumer Goods,Domestic Equities,125600.0,98600.0,27.38336713995943,6.6442,4.7846,38.866362914350205,1.29134276363522,1100,dabur-india,Mid Cap,Jul-2025
171765,6852.0,1,Ceat Ltd.,Automobile & Ancillaries,Automobile & Ancillaries,Domestic Equities,19507.0,19507.0,0.0,6.4633,7.1864,-10.062061672047191,1.25618369167146,1100,ceat,Small Cap,Jul-2025
152572,7512.0,1,Info Edge (India) Ltd.,IT,Information Technology,Domestic Equities,45300.0,45300.0,0.0,6.3071,6.742000000000001,-6.450608128151885,1.22582522267898,1100,info-edge-india,Large Cap,Jul-2025
113922,5953.0,1,Hindustan Foods Ltd.,FMCG,Fast Moving Consumer Goods,Domestic Equities,110639.0,110639.0,0.0,6.11,5.9391,2.877540368069241,1.18751757710653,1100,hindustan-foods,Small Cap,Jul-2025
133909,100034.0,1,Metro Brands Ltd.,Retailing,Retailing,Domestic Equities,49035.0,49035.0,0.0,6.098,5.64,8.120567375886518,1.18518530035935,1100,metro-brands,Mid Cap,Jul-2025
222979,112566.0,1,Vishal Mega Mart Ltd.,Retailing,Retailing,Domestic Equities,404718.0,404718.0,0.0,5.6474,5.4224,4.149454116258483,1.09760830850268,1100,vishal-mega-mart,Mid Cap,Jul-2025
152194,7698.0,1,Whirlpool Of India Ltd.,Consumer Durables,Consumer Durables,Domestic Equities,41500.0,41500.0,0.0,5.5386,5.8158,-4.766326214794185,1.07646233266157,1100,whirlpool-of-india,Small Cap,Jul-2025
191600,99819.0,1,FSN E-Commerce Ventures Ltd.,Retailing,Information Technology,Domestic Equities,264000.0,310000.0,-14.838709677419354,5.534,6.4601,-14.335691397965975,1.07556829324182,1100,fsn-e-commerce-ventures,Mid Cap,Jul-2025
133623,8531.0,1,Radico Khaitan Ltd.,Alcohol,Alcohol,Domestic Equities,20000.0,20000.0,0.0,5.468999999999999,5.234400000000001,4.4818890417239645,1.06293512752792,1100,radico-khaitan,Mid Cap,Jul-2025
151986,6639.0,1,Safari Industries (India) Ltd.,FMCG,Fast Moving Consumer Goods,Domestic Equities,25824.0,25824.0,0.0,5.4184,5.5728,-2.770600057421752,1.05310069391064,1100,safari-industries-india,Small Cap,Jul-2025
171359,5112.0,1,Aditya Birla Real Estate Ltd.,Realty,Realty,Domestic Equities,28277.0,28277.0,0.0,5.329400000000001,6.8877,-22.62438840251462,1.03580297470238,1100,aditya-birla-real-estate,Small Cap,Jul-2025
152378,5539.0,1,Tata Motors Ltd.,Automobile & Ancillaries,Automobile & Ancillaries,Domestic Equities,80000.0,80000.0,0.0,5.3276,5.504,-3.2049418604651136,1.0354531331903,1100,tata-motors,Large Cap,Jul-2025
134131,90516.0,1,Polycab India Ltd.,Electricals,Electricals,Domestic Equities,7700.0,7700.0,0.0,5.2522,5.0443,4.121483654818314,1.02079866096218,1100,polycab-india,Mid Cap,Jul-2025
171440,6777.0,1,Greenply Industries Ltd.,Construction Materials,Construction Materials,Domestic Equities,162500.0,162500.0,0.0,5.239,5.0968,2.7899858734892424,1.01823315654028,1100,greenply-industries,Small Cap,Jul-2025
152531,6528.0,1,Kewal Kiran Clothing Ltd.,Textile,Textile,Domestic Equities,91361.0,42548.0,114.72454639466014,5.0801,2.1925,131.7035347776511,0.987349925279684,1100,kewal-kiran-clothing,Small Cap,Jul-2025
133583,8200.0,1,United Spirits Ltd.,Alcohol,Alcohol,Domestic Equities,37700.0,61200.0,-38.39869281045752,5.0526,8.74,-42.18993135011442,0.982005124400726,1100,united-spirits,Large Cap,Jul-2025
95549,7450.0,1,Aditya Birla Fashion and Retail Ltd.,Retailing,Retailing,Domestic Equities,658000.0,150000.0,338.6666666666667,4.7948,1.125,326.20444444444445,0.931900045615446,1100,aditya-birla-fashion-and-retail,Small Cap,Jul-2025
171884,5613.0,1,Bata India Ltd.,FMCG,Retailing,Domestic Equities,38800.0,38800.0,0.0,4.6222,4.7383,-2.4502458687714914,0.898354131735154,1100,bata-india,Small Cap,Jul-2025
84751,89823.0,1,Senco Gold Ltd.,Diamond  &  Jewellery,Diamond & Jewellery,Domestic Equities,140350.0,140350.0,0.0,4.3901,4.8175,-8.87182148417229,0.853244012316753,1100,senco-gold,Small Cap,Jul-2025
171948,7104.0,1,Emami Ltd.,FMCG,Fast Moving Consumer Goods,Domestic Equities,72000.0,72000.0,0.0,4.3247,4.1155,5.083221965739282,0.840533104044615,1100,emami,Small Cap,Jul-2025
133275,8322.0,1,Amara Raja Energy & Mobility Ltd.,Automobile & Ancillaries,Automobile & Ancillaries,Domestic Equities,40000.0,40000.0,0.0,3.8544,3.8588,-0.1140250855188135,0.749127291194664,1100,amara-raja-energy-mobility,Small Cap,Jul-2025
57345,99844.0,1,AWL Agri Business Ltd.,FMCG,Fast Moving Consumer Goods,Domestic Equities,145000.0,145000.0,0.0,3.8019,3.7693,0.8648820735945643,0.738923580425745,1100,awl-agri-business,Mid Cap,Jul-2025
175396,92940.0,1,Restaurant Brands Asia Ltd.,Hospitality,Hospitality,Domestic Equities,454000.0,454000.0,0.0,3.6965,3.7478,-1.3688030311115844,0.718438416329669,1100,restaurant-brands-asia,Small Cap,Jul-2025
133593,6508.0,1,Bharti Airtel Ltd.,Telecom,Telecom,Domestic Equities,162825.0,141000.0,15.478723404255318,32.7213,26.1724,25.02216074949185,6.37674917589833,1100,bharti-airtel,Large Cap,Jun-2025
152408,5535.0,1,ITC Ltd.,FMCG,Fast Moving Consumer Goods,Domestic Equities,732000.0,612000.0,19.607843137254903,30.4841,25.5847,19.149726203551342,5.94076211987305,1100,itc,Large Cap,Jun-2025
156921,98676.0,1,Eternal Ltd.,Retailing,Information Technology,Domestic Equities,1000406.0,864854.0,15.67339689704852,26.425700000000003,20.6103,28.21598909283222,5.14985837046622,1100,eternal,Large Cap,Jun-2025
171656,5311.0,1,Mahindra & Mahindra Ltd.,Automobile & Ancillaries,Automobile & Ancillaries,Domestic Equities,74646.0,74646.0,0.0,23.7613,22.2206,6.933656156899461,4.6306182881876,1100,mahindra-mahindra,Large Cap,Jun-2025
171717,5016.0,1,Hindustan Unilever Ltd.,FMCG,Fast Moving Consumer Goods,Domestic Equities,93682.0,93682.0,0.0,21.4963,21.9993,-2.286436386612289,4.18921354927412,1100,hindustan-unilever,Large Cap,Jun-2025
152205,8185.0,1,Trent Ltd.,Retailing,Retailing,Domestic Equities,29476.0,29476.0,0.0,18.3267,16.6348,10.170846658811652,3.57151974774645,1100,trent,Large Cap,Jun-2025
133625,7239.0,1,Maruti Suzuki India Ltd.,Automobile & Ancillaries,Automobile & Ancillaries,Domestic Equities,13181.0,13181.0,0.0,16.3444,16.2377,0.6571127684339576,3.18520777690839,1100,maruti-suzuki-india,Large Cap,Jun-2025
171461,6050.0,1,Titan Company Ltd.,Diamond  &  Jewellery,Diamond & Jewellery,Domestic Equities,37950.0,37950.0,0.0,14.0043,13.4912,3.803219876660355,2.72916749896957,1100,titan-company,Large Cap,Jun-2025
171619,82976.0,1,Avenue Supermarts Ltd.,Retailing,Retailing,Domestic Equities,30250.0,30250.0,0.0,13.2262,12.1064,9.249653076058928,2.57753084230353,1100,avenue-supermarts,Large Cap,Jun-2025
152316,5915.0,1,Tata Power Company Ltd.,Power,Power,Domestic Equities,260000.0,260000.0,0.0,10.5417,10.2128,3.2204684317719043,2.05437365836832,1100,tata-power-company,Large Cap,Jun-2025
77009,96064.0,1,Max Healthcare Institute Ltd.,Healthcare,Healthcare,Domestic Equities,82150.0,82150.0,0.0,10.4823,9.2435,13.401849948612538,2.04279774601006,1100,max-healthcare-institute,Large Cap,Jun-2025
38803,5403.0,1,Indus Towers Ltd.,Telecom,Telecom,Domestic Equities,231888.0,231888.0,0.0,9.7648,8.908,9.61832061068703,1.9029708585176,1100,indus-towers,Large Cap,Jun-2025
171383,5551.0,1,Hero MotoCorp Ltd.,Automobile & Ancillaries,Automobile & Ancillaries,Domestic Equities,22900.0,20500.0,11.707317073170731,9.703,8.8341,9.835750104707891,1.8909272325287,1100,hero-motocorp,Mid Cap,Jun-2025
171628,5788.0,1,Britannia Industries Ltd.,FMCG,Fast Moving Consumer Goods,Domestic Equities,16500.0,16500.0,0.0,9.6542,9.0923,6.179954466966548,1.88141705537242,1100,britannia-industries,Large Cap,Jun-2025
171639,5614.0,1,Havells India Ltd.,Capital Goods,Capital Goods,Domestic Equities,60000.0,60000.0,0.0,9.3066,9.162,1.5782580222658722,1.81367653120186,1100,havells-india,Large Cap,Jun-2025
171402,5320.0,1,Godrej Consumer Products Ltd.,FMCG,Fast Moving Consumer Goods,Domestic Equities,77825.0,77825.0,0.0,9.1709,9.5834,-4.304317883006031,1.78723122300294,1100,godrej-consumer-products,Large Cap,Jun-2025
133317,6810.0,1,Blue Star Ltd.,Consumer Durables,Consumer Durables,Domestic Equities,54850.0,54850.0,0.0,8.9713,8.4047,6.741466084452743,1.74833303938831,1100,blue-star,Mid Cap,Jun-2025
133583,8200.0,1,United Spirits Ltd.,Alcohol,Alcohol,Domestic Equities,61200.0,61200.0,0.0,8.74,9.303,-6.051811243684829,1.70325713823569,1100,united-spirits,Large Cap,Jun-2025
133507,6902.0,1,TVS Motor Company Ltd.,Automobile & Ancillaries,Automobile & Ancillaries,Domestic Equities,29400.0,29400.0,0.0,8.578899999999999,8.1756,4.932971280395328,1.67186186077919,1100,tvs-motor-company,Large Cap,Jun-2025
211056,110999.0,1,DOMS Industries Ltd.,FMCG,Fast Moving Consumer Goods,Domestic Equities,33774.0,33774.0,0.0,8.51,8.2672,2.936907296303461,1.65843458196633,1100,doms-industries,Small Cap,Jun-2025
171321,7864.0,1,Page Industries Ltd.,Textile,Textile,Domestic Equities,1595.0,1595.0,0.0,7.8809,7.3976,6.533199956742733,1.53583514653566,1100,page-industries,Mid Cap,Jun-2025
38605,83193.0,1,Varun Beverages Ltd.,FMCG,Fast Moving Consumer Goods,Domestic Equities,162000.0,162000.0,0.0,7.4123,7.7104,-3.8662066818842016,1.44451406015382,1100,varun-beverages,Large Cap,Jun-2025
707,8442.0,1,Bajaj Auto Ltd.,Automobile & Ancillaries,Automobile & Ancillaries,Domestic Equities,8600.0,,,7.2034,,,1.40380348622047,1100,bajaj-auto,Large Cap,Jun-2025
171765,6852.0,1,Ceat Ltd.,Automobile & Ancillaries,Automobile & Ancillaries,Domestic Equities,19507.0,19507.0,0.0,7.1864,7.3711,-2.5057318446364896,1.40049051467013,1100,ceat,Small Cap,Jun-2025
95355,98927.0,1,Devyani International Ltd.,FMCG,Fast Moving Consumer Goods,Domestic Equities,420000.0,420000.0,0.0,7.0463,7.0388,0.1065522532249815,1.37318773148171,1100,devyani-international,Small Cap,Jun-2025
171359,5112.0,1,Aditya Birla Real Estate Ltd.,Realty,Realty,Domestic Equities,28277.0,28277.0,0.0,6.8877,6.159299999999999,11.826019190492431,1.34227965572379,1100,aditya-birla-real-estate,Small Cap,Jun-2025
133298,5393.0,1,Balrampur Chini Mills Ltd.,Agri,Agriculture,Domestic Equities,115000.0,115000.0,0.0,6.8293,6.7885,0.6010164248361092,1.33089862404496,1100,balrampur-chini-mills,Small Cap,Jun-2025
95274,89247.0,1,Chalet Hotels Ltd.,Hospitality,Hospitality,Domestic Equities,73996.0,73996.0,0.0,6.8191,6.7906,0.419697817571352,1.32891084111476,1100,chalet-hotels,Small Cap,Jun-2025
152572,7512.0,1,Info Edge (India) Ltd.,IT,Information Technology,Domestic Equities,45300.0,45300.0,0.0,6.742000000000001,6.4666,4.258806791822608,1.31388554073055,1100,info-edge-india,Large Cap,Jun-2025
191600,99819.0,1,FSN E-Commerce Ventures Ltd.,Retailing,Information Technology,Domestic Equities,310000.0,310000.0,0.0,6.4601,6.3011,2.5233689355826723,1.25894867719867,1100,fsn-e-commerce-ventures,Mid Cap,Jun-2025
64699,82946.0,1,Aditya Vision Ltd.,Retailing,Retailing,Domestic Equities,165978.0,165978.0,0.0,6.1827,6.7761000000000005,-8.75724974542879,1.20488877672423,1100,aditya-vision,Small Cap,Jun-2025
113922,5953.0,1,Hindustan Foods Ltd.,FMCG,Fast Moving Consumer Goods,Domestic Equities,110639.0,110639.0,0.0,5.9391,6.058,-1.9626939584021108,1.1574158432146,1100,hindustan-foods,Small Cap,Jun-2025
152194,7698.0,1,Whirlpool Of India Ltd.,Consumer Durables,Consumer Durables,Domestic Equities,41500.0,41500.0,0.0,5.8158,5.129,13.390524468707362,1.13338705544063,1100,whirlpool-of-india,Small Cap,Jun-2025
153106,112629.0,1,Belrise Industries Ltd.,Automobile & Ancillaries,Automobile & Ancillaries,Domestic Equities,549958.0,549958.0,0.0,5.7834,5.157,12.14659685863874,1.12707292142703,1100,belrise-industries,Small Cap,Jun-2025
133909,100034.0,1,Metro Brands Ltd.,Retailing,Retailing,Domestic Equities,49035.0,49035.0,0.0,5.64,5.9171000000000005,-4.683037298676722,1.09912703199648,1100,metro-brands,Mid Cap,Jun-2025
151986,6639.0,1,Safari Industries (India) Ltd.,FMCG,Fast Moving Consumer Goods,Domestic Equities,25824.0,25824.0,0.0,5.5728,5.9594000000000005,-6.487230258079686,1.08603105033865,1100,safari-industries-india,Small Cap,Jun-2025
153985,89725.0,1,Mrs. Bectors Food Specialities Ltd.,FMCG,Fast Moving Consumer Goods,Domestic Equities,40702.0,40702.0,0.0,5.5623000000000005,5.9388,-6.339664578702764,1.08398480320462,1100,mrs-bectors-food-specialities,Small Cap,Jun-2025
152378,5539.0,1,Tata Motors Ltd.,Automobile & Ancillaries,Automobile & Ancillaries,Domestic Equities,80000.0,80000.0,0.0,5.504,5.756,-4.378040305767902,1.07262325959373,1100,tata-motors,Large Cap,Jun-2025
222979,112566.0,1,Vishal Mega Mart Ltd.,Retailing,Retailing,Domestic Equities,404718.0,404718.0,0.0,5.4224,5.0452,7.476413224450969,1.05672099615208,1100,vishal-mega-mart,Mid Cap,Jun-2025
133623,8531.0,1,Radico Khaitan Ltd.,Alcohol,Alcohol,Domestic Equities,20000.0,20000.0,0.0,5.234400000000001,5.0656,3.332280480101085,1.02008342841887,1100,radico-khaitan,Mid Cap,Jun-2025
171440,6777.0,1,Greenply Industries Ltd.,Construction Materials,Construction Materials,Domestic Equities,162500.0,150000.0,8.333333333333332,5.0968,4.8533,5.017204788494432,0.993267846929022,1100,greenply-industries,Small Cap,Jun-2025
134131,90516.0,1,Polycab India Ltd.,Electricals,Electricals,Domestic Equities,7700.0,3700.0,108.10810810810813,5.0443,2.2167,127.55898407542745,0.983036611258842,1100,polycab-india,Mid Cap,Jun-2025
84751,89823.0,1,Senco Gold Ltd.,Diamond  &  Jewellery,Diamond & Jewellery,Domestic Equities,140350.0,140350.0,0.0,4.8175,5.348,-9.91959611069558,0.938837673163664,1100,senco-gold,Small Cap,Jun-2025
171799,4956.0,1,Dabur India Ltd.,FMCG,Fast Moving Consumer Goods,Domestic Equities,98600.0,98600.0,0.0,4.7846,4.7619,0.4767004767004729,0.932426098810351,1100,dabur-india,Mid Cap,Jun-2025
171658,4978.0,1,Asian Paints Ltd.,Chemicals,Chemicals,Domestic Equities,20350.0,20350.0,0.0,4.7641,4.597300000000001,3.6282165618950266,0.928431044881995,1100,asian-paints,Large Cap,Jun-2025
171884,5613.0,1,Bata India Ltd.,FMCG,Retailing,Domestic Equities,38800.0,38800.0,0.0,4.7383,4.9035,-3.369022127052113,0.923403123352649,1100,bata-india,Small Cap,Jun-2025
152401,5684.0,1,Tata Consumer Products Ltd.,Agri,Agriculture,Domestic Equities,41131.0,41131.0,0.0,4.5199,4.5503,-0.668087818385593,0.8808411829647,1100,tata-consumer-products,Large Cap,Jun-2025
171948,7104.0,1,Emami Ltd.,FMCG,Fast Moving Consumer Goods,Domestic Equities,72000.0,72000.0,0.0,4.1155,4.2062,-2.156340640007606,0.802031436202399,1100,emami,Small Cap,Jun-2025
133275,8322.0,1,Amara Raja Energy & Mobility Ltd.,Automobile & Ancillaries,Automobile & Ancillaries,Domestic Equities,40000.0,40000.0,0.0,3.8588,4.123,-6.407955372301726,0.752005565792205,1100,amara-raja-energy-mobility,Small Cap,Jun-2025
57345,99844.0,1,AWL Agri Business Ltd.,FMCG,Fast Moving Consumer Goods,Domestic Equities,145000.0,145000.0,0.0,3.7693,3.9875,-5.472100313479622,0.734563744983041,1100,awl-agri-business,Mid Cap,Jun-2025
175396,92940.0,1,Restaurant Brands Asia Ltd.,Hospitality,Hospitality,Domestic Equities,454000.0,454000.0,0.0,3.7478,3.691,1.5388783527499186,0.730373810375253,1100,restaurant-brands-asia,Small Cap,Jun-2025
152400,5891.0,1,Nestle India Ltd.,FMCG,Fast Moving Consumer Goods,Domestic Equities,12000.0,12000.0,0.0,2.9584,2.8754000000000004,2.886554914098892,0.576535002031631,1100,nestle-india,Large Cap,Jun-2025
229270,113158.0,1,Aditya Birla Lifestyle Brands Ltd.,Retailing,Retailing,Domestic Equities,150000.0,150000.0,0.0,2.3562,2.5643,-8.115275123815467,0.45917785687768,1100,aditya-birla-lifestyle-brands,Small Cap,Jun-2025
152531,6528.0,1,Kewal Kiran Clothing Ltd.,Textile,Textile,Domestic Equities,42548.0,42548.0,0.0,2.1925,1.8434,18.93783226646414,0.427275889654662,1100,kewal-kiran-clothing,Small Cap,Jun-2025
225180,112809.0,1,ITC Hotels Ltd.,Hospitality,Hospitality,Domestic Equities,61200.0,61200.0,0.0,1.361,1.3248,2.732487922705318,0.265232604706953,1100,itc-hotels,Mid Cap,Jun-2025
95549,7450.0,1,Aditya Birla Fashion and Retail Ltd.,Retailing,Retailing,Domestic Equities,150000.0,150000.0,0.0,1.125,1.2878,-12.64171455194906,0.219240764361001,1100,aditya-birla-fashion-and-retail,Small Cap,Jun-2025
152408,5535.0,1,ITC Ltd.,FMCG,Fast Moving Consumer Goods,Domestic Equities,612000.0,522000.0,17.24137931034483,29.5994,24.8864,18.938054519737697,6.72934328235374,1100,itc,Large Cap,Dec-2024
171656,5311.0,1,Mahindra & Mahindra Ltd.,Automobile & Ancillaries,Automobile & Ancillaries,Domestic Equities,86000.0,86000.0,0.0,25.8611,25.5085,1.3822843365936932,5.87945091992669,1100,mahindra-mahindra,Large Cap,Dec-2024
133593,6508.0,1,Bharti Airtel Ltd.,Telecom,Telecom,Domestic Equities,141000.0,141000.0,0.0,22.3873,22.9428,-2.4212389071952933,5.08969191487117,1100,bharti-airtel,Large Cap,Dec-2024
171717,5016.0,1,Hindustan Unilever Ltd.,FMCG,Fast Moving Consumer Goods,Domestic Equities,93800.0,93800.0,0.0,21.8259,23.4139,-6.782295986572068,4.96205914803423,1100,hindustan-unilever,Large Cap,Dec-2024
152205,8185.0,1,Trent Ltd.,Retailing,Retailing,Domestic Equities,25600.0,25600.0,0.0,18.2358,17.3962,4.826341384900153,4.14585965351819,1100,trent,Large Cap,Dec-2024
133583,8200.0,1,United Spirits Ltd.,Alcohol,Alcohol,Domestic Equities,81500.0,81500.0,0.0,13.2474,12.4622,6.300653175201809,3.0117604478014,1100,united-spirits,Large Cap,Dec-2024
156921,98676.0,1,Eternal Ltd.,Retailing,Information Technology,Domestic Equities,377000.0,377000.0,0.0,10.4825,10.547,-0.6115483075756182,2.38316793439303,1100,eternal,Large Cap,Dec-2024
133317,6810.0,1,Blue Star Ltd.,Consumer Durables,Consumer Durables,Domestic Equities,48700.0,48700.0,0.0,10.4177,9.0246,15.43669525519136,2.36843583020522,1100,blue-star,Mid Cap,Dec-2024
38605,83193.0,1,Varun Beverages Ltd.,FMCG,Fast Moving Consumer Goods,Domestic Equities,162000.0,162000.0,0.0,10.343699999999998,10.0634,2.7853409384502115,2.35161213097841,1100,varun-beverages,Large Cap,Dec-2024
152316,5915.0,1,Tata Power Company Ltd.,Power,Power,Domestic Equities,260000.0,260000.0,0.0,10.2024,10.7679,-5.2517203911626185,2.31948795934667,1100,tata-power-company,Large Cap,Dec-2024
171639,5614.0,1,Havells India Ltd.,Capital Goods,Capital Goods,Domestic Equities,60000.0,60000.0,0.0,10.0506,10.308,-2.497089639115252,2.28497664120301,1100,havells-india,Large Cap,Dec-2024
133625,7239.0,1,Maruti Suzuki India Ltd.,Automobile & Ancillaries,Automobile & Ancillaries,Domestic Equities,9000.0,9000.0,0.0,9.7726,9.9668,-1.9484689168037848,2.22177409545903,1100,maruti-suzuki-india,Large Cap,Dec-2024
77009,96064.0,1,Max Healthcare Institute Ltd.,Healthcare,Healthcare,Domestic Equities,80000.0,80000.0,0.0,9.0252,7.837999999999999,15.146721102322026,2.05185473326821,1100,max-healthcare-institute,Mid Cap,Dec-2024
84908,112552.0,1,Swiggy Ltd.,Retailing,Information Technology,Domestic Equities,163793.0,193293.0,-15.261804617859934,8.8596,9.0993,-2.634268570109779,2.01420602256604,1100,swiggy,Large Cap,Dec-2024
171321,7864.0,1,Page Industries Ltd.,Textile,Textile,Domestic Equities,1799.0,1799.0,0.0,8.5478,8.0316,6.427112904029086,1.94331913852657,1100,page-industries,Mid Cap,Dec-2024
171383,5551.0,1,Hero MotoCorp Ltd.,Automobile & Ancillaries,Automobile & Ancillaries,Domestic Equities,20500.0,20500.0,0.0,8.5292,9.7615,-12.624084413256162,1.93909047899118,1100,hero-motocorp,Large Cap,Dec-2024
211056,110999.0,1,DOMS Industries Ltd.,FMCG,Fast Moving Consumer Goods,Domestic Equities,31874.0,29000.0,9.910344827586206,8.3555,8.687999999999999,-3.827117863720074,1.89960025526553,1100,doms-industries,Small Cap,Dec-2024
64699,82946.0,1,Aditya Vision Ltd.,Retailing,Retailing,Domestic Equities,160000.0,160000.0,0.0,8.148,7.607200000000001,7.109054579871691,1.8524256932444,1100,aditya-vision,Small Cap,Dec-2024
133507,6902.0,1,TVS Motor Company Ltd.,Automobile & Ancillaries,Automobile & Ancillaries,Domestic Equities,34200.0,34200.0,0.0,8.100299999999999,8.325800000000001,-2.708448437387406,1.84158122766171,1100,tvs-motor-company,Large Cap,Dec-2024
171628,5788.0,1,Britannia Industries Ltd.,FMCG,Fast Moving Consumer Goods,Domestic Equities,16500.0,16500.0,0.0,7.8585,8.152899999999999,-3.6109850482650274,1.78660865370166,1100,britannia-industries,Large Cap,Dec-2024
84751,89823.0,1,Senco Gold Ltd.,Diamond  &  Jewellery,Diamond & Jewellery,Domestic Equities,70175.0,,,7.526599999999999,,,1.71115208919653,1100,senco-gold,Small Cap,Dec-2024
171402,5320.0,1,Godrej Consumer Products Ltd.,FMCG,Fast Moving Consumer Goods,Domestic Equities,67825.0,67825.0,0.0,7.338999999999999,8.441799999999999,-13.063564642611764,1.66850173818368,1100,godrej-consumer-products,Large Cap,Dec-2024
171359,5112.0,1,Aditya Birla Real Estate Ltd.,Diversified,Paper,Domestic Equities,29000.0,29000.0,0.0,7.2751,7.983099999999999,-8.868735203116579,1.65397424655404,1100,aditya-birla-real-estate,Small Cap,Dec-2024
95274,89247.0,1,Chalet Hotels Ltd.,Hospitality,Hospitality,Domestic Equities,73996.0,65996.0,12.121946784653616,7.2087,5.8743,22.715898064450244,1.63887838670728,1100,chalet-hotels,Small Cap,Dec-2024
95355,98927.0,1,Devyani International Ltd.,FMCG,Fast Moving Consumer Goods,Domestic Equities,381000.0,301000.0,26.578073089701,6.9513,4.9734,39.769574134394986,1.58035919507238,1100,devyani-international,Small Cap,Dec-2024
76174,111823.0,1,Bharti Hexacom Ltd.,Telecom,Telecom,Domestic Equities,46500.0,40000.0,16.25,6.7746,5.5048,23.06714140386572,1.54018692948619,1100,bharti-hexacom,Mid Cap,Dec-2024
151986,6639.0,1,Safari Industries (India) Ltd.,FMCG,Fast Moving Consumer Goods,Domestic Equities,25758.0,25758.0,0.0,6.7016,6.659,0.6397356960504568,1.52359057754623,1100,safari-industries-india,Small Cap,Dec-2024
171765,6852.0,1,Ceat Ltd.,Automobile & Ancillaries,Automobile & Ancillaries,Domestic Equities,20000.0,20000.0,0.0,6.464700000000001,6.1563,5.009502460893724,1.46973200529174,1100,ceat,Small Cap,Dec-2024
171884,5613.0,1,Bata India Ltd.,FMCG,Retailing,Domestic Equities,45000.0,45000.0,0.0,6.1871,6.3488,-2.546938004032252,1.4066203984625,1100,bata-india,Small Cap,Dec-2024
133298,5393.0,1,Balrampur Chini Mills Ltd.,Agri,Agriculture,Domestic Equities,115000.0,115000.0,0.0,6.0927,6.7287,-9.452048686967768,1.38515881458396,1100,balrampur-chini-mills,Small Cap,Dec-2024
152378,5539.0,1,Tata Motors Ltd.,Automobile & Ancillaries,Automobile & Ancillaries,Domestic Equities,80000.0,80000.0,0.0,5.9212,6.2916,-5.887214698963692,1.34616875488939,1100,tata-motors,Large Cap,Dec-2024
133909,100034.0,1,Metro Brands Ltd.,Retailing,Retailing,Domestic Equities,45606.0,45606.0,0.0,5.549600000000001,5.6348,-1.5120323702704588,1.26168650309636,1100,metro-brands,Mid Cap,Dec-2024
153985,89725.0,1,Mrs. Bectors Food Specialities Ltd.,FMCG,Fast Moving Consumer Goods,Domestic Equities,31702.0,31702.0,0.0,5.1947,5.7517,-9.684093398473484,1.1810009509937,1100,mrs-bectors-food-specialities,Small Cap,Dec-2024
191600,99819.0,1,FSN E-Commerce Ventures Ltd.,Retailing,Information Technology,Domestic Equities,310000.0,310000.0,0.0,5.0766,5.3339,-4.823862464613128,1.15415123641685,1100,fsn-e-commerce-ventures,Mid Cap,Dec-2024
171799,4956.0,1,Dabur India Ltd.,FMCG,Fast Moving Consumer Goods,Domestic Equities,98600.0,98600.0,0.0,4.999,5.1977,-3.822844719779904,1.13650908695738,1100,dabur-india,Large Cap,Dec-2024
133275,8322.0,1,Amara Raja Energy & Mobility Ltd.,Automobile & Ancillaries,Automobile & Ancillaries,Domestic Equities,40000.0,40000.0,0.0,4.7998,5.1228,-6.305145623487148,1.09122150741709,1100,amara-raja-energy-mobility,Small Cap,Dec-2024
152572,7512.0,1,Info Edge (India) Ltd.,IT,Information Technology,Domestic Equities,5400.0,5400.0,0.0,4.6857,4.4579,5.110029386033776,1.06528118198764,1100,info-edge-india,Large Cap,Dec-2024
171658,4978.0,1,Asian Paints Ltd.,Chemicals,Chemicals,Domestic Equities,20350.0,20350.0,0.0,4.6425,5.046,-7.996432818073726,1.05545977919577,1100,asian-paints,Large Cap,Dec-2024
171440,6777.0,1,Greenply Industries Ltd.,Construction Materials,Construction Materials,Domestic Equities,150000.0,150000.0,0.0,4.6133,5.0805,-9.195945280976286,1.04882123841978,1100,greenply-industries,Small Cap,Dec-2024
607,7527.0,1,Jyothy Labs Ltd.,FMCG,Fast Moving Consumer Goods,Domestic Equities,111010.0,111010.0,0.0,4.4082,4.6635,-5.474429076873599,1.00219230988708,1100,jyothy-labs,Small Cap,Dec-2024
171948,7104.0,1,Emami Ltd.,FMCG,Fast Moving Consumer Goods,Domestic Equities,72000.0,72000.0,0.0,4.3254,4.9248,-12.171052631578949,0.983367954535999,1100,emami,Small Cap,Dec-2024
95549,7450.0,1,Aditya Birla Fashion and Retail Ltd.,Retailing,Retailing,Domestic Equities,150000.0,150000.0,0.0,4.1993,4.7063,-10.772793914540085,0.954699461664359,1100,aditya-birla-fashion-and-retail,Mid Cap,Dec-2024
38803,5403.0,1,Indus Towers Ltd.,Telecom,Telecom,Domestic Equities,120888.0,120888.0,0.0,4.132,4.2232,-2.159499905285093,0.939398989259432,1100,indus-towers,Large Cap,Dec-2024
37962,6229.0,1,Gillette India Ltd.,FMCG,Fast Moving Consumer Goods,Domestic Equities,4122.0,4122.0,0.0,3.9378,4.0448,-2.645371835443049,0.895248146153386,1100,gillette-india,Small Cap,Dec-2024
152327,6266.0,1,Thomas Cook (India) Ltd.,Hospitality,Hospitality,Domestic Equities,200000.0,150000.0,33.33333333333333,3.9278,3.1269,25.613227157888,0.892974673284898,1100,thomas-cook-india,Small Cap,Dec-2024
175396,92940.0,1,Restaurant Brands Asia Ltd.,Hospitality,Hospitality,Domestic Equities,454000.0,454000.0,0.0,3.8536,3.9434,-2.2772227012222857,0.876105504600713,1100,restaurant-brands-asia,Small Cap,Dec-2024
171619,82976.0,1,Avenue Supermarts Ltd.,Retailing,Retailing,Domestic Equities,9300.0,9300.0,0.0,3.3125,3.4499,-3.982724136931508,0.753087887686803,1100,avenue-supermarts,Large Cap,Dec-2024
152531,6528.0,1,Kewal Kiran Clothing Ltd.,Textile,Textile,Domestic Equities,54000.0,54000.0,0.0,3.1523000000000003,3.4123,-7.619494182809248,0.716666852333618,1100,kewal-kiran-clothing,Small Cap,Dec-2024
152400,5891.0,1,Nestle India Ltd.,FMCG,Fast Moving Consumer Goods,Domestic Equities,12000.0,12000.0,0.0,2.6041000000000003,2.6816000000000004,-2.8900656324582337,0.59203506968308,1100,nestle-india,Large Cap,Dec-2024
222979,112566.0,1,Vishal Mega Mart Ltd.,Retailing,Retailing,Domestic Equities,227718.0,,,2.4236,,,0.550998884406863,1100,vishal-mega-mart,Mid Cap,Dec-2024
152401,5684.0,1,Tata Consumer Products Ltd.,Agri,Agriculture,Domestic Equities,24131.0,24131.0,0.0,2.2073,2.3133,-4.582198590757802,0.501823666261458,1100,tata-consumer-products,Large Cap,Dec-2024
171837,6012.0,1,DLF Ltd.,Realty,Realty,Domestic Equities,24000.0,24000.0,0.0,1.9798,1.9751,0.2379626348033005,0.450102158503346,1100,dlf,Large Cap,Dec-2024
661,8554.0,1,D.B. Corp Ltd.,Media & Entertainment,Media & Entertainment,Domestic Equities,55000.0,55000.0,0.0,1.6618000000000002,1.7113,-2.892537836732302,0.377805721285412,1100,db-corp,Small Cap,Dec-2024
152408,5535.0,1,ITC Ltd.,FMCG,Fast Moving Consumer Goods,Domestic Equities,612000.0,612000.0,0.0,27.387,29.5994,-7.474475833969615,6.29876963895058,1100,itc,Large Cap,Jan-2025
171656,5311.0,1,Mahindra & Mahindra Ltd.,Automobile & Ancillaries,Automobile & Ancillaries,Domestic Equities,86000.0,86000.0,0.0,25.7127,25.8611,-0.5738348330117491,5.91369533338608,1100,mahindra-mahindra,Large Cap,Jan-2025
171717,5016.0,1,Hindustan Unilever Ltd.,FMCG,Fast Moving Consumer Goods,Domestic Equities,93800.0,93800.0,0.0,23.1573,21.8259,6.1000920924223,5.32597576076497,1100,hindustan-unilever,Large Cap,Jan-2025
133593,6508.0,1,Bharti Airtel Ltd.,Telecom,Telecom,Domestic Equities,141000.0,141000.0,0.0,22.9308,22.3873,2.427715713819885,5.27388274863431,1100,bharti-airtel,Large Cap,Jan-2025
152205,8185.0,1,Trent Ltd.,Retailing,Retailing,Domestic Equities,29476.0,25600.0,15.140625,16.958099999999998,18.2358,-7.006547560293488,3.90021416782736,1100,trent,Large Cap,Jan-2025
156921,98676.0,1,Eternal Ltd.,Retailing,Information Technology,Domestic Equities,674854.0,377000.0,79.00636604774536,14.8704,10.4825,41.8592892916766,3.42006149045352,1100,eternal,Large Cap,Jan-2025
133625,7239.0,1,Maruti Suzuki India Ltd.,Automobile & Ancillaries,Automobile & Ancillaries,Domestic Equities,11400.0,9000.0,26.666666666666668,14.0341,9.7726,43.60661441172258,3.22771983021128,1100,maruti-suzuki-india,Large Cap,Jan-2025
211056,110999.0,1,DOMS Industries Ltd.,FMCG,Fast Moving Consumer Goods,Domestic Equities,38374.0,31874.0,20.392796636757232,9.5254,8.3555,14.001555861408654,2.19075840065943,1100,doms-industries,Small Cap,Jan-2025
152316,5915.0,1,Tata Power Company Ltd.,Power,Power,Domestic Equities,260000.0,260000.0,0.0,9.477,10.2024,-7.110091743119263,2.17962682544034,1100,tata-power-company,Large Cap,Jan-2025
171639,5614.0,1,Havells India Ltd.,Capital Goods,Capital Goods,Domestic Equities,60000.0,60000.0,0.0,9.3972,10.0506,-6.5011044116769074,2.16127352580226,1100,havells-india,Large Cap,Jan-2025
171383,5551.0,1,Hero MotoCorp Ltd.,Automobile & Ancillaries,Automobile & Ancillaries,Domestic Equities,20500.0,20500.0,0.0,8.895299999999999,8.5292,4.292313464334288,2.04584093071008,1100,hero-motocorp,Large Cap,Jan-2025
133317,6810.0,1,Blue Star Ltd.,Consumer Durables,Consumer Durables,Domestic Equities,48700.0,48700.0,0.0,8.8515,10.4177,-15.034028624360465,2.03576731511926,1100,blue-star,Mid Cap,Jan-2025
171402,5320.0,1,Godrej Consumer Products Ltd.,FMCG,Fast Moving Consumer Goods,Domestic Equities,77825.0,67825.0,14.743826022852929,8.7261,7.338999999999999,18.900395149202893,2.00692641568798,1100,godrej-consumer-products,Large Cap,Jan-2025
133583,8200.0,1,United Spirits Ltd.,Alcohol,Alcohol,Domestic Equities,61200.0,81500.0,-24.9079754601227,8.7149,13.2474,-34.2142609115751,2.00435051398439,1100,united-spirits,Large Cap,Jan-2025
38605,83193.0,1,Varun Beverages Ltd.,FMCG,Fast Moving Consumer Goods,Domestic Equities,162000.0,162000.0,0.0,8.6954,10.343699999999998,-15.93530361476067,1.99986568512546,1100,varun-beverages,Large Cap,Jan-2025
77009,96064.0,1,Max Healthcare Institute Ltd.,Healthcare,Healthcare,Domestic Equities,80000.0,80000.0,0.0,8.49,9.0252,-5.930062491689933,1.95262548781139,1100,max-healthcare-institute,Mid Cap,Jan-2025
171628,5788.0,1,Britannia Industries Ltd.,FMCG,Fast Moving Consumer Goods,Domestic Equities,16500.0,16500.0,0.0,8.4639,7.8585,7.703760259591521,1.94662271687712,1100,britannia-industries,Large Cap,Jan-2025
38803,5403.0,1,Indus Towers Ltd.,Telecom,Telecom,Domestic Equities,231888.0,120888.0,91.82052809211832,8.0512,4.132,94.84995159728943,1.85170533892427,1100,indus-towers,Large Cap,Jan-2025
171321,7864.0,1,Page Industries Ltd.,Textile,Textile,Domestic Equities,1799.0,1799.0,0.0,8.0458,8.5478,-5.872856173518325,1.85046338631718,1100,page-industries,Mid Cap,Jan-2025
133507,6902.0,1,TVS Motor Company Ltd.,Automobile & Ancillaries,Automobile & Ancillaries,Domestic Equities,29400.0,34200.0,-14.035087719298245,7.2262,8.100299999999999,-10.790958359566927,1.66196257950797,1100,tvs-motor-company,Large Cap,Jan-2025
95355,98927.0,1,Devyani International Ltd.,FMCG,Fast Moving Consumer Goods,Domestic Equities,420000.0,381000.0,10.236220472440944,7.0833,6.9513,1.8989253808640176,1.62909683366483,1100,devyani-international,Small Cap,Jan-2025
64699,82946.0,1,Aditya Vision Ltd.,Retailing,Retailing,Domestic Equities,160000.0,160000.0,0.0,6.755199999999999,8.148,-17.093765341188018,1.55363671322302,1100,aditya-vision,Small Cap,Jan-2025
84751,89823.0,1,Senco Gold Ltd.,Diamond  &  Jewellery,Diamond & Jewellery,Domestic Equities,140350.0,70175.0,100.0,6.5936,7.526599999999999,-12.396035394467615,1.51647013149978,1100,senco-gold,Small Cap,Jan-2025
133909,100034.0,1,Metro Brands Ltd.,Retailing,Retailing,Domestic Equities,54606.0,45606.0,19.734245494013948,6.47,5.549600000000001,16.584979097592612,1.48804321627087,1100,metro-brands,Mid Cap,Jan-2025
76174,111823.0,1,Bharti Hexacom Ltd.,Telecom,Telecom,Domestic Equities,46500.0,46500.0,0.0,6.3003,6.7746,-7.001151359489868,1.44901370563699,1100,bharti-hexacom,Mid Cap,Jan-2025
171359,5112.0,1,Aditya Birla Real Estate Ltd.,Diversified,Paper,Domestic Equities,29000.0,29000.0,0.0,6.2447,7.2751,-14.163379197536798,1.43622619360845,1100,aditya-birla-real-estate,Small Cap,Jan-2025
171765,6852.0,1,Ceat Ltd.,Automobile & Ancillaries,Automobile & Ancillaries,Domestic Equities,21788.0,20000.0,8.94,6.2241,6.464700000000001,-3.721750429254267,1.43148837440363,1100,ceat,Small Cap,Jan-2025
151986,6639.0,1,Safari Industries (India) Ltd.,FMCG,Fast Moving Consumer Goods,Domestic Equities,25758.0,25758.0,0.0,6.2077,6.7016,-7.369881819267039,1.42771651833766,1100,safari-industries-india,Small Cap,Jan-2025
153985,89725.0,1,Mrs. Bectors Food Specialities Ltd.,FMCG,Fast Moving Consumer Goods,Domestic Equities,40702.0,31702.0,28.389376064601603,5.983,5.1947,15.175082295416468,1.37603749040937,1100,mrs-bectors-food-specialities,Small Cap,Jan-2025
171884,5613.0,1,Bata India Ltd.,FMCG,Retailing,Domestic Equities,45000.0,45000.0,0.0,5.8356,6.1871,-5.681175348709426,1.34213678406032,1100,bata-india,Small Cap,Jan-2025
152378,5539.0,1,Tata Motors Ltd.,Automobile & Ancillaries,Automobile & Ancillaries,Domestic Equities,80000.0,80000.0,0.0,5.7288,5.9212,-3.249341349726408,1.31757372138679,1100,tata-motors,Large Cap,Jan-2025
95274,89247.0,1,Chalet Hotels Ltd.,Hospitality,Hospitality,Domestic Equities,73996.0,73996.0,0.0,5.7047,7.2087,-20.86367861056778,1.3120309328996,1100,chalet-hotels,Small Cap,Jan-2025
133298,5393.0,1,Balrampur Chini Mills Ltd.,Agri,Agriculture,Domestic Equities,115000.0,115000.0,0.0,5.604500000000001,6.0927,-8.012867858256593,1.2889858123014,1100,balrampur-chini-mills,Small Cap,Jan-2025
191600,99819.0,1,FSN E-Commerce Ventures Ltd.,Retailing,Information Technology,Domestic Equities,310000.0,310000.0,0.0,5.2359,5.0766,3.1379269589883005,1.20421104730643,1100,fsn-e-commerce-ventures,Mid Cap,Jan-2025
171799,4956.0,1,Dabur India Ltd.,FMCG,Fast Moving Consumer Goods,Domestic Equities,98600.0,98600.0,0.0,5.2243,4.999,4.50690138027605,1.20154314911343,1100,dabur-india,Large Cap,Jan-2025
222979,112566.0,1,Vishal Mega Mart Ltd.,Retailing,Retailing,Domestic Equities,477718.0,227718.0,109.78490940549275,5.157,2.4236,112.78263739891072,1.18606473976953,1100,vishal-mega-mart,Mid Cap,Jan-2025
171658,4978.0,1,Asian Paints Ltd.,Chemicals,Chemicals,Domestic Equities,20350.0,20350.0,0.0,4.6821,4.6425,0.8529886914377985,1.0768419077128,1100,asian-paints,Large Cap,Jan-2025
607,7527.0,1,Jyothy Labs Ltd.,FMCG,Fast Moving Consumer Goods,Domestic Equities,111010.0,111010.0,0.0,4.4226,4.4082,0.3266639444671289,1.01715918520549,1100,jyothy-labs,Small Cap,Jan-2025
133623,8531.0,1,Radico Khaitan Ltd.,Alcohol,Alcohol,Domestic Equities,20000.0,,,4.3568,,,1.0020257626969,1100,radico-khaitan,Small Cap,Jan-2025
171948,7104.0,1,Emami Ltd.,FMCG,Fast Moving Consumer Goods,Domestic Equities,72000.0,72000.0,0.0,4.2455,4.3254,-1.847228002034496,0.97642773951746,1100,emami,Small Cap,Jan-2025
171440,6777.0,1,Greenply Industries Ltd.,Construction Materials,Construction Materials,Domestic Equities,150000.0,150000.0,0.0,4.2023,4.6133,-8.909023909132284,0.966492118660752,1100,greenply-industries,Small Cap,Jan-2025
152572,7512.0,1,Info Edge (India) Ltd.,IT,Information Technology,Domestic Equities,5400.0,5400.0,0.0,4.1708,4.6857,-10.9887530144909,0.959247395119402,1100,info-edge-india,Large Cap,Jan-2025
133275,8322.0,1,Amara Raja Energy & Mobility Ltd.,Automobile & Ancillaries,Automobile & Ancillaries,Domestic Equities,40000.0,40000.0,0.0,4.1386,4.7998,-13.77557398224926,0.951841677721578,1100,amara-raja-energy-mobility,Small Cap,Jan-2025
95549,7450.0,1,Aditya Birla Fashion and Retail Ltd.,Retailing,Retailing,Domestic Equities,150000.0,150000.0,0.0,4.1078,4.1993,-2.1789345843354924,0.944757948036703,1100,aditya-birla-fashion-and-retail,Mid Cap,Jan-2025
57345,99844.0,1,AWL Agri Business Ltd.,FMCG,Fast Moving Consumer Goods,Domestic Equities,145000.0,,,3.8664,,,0.889238066675376,1100,awl-agri-business,Mid Cap,Jan-2025
37962,6229.0,1,Gillette India Ltd.,FMCG,Fast Moving Consumer Goods,Domestic Equities,4122.0,4122.0,0.0,3.5479000000000003,3.9378,-9.901467824673665,0.815985861979507,1100,gillette-india,Small Cap,Jan-2025
171619,82976.0,1,Avenue Supermarts Ltd.,Retailing,Retailing,Domestic Equities,9300.0,9300.0,0.0,3.4081,3.3125,2.886037735849057,0.783833088929326,1100,avenue-supermarts,Large Cap,Jan-2025
175396,92940.0,1,Restaurant Brands Asia Ltd.,Hospitality,Hospitality,Domestic Equities,454000.0,454000.0,0.0,3.2974,3.8536,-14.433257214033633,0.758373060484012,1100,restaurant-brands-asia,Small Cap,Jan-2025
84908,112552.0,1,Swiggy Ltd.,Retailing,Information Technology,Domestic Equities,76822.0,163793.0,-53.09811774617963,3.1966,8.8596,-63.91936430538624,0.735189945151693,1100,swiggy,Large Cap,Jan-2025
152531,6528.0,1,Kewal Kiran Clothing Ltd.,Textile,Textile,Domestic Equities,54000.0,54000.0,0.0,2.9927,3.1523000000000003,-5.062969894997315,0.688294734672925,1100,kewal-kiran-clothing,Small Cap,Jan-2025
152400,5891.0,1,Nestle India Ltd.,FMCG,Fast Moving Consumer Goods,Domestic Equities,12000.0,12000.0,0.0,2.7758,2.6041000000000003,6.593448792289067,0.638409638288203,1100,nestle-india,Large Cap,Jan-2025
152401,5684.0,1,Tata Consumer Products Ltd.,Agri,Agriculture,Domestic Equities,24131.0,24131.0,0.0,2.4726,2.2073,12.019208988356816,0.568676299312418,1100,tata-consumer-products,Large Cap,Jan-2025
661,8554.0,1,D.B. Corp Ltd.,Media & Entertainment,Media & Entertainment,Domestic Equities,55000.0,55000.0,0.0,1.4432,1.6618000000000002,-13.154410879768932,0.331923333805582,1100,db-corp,Small Cap,Jan-2025
225180,112809.0,1,ITC Hotels Ltd.,Hospitality,Hospitality,Domestic Equities,61200.0,,,0.9973,,,0.229370247231366,1100,itc-hotels,,Jan-2025
152408,5535.0,1,ITC Ltd.,FMCG,Fast Moving Consumer Goods,Domestic Equities,612000.0,612000.0,0.0,24.174,27.387,-11.731843575418983,5.8528110271279,1100,itc,Large Cap,Feb-2025
133593,6508.0,1,Bharti Airtel Ltd.,Telecom,Telecom,Domestic Equities,141000.0,141000.0,0.0,22.1398,22.9308,-3.449508957384823,5.36030717210252,1100,bharti-airtel,Large Cap,Feb-2025
171717,5016.0,1,Hindustan Unilever Ltd.,FMCG,Fast Moving Consumer Goods,Domestic Equities,93682.0,93800.0,-0.1257995735607676,20.5187,23.1573,-11.3942471704387,4.96781970804705,1100,hindustan-unilever,Large Cap,Feb-2025
171656,5311.0,1,Mahindra & Mahindra Ltd.,Automobile & Ancillaries,Automobile & Ancillaries,Domestic Equities,74646.0,86000.0,-13.20232558139535,19.2967,25.7127,-24.95264985785234,4.67195906954492,1100,mahindra-mahindra,Large Cap,Feb-2025
156921,98676.0,1,Eternal Ltd.,Retailing,Information Technology,Domestic Equities,674854.0,674854.0,0.0,14.988499999999998,14.8704,0.7941951796858151,3.62889294614489,1100,eternal,Large Cap,Feb-2025
152205,8185.0,1,Trent Ltd.,Retailing,Retailing,Domestic Equities,29476.0,29476.0,0.0,14.3004,16.958099999999998,-15.672156668494702,3.46229580592123,1100,trent,Large Cap,Feb-2025
133625,7239.0,1,Maruti Suzuki India Ltd.,Automobile & Ancillaries,Automobile & Ancillaries,Domestic Equities,11400.0,11400.0,0.0,13.6183,14.0341,-2.962783505889238,3.29715133659038,1100,maruti-suzuki-india,Large Cap,Feb-2025
133317,6810.0,1,Blue Star Ltd.,Consumer Durables,Consumer Durables,Domestic Equities,48700.0,48700.0,0.0,9.339,8.8515,5.507541094729707,2.26108224465738,1100,blue-star,Mid Cap,Feb-2025
211056,110999.0,1,DOMS Industries Ltd.,FMCG,Fast Moving Consumer Goods,Domestic Equities,38374.0,38374.0,0.0,9.2349,9.5254,-3.049740693304213,2.23587840466714,1100,doms-industries,Small Cap,Feb-2025
152316,5915.0,1,Tata Power Company Ltd.,Power,Power,Domestic Equities,260000.0,260000.0,0.0,8.8192,9.477,-6.941015089163247,2.13523252297702,1100,tata-power-company,Large Cap,Feb-2025
171639,5614.0,1,Havells India Ltd.,Capital Goods,Capital Goods,Domestic Equities,60000.0,60000.0,0.0,8.530800000000001,9.3972,-9.21976759034606,2.06540747539599,1100,havells-india,Large Cap,Feb-2025
133583,8200.0,1,United Spirits Ltd.,Alcohol,Alcohol,Domestic Equities,61200.0,61200.0,0.0,7.8608,8.7149,-9.800456689118633,1.90319255903231,1100,united-spirits,Large Cap,Feb-2025
77009,96064.0,1,Max Healthcare Institute Ltd.,Healthcare,Healthcare,Domestic Equities,80000.0,80000.0,0.0,7.8248,8.49,-7.835100117785627,1.89447653367545,1100,max-healthcare-institute,Mid Cap,Feb-2025
171402,5320.0,1,Godrej Consumer Products Ltd.,FMCG,Fast Moving Consumer Goods,Domestic Equities,77825.0,77825.0,0.0,7.822599999999999,8.7261,-10.35399548480994,1.89394388768142,1100,godrej-consumer-products,Large Cap,Feb-2025
171628,5788.0,1,Britannia Industries Ltd.,FMCG,Fast Moving Consumer Goods,Domestic Equities,16500.0,16500.0,0.0,7.5825,8.4639,-10.41363910254138,1.83581284078751,1100,britannia-industries,Large Cap,Feb-2025
171383,5551.0,1,Hero MotoCorp Ltd.,Automobile & Ancillaries,Automobile & Ancillaries,Domestic Equities,20500.0,20500.0,0.0,7.5463,8.895299999999999,-15.165312018706508,1.82704839306756,1100,hero-motocorp,Large Cap,Feb-2025
38803,5403.0,1,Indus Towers Ltd.,Telecom,Telecom,Domestic Equities,231888.0,231888.0,0.0,7.498099999999999,8.0512,-6.869783386327512,1.815378603562,1100,indus-towers,Large Cap,Feb-2025
64699,82946.0,1,Aditya Vision Ltd.,Retailing,Retailing,Domestic Equities,165978.0,160000.0,3.73625,7.2101,6.755199999999999,6.7340715300805325,1.74565040070716,1100,aditya-vision,Small Cap,Feb-2025
38605,83193.0,1,Varun Beverages Ltd.,FMCG,Fast Moving Consumer Goods,Domestic Equities,162000.0,162000.0,0.0,7.064,8.6954,-18.76164408767854,1.71027786446726,1100,varun-beverages,Large Cap,Feb-2025
95355,98927.0,1,Devyani International Ltd.,FMCG,Fast Moving Consumer Goods,Domestic Equities,420000.0,420000.0,0.0,6.9308000000000005,7.0833,-2.152951308006155,1.6780285706469,1100,devyani-international,Small Cap,Feb-2025
76174,111823.0,1,Bharti Hexacom Ltd.,Telecom,Telecom,Domestic Equities,51451.0,46500.0,10.647311827956988,6.7113,6.3003,6.523498881005669,1.62488502715163,1100,bharti-hexacom,Mid Cap,Feb-2025
133507,6902.0,1,TVS Motor Company Ltd.,Automobile & Ancillaries,Automobile & Ancillaries,Domestic Equities,29400.0,29400.0,0.0,6.542999999999999,7.2262,-9.454485068223969,1.58413760860833,1100,tvs-motor-company,Large Cap,Feb-2025
171321,7864.0,1,Page Industries Ltd.,Textile,Textile,Domestic Equities,1595.0,1799.0,-11.3396331295164,6.4623,8.0458,-19.68107584081136,1.56459918510005,1100,page-industries,Mid Cap,Feb-2025
133909,100034.0,1,Metro Brands Ltd.,Retailing,Retailing,Domestic Equities,53296.0,54606.0,-2.399003772479215,5.954,6.47,-7.975270479134471,1.44153374929757,1100,metro-brands,Mid Cap,Feb-2025
171765,6852.0,1,Ceat Ltd.,Automobile & Ancillaries,Automobile & Ancillaries,Domestic Equities,21788.0,21788.0,0.0,5.517799999999999,6.2241,-11.347825388409568,1.33592457539035,1100,ceat,Small Cap,Feb-2025
151986,6639.0,1,Safari Industries (India) Ltd.,FMCG,Fast Moving Consumer Goods,Domestic Equities,25824.0,25758.0,0.2562310738411367,5.5161,6.2077,-11.141002303590696,1.33551298530405,1100,safari-industries-india,Small Cap,Feb-2025
95274,89247.0,1,Chalet Hotels Ltd.,Hospitality,Hospitality,Domestic Equities,73996.0,73996.0,0.0,5.4539,5.7047,-4.396374918926506,1.32045363038193,1100,chalet-hotels,Small Cap,Feb-2025
171359,5112.0,1,Aditya Birla Real Estate Ltd.,Diversified,Paper,Domestic Equities,29000.0,29000.0,0.0,5.403,6.2447,-13.478629878136672,1.3081301389746,1100,aditya-birla-real-estate,Small Cap,Feb-2025
153985,89725.0,1,Mrs. Bectors Food Specialities Ltd.,FMCG,Fast Moving Consumer Goods,Domestic Equities,40702.0,40702.0,0.0,5.3761,5.983,-10.143740598362015,1.30161733113851,1100,mrs-bectors-food-specialities,Small Cap,Feb-2025
152572,7512.0,1,Info Edge (India) Ltd.,IT,Information Technology,Domestic Equities,7400.0,5400.0,37.03703703703704,5.174600000000001,4.1708,24.067325213388333,1.25283180032167,1100,info-edge-india,Large Cap,Feb-2025
133298,5393.0,1,Balrampur Chini Mills Ltd.,Agri,Agriculture,Domestic Equities,115000.0,115000.0,0.0,5.1089,5.604500000000001,-8.842894102952995,1.23692505404541,1100,balrampur-chini-mills,Small Cap,Feb-2025
152378,5539.0,1,Tata Motors Ltd.,Automobile & Ancillaries,Automobile & Ancillaries,Domestic Equities,80000.0,80000.0,0.0,4.965199999999999,5.7288,-13.329143974305266,1.20213358616263,1100,tata-motors,Large Cap,Feb-2025
191600,99819.0,1,FSN E-Commerce Ventures Ltd.,Retailing,Information Technology,Domestic Equities,310000.0,310000.0,0.0,4.9228,5.2359,-5.979869745411497,1.19186804518678,1100,fsn-e-commerce-ventures,Mid Cap,Feb-2025
171799,4956.0,1,Dabur India Ltd.,FMCG,Fast Moving Consumer Goods,Domestic Equities,98600.0,98600.0,0.0,4.8639,5.2243,-6.898531860727747,1.1776076592557,1100,dabur-india,Large Cap,Feb-2025
171884,5613.0,1,Bata India Ltd.,FMCG,Retailing,Domestic Equities,38800.0,45000.0,-13.77777777777778,4.7379,5.8356,-18.810405099732662,1.14710157050671,1100,bata-india,Small Cap,Feb-2025
171619,82976.0,1,Avenue Supermarts Ltd.,Retailing,Retailing,Domestic Equities,13300.0,9300.0,43.01075268817204,4.5273,3.4081,32.83941198908483,1.09611282216911,1100,avenue-supermarts,Large Cap,Feb-2025
171658,4978.0,1,Asian Paints Ltd.,Chemicals,Chemicals,Domestic Equities,20350.0,20350.0,0.0,4.4358,4.6821,-5.260460049977573,1.07395959105377,1100,asian-paints,Large Cap,Feb-2025
133623,8531.0,1,Radico Khaitan Ltd.,Alcohol,Alcohol,Domestic Equities,20000.0,20000.0,0.0,4.146100000000001,4.3568,-4.836118251928019,1.00381979811264,1100,radico-khaitan,Small Cap,Feb-2025
84751,89823.0,1,Senco Gold Ltd.,Diamond  &  Jewellery,Diamond & Jewellery,Domestic Equities,140350.0,140350.0,0.0,4.1228,6.5936,-37.47270080077652,0.998178592812233,1100,senco-gold,Small Cap,Feb-2025
171440,6777.0,1,Greenply Industries Ltd.,Construction Materials,Construction Materials,Domestic Equities,150000.0,150000.0,0.0,4.089,4.2023,-2.6961425885824526,0.989995213449408,1100,greenply-industries,Small Cap,Feb-2025
222979,112566.0,1,Vishal Mega Mart Ltd.,Retailing,Retailing,Domestic Equities,404718.0,477718.0,-15.28098166700857,4.0557,5.157,-21.35543920884236,0.981932889994318,1100,vishal-mega-mart,Mid Cap,Feb-2025
152401,5684.0,1,Tata Consumer Products Ltd.,Agri,Agriculture,Domestic Equities,41131.0,24131.0,70.4488002983714,3.9638,2.4726,60.3089864919518,0.959682814152791,1100,tata-consumer-products,Large Cap,Feb-2025
133275,8322.0,1,Amara Raja Energy & Mobility Ltd.,Automobile & Ancillaries,Automobile & Ancillaries,Domestic Equities,40000.0,40000.0,0.0,3.9166,4.1386,-5.364132798530901,0.948255136462693,1100,amara-raja-energy-mobility,Small Cap,Feb-2025
171948,7104.0,1,Emami Ltd.,FMCG,Fast Moving Consumer Goods,Domestic Equities,72000.0,72000.0,0.0,3.8156,4.2455,-10.12601578141562,0.923801843100406,1100,emami,Small Cap,Feb-2025
95549,7450.0,1,Aditya Birla Fashion and Retail Ltd.,Retailing,Retailing,Domestic Equities,150000.0,150000.0,0.0,3.6323,4.1078,-11.575539218072924,0.879422747325088,1100,aditya-birla-fashion-and-retail,Mid Cap,Feb-2025
607,7527.0,1,Jyothy Labs Ltd.,FMCG,Fast Moving Consumer Goods,Domestic Equities,111010.0,111010.0,0.0,3.579,4.4226,-19.074752408085747,0.866518187560634,1100,jyothy-labs,Small Cap,Feb-2025
57345,99844.0,1,AWL Agri Business Ltd.,FMCG,Fast Moving Consumer Goods,Domestic Equities,145000.0,145000.0,0.0,3.5692000000000004,3.8664,-7.686737016345948,0.864145491769046,1100,awl-agri-business,Mid Cap,Feb-2025
113922,5953.0,1,Hindustan Foods Ltd.,FMCG,Fast Moving Consumer Goods,Domestic Equities,67139.0,,,3.4268,,,0.829668769246376,1100,hindustan-foods,Small Cap,Feb-2025
37962,6229.0,1,Gillette India Ltd.,FMCG,Fast Moving Consumer Goods,Domestic Equities,4122.0,4122.0,0.0,3.2503,3.5479000000000003,-8.38806054285635,0.786936033816241,1100,gillette-india,Small Cap,Feb-2025
175396,92940.0,1,Restaurant Brands Asia Ltd.,Hospitality,Hospitality,Domestic Equities,454000.0,454000.0,0.0,2.8956,3.2974,-12.185358160975316,0.701058972869676,1100,restaurant-brands-asia,Small Cap,Feb-2025
152194,7698.0,1,Whirlpool Of India Ltd.,Consumer Durables,Consumer Durables,Domestic Equities,31000.0,,,2.877,,,0.696555693101968,1100,whirlpool-of-india,Small Cap,Feb-2025
152400,5891.0,1,Nestle India Ltd.,FMCG,Fast Moving Consumer Goods,Domestic Equities,12000.0,12000.0,0.0,2.6276,2.7758,-5.339001368974708,0.636173006324203,1100,nestle-india,Large Cap,Feb-2025
152531,6528.0,1,Kewal Kiran Clothing Ltd.,Textile,Textile,Domestic Equities,54000.0,54000.0,0.0,2.5151,2.9927,-15.958833160691013,0.608935427084032,1100,kewal-kiran-clothing,Small Cap,Feb-2025
84908,112552.0,1,Swiggy Ltd.,Retailing,Information Technology,Domestic Equities,61822.0,76822.0,-19.52565671292077,2.0689,3.1966,-35.278107989739105,0.500905135022128,1100,swiggy,Large Cap,Feb-2025
134131,90516.0,1,Polycab India Ltd.,Electricals,Electricals,Domestic Equities,3700.0,,,1.744,,,0.422243006176515,1100,polycab-india,Large Cap,Feb-2025
661,8554.0,1,D.B. Corp Ltd.,Media & Entertainment,Media & Entertainment,Domestic Equities,55000.0,55000.0,0.0,1.1157,1.4432,-22.69262749445676,0.270124152517854,1100,db-corp,Small Cap,Feb-2025
225180,112809.0,1,ITC Hotels Ltd.,Hospitality,Hospitality,Domestic Equities,61200.0,61200.0,0.0,1.0025,0.9973,0.5214078010628658,0.242717095006855,1100,itc-hotels,,Feb-2025
152408,5535.0,1,ITC Ltd.,FMCG,Fast Moving Consumer Goods,Domestic Equities,612000.0,612000.0,0.0,25.0767,24.174,3.734177215189872,5.62375492451672,1100,itc,Large Cap,Mar-2025
133593,6508.0,1,Bharti Airtel Ltd.,Telecom,Telecom,Domestic Equities,141000.0,141000.0,0.0,24.440900000000003,22.1398,10.393499489606958,5.48116904276164,1100,bharti-airtel,Large Cap,Mar-2025
171717,5016.0,1,Hindustan Unilever Ltd.,FMCG,Fast Moving Consumer Goods,Domestic Equities,93682.0,93682.0,0.0,21.1614,20.5187,3.132264714626169,4.7457012868387,1100,hindustan-unilever,Large Cap,Mar-2025
171656,5311.0,1,Mahindra & Mahindra Ltd.,Automobile & Ancillaries,Automobile & Ancillaries,Domestic Equities,74646.0,74646.0,0.0,19.8991,19.2967,3.121777298709106,4.46261516142278,1100,mahindra-mahindra,Large Cap,Mar-2025
152205,8185.0,1,Trent Ltd.,Retailing,Retailing,Domestic Equities,29476.0,29476.0,0.0,15.6964,14.3004,9.761964700288113,3.52010857876771,1100,trent,Large Cap,Mar-2025
156921,98676.0,1,Eternal Ltd.,Retailing,Information Technology,Domestic Equities,674854.0,674854.0,0.0,13.6118,14.988499999999998,-9.185041865430152,3.05261167863143,1100,eternal,Large Cap,Mar-2025
133625,7239.0,1,Maruti Suzuki India Ltd.,Automobile & Ancillaries,Automobile & Ancillaries,Domestic Equities,11400.0,11400.0,0.0,13.1353,13.6183,-3.5466981928728223,2.94575075907135,1100,maruti-suzuki-india,Large Cap,Mar-2025
171461,6050.0,1,Titan Company Ltd.,Diamond  &  Jewellery,Diamond & Jewellery,Domestic Equities,36000.0,,,11.0281,,,2.47318553410388,1100,titan-company,Large Cap,Mar-2025
133317,6810.0,1,Blue Star Ltd.,Consumer Durables,Consumer Durables,Domestic Equities,48700.0,48700.0,0.0,10.4043,9.339,11.40700289110184,2.33329079827686,1100,blue-star,Mid Cap,Mar-2025
152316,5915.0,1,Tata Power Company Ltd.,Power,Power,Domestic Equities,260000.0,260000.0,0.0,9.7604,8.8192,10.672169811320757,2.18888839302033,1100,tata-power-company,Large Cap,Mar-2025
211056,110999.0,1,DOMS Industries Ltd.,FMCG,Fast Moving Consumer Goods,Domestic Equities,33774.0,38374.0,-11.987283056235992,9.7176,9.2349,5.226910957346585,2.17928997254358,1100,doms-industries,Small Cap,Mar-2025
171619,82976.0,1,Avenue Supermarts Ltd.,Retailing,Retailing,Domestic Equities,22500.0,13300.0,69.17293233082707,9.1872,4.5273,102.92889801868664,2.0603413225233,1100,avenue-supermarts,Large Cap,Mar-2025
171639,5614.0,1,Havells India Ltd.,Capital Goods,Capital Goods,Domestic Equities,60000.0,60000.0,0.0,9.1734,8.530800000000001,7.532705021803346,2.05724650470603,1100,havells-india,Large Cap,Mar-2025
171402,5320.0,1,Godrej Consumer Products Ltd.,FMCG,Fast Moving Consumer Goods,Domestic Equities,77825.0,77825.0,0.0,9.0219,7.822599999999999,15.331219799043804,2.02327078736426,1100,godrej-consumer-products,Large Cap,Mar-2025
77009,96064.0,1,Max Healthcare Institute Ltd.,Healthcare,Healthcare,Domestic Equities,82150.0,80000.0,2.6875,9.0114,7.8248,15.164604846130247,2.02091603467721,1100,max-healthcare-institute,Mid Cap,Mar-2025
38605,83193.0,1,Varun Beverages Ltd.,FMCG,Fast Moving Consumer Goods,Domestic Equities,162000.0,162000.0,0.0,8.7423,7.064,23.75849377123444,1.96056708724045,1100,varun-beverages,Large Cap,Mar-2025
133583,8200.0,1,United Spirits Ltd.,Alcohol,Alcohol,Domestic Equities,61200.0,61200.0,0.0,8.576,7.8608,9.098310604518622,1.92327228992074,1100,united-spirits,Large Cap,Mar-2025
171628,5788.0,1,Britannia Industries Ltd.,FMCG,Fast Moving Consumer Goods,Domestic Equities,16500.0,16500.0,0.0,8.145900000000001,7.5825,7.430267062314543,1.82681713461583,1100,britannia-industries,Large Cap,Mar-2025
38803,5403.0,1,Indus Towers Ltd.,Telecom,Telecom,Domestic Equities,231888.0,231888.0,0.0,7.752000000000001,7.498099999999999,3.3861911684293493,1.73848026952724,1100,indus-towers,Large Cap,Mar-2025
171383,5551.0,1,Hero MotoCorp Ltd.,Automobile & Ancillaries,Automobile & Ancillaries,Domestic Equities,20500.0,20500.0,0.0,7.632000000000001,7.5463,1.135655884340677,1.71156881024663,1100,hero-motocorp,Large Cap,Mar-2025
76174,111823.0,1,Bharti Hexacom Ltd.,Telecom,Telecom,Domestic Equities,51451.0,51451.0,0.0,7.5314,6.7113,12.219689180933647,1.68900803688305,1100,bharti-hexacom,Mid Cap,Mar-2025
64699,82946.0,1,Aditya Vision Ltd.,Retailing,Retailing,Domestic Equities,165978.0,165978.0,0.0,7.3985,7.2101,2.613001206640689,1.65920359572978,1100,aditya-vision,Small Cap,Mar-2025
133507,6902.0,1,TVS Motor Company Ltd.,Automobile & Ancillaries,Automobile & Ancillaries,Domestic Equities,29400.0,29400.0,0.0,7.114400000000001,6.542999999999999,8.732997096133289,1.59549071588294,1100,tvs-motor-company,Large Cap,Mar-2025
171321,7864.0,1,Page Industries Ltd.,Textile,Textile,Domestic Equities,1595.0,1595.0,0.0,6.8097,6.4623,5.375794995589807,1.52715803552627,1100,page-industries,Mid Cap,Mar-2025
133298,5393.0,1,Balrampur Chini Mills Ltd.,Agri,Agriculture,Domestic Equities,115000.0,115000.0,0.0,6.2963,5.1089,23.24179373250602,1.4120218422374,1100,balrampur-chini-mills,Small Cap,Mar-2025
171765,6852.0,1,Ceat Ltd.,Automobile & Ancillaries,Automobile & Ancillaries,Domestic Equities,21788.0,21788.0,0.0,6.2739,5.517799999999999,13.70292507883577,1.40699836983835,1100,ceat,Small Cap,Mar-2025
95355,98927.0,1,Devyani International Ltd.,FMCG,Fast Moving Consumer Goods,Domestic Equities,420000.0,420000.0,0.0,6.2639,6.9308000000000005,-9.622265827898662,1.40475574823164,1100,devyani-international,Small Cap,Mar-2025
95274,89247.0,1,Chalet Hotels Ltd.,Hospitality,Hospitality,Domestic Equities,73996.0,73996.0,0.0,6.0636,5.4539,11.179156200150356,1.35983603744909,1100,chalet-hotels,Small Cap,Mar-2025
153985,89725.0,1,Mrs. Bectors Food Specialities Ltd.,FMCG,Fast Moving Consumer Goods,Domestic Equities,40702.0,40702.0,0.0,5.948200000000001,5.3761,10.64154312605793,1.33395618410757,1100,mrs-bectors-food-specialities,Small Cap,Mar-2025
191600,99819.0,1,FSN E-Commerce Ventures Ltd.,Retailing,Information Technology,Domestic Equities,310000.0,310000.0,0.0,5.5515,4.9228,12.771187129276024,1.2449913849691,1100,fsn-e-commerce-ventures,Mid Cap,Mar-2025
171359,5112.0,1,Aditya Birla Real Estate Ltd.,Diversified,Paper,Domestic Equities,28277.0,29000.0,-2.493103448275862,5.542000000000001,5.403,2.572644826948009,1.24286089444272,1100,aditya-birla-real-estate,Small Cap,Mar-2025
133909,100034.0,1,Metro Brands Ltd.,Retailing,Retailing,Domestic Equities,53296.0,53296.0,0.0,5.400499999999999,5.954,-9.296271414175347,1.21112779870767,1100,metro-brands,Mid Cap,Mar-2025
152378,5539.0,1,Tata Motors Ltd.,Automobile & Ancillaries,Automobile & Ancillaries,Domestic Equities,80000.0,80000.0,0.0,5.395599999999999,4.965199999999999,8.668331587851439,1.21002891412038,1100,tata-motors,Large Cap,Mar-2025
152572,7512.0,1,Info Edge (India) Ltd.,IT,Information Technology,Domestic Equities,7400.0,7400.0,0.0,5.3142,5.174600000000001,2.6977930661307004,1.1917739742417,1100,info-edge-india,Large Cap,Mar-2025
151986,6639.0,1,Safari Industries (India) Ltd.,FMCG,Fast Moving Consumer Goods,Domestic Equities,25824.0,25824.0,0.0,5.1041,5.5161,-7.469045158717208,1.14465649428457,1100,safari-industries-india,Small Cap,Mar-2025
171799,4956.0,1,Dabur India Ltd.,FMCG,Fast Moving Consumer Goods,Domestic Equities,98600.0,98600.0,0.0,4.9941,4.8639,2.676864244741882,1.11998765661068,1100,dabur-india,Large Cap,Mar-2025
133623,8531.0,1,Radico Khaitan Ltd.,Alcohol,Alcohol,Domestic Equities,20000.0,20000.0,0.0,4.8579,4.146100000000001,17.16794095656159,1.08944315032719,1100,radico-khaitan,Small Cap,Mar-2025
171658,4978.0,1,Asian Paints Ltd.,Chemicals,Chemicals,Domestic Equities,20350.0,20350.0,0.0,4.7632,4.4358,7.380855764461882,1.06820552371157,1100,asian-paints,Large Cap,Mar-2025
171884,5613.0,1,Bata India Ltd.,FMCG,Retailing,Domestic Equities,38800.0,38800.0,0.0,4.7332,4.7379,-0.0992000675404772,1.06147765889142,1100,bata-india,Small Cap,Mar-2025
171440,6777.0,1,Greenply Industries Ltd.,Construction Materials,Construction Materials,Domestic Equities,150000.0,150000.0,0.0,4.293,4.089,4.988994864270001,0.962757455763728,1100,greenply-industries,Small Cap,Mar-2025
222979,112566.0,1,Vishal Mega Mart Ltd.,Retailing,Retailing,Domestic Equities,404718.0,404718.0,0.0,4.2188,4.0557,4.021500604088074,0.946117203441886,1100,vishal-mega-mart,Mid Cap,Mar-2025
171948,7104.0,1,Emami Ltd.,FMCG,Fast Moving Consumer Goods,Domestic Equities,72000.0,72000.0,0.0,4.1753,3.8156,9.427088793374558,0.936361799452666,1100,emami,Small Cap,Mar-2025
152401,5684.0,1,Tata Consumer Products Ltd.,Agri,Agriculture,Domestic Equities,41131.0,41131.0,0.0,4.1209,3.9638,3.963368484787321,0.924161937912124,1100,tata-consumer-products,Large Cap,Mar-2025
133275,8322.0,1,Amara Raja Energy & Mobility Ltd.,Automobile & Ancillaries,Automobile & Ancillaries,Domestic Equities,40000.0,40000.0,0.0,4.0132,3.9166,2.4664249604248503,0.900008903207779,1100,amara-raja-energy-mobility,Small Cap,Mar-2025
95549,7450.0,1,Aditya Birla Fashion and Retail Ltd.,Retailing,Retailing,Domestic Equities,150000.0,150000.0,0.0,3.8441,3.6323,5.831016160559427,0.86208617183819,1100,aditya-birla-fashion-and-retail,Mid Cap,Mar-2025
84751,89823.0,1,Senco Gold Ltd.,Diamond  &  Jewellery,Diamond & Jewellery,Domestic Equities,140350.0,140350.0,0.0,3.8224,4.1228,-7.286310274570671,0.857219682951613,1100,senco-gold,Small Cap,Mar-2025
113922,5953.0,1,Hindustan Foods Ltd.,FMCG,Fast Moving Consumer Goods,Domestic Equities,67139.0,67139.0,0.0,3.8024,3.4268,10.960663009221433,0.852734439738178,1100,hindustan-foods,Small Cap,Mar-2025
57345,99844.0,1,AWL Agri Business Ltd.,FMCG,Fast Moving Consumer Goods,Domestic Equities,145000.0,145000.0,0.0,3.7456,3.5692000000000004,4.942283985206765,0.839996349012024,1100,awl-agri-business,Mid Cap,Mar-2025
607,7527.0,1,Jyothy Labs Ltd.,FMCG,Fast Moving Consumer Goods,Domestic Equities,111010.0,111010.0,0.0,3.6489,3.579,1.9530595138306808,0.818310198075068,1100,jyothy-labs,Small Cap,Mar-2025
37962,6229.0,1,Gillette India Ltd.,FMCG,Fast Moving Consumer Goods,Domestic Equities,4122.0,4122.0,0.0,3.3072000000000004,3.2503,1.7506076362182124,0.741679817773539,1100,gillette-india,Small Cap,Mar-2025
152194,7698.0,1,Whirlpool Of India Ltd.,Consumer Durables,Consumer Durables,Domestic Equities,31000.0,31000.0,0.0,3.0687,2.877,6.663190823774771,0.688193292453332,1100,whirlpool-of-india,Small Cap,Mar-2025
175396,92940.0,1,Restaurant Brands Asia Ltd.,Hospitality,Hospitality,Domestic Equities,454000.0,454000.0,0.0,2.7444,2.8956,-5.221715706589309,0.61546507374749,1100,restaurant-brands-asia,Small Cap,Mar-2025
152400,5891.0,1,Nestle India Ltd.,FMCG,Fast Moving Consumer Goods,Domestic Equities,12000.0,12000.0,0.0,2.7009,2.6276,2.7896179022682235,0.60570966975827,1100,nestle-india,Large Cap,Mar-2025
84908,112552.0,1,Swiggy Ltd.,Retailing,Information Technology,Domestic Equities,61822.0,61822.0,0.0,2.0414,2.0689,-1.3292087582773455,0.457808774795265,1100,swiggy,Large Cap,Mar-2025
152531,6528.0,1,Kewal Kiran Clothing Ltd.,Textile,Textile,Domestic Equities,42548.0,54000.0,-21.20740740740741,1.9583,2.5151,-22.13828476004929,0.439172589243445,1100,kewal-kiran-clothing,Small Cap,Mar-2025
134131,90516.0,1,Polycab India Ltd.,Electricals,Electricals,Domestic Equities,3700.0,3700.0,0.0,1.9047,1.744,9.2144495412844,0.42715213743144,1100,polycab-india,Large Cap,Mar-2025
661,8554.0,1,D.B. Corp Ltd.,Media & Entertainment,Media & Entertainment,Domestic Equities,55000.0,55000.0,0.0,1.2727,1.1157,14.071883122703236,0.285418451886908,1100,db-corp,Small Cap,Mar-2025
225180,112809.0,1,ITC Hotels Ltd.,Hospitality,Hospitality,Domestic Equities,61200.0,61200.0,0.0,1.2088,1.0025,20.578553615960097,0.271088099819985,1100,itc-hotels,,Mar-2025
133593,6508.0,1,Bharti Airtel Ltd.,Telecom,Telecom,Domestic Equities,141000.0,141000.0,0.0,26.2895,24.440900000000003,7.563551260387288,5.4886448238527,1100,bharti-airtel,Large Cap,Apr-2025
152408,5535.0,1,ITC Ltd.,FMCG,Fast Moving Consumer Goods,Domestic Equities,612000.0,612000.0,0.0,26.059,25.0767,3.917182085362109,5.44052170884868,1100,itc,Large Cap,Apr-2025
171717,5016.0,1,Hindustan Unilever Ltd.,FMCG,Fast Moving Consumer Goods,Domestic Equities,93682.0,93682.0,0.0,21.9413,21.1614,3.6854839471868703,4.58084036111752,1100,hindustan-unilever,Large Cap,Apr-2025
171656,5311.0,1,Mahindra & Mahindra Ltd.,Automobile & Ancillaries,Automobile & Ancillaries,Domestic Equities,74646.0,74646.0,0.0,21.8623,19.8991,9.865772823896554,4.56434697246105,1100,mahindra-mahindra,Large Cap,Apr-2025
133625,7239.0,1,Maruti Suzuki India Ltd.,Automobile & Ancillaries,Automobile & Ancillaries,Domestic Equities,13181.0,11400.0,15.62280701754386,16.156,13.1353,22.996810122342083,3.37300236878465,1100,maruti-suzuki-india,Large Cap,Apr-2025
156921,98676.0,1,Eternal Ltd.,Retailing,Information Technology,Domestic Equities,674854.0,674854.0,0.0,15.6917,13.6118,15.28012459777546,3.27606717444034,1100,eternal,Large Cap,Apr-2025
152205,8185.0,1,Trent Ltd.,Retailing,Retailing,Domestic Equities,29476.0,29476.0,0.0,15.2465,15.6964,-2.8662623276674912,3.18311962216361,1100,trent,Large Cap,Apr-2025
171461,6050.0,1,Titan Company Ltd.,Diamond  &  Jewellery,Diamond & Jewellery,Domestic Equities,36000.0,36000.0,0.0,12.1669,11.0281,10.326348147006296,2.54016975246138,1100,titan-company,Large Cap,Apr-2025
152316,5915.0,1,Tata Power Company Ltd.,Power,Power,Domestic Equities,260000.0,260000.0,0.0,9.9944,9.7604,2.3974427277570687,2.08660156440835,1100,tata-power-company,Large Cap,Apr-2025
171402,5320.0,1,Godrej Consumer Products Ltd.,FMCG,Fast Moving Consumer Goods,Domestic Equities,77825.0,77825.0,0.0,9.8098,9.0219,8.733193673173052,2.04806131699082,1100,godrej-consumer-products,Large Cap,Apr-2025
171639,5614.0,1,Havells India Ltd.,Capital Goods,Capital Goods,Domestic Equities,60000.0,60000.0,0.0,9.606,9.1734,4.715808751389887,2.00551254979855,1100,havells-india,Large Cap,Apr-2025
133583,8200.0,1,United Spirits Ltd.,Alcohol,Alcohol,Domestic Equities,61200.0,61200.0,0.0,9.5711,8.576,11.603311567164178,1.99822622999968,1100,united-spirits,Large Cap,Apr-2025
38803,5403.0,1,Indus Towers Ltd.,Telecom,Telecom,Domestic Equities,231888.0,231888.0,0.0,9.4657,7.752000000000001,22.10655314757482,1.97622112665294,1100,indus-towers,Large Cap,Apr-2025
171619,82976.0,1,Avenue Supermarts Ltd.,Retailing,Retailing,Domestic Equities,22500.0,22500.0,0.0,9.4498,9.1872,2.858324625566004,1.97290157121449,1100,avenue-supermarts,Large Cap,Apr-2025
133317,6810.0,1,Blue Star Ltd.,Consumer Durables,Consumer Durables,Domestic Equities,54850.0,48700.0,12.62833675564682,9.3591,10.4043,-10.045846428880376,1.95396549082028,1100,blue-star,Mid Cap,Apr-2025
211056,110999.0,1,DOMS Industries Ltd.,FMCG,Fast Moving Consumer Goods,Domestic Equities,33774.0,33774.0,0.0,9.2743,9.7176,-4.561825965258916,1.93626119514852,1100,doms-industries,Small Cap,Apr-2025
77009,96064.0,1,Max Healthcare Institute Ltd.,Healthcare,Healthcare,Domestic Equities,82150.0,82150.0,0.0,9.0217,9.0114,0.1142996648689407,1.88352410686213,1100,max-healthcare-institute,Mid Cap,Apr-2025
171628,5788.0,1,Britannia Industries Ltd.,FMCG,Fast Moving Consumer Goods,Domestic Equities,16500.0,16500.0,0.0,8.9742,8.145900000000001,10.168305527934288,1.87360719596108,1100,britannia-industries,Large Cap,Apr-2025
38605,83193.0,1,Varun Beverages Ltd.,FMCG,Fast Moving Consumer Goods,Domestic Equities,162000.0,162000.0,0.0,8.4621,8.7423,-3.2051062077485306,1.76669245759425,1100,varun-beverages,Large Cap,Apr-2025
133507,6902.0,1,TVS Motor Company Ltd.,Automobile & Ancillaries,Automobile & Ancillaries,Domestic Equities,29400.0,29400.0,0.0,7.855700000000001,7.114400000000001,10.419712133138422,1.64009004137544,1100,tvs-motor-company,Large Cap,Apr-2025
171383,5551.0,1,Hero MotoCorp Ltd.,Automobile & Ancillaries,Automobile & Ancillaries,Domestic Equities,20500.0,20500.0,0.0,7.8462,7.632000000000001,2.8066037735849,1.63810665919523,1100,hero-motocorp,Large Cap,Apr-2025
95355,98927.0,1,Devyani International Ltd.,FMCG,Fast Moving Consumer Goods,Domestic Equities,420000.0,420000.0,0.0,7.5033,6.2639,19.78639505739237,1.56651700134327,1100,devyani-international,Small Cap,Apr-2025
171321,7864.0,1,Page Industries Ltd.,Textile,Textile,Domestic Equities,1595.0,1595.0,0.0,7.2756,6.8097,6.841711088594199,1.51897846213974,1100,page-industries,Mid Cap,Apr-2025
171765,6852.0,1,Ceat Ltd.,Automobile & Ancillaries,Automobile & Ancillaries,Domestic Equities,21788.0,21788.0,0.0,7.2598,6.2739,15.71430848435583,1.51567978440844,1100,ceat,Small Cap,Apr-2025
64699,82946.0,1,Aditya Vision Ltd.,Retailing,Retailing,Domestic Equities,165978.0,165978.0,0.0,6.7885,7.3985,-8.244914509697912,1.41728315056293,1100,aditya-vision,Small Cap,Apr-2025
152572,7512.0,1,Info Edge (India) Ltd.,IT,Information Technology,Domestic Equities,9060.0,7400.0,22.432432432432435,6.405,5.3142,20.52613751834708,1.33721714360397,1100,info-edge-india,Large Cap,Apr-2025
133298,5393.0,1,Balrampur Chini Mills Ltd.,Agri,Agriculture,Domestic Equities,115000.0,115000.0,0.0,6.3354,6.2963,0.6209996347060921,1.32268625942054,1100,balrampur-chini-mills,Small Cap,Apr-2025
76174,111823.0,1,Bharti Hexacom Ltd.,Telecom,Telecom,Domestic Equities,36851.0,51451.0,-28.376513576023783,6.224500000000001,7.5314,-17.35268343203122,1.29953288218,1100,bharti-hexacom,Mid Cap,Apr-2025
153985,89725.0,1,Mrs. Bectors Food Specialities Ltd.,FMCG,Fast Moving Consumer Goods,Domestic Equities,40702.0,40702.0,0.0,6.0658,5.948200000000001,1.9770686930499968,1.26639996091693,1100,mrs-bectors-food-specialities,Small Cap,Apr-2025
191600,99819.0,1,FSN E-Commerce Ventures Ltd.,Retailing,Information Technology,Domestic Equities,310000.0,310000.0,0.0,6.025499999999999,5.5515,8.538232910024314,1.25798624493141,1100,fsn-e-commerce-ventures,Mid Cap,Apr-2025
95274,89247.0,1,Chalet Hotels Ltd.,Hospitality,Hospitality,Domestic Equities,73996.0,73996.0,0.0,5.857200000000001,6.0636,-3.4039184642786444,1.22284906378098,1100,chalet-hotels,Small Cap,Apr-2025
133909,100034.0,1,Metro Brands Ltd.,Retailing,Retailing,Domestic Equities,53296.0,53296.0,0.0,5.7027,5.400499999999999,5.595778168688089,1.19059300621863,1100,metro-brands,Mid Cap,Apr-2025
171359,5112.0,1,Aditya Birla Real Estate Ltd.,Diversified,Paper,Domestic Equities,28277.0,28277.0,0.0,5.4227,5.542000000000001,-2.152652472031769,1.13213542617037,1100,aditya-birla-real-estate,Small Cap,Apr-2025
152194,7698.0,1,Whirlpool Of India Ltd.,Consumer Durables,Consumer Durables,Domestic Equities,41500.0,31000.0,33.87096774193548,5.2263,3.0687,70.30990321634569,1.09113160930795,1100,whirlpool-of-india,Small Cap,Apr-2025
151986,6639.0,1,Safari Industries (India) Ltd.,FMCG,Fast Moving Consumer Goods,Domestic Equities,25824.0,25824.0,0.0,5.1754,5.1041,1.3969162046198034,1.08050485636346,1100,safari-industries-india,Small Cap,Apr-2025
152378,5539.0,1,Tata Motors Ltd.,Automobile & Ancillaries,Automobile & Ancillaries,Domestic Equities,80000.0,80000.0,0.0,5.154,5.395599999999999,-4.477722588776034,1.0760370270312,1100,tata-motors,Large Cap,Apr-2025
171658,4978.0,1,Asian Paints Ltd.,Chemicals,Chemicals,Domestic Equities,20350.0,20350.0,0.0,4.9363,4.7632,3.634111521666107,1.03058625854368,1100,asian-paints,Large Cap,Apr-2025
133623,8531.0,1,Radico Khaitan Ltd.,Alcohol,Alcohol,Domestic Equities,20000.0,20000.0,0.0,4.9114,4.8579,1.1012989151690988,1.02538770946082,1100,radico-khaitan,Small Cap,Apr-2025
84751,89823.0,1,Senco Gold Ltd.,Diamond  &  Jewellery,Diamond & Jewellery,Domestic Equities,140350.0,140350.0,0.0,4.8744,3.8224,27.52197572205944,1.01766295781158,1100,senco-gold,Small Cap,Apr-2025
171799,4956.0,1,Dabur India Ltd.,FMCG,Fast Moving Consumer Goods,Domestic Equities,98600.0,98600.0,0.0,4.809200000000001,4.9941,-3.702368795178312,1.0040506927432,1100,dabur-india,Large Cap,Apr-2025
152401,5684.0,1,Tata Consumer Products Ltd.,Agri,Agriculture,Domestic Equities,41131.0,41131.0,0.0,4.7951,4.1209,16.36050377344755,1.00110693603363,1100,tata-consumer-products,Large Cap,Apr-2025
222979,112566.0,1,Vishal Mega Mart Ltd.,Retailing,Retailing,Domestic Equities,404718.0,404718.0,0.0,4.7951,4.2188,13.660282544799468,1.00110693603363,1100,vishal-mega-mart,Mid Cap,Apr-2025
171884,5613.0,1,Bata India Ltd.,FMCG,Retailing,Domestic Equities,38800.0,38800.0,0.0,4.6886,4.7332,-0.9422800642271568,0.978872177908129,1100,bata-india,Small Cap,Apr-2025
171948,7104.0,1,Emami Ltd.,FMCG,Fast Moving Consumer Goods,Domestic Equities,72000.0,72000.0,0.0,4.4978,4.1753,7.723995880535531,0.939037512646671,1100,emami,Small Cap,Apr-2025
113922,5953.0,1,Hindustan Foods Ltd.,FMCG,Fast Moving Consumer Goods,Domestic Equities,83639.0,67139.0,24.57587989097246,4.475899999999999,3.8024,17.712497370082044,0.934465294778611,1100,hindustan-foods,Small Cap,Apr-2025
171440,6777.0,1,Greenply Industries Ltd.,Construction Materials,Construction Materials,Domestic Equities,150000.0,150000.0,0.0,4.356,4.293,1.4675052410901497,0.909432923893659,1100,greenply-industries,Small Cap,Apr-2025
607,7527.0,1,Jyothy Labs Ltd.,FMCG,Fast Moving Consumer Goods,Domestic Equities,111010.0,111010.0,0.0,4.1518,3.6489,13.7822357422785,0.866800645872749,1100,jyothy-labs,Small Cap,Apr-2025
95549,7450.0,1,Aditya Birla Fashion and Retail Ltd.,Retailing,Retailing,Domestic Equities,150000.0,150000.0,0.0,3.9533,3.8441,2.840716942847469,0.825358397159964,1100,aditya-birla-fashion-and-retail,Mid Cap,Apr-2025
133275,8322.0,1,Amara Raja Energy & Mobility Ltd.,Automobile & Ancillaries,Automobile & Ancillaries,Domestic Equities,40000.0,40000.0,0.0,3.8876,4.0132,-3.129672082128975,0.811641743555782,1100,amara-raja-energy-mobility,Small Cap,Apr-2025
57345,99844.0,1,AWL Agri Business Ltd.,FMCG,Fast Moving Consumer Goods,Domestic Equities,145000.0,145000.0,0.0,3.8722,3.7456,3.379965826569849,0.808426576653128,1100,awl-agri-business,Mid Cap,Apr-2025
175396,92940.0,1,Restaurant Brands Asia Ltd.,Hospitality,Hospitality,Domestic Equities,454000.0,454000.0,0.0,3.6783,2.7444,34.029296020988184,0.767944702469707,1100,restaurant-brands-asia,Small Cap,Apr-2025
37962,6229.0,1,Gillette India Ltd.,FMCG,Fast Moving Consumer Goods,Domestic Equities,4122.0,4122.0,0.0,3.3126,3.3072000000000004,0.1632801161102937,0.691594927385247,1100,gillette-india,Small Cap,Apr-2025
152400,5891.0,1,Nestle India Ltd.,FMCG,Fast Moving Consumer Goods,Domestic Equities,12000.0,12000.0,0.0,2.8658,2.7009,6.105372283312974,0.59831333179395,1100,nestle-india,Large Cap,Apr-2025
134131,90516.0,1,Polycab India Ltd.,Electricals,Electricals,Domestic Equities,3700.0,3700.0,0.0,2.0424,1.9047,7.22948495826115,0.426406291037743,1100,polycab-india,Large Cap,Apr-2025
84908,112552.0,1,Swiggy Ltd.,Retailing,Information Technology,Domestic Equities,61822.0,61822.0,0.0,1.956,2.0414,-4.183403546585673,0.408367952051423,1100,swiggy,Large Cap,Apr-2025
152531,6528.0,1,Kewal Kiran Clothing Ltd.,Textile,Textile,Domestic Equities,42548.0,42548.0,0.0,1.8642,1.9583,-4.80518817341573,0.389202216878457,1100,kewal-kiran-clothing,Small Cap,Apr-2025
661,8554.0,1,D.B. Corp Ltd.,Media & Entertainment,Media & Entertainment,Domestic Equities,55000.0,55000.0,0.0,1.3409,1.2727,5.358686257562668,0.279949175309689,1100,db-corp,Small Cap,Apr-2025
225180,112809.0,1,ITC Hotels Ltd.,Hospitality,Hospitality,Domestic Equities,61200.0,61200.0,0.0,1.1899,1.2088,-1.5635340833884852,0.248423837497949,1100,itc-hotels,,Apr-2025
133593,6508.0,1,Bharti Airtel Ltd.,Telecom,Telecom,Domestic Equities,141000.0,141000.0,0.0,26.1724,26.2895,-0.4454249795545764,5.28493847861846,1100,bharti-airtel,Large Cap,May-2025
152408,5535.0,1,ITC Ltd.,FMCG,Fast Moving Consumer Goods,Domestic Equities,612000.0,612000.0,0.0,25.5847,26.059,-1.8201005410798683,5.16626543587556,1100,itc,Large Cap,May-2025
171656,5311.0,1,Mahindra & Mahindra Ltd.,Automobile & Ancillaries,Automobile & Ancillaries,Domestic Equities,74646.0,74646.0,0.0,22.2206,21.8623,1.6388943523782915,4.48695969639732,1100,mahindra-mahindra,Large Cap,May-2025
171717,5016.0,1,Hindustan Unilever Ltd.,FMCG,Fast Moving Consumer Goods,Domestic Equities,93682.0,93682.0,0.0,21.9993,21.9413,0.2643416752881428,4.44227304613528,1100,hindustan-unilever,Large Cap,May-2025
156921,98676.0,1,Eternal Ltd.,Retailing,Information Technology,Domestic Equities,864854.0,674854.0,28.15423780551052,20.6103,15.6917,31.34523346737448,4.16179515542594,1100,eternal,Large Cap,May-2025
152205,8185.0,1,Trent Ltd.,Retailing,Retailing,Domestic Equities,29476.0,29476.0,0.0,16.6348,15.2465,9.105696389335252,3.3590306813331,1100,trent,Large Cap,May-2025
133625,7239.0,1,Maruti Suzuki India Ltd.,Automobile & Ancillaries,Automobile & Ancillaries,Domestic Equities,13181.0,13181.0,0.0,16.2377,16.156,0.5056944788313984,3.278845101491,1100,maruti-suzuki-india,Large Cap,May-2025
171461,6050.0,1,Titan Company Ltd.,Diamond  &  Jewellery,Diamond & Jewellery,Domestic Equities,37950.0,36000.0,5.416666666666667,13.4912,12.1669,10.884448791393028,2.72425004977523,1100,titan-company,Large Cap,May-2025
171619,82976.0,1,Avenue Supermarts Ltd.,Retailing,Retailing,Domestic Equities,30250.0,22500.0,34.44444444444444,12.1064,9.4498,28.11276429130776,2.44462025635962,1100,avenue-supermarts,Large Cap,May-2025
152316,5915.0,1,Tata Power Company Ltd.,Power,Power,Domestic Equities,260000.0,260000.0,0.0,10.2128,9.9944,2.185223725286152,2.06224953364745,1100,tata-power-company,Large Cap,May-2025
171402,5320.0,1,Godrej Consumer Products Ltd.,FMCG,Fast Moving Consumer Goods,Domestic Equities,77825.0,77825.0,0.0,9.5834,9.8098,-2.307896185447204,1.93515609634547,1100,godrej-consumer-products,Large Cap,May-2025
133583,8200.0,1,United Spirits Ltd.,Alcohol,Alcohol,Domestic Equities,61200.0,61200.0,0.0,9.303,9.5711,-2.8011409346888088,1.8785355055932,1100,united-spirits,Large Cap,May-2025
77009,96064.0,1,Max Healthcare Institute Ltd.,Healthcare,Healthcare,Domestic Equities,82150.0,82150.0,0.0,9.2435,9.0217,2.458516687542266,1.86652079393215,1100,max-healthcare-institute,Mid Cap,May-2025
171639,5614.0,1,Havells India Ltd.,Capital Goods,Capital Goods,Domestic Equities,60000.0,60000.0,0.0,9.162,9.606,-4.622111180512178,1.85006366787541,1100,havells-india,Large Cap,May-2025
171628,5788.0,1,Britannia Industries Ltd.,FMCG,Fast Moving Consumer Goods,Domestic Equities,16500.0,16500.0,0.0,9.0923,8.9742,1.3159947404782666,1.83598929135817,1100,britannia-industries,Large Cap,May-2025
38803,5403.0,1,Indus Towers Ltd.,Telecom,Telecom,Domestic Equities,231888.0,231888.0,0.0,8.908,9.4657,-5.891798810441921,1.79877397439796,1100,indus-towers,Large Cap,May-2025
171383,5551.0,1,Hero MotoCorp Ltd.,Automobile & Ancillaries,Automobile & Ancillaries,Domestic Equities,20500.0,20500.0,0.0,8.8341,7.8462,12.590808289362998,1.783851500587,1100,hero-motocorp,Large Cap,May-2025
133317,6810.0,1,Blue Star Ltd.,Consumer Durables,Consumer Durables,Domestic Equities,54850.0,54850.0,0.0,8.4047,9.3591,-10.197561731363052,1.69714364870033,1100,blue-star,Mid Cap,May-2025
211056,110999.0,1,DOMS Industries Ltd.,FMCG,Fast Moving Consumer Goods,Domestic Equities,33774.0,33774.0,0.0,8.2672,9.2743,-10.85904057449079,1.6693785587273,1100,doms-industries,Small Cap,May-2025
133507,6902.0,1,TVS Motor Company Ltd.,Automobile & Ancillaries,Automobile & Ancillaries,Domestic Equities,29400.0,29400.0,0.0,8.1756,7.855700000000001,4.072202349886057,1.65088196060709,1100,tvs-motor-company,Large Cap,May-2025
38605,83193.0,1,Varun Beverages Ltd.,FMCG,Fast Moving Consumer Goods,Domestic Equities,162000.0,162000.0,0.0,7.7104,8.4621,-8.883137755403512,1.55694508893108,1100,varun-beverages,Large Cap,May-2025
171321,7864.0,1,Page Industries Ltd.,Textile,Textile,Domestic Equities,1595.0,1595.0,0.0,7.3976,7.2756,1.6768376491286006,1.49378203334153,1100,page-industries,Mid Cap,May-2025
171765,6852.0,1,Ceat Ltd.,Automobile & Ancillaries,Automobile & Ancillaries,Domestic Equities,19507.0,21788.0,-10.469065540664586,7.3711,7.2598,1.533100085401801,1.488430943274,1100,ceat,Small Cap,May-2025
95355,98927.0,1,Devyani International Ltd.,FMCG,Fast Moving Consumer Goods,Domestic Equities,420000.0,420000.0,0.0,7.0388,7.5033,-6.190609465168665,1.42133029310646,1100,devyani-international,Small Cap,May-2025
95274,89247.0,1,Chalet Hotels Ltd.,Hospitality,Hospitality,Domestic Equities,73996.0,73996.0,0.0,6.7906,5.857200000000001,15.935942088369856,1.37121178160606,1100,chalet-hotels,Small Cap,May-2025
133298,5393.0,1,Balrampur Chini Mills Ltd.,Agri,Agriculture,Domestic Equities,115000.0,115000.0,0.0,6.7885,6.3354,7.151876756005944,1.3707877329592,1100,balrampur-chini-mills,Small Cap,May-2025
64699,82946.0,1,Aditya Vision Ltd.,Retailing,Retailing,Domestic Equities,165978.0,165978.0,0.0,6.7761000000000005,6.7885,-0.1826618546070574,1.36828382666345,1100,aditya-vision,Small Cap,May-2025
76174,111823.0,1,Bharti Hexacom Ltd.,Telecom,Telecom,Domestic Equities,36851.0,36851.0,0.0,6.7463,6.224500000000001,8.383002650815317,1.36226637443657,1100,bharti-hexacom,Mid Cap,May-2025
152572,7512.0,1,Info Edge (India) Ltd.,IT,Information Technology,Domestic Equities,45300.0,9060.0,400.0,6.4666,6.405,0.9617486338797764,1.30578713323326,1100,info-edge-india,Large Cap,May-2025
191600,99819.0,1,FSN E-Commerce Ventures Ltd.,Retailing,Information Technology,Domestic Equities,310000.0,310000.0,0.0,6.3011,6.025499999999999,4.573894282632157,1.27236806130209,1100,fsn-e-commerce-ventures,Mid Cap,May-2025
171359,5112.0,1,Aditya Birla Real Estate Ltd.,Diversified,Paper,Domestic Equities,28277.0,28277.0,0.0,6.159299999999999,5.4227,13.583639146550604,1.24373468124263,1100,aditya-birla-real-estate,Small Cap,May-2025
113922,5953.0,1,Hindustan Foods Ltd.,FMCG,Fast Moving Consumer Goods,Domestic Equities,110639.0,83639.0,32.281591123758055,6.058,4.475899999999999,35.34708103398199,1.22327938222978,1100,hindustan-foods,Small Cap,May-2025
151986,6639.0,1,Safari Industries (India) Ltd.,FMCG,Fast Moving Consumer Goods,Domestic Equities,25824.0,25824.0,0.0,5.9594000000000005,5.1754,15.148587548788516,1.20336928862003,1100,safari-industries-india,Small Cap,May-2025
153985,89725.0,1,Mrs. Bectors Food Specialities Ltd.,FMCG,Fast Moving Consumer Goods,Domestic Equities,40702.0,40702.0,0.0,5.9388,6.0658,-2.093705694220061,1.19920957332225,1100,mrs-bectors-food-specialities,Small Cap,May-2025
133909,100034.0,1,Metro Brands Ltd.,Retailing,Retailing,Domestic Equities,49035.0,53296.0,-7.994971480036026,5.9171000000000005,5.7027,3.759622634892254,1.19482773730469,1100,metro-brands,Mid Cap,May-2025
152378,5539.0,1,Tata Motors Ltd.,Automobile & Ancillaries,Automobile & Ancillaries,Domestic Equities,80000.0,80000.0,0.0,5.756,5.154,11.680248350795509,1.16229714825266,1100,tata-motors,Large Cap,May-2025
84751,89823.0,1,Senco Gold Ltd.,Diamond  &  Jewellery,Diamond & Jewellery,Domestic Equities,140350.0,140350.0,0.0,5.348,4.8744,9.71606761857869,1.07991055400542,1100,senco-gold,Small Cap,May-2025
153106,112629.0,1,Belrise Industries Ltd.,Automobile & Ancillaries,Automobile & Ancillaries,Domestic Equities,549958.0,,,5.157,,,1.0413423199338,1100,belrise-industries,,May-2025
152194,7698.0,1,Whirlpool Of India Ltd.,Consumer Durables,Consumer Durables,Domestic Equities,41500.0,41500.0,0.0,5.129,5.2263,-1.861737749459468,1.03568833797566,1100,whirlpool-of-india,Small Cap,May-2025
133623,8531.0,1,Radico Khaitan Ltd.,Alcohol,Alcohol,Domestic Equities,20000.0,20000.0,0.0,5.0656,4.9114,3.1396343201531165,1.022886107399,1100,radico-khaitan,Small Cap,May-2025
222979,112566.0,1,Vishal Mega Mart Ltd.,Retailing,Retailing,Domestic Equities,404718.0,404718.0,0.0,5.0452,4.7951,5.215741069007944,1.01876677768664,1100,vishal-mega-mart,Mid Cap,May-2025
171884,5613.0,1,Bata India Ltd.,FMCG,Retailing,Domestic Equities,38800.0,38800.0,0.0,4.9035,4.6886,4.583457748581668,0.990153590419893,1100,bata-india,Small Cap,May-2025
171440,6777.0,1,Greenply Industries Ltd.,Construction Materials,Construction Materials,Domestic Equities,150000.0,150000.0,0.0,4.8533,4.356,11.41643709825527,0.98001680848065,1100,greenply-industries,Small Cap,May-2025
171799,4956.0,1,Dabur India Ltd.,FMCG,Fast Moving Consumer Goods,Domestic Equities,98600.0,98600.0,0.0,4.7619,4.809200000000001,-0.9835315645013762,0.961560595945853,1100,dabur-india,Large Cap,May-2025
171658,4978.0,1,Asian Paints Ltd.,Chemicals,Chemicals,Domestic Equities,20350.0,20350.0,0.0,4.597300000000001,4.9363,-6.867491846119559,0.928323259149052,1100,asian-paints,Large Cap,May-2025
152401,5684.0,1,Tata Consumer Products Ltd.,Agri,Agriculture,Domestic Equities,41131.0,41131.0,0.0,4.5503,4.7951,-5.105211570144527,0.918832646576453,1100,tata-consumer-products,Large Cap,May-2025
171948,7104.0,1,Emami Ltd.,FMCG,Fast Moving Consumer Goods,Domestic Equities,72000.0,72000.0,0.0,4.2062,4.4978,-6.483169549557555,0.84934924686941,1100,emami,Small Cap,May-2025
133275,8322.0,1,Amara Raja Energy & Mobility Ltd.,Automobile & Ancillaries,Automobile & Ancillaries,Domestic Equities,40000.0,40000.0,0.0,4.123,3.8876,6.05514970675996,0.832548843336641,1100,amara-raja-energy-mobility,Small Cap,May-2025
57345,99844.0,1,AWL Agri Business Ltd.,FMCG,Fast Moving Consumer Goods,Domestic Equities,145000.0,145000.0,0.0,3.9875,3.8722,2.977635452714212,0.805187609217767,1100,awl-agri-business,Mid Cap,May-2025
175396,92940.0,1,Restaurant Brands Asia Ltd.,Hospitality,Hospitality,Domestic Equities,454000.0,454000.0,0.0,3.691,3.6783,0.3452681945464042,0.745315978839569,1100,restaurant-brands-asia,Small Cap,May-2025
37962,6229.0,1,Gillette India Ltd.,FMCG,Fast Moving Consumer Goods,Domestic Equities,3122.0,4122.0,-24.2600679281902,2.9419,3.3126,-11.190605566624402,0.59405176866652,1100,gillette-india,Small Cap,May-2025
152400,5891.0,1,Nestle India Ltd.,FMCG,Fast Moving Consumer Goods,Domestic Equities,12000.0,12000.0,0.0,2.8754000000000004,2.8658,0.3349849954637576,0.58062356151593,1100,nestle-india,Large Cap,May-2025
229270,113158.0,1,Aditya Birla Lifestyle Brands Ltd.,Others,,Domestic Equities,150000.0,,,2.5643,,,0.517803783402413,1100,aditya-birla-lifestyle-brands,,May-2025
134131,90516.0,1,Polycab India Ltd.,Electricals,Electricals,Domestic Equities,3700.0,3700.0,0.0,2.2167,2.0424,8.534077555816676,0.447613635950602,1100,polycab-india,Large Cap,May-2025
152531,6528.0,1,Kewal Kiran Clothing Ltd.,Textile,Textile,Domestic Equities,42548.0,42548.0,0.0,1.8434,1.8642,-1.1157601115760023,0.372233940772924,1100,kewal-kiran-clothing,Small Cap,May-2025
661,8554.0,1,D.B. Corp Ltd.,Media & Entertainment,Media & Entertainment,Domestic Equities,55000.0,55000.0,0.0,1.38,1.3409,2.915951972555744,0.278660539365647,1100,db-corp,Small Cap,May-2025
225180,112809.0,1,ITC Hotels Ltd.,Hospitality,Hospitality,Domestic Equities,61200.0,61200.0,0.0,1.3248,1.1899,11.337087150180682,0.267514117791022,1100,itc-hotels,,May-2025
95549,7450.0,1,Aditya Birla Fashion and Retail Ltd.,Retailing,Retailing,Domestic Equities,150000.0,150000.0,0.0,1.2878,3.9533,-67.42468317608073,0.260042784489189,1100,aditya-birla-fashion-and-retail,Mid Cap,May-2025
