CompanyID,SecurityID,MfSchemeAssetAllocationID,Name,SectorName,EquitySectorName,Type,NoOfShare,PrevNoOfShare,SharesZG,MarketValue,PrevMarketValue,MarketValueZG,HoldingPercentage,Priority,SecuritySlug,McapCategory,Month
77009,96064,1,Max Healthcare Institute Ltd.,Healthcare,Healthcare,Domestic Equities,458142.0,446848.0,2.527481380693211,48.6203,50.4112,-3.552583552861272,2.45349267312483,1100,max-healthcare-institute,Mid Cap,Jan-2025
76200,82667,1,BSE Ltd.,Finance,Finance,Domestic Equities,83674.0,81614.0,2.5240767515377263,44.397,43.462700000000005,2.149659363086034,2.24037519737071,1100,bse,Mid Cap,Jan-2025
152473,5056,1,Suzlon Energy Ltd.,Capital Goods,Capital Goods,Domestic Equities,7291819.0,7135685.0,2.1880730441436245,42.4165,44.398199999999996,-4.463469239743956,2.14043459151012,1100,suzlon-energy,Mid Cap,Jan-2025
152406,5107,1,The Indian Hotels Company Ltd.,Hospitality,Hospitality,Domestic Equities,542707.0,529329.0,2.527350664709472,41.5008,46.4513,-10.657398178307178,2.09422625382441,1100,the-indian-hotels-company,Mid Cap,Jan-2025
95548,5980,1,Persistent Systems Ltd.,IT,Information Technology,Domestic Equities,65061.0,63460.0,2.5228490387645763,39.2487,40.9806,-4.226146030072778,1.98058008444363,1100,persistent-systems,Mid Cap,Jan-2025
57445,86554,1,Dixon Technologies (India) Ltd.,Consumer Durables,Consumer Durables,Domestic Equities,23545.0,22968.0,2.51219087425984,35.2844,41.196099999999994,-14.350144795259737,1.78053234709794,1100,dixon-technologies-india,Mid Cap,Jan-2025
157113,99763,1,PB Fintech Ltd.,IT,Information Technology,Domestic Equities,203866.0,198842.0,2.5266291829693928,35.2036,41.9328,-16.047580891330885,1.77645499241299,1100,pb-fintech,Mid Cap,Jan-2025
133657,7260,1,Coforge Ltd.,IT,Information Technology,Domestic Equities,41082.0,40072.0,2.520463166300659,33.9495,38.721399999999996,-12.32367631335644,1.71317020886855,1100,coforge,Mid Cap,Jan-2025
152211,6247,1,Lupin Ltd.,Healthcare,Healthcare,Domestic Equities,148803.0,145137.0,2.525889332148246,30.9577,34.189899999999994,-9.453669066010717,1.56219706844254,1100,lupin,Mid Cap,Jan-2025
171685,5596,1,The Federal Bank Ltd.,Bank,Banking,Domestic Equities,1510567.0,1473324.0,2.5278214432127624,28.2793,29.4694,-4.038426299822874,1.42703881611383,1100,the-federal-bank,Mid Cap,Jan-2025
38803,5403,1,Indus Towers Ltd.,Telecom,Telecom,Domestic Equities,766170.0,747282.0,2.527559876994227,26.601399999999998,25.5421,4.1472705846426035,1.3423681053976,1100,indus-towers,Large Cap,Jan-2025
165,7447,1,SRF Ltd.,Chemicals,Chemicals,Domestic Equities,89497.0,87292.0,2.526004673967832,25.1473,19.5355,28.726165186455432,1.26899085976171,1100,srf,Mid Cap,Jan-2025
133334,5159,1,CG Power and Industrial Solutions Ltd.,Capital Goods,Capital Goods,Domestic Equities,394729.0,384999.0,2.5272792916345237,25.0594,28.0279,-10.591232307807575,1.26455522267251,1100,cg-power-and-industrial-solutions,Large Cap,Jan-2025
171877,6125,1,Cummins India Ltd.,Automobile & Ancillaries,Automobile & Ancillaries,Domestic Equities,83586.0,81528.0,2.5242861348248455,24.3574,26.6923,-8.74746649782897,1.22913068073152,1100,cummins-india,Large Cap,Jan-2025
114530,88033,1,HDFC Asset Management Company Ltd.,Finance,Finance,Domestic Equities,62484.0,60946.0,2.5235454336625867,24.1807,25.5915,-5.51276791122052,1.22021399047373,1100,hdfc-asset-management-company,Mid Cap,Jan-2025
7737,15826,1,IDFC First Bank Ltd.,Bank,Banking,Domestic Equities,3820582.0,3726381.0,2.5279486987508792,24.1614,23.5284,2.6903656857244744,1.2192400678819,1100,idfc-first-bank,Mid Cap,Jan-2025
171820,5969,1,Colgate-Palmolive (India) Ltd.,FMCG,Fast Moving Consumer Goods,Domestic Equities,81700.0,79688.0,2.524846902921394,23.0521,21.3616,7.913733053703852,1.16326222689167,1100,colgate-palmolive-india,Mid Cap,Jan-2025
152455,7030,1,Yes Bank Ltd.,Bank,Banking,Domestic Equities,11622686.0,11336107.0,2.5280195396885365,22.3504,22.207399999999996,0.6439295009771601,1.12785282364381,1100,yes-bank,Mid Cap,Jan-2025
101370,86936,1,Tube Investments of India Ltd.,Automobile & Ancillaries,Automobile & Ancillaries,Domestic Equities,65802.0,64181.0,2.525669590688833,21.860100000000003,22.9527,-4.760224287338734,1.10311115282662,1100,tube-investments-of-india,Mid Cap,Jan-2025
171327,5699,1,Marico Ltd.,FMCG,Fast Moving Consumer Goods,Domestic Equities,325288.0,317270.0,2.527185047435938,21.8154,20.2894,7.521168689069165,1.10085548754918,1100,marico,Mid Cap,Jan-2025
171946,6864,1,Godrej Properties Ltd.,Realty,Realty,Domestic Equities,93005.0,90715.0,2.5243895717356555,21.665,25.2777,-14.292043975519924,1.09326595605641,1100,godrej-properties,Mid Cap,Jan-2025
171365,5279,1,Hindustan Petroleum Corporation Ltd.,Crude Oil,Crude Oil,Domestic Equities,592197.0,577598.0,2.527536452688548,21.215500000000002,23.609299999999998,-10.139224797007945,1.07058314750588,1100,hindustan-petroleum-corporation,Mid Cap,Jan-2025
141614,85778,1,AU Small Finance Bank Ltd.,Bank,Banking,Domestic Equities,345851.0,337326.0,2.527228852801148,20.7839,18.8599,10.201538714415234,1.04880361431252,1100,au-small-finance-bank,Mid Cap,Jan-2025
152636,5140,1,Fortis Healthcare Ltd.,Healthcare,Healthcare,Domestic Equities,321228.0,313310.0,2.527209473045865,20.565,22.553600000000003,-8.817217650397282,1.03775741455343,1100,fortis-healthcare,Mid Cap,Jan-2025
171465,6543,1,Aurobindo Pharma Ltd.,Healthcare,Healthcare,Domestic Equities,172424.0,168176.0,2.5259252211968413,20.206400000000002,22.4431,-9.966092028284857,1.01966163002346,1100,aurobindo-pharma,Mid Cap,Jan-2025
19255,6350,1,Mphasis Ltd.,IT,Information Technology,Domestic Equities,69783.0,68065.0,2.5240578858444134,20.0134,19.3795,3.2709822234835713,1.00992240410521,1100,mphasis,Mid Cap,Jan-2025
152369,6790,1,Bharat Forge Ltd.,Automobile & Ancillaries,Automobile & Ancillaries,Domestic Equities,161377.0,157402.0,2.5253808719075996,19.7534,20.4544,-3.427135481852322,0.996802203386324,1100,bharat-forge,Mid Cap,Jan-2025
599,7495,1,Sundaram Finance Ltd.,Finance,Finance,Domestic Equities,42429.0,41385.0,2.5226531351939108,19.5895,17.148699999999998,14.233148868427353,0.98853143070238,1100,sundaram-finance,Mid Cap,Jan-2025
171659,5756,1,Ashok Leyland Ltd.,Automobile & Ancillaries,Automobile & Ancillaries,Domestic Equities,883090.0,861318.0,2.5277539770444832,19.148,18.9921,0.8208676239067779,0.966252320635502,1100,ashok-leyland,Mid Cap,Jan-2025
122,5767,1,The Phoenix Mills Ltd.,Realty,Realty,Domestic Equities,114957.0,112125.0,2.525752508361204,18.8736,18.321199999999997,3.0150863480558048,0.952405462646032,1100,the-phoenix-mills,Mid Cap,Jan-2025
171635,7381,1,UPL Ltd.,Chemicals,Chemicals,Domestic Equities,311966.0,304277.0,2.5269737771832905,18.8349,15.2443,23.553721718937563,0.950452571231336,1100,upl,Mid Cap,Jan-2025
134131,90516,1,Polycab India Ltd.,Electricals,Electricals,Domestic Equities,31012.0,30251.0,2.5156193183696405,18.7249,21.9996,-14.885270641284388,0.944901717081038,1100,polycab-india,Large Cap,Jan-2025
152379,5838,1,Voltas Ltd.,Consumer Durables,Consumer Durables,Domestic Equities,140812.0,137343.0,2.525793087379772,17.7543,24.5837,-27.78019582080809,0.895922998551227,1100,voltas,Mid Cap,Jan-2025
152222,5634,1,Max Financial Services Ltd.,Finance,Finance,Domestic Equities,159035.0,155117.0,2.5258353371970834,17.7443,17.278499999999998,2.695835865381842,0.895418375446654,1100,max-financial-services,Mid Cap,Jan-2025
152118,7308,1,PI Industries Ltd.,Chemicals,Chemicals,Domestic Equities,50060.0,48828.0,2.523142459244696,17.439700000000002,17.9963,-3.0928579763618123,0.880047555681375,1100,pi-industries,Mid Cap,Jan-2025
152574,8059,1,Torrent Power Ltd.,Power,Power,Domestic Equities,117273.0,114384.0,2.5257028955098617,17.162300000000002,16.9969,0.9731186275144269,0.866049310760533,1100,torrent-power,Mid Cap,Jan-2025
171321,7864,1,Page Industries Ltd.,Textile,Textile,Domestic Equities,3837.0,3746.0,2.429257875066738,17.1604,17.7989,-3.5873003387849884,0.865953432370664,1100,page-industries,Mid Cap,Jan-2025
587,7648,1,APL Apollo Tubes Ltd.,Iron & Steel,Iron & Steel,Domestic Equities,111623.0,108875.0,2.5239954075774973,16.85,17.0743,-1.3136702529532727,0.850289931204732,1100,apl-apollo-tubes,Mid Cap,Jan-2025
756,88308,1,Rail Vikas Nigam Ltd.,Infrastructure,Infrastructure,Domestic Equities,350032.0,341404.0,2.527211163313845,16.672,14.431099999999999,15.52826880833756,0.841307639943341,1100,rail-vikas-nigam,Large Cap,Jan-2025
38931,15891,1,Alkem Laboratories Ltd.,Healthcare,Healthcare,Domestic Equities,32766.0,31960.0,2.5219023779724656,16.5896,18.0059,-7.865755113601647,0.837149545561663,1100,alkem-laboratories,Mid Cap,Jan-2025
96004,7992,1,Jubilant FoodWorks Ltd.,FMCG,Fast Moving Consumer Goods,Domestic Equities,235336.0,229536.0,2.5268367489195596,16.5653,16.483,0.49930231147242726,0.835923311417552,1100,jubilant-foodworks,Mid Cap,Jan-2025
152795,99590,1,One97 Communications Ltd.,IT,Information Technology,Domestic Equities,209460.0,204299.0,2.526199345077558,16.248900000000003,20.7946,-21.86000211593394,0.819957036388877,1100,one97-communications,Mid Cap,Jan-2025
152551,7908,1,GMR Airports Ltd.,Infrastructure,Aviation,Domestic Equities,2210781.0,2156272.0,2.5279278309972026,16.0657,16.939700000000002,-5.159477440568611,0.810712341113108,1100,gmr-airports,Mid Cap,Jan-2025
56674,5695,1,Supreme Industries Ltd.,Plastic Products,Plastic Products,Domestic Equities,39846.0,38866.0,2.52148407348325,15.814100000000002,18.2692,-13.438464738466926,0.798016023802063,1100,supreme-industries,Mid Cap,Jan-2025
1152,105806,1,Mankind Pharma Ltd.,Healthcare,Healthcare,Domestic Equities,64082.0,62504.0,2.524638423140919,15.6065,18.0037,-13.31504079716946,0.787540048151137,1100,mankind-pharma,Mid Cap,Jan-2025
171839,6306,1,Solar Industries India Ltd.,Chemicals,Chemicals,Domestic Equities,15014.0,14647.0,2.505632552741176,15.306199999999999,14.329600000000001,6.815263510495746,0.772386216320823,1100,solar-industries-india,Mid Cap,Jan-2025
113892,8292,1,KEI Industries Ltd.,Electricals,Electricals,Domestic Equities,37999.0,37064.0,2.522663500971293,15.2893,16.444000000000003,-7.0220141084894205,0.771533403274096,1100,kei-industries,Mid Cap,Jan-2025
77293,6578,1,Muthoot Finance Ltd.,Finance,Finance,Domestic Equities,66093.0,64468.0,2.520630390271142,14.9291,13.771300000000002,8.407339902550955,0.753356879047393,1100,muthoot-finance,Mid Cap,Jan-2025
133642,6320,1,Petronet LNG Ltd.,Inds. Gases & Fuels,Industrials Gases & Fuels,Domestic Equities,462097.0,450706.0,2.5273681734878166,14.611500000000001,15.603399999999999,-6.356947844700503,0.737330049246169,1100,petronet-lng,Mid Cap,Jan-2025
152616,7532,1,Vodafone Idea Ltd.,Telecom,Telecom,Domestic Equities,16004371.0,15609754.0,2.5280154959520824,14.484000000000002,12.394100000000002,16.862055332779306,0.730896104662869,1100,vodafone-idea,Mid Cap,Jan-2025
77639,92991,1,SBI Cards And Payment Services Ltd.,Finance,Finance,Domestic Equities,184604.0,180055.0,2.526450251312099,14.3659,11.953,20.18656404249979,0.724936505797867,1100,sbi-cards-and-payment-services,Mid Cap,Jan-2025
191600,99819,1,FSN E-Commerce Ventures Ltd.,Retailing,Information Technology,Domestic Equities,839723.0,819020.0,2.5277770994603306,14.1829,13.4123,5.745472439477192,0.71570190298419,1100,fsn-e-commerce-ventures,Mid Cap,Jan-2025
152238,8313,1,MRF Ltd.,Automobile & Ancillaries,Automobile & Ancillaries,Domestic Equities,1247.0,1218.0,2.380952380952381,14.17,15.9113,-10.94379466165556,0.715050939179291,1100,mrf,Mid Cap,Jan-2025
123299,91366,1,KPIT Technologies Ltd.,IT,Information Technology,Domestic Equities,100526.0,98050.0,2.5252422233554306,14.166099999999998,14.361400000000001,-1.3598952748339437,0.714854136168508,1100,kpit-technologies,Mid Cap,Jan-2025
153260,8051,1,Prestige Estates Projects Ltd.,Realty,Realty,Domestic Equities,103987.0,101426.0,2.5249935913868238,14.137,17.1816,-17.720119197280813,0.713385682934202,1100,prestige-estates-projects,Mid Cap,Jan-2025
677,6026,1,Oil India Ltd.,Crude Oil,Crude Oil,Domestic Equities,336208.0,327921.0,2.5271330594868884,14.1359,14.1252,0.07575113980686549,0.713330174392699,1100,oil-india,Mid Cap,Jan-2025
19275,7232,1,NMDC Ltd.,Mining,Mining,Domestic Equities,2130575.0,2078044.0,2.5279060501125095,14.0831,13.6985,2.8076066722633892,0.710665764400556,1100,nmdc,Mid Cap,Jan-2025
1427,98308,1,Sona BLW Precision Forgings Ltd.,Automobile & Ancillaries,Automobile & Ancillaries,Domestic Equities,276221.0,269413.0,2.52697531299529,13.9298,16.0247,-13.072943643250731,0.702929892207459,1100,sona-blw-precision-forgings,Mid Cap,Jan-2025
79,7951,1,Balkrishna Industries Ltd.,Automobile & Ancillaries,Automobile & Ancillaries,Domestic Equities,49545.0,48326.0,2.5224516823242147,13.7302,14.0633,-2.3685763654334293,0.692857615040191,1100,balkrishna-industries,Mid Cap,Jan-2025
152323,7533,1,Tata Elxsi Ltd.,IT,Information Technology,Domestic Equities,21369.0,20845.0,2.513792276325258,13.5394,14.1674,-4.432711718452218,0.683229406204947,1100,tata-elxsi,Mid Cap,Jan-2025
171698,8307,1,Oracle Financial Services Software Ltd.,IT,Information Technology,Domestic Equities,14554.0,14199.0,2.500176068737235,13.2762,18.1597,-26.891964074296386,0.669947726092597,1100,oracle-financial-services-software,Mid Cap,Jan-2025
75891,5355,1,Container Corporation Of India Ltd.,Logistics,Logistics,Domestic Equities,169924.0,165737.0,2.5262916548507577,13.255799999999999,13.0601,1.4984571327937715,0.668918294959269,1100,container-corporation-of-india,Mid Cap,Jan-2025
153691,5278,1,Oberoi Realty Ltd.,Realty,Realty,Domestic Equities,72553.0,70768.0,2.5223264752430476,13.1513,16.358,-19.603252231324113,0.663644983516486,1100,oberoi-realty,Mid Cap,Jan-2025
133630,5815,1,Jindal Stainless Ltd.,Iron & Steel,Iron & Steel,Domestic Equities,201127.0,196171.0,2.5263673019967277,13.1396,13.7163,-4.204486632692495,0.663054574484136,1100,jindal-stainless,Mid Cap,Jan-2025
19182,5589,1,Coromandel International Ltd.,Chemicals,Chemicals,Domestic Equities,72507.0,70722.0,2.523967082378892,13.1205,13.295399999999999,-1.3154925763798013,0.662090744354403,1100,coromandel-international,Mid Cap,Jan-2025
171336,8097,1,JK Cement Ltd.,Construction Materials,Construction Materials,Domestic Equities,25796.0,25163.0,2.5155982990899335,12.472000000000001,11.5634,7.857550547416861,0.629365936022874,1100,jk-cement,Mid Cap,Jan-2025
152296,7356,1,Patanjali Foods Ltd.,FMCG,Fast Moving Consumer Goods,Domestic Equities,67654.0,65990.0,2.5215941809365057,12.344100000000001,11.7591,4.974870525805546,0.622911806515391,1100,patanjali-foods,Mid Cap,Jan-2025
152608,7159,1,Indian Bank,Bank,Banking,Domestic Equities,217834.0,212466.0,2.5265218905613134,12.1061,11.2596,7.518029059646866,0.610901776626564,1100,indian-bank,Mid Cap,Jan-2025
352,7184,1,Ipca Laboratories Ltd.,Healthcare,Healthcare,Domestic Equities,83718.0,81657.0,2.523972225283809,12.083,13.8425,-12.710854253205712,0.609736097255002,1100,ipca-laboratories,Mid Cap,Jan-2025
171444,98250,1,Kalyan Jewellers India Ltd.,Diamond  &  Jewellery,Diamond & Jewellery,Domestic Equities,235967.0,230600.0,2.3274067649609713,11.871500000000001,17.6697,-32.814365835299974,0.599063318593293,1100,kalyan-jewellers-india,Mid Cap,Jan-2025
171509,5522,1,Tata Communications Ltd.,Telecom,Telecom,Domestic Equities,72398.0,70614.0,2.5264111932477977,11.8226,12.0284,-1.7109507498919165,0.596595711611933,1100,tata-communications,Mid Cap,Jan-2025
171434,4916,1,Astral Ltd.,Plastic Products,Plastic Products,Domestic Equities,76207.0,74332.0,2.522466770704407,11.4867,12.281500000000001,-6.471522208199325,0.579645421529341,1100,astral,Mid Cap,Jan-2025
152207,5372,1,LIC Housing Finance Ltd.,Finance,Finance,Domestic Equities,185393.0,180825.0,2.526199364025992,11.0884,10.814200000000001,2.535555103475046,0.559546283274217,1100,lic-housing-finance,Mid Cap,Jan-2025
171886,6139,1,Exide Industries Ltd.,Automobile & Ancillaries,Automobile & Ancillaries,Domestic Equities,280561.0,273647.0,2.5266127529262152,10.507,11.398800000000001,-7.823630557602559,0.530207495974369,1100,exide-industries,Mid Cap,Jan-2025
171840,6541,1,UNO Minda Ltd.,Automobile & Ancillaries,Automobile & Ancillaries,Domestic Equities,110213.0,107499.0,2.5246746481362616,10.421700000000001,11.321800000000001,-7.950149269550777,0.525903060892365,1100,uno-minda,Mid Cap,Jan-2025
152519,8782,1,Mahindra & Mahindra Financial Services Ltd.,Finance,Finance,Domestic Equities,364775.0,355784.0,2.527095091403773,10.394300000000001,9.426499999999999,10.26680103962235,0.524520393585837,1100,mahindra-mahindra-financial-services,Mid Cap,Jan-2025
46521,101004,1,Delhivery Ltd.,Logistics,Logistics,Domestic Equities,314226.0,306481.0,2.527073456429599,10.0882,10.6088,-4.907246813965769,0.509073880354871,1100,delhivery,Small Cap,Jan-2025
133643,6434,1,Biocon Ltd.,Healthcare,Healthcare,Domestic Equities,277511.0,270671.0,2.527053138311825,10.0612,9.889,1.7413287491151812,0.507711397972525,1100,biocon,Mid Cap,Jan-2025
171333,7587,1,United Breweries Ltd.,Alcohol,Alcohol,Domestic Equities,46411.0,45269.0,2.5226976518147075,9.9598,9.2213,8.00863218852006,0.50259451969216,1100,united-breweries,Mid Cap,Jan-2025
19183,6082,1,Deepak Nitrite Ltd.,Chemicals,Chemicals,Domestic Equities,42367.0,41325.0,2.5214761040532365,9.8529,10.3077,-4.412235513257082,0.497200098704279,1100,deepak-nitrite,Mid Cap,Jan-2025
133351,5368,1,Steel Authority Of India Ltd.,Iron & Steel,Iron & Steel,Domestic Equities,891137.0,869167.0,2.5277075636787867,9.573500000000001,9.8329,-2.638082356171622,0.483100929162522,1100,steel-authority-of-india,Mid Cap,Jan-2025
152397,5267,1,Tata Chemicals Ltd.,Chemicals,Chemicals,Domestic Equities,96548.0,94170.0,2.525220346182436,9.5206,9.9086,-3.915790323557321,0.480431472939334,1100,tata-chemicals,Small Cap,Jan-2025
134830,88309,1,Mazagon Dock Shipbuilders Ltd.,Ship Building,Ship Building,Domestic Equities,37827.0,36897.0,2.5205301244003575,9.4511,8.2199,14.978284407352888,0.476924342362555,1100,mazagon-dock-shipbuilders,Mid Cap,Jan-2025
75659,6055,1,Lloyds Metals & Energy Ltd.,Iron & Steel,Iron & Steel,Domestic Equities,74827.0,72985.0,2.5238062615605945,9.271799999999999,8.9907,3.1265641162534505,0.467876450097569,1100,lloyds-metals-energy,Mid Cap,Jan-2025
152325,5528,1,Thermax Ltd.,Capital Goods,Capital Goods,Domestic Equities,23875.0,23290.0,2.511807642765135,9.2243,9.4086,-1.9588461620219866,0.465479490350849,1100,thermax,Mid Cap,Jan-2025
44430,82482,1,L&T Technology Services Ltd.,IT,Information Technology,Domestic Equities,16925.0,16510.0,2.5136281041792854,9.222999999999999,7.8214,17.92006546142634,0.465413889347255,1100,lt-technology-services,Mid Cap,Jan-2025
47051,90577,1,Dalmia Bharat Ltd.,Construction Materials,Construction Materials,Domestic Equities,49275.0,48062.0,2.5238233947817403,9.1964,8.4938,8.27191598577786,0.464071591889092,1100,dalmia-bharat,Mid Cap,Jan-2025
173672,92657,1,Gujarat Fluorochemicals Ltd.,Chemicals,Chemicals,Domestic Equities,25176.0,24558.0,2.516491570974835,9.0068,10.2299,-11.956128603407663,0.454503937826397,1100,gujarat-fluorochemicals,Mid Cap,Jan-2025
171565,6678,1,Apollo Tyres Ltd.,Automobile & Ancillaries,Automobile & Ancillaries,Domestic Equities,205176.0,200120.0,2.5264841095342794,8.9723,10.5944,-15.31091897606283,0.452762988115621,1100,apollo-tyres,Small Cap,Jan-2025
152486,5772,1,AIA Engineering Ltd.,Automobile & Ancillaries,Automobile & Ancillaries,Domestic Equities,23933.0,23347.0,2.509958452906155,8.8088,7.9441999999999995,10.883411797286076,0.44451240035586,1100,aia-engineering,Mid Cap,Jan-2025
133635,5732,1,Indraprastha Gas Ltd.,Gas Transmission,Gas Transmission,Domestic Equities,432411.0,210878.0,105.0526844905585,8.7261,8.7651,-0.4449464352945178,0.440339167281045,1100,indraprastha-gas,Mid Cap,Jan-2025
19098,6973,1,Schaeffler India Ltd.,Automobile & Ancillaries,Automobile & Ancillaries,Domestic Equities,24828.0,24219.0,2.5145546884677317,8.5056,8.2485,3.1169303509728947,0.429212227825221,1100,schaeffler-india,Mid Cap,Jan-2025
171410,5631,1,Procter & Gamble Hygiene and Health Care Ltd.,FMCG,Fast Moving Consumer Goods,Domestic Equities,5835.0,5693.0,2.4942912348498156,8.4611,8.3767,1.007556675062979,0.426966655009873,1100,procter-gamble-hygiene-and-health-care,Mid Cap,Jan-2025
114414,5238,1,Bank Of India,Bank,Banking,Domestic Equities,749070.0,730603.0,2.527638129052303,8.4285,7.4448,13.213249516441007,0.425321583688966,1100,bank-of-india,Mid Cap,Jan-2025
152324,4941,1,ACC Ltd.,Construction Materials,Construction Materials,Domestic Equities,41941.0,40910.0,2.5201662185284768,8.4203,8.396799999999999,0.2798685213414661,0.424907792743217,1100,acc,Mid Cap,Jan-2025
152367,6359,1,Abbott India Ltd.,Healthcare,Healthcare,Domestic Equities,3212.0,3135.0,2.456140350877193,8.4069,9.3238,-9.833973272699966,0.42423159778309,1100,abbott-india,Mid Cap,Jan-2025
114654,92672,1,Indian Renewable Energy Development Agency Ltd.,Finance,Finance,Domestic Equities,415334.0,405096.0,2.5273021703497442,8.3943,8.7197,-3.7317797630652514,0.423595772671328,1100,indian-renewable-energy-development-agency,Mid Cap,Jan-2025
177212,94646,1,Hitachi Energy India Ltd.,Capital Goods,Capital Goods,Domestic Equities,6475.0,6325.0,2.371541501976284,8.3291,9.1157,-8.629068530118374,0.420305630029515,1100,hitachi-energy-india,Mid Cap,Jan-2025
19805,15724,1,Syngene International Ltd.,Business Services,Healthcare,Domestic Equities,111469.0,108724.0,2.524741547404437,8.322799999999999,9.333400000000001,-10.827779801572852,0.419987717473635,1100,syngene-international,Mid Cap,Jan-2025
171433,6783,1,Berger Paints India Ltd.,Chemicals,Chemicals,Domestic Equities,175544.0,171219.0,2.5260047074214897,8.2988,7.68,8.057291666666666,0.418776622022661,1100,berger-paints-india,Mid Cap,Jan-2025
133407,5997,1,Hindustan Zinc Ltd.,Non - Ferrous Metals,Non - Ferrous Metals,Domestic Equities,183817.0,179287.0,2.526675107509189,8.2745,7.9603,3.947087421328351,0.417550387878549,1100,hindustan-zinc,Large Cap,Jan-2025
133333,4917,1,CRISIL Ltd.,Ratings,Ratings,Domestic Equities,15024.0,14656.0,2.5109170305676853,8.163,9.7508,-16.283792099109824,0.411923840262565,1100,crisil,Mid Cap,Jan-2025
171646,5397,1,Carborundum Universal Ltd.,Abrasives,Abrasives,Domestic Equities,68718.0,67028.0,2.52133436772692,8.1548,8.5772,-4.924684046075643,0.411510049316816,1100,carborundum-universal,Small Cap,Jan-2025
152079,6815,1,Linde India Ltd.,Inds. Gases & Fuels,Industrials Gases & Fuels,Domestic Equities,12966.0,12650.0,2.49802371541502,8.126900000000001,7.585,7.1443638760712,0.410102150855059,1100,linde-india,Mid Cap,Jan-2025
134823,84770,1,Cochin Shipyard Ltd.,Ship Building,Ship Building,Domestic Equities,52173.0,50889.0,2.523138595767258,7.9945,7.8305,2.0943745610114415,0.403420940950518,1100,cochin-shipyard,Mid Cap,Jan-2025
79346,86555,1,Aditya Birla Capital Ltd.,Finance,Finance,Domestic Equities,438800.0,427984.0,2.527197278402931,7.8716,7.610399999999999,3.4321454851256186,0.397219122995322,1100,aditya-birla-capital,Mid Cap,Jan-2025
57541,86814,1,General Insurance Corporation of India,Insurance,Finance,Domestic Equities,190613.0,185916.0,2.5264097764581854,7.8427999999999995,8.2593,-5.042800237308244,0.395765808454153,1100,general-insurance-corporation-of-india,Mid Cap,Jan-2025
83342,79963,1,Bandhan Bank Ltd.,Bank,Banking,Domestic Equities,512810.0,500169.0,2.5273457571340887,7.762899999999999,7.9557,-2.4234196865140825,0.391733869848618,1100,bandhan-bank,Small Cap,Jan-2025
171580,109023,1,Tata Technologies Ltd.,IT,Information Technology,Domestic Equities,95062.0,92721.0,2.5247786369862273,7.487100000000001,8.2647,-9.408689970597843,0.377816364624507,1100,tata-technologies,Mid Cap,Jan-2025
97743,96921,1,Gland Pharma Ltd.,Healthcare,Healthcare,Domestic Equities,49052.0,47845.0,2.522729647821089,7.4792,8.513300000000001,-12.146876064510833,0.377417712371895,1100,gland-pharma,Small Cap,Jan-2025
152370,5063,1,Escorts Kubota Ltd.,Automobile & Ancillaries,Automobile & Ancillaries,Domestic Equities,20465.0,19964.0,2.509517130835504,7.4154,6.653099999999999,11.457816656896789,0.374198216964722,1100,escorts-kubota,Mid Cap,Jan-2025
57781,87827,1,Bharat Dynamics Ltd.,Capital Goods,Capital Goods,Domestic Equities,56812.0,55414.0,2.5228281661673946,7.414,6.2222,19.153996978560627,0.374127569730082,1100,bharat-dynamics,Mid Cap,Jan-2025
1704,6920,1,L&T Finance Ltd.,Finance,Finance,Domestic Equities,496248.0,484015.0,2.5274010102992674,7.2189,6.5647,9.965421115968736,0.364282372959872,1100,lt-finance,Mid Cap,Jan-2025
171948,7104,1,Emami Ltd.,FMCG,Fast Moving Consumer Goods,Domestic Equities,121556.0,118561.0,2.5261257917865065,7.1675,7.1226,0.6303877797433535,0.361688610202369,1100,emami,Small Cap,Jan-2025
152318,6472,1,Sundram Fasteners Ltd.,Automobile & Ancillaries,Automobile & Ancillaries,Domestic Equities,68178.0,66500.0,2.523308270676692,7.1190999999999995,7.0437,1.0704601274898085,0.359246234376238,1100,sundram-fasteners,Small Cap,Jan-2025
115032,83788,1,Housing & Urban Development Corporation Ltd.,Finance,Finance,Domestic Equities,309366.0,301740.0,2.527341419765361,7.1061000000000005,7.0821000000000005,0.3388825348413574,0.358590224340294,1100,housing-urban-development-corporation,Mid Cap,Jan-2025
645,8087,1,IRB Infrastructure Developers Ltd.,Infrastructure,Infrastructure,Domestic Equities,1223143.0,1192987.0,2.5277727251009443,7.0111,6.8287,2.6710794148227346,0.353796304846854,1100,irb-infrastructure-developers,Mid Cap,Jan-2025
133495,5019,1,Ajanta Pharma Ltd.,Healthcare,Healthcare,Domestic Equities,25953.0,25315.0,2.52024491408256,6.9929,7.422899999999999,-5.792884182731816,0.352877890796532,1100,ajanta-pharma,Mid Cap,Jan-2025
95549,7450,1,Aditya Birla Fashion and Retail Ltd.,Retailing,Retailing,Domestic Equities,249025.0,240789.0,3.420422029245522,6.819500000000001,6.7409,1.1660164073046646,0.344127726163245,1100,aditya-birla-fashion-and-retail,Mid Cap,Jan-2025
133170,6243,1,Timken India Ltd.,Automobile & Ancillaries,Automobile & Ancillaries,Domestic Equities,22148.0,21604.0,2.518052212553231,6.3295,6.744299999999999,-6.1503788384265095,0.31940119403919,1100,timken-india,Small Cap,Jan-2025
76174,111823,1,Bharti Hexacom Ltd.,Telecom,Telecom,Domestic Equities,46359.0,45218.0,2.5233314166924674,6.2812,6.5878,-4.6540575002276885,0.316963864444105,1100,bharti-hexacom,Mid Cap,Jan-2025
797,86851,1,Nippon Life India Asset Management Ltd.,Finance,Finance,Domestic Equities,107390.0,104745.0,2.525180199532197,6.269400000000001,7.615,-17.670387393302686,0.316368409180709,1100,nippon-life-india-asset-management,Mid Cap,Jan-2025
58178,99657,1,Star Health and Allied Insurance Company Ltd.,Insurance,Finance,Domestic Equities,135580.0,132241.0,2.5249355343652873,5.874,6.2808,-6.476881925869325,0.296415611625911,1100,star-health-and-allied-insurance-company,Small Cap,Jan-2025
196533,104025,1,Motherson Sumi Wiring India Ltd.,Iron & Steel,Iron & Steel,Domestic Equities,1045342.0,1019570.0,2.5277322792942125,5.8675,5.938,-1.187268440552367,0.296087606607939,1100,motherson-sumi-wiring-india,Small Cap,Jan-2025
152363,7424,1,SKF India Ltd.,Automobile & Ancillaries,Automobile & Ancillaries,Domestic Equities,14352.0,14001.0,2.5069637883008355,5.8037,6.2701,-7.438477855217618,0.292868111200766,1100,skf-india,Small Cap,Jan-2025
509,8487,1,K.P.R. Mill Ltd.,Textile,Textile,Domestic Equities,61906.0,60382.0,2.5239309728064656,5.7696000000000005,6.0032000000000005,-3.8912579957356095,0.291147346414173,1100,kpr-mill,Small Cap,Jan-2025
171405,6966,1,Poonawalla Fincorp Ltd.,Finance,Finance,Domestic Equities,179861.0,175429.0,2.526378192887151,5.5828999999999995,5.514600000000001,1.2385304464512252,0.281726033051804,1100,poonawalla-fincorp,Small Cap,Jan-2025
19128,7053,1,Grindwell Norton Ltd.,Abrasives,Abrasives,Domestic Equities,28507.0,27808.0,2.5136651323360186,5.4946,5.3389,2.916331079435848,0.277270211038429,1100,grindwell-norton,Small Cap,Jan-2025
113787,7539,1,Honeywell Automation India Ltd.,Consumer Durables,Consumer Durables,Domestic Equities,1355.0,1324.0,2.3413897280966767,5.484,5.555,-1.2781278127812823,0.276735310547582,1100,honeywell-automation-india,Mid Cap,Jan-2025
102429,100653,1,Global Health Ltd.,Healthcare,Healthcare,Domestic Equities,51235.0,49975.0,2.5212606303151577,5.3264,5.3898,-1.1762959664551618,0.268782450419518,1100,global-health,Small Cap,Jan-2025
152064,6806,1,3M India Ltd.,Diversified,Diversified,Domestic Equities,1738.0,1698.0,2.3557126030624262,5.1953,5.1608,0.6685010075957083,0.262166841518572,1100,3m-india,Mid Cap,Jan-2025
137768,15760,1,Gujarat Gas Ltd.,Gas Transmission,Gas Transmission,Domestic Equities,106316.0,103698.0,2.5246388551370327,5.167000000000001,5.1714,-0.08508334300188361,0.260738758132632,1100,gujarat-gas,Mid Cap,Jan-2025
152386,5556,1,Glaxosmithkline Pharmaceuticals Ltd.,Healthcare,Healthcare,Domestic Equities,25516.0,24891.0,2.510947732112008,5.0449,5.6051,-9.994469322581217,0.254577310025801,1100,glaxosmithkline-pharmaceuticals,Mid Cap,Jan-2025
133645,6755,1,Bank Of Maharashtra,Bank,Banking,Domestic Equities,969827.0,945917.0,2.5277059192297,4.9742,4.9367,0.7596167480300606,0.251009624676473,1100,bank-of-maharashtra,Mid Cap,Jan-2025
13,7543,1,Tata Investment Corporation Ltd.,Finance,Finance,Domestic Equities,8168.0,7970.0,2.484316185696361,4.9215,5.4588,-9.842822598373273,0.248350260915376,1100,tata-investment-corporation,Mid Cap,Jan-2025
78882,109773,1,JSW Infrastructure Ltd.,Logistics,Logistics,Domestic Equities,166690.0,162583.0,2.526094364109409,4.584,5.1701,-11.336337788437364,0.231319231136053,1100,jsw-infrastructure,Mid Cap,Jan-2025
171853,7249,1,NLC India Ltd.,Power,Power,Domestic Equities,201114.0,196158.0,2.526534732205671,4.4631,4.8804,-8.55052864519302,0.225218337801771,1100,nlc-india,Mid Cap,Jan-2025
171394,82477,1,Endurance Technologies Ltd.,Automobile & Ancillaries,Automobile & Ancillaries,Domestic Equities,21735.0,21202.0,2.513913781718706,4.3241000000000005,4.5585,-5.142042338488538,0.218204076648213,1100,endurance-technologies,Mid Cap,Jan-2025
1840,4901,1,SJVN Ltd.,Power,Power,Domestic Equities,440932.0,430062.0,2.527542540377899,4.2995,4.4902999999999995,-4.249159298933253,0.216962703810964,1100,sjvn,Mid Cap,Jan-2025
19510,6302,1,ZF Commercial Vehicle Control Systems India Ltd.,Automobile & Ancillaries,Automobile & Ancillaries,Domestic Equities,3777.0,3687.0,2.4410089503661516,4.1675,4.4406,-6.150069810385984,0.210301678830607,1100,zf-commercial-vehicle-control-systems-india,Small Cap,Jan-2025
19174,6780,1,Bayer CropScience Ltd.,Chemicals,Chemicals,Domestic Equities,7858.0,7667.0,2.491196034955002,4.0201,4.2559,-5.540543715782792,0.202863534269207,1100,bayer-cropscience,Small Cap,Jan-2025
555,5663,1,The Fertilisers And Chemicals Travancore Ltd.,Chemicals,Chemicals,Domestic Equities,38397.0,37454.0,2.517755112938538,3.5362,3.6738999999999997,-3.7480606440022814,0.178444822238942,1100,the-fertilisers-and-chemicals-travancore,Mid Cap,Jan-2025
133387,5868,1,Godrej Industries Ltd.,Chemicals,Chemicals,Domestic Equities,39354.0,38386.0,2.521752722346689,3.5047,4.4766,-21.71067327882768,0.176855259459539,1100,godrej-industries,Mid Cap,Jan-2025
152532,6617,1,Sun TV Network Ltd.,Media & Entertainment,Media & Entertainment,Domestic Equities,52378.0,51089.0,2.5230480142496425,3.2414,3.4912,-7.1551329055912065,0.163568533116144,1100,sun-tv-network,Small Cap,Jan-2025
133353,4920,1,IDBI Bank Ltd.,Bank,Banking,Domestic Equities,346118.0,337587.0,2.5270522857811466,2.8076999999999996,2.5822000000000003,8.732863449771495,0.141683029070832,1100,idbi-bank,Mid Cap,Jan-2025
133909,100034,1,Metro Brands Ltd.,Retailing,Retailing,Domestic Equities,22877.0,22315.0,2.5184853237732465,2.7106,2.7154000000000003,-0.17676953671651255,0.136783138725433,1100,metro-brands,Mid Cap,Jan-2025
58164,86911,1,The New India Assurance Company Ltd.,Insurance,Finance,Domestic Equities,148352.0,144698.0,2.5252595060056118,2.6977999999999995,2.9304,-7.937482937482954,0.13613722115158,1100,the-new-india-assurance-company,Mid Cap,Jan-2025
57345,99844,1,AWL Agri Business Ltd.,FMCG,Fast Moving Consumer Goods,Domestic Equities,97436.0,95037.0,2.524280017256437,2.5981,2.9276,-11.254952862412894,0.131106128798992,1100,awl-agri-business,Mid Cap,Jan-2025
133551,7167,1,Indian Overseas Bank,Bank,Banking,Domestic Equities,422860.0,412436.0,2.5274224364507463,2.1566,2.1348,1.0211729436012773,0.108827018732114,1100,indian-overseas-bank,Large Cap,Jan-2025
171883,5324,1,Mangalore Refinery And Petrochemicals Ltd.,Crude Oil,Crude Oil,Domestic Equities,112961.0,110179.0,2.524982074624021,1.4628,1.6352000000000002,-10.54305283757339,0.0738162677368713,1100,mangalore-refinery-and-petrochemicals,Small Cap,Jan-2025
77009,96064,1,Max Healthcare Institute Ltd.,Healthcare,Healthcare,Domestic Equities,463637.0,458142.0,1.1994097899777798,45.3483,48.6203,-6.729699323122232,2.51839468894799,1100,max-healthcare-institute,Mid Cap,Feb-2025
152406,5107,1,The Indian Hotels Company Ltd.,Hospitality,Hospitality,Domestic Equities,549080.0,542707.0,1.1742984704453785,39.3196,41.5008,-5.255802297787028,2.18359391226484,1100,the-indian-hotels-company,Mid Cap,Feb-2025
76200,82667,1,BSE Ltd.,Finance,Finance,Domestic Equities,84680.0,83674.0,1.2022850586801157,39.2382,44.397,-11.619704034056348,2.17907340482177,1100,bse,Mid Cap,Feb-2025
152473,5056,1,Suzlon Energy Ltd.,Capital Goods,Capital Goods,Domestic Equities,7403800.0,7291819.0,1.5357073454511145,36.8043,42.4165,-13.231171831716427,2.04390801089453,1100,suzlon-energy,Mid Cap,Feb-2025
95548,5980,1,Persistent Systems Ltd.,IT,Information Technology,Domestic Equities,65844.0,65061.0,1.2034859593304743,34.923,39.2487,-11.021256755000795,1.93943097584983,1100,persistent-systems,Mid Cap,Feb-2025
57445,86554,1,Dixon Technologies (India) Ltd.,Consumer Durables,Consumer Durables,Domestic Equities,23831.0,23545.0,1.2146952643873434,33.2105,35.2844,-5.8776683180102225,1.84432816262809,1100,dixon-technologies-india,Mid Cap,Feb-2025
133657,7260,1,Coforge Ltd.,IT,Information Technology,Domestic Equities,41578.0,41082.0,1.2073414147315127,30.610300000000002,33.9495,-9.835785504941153,1.69992738310157,1100,coforge,Mid Cap,Feb-2025
157113,99763,1,PB Fintech Ltd.,IT,Information Technology,Domestic Equities,206313.0,203866.0,1.2002982351152227,30.195999999999998,35.2036,-14.224681566657962,1.67691944411309,1100,pb-fintech,Mid Cap,Feb-2025
152211,6247,1,Lupin Ltd.,Healthcare,Healthcare,Domestic Equities,150480.0,148803.0,1.12699340739098,28.661199999999997,30.9577,-7.418186751599766,1.59168510967062,1100,lupin,Mid Cap,Feb-2025
171685,5596,1,The Federal Bank Ltd.,Bank,Banking,Domestic Equities,1528682.0,1510567.0,1.1992185715694836,27.152399999999997,28.2793,-3.98489354404105,1.50789467195444,1100,the-federal-bank,Mid Cap,Feb-2025
165,7447,1,SRF Ltd.,Chemicals,Chemicals,Domestic Equities,90571.0,89497.0,1.200040224812005,25.3182,25.1473,0.679595821420198,1.40603331136389,1100,srf,Mid Cap,Feb-2025
38803,5403,1,Indus Towers Ltd.,Telecom,Telecom,Domestic Equities,775360.0,766170.0,1.1994727018807836,25.0713,26.601399999999998,-5.7519529047343285,1.39232184591312,1100,indus-towers,Large Cap,Feb-2025
171877,6125,1,Cummins India Ltd.,Automobile & Ancillaries,Automobile & Ancillaries,Domestic Equities,84591.0,83586.0,1.202354461273419,22.9914,24.3574,-5.608151937398898,1.27681566125916,1100,cummins-india,Large Cap,Feb-2025
114530,88033,1,HDFC Asset Management Company Ltd.,Finance,Finance,Domestic Equities,63235.0,62484.0,1.2019076883682223,22.9436,24.1807,-5.116063637529105,1.27416111266237,1100,hdfc-asset-management-company,Mid Cap,Feb-2025
133334,5159,1,CG Power and Industrial Solutions Ltd.,Capital Goods,Capital Goods,Domestic Equities,399465.0,394729.0,1.199810502901991,22.8734,25.0594,-8.723273502158866,1.2702625915014,1100,cg-power-and-industrial-solutions,Large Cap,Feb-2025
7737,15826,1,IDFC First Bank Ltd.,Bank,Banking,Domestic Equities,3866396.0,3820582.0,1.1991366760352218,22.5759,24.1614,-6.562119744716768,1.25374108088332,1100,idfc-first-bank,Mid Cap,Feb-2025
171820,5969,1,Colgate-Palmolive (India) Ltd.,FMCG,Fast Moving Consumer Goods,Domestic Equities,82682.0,81700.0,1.2019583843329253,20.3778,23.0521,-11.601112263091002,1.13167071957371,1100,colgate-palmolive-india,Mid Cap,Feb-2025
171635,7381,1,UPL Ltd.,Chemicals,Chemicals,Domestic Equities,315710.0,311966.0,1.2001307834828154,19.9829,18.8349,6.095068197866723,1.109740149681,1100,upl,Mid Cap,Feb-2025
152636,5140,1,Fortis Healthcare Ltd.,Healthcare,Healthcare,Domestic Equities,324843.0,321228.0,1.1253688968583062,19.9031,20.565,-3.2185752492098247,1.10530849742109,1100,fortis-healthcare,Mid Cap,Feb-2025
141614,85778,1,AU Small Finance Bank Ltd.,Bank,Banking,Domestic Equities,349756.0,345851.0,1.1290989472345028,19.7857,20.7839,-4.802755979387889,1.09878874835701,1100,au-small-finance-bank,Mid Cap,Feb-2025
171327,5699,1,Marico Ltd.,FMCG,Fast Moving Consumer Goods,Domestic Equities,328949.0,325288.0,1.1254642040284302,19.756700000000002,21.8154,-9.436911539554622,1.09717824816231,1100,marico,Mid Cap,Feb-2025
152455,7030,1,Yes Bank Ltd.,Bank,Banking,Domestic Equities,11762049.0,11622686.0,1.199060182818326,19.7014,22.3504,-11.852136874507833,1.09410719089448,1100,yes-bank,Mid Cap,Feb-2025
599,7495,1,Sundaram Finance Ltd.,Finance,Finance,Domestic Equities,42941.0,42429.0,1.2067218176247376,19.485599999999998,19.5895,-0.5303861762679037,1.0821228480663,1100,sundaram-finance,Mid Cap,Feb-2025
171659,5756,1,Ashok Leyland Ltd.,Automobile & Ancillaries,Automobile & Ancillaries,Domestic Equities,893682.0,883090.0,1.1994247471945103,19.0301,19.148,-0.6157301023605579,1.05682688811155,1100,ashok-leyland,Mid Cap,Feb-2025
152379,5838,1,Voltas Ltd.,Consumer Durables,Consumer Durables,Domestic Equities,142503.0,140812.0,1.2008919694344231,18.8118,17.7543,5.956303543366959,1.0447037090597,1100,voltas,Mid Cap,Feb-2025
171465,6543,1,Aurobindo Pharma Ltd.,Healthcare,Healthcare,Domestic Equities,174367.0,172424.0,1.1268732891012851,18.4533,20.206400000000002,-8.675964050993752,1.02479459458379,1100,aurobindo-pharma,Mid Cap,Feb-2025
171946,6864,1,Godrej Properties Ltd.,Realty,Realty,Domestic Equities,94123.0,93005.0,1.2020859093597118,18.225,21.665,-15.878144472651742,1.0121160706372,1100,godrej-properties,Mid Cap,Feb-2025
122,5767,1,The Phoenix Mills Ltd.,Realty,Realty,Domestic Equities,116338.0,114957.0,1.2013187539688754,18.0103,18.8736,-4.5741141064767685,1.00019281574745,1100,the-phoenix-mills,Mid Cap,Feb-2025
171365,5279,1,Hindustan Petroleum Corporation Ltd.,Crude Oil,Crude Oil,Domestic Equities,599301.0,592197.0,1.199600808514734,17.6045,21.215500000000002,-17.020574579906206,0.977656919919488,1100,hindustan-petroleum-corporation,Mid Cap,Feb-2025
152369,6790,1,Bharat Forge Ltd.,Automobile & Ancillaries,Automobile & Ancillaries,Domestic Equities,163316.0,161377.0,1.2015342954696147,16.6011,19.7534,-15.958265412536576,0.921933613182733,1100,bharat-forge,Mid Cap,Feb-2025
101370,86936,1,Tube Investments of India Ltd.,Automobile & Ancillaries,Automobile & Ancillaries,Domestic Equities,66593.0,65802.0,1.2020911218503996,16.3962,21.860100000000003,-24.99485363744906,0.910554596289807,1100,tube-investments-of-india,Mid Cap,Feb-2025
587,7648,1,APL Apollo Tubes Ltd.,Iron & Steel,Iron & Steel,Domestic Equities,112966.0,111623.0,1.2031570554455622,16.2552,16.85,-3.5299703264094964,0.902724233274178,1100,apl-apollo-tubes,Mid Cap,Feb-2025
152222,5634,1,Max Financial Services Ltd.,Finance,Finance,Domestic Equities,160946.0,159035.0,1.2016222844028044,16.064,17.7443,-9.469519789453512,0.892106038887027,1100,max-financial-services,Mid Cap,Feb-2025
19255,6350,1,Mphasis Ltd.,IT,Information Technology,Domestic Equities,70622.0,69783.0,1.2022985540891047,15.8705,20.0134,-20.700630577513067,0.881360115174088,1100,mphasis,Mid Cap,Feb-2025
171321,7864,1,Page Industries Ltd.,Textile,Textile,Domestic Equities,3887.0,3837.0,1.3031013812874641,15.7485,17.1604,-8.22766369082306,0.874584907458437,1100,page-industries,Mid Cap,Feb-2025
77639,92991,1,SBI Cards And Payment Services Ltd.,Finance,Finance,Domestic Equities,186683.0,184604.0,1.1261944486576672,15.659,14.3659,9.0011763968843,0.869614570650644,1100,sbi-cards-and-payment-services,Mid Cap,Feb-2025
152551,7908,1,GMR Airports Ltd.,Infrastructure,Aviation,Domestic Equities,2237291.0,2210781.0,1.1991237485757296,15.5425,16.0657,-3.2566274734371943,0.863144802627092,1100,gmr-airports,Mid Cap,Feb-2025
38931,15891,1,Alkem Laboratories Ltd.,Healthcare,Healthcare,Domestic Equities,33161.0,32766.0,1.2055179149117987,15.4073,16.5896,-7.126754111009308,0.855636539650404,1100,alkem-laboratories,Mid Cap,Feb-2025
152118,7308,1,PI Industries Ltd.,Chemicals,Chemicals,Domestic Equities,50662.0,50060.0,1.2025569316819817,15.269300000000001,17.439700000000002,-12.445168208168717,0.847972780103192,1100,pi-industries,Mid Cap,Feb-2025
152795,99590,1,One97 Communications Ltd.,IT,Information Technology,Domestic Equities,211975.0,209460.0,1.200706578821732,15.1552,16.248900000000003,-6.730917169777653,0.841636294854374,1100,one97-communications,Mid Cap,Feb-2025
152574,8059,1,Torrent Power Ltd.,Power,Power,Domestic Equities,118681.0,117273.0,1.2006173629053576,14.988800000000001,17.162300000000002,-12.664386475006259,0.832395355806142,1100,torrent-power,Mid Cap,Feb-2025
96004,7992,1,Jubilant FoodWorks Ltd.,FMCG,Fast Moving Consumer Goods,Domestic Equities,238160.0,235336.0,1.1999864024203692,14.9112,16.5653,-9.985330781815003,0.828085879423072,1100,jubilant-foodworks,Mid Cap,Feb-2025
1152,105806,1,Mankind Pharma Ltd.,Healthcare,Healthcare,Domestic Equities,64853.0,64082.0,1.203145969226928,14.8552,15.6065,-4.814019799442547,0.824975948012609,1100,mankind-pharma,Mid Cap,Feb-2025
134131,90516,1,Polycab India Ltd.,Electricals,Electricals,Domestic Equities,31389.0,31012.0,1.2156584547916935,14.7949,18.7249,-20.988096064598476,0.821627218297415,1100,polycab-india,Large Cap,Feb-2025
77293,6578,1,Muthoot Finance Ltd.,Finance,Finance,Domestic Equities,66841.0,66093.0,1.1317386107454648,14.255799999999999,14.9291,-4.509983857030909,0.791688575022764,1100,muthoot-finance,Mid Cap,Feb-2025
1427,98308,1,Sona BLW Precision Forgings Ltd.,Automobile & Ancillaries,Automobile & Ancillaries,Domestic Equities,279374.0,276221.0,1.1414772953540824,13.7983,13.9298,-0.9440192967594718,0.766281546089072,1100,sona-blw-precision-forgings,Mid Cap,Feb-2025
191600,99819,1,FSN E-Commerce Ventures Ltd.,Retailing,Information Technology,Domestic Equities,849794.0,839723.0,1.1993240628159525,13.4947,14.1829,-4.852322162604258,0.749421275085207,1100,fsn-e-commerce-ventures,Mid Cap,Feb-2025
19275,7232,1,NMDC Ltd.,Mining,Mining,Domestic Equities,2156124.0,2130575.0,1.1991598512138741,13.4715,14.0831,-4.342793845105116,0.748132874929443,1100,nmdc,Mid Cap,Feb-2025
56674,5695,1,Supreme Industries Ltd.,Plastic Products,Plastic Products,Domestic Equities,40327.0,39846.0,1.2071475179440847,13.424900000000001,15.814100000000002,-15.108036499073615,0.745544967720023,1100,supreme-industries,Mid Cap,Feb-2025
152238,8313,1,MRF Ltd.,Automobile & Ancillaries,Automobile & Ancillaries,Domestic Equities,1264.0,1247.0,1.36327185244587,13.3192,14.17,-6.004234297812274,0.739674972182774,1100,mrf,Mid Cap,Feb-2025
133642,6320,1,Petronet LNG Ltd.,Inds. Gases & Fuels,Industrials Gases & Fuels,Domestic Equities,467297.0,462097.0,1.1253048602349724,13.238499999999998,14.611500000000001,-9.396708072408732,0.73519333888234,1100,petronet-lng,Mid Cap,Feb-2025
171839,6306,1,Solar Industries India Ltd.,Chemicals,Chemicals,Domestic Equities,15197.0,15014.0,1.2188623950979087,13.2375,15.306199999999999,-13.515438188446504,0.735137804392867,1100,solar-industries-india,Mid Cap,Feb-2025
79,7951,1,Balkrishna Industries Ltd.,Automobile & Ancillaries,Automobile & Ancillaries,Domestic Equities,50141.0,49545.0,1.2029468160258352,13.1151,13.7302,-4.479905609532271,0.728340382881427,1100,balkrishna-industries,Mid Cap,Feb-2025
152616,7532,1,Vodafone Idea Ltd.,Telecom,Telecom,Domestic Equities,16196274.0,16004371.0,1.1990661801079219,12.2282,14.484000000000002,-15.574426953880153,0.679086844168223,1100,vodafone-idea,Mid Cap,Feb-2025
19182,5589,1,Coromandel International Ltd.,Chemicals,Chemicals,Domestic Equities,73326.0,72507.0,1.12954611278911,12.223099999999999,13.1205,-6.839678365915934,0.678803618271913,1100,coromandel-international,Mid Cap,Feb-2025
123299,91366,1,KPIT Technologies Ltd.,IT,Information Technology,Domestic Equities,101659.0,100526.0,1.1270716033662933,12.1726,14.166099999999998,-14.072327598986305,0.67599912655355,1100,kpit-technologies,Mid Cap,Feb-2025
152296,7356,1,Patanjali Foods Ltd.,FMCG,Fast Moving Consumer Goods,Domestic Equities,68469.0,67654.0,1.2046590002069353,12.054300000000001,12.344100000000001,-2.3476802683063176,0.669429396448947,1100,patanjali-foods,Mid Cap,Feb-2025
133630,5815,1,Jindal Stainless Ltd.,Iron & Steel,Iron & Steel,Domestic Equities,203541.0,201127.0,1.200236666384921,11.904100000000001,13.1396,-9.40287375566988,0.66108811613017,1100,jindal-stainless,Mid Cap,Feb-2025
153260,8051,1,Prestige Estates Projects Ltd.,Realty,Realty,Domestic Equities,105236.0,103987.0,1.2011116774212163,11.855899999999998,14.137,-16.13567234915471,0.658411353737593,1100,prestige-estates-projects,Mid Cap,Feb-2025
113892,8292,1,KEI Industries Ltd.,Electricals,Electricals,Domestic Equities,38457.0,37999.0,1.205294876180952,11.8069,15.2893,-22.776713126173206,0.655690163753438,1100,kei-industries,Mid Cap,Feb-2025
756,88308,1,Rail Vikas Nigam Ltd.,Infrastructure,Infrastructure,Domestic Equities,354231.0,350032.0,1.1996046075787357,11.7746,16.672,-29.375,0.653896399743475,1100,rail-vikas-nigam,Large Cap,Feb-2025
152323,7533,1,Tata Elxsi Ltd.,IT,Information Technology,Domestic Equities,21628.0,21369.0,1.2120361271000046,11.7031,13.5394,-13.562639407950138,0.649925683746188,1100,tata-elxsi,Mid Cap,Feb-2025
677,6026,1,Oil India Ltd.,Crude Oil,Crude Oil,Domestic Equities,339992.0,336208.0,1.1254937419692572,11.6515,14.1359,-17.5751101804625,0.647060104089404,1100,oil-india,Mid Cap,Feb-2025
352,7184,1,Ipca Laboratories Ltd.,Healthcare,Healthcare,Domestic Equities,84724.0,83718.0,1.2016531689720251,11.4831,12.083,-4.964826615906646,0.637708096062227,1100,ipca-laboratories,Mid Cap,Feb-2025
171336,8097,1,JK Cement Ltd.,Construction Materials,Construction Materials,Domestic Equities,26108.0,25796.0,1.2094898433865715,11.4597,12.472000000000001,-8.116581141757537,0.636408589008569,1100,jk-cement,Mid Cap,Feb-2025
171698,8307,1,Oracle Financial Services Software Ltd.,IT,Information Technology,Domestic Equities,14732.0,14554.0,1.2230314690119555,11.4378,13.2762,-13.847335834048893,0.635192383689121,1100,oracle-financial-services-software,Mid Cap,Feb-2025
152608,7159,1,Indian Bank,Bank,Banking,Domestic Equities,220449.0,217834.0,1.2004553926384312,11.2605,12.1061,-6.984908434590823,0.625346118705638,1100,indian-bank,Mid Cap,Feb-2025
171444,98250,1,Kalyan Jewellers India Ltd.,Diamond  &  Jewellery,Diamond & Jewellery,Domestic Equities,239259.0,235967.0,1.3951103332245611,11.0597,11.871500000000001,-6.838226003453654,0.61419479321955,1100,kalyan-jewellers-india,Mid Cap,Feb-2025
153691,5278,1,Oberoi Realty Ltd.,Realty,Realty,Domestic Equities,73427.0,72553.0,1.2046366104778576,10.9002,13.1513,-17.116939009831736,0.605337042148678,1100,oberoi-realty,Mid Cap,Feb-2025
75891,5355,1,Container Corporation Of India Ltd.,Logistics,Logistics,Domestic Equities,171838.0,169924.0,1.1263859137025964,10.7175,13.255799999999999,-19.148599103788523,0.595190890922044,1100,container-corporation-of-india,Mid Cap,Feb-2025
171434,4916,1,Astral Ltd.,Plastic Products,Plastic Products,Domestic Equities,77124.0,76207.0,1.203301533979818,10.3134,11.4867,-10.214421896628286,0.572749403726186,1100,astral,Mid Cap,Feb-2025
152519,8782,1,Mahindra & Mahindra Financial Services Ltd.,Finance,Finance,Domestic Equities,368881.0,364775.0,1.1256253855116167,9.981900000000001,10.394300000000001,-3.9675591429918327,0.554339720466037,1100,mahindra-mahindra-financial-services,Mid Cap,Feb-2025
171509,5522,1,Tata Communications Ltd.,Telecom,Telecom,Domestic Equities,73214.0,72398.0,1.1271029586452663,9.9022,11.8226,-16.24346590428501,0.549913621655074,1100,tata-communications,Mid Cap,Feb-2025
152367,6359,1,Abbott India Ltd.,Healthcare,Healthcare,Domestic Equities,3251.0,3212.0,1.2141967621419676,9.881599999999999,8.4069,17.54154325613483,0.54876961117194,1100,abbott-india,Mid Cap,Feb-2025
171886,6139,1,Exide Industries Ltd.,Automobile & Ancillaries,Automobile & Ancillaries,Domestic Equities,283929.0,280561.0,1.2004519516254932,9.8751,10.507,-6.014085847530223,0.548408636990368,1100,exide-industries,Mid Cap,Feb-2025
133351,5368,1,Steel Authority Of India Ltd.,Iron & Steel,Iron & Steel,Domestic Equities,901824.0,891137.0,1.1992544356254986,9.471,9.573500000000001,-1.070663811563169,0.525967149794511,1100,steel-authority-of-india,Mid Cap,Feb-2025
152207,5372,1,LIC Housing Finance Ltd.,Finance,Finance,Domestic Equities,187619.0,185393.0,1.2006925827836004,9.322799999999999,11.0884,-15.922946502651417,0.51773693845468,1100,lic-housing-finance,Mid Cap,Feb-2025
171840,6541,1,UNO Minda Ltd.,Automobile & Ancillaries,Automobile & Ancillaries,Domestic Equities,111456.0,110213.0,1.1278161378421783,9.2052,10.421700000000001,-11.672759722502095,0.511206082492708,1100,uno-minda,Mid Cap,Feb-2025
171333,7587,1,United Breweries Ltd.,Alcohol,Alcohol,Domestic Equities,46970.0,46411.0,1.204455840210295,9.1411,9.9598,-8.22004457920842,0.507646321717517,1100,united-breweries,Mid Cap,Feb-2025
173672,92657,1,Gujarat Fluorochemicals Ltd.,Chemicals,Chemicals,Domestic Equities,25481.0,25176.0,1.21147124245313,9.1346,9.0068,1.41892792112627,0.507285347535946,1100,gujarat-fluorochemicals,Mid Cap,Feb-2025
171433,6783,1,Berger Paints India Ltd.,Chemicals,Chemicals,Domestic Equities,177652.0,175544.0,1.2008385362074465,8.6792,8.2988,4.583795247505659,0.481994941030147,1100,berger-paints-india,Mid Cap,Feb-2025
133643,6434,1,Biocon Ltd.,Healthcare,Healthcare,Domestic Equities,280840.0,277511.0,1.1995920882415472,8.494,10.0612,-15.576670774857874,0.471709953579831,1100,biocon,Mid Cap,Feb-2025
47051,90577,1,Dalmia Bharat Ltd.,Construction Materials,Construction Materials,Domestic Equities,49868.0,49275.0,1.2034500253678335,8.4259,9.1964,-8.378278456787434,0.46792805484675,1100,dalmia-bharat,Mid Cap,Feb-2025
133635,5732,1,Indraprastha Gas Ltd.,Gas Transmission,Gas Transmission,Domestic Equities,437602.0,432411.0,1.2004782487032013,8.291699999999999,8.7261,-4.978168941451513,0.460475326359534,1100,indraprastha-gas,Mid Cap,Feb-2025
134830,88309,1,Mazagon Dock Shipbuilders Ltd.,Ship Building,Ship Building,Domestic Equities,38283.0,37827.0,1.2054881433896425,8.1583,9.4511,-13.678831035540833,0.453067025463896,1100,mazagon-dock-shipbuilders,Mid Cap,Feb-2025
171410,5631,1,Procter & Gamble Hygiene and Health Care Ltd.,FMCG,Fast Moving Consumer Goods,Domestic Equities,5903.0,5835.0,1.1653813196229648,7.9938,8.4611,-5.522922551441304,0.443931601945662,1100,procter-gamble-hygiene-and-health-care,Mid Cap,Feb-2025
46521,101004,1,Delhivery Ltd.,Logistics,Logistics,Domestic Equities,317996.0,314226.0,1.1997734114936383,7.9451,10.0882,-21.24363117305367,0.441227072308349,1100,delhivery,Small Cap,Feb-2025
19183,6082,1,Deepak Nitrite Ltd.,Chemicals,Chemicals,Domestic Equities,42877.0,42367.0,1.2037670828711025,7.937799999999999,9.8529,-19.436917049802595,0.440821670535199,1100,deepak-nitrite,Mid Cap,Feb-2025
152325,5528,1,Thermax Ltd.,Capital Goods,Capital Goods,Domestic Equities,24164.0,23875.0,1.2104712041884818,7.8497,9.2243,-14.901943778931729,0.435929082012668,1100,thermax,Mid Cap,Feb-2025
152079,6815,1,Linde India Ltd.,Inds. Gases & Fuels,Industrials Gases & Fuels,Domestic Equities,13125.0,12966.0,1.2262841277186487,7.779299999999999,8.126900000000001,-4.277153650223345,0.4320194539538,1100,linde-india,Mid Cap,Feb-2025
171565,6678,1,Apollo Tyres Ltd.,Automobile & Ancillaries,Automobile & Ancillaries,Domestic Equities,207639.0,205176.0,1.2004327991577963,7.7719000000000005,8.9723,-13.378955228871076,0.431608498731703,1100,apollo-tyres,Small Cap,Feb-2025
44430,82482,1,L&T Technology Services Ltd.,IT,Information Technology,Domestic Equities,17130.0,16925.0,1.2112259970457901,7.7654,9.222999999999999,-15.803968340019518,0.431247524550132,1100,lt-technology-services,Mid Cap,Feb-2025
75659,6055,1,Lloyds Metals & Energy Ltd.,Iron & Steel,Iron & Steel,Domestic Equities,75671.0,74827.0,1.1279351036390608,7.7268,9.271799999999999,-16.663431048987253,0.429103893256491,1100,lloyds-metals-energy,Mid Cap,Feb-2025
152324,4941,1,ACC Ltd.,Construction Materials,Construction Materials,Domestic Equities,42448.0,41941.0,1.2088409909158102,7.7194,8.4203,-8.323931451373458,0.428692938034395,1100,acc,Mid Cap,Feb-2025
97743,96921,1,Gland Pharma Ltd.,Healthcare,Healthcare,Domestic Equities,49642.0,49052.0,1.2028051863328713,7.7084,7.4792,3.064498876885238,0.428082058650197,1100,gland-pharma,Small Cap,Feb-2025
19098,6973,1,Schaeffler India Ltd.,Automobile & Ancillaries,Automobile & Ancillaries,Domestic Equities,25128.0,24828.0,1.208313194780087,7.6923,8.5056,-9.561935665914213,0.427187953369688,1100,schaeffler-india,Mid Cap,Feb-2025
152486,5772,1,AIA Engineering Ltd.,Automobile & Ancillaries,Automobile & Ancillaries,Domestic Equities,24206.0,23933.0,1.1406844106463878,7.6037,8.8088,-13.680637544273907,0.422267597602421,1100,aia-engineering,Mid Cap,Feb-2025
152397,5267,1,Tata Chemicals Ltd.,Chemicals,Chemicals,Domestic Equities,97709.0,96548.0,1.202510668268633,7.5954,9.5206,-20.221414616725834,0.421806661339798,1100,tata-chemicals,Small Cap,Feb-2025
177212,94646,1,Hitachi Energy India Ltd.,Capital Goods,Capital Goods,Domestic Equities,6562.0,6475.0,1.3436293436293436,7.4048,8.3291,-11.097237396597466,0.411221787646331,1100,hitachi-energy-india,Mid Cap,Feb-2025
19805,15724,1,Syngene International Ltd.,Business Services,Healthcare,Domestic Equities,112809.0,111469.0,1.2021279458863003,7.3597,8.322799999999999,-11.571826789061369,0.408717182171119,1100,syngene-international,Mid Cap,Feb-2025
83342,79963,1,Bandhan Bank Ltd.,Bank,Banking,Domestic Equities,518962.0,512810.0,1.1996645931241592,7.3272,7.762899999999999,-5.612593231910747,0.406912311263261,1100,bandhan-bank,Small Cap,Feb-2025
133407,5997,1,Hindustan Zinc Ltd.,Non - Ferrous Metals,Non - Ferrous Metals,Domestic Equities,186023.0,183817.0,1.200106627787419,7.2698,8.2745,-12.142123391141462,0.403724631567537,1100,hindustan-zinc,Large Cap,Feb-2025
114414,5238,1,Bank Of India,Bank,Banking,Domestic Equities,757496.0,749070.0,1.124861494920368,7.2083,8.4285,-14.47707183959186,0.400309260464975,1100,bank-of-india,Mid Cap,Feb-2025
57541,86814,1,General Insurance Corporation of India,Insurance,Finance,Domestic Equities,192760.0,190613.0,1.1263659876293852,7.1109,7.8427999999999995,-9.332126281430094,0.394900201190348,1100,general-insurance-corporation-of-india,Mid Cap,Feb-2025
79346,86555,1,Aditya Birla Capital Ltd.,Finance,Finance,Domestic Equities,444064.0,438800.0,1.1996353691886963,6.9421,7.8716,-11.808272778088309,0.385525979367382,1100,aditya-birla-capital,Mid Cap,Feb-2025
1704,6920,1,L&T Finance Ltd.,Finance,Finance,Domestic Equities,502201.0,496248.0,1.1996018119972272,6.7662,7.2189,-6.271038523874826,0.375757462669161,1100,lt-finance,Mid Cap,Feb-2025
134823,84770,1,Cochin Shipyard Ltd.,Ship Building,Ship Building,Domestic Equities,52763.0,52173.0,1.1308531232629906,6.693300000000001,7.9945,-16.276189880542873,0.371708998386612,1100,cochin-shipyard,Mid Cap,Feb-2025
133333,4917,1,CRISIL Ltd.,Ratings,Ratings,Domestic Equities,15207.0,15024.0,1.2180511182108626,6.6734,8.163,-18.248193066274645,0.370603862046108,1100,crisil,Mid Cap,Feb-2025
114654,92672,1,Indian Renewable Energy Development Agency Ltd.,Finance,Finance,Domestic Equities,420317.0,415334.0,1.199757303760347,6.557799999999999,8.3943,-21.87794098376279,0.364184075063082,1100,indian-renewable-energy-development-agency,Mid Cap,Feb-2025
133495,5019,1,Ajanta Pharma Ltd.,Healthcare,Healthcare,Domestic Equities,26266.0,25953.0,1.2060262782722615,6.5296,6.9929,-6.625291366957904,0.362618002459956,1100,ajanta-pharma,Mid Cap,Feb-2025
171948,7104,1,Emami Ltd.,FMCG,Fast Moving Consumer Goods,Domestic Equities,123016.0,121556.0,1.2010925005758664,6.5192,7.1675,-9.044994768050232,0.362040443769441,1100,emami,Small Cap,Feb-2025
171580,109023,1,Tata Technologies Ltd.,IT,Information Technology,Domestic Equities,96134.0,95062.0,1.1276850897309125,6.4578,7.487100000000001,-13.74764595103579,0.358630626115827,1100,tata-technologies,Mid Cap,Feb-2025
152318,6472,1,Sundram Fasteners Ltd.,Automobile & Ancillaries,Automobile & Ancillaries,Domestic Equities,68998.0,68178.0,1.202734019771774,6.4437,7.1190999999999995,-9.487154275119043,0.357847589814264,1100,sundram-fasteners,Small Cap,Feb-2025
95549,7450,1,Aditya Birla Fashion and Retail Ltd.,Retailing,Retailing,Domestic Equities,265832.0,249025.0,6.749121574139143,6.4371,6.819500000000001,-5.607449226482881,0.357481062183745,1100,aditya-birla-fashion-and-retail,Mid Cap,Feb-2025
152386,5556,1,Glaxosmithkline Pharmaceuticals Ltd.,Healthcare,Healthcare,Domestic Equities,25825.0,25516.0,1.2110048596958771,6.3926,5.0449,26.714107316299625,0.355009777402217,1100,glaxosmithkline-pharmaceuticals,Mid Cap,Feb-2025
76174,111823,1,Bharti Hexacom Ltd.,Telecom,Telecom,Domestic Equities,46882.0,46359.0,1.1281520308893633,6.1152999999999995,6.2812,-2.6412150544481996,0.339610063471479,1100,bharti-hexacom,Mid Cap,Feb-2025
102429,100653,1,Global Health Ltd.,Healthcare,Healthcare,Domestic Equities,51853.0,51235.0,1.2062066946423344,5.9613,5.3264,11.919870832081708,0.331057752092706,1100,global-health,Small Cap,Feb-2025
152370,5063,1,Escorts Kubota Ltd.,Automobile & Ancillaries,Automobile & Ancillaries,Domestic Equities,20713.0,20465.0,1.2118250671878816,5.9425,7.4154,-19.86271812714081,0.330013703690622,1100,escorts-kubota,Mid Cap,Feb-2025
171646,5397,1,Carborundum Universal Ltd.,Abrasives,Abrasives,Domestic Equities,69546.0,68718.0,1.2049244739369598,5.7838,8.1548,-29.07490067199686,0.321200380211329,1100,carborundum-universal,Small Cap,Feb-2025
57781,87827,1,Bharat Dynamics Ltd.,Capital Goods,Capital Goods,Domestic Equities,57454.0,56812.0,1.1300429486728156,5.6041,7.414,-24.411923388184515,0.311220832453112,1100,bharat-dynamics,Mid Cap,Feb-2025
797,86851,1,Nippon Life India Asset Management Ltd.,Finance,Finance,Domestic Equities,108680.0,107390.0,1.201229164726697,5.5785,6.269400000000001,-11.020193319934926,0.309799149522614,1100,nippon-life-india-asset-management,Mid Cap,Feb-2025
133170,6243,1,Timken India Ltd.,Automobile & Ancillaries,Automobile & Ancillaries,Domestic Equities,22416.0,22148.0,1.2100415387393897,5.5462,6.3295,-12.375385101508813,0.308005385512651,1100,timken-india,Small Cap,Feb-2025
152363,7424,1,SKF India Ltd.,Automobile & Ancillaries,Automobile & Ancillaries,Domestic Equities,14527.0,14352.0,1.2193422519509476,5.3609,5.8037,-7.629615590054615,0.297714844613388,1100,skf-india,Small Cap,Feb-2025
645,8087,1,IRB Infrastructure Developers Ltd.,Infrastructure,Infrastructure,Domestic Equities,1237811.0,1223143.0,1.1992056529776158,5.3548,7.0111,-23.62396770834819,0.297376084227605,1100,irb-infrastructure-developers,Mid Cap,Feb-2025
115032,83788,1,Housing & Urban Development Corporation Ltd.,Finance,Finance,Domestic Equities,313077.0,309366.0,1.199550047516534,5.1701999999999995,7.1061000000000005,-27.24279140456791,0.287124417470973,1100,housing-urban-development-corporation,Mid Cap,Feb-2025
58178,99657,1,Star Health and Allied Insurance Company Ltd.,Insurance,Finance,Domestic Equities,137209.0,135580.0,1.2015046467030535,5.149500000000001,5.874,-12.334014300306425,0.285974853538891,1100,star-health-and-allied-insurance-company,Small Cap,Feb-2025
171405,6966,1,Poonawalla Fincorp Ltd.,Finance,Finance,Domestic Equities,181886.0,179861.0,1.125869421386515,5.116499999999999,5.5828999999999995,-8.35408121227319,0.284142215386297,1100,poonawalla-fincorp,Small Cap,Feb-2025
509,8487,1,K.P.R. Mill Ltd.,Textile,Textile,Domestic Equities,62650.0,61906.0,1.2018221174038057,5.022,5.7696000000000005,-12.957570715474217,0.278894206131141,1100,kpr-mill,Small Cap,Feb-2025
13,7543,1,Tata Investment Corporation Ltd.,Finance,Finance,Domestic Equities,8269.0,8168.0,1.2365328109696376,5.0155,4.9215,1.909986792644526,0.278533231949569,1100,tata-investment-corporation,Mid Cap,Feb-2025
196533,104025,1,Motherson Sumi Wiring India Ltd.,Iron & Steel,Iron & Steel,Domestic Equities,1057879.0,1045342.0,1.1993204137975897,4.9719999999999995,5.8675,-15.26203664252237,0.276117481657513,1100,motherson-sumi-wiring-india,Small Cap,Feb-2025
152064,6806,1,3M India Ltd.,Diversified,Diversified,Domestic Equities,1761.0,1738.0,1.3233601841196778,4.631,5.1953,-10.86174041922506,0.257180220747374,1100,3m-india,Mid Cap,Feb-2025
113787,7539,1,Honeywell Automation India Ltd.,Consumer Durables,Consumer Durables,Domestic Equities,1373.0,1355.0,1.3284132841328413,4.6272,5.484,-15.623632385120342,0.256969189687379,1100,honeywell-automation-india,Mid Cap,Feb-2025
133645,6755,1,Bank Of Maharashtra,Bank,Banking,Domestic Equities,981458.0,969827.0,1.1992860582351283,4.5549,4.9742,-8.429496200394034,0.252954046098513,1100,bank-of-maharashtra,Mid Cap,Feb-2025
133387,5868,1,Godrej Industries Ltd.,Chemicals,Chemicals,Domestic Equities,39799.0,39354.0,1.1307618031203943,4.3683,3.5047,24.641196108083417,0.242591310362936,1100,godrej-industries,Mid Cap,Feb-2025
78882,109773,1,JSW Infrastructure Ltd.,Logistics,Logistics,Domestic Equities,168691.0,166690.0,1.200431939528466,4.2974,4.584,-6.252181500872593,0.238653915059332,1100,jsw-infrastructure,Mid Cap,Feb-2025
171853,7249,1,NLC India Ltd.,Power,Power,Domestic Equities,203528.0,201114.0,1.2003142496295633,4.2138,4.4631,-5.585803589433355,0.234011231739427,1100,nlc-india,Mid Cap,Feb-2025
19510,6302,1,ZF Commercial Vehicle Control Systems India Ltd.,Automobile & Ancillaries,Automobile & Ancillaries,Domestic Equities,3824.0,3777.0,1.2443738416732857,4.184200000000001,4.1675,0.4007198560287981,0.232367410851039,1100,zf-commercial-vehicle-control-systems-india,Small Cap,Feb-2025
19128,7053,1,Grindwell Norton Ltd.,Abrasives,Abrasives,Domestic Equities,28853.0,28507.0,1.213736976882871,4.1486,5.4946,-24.496778655407127,0.230390383025817,1100,grindwell-norton,Small Cap,Feb-2025
137768,15760,1,Gujarat Gas Ltd.,Gas Transmission,Gas Transmission,Domestic Equities,107594.0,106316.0,1.2020768275706384,3.9847,5.167000000000001,-22.881749564544222,0.221288280201266,1100,gujarat-gas,Mid Cap,Feb-2025
171394,82477,1,Endurance Technologies Ltd.,Automobile & Ancillaries,Automobile & Ancillaries,Domestic Equities,21998.0,21735.0,1.2100299056820796,3.8843,4.3241000000000005,-10.170902615573187,0.215712617458222,1100,endurance-technologies,Mid Cap,Feb-2025
19174,6780,1,Bayer CropScience Ltd.,Chemicals,Chemicals,Domestic Equities,7955.0,7858.0,1.2344107915500127,3.762,4.0201,-6.420238302529789,0.208920749395729,1100,bayer-cropscience,Small Cap,Feb-2025
1840,4901,1,SJVN Ltd.,Power,Power,Domestic Equities,446221.0,440932.0,1.1995046855297415,3.7532,4.2995,-12.706128619606929,0.208432045888371,1100,sjvn,Mid Cap,Feb-2025
152532,6617,1,Sun TV Network Ltd.,Media & Entertainment,Media & Entertainment,Domestic Equities,53009.0,52378.0,1.2047042651494901,2.9764999999999997,3.2414,-8.172394644289508,0.165298407915042,1100,sun-tv-network,Small Cap,Feb-2025
555,5663,1,The Fertilisers And Chemicals Travancore Ltd.,Chemicals,Chemicals,Domestic Equities,38861.0,38397.0,1.2084277417506575,2.688,3.5362,-23.986199875572648,0.149276707702212,1100,the-fertilisers-and-chemicals-travancore,Mid Cap,Feb-2025
133909,100034,1,Metro Brands Ltd.,Retailing,Retailing,Domestic Equities,23153.0,22877.0,1.2064518949162915,2.5864999999999996,2.7106,-4.578322142699043,0.143639957020748,1100,metro-brands,Mid Cap,Feb-2025
57345,99844,1,AWL Agri Business Ltd.,FMCG,Fast Moving Consumer Goods,Domestic Equities,98607.0,97436.0,1.2018145244057639,2.4272,2.5981,-6.577883838189448,0.134793312847771,1100,awl-agri-business,Mid Cap,Feb-2025
133353,4920,1,IDBI Bank Ltd.,Bank,Banking,Domestic Equities,350271.0,346118.0,1.1998798097758567,2.4253,2.8076999999999996,-13.619688713181603,0.134687797317773,1100,idbi-bank,Mid Cap,Feb-2025
58164,86911,1,The New India Assurance Company Ltd.,Insurance,Finance,Domestic Equities,150134.0,148352.0,1.2011971527178602,2.1336,2.6977999999999995,-20.913336792942385,0.11848838673863,1100,the-new-india-assurance-company,Mid Cap,Feb-2025
133551,7167,1,Indian Overseas Bank,Bank,Banking,Domestic Equities,427933.0,422860.0,1.1996878399470274,1.8628,2.1566,-13.623295928776777,0.103449646989464,1100,indian-overseas-bank,Large Cap,Feb-2025
171883,5324,1,Mangalore Refinery And Petrochemicals Ltd.,Crude Oil,Crude Oil,Domestic Equities,114318.0,112961.0,1.2012995635661865,1.2095,1.4628,-17.316106097894448,0.067168965017048,1100,mangalore-refinery-and-petrochemicals,Small Cap,Feb-2025
77009,96064,1,Max Healthcare Institute Ltd.,Healthcare,Healthcare,Domestic Equities,467680.0,463637.0,0.8720184109551223,51.3022,45.3483,13.12926835184561,2.58205330468266,1100,max-healthcare-institute,Mid Cap,Mar-2025
76200,82667,1,BSE Ltd.,Finance,Finance,Domestic Equities,85424.0,84680.0,0.8786017949929145,46.8106,39.2382,19.29854070777967,2.35598988784454,1100,bse,Mid Cap,Mar-2025
152473,5056,1,Suzlon Energy Ltd.,Capital Goods,Capital Goods,Domestic Equities,7470117.0,7403800.0,0.8957157135525001,42.3257,36.8043,15.002051390734234,2.13026368377978,1100,suzlon-energy,Mid Cap,Mar-2025
95548,5980,1,Persistent Systems Ltd.,IT,Information Technology,Domestic Equities,67009.0,65844.0,1.769333576331936,36.9471,34.923,5.795893823554673,1.85955732217022,1100,persistent-systems,Mid Cap,Mar-2025
133657,7260,1,Coforge Ltd.,IT,Information Technology,Domestic Equities,41920.0,41578.0,0.8225503872240127,33.9938,30.610300000000002,11.053468930392707,1.71091695148983,1100,coforge,Mid Cap,Mar-2025
157113,99763,1,PB Fintech Ltd.,IT,Information Technology,Domestic Equities,208262.0,206313.0,0.9446811398215333,33.1085,30.195999999999998,9.645317260564314,1.66635956816834,1100,pb-fintech,Mid Cap,Mar-2025
57445,86554,1,Dixon Technologies (India) Ltd.,Consumer Durables,Consumer Durables,Domestic Equities,24271.0,23831.0,1.8463346061852208,31.988000000000003,33.2105,-3.68106472350612,1.60996450659404,1100,dixon-technologies-india,Mid Cap,Mar-2025
152211,6247,1,Lupin Ltd.,Healthcare,Healthcare,Domestic Equities,152015.0,150480.0,1.0200691121743755,30.8279,28.661199999999997,7.559697430672829,1.55157636653841,1100,lupin,Mid Cap,Mar-2025
171685,5596,1,The Federal Bank Ltd.,Bank,Banking,Domestic Equities,1543064.0,1528682.0,0.9408104497861556,29.7395,27.152399999999997,9.528071183394472,1.49679690646035,1100,the-federal-bank,Mid Cap,Mar-2025
38803,5403,1,Indus Towers Ltd.,Telecom,Telecom,Domestic Equities,831749.0,775360.0,7.272621749896822,27.8054,25.0713,10.905298089847747,1.39945314154214,1100,indus-towers,Large Cap,Mar-2025
165,7447,1,SRF Ltd.,Chemicals,Chemicals,Domestic Equities,91322.0,90571.0,0.829183734307891,26.8409,25.3182,6.014250618132409,1.35090960125797,1100,srf,Mid Cap,Mar-2025
171877,6125,1,Cummins India Ltd.,Automobile & Ancillaries,Automobile & Ancillaries,Domestic Equities,85145.0,84591.0,0.6549160076131031,25.985,22.9914,13.020520716441805,1.30783192771809,1100,cummins-india,Large Cap,Mar-2025
114530,88033,1,HDFC Asset Management Company Ltd.,Finance,Finance,Domestic Equities,63846.0,63235.0,0.9662370522653594,25.6271,22.9436,11.696072107254306,1.289818725989,1100,hdfc-asset-management-company,Mid Cap,Mar-2025
152636,5140,1,Fortis Healthcare Ltd.,Healthcare,Healthcare,Domestic Equities,327953.0,324843.0,0.9573855677973667,22.902600000000003,19.9031,15.070516653184693,1.15269391986747,1100,fortis-healthcare,Mid Cap,Mar-2025
171365,5279,1,Hindustan Petroleum Corporation Ltd.,Crude Oil,Crude Oil,Domestic Equities,604551.0,599301.0,0.8760205639570098,21.785,17.6045,23.7467692919424,1.09644481606075,1100,hindustan-petroleum-corporation,Mid Cap,Mar-2025
171327,5699,1,Marico Ltd.,FMCG,Fast Moving Consumer Goods,Domestic Equities,332118.0,328949.0,0.9633712216787405,21.6425,19.756700000000002,9.545116340279495,1.0892727533438,1100,marico,Mid Cap,Mar-2025
7737,15826,1,IDFC First Bank Ltd.,Bank,Banking,Domestic Equities,3901788.0,3866396.0,0.9153744210370587,21.444200000000002,22.5759,-5.012867704056098,1.0792922618577,1100,idfc-first-bank,Mid Cap,Mar-2025
152379,5838,1,Voltas Ltd.,Consumer Durables,Consumer Durables,Domestic Equities,143255.0,142503.0,0.5277081885995383,20.8966,18.8118,11.082405724066797,1.05173140891875,1100,voltas,Mid Cap,Mar-2025
171465,6543,1,Aurobindo Pharma Ltd.,Healthcare,Healthcare,Domestic Equities,176012.0,174367.0,0.9434124576324648,20.426199999999998,18.4533,10.691312664943396,1.02805605241313,1100,aurobindo-pharma,Mid Cap,Mar-2025
171635,7381,1,UPL Ltd.,Chemicals,Chemicals,Domestic Equities,318487.0,315710.0,0.8796047005162967,20.2637,19.9829,1.4052014472373844,1.01987738440258,1100,upl,Mid Cap,Mar-2025
171946,6864,1,Godrej Properties Ltd.,Realty,Realty,Domestic Equities,94916.0,94123.0,0.8425145819831497,20.2133,18.225,10.909739368998626,1.01734073906269,1100,godrej-properties,Mid Cap,Mar-2025
152455,7030,1,Yes Bank Ltd.,Bank,Banking,Domestic Equities,11865712.0,11762049.0,0.8813345361849794,20.0293,19.7014,1.6643487264864407,1.00807997036151,1100,yes-bank,Mid Cap,Mar-2025
599,7495,1,Sundaram Finance Ltd.,Finance,Finance,Domestic Equities,43321.0,42941.0,0.8849351435690832,19.817,19.485599999999998,1.7007431128628372,0.997394855169882,1100,sundaram-finance,Mid Cap,Mar-2025
171820,5969,1,Colgate-Palmolive (India) Ltd.,FMCG,Fast Moving Consumer Goods,Domestic Equities,82923.0,82682.0,0.2914781935608718,19.8169,20.3778,-2.752505177202638,0.997389822143414,1100,colgate-palmolive-india,Mid Cap,Mar-2025
152369,6790,1,Bharat Forge Ltd.,Automobile & Ancillaries,Automobile & Ancillaries,Domestic Equities,167811.0,163316.0,2.752332900634353,19.619600000000002,16.6011,18.182530073308403,0.987459660921987,1100,bharat-forge,Mid Cap,Mar-2025
122,5767,1,The Phoenix Mills Ltd.,Realty,Realty,Domestic Equities,117339.0,116338.0,0.8604239371486531,19.2823,18.0103,7.062625275536778,0.970483262645315,1100,the-phoenix-mills,Mid Cap,Mar-2025
141614,85778,1,AU Small Finance Bank Ltd.,Bank,Banking,Domestic Equities,353288.0,349756.0,1.009846864671371,18.8868,19.7857,-4.543180175581348,0.950577642964249,1100,au-small-finance-bank,Mid Cap,Mar-2025
101370,86936,1,Tube Investments of India Ltd.,Automobile & Ancillaries,Automobile & Ancillaries,Domestic Equities,67685.0,66593.0,1.639811992251438,18.7443,16.3962,14.321001207596892,0.943405580247304,1100,tube-investments-of-india,Mid Cap,Mar-2025
152222,5634,1,Max Financial Services Ltd.,Finance,Finance,Domestic Equities,162359.0,160946.0,0.8779342139599617,18.6339,16.064,15.997883466135457,0.937849119026597,1100,max-financial-services,Mid Cap,Mar-2025
171659,5756,1,Ashok Leyland Ltd.,Automobile & Ancillaries,Automobile & Ancillaries,Domestic Equities,900193.0,893682.0,0.7285589281198458,18.383699999999997,19.0301,-3.396724137025034,0.925256486803581,1100,ashok-leyland,Mid Cap,Mar-2025
19255,6350,1,Mphasis Ltd.,IT,Information Technology,Domestic Equities,71526.0,70622.0,1.2800543739911077,17.8829,15.8705,12.680129800573392,0.900051090251677,1100,mphasis,Mid Cap,Mar-2025
152574,8059,1,Torrent Power Ltd.,Power,Power,Domestic Equities,119728.0,118681.0,0.882196813306258,17.8018,14.988800000000001,18.767346285226296,0.895969305786103,1100,torrent-power,Mid Cap,Mar-2025
133342,5963,1,Bharat Heavy Electricals Ltd.,Capital Goods,Capital Goods,Domestic Equities,808899.0,,,17.507,,,0.881131943758345,1100,bharat-heavy-electricals,Mid Cap,Mar-2025
152118,7308,1,PI Industries Ltd.,Chemicals,Chemicals,Domestic Equities,50973.0,50662.0,0.6138723303462161,17.4746,15.269300000000001,14.442705297557842,0.879501243182703,1100,pi-industries,Mid Cap,Mar-2025
133317,6810,1,Blue Star Ltd.,Consumer Durables,Consumer Durables,Domestic Equities,81660.0,,,17.4458,,,0.87805173155991,1100,blue-star,Mid Cap,Mar-2025
587,7648,1,APL Apollo Tubes Ltd.,Iron & Steel,Iron & Steel,Domestic Equities,114008.0,112966.0,0.9224014305189172,17.3891,16.2552,6.975613957379799,0.875198005552536,1100,apl-apollo-tubes,Mid Cap,Mar-2025
171839,6306,1,Solar Industries India Ltd.,Chemicals,Chemicals,Domestic Equities,15328.0,15197.0,0.8620122392577482,17.2348,13.2375,30.196789423984892,0.867432045712362,1100,solar-industries-india,Mid Cap,Mar-2025
1152,105806,1,Mankind Pharma Ltd.,Healthcare,Healthcare,Domestic Equities,71053.0,64853.0,9.560082031671627,17.2286,14.8552,15.97689697883569,0.867119998071344,1100,mankind-pharma,Mid Cap,Mar-2025
152551,7908,1,GMR Airports Ltd.,Infrastructure,Aviation,Domestic Equities,2256998.0,2237291.0,0.8808420540734307,17.092200000000002,15.5425,9.970725430271838,0.860254949968949,1100,gmr-airports,Mid Cap,Mar-2025
171321,7864,1,Page Industries Ltd.,Textile,Textile,Domestic Equities,3968.0,3887.0,2.0838693079495756,16.9409,15.7485,7.5715147474362645,0.852639980922817,1100,page-industries,Mid Cap,Mar-2025
152795,99590,1,One97 Communications Ltd.,IT,Information Technology,Domestic Equities,214233.0,211975.0,1.0652199551833943,16.784100000000002,15.1552,10.74812605574325,0.844748195420942,1100,one97-communications,Mid Cap,Mar-2025
77639,92991,1,SBI Cards And Payment Services Ltd.,Finance,Finance,Domestic Equities,188500.0,186683.0,0.9733076927197443,16.6087,15.659,6.064882814994559,0.835920266996015,1100,sbi-cards-and-payment-services,Mid Cap,Mar-2025
153586,8183,1,NHPC Ltd.,Power,Power,Domestic Equities,1991170.0,,,16.3674,,,0.823775574128654,1100,nhpc,Mid Cap,Mar-2025
134131,90516,1,Polycab India Ltd.,Electricals,Electricals,Domestic Equities,31738.0,31389.0,1.111854471311606,16.3386,14.7949,10.434000905717504,0.82232606250586,1100,polycab-india,Large Cap,Mar-2025
38931,15891,1,Alkem Laboratories Ltd.,Healthcare,Healthcare,Domestic Equities,33452.0,33161.0,0.8775368655951268,16.3303,15.4073,5.990666761859635,0.821908321309014,1100,alkem-laboratories,Mid Cap,Mar-2025
77293,6578,1,Muthoot Finance Ltd.,Finance,Finance,Domestic Equities,67475.0,66841.0,0.9485196211905865,16.078599999999998,14.255799999999999,12.786374668555956,0.809240193688977,1100,muthoot-finance,Mid Cap,Mar-2025
96004,7992,1,Jubilant FoodWorks Ltd.,FMCG,Fast Moving Consumer Goods,Domestic Equities,239481.0,238160.0,0.5546691299966409,15.9099,14.9112,6.697650088524071,0.800749478037408,1100,jubilant-foodworks,Mid Cap,Mar-2025
191600,99819,1,FSN E-Commerce Ventures Ltd.,Retailing,Information Technology,Domestic Equities,857638.0,849794.0,0.9230472326234357,15.3586,13.4947,13.812089190571102,0.773002403119148,1100,fsn-e-commerce-ventures,Mid Cap,Mar-2025
133608,7612,1,Union Bank Of India,Bank,Banking,Domestic Equities,1216014.0,,,15.343699999999998,,,0.772252482175411,1100,union-bank-of-india,Mid Cap,Mar-2025
19275,7232,1,NMDC Ltd.,Mining,Mining,Domestic Equities,2175076.0,2156124.0,0.8789846966129963,14.984100000000002,13.4715,11.228148313105443,0.754153718996368,1100,nmdc,Mid Cap,Mar-2025
19182,5589,1,Coromandel International Ltd.,Chemicals,Chemicals,Domestic Equities,74311.0,73326.0,1.3433161497967978,14.7292,12.223099999999999,20.50298205856126,0.741324534529355,1100,coromandel-international,Mid Cap,Mar-2025
133463,8505,1,Glenmark Pharmaceuticals Ltd.,Healthcare,Healthcare,Domestic Equities,94751.0,,,14.601600000000001,,,0.734902392756146,1100,glenmark-pharmaceuticals,Mid Cap,Mar-2025
152238,8313,1,MRF Ltd.,Automobile & Ancillaries,Automobile & Ancillaries,Domestic Equities,1275.0,1264.0,0.870253164556962,14.3664,13.3192,7.862334074118567,0.723064714503335,1100,mrf,Mid Cap,Mar-2025
56674,5695,1,Supreme Industries Ltd.,Plastic Products,Plastic Products,Domestic Equities,40686.0,40327.0,0.8902224316214944,13.94,13.424900000000001,3.8369000886412556,0.701603889643647,1100,supreme-industries,Mid Cap,Mar-2025
133642,6320,1,Petronet LNG Ltd.,Inds. Gases & Fuels,Industrials Gases & Fuels,Domestic Equities,471696.0,467297.0,0.9413713334346251,13.849,13.238499999999998,4.611549646863329,0.697023835557738,1100,petronet-lng,Mid Cap,Mar-2025
114652,92620,1,Indian Railway Catering And Tourism Corporation Ltd.,Hospitality,Hospitality,Domestic Equities,189840.0,,,13.810899999999998,,,0.695106252473418,1100,indian-railway-catering-and-tourism-corporation,Mid Cap,Mar-2025
123299,91366,1,KPIT Technologies Ltd.,IT,Information Technology,Domestic Equities,102730.0,101659.0,1.0535220688773252,13.431400000000002,12.1726,10.341258235709718,0.676005917027237,1100,kpit-technologies,Mid Cap,Mar-2025
677,6026,1,Oil India Ltd.,Crude Oil,Crude Oil,Domestic Equities,343247.0,339992.0,0.9573754676580625,13.2751,11.6515,13.934686521048784,0.668139296657703,1100,oil-india,Mid Cap,Mar-2025
352,7184,1,Ipca Laboratories Ltd.,Healthcare,Healthcare,Domestic Equities,87450.0,84724.0,3.21750625560644,13.1341,11.4831,14.37765063441058,0.661042729337778,1100,ipca-laboratories,Mid Cap,Mar-2025
1427,98308,1,Sona BLW Precision Forgings Ltd.,Automobile & Ancillaries,Automobile & Ancillaries,Domestic Equities,282344.0,279374.0,1.0630910535697666,13.021700000000001,13.7983,-5.62822956451156,0.65538560758771,1100,sona-blw-precision-forgings,Mid Cap,Mar-2025
171336,8097,1,JK Cement Ltd.,Construction Materials,Construction Materials,Domestic Equities,26328.0,26108.0,0.8426535927685,12.9867,11.4597,13.324956150684578,0.653624048323899,1100,jk-cement,Mid Cap,Mar-2025
79,7951,1,Balkrishna Industries Ltd.,Automobile & Ancillaries,Automobile & Ancillaries,Domestic Equities,50410.0,50141.0,0.5364871063600646,12.878699999999998,13.1151,-1.8025024589976517,0.648188379738425,1100,balkrishna-industries,Mid Cap,Mar-2025
152296,7356,1,Patanjali Foods Ltd.,FMCG,Fast Moving Consumer Goods,Domestic Equities,69734.0,68469.0,1.8475514466400853,12.6107,12.054300000000001,4.615780260985695,0.634699868804099,1100,patanjali-foods,Mid Cap,Mar-2025
153260,8051,1,Prestige Estates Projects Ltd.,Realty,Realty,Domestic Equities,106155.0,105236.0,0.8732753050286973,12.573,11.855899999999998,6.0484653210637775,0.632802417825651,1100,prestige-estates-projects,Mid Cap,Mar-2025
756,88308,1,Rail Vikas Nigam Ltd.,Infrastructure,Infrastructure,Domestic Equities,357225.0,354231.0,0.8452111757581917,12.569,11.7746,6.746726003431119,0.63260109676693,1100,rail-vikas-nigam,Large Cap,Mar-2025
151967,5716,1,GE Vernova T&D India Ltd.,Capital Goods,Capital Goods,Domestic Equities,78001.0,,,12.158399999999999,,,0.611935490089191,1100,ge-vernova-td-india,Mid Cap,Mar-2025
153691,5278,1,Oberoi Realty Ltd.,Realty,Realty,Domestic Equities,74067.0,73427.0,0.8716139839568551,12.127699999999999,10.9002,11.26126126126126,0.610390350963505,1100,oberoi-realty,Mid Cap,Mar-2025
152608,7159,1,Indian Bank,Bank,Banking,Domestic Equities,222392.0,220449.0,0.8813829956134979,12.0381,11.2605,6.905554815505528,0.605880759248148,1100,indian-bank,Mid Cap,Mar-2025
75891,5355,1,Container Corporation Of India Ltd.,Logistics,Logistics,Domestic Equities,173480.0,171838.0,0.9555511586494256,11.9979,10.7175,11.946815955213433,0.603857482608,1100,container-corporation-of-india,Mid Cap,Mar-2025
133630,5815,1,Jindal Stainless Ltd.,Iron & Steel,Iron & Steel,Domestic Equities,203983.0,203541.0,0.21715526601520088,11.8637,11.904100000000001,-0.3393788694651583,0.597103161087901,1100,jindal-stainless,Mid Cap,Mar-2025
171698,8307,1,Oracle Financial Services Software Ltd.,IT,Information Technology,Domestic Equities,14884.0,14732.0,1.031767580776541,11.6853,11.4378,2.163877668782458,0.588124241868932,1100,oracle-financial-services-software,Mid Cap,Mar-2025
171509,5522,1,Tata Communications Ltd.,Telecom,Telecom,Domestic Equities,73908.0,73214.0,0.9479061381702952,11.664200000000001,9.9022,17.79402557007534,0.587062273284177,1100,tata-communications,Mid Cap,Mar-2025
152323,7533,1,Tata Elxsi Ltd.,IT,Information Technology,Domestic Equities,21813.0,21628.0,0.8553726650638062,11.374600000000001,11.7031,-2.806948586272006,0.572486628632757,1100,tata-elxsi,Mid Cap,Mar-2025
171444,98250,1,Kalyan Jewellers India Ltd.,Diamond  &  Jewellery,Diamond & Jewellery,Domestic Equities,241684.0,239259.0,1.0135459899105155,11.2927,11.0597,2.1067479226380423,0.568364579955439,1100,kalyan-jewellers-india,Mid Cap,Mar-2025
113892,8292,1,KEI Industries Ltd.,Electricals,Electricals,Domestic Equities,38792.0,38457.0,0.8711027901292353,11.2219,11.8069,-4.95472986135226,0.564801197216072,1100,kei-industries,Mid Cap,Mar-2025
152616,7532,1,Vodafone Idea Ltd.,Telecom,Telecom,Domestic Equities,16327488.0,16196274.0,0.8101492973013423,11.1027,12.2282,-9.204134705026085,0.558801829666178,1100,vodafone-idea,Mid Cap,Mar-2025
152207,5372,1,LIC Housing Finance Ltd.,Finance,Finance,Domestic Equities,189221.0,187619.0,0.8538580847355546,10.6692,9.322799999999999,14.442013129102858,0.53698365992726,1100,lic-housing-finance,Mid Cap,Mar-2025
133407,5997,1,Hindustan Zinc Ltd.,Non - Ferrous Metals,Non - Ferrous Metals,Domestic Equities,230770.0,186023.0,24.0545523940588,10.6593,7.2698,46.62439131750531,0.536485390306925,1100,hindustan-zinc,Large Cap,Mar-2025
152519,8782,1,Mahindra & Mahindra Financial Services Ltd.,Finance,Finance,Domestic Equities,372552.0,368881.0,0.9951718846999439,10.543199999999999,9.981900000000001,5.623177952093276,0.53064204657754,1100,mahindra-mahindra-financial-services,Mid Cap,Mar-2025
97125,90518,1,Adani Total Gas Ltd.,Gas Transmission,Gas Transmission,Domestic Equities,174563.0,,,10.519200000000001,,,0.529434120225212,1100,adani-total-gas,Mid Cap,Mar-2025
133351,5368,1,Steel Authority Of India Ltd.,Iron & Steel,Iron & Steel,Domestic Equities,909787.0,901824.0,0.8829882549144845,10.478900000000001,9.471,10.641959666349917,0.527405810558595,1100,steel-authority-of-india,Mid Cap,Mar-2025
173672,92657,1,Gujarat Fluorochemicals Ltd.,Chemicals,Chemicals,Domestic Equities,25704.0,25481.0,0.8751618853263217,10.3403,9.1346,13.199264335603084,0.520430035873903,1100,gujarat-fluorochemicals,Mid Cap,Mar-2025
171886,6139,1,Exide Industries Ltd.,Automobile & Ancillaries,Automobile & Ancillaries,Domestic Equities,286401.0,283929.0,0.8706401952600827,10.3233,9.8751,4.5386882158155295,0.519574421374337,1100,exide-industries,Mid Cap,Mar-2025
134830,88309,1,Mazagon Dock Shipbuilders Ltd.,Ship Building,Ship Building,Domestic Equities,38617.0,38283.0,0.8724499124937961,10.2096,8.1583,25.143718666879128,0.513851870280185,1100,mazagon-dock-shipbuilders,Mid Cap,Mar-2025
177212,94646,1,Hitachi Energy India Ltd.,Capital Goods,Capital Goods,Domestic Equities,7999.0,6562.0,21.898811338006706,10.121699999999999,7.4048,36.69106525496974,0.509427840014785,1100,hitachi-energy-india,Mid Cap,Mar-2025
152367,6359,1,Abbott India Ltd.,Healthcare,Healthcare,Domestic Equities,3283.0,3251.0,0.984312519224854,10.0856,9.881599999999999,2.064443005181345,0.507610917459826,1100,abbott-india,Mid Cap,Mar-2025
171434,4916,1,Astral Ltd.,Plastic Products,Plastic Products,Domestic Equities,77540.0,77124.0,0.5393911104195841,10.035599999999999,10.3134,-2.693583105474429,0.50509440422581,1100,astral,Mid Cap,Mar-2025
133439,5473,1,National Aluminium Company Ltd.,Non - Ferrous Metals,Non - Ferrous Metals,Domestic Equities,564370.0,,,9.9064,,,0.498591734029112,1100,national-aluminium-company,Mid Cap,Mar-2025
171840,6541,1,UNO Minda Ltd.,Automobile & Ancillaries,Automobile & Ancillaries,Domestic Equities,112510.0,111456.0,0.9456646569049669,9.850299999999999,9.2052,7.0079954808151905,0.495768206180546,1100,uno-minda,Mid Cap,Mar-2025
75659,6055,1,Lloyds Metals & Energy Ltd.,Iron & Steel,Iron & Steel,Domestic Equities,76502.0,75671.0,1.0981749943835817,9.8477,7.7268,27.448620386188338,0.495637347492378,1100,lloyds-metals-energy,Mid Cap,Mar-2025
133643,6434,1,Biocon Ltd.,Healthcare,Healthcare,Domestic Equities,283403.0,280840.0,0.9126192850021364,9.6839,8.494,14.008712032022604,0.487393250137741,1100,biocon,Mid Cap,Mar-2025
135555,92715,1,360 One Wam Ltd.,Finance,Finance,Domestic Equities,100923.0,,,9.5135,,,0.478816973036215,1100,360-one-wam,Mid Cap,Mar-2025
47051,90577,1,Dalmia Bharat Ltd.,Construction Materials,Construction Materials,Domestic Equities,50125.0,49868.0,0.5153605518569022,9.1305,8.4259,8.362311444474765,0.459540481663653,1100,dalmia-bharat,Mid Cap,Mar-2025
171333,7587,1,United Breweries Ltd.,Alcohol,Alcohol,Domestic Equities,45432.0,46970.0,-3.2744304875452412,9.083,9.1411,-0.635590902626605,0.457149794091338,1100,united-breweries,Mid Cap,Mar-2025
133635,5732,1,Indraprastha Gas Ltd.,Gas Transmission,Gas Transmission,Domestic Equities,441454.0,437602.0,0.8802519184098794,8.9668,8.291699999999999,8.14187681657561,0.451301417335485,1100,indraprastha-gas,Mid Cap,Mar-2025
171433,6783,1,Berger Paints India Ltd.,Chemicals,Chemicals,Domestic Equities,179181.0,177652.0,0.860671425033211,8.9626,8.6792,3.2652779057977734,0.451090030223827,1100,berger-paints-india,Mid Cap,Mar-2025
152325,5528,1,Thermax Ltd.,Capital Goods,Capital Goods,Domestic Equities,24381.0,24164.0,0.8980301274623407,8.9091,7.8497,13.496057174159514,0.44839736106343,1100,thermax,Mid Cap,Mar-2025
171565,6678,1,Apollo Tyres Ltd.,Automobile & Ancillaries,Automobile & Ancillaries,Domestic Equities,202974.0,207639.0,-2.24668776096976,8.6477,7.7719000000000005,11.268801708719865,0.435241029875995,1100,apollo-tyres,Small Cap,Mar-2025
19805,15724,1,Syngene International Ltd.,Business Services,Healthcare,Domestic Equities,119002.0,112809.0,5.489810210178265,8.6419,7.3597,17.42190578420316,0.434949114340849,1100,syngene-international,Mid Cap,Mar-2025
19183,6082,1,Deepak Nitrite Ltd.,Chemicals,Chemicals,Domestic Equities,43263.0,42877.0,0.9002495510413507,8.5816,7.937799999999999,8.110559600896975,0.431914199380626,1100,deepak-nitrite,Mid Cap,Mar-2025
19098,6973,1,Schaeffler India Ltd.,Automobile & Ancillaries,Automobile & Ancillaries,Domestic Equities,25323.0,25128.0,0.7760267430754536,8.5501,7.6923,11.151411151411148,0.430328796043196,1100,schaeffler-india,Mid Cap,Mar-2025
79346,86555,1,Aditya Birla Capital Ltd.,Finance,Finance,Domestic Equities,448789.0,444064.0,1.0640358146573468,8.3057,6.9421,19.64247129831031,0.418028079355326,1100,aditya-birla-capital,Mid Cap,Mar-2025
152079,6815,1,Linde India Ltd.,Inds. Gases & Fuels,Industrials Gases & Fuels,Domestic Equities,13240.0,13125.0,0.8761904761904762,8.2848,7.779299999999999,6.498013960124956,0.416976176823507,1100,linde-india,Mid Cap,Mar-2025
152324,4941,1,ACC Ltd.,Construction Materials,Construction Materials,Domestic Equities,42417.0,42448.0,-0.07303053147380324,8.2401,7.7194,6.7453429022980975,0.414726413992297,1100,acc,Mid Cap,Mar-2025
57541,86814,1,General Insurance Corporation of India,Insurance,Finance,Domestic Equities,194608.0,192760.0,0.9587051255447189,8.1949,7.1109,15.244202562263565,0.412451486028746,1100,general-insurance-corporation-of-india,Mid Cap,Mar-2025
114414,5238,1,Bank Of India,Bank,Banking,Domestic Equities,764736.0,757496.0,0.9557806245841562,8.1919,7.2083,13.64538101910298,0.412300495234705,1100,bank-of-india,Mid Cap,Mar-2025
152486,5772,1,AIA Engineering Ltd.,Automobile & Ancillaries,Automobile & Ancillaries,Domestic Equities,24433.0,24206.0,0.9377840204907874,8.1892,7.6037,7.70019858752975,0.412164603520069,1100,aia-engineering,Mid Cap,Mar-2025
97743,96921,1,Gland Pharma Ltd.,Healthcare,Healthcare,Domestic Equities,50077.0,49642.0,0.8762741227186656,7.9742999999999995,7.7084,3.449483680141134,0.401348629640268,1100,gland-pharma,Small Cap,Mar-2025
44430,82482,1,L&T Technology Services Ltd.,IT,Information Technology,Domestic Equities,17296.0,17130.0,0.9690601284296555,7.7861,7.7654,0.2665670796095565,0.391876473827432,1100,lt-technology-services,Mid Cap,Mar-2025
1704,6920,1,L&T Finance Ltd.,Finance,Finance,Domestic Equities,505059.0,502201.0,0.5690948444945351,7.7385,6.7662,14.3699565487275,0.389480753228649,1100,lt-finance,Mid Cap,Mar-2025
83342,79963,1,Bandhan Bank Ltd.,Bank,Banking,Domestic Equities,522809.0,518962.0,0.7412874160343147,7.6476999999999995,7.3272,4.374112894420782,0.384910765195676,1100,bandhan-bank,Small Cap,Mar-2025
95549,7450,1,Aditya Birla Fashion and Retail Ltd.,Retailing,Retailing,Domestic Equities,295386.0,265832.0,11.117547925005267,7.5699000000000005,6.4371,17.597986671016447,0.380995070603547,1100,aditya-birla-fashion-and-retail,Mid Cap,Mar-2025
152386,5556,1,Glaxosmithkline Pharmaceuticals Ltd.,Healthcare,Healthcare,Domestic Equities,26048.0,25825.0,0.8635043562439496,7.5027,6.3926,17.365391233613863,0.37761287681703,1100,glaxosmithkline-pharmaceuticals,Mid Cap,Mar-2025
134823,84770,1,Cochin Shipyard Ltd.,Ship Building,Ship Building,Domestic Equities,53265.0,52763.0,0.951424293539033,7.499199999999999,6.693300000000001,12.040398607562773,0.377436720890648,1100,cochin-shipyard,Mid Cap,Mar-2025
57781,87827,1,Bharat Dynamics Ltd.,Capital Goods,Capital Goods,Domestic Equities,58001.0,57454.0,0.9520660006265882,7.4322,5.6041,32.6207598008601,0.374064593157067,1100,bharat-dynamics,Mid Cap,Mar-2025
171948,7104,1,Emami Ltd.,FMCG,Fast Moving Consumer Goods,Domestic Equities,124081.0,123016.0,0.8657410418156988,7.195499999999999,6.5192,10.373972266535771,0.362151419507236,1100,emami,Small Cap,Mar-2025
133495,5019,1,Ajanta Pharma Ltd.,Healthcare,Healthcare,Domestic Equities,26490.0,26266.0,0.8528135231858678,6.948300000000001,6.5296,6.412337662337662,0.349709778078261,1100,ajanta-pharma,Mid Cap,Mar-2025
76174,111823,1,Bharti Hexacom Ltd.,Telecom,Telecom,Domestic Equities,47326.0,46882.0,0.9470585725864937,6.9276,6.1152999999999995,13.283076872761765,0.348667941599378,1100,bharti-hexacom,Mid Cap,Mar-2025
114654,92672,1,Indian Renewable Energy Development Agency Ltd.,Finance,Finance,Domestic Equities,424035.0,420317.0,0.8845704551564653,6.8096000000000005,6.557799999999999,3.839702339199132,0.3427289703671,1100,indian-renewable-energy-development-agency,Mid Cap,Mar-2025
152370,5063,1,Escorts Kubota Ltd.,Automobile & Ancillaries,Automobile & Ancillaries,Domestic Equities,20878.0,20713.0,0.7966011683483802,6.7855,5.9425,14.18594867480016,0.341516010988305,1100,escorts-kubota,Mid Cap,Mar-2025
171580,109023,1,Tata Technologies Ltd.,IT,Information Technology,Domestic Equities,97049.0,96134.0,0.9517964507874425,6.598400000000001,6.4578,2.177212053640568,0.332099218466617,1100,tata-technologies,Mid Cap,Mar-2025
133333,4917,1,CRISIL Ltd.,Ratings,Ratings,Domestic Equities,15338.0,15207.0,0.8614453869928324,6.4096,6.6734,-3.953007462462912,0.322596864494973,1100,crisil,Mid Cap,Mar-2025
797,86851,1,Nippon Life India Asset Management Ltd.,Finance,Finance,Domestic Equities,110076.0,108680.0,1.284504968715495,6.3684,5.5785,14.159720354934125,0.320523257590144,1100,nippon-life-india-asset-management,Mid Cap,Mar-2025
115032,83788,1,Housing & Urban Development Corporation Ltd.,Finance,Finance,Domestic Equities,315832.0,313077.0,0.8799752137653037,6.2993,5.1701999999999995,21.838613593284588,0.317045436300734,1100,housing-urban-development-corporation,Mid Cap,Mar-2025
102429,100653,1,Global Health Ltd.,Healthcare,Healthcare,Domestic Equities,52392.0,51853.0,1.039476983009662,6.278099999999999,5.9613,5.3142770872125125,0.315978434689511,1100,global-health,Small Cap,Mar-2025
133445,6416,1,Apar Industries Ltd.,Capital Goods,Capital Goods,Domestic Equities,10633.0,,,5.890599999999999,,,0.296475457125887,1100,apar-industries,Mid Cap,Mar-2025
171485,6291,1,Motilal Oswal Financial Services Ltd.,Finance,Finance,Domestic Equities,93508.0,,,5.754,,,0.289600342970556,1100,motilal-oswal-financial-services,Mid Cap,Mar-2025
509,8487,1,K.P.R. Mill Ltd.,Textile,Textile,Domestic Equities,63180.0,62650.0,0.8459696727853152,5.7273000000000005,5.022,14.044205495818405,0.288256524903591,1100,kpr-mill,Small Cap,Mar-2025
645,8087,1,IRB Infrastructure Developers Ltd.,Infrastructure,Infrastructure,Domestic Equities,1248604.0,1237811.0,0.8719424855652438,5.6387,5.3548,5.301785314110702,0.283797263452915,1100,irb-infrastructure-developers,Mid Cap,Mar-2025
196533,104025,1,Motherson Sumi Wiring India Ltd.,Iron & Steel,Iron & Steel,Domestic Equities,1067238.0,1057879.0,0.8846947524244266,5.5614,4.9719999999999995,11.854384553499598,0.279906733993126,1100,motherson-sumi-wiring-india,Small Cap,Mar-2025
78882,109773,1,JSW Infrastructure Ltd.,Logistics,Logistics,Domestic Equities,170940.0,168691.0,1.3332068693646963,5.4666999999999994,4.2974,27.209475496812015,0.2751404579279,1100,jsw-infrastructure,Mid Cap,Mar-2025
57345,99844,1,AWL Agri Business Ltd.,FMCG,Fast Moving Consumer Goods,Domestic Equities,207505.0,98607.0,110.43637875607209,5.3603,2.4272,120.8429466051417,0.269785317765914,1100,awl-agri-business,Mid Cap,Mar-2025
13,7543,1,Tata Investment Corporation Ltd.,Finance,Finance,Domestic Equities,8176.0,8269.0,-1.124682549280445,5.1654,5.0155,2.9887349217425885,0.25997594917972,1100,tata-investment-corporation,Mid Cap,Mar-2025
152064,6806,1,3M India Ltd.,Diversified,Diversified,Domestic Equities,1778.0,1761.0,0.9653605905735378,5.1365,4.631,10.915568991578482,0.258521404530459,1100,3m-india,Mid Cap,Mar-2025
58178,99657,1,Star Health and Allied Insurance Company Ltd.,Insurance,Finance,Domestic Equities,141968.0,137209.0,3.4684313711199706,5.0633,5.149500000000001,-1.673948927080311,0.254837229155859,1100,star-health-and-allied-insurance-company,Small Cap,Mar-2025
171853,7249,1,NLC India Ltd.,Power,Power,Domestic Equities,205306.0,203528.0,0.873589874611847,5.0232,4.2138,19.20831553467179,0.252818985542179,1100,nlc-india,Mid Cap,Mar-2025
222979,112566,1,Vishal Mega Mart Ltd.,Retailing,Retailing,Domestic Equities,470018.0,,,4.8995,,,0.246593131801223,1100,vishal-mega-mart,Mid Cap,Mar-2025
222201,112407,1,NTPC Green Energy Ltd.,Power,Power,Domestic Equities,468912.0,,,4.7177,,,0.237443089682341,1100,ntpc-green-energy,Large Cap,Mar-2025
113787,7539,1,Honeywell Automation India Ltd.,Consumer Durables,Consumer Durables,Domestic Equities,1384.0,1373.0,0.8011653313911145,4.6619,4.6272,0.7499135546334652,0.234634660913179,1100,honeywell-automation-india,Mid Cap,Mar-2025
133645,6755,1,Bank Of Maharashtra,Bank,Banking,Domestic Equities,990087.0,981458.0,0.879202166572589,4.5881,4.5549,0.7288853761882793,0.230920287379772,1100,bank-of-maharashtra,Mid Cap,Mar-2025
137768,15760,1,Gujarat Gas Ltd.,Gas Transmission,Gas Transmission,Domestic Equities,108489.0,107594.0,0.8318307712325966,4.4735000000000005,3.9847,12.266920972720655,0.225152439047407,1100,gujarat-gas,Mid Cap,Mar-2025
133387,5868,1,Godrej Industries Ltd.,Chemicals,Chemicals,Domestic Equities,39016.0,39799.0,-1.9673861152290257,4.425,4.3683,1.2979877755648688,0.222711421210412,1100,godrej-industries,Mid Cap,Mar-2025
171394,82477,1,Endurance Technologies Ltd.,Automobile & Ancillaries,Automobile & Ancillaries,Domestic Equities,22191.0,21998.0,0.8773524865896899,4.367900000000001,3.8843,12.450119712689549,0.219837563097165,1100,endurance-technologies,Mid Cap,Mar-2025
1840,4901,1,SJVN Ltd.,Power,Power,Domestic Equities,450144.0,446221.0,0.8791607745937551,4.1229000000000005,3.7532,9.850261110519032,0.207506648250487,1100,sjvn,Mid Cap,Mar-2025
152532,6617,1,Sun TV Network Ltd.,Media & Entertainment,Media & Entertainment,Domestic Equities,62166.0,53009.0,17.27442509762493,4.0405,2.9764999999999997,35.74668234503613,0.203359434440829,1100,sun-tv-network,Small Cap,Mar-2025
77359,100627,1,Waaree Energies Ltd.,Capital Goods,Capital Goods,Domestic Equities,16595.0,,,3.9905,,,0.200842921206813,1100,waaree-energies,Mid Cap,Mar-2025
217845,112026,1,Premier Energies Ltd.,Electricals,Electricals,Domestic Equities,41488.0,,,3.8914,,,0.195855191976993,1100,premier-energies,Mid Cap,Mar-2025
176199,111753,1,OLA Electric Mobility Ltd.,Automobile & Ancillaries,Automobile & Ancillaries,Domestic Equities,561406.0,,,2.9783,,,0.149898627297394,1100,ola-electric-mobility,Mid Cap,Mar-2025
58164,86911,1,The New India Assurance Company Ltd.,Insurance,Finance,Domestic Equities,151460.0,150134.0,0.8832109981749637,2.3404,2.1336,9.692538432695901,0.117792951457819,1100,the-new-india-assurance-company,Mid Cap,Mar-2025
171883,5324,1,Mangalore Refinery And Petrochemicals Ltd.,Crude Oil,Crude Oil,Domestic Equities,112339.0,114318.0,-1.7311359540929687,1.5103,1.2095,24.86978090119884,0.0760137987466858,1100,mangalore-refinery-and-petrochemicals,Small Cap,Mar-2025
76200,82667,1,BSE Ltd.,Finance,Finance,Domestic Equities,87989.0,85424.0,3.0026690391459074,55.952200000000005,46.8106,19.528910118648334,2.63164541357515,1100,bse,Mid Cap,Apr-2025
77009,96064,1,Max Healthcare Institute Ltd.,Healthcare,Healthcare,Domestic Equities,481755.0,467680.0,3.0095364351693465,52.9063,51.3022,3.126766493444723,2.48838511701472,1100,max-healthcare-institute,Mid Cap,Apr-2025
152473,5056,1,Suzlon Energy Ltd.,Capital Goods,Capital Goods,Domestic Equities,7693990.0,7470117.0,2.996914238424914,43.3941,42.3257,2.5242346848368755,2.04099006368331,1100,suzlon-energy,Mid Cap,Apr-2025
57445,86554,1,Dixon Technologies (India) Ltd.,Consumer Durables,Consumer Durables,Domestic Equities,24999.0,24271.0,2.9994643813604713,41.1284,31.988000000000003,28.574465424534196,1.9344255494455,1100,dixon-technologies-india,Mid Cap,Apr-2025
95548,5980,1,Persistent Systems Ltd.,IT,Information Technology,Domestic Equities,69021.0,67009.0,3.002581742750974,36.7295,36.9471,-0.5889501476435286,1.72752850143352,1100,persistent-systems,Mid Cap,Apr-2025
38803,5403,1,Indus Towers Ltd.,Telecom,Telecom,Domestic Equities,856715.0,831749.0,3.0016266926681006,34.9711,27.8054,25.7708934235796,1.64482424145392,1100,indus-towers,Large Cap,Apr-2025
157113,99763,1,PB Fintech Ltd.,IT,Information Technology,Domestic Equities,214513.0,208262.0,3.001507716242041,34.8648,33.1085,5.304680067052272,1.63982454693855,1100,pb-fintech,Mid Cap,Apr-2025
152211,6247,1,Lupin Ltd.,Healthcare,Healthcare,Domestic Equities,156574.0,152015.0,2.9990461467618323,32.8116,30.8279,6.434755529893373,1.54325471834999,1100,lupin,Mid Cap,Apr-2025
133657,7260,1,Coforge Ltd.,IT,Information Technology,Domestic Equities,43178.0,41920.0,3.0009541984732824,31.5415,33.9938,-7.2139625461113495,1.48351707014703,1100,coforge,Mid Cap,Apr-2025
171685,5596,1,The Federal Bank Ltd.,Bank,Banking,Domestic Equities,1589263.0,1543064.0,2.993978214772686,31.257600000000004,29.7395,5.104658787134969,1.47016417011962,1100,the-federal-bank,Mid Cap,Apr-2025
114530,88033,1,HDFC Asset Management Company Ltd.,Finance,Finance,Domestic Equities,65767.0,63846.0,3.008802430849231,28.769099999999998,25.6271,12.260458655095576,1.35312052193989,1100,hdfc-asset-management-company,Mid Cap,Apr-2025
165,7447,1,SRF Ltd.,Chemicals,Chemicals,Domestic Equities,94060.0,91322.0,2.9981822561923743,28.3017,26.8409,5.442440454679236,1.33113691689299,1100,srf,Mid Cap,Apr-2025
7737,15826,1,IDFC First Bank Ltd.,Bank,Banking,Domestic Equities,4018778.0,3901788.0,2.9983689529005675,26.0779,21.444200000000002,21.608173771929,1.22654311949613,1100,idfc-first-bank,Mid Cap,Apr-2025
171877,6125,1,Cummins India Ltd.,Automobile & Ancillaries,Automobile & Ancillaries,Domestic Equities,87702.0,85145.0,3.003112337776734,25.3932,25.985,-2.2774677698672248,1.19433906648884,1100,cummins-india,Large Cap,Apr-2025
141614,85778,1,AU Small Finance Bank Ltd.,Bank,Banking,Domestic Equities,363889.0,353288.0,3.0006680102352754,24.6935,18.8868,30.74475294914966,1.16142950625924,1100,au-small-finance-bank,Mid Cap,Apr-2025
171327,5699,1,Marico Ltd.,FMCG,Fast Moving Consumer Goods,Domestic Equities,342110.0,332118.0,3.008569243461661,24.3052,21.6425,12.303107312001847,1.14316627596461,1100,marico,Mid Cap,Apr-2025
171365,5279,1,Hindustan Petroleum Corporation Ltd.,Crude Oil,Crude Oil,Domestic Equities,622663.0,604551.0,2.9959424432347315,23.5802,21.785,8.240532476474637,1.10906676022006,1100,hindustan-petroleum-corporation,Mid Cap,Apr-2025
599,7495,1,Sundaram Finance Ltd.,Finance,Finance,Domestic Equities,44625.0,43321.0,3.010087486438448,23.457600000000003,19.817,18.37109552404502,1.10330041452312,1100,sundaram-finance,Mid Cap,Apr-2025
152636,5140,1,Fortis Healthcare Ltd.,Healthcare,Healthcare,Domestic Equities,337781.0,327953.0,2.996770878753968,23.156599999999997,22.902600000000003,1.1090443879734018,1.08914323626228,1100,fortis-healthcare,Mid Cap,Apr-2025
171465,6543,1,Aurobindo Pharma Ltd.,Healthcare,Healthcare,Domestic Equities,181295.0,176012.0,3.0014998977342455,22.283,20.426199999999998,9.090286005228593,1.04805449563547,1100,aurobindo-pharma,Mid Cap,Apr-2025
171820,5969,1,Colgate-Palmolive (India) Ltd.,FMCG,Fast Moving Consumer Goods,Domestic Equities,85412.0,82923.0,3.0015797788309637,22.0995,19.8169,11.518451422775497,1.03942379061599,1100,colgate-palmolive-india,Mid Cap,Apr-2025
171635,7381,1,UPL Ltd.,Chemicals,Chemicals,Domestic Equities,328058.0,318487.0,3.005146206909544,21.976599999999998,20.2637,8.453046580831733,1.03364333477461,1100,upl,Mid Cap,Apr-2025
152222,5634,1,Max Financial Services Ltd.,Finance,Finance,Domestic Equities,167235.0,162359.0,3.003221256598033,21.8242,18.6339,17.12094623240438,1.02647538139603,1100,max-financial-services,Mid Cap,Apr-2025
152455,7030,1,Yes Bank Ltd.,Bank,Banking,Domestic Equities,12221445.0,11865712.0,2.997991186706706,21.656399999999998,20.0293,8.123598927571098,1.01858310726922,1100,yes-bank,Mid Cap,Apr-2025
171946,6864,1,Godrej Properties Ltd.,Realty,Realty,Domestic Equities,97766.0,94916.0,3.0026549791394497,21.1321,20.2133,4.545522007786958,0.993923278159063,1100,godrej-properties,Mid Cap,Apr-2025
171659,5756,1,Ashok Leyland Ltd.,Automobile & Ancillaries,Automobile & Ancillaries,Domestic Equities,927177.0,900193.0,2.9975794079714015,20.8902,18.383699999999997,13.634360874035156,0.982545798354089,1100,ashok-leyland,Mid Cap,Apr-2025
171839,6306,1,Solar Industries India Ltd.,Chemicals,Chemicals,Domestic Equities,15791.0,15328.0,3.020615866388309,20.799899999999997,17.2348,20.685473576716863,0.978298644875838,1100,solar-industries-india,Mid Cap,Apr-2025
152551,7908,1,GMR Airports Ltd.,Infrastructure,Aviation,Domestic Equities,2324699.0,2256998.0,2.99960389862995,20.2691,17.092200000000002,18.58684078117504,0.953333095969348,1100,gmr-airports,Mid Cap,Apr-2025
101370,86936,1,Tube Investments of India Ltd.,Automobile & Ancillaries,Automobile & Ancillaries,Domestic Equities,69714.0,67685.0,2.997709980054665,20.2073,18.7443,7.805039398643852,0.950426406213468,1100,tube-investments-of-india,Mid Cap,Apr-2025
122,5767,1,The Phoenix Mills Ltd.,Realty,Realty,Domestic Equities,120867.0,117339.0,3.006672973180273,20.118299999999998,19.2823,4.33558237347204,0.946240396694482,1100,the-phoenix-mills,Mid Cap,Apr-2025
152118,7308,1,PI Industries Ltd.,Chemicals,Chemicals,Domestic Equities,52507.0,50973.0,3.0094363682733998,19.113599999999998,17.4746,9.379327709933266,0.898985522944765,1100,pi-industries,Mid Cap,Apr-2025
152369,6790,1,Bharat Forge Ltd.,Automobile & Ancillaries,Automobile & Ancillaries,Domestic Equities,172856.0,167811.0,3.006358343612755,19.0868,19.619600000000002,-2.7156516952435306,0.897725016707587,1100,bharat-forge,Mid Cap,Apr-2025
152795,99590,1,One97 Communications Ltd.,IT,Information Technology,Domestic Equities,220660.0,214233.0,3.0000046678149492,19.0816,16.784100000000002,13.688550473364671,0.897480440870523,1100,one97-communications,Mid Cap,Apr-2025
587,7648,1,APL Apollo Tubes Ltd.,Iron & Steel,Iron & Steel,Domestic Equities,117425.0,114008.0,2.9971580941688303,19.0205,17.3891,9.381739135435408,0.894606674785017,1100,apl-apollo-tubes,Mid Cap,Apr-2025
152574,8059,1,Torrent Power Ltd.,Power,Power,Domestic Equities,123320.0,119728.0,3.0001336362421487,18.9802,17.8018,6.619555325865918,0.892711212047768,1100,torrent-power,Mid Cap,Apr-2025
133342,5963,1,Bharat Heavy Electricals Ltd.,Capital Goods,Capital Goods,Domestic Equities,833156.0,808899.0,2.998767460461689,18.8993,17.507,7.9528188724510205,0.888906176428825,1100,bharat-heavy-electricals,Mid Cap,Apr-2025
171321,7864,1,Page Industries Ltd.,Textile,Textile,Domestic Equities,4087.0,3968.0,2.998991935483871,18.6429,16.9409,10.046691734205387,0.876846706308961,1100,page-industries,Mid Cap,Apr-2025
152379,5838,1,Voltas Ltd.,Consumer Durables,Consumer Durables,Domestic Equities,147559.0,143255.0,3.00443265505567,18.2398,20.8966,-12.714030033593977,0.857887375554993,1100,voltas,Mid Cap,Apr-2025
19255,6350,1,Mphasis Ltd.,IT,Information Technology,Domestic Equities,73675.0,71526.0,3.0045018594636916,18.1904,17.8829,1.719519764691409,0.855563905102882,1100,mphasis,Mid Cap,Apr-2025
134131,90516,1,Polycab India Ltd.,Electricals,Electricals,Domestic Equities,32693.0,31738.0,3.009011279853803,18.0465,16.3386,10.453160001468927,0.848795739150275,1100,polycab-india,Large Cap,Apr-2025
1152,105806,1,Mankind Pharma Ltd.,Healthcare,Healthcare,Domestic Equities,73191.0,71053.0,3.009021434703672,18.0438,17.2286,4.731667111663177,0.848668747850261,1100,mankind-pharma,Mid Cap,Apr-2025
152238,8313,1,MRF Ltd.,Automobile & Ancillaries,Automobile & Ancillaries,Domestic Equities,1313.0,1275.0,2.980392156862745,17.6605,14.3664,22.929195901548045,0.83064068662973,1100,mrf,Mid Cap,Apr-2025
96004,7992,1,Jubilant FoodWorks Ltd.,FMCG,Fast Moving Consumer Goods,Domestic Equities,246676.0,239481.0,3.0044137113173908,17.6472,15.9099,10.919616088096092,0.830015136892624,1100,jubilant-foodworks,Mid Cap,Apr-2025
38931,15891,1,Alkem Laboratories Ltd.,Healthcare,Healthcare,Domestic Equities,34454.0,33452.0,2.995336601697955,17.6267,16.3303,7.938617171760476,0.829050943688812,1100,alkem-laboratories,Mid Cap,Apr-2025
153586,8183,1,NHPC Ltd.,Power,Power,Domestic Equities,2050882.0,1991170.0,2.9988398780616423,17.5945,16.3674,7.497220083825167,0.827536454851606,1100,nhpc,Mid Cap,Apr-2025
191600,99819,1,FSN E-Commerce Ventures Ltd.,Retailing,Information Technology,Domestic Equities,883393.0,857638.0,3.0030152581858545,17.1705,15.3586,11.797299233003013,0.807594117367899,1100,fsn-e-commerce-ventures,Mid Cap,Apr-2025
77639,92991,1,SBI Cards And Payment Services Ltd.,Finance,Finance,Domestic Equities,194154.0,188500.0,2.99946949602122,16.9603,16.6087,2.116962796606603,0.797707609492722,1100,sbi-cards-and-payment-services,Mid Cap,Apr-2025
19182,5589,1,Coromandel International Ltd.,Chemicals,Chemicals,Domestic Equities,76544.0,74311.0,3.004938703556674,16.9484,14.7292,15.066670287591982,0.797147907096363,1100,coromandel-international,Mid Cap,Apr-2025
133608,7612,1,Union Bank Of India,Bank,Banking,Domestic Equities,1252483.0,1216014.0,2.999060866075555,15.753699999999998,15.343699999999998,2.672106467149384,0.740956608530833,1100,union-bank-of-india,Mid Cap,Apr-2025
133642,6320,1,Petronet LNG Ltd.,Inds. Gases & Fuels,Industrials Gases & Fuels,Domestic Equities,485824.0,471696.0,2.995149418269394,15.2427,13.849,10.063542494042883,0.716922329157781,1100,petronet-lng,Mid Cap,Apr-2025
77293,6578,1,Muthoot Finance Ltd.,Finance,Finance,Domestic Equities,69501.0,67475.0,3.00259355316784,15.081,16.078599999999998,-6.2045202940554525,0.709316961301377,1100,muthoot-finance,Mid Cap,Apr-2025
153260,8051,1,Prestige Estates Projects Ltd.,Realty,Realty,Domestic Equities,109349.0,106155.0,3.008807875276718,15.0366,12.573,19.594368885707482,0.707228659923366,1100,prestige-estates-projects,Mid Cap,Apr-2025
56674,5695,1,Supreme Industries Ltd.,Plastic Products,Plastic Products,Domestic Equities,41908.0,40686.0,3.0034901440298873,14.831199999999999,13.94,6.393113342898127,0.697567914359325,1100,supreme-industries,Mid Cap,Apr-2025
114652,92620,1,Indian Railway Catering And Tourism Corporation Ltd.,Hospitality,Hospitality,Domestic Equities,195534.0,189840.0,2.9993678887484196,14.6944,13.810899999999998,6.39712111448205,0.69113368849194,1100,indian-railway-catering-and-tourism-corporation,Mid Cap,Apr-2025
677,6026,1,Oil India Ltd.,Crude Oil,Crude Oil,Domestic Equities,353529.0,343247.0,2.995510521577756,14.521199999999999,13.2751,9.386746615844695,0.682987431765105,1100,oil-india,Mid Cap,Apr-2025
19275,7232,1,NMDC Ltd.,Mining,Mining,Domestic Equities,2240348.0,2175076.0,3.0009066349865474,14.5152,14.984100000000002,-3.1293170761006732,0.682705228876185,1100,nmdc,Mid Cap,Apr-2025
133317,6810,1,Blue Star Ltd.,Consumer Durables,Consumer Durables,Domestic Equities,84111.0,81660.0,3.0014695077149156,14.3519,17.4458,-17.734354400486072,0.675024606916069,1100,blue-star,Mid Cap,Apr-2025
1427,98308,1,Sona BLW Precision Forgings Ltd.,Automobile & Ancillaries,Automobile & Ancillaries,Domestic Equities,290818.0,282344.0,3.0013033746068625,13.9927,13.021700000000001,7.456783676478486,0.658130060632702,1100,sona-blw-precision-forgings,Mid Cap,Apr-2025
79,7951,1,Balkrishna Industries Ltd.,Automobile & Ancillaries,Automobile & Ancillaries,Domestic Equities,51921.0,50410.0,2.997421146597897,13.8894,12.878699999999998,7.8478417852733715,0.653271467561789,1100,balkrishna-industries,Mid Cap,Apr-2025
171336,8097,1,JK Cement Ltd.,Construction Materials,Construction Materials,Domestic Equities,27120.0,26328.0,3.00820419325433,13.865599999999999,12.9867,6.767693101403734,0.652152062769072,1100,jk-cement,Mid Cap,Apr-2025
152296,7356,1,Patanjali Foods Ltd.,FMCG,Fast Moving Consumer Goods,Domestic Equities,71831.0,69734.0,3.0071414231221496,13.690999999999999,12.6107,8.56653476809376,0.643939958701489,1100,patanjali-foods,Mid Cap,Apr-2025
133463,8505,1,Glenmark Pharmaceuticals Ltd.,Healthcare,Healthcare,Domestic Equities,97603.0,94751.0,3.009994617471056,13.480899999999998,14.601600000000001,-7.675186280955522,0.634058154207793,1100,glenmark-pharmaceuticals,Mid Cap,Apr-2025
171698,8307,1,Oracle Financial Services Software Ltd.,IT,Information Technology,Domestic Equities,15334.0,14884.0,3.0233808116097824,13.3735,11.6853,14.44721145370679,0.629006722496118,1100,oracle-financial-services-software,Mid Cap,Apr-2025
123299,91366,1,KPIT Technologies Ltd.,IT,Information Technology,Domestic Equities,105813.0,102730.0,3.001070768032707,13.2647,13.431400000000002,-1.2411215509924558,0.623889443443696,1100,kpit-technologies,Mid Cap,Apr-2025
152608,7159,1,Indian Bank,Bank,Banking,Domestic Equities,229062.0,222392.0,2.9992086046260655,12.9603,12.0381,7.660677349415608,0.609572350212468,1100,indian-bank,Mid Cap,Apr-2025
152323,7533,1,Tata Elxsi Ltd.,IT,Information Technology,Domestic Equities,22469.0,21813.0,3.00738091963508,12.955599999999999,11.374600000000001,13.899389868654714,0.609351291282814,1100,tata-elxsi,Mid Cap,Apr-2025
756,88308,1,Rail Vikas Nigam Ltd.,Infrastructure,Infrastructure,Domestic Equities,367946.0,357225.0,3.0011897263629366,12.8708,12.569,2.4011456758691887,0.605362823786073,1100,rail-vikas-nigam,Large Cap,Apr-2025
171444,98250,1,Kalyan Jewellers India Ltd.,Diamond  &  Jewellery,Diamond & Jewellery,Domestic Equities,248950.0,241684.0,3.006405057844127,12.8595,11.2927,13.874449865842543,0.604831341678606,1100,kalyan-jewellers-india,Mid Cap,Apr-2025
152616,7532,1,Vodafone Idea Ltd.,Telecom,Telecom,Domestic Equities,17896432.0,16327488.0,9.609218515426257,12.7423,11.1027,14.767579057346413,0.599318978581694,1100,vodafone-idea,Mid Cap,Apr-2025
352,7184,1,Ipca Laboratories Ltd.,Healthcare,Healthcare,Domestic Equities,90081.0,87450.0,3.0085763293310466,12.6221,13.1341,-3.8982495945668183,0.593665514040323,1100,ipca-laboratories,Mid Cap,Apr-2025
151967,5716,1,GE Vernova T&D India Ltd.,Capital Goods,Capital Goods,Domestic Equities,80349.0,78001.0,3.0102178177202856,12.583499999999999,12.158399999999999,3.4963482037110136,0.591850008788268,1100,ge-vernova-td-india,Mid Cap,Apr-2025
153691,5278,1,Oberoi Realty Ltd.,Realty,Realty,Domestic Equities,76295.0,74067.0,3.008087272334508,12.5246,12.127699999999999,3.272673301615315,0.589079717095367,1100,oberoi-realty,Mid Cap,Apr-2025
133630,5815,1,Jindal Stainless Ltd.,Iron & Steel,Iron & Steel,Domestic Equities,210093.0,203983.0,2.9953476515199795,12.250499999999999,11.8637,3.2603656532110614,0.576187748453187,1100,jindal-stainless,Mid Cap,Apr-2025
113892,8292,1,KEI Industries Ltd.,Electricals,Electricals,Domestic Equities,39960.0,38792.0,3.010930088678078,12.2421,11.2219,9.091152122189646,0.575792664408699,1100,kei-industries,Mid Cap,Apr-2025
134830,88309,1,Mazagon Dock Shipbuilders Ltd.,Ship Building,Ship Building,Domestic Equities,39779.0,38617.0,3.009037470544061,12.162799999999999,10.2096,19.1310139476571,0.572062882893468,1100,mazagon-dock-shipbuilders,Mid Cap,Apr-2025
171509,5522,1,Tata Communications Ltd.,Telecom,Telecom,Domestic Equities,76127.0,73908.0,3.002381338961953,12.1149,11.664200000000001,3.8639598086452507,0.569809963163587,1100,tata-communications,Mid Cap,Apr-2025
75891,5355,1,Container Corporation Of India Ltd.,Logistics,Logistics,Domestic Equities,178683.0,173480.0,2.9991929905464607,12.0379,11.9979,0.3333916768767868,0.566188359422442,1100,container-corporation-of-india,Mid Cap,Apr-2025
177212,94646,1,Hitachi Energy India Ltd.,Capital Goods,Capital Goods,Domestic Equities,8243.0,7999.0,3.0503812976622076,11.976300000000002,10.121699999999999,18.323008980704838,0.563291076429526,1100,hitachi-energy-india,Mid Cap,Apr-2025
152207,5372,1,LIC Housing Finance Ltd.,Finance,Finance,Domestic Equities,194905.0,189221.0,3.0038949165261783,11.7128,10.6692,9.781426911108602,0.550897666224439,1100,lic-housing-finance,Mid Cap,Apr-2025
97125,90518,1,Adani Total Gas Ltd.,Gas Transmission,Gas Transmission,Domestic Equities,179806.0,174563.0,3.0035001689934293,10.792,10.519200000000001,2.5933531067001265,0.507588929538125,1100,adani-total-gas,Mid Cap,Apr-2025
171434,4916,1,Astral Ltd.,Plastic Products,Plastic Products,Domestic Equities,79869.0,77540.0,3.003611039463503,10.7432,10.035599999999999,7.050898800271034,0.505293679374906,1100,astral,Mid Cap,Apr-2025
133351,5368,1,Steel Authority Of India Ltd.,Iron & Steel,Iron & Steel,Domestic Equities,937058.0,909787.0,2.9975148029154077,10.6553,10.478900000000001,1.6833827978127354,0.501159407052222,1100,steel-authority-of-india,Mid Cap,Apr-2025
133407,5997,1,Hindustan Zinc Ltd.,Non - Ferrous Metals,Non - Ferrous Metals,Domestic Equities,237690.0,230770.0,2.9986566711444294,10.439300000000001,10.6593,-2.063925398478324,0.491000103051088,1100,hindustan-zinc,Large Cap,Apr-2025
171886,6139,1,Exide Industries Ltd.,Automobile & Ancillaries,Automobile & Ancillaries,Domestic Equities,294989.0,286401.0,2.9985928820080936,10.376199999999999,10.3233,0.5124330398225339,0.488032269335942,1100,exide-industries,Mid Cap,Apr-2025
171840,6541,1,UNO Minda Ltd.,Automobile & Ancillaries,Automobile & Ancillaries,Domestic Equities,115895.0,112510.0,3.0086214558705895,10.363299999999999,9.850299999999999,5.207963209242354,0.487425533124763,1100,uno-minda,Mid Cap,Apr-2025
173672,92657,1,Gujarat Fluorochemicals Ltd.,Chemicals,Chemicals,Domestic Equities,26477.0,25704.0,3.0073140367258016,10.306700000000001,10.3403,-0.3249422163766912,0.484763419205948,1100,gujarat-fluorochemicals,Mid Cap,Apr-2025
135555,92715,1,360 One Wam Ltd.,Finance,Finance,Domestic Equities,103960.0,100923.0,3.0092248545921145,10.251,9.5135,7.7521416933830745,0.48214363572047,1100,360-one-wam,Mid Cap,Apr-2025
152367,6359,1,Abbott India Ltd.,Healthcare,Healthcare,Domestic Equities,3381.0,3283.0,2.9850746268656714,10.1379,10.0856,0.5185611168398527,0.476824111264321,1100,abbott-india,Mid Cap,Apr-2025
171333,7587,1,United Breweries Ltd.,Alcohol,Alcohol,Domestic Equities,46798.0,45432.0,3.0066913188941715,10.1084,9.083,11.289221622811855,0.475436613727129,1100,united-breweries,Mid Cap,Apr-2025
152519,8782,1,Mahindra & Mahindra Financial Services Ltd.,Finance,Finance,Domestic Equities,383711.0,372552.0,2.995286564023277,10.0551,10.543199999999999,-4.62952424311404,0.47292971139722,1100,mahindra-mahindra-financial-services,Mid Cap,Apr-2025
171433,6783,1,Berger Paints India Ltd.,Chemicals,Chemicals,Domestic Equities,184566.0,179181.0,3.0053409680713914,10.0441,8.9626,12.066810970031016,0.472412339434199,1100,berger-paints-india,Mid Cap,Apr-2025
47051,90577,1,Dalmia Bharat Ltd.,Construction Materials,Construction Materials,Domestic Equities,51626.0,50125.0,2.9945137157107236,10.0294,9.1305,9.845024916488704,0.471720942356344,1100,dalmia-bharat,Mid Cap,Apr-2025
171565,6678,1,Apollo Tyres Ltd.,Automobile & Ancillaries,Automobile & Ancillaries,Domestic Equities,209066.0,202974.0,3.0013696335491247,9.8658,8.6477,14.08582628907109,0.464026210251782,1100,apollo-tyres,Small Cap,Apr-2025
75659,6055,1,Lloyds Metals & Energy Ltd.,Iron & Steel,Iron & Steel,Domestic Equities,78799.0,76502.0,3.002535881414865,9.4811,9.8477,-3.7226966702884905,0.445932301690504,1100,lloyds-metals-energy,Mid Cap,Apr-2025
133643,6434,1,Biocon Ltd.,Healthcare,Healthcare,Domestic Equities,291931.0,283403.0,3.0091424579132897,9.3943,9.6839,-2.9905306746248965,0.441849766564122,1100,biocon,Mid Cap,Apr-2025
57781,87827,1,Bharat Dynamics Ltd.,Capital Goods,Capital Goods,Domestic Equities,59742.0,58001.0,3.00167238495888,9.1381,7.4322,22.9528268884045,0.429799703207222,1100,bharat-dynamics,Mid Cap,Apr-2025
133439,5473,1,National Aluminium Company Ltd.,Non - Ferrous Metals,Non - Ferrous Metals,Domestic Equities,581290.0,564370.0,2.998033205166823,9.0954,9.9064,-8.186626827101675,0.427791359314405,1100,national-aluminium-company,Mid Cap,Apr-2025
79346,86555,1,Aditya Birla Capital Ltd.,Finance,Finance,Domestic Equities,462259.0,448789.0,3.0014104623776428,9.0769,8.3057,9.285189689008753,0.426921233740234,1100,aditya-birla-capital,Mid Cap,Apr-2025
114414,5238,1,Bank Of India,Bank,Banking,Domestic Equities,787668.0,764736.0,2.9986818980667835,9.07,8.1919,10.71912498931871,0.426596700417975,1100,bank-of-india,Mid Cap,Apr-2025
19098,6973,1,Schaeffler India Ltd.,Automobile & Ancillaries,Automobile & Ancillaries,Domestic Equities,26085.0,25323.0,3.009122141926312,9.059099999999999,8.5501,5.953146746821672,0.426084031836437,1100,schaeffler-india,Mid Cap,Apr-2025
83342,79963,1,Bandhan Bank Ltd.,Bank,Banking,Domestic Equities,538497.0,522809.0,3.000713453670461,8.9186,7.6476999999999995,16.618068177360517,0.419475780854218,1100,bandhan-bank,Small Cap,Apr-2025
133635,5732,1,Indraprastha Gas Ltd.,Gas Transmission,Gas Transmission,Domestic Equities,454680.0,441454.0,2.996008644162246,8.7567,8.9668,-2.3430878351251274,0.41186100623485,1100,indraprastha-gas,Mid Cap,Apr-2025
134823,84770,1,Cochin Shipyard Ltd.,Ship Building,Ship Building,Domestic Equities,54864.0,53265.0,3.0019712756969867,8.7311,7.499199999999999,16.427085555792626,0.410656940575456,1100,cochin-shipyard,Mid Cap,Apr-2025
152079,6815,1,Linde India Ltd.,Inds. Gases & Fuels,Industrials Gases & Fuels,Domestic Equities,13639.0,13240.0,3.013595166163142,8.6417,8.2848,4.307889146388559,0.406452117530542,1100,linde-india,Mid Cap,Apr-2025
19183,6082,1,Deepak Nitrite Ltd.,Chemicals,Chemicals,Domestic Equities,44561.0,43263.0,3.0002542588354943,8.6252,8.5816,0.508063764332993,0.405676059586011,1100,deepak-nitrite,Mid Cap,Apr-2025
1704,6920,1,L&T Finance Ltd.,Finance,Finance,Domestic Equities,520212.0,505059.0,3.000243535903726,8.5403,7.7385,10.361181107449758,0.401682888707788,1100,lt-finance,Mid Cap,Apr-2025
57541,86814,1,General Insurance Corporation of India,Insurance,Finance,Domestic Equities,200438.0,194608.0,2.995765847241634,8.3613,8.1949,2.0305311840290896,0.393263835854996,1100,general-insurance-corporation-of-india,Mid Cap,Apr-2025
152325,5528,1,Thermax Ltd.,Capital Goods,Capital Goods,Domestic Equities,25111.0,24381.0,2.9941347770805136,8.264800000000001,8.9091,-7.231931395988365,0.38872507272486,1100,thermax,Mid Cap,Apr-2025
152324,4941,1,ACC Ltd.,Construction Materials,Construction Materials,Domestic Equities,43689.0,42417.0,2.9987976518848574,8.2485,8.2401,0.10194051043070251,0.387958421543293,1100,acc,Mid Cap,Apr-2025
76174,111823,1,Bharti Hexacom Ltd.,Telecom,Telecom,Domestic Equities,48750.0,47326.0,3.0089168744453367,8.2344,6.9276,18.8636757318552,0.38729524475433,1100,bharti-hexacom,Mid Cap,Apr-2025
152486,5772,1,AIA Engineering Ltd.,Automobile & Ancillaries,Automobile & Ancillaries,Domestic Equities,25165.0,24433.0,2.995948102975484,8.0374,8.1892,-1.8536609192595064,0.378029583234778,1100,aia-engineering,Mid Cap,Apr-2025
95549,7450,1,Aditya Birla Fashion and Retail Ltd.,Retailing,Retailing,Domestic Equities,304243.0,295386.0,2.998449486434699,8.0183,7.5699000000000005,5.923460019286917,0.377131237371715,1100,aditya-birla-fashion-and-retail,Mid Cap,Apr-2025
171948,7104,1,Emami Ltd.,FMCG,Fast Moving Consumer Goods,Domestic Equities,127804.0,124081.0,3.00045937734222,7.9839,7.195499999999999,10.956848030018767,0.375513274141905,1100,emami,Small Cap,Apr-2025
152386,5556,1,Glaxosmithkline Pharmaceuticals Ltd.,Healthcare,Healthcare,Domestic Equities,26831.0,26048.0,3.0059889434889437,7.9543,7.5027,6.019166433417299,0.374121073223231,1100,glaxosmithkline-pharmaceuticals,Mid Cap,Apr-2025
19805,15724,1,Syngene International Ltd.,Business Services,Healthcare,Domestic Equities,122572.0,119002.0,2.9999495806793166,7.771699999999999,8.6419,-10.069544891748352,0.365532698637087,1100,syngene-international,Mid Cap,Apr-2025
44430,82482,1,L&T Technology Services Ltd.,IT,Information Technology,Domestic Equities,17815.0,17296.0,3.0006938020351526,7.584,7.7861,-2.595651224618235,0.356704451595361,1100,lt-technology-services,Mid Cap,Apr-2025
133495,5019,1,Ajanta Pharma Ltd.,Healthcare,Healthcare,Domestic Equities,27287.0,26490.0,3.0086825217063042,7.3841,6.948300000000001,6.272037764633065,0.34730239201283,1100,ajanta-pharma,Mid Cap,Apr-2025
114654,92672,1,Indian Renewable Energy Development Agency Ltd.,Finance,Finance,Domestic Equities,436737.0,424035.0,2.9955074463192894,7.2961,6.8096000000000005,7.144325657894733,0.343163416308665,1100,indian-renewable-energy-development-agency,Mid Cap,Apr-2025
115032,83788,1,Housing & Urban Development Corporation Ltd.,Finance,Finance,Domestic Equities,325303.0,315832.0,2.998746168849262,7.2692,6.2993,15.396948867334467,0.341898206690005,1100,housing-urban-development-corporation,Mid Cap,Apr-2025
797,86851,1,Nippon Life India Asset Management Ltd.,Finance,Finance,Domestic Equities,113384.0,110076.0,3.0051964097532613,7.2418,6.3684,13.714590792035663,0.340609480163935,1100,nippon-life-india-asset-management,Mid Cap,Apr-2025
97743,96921,1,Gland Pharma Ltd.,Healthcare,Healthcare,Domestic Equities,51584.0,50077.0,3.0093655770114025,7.221799999999999,7.9742999999999995,-9.436564964949902,0.339668803867534,1100,gland-pharma,Small Cap,Apr-2025
133333,4917,1,CRISIL Ltd.,Ratings,Ratings,Domestic Equities,15801.0,15338.0,3.0186464988916417,7.0357,6.4096,9.768160259610585,0.33091581092952,1100,crisil,Mid Cap,Apr-2025
152370,5063,1,Escorts Kubota Ltd.,Automobile & Ancillaries,Automobile & Ancillaries,Domestic Equities,21505.0,20878.0,3.0031612223393047,7.008500000000001,6.7855,3.2864195711443625,0.329636491166415,1100,escorts-kubota,Mid Cap,Apr-2025
171580,109023,1,Tata Technologies Ltd.,IT,Information Technology,Domestic Equities,99964.0,97049.0,3.0036373378396477,6.5761,6.598400000000001,-0.3379607177497603,0.309299069638219,1100,tata-technologies,Mid Cap,Apr-2025
509,8487,1,K.P.R. Mill Ltd.,Textile,Textile,Domestic Equities,65081.0,63180.0,3.0088635644191197,6.4902,5.7273000000000005,13.320412759939233,0.305258864945176,1100,kpr-mill,Small Cap,Apr-2025
102429,100653,1,Global Health Ltd.,Healthcare,Healthcare,Domestic Equities,53964.0,52392.0,3.000458085203848,6.4605999999999995,6.278099999999999,2.90693044073844,0.303866664026502,1100,global-health,Small Cap,Apr-2025
171485,6291,1,Motilal Oswal Financial Services Ltd.,Finance,Finance,Domestic Equities,96316.0,93508.0,3.002951619112803,6.287000000000001,5.754,9.26312130691694,0.295701593773739,1100,motilal-oswal-financial-services,Mid Cap,Apr-2025
133445,6416,1,Apar Industries Ltd.,Capital Goods,Capital Goods,Domestic Equities,10952.0,10633.0,3.000094046835324,6.1364,5.890599999999999,4.172749804773715,0.288618301261837,1100,apar-industries,Mid Cap,Apr-2025
196533,104025,1,Motherson Sumi Wiring India Ltd.,Iron & Steel,Iron & Steel,Domestic Equities,1099206.0,1067238.0,2.995395591236444,6.1292,5.5614,10.209659438270934,0.288279657795133,1100,motherson-sumi-wiring-india,Small Cap,Apr-2025
645,8087,1,IRB Infrastructure Developers Ltd.,Infrastructure,Infrastructure,Domestic Equities,1285960.0,1248604.0,2.9918212659898575,5.864,5.6387,3.995601823115252,0.275806290104852,1100,irb-infrastructure-developers,Mid Cap,Apr-2025
222979,112566,1,Vishal Mega Mart Ltd.,Retailing,Retailing,Domestic Equities,484125.0,470018.0,3.0013744154479194,5.7359,4.8995,17.07112970711298,0.269781258426402,1100,vishal-mega-mart,Mid Cap,Apr-2025
57345,99844,1,AWL Agri Business Ltd.,FMCG,Fast Moving Consumer Goods,Domestic Equities,213744.0,207505.0,3.0066745379629407,5.707999999999999,5.3603,6.486577243810977,0.268469014992922,1100,awl-agri-business,Mid Cap,Apr-2025
58178,99657,1,Star Health and Allied Insurance Company Ltd.,Insurance,Finance,Domestic Equities,146230.0,141968.0,3.002084976896202,5.7,5.0633,12.574802994094764,0.268092744474362,1100,star-health-and-allied-insurance-company,Small Cap,Apr-2025
152064,6806,1,3M India Ltd.,Diversified,Diversified,Domestic Equities,1831.0,1778.0,2.9808773903262096,5.5131,5.1365,7.331840747590766,0.259302124484492,1100,3m-india,Mid Cap,Apr-2025
78882,109773,1,JSW Infrastructure Ltd.,Logistics,Logistics,Domestic Equities,176065.0,170940.0,2.9981279981279982,5.1701,5.4666999999999994,-5.425576673312962,0.24316952600121,1100,jsw-infrastructure,Mid Cap,Apr-2025
133645,6755,1,Bank Of Maharashtra,Bank,Banking,Domestic Equities,1019795.0,990087.0,3.0005443966035306,5.1663,4.5881,12.60216647413962,0.242990797504894,1100,bank-of-maharashtra,Mid Cap,Apr-2025
137768,15760,1,Gujarat Gas Ltd.,Gas Transmission,Gas Transmission,Domestic Equities,111739.0,108489.0,2.995695416125137,5.0674,4.4735000000000005,13.275958421817366,0.238339153219189,1100,gujarat-gas,Mid Cap,Apr-2025
13,7543,1,Tata Investment Corporation Ltd.,Finance,Finance,Domestic Equities,8425.0,8176.0,3.045499021526419,5.0007,5.1654,-3.1885236380531943,0.235201997770691,1100,tata-investment-corporation,Mid Cap,Apr-2025
113787,7539,1,Honeywell Automation India Ltd.,Consumer Durables,Consumer Durables,Domestic Equities,1427.0,1384.0,3.106936416184971,4.926,4.6619,5.665072180870466,0.231688571803633,1100,honeywell-automation-india,Mid Cap,Apr-2025
222201,112407,1,NTPC Green Energy Ltd.,Power,Power,Domestic Equities,482950.0,468912.0,2.9937386972395674,4.8561000000000005,4.7177,2.933632914343861,0.22840090814771,1100,ntpc-green-energy,Large Cap,Apr-2025
171853,7249,1,NLC India Ltd.,Power,Power,Domestic Equities,211480.0,205306.0,3.0072184933708708,4.8129,5.0232,-4.186574295269942,0.226369047347483,1100,nlc-india,Mid Cap,Apr-2025
77359,100627,1,Waaree Energies Ltd.,Capital Goods,Capital Goods,Domestic Equities,17095.0,16595.0,3.0129557095510693,4.4524,3.9905,11.574990602681368,0.20941335710485,1100,waaree-energies,Mid Cap,Apr-2025
1840,4901,1,SJVN Ltd.,Power,Power,Domestic Equities,463644.0,450144.0,2.9990403071017275,4.3595999999999995,4.1229000000000005,5.741104562322627,0.205048619089549,1100,sjvn,Mid Cap,Apr-2025
133387,5868,1,Godrej Industries Ltd.,Chemicals,Chemicals,Domestic Equities,40185.0,39016.0,2.996206684437154,4.3557,4.425,-1.5661016949152557,0.20486518721175,1100,godrej-industries,Mid Cap,Apr-2025
171394,82477,1,Endurance Technologies Ltd.,Automobile & Ancillaries,Automobile & Ancillaries,Domestic Equities,22858.0,22191.0,3.0057230408724256,4.2859,4.367900000000001,-1.8773323565100037,0.20158222693731,1100,endurance-technologies,Mid Cap,Apr-2025
217845,112026,1,Premier Energies Ltd.,Electricals,Electricals,Domestic Equities,42734.0,41488.0,3.0032780563054375,4.1964999999999995,3.8914,7.8403659351390225,0.197377403892396,1100,premier-energies,Mid Cap,Apr-2025
152532,6617,1,Sun TV Network Ltd.,Media & Entertainment,Media & Entertainment,Domestic Equities,64036.0,62166.0,3.0080751536209505,3.9760000000000004,4.0405,-1.596337086994181,0.187006447724572,1100,sun-tv-network,Small Cap,Apr-2025
176199,111753,1,OLA Electric Mobility Ltd.,Automobile & Ancillaries,Automobile & Ancillaries,Domestic Equities,578268.0,561406.0,3.0035304218337533,2.8156,2.9783,-5.462847933384811,0.132428409007371,1100,ola-electric-mobility,Mid Cap,Apr-2025
58164,86911,1,The New India Assurance Company Ltd.,Insurance,Finance,Domestic Equities,156000.0,151460.0,2.9974910867555793,2.6843,2.3404,14.694069389847897,0.126252869121496,1100,the-new-india-assurance-company,Mid Cap,Apr-2025
171883,5324,1,Mangalore Refinery And Petrochemicals Ltd.,Crude Oil,Crude Oil,Domestic Equities,115713.0,112339.0,3.00340932356528,1.5530000000000002,1.5103,2.8272528636694765,0.0730435144155585,1100,mangalore-refinery-and-petrochemicals,Small Cap,Apr-2025
76200,82667,1,BSE Ltd.,Finance,Finance,Domestic Equities,270167.0,87989.0,207.04633533737172,72.2427,55.952200000000005,29.115030329459792,3.12475467115846,1100,bse,Mid Cap,May-2025
152473,5056,1,Suzlon Energy Ltd.,Capital Goods,Capital Goods,Domestic Equities,7875077.0,7693990.0,2.3536162641230365,56.2911,43.3941,29.72063022392445,2.43479102621646,1100,suzlon-energy,Mid Cap,May-2025
77009,96064,1,Max Healthcare Institute Ltd.,Healthcare,Healthcare,Domestic Equities,493088.0,481755.0,2.352440555884215,55.482299999999995,52.9063,4.868985357131371,2.39980753891556,1100,max-healthcare-institute,Mid Cap,May-2025
95548,5980,1,Persistent Systems Ltd.,IT,Information Technology,Domestic Equities,70641.0,69021.0,2.3471117485982527,39.8274,36.7295,8.43436474768238,1.72267722815034,1100,persistent-systems,Mid Cap,May-2025
157113,99763,1,PB Fintech Ltd.,IT,Information Technology,Domestic Equities,219555.0,214513.0,2.350440299655499,38.6768,34.8648,10.933663752552713,1.67290967067208,1100,pb-fintech,Mid Cap,May-2025
133657,7260,1,Coforge Ltd.,IT,Information Technology,Domestic Equities,44189.0,43178.0,2.341470193153921,37.7838,31.5415,19.79075186658846,1.63428423278916,1100,coforge,Mid Cap,May-2025
57445,86554,1,Dixon Technologies (India) Ltd.,Consumer Durables,Consumer Durables,Domestic Equities,25581.0,24999.0,2.328093123724949,37.583600000000004,41.1284,-8.618861905641843,1.62562486810365,1100,dixon-technologies-india,Mid Cap,May-2025
38803,5403,1,Indus Towers Ltd.,Telecom,Telecom,Domestic Equities,876874.0,856715.0,2.35305790140245,33.685100000000006,34.9711,-3.6773221317030322,1.45700082601342,1100,indus-towers,Large Cap,May-2025
171685,5596,1,The Federal Bank Ltd.,Bank,Banking,Domestic Equities,1626665.0,1589263.0,2.3534179050289348,32.8684,31.257600000000004,5.153306715806713,1.42167563551064,1100,the-federal-bank,Mid Cap,May-2025
114530,88033,1,HDFC Asset Management Company Ltd.,Finance,Finance,Domestic Equities,67308.0,65767.0,2.3431204099320326,32.193400000000004,28.769099999999998,11.90270116201064,1.3924794758567,1100,hdfc-asset-management-company,Mid Cap,May-2025
152211,6247,1,Lupin Ltd.,Healthcare,Healthcare,Domestic Equities,160252.0,156574.0,2.3490490119687815,31.3725,32.8116,-4.385948871740478,1.35697262036052,1100,lupin,Mid Cap,May-2025
171877,6125,1,Cummins India Ltd.,Automobile & Ancillaries,Automobile & Ancillaries,Domestic Equities,89761.0,87702.0,2.3477229709698753,29.3348,25.3932,15.522265803443435,1.2688348210615,1100,cummins-india,Large Cap,May-2025
7737,15826,1,IDFC First Bank Ltd.,Bank,Banking,Domestic Equities,4113363.0,4018778.0,2.353576136825672,27.9585,26.0779,7.211470248754691,1.20930493286635,1100,idfc-first-bank,Mid Cap,May-2025
165,7447,1,SRF Ltd.,Chemicals,Chemicals,Domestic Equities,96268.0,94060.0,2.3474378056559644,27.5423,28.3017,-2.6832310426582167,1.19130279709158,1100,srf,Mid Cap,May-2025
152455,7030,1,Yes Bank Ltd.,Bank,Banking,Domestic Equities,12509096.0,12221445.0,2.353657853060747,26.8695,21.656399999999998,24.071867900482076,1.16220179529132,1100,yes-bank,Mid Cap,May-2025
171365,5279,1,Hindustan Petroleum Corporation Ltd.,Crude Oil,Crude Oil,Domestic Equities,637313.0,622663.0,2.352797580713805,26.1968,23.5802,11.096597993231603,1.13310511884805,1100,hindustan-petroleum-corporation,Mid Cap,May-2025
171839,6306,1,Solar Industries India Ltd.,Chemicals,Chemicals,Domestic Equities,16158.0,15791.0,2.324108669495282,26.020799999999998,20.799899999999997,25.100601445199267,1.1254924905531,1100,solar-industries-india,Mid Cap,May-2025
141614,85778,1,AU Small Finance Bank Ltd.,Bank,Banking,Domestic Equities,372448.0,363889.0,2.3520908848577453,25.8125,24.6935,4.5315568874400185,1.11648277195174,1100,au-small-finance-bank,Mid Cap,May-2025
152222,5634,1,Max Financial Services Ltd.,Finance,Finance,Domestic Equities,171166.0,167235.0,2.350584506831704,25.7211,21.8242,17.855866423511515,1.11252939566674,1100,max-financial-services,Mid Cap,May-2025
171327,5699,1,Marico Ltd.,FMCG,Fast Moving Consumer Goods,Domestic Equities,350158.0,342110.0,2.3524597351728977,25.0871,24.3052,3.2170070602175684,1.08510663237697,1100,marico,Mid Cap,May-2025
152636,5140,1,Fortis Healthcare Ltd.,Healthcare,Healthcare,Domestic Equities,345727.0,337781.0,2.3524117697561437,24.418699999999998,23.156599999999997,5.450281993038704,1.05619594628408,1100,fortis-healthcare,Mid Cap,May-2025
599,7495,1,Sundaram Finance Ltd.,Finance,Finance,Domestic Equities,45671.0,44625.0,2.3439775910364147,23.4589,23.457600000000003,0.005541913921273037,1.01468116993467,1100,sundaram-finance,Mid Cap,May-2025
171946,6864,1,Godrej Properties Ltd.,Realty,Realty,Domestic Equities,100062.0,97766.0,2.348464701429945,22.451900000000002,21.1321,6.245474893645214,0.97112482508797,1100,godrej-properties,Mid Cap,May-2025
171659,5756,1,Ashok Leyland Ltd.,Automobile & Ancillaries,Automobile & Ancillaries,Domestic Equities,948996.0,927177.0,2.3532723525281583,22.3992,20.8902,7.223482781399896,0.96884536195647,1100,ashok-leyland,Mid Cap,May-2025
133342,5963,1,Bharat Heavy Electricals Ltd.,Capital Goods,Capital Goods,Domestic Equities,852762.0,833156.0,2.3532207653788726,22.1573,18.8993,17.23873370971411,0.958382323407893,1100,bharat-heavy-electricals,Mid Cap,May-2025
152369,6790,1,Bharat Forge Ltd.,Automobile & Ancillaries,Automobile & Ancillaries,Domestic Equities,176918.0,172856.0,2.3499328921182947,21.9538,19.0868,15.02085210721546,0.949580221941853,1100,bharat-forge,Mid Cap,May-2025
101370,86936,1,Tube Investments of India Ltd.,Automobile & Ancillaries,Automobile & Ancillaries,Domestic Equities,71349.0,69714.0,2.345296497116791,21.847800000000003,20.2073,8.118353268373319,0.944995343536937,1100,tube-investments-of-india,Mid Cap,May-2025
587,7648,1,APL Apollo Tubes Ltd.,Iron & Steel,Iron & Steel,Domestic Equities,120184.0,117425.0,2.34958484138812,21.773699999999998,19.0205,14.47490865119213,0.941790254010482,1100,apl-apollo-tubes,Mid Cap,May-2025
171820,5969,1,Colgate-Palmolive (India) Ltd.,FMCG,Fast Moving Consumer Goods,Domestic Equities,87416.0,85412.0,2.346274528169344,21.4685,22.0995,-2.8552682187379768,0.928589264489913,1100,colgate-palmolive-india,Mid Cap,May-2025
171465,6543,1,Aurobindo Pharma Ltd.,Healthcare,Healthcare,Domestic Equities,185557.0,181295.0,2.350864612923688,21.2982,22.283,-4.419512632948885,0.921223181543148,1100,aurobindo-pharma,Mid Cap,May-2025
171635,7381,1,UPL Ltd.,Chemicals,Chemicals,Domestic Equities,335774.0,328058.0,2.3520231178633044,21.0832,21.976599999999998,-4.065233020576418,0.911923664023744,1100,upl,Mid Cap,May-2025
152118,7308,1,PI Industries Ltd.,Chemicals,Chemicals,Domestic Equities,53737.0,52507.0,2.3425448035500027,20.547399999999996,19.113599999999998,7.50146492549807,0.888748401293991,1100,pi-industries,Mid Cap,May-2025
152795,99590,1,One97 Communications Ltd.,IT,Information Technology,Domestic Equities,225848.0,220660.0,2.351128432883169,20.110599999999998,19.0816,5.392629548884782,0.86985524198015,1100,one97-communications,Mid Cap,May-2025
134131,90516,1,Polycab India Ltd.,Electricals,Electricals,Domestic Equities,33457.0,32693.0,2.336891689352461,20.0441,18.0465,11.069182389937106,0.866978879584613,1100,polycab-india,Large Cap,May-2025
152551,7908,1,GMR Airports Ltd.,Infrastructure,Aviation,Domestic Equities,2379409.0,2324699.0,2.3534229592734373,20.0061,20.2691,-1.297541578067116,0.865335243930021,1100,gmr-airports,Mid Cap,May-2025
171321,7864,1,Page Industries Ltd.,Textile,Textile,Domestic Equities,4178.0,4087.0,2.2265720577440664,19.3776,18.6429,3.940910480665563,0.83815037527446,1100,page-industries,Mid Cap,May-2025
19255,6350,1,Mphasis Ltd.,IT,Information Technology,Domestic Equities,75404.0,73675.0,2.3467933491686463,19.2944,18.1904,6.069135368106259,0.8345516782623,1100,mphasis,Mid Cap,May-2025
152379,5838,1,Voltas Ltd.,Consumer Durables,Consumer Durables,Domestic Equities,151028.0,147559.0,2.3509240371647953,19.0718,18.2398,4.5614535247097034,0.824923433611977,1100,voltas,Mid Cap,May-2025
122,5767,1,The Phoenix Mills Ltd.,Realty,Realty,Domestic Equities,123707.0,120867.0,2.3496901552946627,19.015,20.118299999999998,-5.4840617746032185,0.82246663084406,1100,the-phoenix-mills,Mid Cap,May-2025
133608,7612,1,Union Bank Of India,Bank,Banking,Domestic Equities,1281957.0,1252483.0,2.353245513112753,18.8178,15.753699999999998,19.450033960276006,0.813937026868123,1100,union-bank-of-india,Mid Cap,May-2025
152238,8313,1,MRF Ltd.,Automobile & Ancillaries,Automobile & Ancillaries,Domestic Equities,1338.0,1313.0,1.904036557501904,18.5801,17.6605,5.207100591715978,0.803655653312949,1100,mrf,Mid Cap,May-2025
1152,105806,1,Mankind Pharma Ltd.,Healthcare,Healthcare,Domestic Equities,74909.0,73191.0,2.347283135904688,18.4853,18.0438,2.4468238397676685,0.799555214890439,1100,mankind-pharma,Mid Cap,May-2025
151967,5716,1,GE Vernova T&D India Ltd.,Capital Goods,Capital Goods,Domestic Equities,82175.0,80349.0,2.27258584425444,18.418699999999998,12.583499999999999,46.371836134620736,0.796674527137917,1100,ge-vernova-td-india,Mid Cap,May-2025
191600,99819,1,FSN E-Commerce Ventures Ltd.,Retailing,Information Technology,Domestic Equities,904180.0,883393.0,2.353086338696367,18.3784,17.1705,7.0347398153810285,0.794931408272652,1100,fsn-e-commerce-ventures,Mid Cap,May-2025
153586,8183,1,NHPC Ltd.,Power,Power,Domestic Equities,2099147.0,2050882.0,2.3533777174893533,18.348599999999998,17.5945,4.28599846542953,0.793642451890892,1100,nhpc,Mid Cap,May-2025
77639,92991,1,SBI Cards And Payment Services Ltd.,Finance,Finance,Domestic Equities,198718.0,194154.0,2.350711291037012,18.3029,16.9603,7.916133558958273,0.791665763748396,1100,sbi-cards-and-payment-services,Mid Cap,May-2025
38931,15891,1,Alkem Laboratories Ltd.,Healthcare,Healthcare,Domestic Equities,35261.0,34454.0,2.3422534393684336,17.9778,17.6267,1.991864614476896,0.777604028187659,1100,alkem-laboratories,Mid Cap,May-2025
19182,5589,1,Coromandel International Ltd.,Chemicals,Chemicals,Domestic Equities,78340.0,76544.0,2.346362876254181,17.9352,16.9484,5.822378513606008,0.775761426111722,1100,coromandel-international,Mid Cap,May-2025
56674,5695,1,Supreme Industries Ltd.,Plastic Products,Plastic Products,Domestic Equities,42889.0,41908.0,2.3408418440393244,17.7826,14.831199999999999,19.899940665623827,0.769160931351437,1100,supreme-industries,Mid Cap,May-2025
152574,8059,1,Torrent Power Ltd.,Power,Power,Domestic Equities,126217.0,123320.0,2.3491728835549788,17.342200000000002,18.9802,-8.630046047986847,0.750112059186109,1100,torrent-power,Mid Cap,May-2025
96004,7992,1,Jubilant FoodWorks Ltd.,FMCG,Fast Moving Consumer Goods,Domestic Equities,252477.0,246676.0,2.351667774732848,16.551099999999998,17.6472,-6.21118364386419,0.715894160071687,1100,jubilant-foodworks,Mid Cap,May-2025
153260,8051,1,Prestige Estates Projects Ltd.,Realty,Realty,Domestic Equities,111917.0,109349.0,2.3484439729672886,16.4137,15.0366,9.158320364976111,0.70995111957324,1100,prestige-estates-projects,Mid Cap,May-2025
19275,7232,1,NMDC Ltd.,Mining,Mining,Domestic Equities,2293073.0,2240348.0,2.3534290208485467,16.3198,14.5152,12.432484567901238,0.705889609363602,1100,nmdc,Mid Cap,May-2025
177212,94646,1,Hitachi Energy India Ltd.,Capital Goods,Capital Goods,Domestic Equities,8427.0,8243.0,2.232197015649642,16.2624,11.976300000000002,35.78818165877607,0.70340685445377,1100,hitachi-energy-india,Mid Cap,May-2025
1427,98308,1,Sona BLW Precision Forgings Ltd.,Automobile & Ancillaries,Automobile & Ancillaries,Domestic Equities,297658.0,290818.0,2.3519864657620917,16.1911,13.9927,15.711049332866416,0.700322874922917,1100,sona-blw-precision-forgings,Mid Cap,May-2025
77293,6578,1,Muthoot Finance Ltd.,Finance,Finance,Domestic Equities,71132.0,69501.0,2.346728824045697,15.7586,15.081,4.49307075127644,0.681615705959464,1100,muthoot-finance,Mid Cap,May-2025
677,6026,1,Oil India Ltd.,Crude Oil,Crude Oil,Domestic Equities,361844.0,353529.0,2.3519994116465694,15.443499999999998,14.521199999999999,6.351403465278353,0.667986506097304,1100,oil-india,Mid Cap,May-2025
133642,6320,1,Petronet LNG Ltd.,Inds. Gases & Fuels,Industrials Gases & Fuels,Domestic Equities,497254.0,485824.0,2.3527038598340138,15.2806,15.2427,0.24864361300819168,0.660940499567486,1100,petronet-lng,Mid Cap,May-2025
756,88308,1,Rail Vikas Nigam Ltd.,Infrastructure,Infrastructure,Domestic Equities,376600.0,367946.0,2.3519755616313263,15.273,12.8708,18.663952512664327,0.660611772436567,1100,rail-vikas-nigam,Large Cap,May-2025
171336,8097,1,JK Cement Ltd.,Construction Materials,Construction Materials,Domestic Equities,27752.0,27120.0,2.3303834808259585,15.2567,13.865599999999999,10.032742903300264,0.659906739247887,1100,jk-cement,Mid Cap,May-2025
114652,92620,1,Indian Railway Catering And Tourism Corporation Ltd.,Hospitality,Hospitality,Domestic Equities,200131.0,195534.0,2.350997780437162,15.1299,14.6944,2.9637140679442475,0.654422186589931,1100,indian-railway-catering-and-tourism-corporation,Mid Cap,May-2025
152323,7533,1,Tata Elxsi Ltd.,IT,Information Technology,Domestic Equities,22992.0,22469.0,2.3276514308602962,14.8057,12.955599999999999,14.280311216771127,0.640399379242067,1100,tata-elxsi,Mid Cap,May-2025
113892,8292,1,KEI Industries Ltd.,Electricals,Electricals,Domestic Equities,40895.0,39960.0,2.33983983983984,14.763900000000001,12.2421,20.59940696449139,0.638591380022015,1100,kei-industries,Mid Cap,May-2025
133463,8505,1,Glenmark Pharmaceuticals Ltd.,Healthcare,Healthcare,Domestic Equities,99895.0,97603.0,2.3482884747395056,14.5557,13.480899999999998,7.972761462513632,0.629585986777643,1100,glenmark-pharmaceuticals,Mid Cap,May-2025
123299,91366,1,KPIT Technologies Ltd.,IT,Information Technology,Domestic Equities,108299.0,105813.0,2.349427764074358,14.488199999999999,13.2647,9.223729145777884,0.626666370812249,1100,kpit-technologies,Mid Cap,May-2025
152608,7159,1,Indian Bank,Bank,Banking,Domestic Equities,234449.0,229062.0,2.3517650243165606,14.4561,12.9603,11.54139950464109,0.625277931219817,1100,indian-bank,Mid Cap,May-2025
75891,5355,1,Container Corporation Of India Ltd.,Logistics,Logistics,Domestic Equities,182883.0,178683.0,2.350531387988785,14.3453,12.0379,19.167795047308918,0.620485435679584,1100,container-corporation-of-india,Mid Cap,May-2025
171444,98250,1,Kalyan Jewellers India Ltd.,Diamond  &  Jewellery,Diamond & Jewellery,Domestic Equities,254805.0,248950.0,2.3518778871259287,14.279300000000001,12.8595,11.040864730354992,0.617630700068976,1100,kalyan-jewellers-india,Mid Cap,May-2025
134830,88309,1,Mazagon Dock Shipbuilders Ltd.,Ship Building,Ship Building,Domestic Equities,40711.0,39779.0,2.3429447698534402,14.1601,12.162799999999999,16.421383234123724,0.612474874541939,1100,mazagon-dock-shipbuilders,Mid Cap,May-2025
133630,5815,1,Jindal Stainless Ltd.,Iron & Steel,Iron & Steel,Domestic Equities,215032.0,210093.0,2.3508636651387715,13.8642,12.250499999999999,13.17252357046652,0.599676143221047,1100,jindal-stainless,Mid Cap,May-2025
153691,5278,1,Oberoi Realty Ltd.,Realty,Realty,Domestic Equities,78085.0,76295.0,2.346156366734386,13.636,12.5246,8.873736486594371,0.589805678579522,1100,oberoi-realty,Mid Cap,May-2025
171698,8307,1,Oracle Financial Services Software Ltd.,IT,Information Technology,Domestic Equities,15689.0,15334.0,2.315116734055041,13.276800000000001,13.3735,-0.7230717463640667,0.574268996286638,1100,oracle-financial-services-software,Mid Cap,May-2025
133317,6810,1,Blue Star Ltd.,Consumer Durables,Consumer Durables,Domestic Equities,86084.0,84111.0,2.3457098358122006,13.1907,14.3519,-8.09091479176974,0.57054486392189,1100,blue-star,Mid Cap,May-2025
79,7951,1,Balkrishna Industries Ltd.,Automobile & Ancillaries,Automobile & Ancillaries,Domestic Equities,53137.0,51921.0,2.342019606710194,13.136500000000002,13.8894,-5.4206805189569,0.568200520435603,1100,balkrishna-industries,Mid Cap,May-2025
352,7184,1,Ipca Laboratories Ltd.,Healthcare,Healthcare,Domestic Equities,92196.0,90081.0,2.3478869017883905,13.136099999999999,12.6221,4.072222530323786,0.56818321900766,1100,ipca-laboratories,Mid Cap,May-2025
171509,5522,1,Tata Communications Ltd.,Telecom,Telecom,Domestic Equities,77912.0,76127.0,2.34476598315972,13.0596,12.1149,7.79783572295273,0.564874320913547,1100,tata-communications,Mid Cap,May-2025
152616,7532,1,Vodafone Idea Ltd.,Telecom,Telecom,Domestic Equities,18317655.0,17896432.0,2.3536702734936217,12.675799999999999,12.7423,-0.5218838043367438,0.548273600802163,1100,vodafone-idea,Mid Cap,May-2025
97125,90518,1,Adani Total Gas Ltd.,Gas Transmission,Gas Transmission,Domestic Equities,184033.0,179806.0,2.3508670455935845,12.5833,10.792,16.59840622683468,0.544272645590327,1100,adani-total-gas,Mid Cap,May-2025
133351,5368,1,Steel Authority Of India Ltd.,Iron & Steel,Iron & Steel,Domestic Equities,959108.0,937058.0,2.3531094126510848,12.389800000000001,10.6553,16.27828404643699,0.535903079822863,1100,steel-authority-of-india,Mid Cap,May-2025
57781,87827,1,Bharat Dynamics Ltd.,Capital Goods,Capital Goods,Domestic Equities,61141.0,59742.0,2.341736132034415,12.323,9.1381,34.8529781902146,0.533013741356369,1100,bharat-dynamics,Mid Cap,May-2025
152296,7356,1,Patanjali Foods Ltd.,FMCG,Fast Moving Consumer Goods,Domestic Equities,73515.0,71831.0,2.3443916971780983,12.2866,13.690999999999999,-10.257833613322608,0.531439311413549,1100,patanjali-foods,Mid Cap,May-2025
171434,4916,1,Astral Ltd.,Plastic Products,Plastic Products,Domestic Equities,81744.0,79869.0,2.3475941854787212,12.246099999999998,10.7432,13.989314170824333,0.529687541834312,1100,astral,Mid Cap,May-2025
171840,6541,1,UNO Minda Ltd.,Automobile & Ancillaries,Automobile & Ancillaries,Domestic Equities,118618.0,115895.0,2.349540532378446,11.9407,10.363299999999999,15.221020331361634,0.516477901599772,1100,uno-minda,Mid Cap,May-2025
152207,5372,1,LIC Housing Finance Ltd.,Finance,Finance,Domestic Equities,199489.0,194905.0,2.35191503553013,11.898499999999999,11.7128,1.585444983266165,0.514652600951777,1100,lic-housing-finance,Mid Cap,May-2025
171886,6139,1,Exide Industries Ltd.,Automobile & Ancillaries,Automobile & Ancillaries,Domestic Equities,301926.0,294989.0,2.3516131109973593,11.68,10.376199999999999,12.565293652782342,0.505201695937871,1100,exide-industries,Mid Cap,May-2025
75659,6055,1,Lloyds Metals & Energy Ltd.,Iron & Steel,Iron & Steel,Domestic Equities,80649.0,78799.0,2.3477455297656062,11.235199999999999,9.4811,18.501017814388625,0.485962508065169,1100,lloyds-metals-energy,Mid Cap,May-2025
19098,6973,1,Schaeffler India Ltd.,Automobile & Ancillaries,Automobile & Ancillaries,Domestic Equities,26694.0,26085.0,2.3346751006325475,11.1813,9.059099999999999,23.426168162400256,0.483631140649839,1100,schaeffler-india,Mid Cap,May-2025
133407,5997,1,Hindustan Zinc Ltd.,Non - Ferrous Metals,Non - Ferrous Metals,Domestic Equities,243278.0,237690.0,2.3509613361942026,11.147,10.439300000000001,6.779190175586483,0.48214754320372,1100,hindustan-zinc,Large Cap,May-2025
134823,84770,1,Cochin Shipyard Ltd.,Ship Building,Ship Building,Domestic Equities,56150.0,54864.0,2.3439778361038206,10.933,8.7311,25.219044564831457,0.472891279254174,1100,cochin-shipyard,Mid Cap,May-2025
171433,6783,1,Berger Paints India Ltd.,Chemicals,Chemicals,Domestic Equities,188905.0,184566.0,2.3509205379105578,10.7355,10.0441,6.883643133780029,0.464348699207279,1100,berger-paints-india,Mid Cap,May-2025
133439,5473,1,National Aluminium Company Ltd.,Non - Ferrous Metals,Non - Ferrous Metals,Domestic Equities,594965.0,581290.0,2.3525262777615303,10.7302,9.0954,17.97392088308376,0.464119455287033,1100,national-aluminium-company,Mid Cap,May-2025
47051,90577,1,Dalmia Bharat Ltd.,Construction Materials,Construction Materials,Domestic Equities,52837.0,51626.0,2.3457172742416614,10.654100000000001,10.0294,6.228687658284645,0.460827858620863,1100,dalmia-bharat,Mid Cap,May-2025
135555,92715,1,360 One Wam Ltd.,Finance,Finance,Domestic Equities,106402.0,103960.0,2.348980377068103,10.6131,10.251,3.532338308457715,0.459054462256697,1100,360-one-wam,Mid Cap,May-2025
79346,86555,1,Aditya Birla Capital Ltd.,Finance,Finance,Domestic Equities,473135.0,462259.0,2.3527935637813435,10.5277,9.0769,15.983430466348633,0.45536060739085,1100,aditya-birla-capital,Mid Cap,May-2025
152367,6359,1,Abbott India Ltd.,Healthcare,Healthcare,Domestic Equities,3456.0,3381.0,2.218278615794144,10.5252,10.1379,3.820317817299443,0.455252473466206,1100,abbott-india,Mid Cap,May-2025
152079,6815,1,Linde India Ltd.,Inds. Gases & Fuels,Industrials Gases & Fuels,Domestic Equities,13954.0,13639.0,2.309553486325977,10.473199999999999,8.6417,21.193746600784564,0.453003287833606,1100,linde-india,Mid Cap,May-2025
152519,8782,1,Mahindra & Mahindra Financial Services Ltd.,Finance,Finance,Domestic Equities,395640.0,383711.0,3.108850150243282,10.3302,10.0551,2.7359250529581995,0.446818027343955,1100,mahindra-mahindra-financial-services,Mid Cap,May-2025
171565,6678,1,Apollo Tyres Ltd.,Automobile & Ancillaries,Automobile & Ancillaries,Domestic Equities,213981.0,209066.0,2.350932241493117,10.0689,9.8658,2.058626771270444,0.43551586954014,1100,apollo-tyres,Small Cap,May-2025
133643,6434,1,Biocon Ltd.,Healthcare,Healthcare,Domestic Equities,298796.0,291931.0,2.3515830795633215,10.0351,9.3943,6.82115751040525,0.43405389887895,1100,biocon,Mid Cap,May-2025
114414,5238,1,Bank Of India,Bank,Banking,Domestic Equities,806202.0,787668.0,2.3530218315330824,9.8308,9.07,8.388092613009928,0.425217194557023,1100,bank-of-india,Mid Cap,May-2025
173672,92657,1,Gujarat Fluorochemicals Ltd.,Chemicals,Chemicals,Domestic Equities,27095.0,26477.0,2.3341012954639875,9.627699999999999,10.306700000000001,-6.587947645706199,0.416432394518925,1100,gujarat-fluorochemicals,Mid Cap,May-2025
133635,5732,1,Indraprastha Gas Ltd.,Gas Transmission,Gas Transmission,Domestic Equities,465377.0,454680.0,2.352643617489223,9.6175,8.7567,9.830187170966237,0.415991208106376,1100,indraprastha-gas,Mid Cap,May-2025
171333,7587,1,United Breweries Ltd.,Alcohol,Alcohol,Domestic Equities,47895.0,46798.0,2.344117269968802,9.4679,10.1084,-6.336314352419777,0.409520474055665,1100,united-breweries,Mid Cap,May-2025
83342,79963,1,Bandhan Bank Ltd.,Bank,Banking,Domestic Equities,551166.0,538497.0,2.352659346291623,9.3803,8.9186,5.176821474222407,0.405731461336131,1100,bandhan-bank,Small Cap,May-2025
19183,6082,1,Deepak Nitrite Ltd.,Chemicals,Chemicals,Domestic Equities,45606.0,44561.0,2.3450999753147372,9.245700000000001,8.6252,7.194036080322783,0.399909530833286,1100,deepak-nitrite,Mid Cap,May-2025
76174,111823,1,Bharti Hexacom Ltd.,Telecom,Telecom,Domestic Equities,49892.0,48750.0,2.3425641025641024,9.1337,8.2344,10.92125716506363,0.395065131009224,1100,bharti-hexacom,Mid Cap,May-2025
1704,6920,1,L&T Finance Ltd.,Finance,Finance,Domestic Equities,532451.0,520212.0,2.35269467063428,9.1204,8.5403,6.79250143437584,0.394489858530117,1100,lt-finance,Mid Cap,May-2025
133445,6416,1,Apar Industries Ltd.,Capital Goods,Capital Goods,Domestic Equities,11204.0,10952.0,2.3009495982468953,9.0909,6.1364,48.14712209112836,0.393213878219315,1100,apar-industries,Mid Cap,May-2025
152386,5556,1,Glaxosmithkline Pharmaceuticals Ltd.,Healthcare,Healthcare,Domestic Equities,27456.0,26831.0,2.329395102679736,9.0566,7.9543,13.85791332989704,0.391730280773196,1100,glaxosmithkline-pharmaceuticals,Mid Cap,May-2025
152486,5772,1,AIA Engineering Ltd.,Automobile & Ancillaries,Automobile & Ancillaries,Domestic Equities,25752.0,25165.0,2.332604808265448,9.0078,8.0374,12.073556125115083,0.38961950656414,1100,aia-engineering,Mid Cap,May-2025
152325,5528,1,Thermax Ltd.,Capital Goods,Capital Goods,Domestic Equities,25697.0,25111.0,2.3336386444187807,8.7067,8.264800000000001,5.346771851708443,0.376595856679988,1100,thermax,Mid Cap,May-2025
797,86851,1,Nippon Life India Asset Management Ltd.,Finance,Finance,Domestic Equities,116049.0,113384.0,2.3504198123191986,8.598700000000001,7.2418,18.737054323510737,0.371924471135357,1100,nippon-life-india-asset-management,Mid Cap,May-2025
133333,4917,1,CRISIL Ltd.,Ratings,Ratings,Domestic Equities,16168.0,15801.0,2.3226378077336878,8.4877,7.0357,20.637605355543858,0.367123324881153,1100,crisil,Mid Cap,May-2025
57541,86814,1,General Insurance Corporation of India,Insurance,Finance,Domestic Equities,205150.0,200438.0,2.3508516349195263,8.443999999999999,8.3613,0.9890806453541892,0.365233143878372,1100,general-insurance-corporation-of-india,Mid Cap,May-2025
152324,4941,1,ACC Ltd.,Construction Materials,Construction Materials,Domestic Equities,44711.0,43689.0,2.339261599029504,8.4182,8.2485,2.057343759471422,0.364117201776043,1100,acc,Mid Cap,May-2025
97743,96921,1,Gland Pharma Ltd.,Healthcare,Healthcare,Domestic Equities,52795.0,51584.0,2.3476271712158807,8.387,7.221799999999999,16.134481708161413,0.362767690396483,1100,gland-pharma,Small Cap,May-2025
19805,15724,1,Syngene International Ltd.,Business Services,Healthcare,Domestic Equities,125451.0,122572.0,2.348823548608165,8.111,7.771699999999999,4.365840163670763,0.35082970511576,1100,syngene-international,Mid Cap,May-2025
115032,83788,1,Housing & Urban Development Corporation Ltd.,Finance,Finance,Domestic Equities,332955.0,325303.0,2.352268500444201,8.0322,7.2692,10.496340725251757,0.347421323810973,1100,housing-urban-development-corporation,Mid Cap,May-2025
171485,6291,1,Motilal Oswal Financial Services Ltd.,Finance,Finance,Domestic Equities,98577.0,96316.0,2.3474812076913496,7.9838,6.287000000000001,26.989024972164778,0.345327851029861,1100,motilal-oswal-financial-services,Mid Cap,May-2025
44430,82482,1,L&T Technology Services Ltd.,IT,Information Technology,Domestic Equities,18228.0,17815.0,2.3182711198428287,7.9613,7.584,4.974947257383969,0.344354645708063,1100,lt-technology-services,Mid Cap,May-2025
171580,109023,1,Tata Technologies Ltd.,IT,Information Technology,Domestic Equities,102311.0,99964.0,2.347845224280741,7.9148000000000005,6.5761,20.35705053147002,0.34234335470968,1100,tata-technologies,Mid Cap,May-2025
114654,92672,1,Indian Renewable Energy Development Agency Ltd.,Finance,Finance,Domestic Equities,447013.0,436737.0,2.352903463640589,7.810700000000001,7.2961,7.053083154013794,0.337840658087494,1100,indian-renewable-energy-development-agency,Mid Cap,May-2025
171948,7104,1,Emami Ltd.,FMCG,Fast Moving Consumer Goods,Domestic Equities,130806.0,127804.0,2.348909267315577,7.641699999999999,7.9839,-4.286125828229315,0.330530804781544,1100,emami,Small Cap,May-2025
509,8487,1,K.P.R. Mill Ltd.,Textile,Textile,Domestic Equities,66607.0,65081.0,2.344770363086001,7.5033,6.4902,15.609688453360459,0.324544510713239,1100,kpr-mill,Small Cap,May-2025
152370,5063,1,Escorts Kubota Ltd.,Automobile & Ancillaries,Automobile & Ancillaries,Domestic Equities,22007.0,21505.0,2.334340850964892,7.3101,7.008500000000001,4.3033459370764024,0.316187921016732,1100,escorts-kubota,Mid Cap,May-2025
58178,99657,1,Star Health and Allied Insurance Company Ltd.,Insurance,Finance,Domestic Equities,149666.0,146230.0,2.349723039048075,7.1488,5.7,25.417543859649122,0.309211120198686,1100,star-health-and-allied-insurance-company,Small Cap,May-2025
133495,5019,1,Ajanta Pharma Ltd.,Healthcare,Healthcare,Domestic Equities,27924.0,27287.0,2.334444973797046,7.0112,7.3841,-5.050039950704888,0.303259428986267,1100,ajanta-pharma,Mid Cap,May-2025
645,8087,1,IRB Infrastructure Developers Ltd.,Infrastructure,Infrastructure,Domestic Equities,1316222.0,1285960.0,2.353261376714672,6.7483,5.864,15.080150068212836,0.29188806547068,1100,irb-infrastructure-developers,Mid Cap,May-2025
102429,100653,1,Global Health Ltd.,Healthcare,Healthcare,Domestic Equities,55228.0,53964.0,2.342302275591135,6.562200000000001,6.4605999999999995,1.5726093551682634,0.283838576120163,1100,global-health,Small Cap,May-2025
196533,104025,1,Motherson Sumi Wiring India Ltd.,Iron & Steel,Iron & Steel,Domestic Equities,1125073.0,1099206.0,2.353244068900643,6.511900000000001,6.1292,6.243881746394325,0.281662921556321,1100,motherson-sumi-wiring-india,Small Cap,May-2025
222979,112566,1,Vishal Mega Mart Ltd.,Retailing,Retailing,Domestic Equities,495513.0,484125.0,2.3522850503485673,6.1771,5.7359,7.691905367945745,0.267181626367964,1100,vishal-mega-mart,Mid Cap,May-2025
57345,99844,1,AWL Agri Business Ltd.,FMCG,Fast Moving Consumer Goods,Domestic Equities,218770.0,213744.0,2.351411033760012,6.0162,5.707999999999999,5.3994393833216625,0.260222126977861,1100,awl-agri-business,Mid Cap,May-2025
13,7543,1,Tata Investment Corporation Ltd.,Finance,Finance,Domestic Equities,8619.0,8425.0,2.3026706231454006,5.8002,5.0007,15.987761713360127,0.250879355888599,1100,tata-investment-corporation,Mid Cap,May-2025
171394,82477,1,Endurance Technologies Ltd.,Automobile & Ancillaries,Automobile & Ancillaries,Domestic Equities,23390.0,22858.0,2.327412722022924,5.688,4.2859,32.714249049207865,0.246026305350566,1100,endurance-technologies,Mid Cap,May-2025
133645,6755,1,Bank Of Maharashtra,Bank,Banking,Domestic Equities,1043793.0,1019795.0,2.3532180487254792,5.6344,5.1663,9.060643013375154,0.243707914006194,1100,bank-of-maharashtra,Mid Cap,May-2025
113787,7539,1,Honeywell Automation India Ltd.,Consumer Durables,Consumer Durables,Domestic Equities,1455.0,1427.0,1.9621583742116329,5.6061000000000005,4.926,13.806333739342264,0.242483837979221,1100,honeywell-automation-india,Mid Cap,May-2025
222201,112407,1,NTPC Green Energy Ltd.,Power,Power,Domestic Equities,494312.0,482950.0,2.3526244952893673,5.499700000000001,4.8561000000000005,13.25343382549783,0.237881658146362,1100,ntpc-green-energy,Large Cap,May-2025
152064,6806,1,3M India Ltd.,Diversified,Diversified,Domestic Equities,1868.0,1831.0,2.020753686510104,5.4686,5.5131,-0.8071683807658001,0.236536472123788,1100,3m-india,Mid Cap,May-2025
229270,113158,1,Aditya Birla Lifestyle Brands Ltd.,Others,,Domestic Equities,309591.0,,,5.2925,,,0.228919518471848,1100,aditya-birla-lifestyle-brands,,May-2025
137768,15760,1,Gujarat Gas Ltd.,Gas Transmission,Gas Transmission,Domestic Equities,114363.0,111739.0,2.348329589489793,5.2613,5.0674,3.8264198602833774,0.227570007092288,1100,gujarat-gas,Mid Cap,May-2025
78882,109773,1,JSW Infrastructure Ltd.,Logistics,Logistics,Domestic Equities,180202.0,176065.0,2.349700394740579,5.2412,5.1701,1.3752151795903393,0.226700610338148,1100,jsw-infrastructure,Mid Cap,May-2025
171853,7249,1,NLC India Ltd.,Power,Power,Domestic Equities,216452.0,211480.0,2.3510497446567054,5.2321,4.8129,8.709925408797194,0.226307002852443,1100,nlc-india,Mid Cap,May-2025
77359,100627,1,Waaree Energies Ltd.,Capital Goods,Capital Goods,Domestic Equities,17492.0,17095.0,2.322316466803159,5.2107,4.4524,17.031264037373113,0.225381376457489,1100,waaree-energies,Mid Cap,May-2025
133387,5868,1,Godrej Industries Ltd.,Chemicals,Chemicals,Domestic Equities,41126.0,40185.0,2.3416697772800794,4.8722,4.3557,11.858025116514002,0.210740043060659,1100,godrej-industries,Mid Cap,May-2025
217845,112026,1,Premier Energies Ltd.,Electricals,Electricals,Domestic Equities,43735.0,42734.0,2.3423971544905697,4.6429,4.1964999999999995,10.637435958536887,0.20082199949229,1100,premier-energies,Mid Cap,May-2025
1840,4901,1,SJVN Ltd.,Power,Power,Domestic Equities,474550.0,463644.0,2.352235767097169,4.5699000000000005,4.3595999999999995,4.823837049270582,0.197664488892678,1100,sjvn,Mid Cap,May-2025
152532,6617,1,Sun TV Network Ltd.,Media & Entertainment,Media & Entertainment,Domestic Equities,65539.0,64036.0,2.3471172465488164,4.1267000000000005,3.9760000000000004,3.7902414486921514,0.178494506731748,1100,sun-tv-network,Small Cap,May-2025
176199,111753,1,OLA Electric Mobility Ltd.,Automobile & Ancillaries,Automobile & Ancillaries,Domestic Equities,591872.0,578268.0,2.3525424197776807,3.0162,2.8156,7.1245915613013215,0.130461417404778,1100,ola-electric-mobility,Mid Cap,May-2025
58164,86911,1,The New India Assurance Company Ltd.,Insurance,Finance,Domestic Equities,159666.0,156000.0,2.35,2.9770999999999996,2.6843,10.907871698394358,0.128770202823342,1100,the-new-india-assurance-company,Mid Cap,May-2025
95549,7450,1,Aditya Birla Fashion and Retail Ltd.,Retailing,Retailing,Domestic Equities,311398.0,304243.0,2.3517385773871546,2.6733999999999996,8.0183,-66.65876806804435,0.11563409365756,1100,aditya-birla-fashion-and-retail,Mid Cap,May-2025
171883,5324,1,Mangalore Refinery And Petrochemicals Ltd.,Crude Oil,Crude Oil,Domestic Equities,118432.0,115713.0,2.3497791950774762,1.7059,1.5530000000000002,9.845460399227296,0.073786264820241,1100,mangalore-refinery-and-petrochemicals,Small Cap,May-2025
