CompanyID,SecurityID,MfSchemeAssetAllocationID,Name,SectorName,EquitySectorName,Type,NoOfShare,PrevNoOfShare,SharesZG,MarketValue,PrevMarketValue,MarketValueZG,HoldingPercentage,Priority,SecuritySlug,McapCategory,Month
152372,4964.0,1,Larsen & Toubro Ltd.,Infrastructure,Infrastructure,Domestic Equities,421000.0,421000.0,0.0,165.8277,174.4371,-4.935532636119259,6.98196465686618,1100,larsen-toubro,Large Cap,Jul-2026
96486,15829.0,1,Interglobe Aviation Ltd.,Aviation,Aviation,Domestic Equities,196369.0,196369.0,0.0,101.5424,105.4187,-3.67705160469633,4.27531376225666,1100,interglobe-aviation,Large Cap,Jul-2026
171888,8748.0,1,ICICI Bank Ltd.,Bank,Banking,Domestic Equities,665000.0,775000.0,-14.193548387096774,95.4541,106.57799999999999,-10.43733228245979,4.01897362475009,1100,icici-bank,Large Cap,Jul-2026
171520,5812.0,1,Kalpataru Projects International Ltd.,Infrastructure,Infrastructure,Domestic Equities,736994.0,736994.0,0.0,95.04270000000001,100.9755,-5.8754846472659095,4.00165215035326,1100,kalpataru-projects-international,Small Cap,Jul-2026
133664,7760.0,1,NTPC Ltd.,Power,Power,Domestic Equities,2350000.0,2350000.0,0.0,81.6038,83.81280000000001,-2.6356356069717335,3.43582433734519,1100,ntpc,Large Cap,Jul-2026
539,7794.0,1,Adani Ports and Special Economic Zone Ltd.,Logistics,Logistics,Domestic Equities,430000.0,410000.0,4.878048780487805,72.9495,74.2182,-1.709418983483834,3.07144602943935,1100,adani-ports-and-special-economic-zone,Large Cap,Jul-2026
517,7825.0,1,Power Grid Corporation Of India Ltd.,Power,Power,Domestic Equities,2400000.0,2400000.0,0.0,68.22,68.712,-0.7160321341250411,2.87231643984335,1100,power-grid-corporation-of-india,Large Cap,Jul-2026
640,7202.0,1,J Kumar Infraprojects Ltd.,Infrastructure,Infrastructure,Domestic Equities,1400000.0,1400000.0,0.0,67.48,68.971,-2.1617781386379833,2.8411596798685,1100,j-kumar-infraprojects,Small Cap,Jul-2026
152604,5456.0,1,Power Finance Corporation Ltd.,Finance,Finance,Domestic Equities,1375000.0,1375000.0,0.0,58.3481,58.341300000000004,0.011655551041891267,2.45667263065998,1100,power-finance-corporation,Large Cap,Jul-2026
154098,6604.0,1,TD Power Systems Ltd.,Capital Goods,Capital Goods,Domestic Equities,465000.0,505000.0,-7.920792079207921,52.591499999999996,62.5342,-15.899619728084799,2.21429830029348,1100,td-power-systems,Small Cap,Jul-2026
137807,98607.0,1,GR Infraprojects Ltd.,Infrastructure,Infrastructure,Domestic Equities,570000.0,570000.0,0.0,50.393699999999995,52.23479999999999,-3.5246617197730186,2.12176272316819,1100,gr-infraprojects,Small Cap,Jul-2026
38708,8062.0,1,Adani Power Ltd.,Power,Power,Domestic Equities,2068628.0,2068628.0,0.0,43.7122,46.2897,-5.56819335618939,1.8404466532061,1100,adani-power,Large Cap,Jul-2026
171875,5051.0,1,HDFC Bank Ltd.,Bank,Banking,Domestic Equities,550000.0,600000.0,-8.333333333333332,41.1483,47.876999999999995,-14.054138730496895,1.7324969006392,1100,hdfc-bank,Large Cap,Jul-2026
171531,4897.0,1,Reliance Industries Ltd.,Crude Oil,Crude Oil,Domestic Equities,300000.0,410000.0,-26.82926829268293,39.234,53.0499,-26.043215915581364,1.65189773088264,1100,reliance-industries,Large Cap,Jul-2026
46521,101004.0,1,Delhivery Ltd.,Logistics,Logistics,Domestic Equities,800000.0,800000.0,0.0,38.556,37.764,2.0972354623450857,1.62335140214893,1100,delhivery,Small Cap,Jul-2026
133350,8843.0,1,State Bank Of India,Bank,Banking,Domestic Equities,369361.0,419361.0,-11.922901748135855,37.9481,43.0642,-11.880169607237569,1.59775654486689,1100,state-bank-of-india,Large Cap,Jul-2026
152334,5218.0,1,Ambuja Cements Ltd.,Construction Materials,Construction Materials,Domestic Equities,850000.0,950000.0,-10.526315789473683,36.736999999999995,40.0758,-8.331212352591841,1.54676471783238,1100,ambuja-cements,Large Cap,Jul-2026
153260,8051.0,1,Prestige Estates Projects Ltd.,Realty,Realty,Domestic Equities,224673.0,224673.0,0.0,36.3117,35.1523,3.2982194621689067,1.52885800159278,1100,prestige-estates-projects,Mid Cap,Jul-2026
78882,109773.0,1,JSW Infrastructure Ltd.,Logistics,Logistics,Domestic Equities,1151725.0,1151725.0,0.0,35.9799,37.1028,-3.0264562243280944,1.51488798407974,1100,jsw-infrastructure,Mid Cap,Jul-2026
115643,7007.0,1,Coal India Ltd.,Mining,Mining,Domestic Equities,865000.0,1215000.0,-28.80658436213992,35.824,53.3446,-32.8441866655669,1.50832401262017,1100,coal-india,Large Cap,Jul-2026
134703,87891.0,1,Hindustan Aeronautics Ltd.,Capital Goods,Capital Goods,Domestic Equities,75000.0,75000.0,0.0,34.848800000000004,32.859,6.055570772086796,1.46726445542089,1100,hindustan-aeronautics,Large Cap,Jul-2026
75891,5355.0,1,Container Corporation Of India Ltd.,Logistics,Logistics,Domestic Equities,652608.0,552608.0,18.09601019167294,34.2946,26.2627,30.582917978730293,1.44393056842351,1100,container-corporation-of-india,Mid Cap,Jul-2026
133309,5981.0,1,Bharat Electronics Ltd.,Capital Goods,Capital Goods,Domestic Equities,865000.0,865000.0,0.0,33.549,35.6207,-5.816000247047365,1.41253802756236,1100,bharat-electronics,Large Cap,Jul-2026
152241,8254.0,1,NCC Ltd.,Infrastructure,Infrastructure,Domestic Equities,2350000.0,2350000.0,0.0,33.153800000000004,34.8294,-4.810878166146989,1.39589863358661,1100,ncc,Small Cap,Jul-2026
152256,5774.0,1,Oil & Natural Gas Corporation Ltd.,Crude Oil,Crude Oil,Domestic Equities,1300000.0,1300000.0,0.0,31.5289,30.537,3.2481907194550894,1.327484283204,1100,oil-natural-gas-corporation,Large Cap,Jul-2026
152554,7075.0,1,Voltamp Transformers Ltd.,Capital Goods,Capital Goods,Domestic Equities,31684.0,31684.0,0.0,31.44,32.8864,-4.398170672375203,1.32374126163405,1100,voltamp-transformers,Small Cap,Jul-2026
152486,5772.0,1,AIA Engineering Ltd.,Automobile & Ancillaries,Automobile & Ancillaries,Domestic Equities,67836.0,67836.0,0.0,31.1435,34.4702,-9.650944874123157,1.31125750577926,1100,aia-engineering,Mid Cap,Jul-2026
133593,6508.0,1,Bharti Airtel Ltd.,Telecom,Telecom,Domestic Equities,154000.0,234000.0,-34.18803418803419,30.3688,43.336800000000004,-29.92375994535822,1.27863974638397,1100,bharti-airtel,Large Cap,Jul-2026
152275,6296.0,1,Birla Corporation Ltd.,Construction Materials,Construction Materials,Domestic Equities,331070.0,350000.0,-5.408571428571428,29.4818,34.3875,-14.265939658306076,1.24129373814385,1100,birla-corporation,Small Cap,Jul-2026
113882,6219.0,1,Centum Electronics Ltd.,Electricals,Electricals,Domestic Equities,83167.0,99411.0,-16.34024403738017,29.4669,37.6171,-21.666210313926378,1.24066639257139,1100,centum-electronics,Small Cap,Jul-2026
152362,5226.0,1,Tata Steel Ltd.,Iron & Steel,Iron & Steel,Domestic Equities,1530000.0,2500000.0,-38.800000000000004,29.0226,47.015,-38.26948846112942,1.22195970546757,1100,tata-steel,Large Cap,Jul-2026
152316,5915.0,1,Tata Power Company Ltd.,Power,Power,Domestic Equities,725000.0,725000.0,0.0,27.6008,27.948800000000002,-1.2451339592397592,1.16209662258617,1100,tata-power-company,Large Cap,Jul-2026
171741,5431.0,1,GAIL (India) Ltd.,Gas Transmission,Gas Transmission,Domestic Equities,1450000.0,1450000.0,0.0,26.3088,25.1517,4.6004842615012125,1.10769860381927,1100,gail-india,Large Cap,Jul-2026
77009,96064.0,1,Max Healthcare Institute Ltd.,Healthcare,Healthcare,Domestic Equities,235000.0,235000.0,0.0,25.8148,26.537399999999998,-2.7229494976900437,1.08689936134958,1100,max-healthcare-institute,Mid Cap,Jul-2026
171624,5869.0,1,Blue Dart Express Ltd.,Logistics,Logistics,Domestic Equities,50000.0,50000.0,0.0,25.8015,24.324,6.074247656635421,1.08633938174462,1100,blue-dart-express,Small Cap,Jul-2026
114515,6989.0,1,Gujarat Pipavav Port Ltd.,Logistics,Logistics,Domestic Equities,1661198.0,1661198.0,0.0,24.9628,25.100700000000003,-0.5493870688865237,1.05102698364881,1100,gujarat-pipavav-port,Small Cap,Jul-2026
139601,89162.0,1,Aavas Financiers Ltd.,Finance,Finance,Domestic Equities,179767.0,179767.0,0.0,24.444699999999997,27.339000000000002,-10.58670763378325,1.02921304129344,1100,aavas-financiers,Small Cap,Jul-2026
152605,7848.0,1,Ahluwalia Contracts (India) Ltd.,Realty,Realty,Domestic Equities,295121.0,295121.0,0.0,24.2412,25.256500000000003,-4.019955259042234,1.02064493230036,1100,ahluwalia-contracts-india,Small Cap,Jul-2026
216574,111935.0,1,Ceigall India Ltd.,Infrastructure,Infrastructure,Domestic Equities,700000.0,700000.0,0.0,23.9925,27.429499999999997,-12.530304963634038,1.01017373472503,1100,ceigall-india,Small Cap,Jul-2026
75697,6614.0,1,Adani Enterprises Ltd.,Trading,Trading,Domestic Equities,78044.0,,,23.4873,,,0.988902930482742,1100,adani-enterprises,Large Cap,Jul-2026
84351,88646.0,1,Adani Green Energy Ltd.,Power,Power,Domestic Equities,168659.0,168659.0,0.0,23.3255,25.1673,-7.318226428738874,0.982090547017972,1100,adani-green-energy,Large Cap,Jul-2026
133272,5382.0,1,ABB India Ltd.,Capital Goods,Capital Goods,Domestic Equities,32000.0,32000.0,0.0,23.3104,22.499200000000002,3.6054615275209736,0.981454780699566,1100,abb-india,Large Cap,Jul-2026
2332,112289.0,1,JSW Cement Ltd.,Construction Materials,Construction Materials,Domestic Equities,1741453.0,1114557.0,56.246203648624515,23.1787,15.0376,54.13829334468265,0.975909719498637,1100,jsw-cement,Small Cap,Jul-2026
695,7346.0,1,Titagarh Rail Systems Ltd.,Automobile & Ancillaries,Automobile & Ancillaries,Domestic Equities,275000.0,275000.0,0.0,22.693,24.219299999999997,-6.301998819123577,0.955459937985417,1100,titagarh-rail-systems,Small Cap,Jul-2026
137941,15743.0,1,Power Mech Projects Ltd.,Infrastructure,Infrastructure,Domestic Equities,86635.0,86635.0,0.0,22.234,23.9373,-7.11567302912191,0.936134326055072,1100,power-mech-projects,Small Cap,Jul-2026
152343,5043.0,1,Hindalco Industries Ltd.,Non - Ferrous Metals,Non - Ferrous Metals,Domestic Equities,224294.0,224294.0,0.0,21.8563,21.456,1.8656785980611577,0.920231747348991,1100,hindalco-industries,Large Cap,Jul-2026
133654,6850.0,1,Ultratech Cement Ltd.,Construction Materials,Construction Materials,Domestic Equities,17000.0,17000.0,0.0,20.2351,19.1301,5.776237447791701,0.851973180766258,1100,ultratech-cement,Large Cap,Jul-2026
133179,8686.0,1,Diamond Power Infrastructure Ltd.,Electricals,Electricals,Domestic Equities,618286.0,,,20.0306,,,0.84336296804348,1100,diamond-power-infrastructure,Small Cap,Jul-2026
152370,5063.0,1,Escorts Kubota Ltd.,Automobile & Ancillaries,Automobile & Ancillaries,Domestic Equities,63622.0,76258.0,-16.570064780088646,19.633699999999997,22.3886,-12.304923041190616,0.826651997727241,1100,escorts-kubota,Mid Cap,Jul-2026
151967,5716.0,1,GE Vernova T&D India Ltd.,Capital Goods,Capital Goods,Domestic Equities,45000.0,,,19.4549,,,0.819123850857643,1100,ge-vernova-td-india,Mid Cap,Jul-2026
56723,6834.0,1,Can Fin Homes Ltd.,Finance,Finance,Domestic Equities,228601.0,228601.0,0.0,18.759,19.8414,-5.455260213492999,0.789823865362377,1100,can-fin-homes,Small Cap,Jul-2026
137768,15760.0,1,Gujarat Energy Ltd.,Gas Transmission,Gas Transmission,Domestic Equities,615384.0,615384.0,0.0,16.8923,20.126099999999997,-16.067693194409244,0.71122883313934,1100,gujarat-energy,Small Cap,Jul-2026
152886,91696.0,1,Powerica Ltd.,Capital Goods,Capital Goods,Domestic Equities,314898.0,314898.0,0.0,16.677,19.421300000000002,-14.130362025199139,0.702163900135848,1100,powerica,Small Cap,Jul-2026
39503,103957.0,1,Gateway Distriparks Ltd.,Logistics,Logistics,Domestic Equities,2834281.0,2918306.0,-2.879238846097702,16.4303,16.8824,-2.6779367862389254,0.691776910019909,1100,gateway-distriparks,Small Cap,Jul-2026
19243,8235.0,1,Premier Explosives Ltd.,Chemicals,Chemicals,Domestic Equities,243393.0,243393.0,0.0,16.1649,19.616300000000003,-17.594551469951014,0.680602580158659,1100,premier-explosives,Small Cap,Jul-2026
133170,6243.0,1,Timken India Ltd.,Automobile & Ancillaries,Automobile & Ancillaries,Domestic Equities,50000.0,50000.0,0.0,15.727,17.4285,-9.762744929282489,0.662165356924895,1100,timken-india,Small Cap,Jul-2026
133434,4968.0,1,JSW Steel Ltd.,Iron & Steel,Iron & Steel,Domestic Equities,120000.0,,,15.24,,,0.64166084056307,1100,jsw-steel,Large Cap,Jul-2026
65953,90815.0,1,The Anup Engineering Ltd.,Capital Goods,Capital Goods,Domestic Equities,70000.0,70000.0,0.0,15.2103,16.319100000000002,-6.794492343327764,0.640410359791107,1100,the-anup-engineering,Small Cap,Jul-2026
19032,5817.0,1,Dynamatic Technologies Ltd.,Capital Goods,Capital Goods,Domestic Equities,13809.0,13809.0,0.0,14.2771,14.351700000000001,-0.5197990481963833,0.601119159239042,1100,dynamatic-technologies,Small Cap,Jul-2026
28396,92035.0,1,Sterling and Wilson Renewable Energy Ltd.,Infrastructure,Infrastructure,Domestic Equities,670194.0,100000.0,570.194,13.6693,2.444,459.3003273322422,0.575528512329972,1100,sterling-and-wilson-renewable-energy,Small Cap,Jul-2026
114697,5402.0,1,JSW Energy Ltd.,Power,Power,Domestic Equities,242327.0,142327.0,70.2607375972233,13.4407,8.2998,61.9400467481144,0.565903599721526,1100,jsw-energy,Mid Cap,Jul-2026
65831,90709.0,1,Clean Max Enviro Energy Solutions Ltd.,Power,Power,Domestic Equities,100370.0,100370.0,0.0,13.4054,13.7075,-2.2039029728250985,0.564417338063266,1100,clean-max-enviro-energy-solutions,Small Cap,Jul-2026
65256,86779.0,1,Acme Solar Holdings Ltd.,Power,Power,Domestic Equities,349732.0,349732.0,0.0,12.6813,13.3091,-4.717073280687647,0.533930027390581,1100,acme-solar-holdings,Small Cap,Jul-2026
133635,5732.0,1,Indraprastha Gas Ltd.,Gas Transmission,Gas Transmission,Domestic Equities,742191.0,1427754.0,-48.01688526174677,11.2798,23.526500000000002,-52.054916795953496,0.474921650222002,1100,indraprastha-gas,Small Cap,Jul-2026
76083,6699.0,1,Ashoka Buildcon Ltd.,Infrastructure,Infrastructure,Domestic Equities,921034.0,1138294.0,-19.086457452995447,11.1528,14.861600000000001,-24.95559024600313,0.469574476550644,1100,ashoka-buildcon,Small Cap,Jul-2026
102429,100653.0,1,Global Health Ltd.,Healthcare,Healthcare,Domestic Equities,78172.0,78172.0,0.0,10.9879,10.270199999999999,6.988179392806371,0.462631571523816,1100,global-health,Small Cap,Jul-2026
153691,5278.0,1,Oberoi Realty Ltd.,Realty,Realty,Domestic Equities,50000.0,50000.0,0.0,9.1385,8.846,3.306579244856432,0.384764933824515,1100,oberoi-realty,Mid Cap,Jul-2026
177901,112817.0,1,Wework India Management Ltd.,Miscellaneous,Miscellaneous,Domestic Equities,91620.0,91620.0,0.0,6.8119000000000005,6.3153999999999995,7.861734806979778,0.286806396314408,1100,wework-india-management,Small Cap,Jul-2026
133327,6870.0,1,CESC Ltd.,Power,Power,Domestic Equities,400000.0,400000.0,0.0,6.6228,6.7524,-1.9193175759729928,0.278844581028944,1100,cesc,Small Cap,Jul-2026
239882,,1,GSPL Transmission Ltd.,Gas Transmission,,Domestic Equities,205128.0,,,3.0769,,,0.129548965900821,1100,,,Jul-2026
152372,4964.0,1,Larsen & Toubro Ltd.,Infrastructure,Infrastructure,Domestic Equities,421000.0,421000.0,0.0,174.4371,171.6207,1.641060781129546,7.13675963223884,1100,larsen-toubro,Large Cap,Jun-2026
171888,8748.0,1,ICICI Bank Ltd.,Bank,Banking,Domestic Equities,775000.0,845000.0,-8.284023668639055,106.578,106.1658,0.3882606263033797,4.36043460986654,1100,icici-bank,Large Cap,Jun-2026
96486,15829.0,1,Interglobe Aviation Ltd.,Aviation,Aviation,Domestic Equities,196369.0,166369.0,18.032205519057037,105.4187,73.2855,43.84659994132537,4.31300407220194,1100,interglobe-aviation,Large Cap,Jun-2026
171520,5812.0,1,Kalpataru Projects International Ltd.,Infrastructure,Infrastructure,Domestic Equities,736994.0,756994.0,-2.642028866807399,100.9755,98.7877,2.2146481798847306,4.13121905973633,1100,kalpataru-projects-international,Small Cap,Jun-2026
133664,7760.0,1,NTPC Ltd.,Power,Power,Domestic Equities,2350000.0,2350000.0,0.0,83.81280000000001,90.9215,-7.818502774371288,3.42904008209783,1100,ntpc,Large Cap,Jun-2026
539,7794.0,1,Adani Ports and Special Economic Zone Ltd.,Logistics,Logistics,Domestic Equities,410000.0,370000.0,10.81081081081081,74.2182,66.7702,11.154676786949857,3.03649541145449,1100,adani-ports-and-special-economic-zone,Large Cap,Jun-2026
640,7202.0,1,J Kumar Infraprojects Ltd.,Infrastructure,Infrastructure,Domestic Equities,1400000.0,1400000.0,0.0,68.971,70.385,-2.0089507707608103,2.82181627988051,1100,j-kumar-infraprojects,Small Cap,Jun-2026
517,7825.0,1,Power Grid Corporation Of India Ltd.,Power,Power,Domestic Equities,2400000.0,2400000.0,0.0,68.712,69.732,-1.4627430734813285,2.81121979126227,1100,power-grid-corporation-of-india,Large Cap,Jun-2026
154098,6604.0,1,TD Power Systems Ltd.,Capital Goods,Capital Goods,Domestic Equities,505000.0,525000.0,-3.8095238095238098,62.5342,69.2265,-9.667251702743886,2.55846694421284,1100,td-power-systems,Small Cap,Jun-2026
152604,5456.0,1,Power Finance Corporation Ltd.,Finance,Finance,Domestic Equities,1375000.0,925000.0,48.64864864864865,58.3413,39.6455,47.15743274772672,2.38692247653931,1100,power-finance-corporation,Large Cap,Jun-2026
115643,7007.0,1,Coal India Ltd.,Mining,Mining,Domestic Equities,1215000.0,1300000.0,-6.538461538461539,53.3446,59.527,-10.385875317083002,2.1824920723741,1100,coal-india,Large Cap,Jun-2026
171531,4897.0,1,Reliance Industries Ltd.,Crude Oil,Crude Oil,Domestic Equities,410000.0,510000.0,-19.607843137254903,53.0499,67.38119999999999,-21.268988976153587,2.17043498667604,1100,reliance-industries,Large Cap,Jun-2026
137807,98607.0,1,GR Infraprojects Ltd.,Infrastructure,Infrastructure,Domestic Equities,570000.0,570000.0,0.0,52.23479999999999,51.2829,1.856174280315653,2.13708673234117,1100,gr-infraprojects,Small Cap,Jun-2026
171875,5051.0,1,HDFC Bank Ltd.,Bank,Banking,Domestic Equities,600000.0,600000.0,0.0,47.877,44.673,7.172117386340735,1.95879569720374,1100,hdfc-bank,Large Cap,Jun-2026
152362,5226.0,1,Tata Steel Ltd.,Iron & Steel,Iron & Steel,Domestic Equities,2500000.0,2500000.0,0.0,47.015,52.005,-9.59523122776656,1.92352861925421,1100,tata-steel,Large Cap,Jun-2026
38708,8062.0,1,Adani Power Ltd.,Power,Power,Domestic Equities,2068628.0,768628.0,169.13253225227288,46.2897,18.7061,147.457781151603,1.89385435981478,1100,adani-power,Large Cap,Jun-2026
133593,6508.0,1,Bharti Airtel Ltd.,Telecom,Telecom,Domestic Equities,234000.0,280000.0,-16.428571428571427,43.3368,51.212,-15.377645864250558,1.77304211564173,1100,bharti-airtel,Large Cap,Jun-2026
133350,8843.0,1,State Bank Of India,Bank,Banking,Domestic Equities,419361.0,419361.0,0.0,43.0642,40.4432,6.480693911461009,1.76188920908832,1100,state-bank-of-india,Large Cap,Jun-2026
152334,5218.0,1,Ambuja Cements Ltd.,Construction Materials,Construction Materials,Domestic Equities,950000.0,950000.0,0.0,40.0758,42.5458,-5.805508416812001,1.63962455045215,1100,ambuja-cements,Large Cap,Jun-2026
46521,101004.0,1,Delhivery Ltd.,Logistics,Logistics,Domestic Equities,800000.0,800000.0,0.0,37.764,36.188,4.355034818171768,1.54504168409053,1100,delhivery,Small Cap,Jun-2026
113882,6219.0,1,Centum Electronics Ltd.,Electricals,Electricals,Domestic Equities,99411.0,99411.0,0.0,37.6171,34.6348,8.61070368531073,1.53903155212906,1100,centum-electronics,Small Cap,Jun-2026
78882,109773.0,1,JSW Infrastructure Ltd.,Logistics,Logistics,Domestic Equities,1151725.0,,,37.1028,,,1.5179899533014,1100,jsw-infrastructure,Mid Cap,Jun-2026
133309,5981.0,1,Bharat Electronics Ltd.,Capital Goods,Capital Goods,Domestic Equities,865000.0,865000.0,0.0,35.6207,35.5299,0.2555594020810749,1.45735267229328,1100,bharat-electronics,Large Cap,Jun-2026
153260,8051.0,1,Prestige Estates Projects Ltd.,Realty,Realty,Domestic Equities,224673.0,209673.0,7.153996938089311,35.1523,28.7084,22.446043666662018,1.43818898399681,1100,prestige-estates-projects,Mid Cap,Jun-2026
152241,8254.0,1,NCC Ltd.,Infrastructure,Infrastructure,Domestic Equities,2350000.0,2350000.0,0.0,34.8294,35.7271,-2.512658458145217,1.42497814934495,1100,ncc,Small Cap,Jun-2026
152486,5772.0,1,AIA Engineering Ltd.,Automobile & Ancillaries,Automobile & Ancillaries,Domestic Equities,67836.0,67836.0,0.0,34.4702,30.5506,12.829862588623463,1.41028216976319,1100,aia-engineering,Mid Cap,Jun-2026
152275,6296.0,1,Birla Corporation Ltd.,Construction Materials,Construction Materials,Domestic Equities,350000.0,350000.0,0.0,34.3875,34.9055,-1.4840068184097115,1.40689865776038,1100,birla-corporation,Small Cap,Jun-2026
152554,7075.0,1,Voltamp Transformers Ltd.,Capital Goods,Capital Goods,Domestic Equities,31684.0,31684.0,0.0,32.8864,30.090300000000003,9.2923633197409,1.34548402816637,1100,voltamp-transformers,Small Cap,Jun-2026
134703,87891.0,1,Hindustan Aeronautics Ltd.,Capital Goods,Capital Goods,Domestic Equities,75000.0,75000.0,0.0,32.859,32.2785,1.798410706817237,1.34436300967934,1100,hindustan-aeronautics,Large Cap,Jun-2026
152256,5774.0,1,Oil & Natural Gas Corporation Ltd.,Crude Oil,Crude Oil,Domestic Equities,1300000.0,1300000.0,0.0,30.537,34.501999999999995,-11.492087415222306,1.24936282986634,1100,oil-natural-gas-corporation,Large Cap,Jun-2026
152316,5915.0,1,Tata Power Company Ltd.,Power,Power,Domestic Equities,725000.0,625000.0,16.0,27.9488,26.2969,6.281729025094214,1.14347158723412,1100,tata-power-company,Large Cap,Jun-2026
216574,111935.0,1,Ceigall India Ltd.,Infrastructure,Infrastructure,Domestic Equities,700000.0,700000.0,0.0,27.4295,24.300500000000003,12.876278265879288,1.12222542298912,1100,ceigall-india,Small Cap,Jun-2026
139601,89162.0,1,Aavas Financiers Ltd.,Finance,Finance,Domestic Equities,179767.0,179767.0,0.0,27.339,24.1445,13.230756486984626,1.11852278893525,1100,aavas-financiers,Small Cap,Jun-2026
77009,96064.0,1,Max Healthcare Institute Ltd.,Healthcare,Healthcare,Domestic Equities,235000.0,235000.0,0.0,26.5374,22.6799,17.00845241822054,1.0857268612272,1100,max-healthcare-institute,Mid Cap,Jun-2026
75891,5355.0,1,Container Corporation Of India Ltd.,Logistics,Logistics,Domestic Equities,552608.0,552608.0,0.0,26.2627,25.6217,2.501785595803553,1.0744880371985,1100,container-corporation-of-india,Mid Cap,Jun-2026
152605,7848.0,1,Ahluwalia Contracts (India) Ltd.,Realty,Realty,Domestic Equities,295121.0,295121.0,0.0,25.256500000000003,23.3736,8.055669644385116,1.03332129261287,1100,ahluwalia-contracts-india,Small Cap,Jun-2026
84351,88646.0,1,Adani Green Energy Ltd.,Power,Power,Domestic Equities,168659.0,,,25.1673,,,1.02967184556751,1100,adani-green-energy,Large Cap,Jun-2026
171741,5431.0,1,GAIL (India) Ltd.,Gas Transmission,Gas Transmission,Domestic Equities,1450000.0,1450000.0,0.0,25.1517,23.854,5.440177747966797,1.02903360146541,1100,gail-india,Large Cap,Jun-2026
114515,6989.0,1,Gujarat Pipavav Port Ltd.,Logistics,Logistics,Domestic Equities,1661198.0,1661198.0,0.0,25.100700000000003,26.139,-3.9722254103064354,1.02694703420853,1100,gujarat-pipavav-port,Small Cap,Jun-2026
171624,5869.0,1,Blue Dart Express Ltd.,Logistics,Logistics,Domestic Equities,50000.0,50000.0,0.0,24.324,23.7075,2.60044289781715,0.995169842278836,1100,blue-dart-express,Small Cap,Jun-2026
695,7346.0,1,Titagarh Rail Systems Ltd.,Automobile & Ancillaries,Automobile & Ancillaries,Domestic Equities,275000.0,275000.0,0.0,24.2193,22.7191,6.603254530329106,0.990886242439722,1100,titagarh-rail-systems,Small Cap,Jun-2026
137941,15743.0,1,Power Mech Projects Ltd.,Infrastructure,Infrastructure,Domestic Equities,86635.0,86635.0,0.0,23.9373,21.6648,10.489365237620472,0.979348752901709,1100,power-mech-projects,Small Cap,Jun-2026
133635,5732.0,1,Indraprastha Gas Ltd.,Gas Transmission,Gas Transmission,Domestic Equities,1427754.0,1500000.0,-4.8164,23.5265,24.070500000000003,-2.2600278349016465,0.962541658213001,1100,indraprastha-gas,Small Cap,Jun-2026
133272,5382.0,1,ABB India Ltd.,Capital Goods,Capital Goods,Domestic Equities,32000.0,32000.0,0.0,22.4992,23.2096,-3.0608024265821023,0.920511647566189,1100,abb-india,Large Cap,Jun-2026
152370,5063.0,1,Escorts Kubota Ltd.,Automobile & Ancillaries,Automobile & Ancillaries,Domestic Equities,76258.0,82123.0,-7.141726434738136,22.3886,23.4855,-4.670541397883802,0.915986660534614,1100,escorts-kubota,Mid Cap,Jun-2026
152343,5043.0,1,Hindalco Industries Ltd.,Non - Ferrous Metals,Non - Ferrous Metals,Domestic Equities,224294.0,264294.0,-15.134660643071731,21.456,29.778,-27.94680636711667,0.877831118892234,1100,hindalco-industries,Large Cap,Jun-2026
137768,15760.0,1,Gujarat Energy Ltd.,Gas Transmission,Gas Transmission,Domestic Equities,615384.0,615384.0,0.0,20.1261,24.6861,-18.47193359825976,0.823420809187966,1100,gujarat-energy,Small Cap,Jun-2026
56723,6834.0,1,Can Fin Homes Ltd.,Finance,Finance,Domestic Equities,228601.0,238601.0,-4.191097271176567,19.8414,19.7955,0.231870879745404,0.811772854324588,1100,can-fin-homes,Small Cap,Jun-2026
19243,8235.0,1,Premier Explosives Ltd.,Chemicals,Chemicals,Domestic Equities,243393.0,300000.0,-18.869,19.616300000000003,20.7165,-5.310742644751767,0.802563319235912,1100,premier-explosives,Small Cap,Jun-2026
152886,91696.0,1,Powerica Ltd.,Capital Goods,Capital Goods,Domestic Equities,314898.0,174125.0,80.845944005743,19.4213,9.6021,102.26096374751356,0.794585267959626,1100,powerica,Small Cap,Jun-2026
133654,6850.0,1,Ultratech Cement Ltd.,Construction Materials,Construction Materials,Domestic Equities,17000.0,17000.0,0.0,19.1301,19.5194,-1.9944260581780209,0.782671378053706,1100,ultratech-cement,Large Cap,Jun-2026
133170,6243.0,1,Timken India Ltd.,Automobile & Ancillaries,Automobile & Ancillaries,Domestic Equities,50000.0,50000.0,0.0,17.4285,18.152,-3.9857866901718895,0.713053675224333,1100,timken-india,Small Cap,Jun-2026
39503,103957.0,1,Gateway Distriparks Ltd.,Logistics,Logistics,Domestic Equities,2918306.0,2968306.0,-1.6844624509737205,16.8824,16.6225,1.5635433899834568,0.690711040342387,1100,gateway-distriparks,Small Cap,Jun-2026
65953,90815.0,1,The Anup Engineering Ltd.,Capital Goods,Capital Goods,Domestic Equities,70000.0,70000.0,0.0,16.319100000000002,12.8828,26.67354922842861,0.667664700424788,1100,the-anup-engineering,Small Cap,Jun-2026
2332,112289.0,1,JSW Cement Ltd.,Construction Materials,Construction Materials,Domestic Equities,1114557.0,,,15.0376,,,0.615234583960377,1100,jsw-cement,Small Cap,Jun-2026
76083,6699.0,1,Ashoka Buildcon Ltd.,Infrastructure,Infrastructure,Domestic Equities,1138294.0,1138294.0,0.0,14.8616,13.9316,6.675471589767147,0.608033881269986,1100,ashoka-buildcon,Small Cap,Jun-2026
19032,5817.0,1,Dynamatic Technologies Ltd.,Capital Goods,Capital Goods,Domestic Equities,13809.0,15500.0,-10.90967741935484,14.3517,17.2391,-16.74913423554594,0.587172300009586,1100,dynamatic-technologies,Small Cap,Jun-2026
65831,90709.0,1,Clean Max Enviro Energy Solutions Ltd.,Power,Power,Domestic Equities,100370.0,100370.0,0.0,13.7075,11.1401,23.04647175519071,0.560816091639415,1100,clean-max-enviro-energy-solutions,Small Cap,Jun-2026
65256,86779.0,1,Acme Solar Holdings Ltd.,Power,Power,Domestic Equities,349732.0,,,13.3091,,,0.544516319185712,1100,acme-solar-holdings,Small Cap,Jun-2026
808,7339.0,1,Repco Home Finance Ltd.,Finance,Finance,Domestic Equities,288929.0,338929.0,-14.752352262568266,12.07,13.0149,-7.260140300732239,0.49382091746035,1100,repco-home-finance,Small Cap,Jun-2026
102429,100653.0,1,Global Health Ltd.,Healthcare,Healthcare,Domestic Equities,78172.0,,,10.2702,,,0.420185549834406,1100,global-health,Small Cap,Jun-2026
153691,5278.0,1,Oberoi Realty Ltd.,Realty,Realty,Domestic Equities,50000.0,50000.0,0.0,8.846,8.535499999999999,3.637748227988995,0.361917136359093,1100,oberoi-realty,Mid Cap,Jun-2026
114697,5402.0,1,JSW Energy Ltd.,Power,Power,Domestic Equities,142327.0,,,8.2998,,,0.3395704101688,1100,jsw-energy,Mid Cap,Jun-2026
133327,6870.0,1,CESC Ltd.,Power,Power,Domestic Equities,400000.0,400000.0,0.0,6.7524,7.2836,-7.293096820253721,0.276261504810213,1100,cesc,Small Cap,Jun-2026
177901,112817.0,1,Wework India Management Ltd.,Miscellaneous,Miscellaneous,Domestic Equities,91620.0,91620.0,0.0,6.3154,5.5045,14.731583250068107,0.258382487334639,1100,wework-india-management,Small Cap,Jun-2026
28396,92035.0,1,Sterling and Wilson Renewable Energy Ltd.,Infrastructure,Infrastructure,Domestic Equities,100000.0,,,2.444,,,0.0999915759961139,1100,sterling-and-wilson-renewable-energy,Small Cap,Jun-2026
76139,111824.0,1,Bansal Wire Industries Ltd.,Iron & Steel,Iron & Steel,Domestic Equities,60282.0,100640.0,-40.10135135135135,2.0517,3.2029,-35.94242717537233,0.0839413733515658,1100,bansal-wire-industries,Small Cap,Jun-2026
152372,4964.0,1,Larsen & Toubro Ltd.,Infrastructure,Infrastructure,Domestic Equities,421000.0,421000.0,0.0,171.6207,168.9894,1.5570799115210838,7.1725969630892,1100,larsen-toubro,Large Cap,May-2026
171888,8748.0,1,ICICI Bank Ltd.,Bank,Banking,Domestic Equities,845000.0,1030000.0,-17.96116504854369,106.1658,130.1302,-18.415709804488124,4.43702009526785,1100,icici-bank,Large Cap,May-2026
171520,5812.0,1,Kalpataru Projects International Ltd.,Infrastructure,Infrastructure,Domestic Equities,756994.0,778285.0,-2.7356302639778485,98.7877,97.309,1.5195922268238375,4.12866488139581,1100,kalpataru-projects-international,Small Cap,May-2026
133664,7760.0,1,NTPC Ltd.,Power,Power,Domestic Equities,2350000.0,2350000.0,0.0,90.9215,93.8003,-3.069073339850736,3.79991035335198,1100,ntpc,Large Cap,May-2026
96486,15829.0,1,Interglobe Aviation Ltd.,Aviation,Aviation,Domestic Equities,166369.0,156369.0,6.395129469396108,73.2855,67.1652,9.112308159582636,3.06284355406121,1100,interglobe-aviation,Large Cap,May-2026
640,7202.0,1,J Kumar Infraprojects Ltd.,Infrastructure,Infrastructure,Domestic Equities,1400000.0,1400000.0,0.0,70.385,72.786,-3.298711290632818,2.94162206101614,1100,j-kumar-infraprojects,Small Cap,May-2026
517,7825.0,1,Power Grid Corporation Of India Ltd.,Power,Power,Domestic Equities,2400000.0,2400000.0,0.0,69.732,76.404,-8.732527092822364,2.91433103017373,1100,power-grid-corporation-of-india,Large Cap,May-2026
154098,6604.0,1,TD Power Systems Ltd.,Capital Goods,Capital Goods,Domestic Equities,525000.0,550000.0,-4.545454545454546,69.2265,63.398500000000006,9.192646513718769,2.89320451242358,1100,td-power-systems,Small Cap,May-2026
171531,4897.0,1,Reliance Industries Ltd.,Crude Oil,Crude Oil,Domestic Equities,510000.0,530000.0,-3.7735849056603774,67.38119999999999,75.83239999999999,-11.144576724460784,2.81608331914102,1100,reliance-industries,Large Cap,May-2026
539,7794.0,1,Adani Ports and Special Economic Zone Ltd.,Logistics,Logistics,Domestic Equities,370000.0,370000.0,0.0,66.7702,61.3201,8.887950280576845,2.79054760728081,1100,adani-ports-and-special-economic-zone,Large Cap,May-2026
115643,7007.0,1,Coal India Ltd.,Mining,Mining,Domestic Equities,1300000.0,1300000.0,0.0,59.527,62.5885,-4.891473673278646,2.48783031080639,1100,coal-india,Large Cap,May-2026
152362,5226.0,1,Tata Steel Ltd.,Iron & Steel,Iron & Steel,Domestic Equities,2500000.0,2500000.0,0.0,52.005,52.84,-1.5802422407267225,2.17346103975484,1100,tata-steel,Large Cap,May-2026
137807,98607.0,1,GR Infraprojects Ltd.,Infrastructure,Infrastructure,Domestic Equities,570000.0,570000.0,0.0,51.2829,53.4204,-4.001280409731113,2.1432820912536,1100,gr-infraprojects,Small Cap,May-2026
133593,6508.0,1,Bharti Airtel Ltd.,Telecom,Telecom,Domestic Equities,280000.0,320000.0,-12.5,51.212,60.3776,-15.180464278142894,2.1403189456384,1100,bharti-airtel,Large Cap,May-2026
171875,5051.0,1,HDFC Bank Ltd.,Bank,Banking,Domestic Equities,600000.0,600000.0,0.0,44.673,46.302,-3.518206556952176,1.86703249743232,1100,hdfc-bank,Large Cap,May-2026
152334,5218.0,1,Ambuja Cements Ltd.,Construction Materials,Construction Materials,Domestic Equities,950000.0,950000.0,0.0,42.5458,42.199,0.8218204222848953,1.77812977031442,1100,ambuja-cements,Large Cap,May-2026
133350,8843.0,1,State Bank Of India,Bank,Banking,Domestic Equities,419361.0,449361.0,-6.676146795115731,40.4432,48.012,-15.764392235274508,1.69025515860038,1100,state-bank-of-india,Large Cap,May-2026
152604,5456.0,1,Power Finance Corporation Ltd.,Finance,Finance,Domestic Equities,925000.0,925000.0,0.0,39.6455,41.477,-4.41570026761819,1.65691663593117,1100,power-finance-corporation,Large Cap,May-2026
46521,101004.0,1,Delhivery Ltd.,Logistics,Logistics,Domestic Equities,800000.0,800000.0,0.0,36.188,37.364,-3.1474146237019567,1.5124162697173,1100,delhivery,Small Cap,May-2026
171400,5889.0,1,Axis Bank Ltd.,Bank,Banking,Domestic Equities,280000.0,330000.0,-15.151515151515152,36.0248,41.8539,-13.92725648028022,1.50559560167215,1100,axis-bank,Large Cap,May-2026
152241,8254.0,1,NCC Ltd.,Infrastructure,Infrastructure,Domestic Equities,2350000.0,2350000.0,0.0,35.7271,38.5024,-7.208122091090418,1.49315373355303,1100,ncc,Small Cap,May-2026
133309,5981.0,1,Bharat Electronics Ltd.,Capital Goods,Capital Goods,Domestic Equities,865000.0,675000.0,28.14814814814815,35.5299,29.112800000000004,22.04219449863976,1.48491209299847,1100,bharat-electronics,Large Cap,May-2026
152275,6296.0,1,Birla Corporation Ltd.,Construction Materials,Construction Materials,Domestic Equities,350000.0,350000.0,0.0,34.9055,31.8325,9.653655854865317,1.45881635079632,1100,birla-corporation,Small Cap,May-2026
113882,6219.0,1,Centum Electronics Ltd.,Electricals,Electricals,Domestic Equities,99411.0,99411.0,0.0,34.6348,28.311300000000003,22.33560451127288,1.4475029020229,1100,centum-electronics,Small Cap,May-2026
152256,5774.0,1,Oil & Natural Gas Corporation Ltd.,Crude Oil,Crude Oil,Domestic Equities,1300000.0,1100000.0,18.181818181818183,34.501999999999995,32.950500000000005,4.708578018542955,1.4419527505744,1100,oil-natural-gas-corporation,Large Cap,May-2026
134703,87891.0,1,Hindustan Aeronautics Ltd.,Capital Goods,Capital Goods,Domestic Equities,75000.0,75000.0,0.0,32.2785,32.541,-0.8066746565870747,1.34902532779015,1100,hindustan-aeronautics,Large Cap,May-2026
38020,6672.0,1,Apollo Hospitals Enterprise Ltd.,Healthcare,Healthcare,Domestic Equities,38856.0,43856.0,-11.4009485589201,31.7706,33.4906,-5.135769439783103,1.32779850609817,1100,apollo-hospitals-enterprise,Large Cap,May-2026
38803,5403.0,1,Indus Towers Ltd.,Telecom,Telecom,Domestic Equities,700000.0,750000.0,-6.666666666666667,30.9435,30.7463,0.641377986944764,1.29323126014141,1100,indus-towers,Mid Cap,May-2026
152486,5772.0,1,AIA Engineering Ltd.,Automobile & Ancillaries,Automobile & Ancillaries,Domestic Equities,67836.0,67836.0,0.0,30.5506,26.7925,14.026686572734906,1.27681066899595,1100,aia-engineering,Small Cap,May-2026
152554,7075.0,1,Voltamp Transformers Ltd.,Capital Goods,Capital Goods,Domestic Equities,31684.0,24684.0,28.358450818343865,30.090300000000003,28.984,3.816933480540992,1.25757320881713,1100,voltamp-transformers,Small Cap,May-2026
152343,5043.0,1,Hindalco Industries Ltd.,Non - Ferrous Metals,Non - Ferrous Metals,Domestic Equities,264294.0,284294.0,-7.034970840045868,29.778,29.5097,0.9091925705785008,1.24452115838515,1100,hindalco-industries,Large Cap,May-2026
153260,8051.0,1,Prestige Estates Projects Ltd.,Realty,Realty,Domestic Equities,209673.0,174673.0,20.03744139048393,28.7084,24.7057,16.20152434458445,1.1998190349716,1100,prestige-estates-projects,Mid Cap,May-2026
152316,5915.0,1,Tata Power Company Ltd.,Power,Power,Domestic Equities,625000.0,300000.0,108.33333333333331,26.2969,13.3365,97.17991976905483,1.09903447007651,1100,tata-power-company,Large Cap,May-2026
114515,6989.0,1,Gujarat Pipavav Port Ltd.,Logistics,Logistics,Domestic Equities,1661198.0,1661198.0,0.0,26.139,25.923,0.8332368938780197,1.0924353065696,1100,gujarat-pipavav-port,Small Cap,May-2026
75891,5355.0,1,Container Corporation Of India Ltd.,Logistics,Logistics,Domestic Equities,552608.0,360000.0,53.502222222222215,25.6217,18.3186,39.86712958413854,1.07081562777207,1100,container-corporation-of-india,Mid Cap,May-2026
137768,15760.0,1,Gujarat Energy Ltd.,Gas Transmission,Gas Transmission,Domestic Equities,615384.0,,,24.6861,,,1.03171380777794,1100,gujarat-energy,Small Cap,May-2026
216574,111935.0,1,Ceigall India Ltd.,Infrastructure,Infrastructure,Domestic Equities,700000.0,700000.0,0.0,24.300500000000003,23.702,2.5251033668045046,1.01559830778892,1100,ceigall-india,Small Cap,May-2026
139601,89162.0,1,Aavas Financiers Ltd.,Finance,Finance,Domestic Equities,179767.0,139767.0,28.619058862249315,24.1445,19.2976,25.116594809717263,1.00907855156929,1100,aavas-financiers,Small Cap,May-2026
133635,5732.0,1,Indraprastha Gas Ltd.,Gas Transmission,Gas Transmission,Domestic Equities,1500000.0,1600000.0,-6.25,24.070500000000003,26.5632,-9.384035056017346,1.00598584669587,1100,indraprastha-gas,Small Cap,May-2026
171741,5431.0,1,GAIL (India) Ltd.,Gas Transmission,Gas Transmission,Domestic Equities,1450000.0,1450000.0,0.0,23.854,23.6684,0.7841679200959906,0.996937595275685,1100,gail-india,Large Cap,May-2026
171624,5869.0,1,Blue Dart Express Ltd.,Logistics,Logistics,Domestic Equities,50000.0,50000.0,0.0,23.7075,27.3285,-13.249903946429548,0.990814875492508,1100,blue-dart-express,Small Cap,May-2026
152370,5063.0,1,Escorts Kubota Ltd.,Automobile & Ancillaries,Automobile & Ancillaries,Domestic Equities,82123.0,89948.0,-8.699470805354204,23.4855,29.1575,-19.45297093372202,0.981536760872269,1100,escorts-kubota,Mid Cap,May-2026
152605,7848.0,1,Ahluwalia Contracts (India) Ltd.,Realty,Realty,Domestic Equities,295121.0,291198.0,1.34719331863543,23.3736,25.9457,-9.913396054066762,0.976860089583958,1100,ahluwalia-contracts-india,Small Cap,May-2026
133272,5382.0,1,ABB India Ltd.,Capital Goods,Capital Goods,Domestic Equities,32000.0,,,23.2096,,,0.970005986891529,1100,abb-india,Large Cap,May-2026
695,7346.0,1,Titagarh Rail Systems Ltd.,Automobile & Ancillaries,Automobile & Ancillaries,Domestic Equities,275000.0,275000.0,0.0,22.7191,21.131,7.515498556622968,0.949506368777891,1100,titagarh-rail-systems,Small Cap,May-2026
77009,96064.0,1,Max Healthcare Institute Ltd.,Healthcare,Healthcare,Domestic Equities,235000.0,235000.0,0.0,22.6799,23.3367,-2.814451057775962,0.947868071061164,1100,max-healthcare-institute,Large Cap,May-2026
137941,15743.0,1,Power Mech Projects Ltd.,Infrastructure,Infrastructure,Domestic Equities,86635.0,11635.0,644.6067898581865,21.6648,2.8876,650.2701205153069,0.905443682993571,1100,power-mech-projects,Small Cap,May-2026
19243,8235.0,1,Premier Explosives Ltd.,Chemicals,Chemicals,Domestic Equities,300000.0,300000.0,0.0,20.7165,16.8405,23.0159437071346,0.865811087973871,1100,premier-explosives,Small Cap,May-2026
56723,6834.0,1,Can Fin Homes Ltd.,Finance,Finance,Domestic Equities,238601.0,238601.0,0.0,19.7955,20.645,-4.114797771857595,0.827319450292606,1100,can-fin-homes,Small Cap,May-2026
133654,6850.0,1,Ultratech Cement Ltd.,Construction Materials,Construction Materials,Domestic Equities,17000.0,15000.0,13.333333333333334,19.5194,17.379,12.316013579607567,0.815780317650046,1100,ultratech-cement,Large Cap,May-2026
38708,8062.0,1,Adani Power Ltd.,Power,Power,Domestic Equities,768628.0,,,18.7061,,,0.78178981935887,1100,adani-power,Large Cap,May-2026
133170,6243.0,1,Timken India Ltd.,Automobile & Ancillaries,Automobile & Ancillaries,Domestic Equities,50000.0,50000.0,0.0,18.152,17.144000000000002,5.879608026131588,0.758632146786461,1100,timken-india,Small Cap,May-2026
19032,5817.0,1,Dynamatic Technologies Ltd.,Capital Goods,Capital Goods,Domestic Equities,15500.0,18000.0,-13.88888888888889,17.2391,20.8224,-17.20887121561394,0.720479034908907,1100,dynamatic-technologies,Small Cap,May-2026
39503,103957.0,1,Gateway Distriparks Ltd.,Logistics,Logistics,Domestic Equities,2968306.0,2968306.0,0.0,16.6225,17.0292,-2.3882507692669104,0.694709280517736,1100,gateway-distriparks,Small Cap,May-2026
76083,6699.0,1,Ashoka Buildcon Ltd.,Infrastructure,Infrastructure,Domestic Equities,1138294.0,1138294.0,0.0,13.9316,15.2816,-8.834153491780965,0.582247665060062,1100,ashoka-buildcon,Small Cap,May-2026
808,7339.0,1,Repco Home Finance Ltd.,Finance,Finance,Domestic Equities,338929.0,418000.0,-18.91650717703349,13.0149,17.0293,-23.57348804707181,0.543935738607928,1100,repco-home-finance,Small Cap,May-2026
65953,90815.0,1,The Anup Engineering Ltd.,Capital Goods,Capital Goods,Domestic Equities,70000.0,70000.0,0.0,12.8828,14.4354,-10.755503830860246,0.538414842475794,1100,the-anup-engineering,Small Cap,May-2026
65831,90709.0,1,Clean Max Enviro Energy Solutions Ltd.,Power,Power,Domestic Equities,100370.0,73526.0,36.50953404237956,11.1401,8.3978,32.65498106646979,0.465581642706911,1100,clean-max-enviro-energy-solutions,,May-2026
77309,15532.0,1,Inox Wind Ltd.,Capital Goods,Capital Goods,Domestic Equities,1189743.0,1189743.0,0.0,11.067,12.0105,-7.8556263269638995,0.462526551811688,1100,inox-wind,Small Cap,May-2026
152886,91696.0,1,Powerica Ltd.,Capital Goods,Capital Goods,Domestic Equities,174125.0,,,9.6021,,,0.401303533310835,1100,powerica,,May-2026
153691,5278.0,1,Oberoi Realty Ltd.,Realty,Realty,Domestic Equities,50000.0,50000.0,0.0,8.535499999999999,8.347999999999999,2.246046957355055,0.356726789824583,1100,oberoi-realty,Mid Cap,May-2026
133327,6870.0,1,CESC Ltd.,Power,Power,Domestic Equities,400000.0,200000.0,100.0,7.2836,3.7506,94.1982616114755,0.304405746162068,1100,cesc,Small Cap,May-2026
653,111996.0,1,Afcons Infrastructure Ltd.,Infrastructure,Infrastructure,Domestic Equities,185000.0,410000.0,-54.87804878048781,6.2724,13.9277,-54.96456701393626,0.262144351999967,1100,afcons-infrastructure,Small Cap,May-2026
177901,112817.0,1,Wework India Management Ltd.,Miscellaneous,Miscellaneous,Domestic Equities,91620.0,91620.0,0.0,5.5045,5.0098,9.874645694438906,0.230051269941939,1100,wework-india-management,Small Cap,May-2026
152324,4941.0,1,ACC Ltd.,Construction Materials,Construction Materials,Domestic Equities,28536.0,51536.0,-44.6289972058367,3.993,7.3289,-45.5170625878372,0.166880683237017,1100,acc,Small Cap,May-2026
76139,111824.0,1,Bansal Wire Industries Ltd.,Iron & Steel,Iron & Steel,Domestic Equities,100640.0,75640.0,33.051295610787946,3.2029,2.2424,42.83357117374243,0.133859789716965,1100,bansal-wire-industries,Small Cap,May-2026
152372,4964.0,1,Larsen & Toubro Ltd.,Infrastructure,Infrastructure,Domestic Equities,421000.0,431000.0,-2.320185614849188,168.9894,151.0267,11.893724751980931,6.99321541066985,1100,larsen-toubro,Large Cap,Apr-2026
171888,8748.0,1,ICICI Bank Ltd.,Bank,Banking,Domestic Equities,1030000.0,1100000.0,-6.363636363636363,130.1302,132.649,-1.8988458262029808,5.38512190725306,1100,icici-bank,Large Cap,Apr-2026
171520,5812.0,1,Kalpataru Projects International Ltd.,Infrastructure,Infrastructure,Domestic Equities,778285.0,778285.0,0.0,97.309,82.31139999999999,18.22056240083391,4.02689635206038,1100,kalpataru-projects-international,Small Cap,Apr-2026
133664,7760.0,1,NTPC Ltd.,Power,Power,Domestic Equities,2350000.0,2250000.0,4.444444444444445,93.8003,83.3963,12.47537360770204,3.8816973341846,1100,ntpc,Large Cap,Apr-2026
517,7825.0,1,Power Grid Corporation Of India Ltd.,Power,Power,Domestic Equities,2400000.0,2400000.0,0.0,76.404,71.064,7.51435325903411,3.16179375887966,1100,power-grid-corporation-of-india,Large Cap,Apr-2026
171531,4897.0,1,Reliance Industries Ltd.,Crude Oil,Crude Oil,Domestic Equities,530000.0,530000.0,0.0,75.83239999999999,71.2267,6.466254929682264,3.13813948276093,1100,reliance-industries,Large Cap,Apr-2026
640,7202.0,1,J Kumar Infraprojects Ltd.,Infrastructure,Infrastructure,Domestic Equities,1400000.0,1400000.0,0.0,72.786,59.878,21.557166238017302,3.01207162627369,1100,j-kumar-infraprojects,Small Cap,Apr-2026
96486,15829.0,1,Interglobe Aviation Ltd.,Aviation,Aviation,Domestic Equities,156369.0,137000.0,14.13795620437956,67.1652,54.026,24.32014215377781,2.7794684856016,1100,interglobe-aviation,Large Cap,Apr-2026
154098,6604.0,1,TD Power Systems Ltd.,Capital Goods,Capital Goods,Domestic Equities,550000.0,600000.0,-8.333333333333332,63.398500000000006,51.081,24.11366261427928,2.62359276506901,1100,td-power-systems,Small Cap,Apr-2026
115643,7007.0,1,Coal India Ltd.,Mining,Mining,Domestic Equities,1300000.0,1400000.0,-7.142857142857142,62.5885,63.063,-0.7524221809936066,2.59007288463483,1100,coal-india,Large Cap,Apr-2026
539,7794.0,1,Adani Ports and Special Economic Zone Ltd.,Logistics,Logistics,Domestic Equities,370000.0,330000.0,12.12121212121212,61.3201,43.3158,41.56520253579526,2.53758323482903,1100,adani-ports-and-special-economic-zone,Large Cap,Apr-2026
133593,6508.0,1,Bharti Airtel Ltd.,Telecom,Telecom,Domestic Equities,320000.0,350000.0,-8.571428571428571,60.3776,62.38399999999999,-3.2162092844318964,2.49858016407692,1100,bharti-airtel,Large Cap,Apr-2026
137807,98607.0,1,GR Infraprojects Ltd.,Infrastructure,Infrastructure,Domestic Equities,570000.0,570000.0,0.0,53.4204,45.3692,17.74595981414704,2.21067335894528,1100,gr-infraprojects,Small Cap,Apr-2026
152362,5226.0,1,Tata Steel Ltd.,Iron & Steel,Iron & Steel,Domestic Equities,2500000.0,2500000.0,0.0,52.84,47.965,10.163661002814552,2.1866549162243,1100,tata-steel,Large Cap,Apr-2026
133350,8843.0,1,State Bank Of India,Bank,Banking,Domestic Equities,449361.0,494361.0,-9.10265979719274,48.012,48.4177,-0.8379167122767215,1.98685987580926,1100,state-bank-of-india,Large Cap,Apr-2026
171875,5051.0,1,HDFC Bank Ltd.,Bank,Banking,Domestic Equities,600000.0,600000.0,0.0,46.302,43.893,5.488346661198816,1.91609568378156,1100,hdfc-bank,Large Cap,Apr-2026
152334,5218.0,1,Ambuja Cements Ltd.,Construction Materials,Construction Materials,Domestic Equities,950000.0,1000000.0,-5.0,42.199,40.125,5.168847352024913,1.74630300548352,1100,ambuja-cements,Large Cap,Apr-2026
171400,5889.0,1,Axis Bank Ltd.,Bank,Banking,Domestic Equities,330000.0,360000.0,-8.333333333333332,41.8539,41.8068,0.1126610981945529,1.73202188111583,1100,axis-bank,Large Cap,Apr-2026
152604,5456.0,1,Power Finance Corporation Ltd.,Finance,Finance,Domestic Equities,925000.0,775000.0,19.35483870967742,41.477,29.4113,41.02402817964523,1.71642479107183,1100,power-finance-corporation,Large Cap,Apr-2026
152241,8254.0,1,NCC Ltd.,Infrastructure,Infrastructure,Domestic Equities,2350000.0,2350000.0,0.0,38.5024,30.7709,25.126011913853663,1.59332820299838,1100,ncc,Small Cap,Apr-2026
46521,101004.0,1,Delhivery Ltd.,Logistics,Logistics,Domestic Equities,800000.0,800000.0,0.0,37.364,33.336,12.083033357331418,1.54621828708942,1100,delhivery,Small Cap,Apr-2026
38020,6672.0,1,Apollo Hospitals Enterprise Ltd.,Healthcare,Healthcare,Domestic Equities,43856.0,43856.0,0.0,33.4906,32.5368,2.931449927466749,1.38592704650457,1100,apollo-hospitals-enterprise,Large Cap,Apr-2026
152256,5774.0,1,Oil & Natural Gas Corporation Ltd.,Crude Oil,Crude Oil,Domestic Equities,1100000.0,1100000.0,0.0,32.950500000000005,31.3115,5.2344985069383485,1.36357632129161,1100,oil-natural-gas-corporation,Large Cap,Apr-2026
134703,87891.0,1,Hindustan Aeronautics Ltd.,Capital Goods,Capital Goods,Domestic Equities,75000.0,75000.0,0.0,32.541,26.154,24.420738701537044,1.34663015951656,1100,hindustan-aeronautics,Large Cap,Apr-2026
152275,6296.0,1,Birla Corporation Ltd.,Construction Materials,Construction Materials,Domestic Equities,350000.0,350000.0,0.0,31.8325,29.2075,8.987417615338526,1.31731060977877,1100,birla-corporation,Small Cap,Apr-2026
38803,5403.0,1,Indus Towers Ltd.,Telecom,Telecom,Domestic Equities,750000.0,750000.0,0.0,30.7463,31.3613,-1.96101564667281,1.27236086394223,1100,indus-towers,Mid Cap,Apr-2026
152343,5043.0,1,Hindalco Industries Ltd.,Non - Ferrous Metals,Non - Ferrous Metals,Domestic Equities,284294.0,359294.0,-20.87427009635564,29.5097,31.777800000000003,-7.137372631207962,1.22118717981272,1100,hindalco-industries,Large Cap,Apr-2026
152370,5063.0,1,Escorts Kubota Ltd.,Automobile & Ancillaries,Automobile & Ancillaries,Domestic Equities,89948.0,104948.0,-14.292792621107598,29.1575,28.7589,1.3860057234456162,1.20661223920912,1100,escorts-kubota,Mid Cap,Apr-2026
133309,5981.0,1,Bharat Electronics Ltd.,Capital Goods,Capital Goods,Domestic Equities,675000.0,600000.0,12.5,29.112800000000004,24.039,21.10653521361122,1.20476243839998,1100,bharat-electronics,Large Cap,Apr-2026
152554,7075.0,1,Voltamp Transformers Ltd.,Capital Goods,Capital Goods,Domestic Equities,24684.0,24684.0,0.0,28.984,21.4393,35.19098104882158,1.19943236358526,1100,voltamp-transformers,Small Cap,Apr-2026
113882,6219.0,1,Centum Electronics Ltd.,Electricals,Electricals,Domestic Equities,99411.0,99411.0,0.0,28.311300000000003,27.4792,3.0281085329995063,1.17159430979752,1100,centum-electronics,Small Cap,Apr-2026
171624,5869.0,1,Blue Dart Express Ltd.,Logistics,Logistics,Domestic Equities,50000.0,50000.0,0.0,27.3285,23.735,15.140088476932794,1.13092352153739,1100,blue-dart-express,Small Cap,Apr-2026
152486,5772.0,1,AIA Engineering Ltd.,Automobile & Ancillaries,Automobile & Ancillaries,Domestic Equities,67836.0,67836.0,0.0,26.7925,24.6692,8.607089001670095,1.10874246485503,1100,aia-engineering,Small Cap,Apr-2026
133635,5732.0,1,Indraprastha Gas Ltd.,Gas Transmission,Gas Transmission,Domestic Equities,1600000.0,1600000.0,0.0,26.5632,23.2992,14.00906468891636,1.09925344191236,1100,indraprastha-gas,Small Cap,Apr-2026
152605,7848.0,1,Ahluwalia Contracts (India) Ltd.,Realty,Realty,Domestic Equities,291198.0,291198.0,0.0,25.9457,19.0837,35.9573877183146,1.07369970590236,1100,ahluwalia-contracts-india,Small Cap,Apr-2026
114515,6989.0,1,Gujarat Pipavav Port Ltd.,Logistics,Logistics,Domestic Equities,1661198.0,1661198.0,0.0,25.923,23.6538,9.593384572457705,1.07276032159884,1100,gujarat-pipavav-port,Small Cap,Apr-2026
155709,99978.0,1,Paradeep Phosphates Ltd.,Chemicals,Chemicals,Domestic Equities,2000000.0,2000000.0,0.0,25.792,21.448,20.253636702722847,1.06733920513356,1100,paradeep-phosphates,Small Cap,Apr-2026
153260,8051.0,1,Prestige Estates Projects Ltd.,Realty,Realty,Domestic Equities,174673.0,,,24.7057,,,1.02238532104017,1100,prestige-estates-projects,Mid Cap,Apr-2026
216574,111935.0,1,Ceigall India Ltd.,Infrastructure,Infrastructure,Domestic Equities,700000.0,700000.0,0.0,23.702,18.963,24.990771502399404,0.980849637099704,1100,ceigall-india,Small Cap,Apr-2026
171741,5431.0,1,GAIL (India) Ltd.,Gas Transmission,Gas Transmission,Domestic Equities,1450000.0,1450000.0,0.0,23.6684,19.968,18.531650641025653,0.979459182800213,1100,gail-india,Large Cap,Apr-2026
77009,96064.0,1,Max Healthcare Institute Ltd.,Healthcare,Healthcare,Domestic Equities,235000.0,235000.0,0.0,23.3367,22.6141,3.195351572691384,0.965732584849577,1100,max-healthcare-institute,Large Cap,Apr-2026
152503,5921.0,1,Gujarat State Petronet Ltd.,Gas Transmission,Gas Transmission,Domestic Equities,800000.0,800000.0,0.0,22.8152,18.372,24.18462878293054,0.944151575409551,1100,gujarat-state-petronet,Small Cap,Apr-2026
695,7346.0,1,Titagarh Rail Systems Ltd.,Automobile & Ancillaries,Automobile & Ancillaries,Domestic Equities,275000.0,275000.0,0.0,21.131,15.8084,33.6694415627135,0.874455053647534,1100,titagarh-rail-systems,Small Cap,Apr-2026
19032,5817.0,1,Dynamatic Technologies Ltd.,Capital Goods,Capital Goods,Domestic Equities,18000.0,18000.0,0.0,20.8224,16.218,28.390677025527182,0.861684393027799,1100,dynamatic-technologies,Small Cap,Apr-2026
56723,6834.0,1,Can Fin Homes Ltd.,Finance,Finance,Domestic Equities,238601.0,238601.0,0.0,20.645,18.8984,9.242052237226437,0.85434312538703,1100,can-fin-homes,Small Cap,Apr-2026
139601,89162.0,1,Aavas Financiers Ltd.,Finance,Finance,Domestic Equities,139767.0,122333.0,14.25126498982286,19.2976,13.1875,46.33251184834123,0.798584252674679,1100,aavas-financiers,Small Cap,Apr-2026
75891,5355.0,1,Container Corporation Of India Ltd.,Logistics,Logistics,Domestic Equities,360000.0,,,18.3186,,,0.758070718174612,1100,container-corporation-of-india,Mid Cap,Apr-2026
152376,5012.0,1,Bharat Petroleum Corporation Ltd.,Crude Oil,Crude Oil,Domestic Equities,600000.0,1000000.0,-40.0,18.027,28.1,-35.846975088967966,0.746003561218309,1100,bharat-petroleum-corporation,Large Cap,Apr-2026
133654,6850.0,1,Ultratech Cement Ltd.,Construction Materials,Construction Materials,Domestic Equities,15000.0,5000.0,200.0,17.379,5.3725,223.48068869241507,0.719187656870971,1100,ultratech-cement,Large Cap,Apr-2026
133170,6243.0,1,Timken India Ltd.,Automobile & Ancillaries,Automobile & Ancillaries,Domestic Equities,50000.0,50000.0,0.0,17.144000000000002,16.1265,6.309490590022633,0.709462753288218,1100,timken-india,Small Cap,Apr-2026
808,7339.0,1,Repco Home Finance Ltd.,Finance,Finance,Domestic Equities,418000.0,428000.0,-2.336448598130841,17.0293,14.9351,14.02200186138694,0.704716172688465,1100,repco-home-finance,Small Cap,Apr-2026
39503,103957.0,1,Gateway Distriparks Ltd.,Logistics,Logistics,Domestic Equities,2968306.0,2968306.0,0.0,17.0292,15.0048,13.491682661548309,0.704712034431621,1100,gateway-distriparks,Small Cap,Apr-2026
19243,8235.0,1,Premier Explosives Ltd.,Chemicals,Chemicals,Domestic Equities,300000.0,300000.0,0.0,16.8405,11.445,47.14285714285714,0.696903143767512,1100,premier-explosives,Small Cap,Apr-2026
76083,6699.0,1,Ashoka Buildcon Ltd.,Infrastructure,Infrastructure,Domestic Equities,1138294.0,1138294.0,0.0,15.2816,11.6254,31.45010064169836,0.632391857830683,1100,ashoka-buildcon,Small Cap,Apr-2026
65953,90815.0,1,The Anup Engineering Ltd.,Capital Goods,Capital Goods,Domestic Equities,70000.0,70000.0,0.0,14.4354,11.2259,28.5901353120908,0.597373928419082,1100,the-anup-engineering,Small Cap,Apr-2026
653,111996.0,1,Afcons Infrastructure Ltd.,Infrastructure,Infrastructure,Domestic Equities,410000.0,430000.0,-4.651162790697675,13.9277,11.6788,19.2562592047128,0.57636399842349,1100,afcons-infrastructure,Small Cap,Apr-2026
152316,5915.0,1,Tata Power Company Ltd.,Power,Power,Domestic Equities,300000.0,,,13.3365,,,0.551898623963387,1100,tata-power-company,Large Cap,Apr-2026
77309,15532.0,1,Inox Wind Ltd.,Capital Goods,Capital Goods,Domestic Equities,1189743.0,1189743.0,0.0,12.0105,8.9814,33.726367826842136,0.497025338215594,1100,inox-wind,Small Cap,Apr-2026
75947,5338.0,1,Tamil Nadu Newsprint & Papers Ltd.,Paper,Paper,Domestic Equities,608266.0,695426.0,-12.53332489725722,9.1526,8.521799999999999,7.402192025159008,0.378758095878776,1100,tamil-nadu-newsprint-papers,Small Cap,Apr-2026
65831,90709.0,1,Clean Max Enviro Energy Solutions Ltd.,Power,Power,Domestic Equities,73526.0,,,8.3978,,,0.34752253322234,1100,clean-max-enviro-energy-solutions,,Apr-2026
153691,5278.0,1,Oberoi Realty Ltd.,Realty,Realty,Domestic Equities,50000.0,50000.0,0.0,8.347999999999999,7.095,17.660324171952073,0.345461681314165,1100,oberoi-realty,Mid Cap,Apr-2026
152324,4941.0,1,ACC Ltd.,Construction Materials,Construction Materials,Domestic Equities,51536.0,65000.0,-20.71384615384616,7.3289,8.1549,-10.128879569338682,0.303288705819763,1100,acc,Small Cap,Apr-2026
177901,112817.0,1,Wework India Management Ltd.,Miscellaneous,Miscellaneous,Domestic Equities,91620.0,91620.0,0.0,5.0098,4.1719,20.08437402622307,0.207318391356936,1100,wework-india-management,Small Cap,Apr-2026
133327,6870.0,1,CESC Ltd.,Power,Power,Domestic Equities,200000.0,,,3.7506,,,0.155209461180751,1100,cesc,Small Cap,Apr-2026
137941,15743.0,1,Power Mech Projects Ltd.,Infrastructure,Infrastructure,Domestic Equities,11635.0,,,2.8876,,,0.119496304619404,1100,power-mech-projects,Small Cap,Apr-2026
76139,111824.0,1,Bansal Wire Industries Ltd.,Iron & Steel,Iron & Steel,Domestic Equities,75640.0,,,2.2424,,,0.0927962714636899,1100,bansal-wire-industries,Small Cap,Apr-2026
152372,4964.0,1,Larsen & Toubro Ltd.,Infrastructure,Infrastructure,Domestic Equities,431000.0,403500.0,6.815365551425032,151.0267,172.62939999999998,-12.513917096392612,7.08535793310015,1100,larsen-toubro,Large Cap,Mar-2026
171888,8748.0,1,ICICI Bank Ltd.,Bank,Banking,Domestic Equities,1100000.0,1100000.0,0.0,132.649,151.679,-12.546232504169993,6.22317540188458,1100,icici-bank,Large Cap,Mar-2026
133664,7760.0,1,NTPC Ltd.,Power,Power,Domestic Equities,2250000.0,2200000.0,2.272727272727273,83.3963,84.01799999999999,-0.7399604846580504,3.91250444985026,1100,ntpc,Large Cap,Mar-2026
171520,5812.0,1,Kalpataru Projects International Ltd.,Infrastructure,Infrastructure,Domestic Equities,778285.0,778285.0,0.0,82.31139999999999,96.5151,-14.716557305540798,3.86160679518641,1100,kalpataru-projects-international,Small Cap,Mar-2026
171531,4897.0,1,Reliance Industries Ltd.,Crude Oil,Crude Oil,Domestic Equities,530000.0,500000.0,6.0,71.2267,69.695,2.197718631178708,3.34157247621476,1100,reliance-industries,Large Cap,Mar-2026
517,7825.0,1,Power Grid Corporation Of India Ltd.,Power,Power,Domestic Equities,2400000.0,1600000.0,50.0,71.064,47.784,48.71923656454044,3.33393947002635,1100,power-grid-corporation-of-india,Large Cap,Mar-2026
115643,7007.0,1,Coal India Ltd.,Mining,Mining,Domestic Equities,1400000.0,1400000.0,0.0,63.063,60.291,4.597701149425284,2.95857571763863,1100,coal-india,Large Cap,Mar-2026
133593,6508.0,1,Bharti Airtel Ltd.,Telecom,Telecom,Domestic Equities,350000.0,350000.0,0.0,62.38399999999999,65.77550000000001,-5.156175171606457,2.9267207010318,1100,bharti-airtel,Large Cap,Mar-2026
640,7202.0,1,J Kumar Infraprojects Ltd.,Infrastructure,Infrastructure,Domestic Equities,1400000.0,1400000.0,0.0,59.878,74.00399999999999,-19.08815739689745,2.80915270159628,1100,j-kumar-infraprojects,Small Cap,Mar-2026
96486,15829.0,1,Interglobe Aviation Ltd.,Aviation,Aviation,Domestic Equities,137000.0,150000.0,-8.666666666666668,54.026,72.408,-25.38669760247486,2.53460843475802,1100,interglobe-aviation,Large Cap,Mar-2026
154098,6604.0,1,TD Power Systems Ltd.,Capital Goods,Capital Goods,Domestic Equities,600000.0,600000.0,0.0,51.081,54.198,-5.75113472821875,2.39644492384915,1100,td-power-systems,Small Cap,Mar-2026
133350,8843.0,1,State Bank Of India,Bank,Banking,Domestic Equities,494361.0,704361.0,-29.814257177782416,48.4177,84.64309999999999,-42.79781813284248,2.27149725709072,1100,state-bank-of-india,Large Cap,Mar-2026
152362,5226.0,1,Tata Steel Ltd.,Iron & Steel,Iron & Steel,Domestic Equities,2500000.0,2500000.0,0.0,47.965,53.0825,-9.640653699430132,2.25025901553267,1100,tata-steel,Large Cap,Mar-2026
137807,98607.0,1,GR Infraprojects Ltd.,Infrastructure,Infrastructure,Domestic Equities,570000.0,570000.0,0.0,45.3692,54.1871,-16.273061300567846,2.12847808459304,1100,gr-infraprojects,Small Cap,Mar-2026
171875,5051.0,1,HDFC Bank Ltd.,Bank,Banking,Domestic Equities,600000.0,1400000.0,-57.14285714285714,43.893,124.285,-64.68359013557549,2.05922274510113,1100,hdfc-bank,Large Cap,Mar-2026
539,7794.0,1,Adani Ports and Special Economic Zone Ltd.,Logistics,Logistics,Domestic Equities,330000.0,300000.0,10.0,43.3158,45.63,-5.071663379355688,2.03214363525509,1100,adani-ports-and-special-economic-zone,Large Cap,Mar-2026
171400,5889.0,1,Axis Bank Ltd.,Bank,Banking,Domestic Equities,360000.0,500000.0,-28.000000000000004,41.8068,69.195,-39.58118361153262,1.96134949672827,1100,axis-bank,Large Cap,Mar-2026
152334,5218.0,1,Ambuja Cements Ltd.,Construction Materials,Construction Materials,Domestic Equities,1000000.0,1000000.0,0.0,40.125,50.04,-19.814148681055155,1.88244851450534,1100,ambuja-cements,Large Cap,Mar-2026
46521,101004.0,1,Delhivery Ltd.,Logistics,Logistics,Domestic Equities,800000.0,800000.0,0.0,33.336,34.672,-3.85325334563913,1.56394526304174,1100,delhivery,Small Cap,Mar-2026
38020,6672.0,1,Apollo Hospitals Enterprise Ltd.,Healthcare,Healthcare,Domestic Equities,43856.0,43856.0,0.0,32.5368,34.302,-5.1460556235788,1.52645111094722,1100,apollo-hospitals-enterprise,Large Cap,Mar-2026
152343,5043.0,1,Hindalco Industries Ltd.,Non - Ferrous Metals,Non - Ferrous Metals,Domestic Equities,359294.0,359294.0,0.0,31.777800000000003,33.2239,-4.352589551497557,1.49084292596256,1100,hindalco-industries,Large Cap,Mar-2026
38803,5403.0,1,Indus Towers Ltd.,Telecom,Telecom,Domestic Equities,750000.0,750000.0,0.0,31.3613,34.1213,-8.088789114131057,1.47130299309548,1100,indus-towers,Mid Cap,Mar-2026
152256,5774.0,1,Oil & Natural Gas Corporation Ltd.,Crude Oil,Crude Oil,Domestic Equities,1100000.0,,,31.3115,,,1.46896664578028,1100,oil-natural-gas-corporation,Large Cap,Mar-2026
152241,8254.0,1,NCC Ltd.,Infrastructure,Infrastructure,Domestic Equities,2350000.0,2350000.0,0.0,30.7709,35.8704,-14.21645702306079,1.4436046104671,1100,ncc,Small Cap,Mar-2026
152604,5456.0,1,Power Finance Corporation Ltd.,Finance,Finance,Domestic Equities,775000.0,775000.0,0.0,29.4113,32.0695,-8.288872604811417,1.37981951388588,1100,power-finance-corporation,Large Cap,Mar-2026
152275,6296.0,1,Birla Corporation Ltd.,Construction Materials,Construction Materials,Domestic Equities,350000.0,350000.0,0.0,29.2075,35.021,-16.60003997601439,1.37025831744336,1100,birla-corporation,Small Cap,Mar-2026
152370,5063.0,1,Escorts Kubota Ltd.,Automobile & Ancillaries,Automobile & Ancillaries,Domestic Equities,104948.0,104948.0,0.0,28.7589,36.927,-22.119587293850028,1.34921242576467,1100,escorts-kubota,Mid Cap,Mar-2026
152376,5012.0,1,Bharat Petroleum Corporation Ltd.,Crude Oil,Crude Oil,Domestic Equities,1000000.0,1200000.0,-16.666666666666664,28.1,46.248000000000005,-39.24061581041342,1.31830039271277,1100,bharat-petroleum-corporation,Large Cap,Mar-2026
113882,6219.0,1,Centum Electronics Ltd.,Electricals,Electricals,Domestic Equities,99411.0,99411.0,0.0,27.4792,26.4463,3.905650317813832,1.28917580610081,1100,centum-electronics,Small Cap,Mar-2026
134703,87891.0,1,Hindustan Aeronautics Ltd.,Capital Goods,Capital Goods,Domestic Equities,75000.0,60000.0,25.0,26.154,23.4792,11.392210978227538,1.22700457192206,1100,hindustan-aeronautics,Large Cap,Mar-2026
152486,5772.0,1,AIA Engineering Ltd.,Automobile & Ancillaries,Automobile & Ancillaries,Domestic Equities,67836.0,67836.0,0.0,24.6692,26.1277,-5.582198203439258,1.15734576682954,1100,aia-engineering,Small Cap,Mar-2026
133309,5981.0,1,Bharat Electronics Ltd.,Capital Goods,Capital Goods,Domestic Equities,600000.0,500000.0,20.0,24.039,22.235,8.113334832471333,1.12778018293318,1100,bharat-electronics,Large Cap,Mar-2026
171624,5869.0,1,Blue Dart Express Ltd.,Logistics,Logistics,Domestic Equities,50000.0,50000.0,0.0,23.735,28.4125,-16.462824461064674,1.11351814309743,1100,blue-dart-express,Small Cap,Mar-2026
114515,6989.0,1,Gujarat Pipavav Port Ltd.,Logistics,Logistics,Domestic Equities,1661198.0,1661198.0,0.0,23.6538,29.3816,-19.494513573120585,1.10970867719393,1100,gujarat-pipavav-port,Small Cap,Mar-2026
133635,5732.0,1,Indraprastha Gas Ltd.,Gas Transmission,Gas Transmission,Domestic Equities,1600000.0,1600000.0,0.0,23.2992,27.3376,-14.772328221936093,1.0930727583592,1100,indraprastha-gas,Small Cap,Mar-2026
77009,96064.0,1,Max Healthcare Institute Ltd.,Healthcare,Healthcare,Domestic Equities,235000.0,135000.0,74.07407407407408,22.6141,14.7413,53.40641598773512,1.06093156266356,1100,max-healthcare-institute,Large Cap,Mar-2026
155709,99978.0,1,Paradeep Phosphates Ltd.,Chemicals,Chemicals,Domestic Equities,2000000.0,2000000.0,0.0,21.448,24.3,-11.736625514403284,1.00622444209621,1100,paradeep-phosphates,Small Cap,Mar-2026
152554,7075.0,1,Voltamp Transformers Ltd.,Capital Goods,Capital Goods,Domestic Equities,24684.0,24684.0,0.0,21.4393,22.4748,-4.607382490611715,1.00581628503512,1100,voltamp-transformers,Small Cap,Mar-2026
171741,5431.0,1,GAIL (India) Ltd.,Gas Transmission,Gas Transmission,Domestic Equities,1450000.0,750000.0,93.33333333333331,19.968,12.7148,57.04533299776637,0.936790827106358,1100,gail-india,Large Cap,Mar-2026
152605,7848.0,1,Ahluwalia Contracts (India) Ltd.,Realty,Realty,Domestic Equities,291198.0,275383.0,5.742910782437551,19.0837,21.2788,-10.315901272628166,0.89530424214992,1100,ahluwalia-contracts-india,Small Cap,Mar-2026
216574,111935.0,1,Ceigall India Ltd.,Infrastructure,Infrastructure,Domestic Equities,700000.0,700000.0,0.0,18.963,19.873,-4.579077139837971,0.889641649359869,1100,ceigall-india,Small Cap,Mar-2026
56723,6834.0,1,Can Fin Homes Ltd.,Finance,Finance,Domestic Equities,238601.0,238601.0,0.0,18.8984,20.1236,-6.088373849609413,0.886610965894771,1100,can-fin-homes,Small Cap,Mar-2026
152503,5921.0,1,Gujarat State Petronet Ltd.,Gas Transmission,Gas Transmission,Domestic Equities,800000.0,800000.0,0.0,18.372,24.38,-24.64315012305168,0.86191511796865,1100,gujarat-state-petronet,Small Cap,Mar-2026
19032,5817.0,1,Dynamatic Technologies Ltd.,Capital Goods,Capital Goods,Domestic Equities,18000.0,18000.0,0.0,16.218,18.054,-10.169491525423735,0.760861059395578,1100,dynamatic-technologies,Small Cap,Mar-2026
133170,6243.0,1,Timken India Ltd.,Automobile & Ancillaries,Automobile & Ancillaries,Domestic Equities,50000.0,50000.0,0.0,16.1265,17.3645,-7.129488323879175,0.756568373063435,1100,timken-india,Small Cap,Mar-2026
695,7346.0,1,Titagarh Rail Systems Ltd.,Automobile & Ancillaries,Automobile & Ancillaries,Domestic Equities,275000.0,275000.0,0.0,15.8084,19.2761,-17.98963483277219,0.741644837301089,1100,titagarh-rail-systems,Small Cap,Mar-2026
39503,103957.0,1,Gateway Distriparks Ltd.,Logistics,Logistics,Domestic Equities,2968306.0,2968306.0,0.0,15.0048,17.4655,-14.088918152930058,0.703944260945787,1100,gateway-distriparks,Small Cap,Mar-2026
808,7339.0,1,Repco Home Finance Ltd.,Finance,Finance,Domestic Equities,428000.0,428000.0,0.0,14.9351,16.3004,-8.375868076857008,0.700674312996603,1100,repco-home-finance,Small Cap,Mar-2026
139601,89162.0,1,Aavas Financiers Ltd.,Finance,Finance,Domestic Equities,122333.0,97333.0,25.68501946924476,13.1875,12.5131,5.38955174976625,0.618686349782907,1100,aavas-financiers,Small Cap,Mar-2026
653,111996.0,1,Afcons Infrastructure Ltd.,Infrastructure,Infrastructure,Domestic Equities,430000.0,430000.0,0.0,11.6788,12.5625,-7.034427860696509,0.547906285637507,1100,afcons-infrastructure,Small Cap,Mar-2026
76083,6699.0,1,Ashoka Buildcon Ltd.,Infrastructure,Infrastructure,Domestic Equities,1138294.0,1138294.0,0.0,11.6254,14.8001,-21.450530739657168,0.545401045745305,1100,ashoka-buildcon,Small Cap,Mar-2026
19243,8235.0,1,Premier Explosives Ltd.,Chemicals,Chemicals,Domestic Equities,300000.0,300000.0,0.0,11.445,16.1295,-29.04305775132521,0.536937651053298,1100,premier-explosives,Small Cap,Mar-2026
65953,90815.0,1,The Anup Engineering Ltd.,Capital Goods,Capital Goods,Domestic Equities,70000.0,70000.0,0.0,11.2259,10.998399999999998,2.0684826883910388,0.526658661158517,1100,the-anup-engineering,Small Cap,Mar-2026
77309,15532.0,1,Inox Wind Ltd.,Capital Goods,Capital Goods,Domestic Equities,1189743.0,1489743.0,-20.137701603565176,8.9814,13.725,-34.56174863387978,0.421358830858025,1100,inox-wind,Small Cap,Mar-2026
75947,5338.0,1,Tamil Nadu Newsprint & Papers Ltd.,Paper,Paper,Domestic Equities,695426.0,695426.0,0.0,8.521799999999999,9.5093,-10.38457089375664,0.399796878527392,1100,tamil-nadu-newsprint-papers,Small Cap,Mar-2026
152324,4941.0,1,ACC Ltd.,Construction Materials,Construction Materials,Domestic Equities,65000.0,85000.0,-23.52941176470588,8.1549,13.5354,-39.751318764129614,0.382583910054569,1100,acc,Small Cap,Mar-2026
153691,5278.0,1,Oberoi Realty Ltd.,Realty,Realty,Domestic Equities,50000.0,50000.0,0.0,7.095,7.614,-6.816390858944048,0.332859120508794,1100,oberoi-realty,Mid Cap,Mar-2026
133654,6850.0,1,Ultratech Cement Ltd.,Construction Materials,Construction Materials,Domestic Equities,5000.0,,,5.3725,,,0.252048713873643,1100,ultratech-cement,Large Cap,Mar-2026
177901,112817.0,1,Wework India Management Ltd.,Miscellaneous,Miscellaneous,Domestic Equities,91620.0,91620.0,0.0,4.1719,4.5471,-8.25141298849816,0.19572303944336,1100,wework-india-management,Small Cap,Mar-2026
202693,106086.0,1,IKIO Technologies Ltd.,Electricals,Electricals,Domestic Equities,221908.0,341759.0,-35.06886431666759,2.3817,4.852,-50.91302555647156,0.11173651406847,1100,ikio-technologies,Small Cap,Mar-2026
229592,113102.0,1,KSH International Ltd.,Capital Goods,Capital Goods,Domestic Equities,11110.0,11110.0,0.0,0.4875,0.4155,17.328519855595676,0.0228708698024013,1100,ksh-international,Small Cap,Mar-2026
58513,104175.0,1,Aadhar Housing Finance Ltd.,Finance,Finance,Domestic Equities,10000.0,,,0.4489,,,0.0210599660600984,1100,aadhar-housing-finance,Small Cap,Mar-2026
152372,4964.0,1,Larsen & Toubro Ltd.,Infrastructure,Infrastructure,Domestic Equities,403500.0,403500.0,0.0,172.62939999999998,158.6683,8.798922027903487,7.14107542826952,1100,larsen-toubro,Large Cap,Feb-2026
171888,8748.0,1,ICICI Bank Ltd.,Bank,Banking,Domestic Equities,1100000.0,1100000.0,0.0,151.679,149.05,1.7638376383763814,6.27443054244812,1100,icici-bank,Large Cap,Feb-2026
171875,5051.0,1,HDFC Bank Ltd.,Bank,Banking,Domestic Equities,1400000.0,1400000.0,0.0,124.285,130.095,-4.465967177831585,5.14123642671803,1100,hdfc-bank,Large Cap,Feb-2026
171520,5812.0,1,Kalpataru Projects International Ltd.,Infrastructure,Infrastructure,Domestic Equities,778285.0,758285.0,2.637530743717732,96.5151,86.74780000000001,11.259420988197968,3.99249264069142,1100,kalpataru-projects-international,Small Cap,Feb-2026
133350,8843.0,1,State Bank Of India,Bank,Banking,Domestic Equities,704361.0,704361.0,0.0,84.64309999999999,75.87020000000001,11.56303792529872,3.50138945963179,1100,state-bank-of-india,Large Cap,Feb-2026
133664,7760.0,1,NTPC Ltd.,Power,Power,Domestic Equities,2200000.0,2200000.0,0.0,84.01799999999999,78.32,7.275280898876395,3.47553125558189,1100,ntpc,Large Cap,Feb-2026
640,7202.0,1,J Kumar Infraprojects Ltd.,Infrastructure,Infrastructure,Domestic Equities,1400000.0,1400000.0,0.0,74.00399999999999,80.017,-7.514653136208558,3.06128704608634,1100,j-kumar-infraprojects,Small Cap,Feb-2026
96486,15829.0,1,Interglobe Aviation Ltd.,Aviation,Aviation,Domestic Equities,150000.0,150000.0,0.0,72.408,68.9475,5.019036223213317,2.99526609957597,1100,interglobe-aviation,Large Cap,Feb-2026
171531,4897.0,1,Reliance Industries Ltd.,Crude Oil,Crude Oil,Domestic Equities,500000.0,500000.0,0.0,69.695,69.77,-0.1074960584778558,2.8830387638099,1100,reliance-industries,Large Cap,Feb-2026
171400,5889.0,1,Axis Bank Ltd.,Bank,Banking,Domestic Equities,500000.0,500000.0,0.0,69.195,68.52,0.9851138353765324,2.86235550989061,1100,axis-bank,Large Cap,Feb-2026
133593,6508.0,1,Bharti Airtel Ltd.,Telecom,Telecom,Domestic Equities,350000.0,350000.0,0.0,65.77550000000001,68.9045,-4.541067709656113,2.72090273633658,1100,bharti-airtel,Large Cap,Feb-2026
115643,7007.0,1,Coal India Ltd.,Mining,Mining,Domestic Equities,1400000.0,1400000.0,0.0,60.291,61.705,-2.291548496880312,2.49402812409588,1100,coal-india,Large Cap,Feb-2026
154098,6604.0,1,TD Power Systems Ltd.,Capital Goods,Capital Goods,Domestic Equities,600000.0,600000.0,0.0,54.198,43.77,23.8245373543523,2.24198199183541,1100,td-power-systems,Small Cap,Feb-2026
137807,98607.0,1,GR Infraprojects Ltd.,Infrastructure,Infrastructure,Domestic Equities,570000.0,570000.0,0.0,54.1871,54.968,-1.4206447387570975,2.24153109689997,1100,gr-infraprojects,Small Cap,Feb-2026
152362,5226.0,1,Tata Steel Ltd.,Iron & Steel,Iron & Steel,Domestic Equities,2500000.0,2500000.0,0.0,53.0825,48.2825,9.9414901879563,2.19583765234147,1100,tata-steel,Large Cap,Feb-2026
152334,5218.0,1,Ambuja Cements Ltd.,Construction Materials,Construction Materials,Domestic Equities,1000000.0,1000000.0,0.0,50.04,51.015,-1.9112025874742724,2.06998005224259,1100,ambuja-cements,Large Cap,Feb-2026
517,7825.0,1,Power Grid Corporation Of India Ltd.,Power,Power,Domestic Equities,1600000.0,1600000.0,0.0,47.784,41.04,16.432748538011687,1.97665721055875,1100,power-grid-corporation-of-india,Large Cap,Feb-2026
152376,5012.0,1,Bharat Petroleum Corporation Ltd.,Crude Oil,Crude Oil,Domestic Equities,1200000.0,1200000.0,0.0,46.248000000000005,43.74,5.73388203017833,1.91311825451869,1100,bharat-petroleum-corporation,Large Cap,Feb-2026
539,7794.0,1,Adani Ports and Special Economic Zone Ltd.,Logistics,Logistics,Domestic Equities,300000.0,300000.0,0.0,45.63,42.594,7.1277644738695685,1.88755375267445,1100,adani-ports-and-special-economic-zone,Large Cap,Feb-2026
152370,5063.0,1,Escorts Kubota Ltd.,Automobile & Ancillaries,Automobile & Ancillaries,Domestic Equities,104948.0,104948.0,0.0,36.927,35.4808,4.076007305359516,1.52754103495528,1100,escorts-kubota,Mid Cap,Feb-2026
152241,8254.0,1,NCC Ltd.,Infrastructure,Infrastructure,Domestic Equities,2350000.0,2350000.0,0.0,35.8704,34.411100000000005,4.240782770675736,1.48383318277303,1100,ncc,Small Cap,Feb-2026
152275,6296.0,1,Birla Corporation Ltd.,Construction Materials,Construction Materials,Domestic Equities,350000.0,350000.0,0.0,35.021,36.953,-5.228262928584967,1.44869647101494,1100,birla-corporation,Small Cap,Feb-2026
46521,101004.0,1,Delhivery Ltd.,Logistics,Logistics,Domestic Equities,800000.0,800000.0,0.0,34.672,33.836,2.470741222366707,1.43425955977928,1100,delhivery,Small Cap,Feb-2026
38020,6672.0,1,Apollo Hospitals Enterprise Ltd.,Healthcare,Healthcare,Domestic Equities,43856.0,43856.0,0.0,34.302,30.526,12.369783135687609,1.418953951879,1100,apollo-hospitals-enterprise,Large Cap,Feb-2026
38803,5403.0,1,Indus Towers Ltd.,Telecom,Telecom,Domestic Equities,750000.0,750000.0,0.0,34.1213,33.3225,2.397179083202044,1.41147902391257,1100,indus-towers,Mid Cap,Feb-2026
152343,5043.0,1,Hindalco Industries Ltd.,Non - Ferrous Metals,Non - Ferrous Metals,Domestic Equities,359294.0,429294.0,-16.305841684253682,33.2239,41.3238,-19.60105314612888,1.37435671977823,1100,hindalco-industries,Large Cap,Feb-2026
152604,5456.0,1,Power Finance Corporation Ltd.,Finance,Finance,Domestic Equities,775000.0,700000.0,10.714285714285714,32.0695,26.5545,20.76860795722006,1.32660322312937,1100,power-finance-corporation,Large Cap,Feb-2026
114515,6989.0,1,Gujarat Pipavav Port Ltd.,Logistics,Logistics,Domestic Equities,1661198.0,1661198.0,0.0,29.3816,27.7487,5.884599999279244,1.21541418671005,1100,gujarat-pipavav-port,Small Cap,Feb-2026
171624,5869.0,1,Blue Dart Express Ltd.,Logistics,Logistics,Domestic Equities,50000.0,50000.0,0.0,28.4125,27.46,3.468681718863801,1.17532590396368,1100,blue-dart-express,Small Cap,Feb-2026
133635,5732.0,1,Indraprastha Gas Ltd.,Gas Transmission,Gas Transmission,Domestic Equities,1600000.0,1600000.0,0.0,27.3376,28.4624,-3.951880375512942,1.13086104468799,1100,indraprastha-gas,Small Cap,Feb-2026
113882,6219.0,1,Centum Electronics Ltd.,Electricals,Electricals,Domestic Equities,99411.0,99411.0,0.0,26.4463,23.1071,14.450969615399597,1.09399107625146,1100,centum-electronics,Small Cap,Feb-2026
152486,5772.0,1,AIA Engineering Ltd.,Automobile & Ancillaries,Automobile & Ancillaries,Domestic Equities,67836.0,67836.0,0.0,26.1277,27.0598,-3.4445930864234047,1.08081170685409,1100,aia-engineering,Small Cap,Feb-2026
152503,5921.0,1,Gujarat State Petronet Ltd.,Gas Transmission,Gas Transmission,Domestic Equities,800000.0,800000.0,0.0,24.38,24.368,0.049244911359152,1.0085154611046,1100,gujarat-state-petronet,Small Cap,Feb-2026
155709,99978.0,1,Paradeep Phosphates Ltd.,Chemicals,Chemicals,Domestic Equities,2000000.0,2000000.0,0.0,24.3,27.798,-12.583639110727397,1.00520614047752,1100,paradeep-phosphates,Small Cap,Feb-2026
134703,87891.0,1,Hindustan Aeronautics Ltd.,Capital Goods,Capital Goods,Domestic Equities,60000.0,80000.0,-25.0,23.4792,36.9552,-36.46577477594492,0.971252510843609,1100,hindustan-aeronautics,Large Cap,Feb-2026
152554,7075.0,1,Voltamp Transformers Ltd.,Capital Goods,Capital Goods,Domestic Equities,24684.0,24684.0,0.0,22.4748,18.2032,23.466203744396594,0.929703990370539,1100,voltamp-transformers,Small Cap,Feb-2026
133309,5981.0,1,Bharat Electronics Ltd.,Capital Goods,Capital Goods,Domestic Equities,500000.0,500000.0,0.0,22.235,22.45,-0.957683741648107,0.919784301790847,1100,bharat-electronics,Large Cap,Feb-2026
152605,7848.0,1,Ahluwalia Contracts (India) Ltd.,Realty,Realty,Domestic Equities,275383.0,240383.0,14.56009784385751,21.2788,20.7679,2.460046514091465,0.880229646995596,1100,ahluwalia-contracts-india,Small Cap,Feb-2026
56723,6834.0,1,Can Fin Homes Ltd.,Finance,Finance,Domestic Equities,238601.0,238601.0,0.0,20.1236,22.2484,-9.550349688067469,0.832443057140467,1100,can-fin-homes,Small Cap,Feb-2026
216574,111935.0,1,Ceigall India Ltd.,Infrastructure,Infrastructure,Domestic Equities,700000.0,700000.0,0.0,19.873,18.9105,5.089764945400703,0.822076610276119,1100,ceigall-india,Small Cap,Feb-2026
695,7346.0,1,Titagarh Rail Systems Ltd.,Automobile & Ancillaries,Automobile & Ancillaries,Domestic Equities,275000.0,275000.0,0.0,19.2761,22.5775,-14.622522422766032,0.79738494174727,1100,titagarh-rail-systems,Small Cap,Feb-2026
19032,5817.0,1,Dynamatic Technologies Ltd.,Capital Goods,Capital Goods,Domestic Equities,18000.0,18000.0,0.0,18.054,15.8364,14.0031825414867,0.74683093251774,1100,dynamatic-technologies,Small Cap,Feb-2026
39503,103957.0,1,Gateway Distriparks Ltd.,Logistics,Logistics,Domestic Equities,2968306.0,3000000.0,-1.0564666666666669,17.4655,17.58,-0.6513083048919253,0.722486742654735,1100,gateway-distriparks,Small Cap,Feb-2026
133170,6243.0,1,Timken India Ltd.,Automobile & Ancillaries,Automobile & Ancillaries,Domestic Equities,50000.0,50000.0,0.0,17.3645,14.708,18.061599129725327,0.718308725363038,1100,timken-india,Small Cap,Feb-2026
808,7339.0,1,Repco Home Finance Ltd.,Finance,Finance,Domestic Equities,428000.0,428000.0,0.0,16.3004,17.3019,-5.788381622827556,0.674290624372004,1100,repco-home-finance,Small Cap,Feb-2026
19243,8235.0,1,Premier Explosives Ltd.,Chemicals,Chemicals,Domestic Equities,300000.0,300000.0,0.0,16.1295,15.3675,4.958516349438753,0.667221088182391,1100,premier-explosives,Small Cap,Feb-2026
76083,6699.0,1,Ashoka Buildcon Ltd.,Infrastructure,Infrastructure,Domestic Equities,1138294.0,1138294.0,0.0,14.8001,16.9572,-12.720850140353363,0.612228452661782,1100,ashoka-buildcon,Small Cap,Feb-2026
77009,96064.0,1,Max Healthcare Institute Ltd.,Healthcare,Healthcare,Domestic Equities,135000.0,135000.0,0.0,14.7413,12.9168,14.12501548371114,0.609796102000873,1100,max-healthcare-institute,Large Cap,Feb-2026
77309,15532.0,1,Inox Wind Ltd.,Capital Goods,Capital Goods,Domestic Equities,1489743.0,1489743.0,0.0,13.725,16.0803,-14.647114792634463,0.567755320084523,1100,inox-wind,Small Cap,Feb-2026
152324,4941.0,1,ACC Ltd.,Construction Materials,Construction Materials,Domestic Equities,85000.0,85000.0,0.0,13.5354,13.9137,-2.7189029517669585,0.559912230198328,1100,acc,Small Cap,Feb-2026
171741,5431.0,1,GAIL (India) Ltd.,Gas Transmission,Gas Transmission,Domestic Equities,750000.0,150000.0,400.0,12.7148,2.5094,406.68685741611534,0.525966873865989,1100,gail-india,Large Cap,Feb-2026
653,111996.0,1,Afcons Infrastructure Ltd.,Infrastructure,Infrastructure,Domestic Equities,430000.0,430000.0,0.0,12.5625,14.2588,-11.896513030549562,0.519666754722173,1100,afcons-infrastructure,Small Cap,Feb-2026
139601,89162.0,1,Aavas Financiers Ltd.,Finance,Finance,Domestic Equities,97333.0,52333.0,85.98780883954676,12.5131,7.6474,63.62554593718126,0.517623249234947,1100,aavas-financiers,Small Cap,Feb-2026
65953,90815.0,1,The Anup Engineering Ltd.,Capital Goods,Capital Goods,Domestic Equities,70000.0,70000.0,0.0,10.998399999999998,12.3984,-11.291779584462512,0.454965399811848,1100,the-anup-engineering,Small Cap,Feb-2026
75947,5338.0,1,Tamil Nadu Newsprint & Papers Ltd.,Paper,Paper,Domestic Equities,695426.0,700000.0,-0.6534285714285715,9.5093,9.3051,2.1944954917195902,0.393366532989418,1100,tamil-nadu-newsprint-papers,Small Cap,Feb-2026
153691,5278.0,1,Oberoi Realty Ltd.,Realty,Realty,Domestic Equities,50000.0,50000.0,0.0,7.614,7.4545,2.1396471929706795,0.314964590682955,1100,oberoi-realty,Mid Cap,Feb-2026
202693,106086.0,1,IKIO Technologies Ltd.,Electricals,Electricals,Domestic Equities,341759.0,559175.0,-38.88156659364242,4.852,8.356900000000001,-41.94019313381757,0.200710296032795,1100,ikio-technologies,Small Cap,Feb-2026
177901,112817.0,1,Wework India Management Ltd.,Miscellaneous,Miscellaneous,Domestic Equities,91620.0,34620.0,164.64471403812826,4.5471,1.9751,130.22125462001924,0.188097647792811,1100,wework-india-management,Small Cap,Feb-2026
229592,113102.0,1,KSH International Ltd.,Capital Goods,Capital Goods,Domestic Equities,11110.0,,,0.4155,,,0.0171877840069304,1100,ksh-international,Small Cap,Feb-2026
152372,4964.0,1,Larsen & Toubro Ltd.,Infrastructure,Infrastructure,Domestic Equities,403500.0,397500.0,1.509433962264151,158.6683,162.3191,-2.249149976804947,6.70561008245153,1100,larsen-toubro,Large Cap,Jan-2026
171888,8748.0,1,ICICI Bank Ltd.,Bank,Banking,Domestic Equities,1100000.0,1100000.0,0.0,149.05,147.719,0.9010350733487252,6.29912328290781,1100,icici-bank,Large Cap,Jan-2026
171875,5051.0,1,HDFC Bank Ltd.,Bank,Banking,Domestic Equities,1400000.0,1400000.0,0.0,130.095,138.768,-6.249999999999996,5.49805061046555,1100,hdfc-bank,Large Cap,Jan-2026
171520,5812.0,1,Kalpataru Projects International Ltd.,Infrastructure,Infrastructure,Domestic Equities,758285.0,758285.0,0.0,86.74780000000001,91.1762,-4.85696925294101,3.6661193339217,1100,kalpataru-projects-international,Small Cap,Jan-2026
640,7202.0,1,J Kumar Infraprojects Ltd.,Infrastructure,Infrastructure,Domestic Equities,1400000.0,1400000.0,0.0,80.017,81.585,-1.9219219219219243,3.38166352048597,1100,j-kumar-infraprojects,Small Cap,Jan-2026
133664,7760.0,1,NTPC Ltd.,Power,Power,Domestic Equities,2200000.0,2200000.0,0.0,78.32,72.501,8.02609619177666,3.30994522319584,1100,ntpc,Large Cap,Jan-2026
133350,8843.0,1,State Bank Of India,Bank,Banking,Domestic Equities,704361.0,704361.0,0.0,75.87020000000001,69.1823,9.667068021733895,3.20641223280021,1100,state-bank-of-india,Large Cap,Jan-2026
171531,4897.0,1,Reliance Industries Ltd.,Crude Oil,Crude Oil,Domestic Equities,500000.0,500000.0,0.0,69.77,78.52,-11.143657666836477,2.94860671887607,1100,reliance-industries,Large Cap,Jan-2026
96486,15829.0,1,Interglobe Aviation Ltd.,Aviation,Aviation,Domestic Equities,150000.0,150000.0,0.0,68.9475,75.8925,-9.151101887538294,2.91384637737864,1100,interglobe-aviation,Large Cap,Jan-2026
133593,6508.0,1,Bharti Airtel Ltd.,Telecom,Telecom,Domestic Equities,350000.0,350000.0,0.0,68.9045,73.696,-6.501709726443776,2.9120291194037,1100,bharti-airtel,Large Cap,Jan-2026
171400,5889.0,1,Axis Bank Ltd.,Bank,Banking,Domestic Equities,500000.0,500000.0,0.0,68.52,63.47,7.9565148889239,2.89577945216265,1100,axis-bank,Large Cap,Jan-2026
115643,7007.0,1,Coal India Ltd.,Mining,Mining,Domestic Equities,1400000.0,1400000.0,0.0,61.705,55.86,10.463659147869674,2.6077651940411,1100,coal-india,Large Cap,Jan-2026
137807,98607.0,1,GR Infraprojects Ltd.,Infrastructure,Infrastructure,Domestic Equities,570000.0,470000.0,21.27659574468085,54.968,46.9389,17.105428546472112,2.32304735736247,1100,gr-infraprojects,Small Cap,Jan-2026
152334,5218.0,1,Ambuja Cements Ltd.,Construction Materials,Construction Materials,Domestic Equities,1000000.0,1000000.0,0.0,51.015,55.635,-8.30412510110542,2.15598640910796,1100,ambuja-cements,Large Cap,Jan-2026
152362,5226.0,1,Tata Steel Ltd.,Iron & Steel,Iron & Steel,Domestic Equities,2500000.0,2500000.0,0.0,48.2825,45.02,7.246779209240338,2.04050600407243,1100,tata-steel,Large Cap,Jan-2026
154098,6604.0,1,TD Power Systems Ltd.,Capital Goods,Capital Goods,Domestic Equities,600000.0,600000.0,0.0,43.77,42.123000000000005,3.909977921800437,1.849799571237,1100,td-power-systems,Small Cap,Jan-2026
152376,5012.0,1,Bharat Petroleum Corporation Ltd.,Crude Oil,Crude Oil,Domestic Equities,1200000.0,1200000.0,0.0,43.74,46.08,-5.078125,1.84853171683588,1100,bharat-petroleum-corporation,Large Cap,Jan-2026
539,7794.0,1,Adani Ports and Special Economic Zone Ltd.,Logistics,Logistics,Domestic Equities,300000.0,300000.0,0.0,42.594,44.094,-3.401823377330249,1.80009967871302,1100,adani-ports-and-special-economic-zone,Large Cap,Jan-2026
152343,5043.0,1,Hindalco Industries Ltd.,Non - Ferrous Metals,Non - Ferrous Metals,Domestic Equities,429294.0,429294.0,0.0,41.3238,38.0655,8.559719430980808,1.74641872336951,1100,hindalco-industries,Large Cap,Jan-2026
517,7825.0,1,Power Grid Corporation Of India Ltd.,Power,Power,Domestic Equities,1600000.0,1600000.0,0.0,41.04,42.336000000000006,-3.0612244897959267,1.7344248207349,1100,power-grid-corporation-of-india,Large Cap,Jan-2026
134703,87891.0,1,Hindustan Aeronautics Ltd.,Capital Goods,Capital Goods,Domestic Equities,80000.0,80000.0,0.0,36.9552,35.1096,5.2566819331464885,1.56179376547812,1100,hindustan-aeronautics,Large Cap,Jan-2026
152275,6296.0,1,Birla Corporation Ltd.,Construction Materials,Construction Materials,Domestic Equities,350000.0,350000.0,0.0,36.953,37.2225,-0.7240244475787445,1.56170078948871,1100,birla-corporation,Small Cap,Jan-2026
152370,5063.0,1,Escorts Kubota Ltd.,Automobile & Ancillaries,Automobile & Ancillaries,Domestic Equities,104948.0,104948.0,0.0,35.4808,39.0386,-9.113544030779796,1.49948294784432,1100,escorts-kubota,Mid Cap,Jan-2026
152241,8254.0,1,NCC Ltd.,Infrastructure,Infrastructure,Domestic Equities,2350000.0,2350000.0,0.0,34.411100000000005,37.7034,-8.732103736002589,1.45427548608164,1100,ncc,Small Cap,Jan-2026
46521,101004.0,1,Delhivery Ltd.,Logistics,Logistics,Domestic Equities,800000.0,800000.0,0.0,33.836,32.308,4.729478766868878,1.42997071721213,1100,delhivery,Small Cap,Jan-2026
38803,5403.0,1,Indus Towers Ltd.,Telecom,Telecom,Domestic Equities,750000.0,750000.0,0.0,33.3225,31.4063,6.101323619783288,1.40826927604626,1100,indus-towers,Mid Cap,Jan-2026
38020,6672.0,1,Apollo Hospitals Enterprise Ltd.,Healthcare,Healthcare,Domestic Equities,43856.0,60000.0,-26.906666666666663,30.526,42.255,-27.757661815169804,1.29008411495501,1100,apollo-hospitals-enterprise,Large Cap,Jan-2026
133635,5732.0,1,Indraprastha Gas Ltd.,Gas Transmission,Gas Transmission,Domestic Equities,1600000.0,1600000.0,0.0,28.4624,31.1312,-8.572750167035004,1.20287263688316,1100,indraprastha-gas,Small Cap,Jan-2026
155709,99978.0,1,Paradeep Phosphates Ltd.,Chemicals,Chemicals,Domestic Equities,2000000.0,2000000.0,0.0,27.798,32.942,-15.61532390261671,1.17479388807965,1100,paradeep-phosphates,Small Cap,Jan-2026
114515,6989.0,1,Gujarat Pipavav Port Ltd.,Logistics,Logistics,Domestic Equities,1661198.0,1661198.0,0.0,27.7487,30.2388,-8.234784449118358,1.17271038068047,1100,gujarat-pipavav-port,Small Cap,Jan-2026
171624,5869.0,1,Blue Dart Express Ltd.,Logistics,Logistics,Domestic Equities,50000.0,50000.0,0.0,27.46,27.605,-0.5252671617460605,1.16050939516034,1100,blue-dart-express,Small Cap,Jan-2026
152486,5772.0,1,AIA Engineering Ltd.,Automobile & Ancillaries,Automobile & Ancillaries,Domestic Equities,67836.0,67836.0,0.0,27.0598,27.2531,-0.709277109759988,1.14359621744937,1100,aia-engineering,Small Cap,Jan-2026
152604,5456.0,1,Power Finance Corporation Ltd.,Finance,Finance,Domestic Equities,700000.0,700000.0,0.0,26.5545,24.878,6.738885762521088,1.12224132315314,1100,power-finance-corporation,Large Cap,Jan-2026
152503,5921.0,1,Gujarat State Petronet Ltd.,Gas Transmission,Gas Transmission,Domestic Equities,800000.0,800000.0,0.0,24.368,24.5,-0.5387755102040742,1.02983586821803,1100,gujarat-state-petronet,Small Cap,Jan-2026
113882,6219.0,1,Centum Electronics Ltd.,Electricals,Electricals,Domestic Equities,99411.0,99411.0,0.0,23.1071,23.2294,-0.5264879850534244,0.976547947738873,1100,centum-electronics,Small Cap,Jan-2026
695,7346.0,1,Titagarh Rail Systems Ltd.,Automobile & Ancillaries,Automobile & Ancillaries,Domestic Equities,275000.0,220000.0,25.0,22.5775,19.6229,15.056897808173106,0.954166091377732,1100,titagarh-rail-systems,Small Cap,Jan-2026
133309,5981.0,1,Bharat Electronics Ltd.,Capital Goods,Capital Goods,Domestic Equities,500000.0,500000.0,0.0,22.45,19.98,12.362362362362363,0.948777710172964,1100,bharat-electronics,Large Cap,Jan-2026
56723,6834.0,1,Can Fin Homes Ltd.,Finance,Finance,Domestic Equities,238601.0,238601.0,0.0,22.2484,22.1911,0.2582116253813474,0.940257728597424,1100,can-fin-homes,Small Cap,Jan-2026
152605,7848.0,1,Ahluwalia Contracts (India) Ltd.,Realty,Realty,Domestic Equities,240383.0,130383.0,84.36682696363789,20.7679,12.7854,62.43449559653981,0.877689113902053,1100,ahluwalia-contracts-india,Small Cap,Jan-2026
216574,111935.0,1,Ceigall India Ltd.,Infrastructure,Infrastructure,Domestic Equities,700000.0,700000.0,0.0,18.9105,18.8174,0.4947548545495097,0.799192021747253,1100,ceigall-india,Small Cap,Jan-2026
152554,7075.0,1,Voltamp Transformers Ltd.,Capital Goods,Capital Goods,Domestic Equities,24684.0,24684.0,0.0,18.2032,19.3819,-6.081447123347046,0.769300241150133,1100,voltamp-transformers,Small Cap,Jan-2026
39503,103957.0,1,Gateway Distriparks Ltd.,Logistics,Logistics,Domestic Equities,3000000.0,3000000.0,0.0,17.58,17.898,-1.776734830707339,0.742962679057492,1100,gateway-distriparks,Small Cap,Jan-2026
808,7339.0,1,Repco Home Finance Ltd.,Finance,Finance,Domestic Equities,428000.0,428000.0,0.0,17.3019,17.7556,-2.5552501745927985,0.731209668759091,1100,repco-home-finance,Small Cap,Jan-2026
76083,6699.0,1,Ashoka Buildcon Ltd.,Infrastructure,Infrastructure,Domestic Equities,1138294.0,1138294.0,0.0,16.9572,19.1757,-11.569329933196698,0.7166420216902,1100,ashoka-buildcon,Small Cap,Jan-2026
77309,15532.0,1,Inox Wind Ltd.,Capital Goods,Capital Goods,Domestic Equities,1489743.0,1489743.0,0.0,16.0803,18.4028,-12.620362118808009,0.679582637545403,1100,inox-wind,Small Cap,Jan-2026
19032,5817.0,1,Dynamatic Technologies Ltd.,Capital Goods,Capital Goods,Domestic Equities,18000.0,18000.0,0.0,15.8364,16.869600000000002,-6.124626547161754,0.669274981264282,1100,dynamatic-technologies,Small Cap,Jan-2026
19243,8235.0,1,Premier Explosives Ltd.,Chemicals,Chemicals,Domestic Equities,300000.0,300000.0,0.0,15.3675,15.7425,-2.38208670795617,0.649458416974745,1100,premier-explosives,Small Cap,Jan-2026
133170,6243.0,1,Timken India Ltd.,Automobile & Ancillaries,Automobile & Ancillaries,Domestic Equities,50000.0,50000.0,0.0,14.708,15.0155,-2.0478838533515367,0.621586751056746,1100,timken-india,Small Cap,Jan-2026
653,111996.0,1,Afcons Infrastructure Ltd.,Infrastructure,Infrastructure,Domestic Equities,430000.0,430000.0,0.0,14.2588,16.6367,-14.293098991987591,0.602602744490613,1100,afcons-infrastructure,Small Cap,Jan-2026
152324,4941.0,1,ACC Ltd.,Construction Materials,Construction Materials,Domestic Equities,85000.0,85000.0,0.0,13.9137,14.7705,-5.800751497918152,0.588018192696373,1100,acc,Small Cap,Jan-2026
77009,96064.0,1,Max Healthcare Institute Ltd.,Healthcare,Healthcare,Domestic Equities,135000.0,,,12.9168,,,0.545887390947088,1100,max-healthcare-institute,Large Cap,Jan-2026
65953,90815.0,1,The Anup Engineering Ltd.,Capital Goods,Capital Goods,Domestic Equities,70000.0,70000.0,0.0,12.3984,15.7017,-21.03784940484152,0.5239788668957,1100,the-anup-engineering,Small Cap,Jan-2026
75947,5338.0,1,Tamil Nadu Newsprint & Papers Ltd.,Paper,Paper,Domestic Equities,700000.0,700000.0,0.0,9.3051,10.0499,-7.411019015114579,0.393250399596011,1100,tamil-nadu-newsprint-papers,Small Cap,Jan-2026
202693,106086.0,1,IKIO Technologies Ltd.,Electricals,Electricals,Domestic Equities,559175.0,625000.0,-10.532,8.356900000000001,11.3588,-26.42796774307145,0.353177748157882,1100,ikio-technologies,Small Cap,Jan-2026
139601,89162.0,1,Aavas Financiers Ltd.,Finance,Finance,Domestic Equities,52333.0,,,7.6474,,,0.323192991571346,1100,aavas-financiers,Small Cap,Jan-2026
153691,5278.0,1,Oberoi Realty Ltd.,Realty,Realty,Domestic Equities,50000.0,,,7.4545,,,0.315040687772132,1100,oberoi-realty,Mid Cap,Jan-2026
171741,5431.0,1,GAIL (India) Ltd.,Gas Transmission,Gas Transmission,Domestic Equities,150000.0,,,2.5094,,,0.106051794472518,1100,gail-india,Large Cap,Jan-2026
177901,112817.0,1,Wework India Management Ltd.,Miscellaneous,Miscellaneous,Domestic Equities,34620.0,34620.0,0.0,1.9751,2.0933,-5.646586729088053,0.0834713075885354,1100,wework-india-management,Small Cap,Jan-2026
152372,4964.0,1,Larsen & Toubro Ltd.,Infrastructure,Infrastructure,Domestic Equities,397500.0,380000.0,4.605263157894736,162.3191,154.6448,4.96253349611497,6.6194707313944,1100,larsen-toubro,Large Cap,Dec-2025
171888,8748.0,1,ICICI Bank Ltd.,Bank,Banking,Domestic Equities,1100000.0,1100000.0,0.0,147.719,152.768,-3.3050115207373247,6.02406985358377,1100,icici-bank,Large Cap,Dec-2025
171875,5051.0,1,HDFC Bank Ltd.,Bank,Banking,Domestic Equities,1400000.0,1400000.0,0.0,138.768,141.064,-1.6276300119094904,5.65904267861354,1100,hdfc-bank,Large Cap,Dec-2025
171520,5812.0,1,Kalpataru Projects International Ltd.,Infrastructure,Infrastructure,Domestic Equities,758285.0,758285.0,0.0,91.1762,90.9715,0.2250155268408365,3.71822038995881,1100,kalpataru-projects-international,Small Cap,Dec-2025
640,7202.0,1,J Kumar Infraprojects Ltd.,Infrastructure,Infrastructure,Domestic Equities,1400000.0,1400000.0,0.0,81.585,82.03299999999999,-0.5461216827374261,3.32708547312554,1100,j-kumar-infraprojects,Small Cap,Dec-2025
171531,4897.0,1,Reliance Industries Ltd.,Crude Oil,Crude Oil,Domestic Equities,500000.0,500000.0,0.0,78.52,78.375,0.1850079744816587,3.20209292578069,1100,reliance-industries,Large Cap,Dec-2025
96486,15829.0,1,Interglobe Aviation Ltd.,Aviation,Aviation,Domestic Equities,150000.0,150000.0,0.0,75.8925,88.5225,-14.267559095145302,3.09494189212699,1100,interglobe-aviation,Large Cap,Dec-2025
133593,6508.0,1,Bharti Airtel Ltd.,Telecom,Telecom,Domestic Equities,350000.0,350000.0,0.0,73.696,73.556,0.1903311762466692,3.00536729824674,1100,bharti-airtel,Large Cap,Dec-2025
133664,7760.0,1,NTPC Ltd.,Power,Power,Domestic Equities,2200000.0,2200000.0,0.0,72.501,71.819,0.9496094348292335,2.9566344779932,1100,ntpc,Large Cap,Dec-2025
133350,8843.0,1,State Bank Of India,Bank,Banking,Domestic Equities,704361.0,704361.0,0.0,69.1823,68.95689999999999,0.3268708425117713,2.82129589173761,1100,state-bank-of-india,Large Cap,Dec-2025
171400,5889.0,1,Axis Bank Ltd.,Bank,Banking,Domestic Equities,500000.0,500000.0,0.0,63.47,63.985,-0.8048761428459795,2.58834485480515,1100,axis-bank,Large Cap,Dec-2025
115643,7007.0,1,Coal India Ltd.,Mining,Mining,Domestic Equities,1400000.0,1400000.0,0.0,55.86,52.661,6.074704240329648,2.27800446808596,1100,coal-india,Large Cap,Dec-2025
152334,5218.0,1,Ambuja Cements Ltd.,Construction Materials,Construction Materials,Domestic Equities,1000000.0,1000000.0,0.0,55.635,55.02,1.1177753544165758,2.26882883247337,1100,ambuja-cements,Large Cap,Dec-2025
137807,98607.0,1,GR Infraprojects Ltd.,Infrastructure,Infrastructure,Domestic Equities,470000.0,470000.0,0.0,46.9389,50.5203,-7.08903153781746,1.91419663313713,1100,gr-infraprojects,Small Cap,Dec-2025
152376,5012.0,1,Bharat Petroleum Corporation Ltd.,Crude Oil,Crude Oil,Domestic Equities,1200000.0,1200000.0,0.0,46.08,43.092,6.934001670843781,1.87917017345866,1100,bharat-petroleum-corporation,Large Cap,Dec-2025
152362,5226.0,1,Tata Steel Ltd.,Iron & Steel,Iron & Steel,Domestic Equities,2500000.0,2500000.0,0.0,45.02,41.99,7.216003810431055,1.83594273457268,1100,tata-steel,Large Cap,Dec-2025
539,7794.0,1,Adani Ports and Special Economic Zone Ltd.,Logistics,Logistics,Domestic Equities,300000.0,300000.0,0.0,44.094,45.507,-3.105016810600571,1.79817989645153,1100,adani-ports-and-special-economic-zone,Large Cap,Dec-2025
517,7825.0,1,Power Grid Corporation Of India Ltd.,Power,Power,Domestic Equities,1600000.0,1600000.0,0.0,42.336000000000006,43.192,-1.981848490461184,1.72648759686515,1100,power-grid-corporation-of-india,Large Cap,Dec-2025
38020,6672.0,1,Apollo Hospitals Enterprise Ltd.,Healthcare,Healthcare,Domestic Equities,60000.0,60000.0,0.0,42.255,44.013000000000005,-3.994274418921686,1.72318436804461,1100,apollo-hospitals-enterprise,Large Cap,Dec-2025
154098,6604.0,1,TD Power Systems Ltd.,Capital Goods,Capital Goods,Domestic Equities,600000.0,600000.0,0.0,42.123000000000005,46.617,-9.640259990990405,1.71780132848523,1100,td-power-systems,Small Cap,Dec-2025
152370,5063.0,1,Escorts Kubota Ltd.,Automobile & Ancillaries,Automobile & Ancillaries,Domestic Equities,104948.0,104948.0,0.0,39.0386,40.0628,-2.556486316483124,1.59201763744756,1100,escorts-kubota,Mid Cap,Dec-2025
152343,5043.0,1,Hindalco Industries Ltd.,Non - Ferrous Metals,Non - Ferrous Metals,Domestic Equities,429294.0,429294.0,0.0,38.0655,34.7041,9.68588725827785,1.55233403293817,1100,hindalco-industries,Large Cap,Dec-2025
152241,8254.0,1,NCC Ltd.,Infrastructure,Infrastructure,Domestic Equities,2350000.0,2100000.0,11.904761904761903,37.7034,35.9961,4.743013826497871,1.5375673766923,1100,ncc,Small Cap,Dec-2025
152275,6296.0,1,Birla Corporation Ltd.,Construction Materials,Construction Materials,Domestic Equities,350000.0,350000.0,0.0,37.2225,39.2035,-5.0531202571198985,1.51795598484299,1100,birla-corporation,Small Cap,Dec-2025
134703,87891.0,1,Hindustan Aeronautics Ltd.,Capital Goods,Capital Goods,Domestic Equities,80000.0,80000.0,0.0,35.1096,36.3392,-3.383673828812963,1.43179064935035,1100,hindustan-aeronautics,Large Cap,Dec-2025
155709,99978.0,1,Paradeep Phosphates Ltd.,Chemicals,Chemicals,Domestic Equities,2000000.0,2000000.0,0.0,32.942,31.718000000000004,3.8590075036256897,1.34339461488879,1100,paradeep-phosphates,Small Cap,Dec-2025
46521,101004.0,1,Delhivery Ltd.,Logistics,Logistics,Domestic Equities,800000.0,800000.0,0.0,32.308,34.096,-5.244016893477233,1.31753971276264,1100,delhivery,Small Cap,Dec-2025
38803,5403.0,1,Indus Towers Ltd.,Telecom,Telecom,Domestic Equities,750000.0,750000.0,0.0,31.4063,30.0788,4.413407449765283,1.28076784328765,1100,indus-towers,Mid Cap,Dec-2025
133635,5732.0,1,Indraprastha Gas Ltd.,Gas Transmission,Gas Transmission,Domestic Equities,1600000.0,1600000.0,0.0,31.1312,31.9008,-2.412478683920153,1.26954909947865,1100,indraprastha-gas,Small Cap,Dec-2025
114515,6989.0,1,Gujarat Pipavav Port Ltd.,Logistics,Logistics,Domestic Equities,1661198.0,1768836.0,-6.085244759830759,30.2388,31.6126,-4.345735561137018,1.23315648960898,1100,gujarat-pipavav-port,Small Cap,Dec-2025
171624,5869.0,1,Blue Dart Express Ltd.,Logistics,Logistics,Domestic Equities,50000.0,50000.0,0.0,27.605,28.595,-3.462143731421577,1.12574853815812,1100,blue-dart-express,Small Cap,Dec-2025
152486,5772.0,1,AIA Engineering Ltd.,Automobile & Ancillaries,Automobile & Ancillaries,Domestic Equities,67836.0,67836.0,0.0,27.2531,26.2023,4.010334970594181,1.11139784406003,1100,aia-engineering,Small Cap,Dec-2025
152604,5456.0,1,Power Finance Corporation Ltd.,Finance,Finance,Domestic Equities,700000.0,700000.0,0.0,24.878,25.389,-2.0126826578439445,1.01453983453352,1100,power-finance-corporation,Large Cap,Dec-2025
152503,5921.0,1,Gujarat State Petronet Ltd.,Gas Transmission,Gas Transmission,Domestic Equities,800000.0,800000.0,0.0,24.5,23.0,6.521739130434782,0.999124766704367,1100,gujarat-state-petronet,Small Cap,Dec-2025
113882,6219.0,1,Centum Electronics Ltd.,Electricals,Electricals,Domestic Equities,99411.0,99411.0,0.0,23.2294,23.5027,-1.1628451199223888,0.947308932884997,1100,centum-electronics,Small Cap,Dec-2025
56723,6834.0,1,Can Fin Homes Ltd.,Finance,Finance,Domestic Equities,238601.0,238601.0,0.0,22.1911,21.105500000000003,5.143682926251448,0.904966433078093,1100,can-fin-homes,Small Cap,Dec-2025
133309,5981.0,1,Bharat Electronics Ltd.,Capital Goods,Capital Goods,Domestic Equities,500000.0,500000.0,0.0,19.98,20.5875,-2.950819672131148,0.814796442398092,1100,bharat-electronics,Large Cap,Dec-2025
695,7346.0,1,Titagarh Rail Systems Ltd.,Automobile & Ancillaries,Automobile & Ancillaries,Domestic Equities,220000.0,220000.0,0.0,19.6229,18.1874,7.892826902141039,0.800233689165842,1100,titagarh-rail-systems,Small Cap,Dec-2025
152554,7075.0,1,Voltamp Transformers Ltd.,Capital Goods,Capital Goods,Domestic Equities,24684.0,24684.0,0.0,19.3819,20.1409,-3.768451260867184,0.790405563909689,1100,voltamp-transformers,Small Cap,Dec-2025
76083,6699.0,1,Ashoka Buildcon Ltd.,Infrastructure,Infrastructure,Domestic Equities,1138294.0,1333350.0,-14.629017137285786,19.1757,23.7016,-19.09533533601107,0.781996603628283,1100,ashoka-buildcon,Small Cap,Dec-2025
216574,111935.0,1,Ceigall India Ltd.,Infrastructure,Infrastructure,Domestic Equities,700000.0,700000.0,0.0,18.8174,16.950499999999998,11.01383440016519,0.767384913672766,1100,ceigall-india,Small Cap,Dec-2025
77309,15532.0,1,Inox Wind Ltd.,Capital Goods,Capital Goods,Domestic Equities,1489743.0,1489743.0,0.0,18.4028,20.037,-8.15591156360733,0.750477275783965,1100,inox-wind,Small Cap,Dec-2025
39503,103957.0,1,Gateway Distriparks Ltd.,Logistics,Logistics,Domestic Equities,3000000.0,3000000.0,0.0,17.898,17.652,1.3936097892590025,0.729891227529582,1100,gateway-distriparks,Small Cap,Dec-2025
808,7339.0,1,Repco Home Finance Ltd.,Finance,Finance,Domestic Equities,428000.0,428000.0,0.0,17.7556,17.8733,-0.6585241673333958,0.72408406970188,1100,repco-home-finance,Small Cap,Dec-2025
19032,5817.0,1,Dynamatic Technologies Ltd.,Capital Goods,Capital Goods,Domestic Equities,18000.0,18000.0,0.0,16.869600000000002,16.6455,1.346309813463103,0.687952455689632,1100,dynamatic-technologies,Small Cap,Dec-2025
653,111996.0,1,Afcons Infrastructure Ltd.,Infrastructure,Infrastructure,Domestic Equities,430000.0,430000.0,0.0,16.6367,17.3763,-4.256372185102699,0.678454653315533,1100,afcons-infrastructure,Small Cap,Dec-2025
19243,8235.0,1,Premier Explosives Ltd.,Chemicals,Chemicals,Domestic Equities,300000.0,300000.0,0.0,15.7425,15.909,-1.0465774090137714,0.641988638360959,1100,premier-explosives,Small Cap,Dec-2025
65953,90815.0,1,The Anup Engineering Ltd.,Capital Goods,Capital Goods,Domestic Equities,70000.0,70000.0,0.0,15.7017,15.818599999999998,-0.739003451632877,0.640324789769876,1100,the-anup-engineering,Small Cap,Dec-2025
133170,6243.0,1,Timken India Ltd.,Automobile & Ancillaries,Automobile & Ancillaries,Domestic Equities,50000.0,50000.0,0.0,15.0155,15.772,-4.796474765407057,0.612341140181609,1100,timken-india,Small Cap,Dec-2025
152324,4941.0,1,ACC Ltd.,Construction Materials,Construction Materials,Domestic Equities,85000.0,150000.0,-43.333333333333336,14.7705,27.759,-46.79023019561224,0.602349892514566,1100,acc,Small Cap,Dec-2025
58595,86782.0,1,Indian Energy Exchange Ltd.,Power,Power,Domestic Equities,1000000.0,1200000.0,-16.666666666666664,13.422,16.7148,-19.69990666953837,0.547357249743103,1100,indian-energy-exchange,Small Cap,Dec-2025
152605,7848.0,1,Ahluwalia Contracts (India) Ltd.,Realty,Realty,Domestic Equities,130383.0,115383.0,13.000182002548035,12.7854,11.4835,11.337135890625689,0.521396318049878,1100,ahluwalia-contracts-india,Small Cap,Dec-2025
202693,106086.0,1,IKIO Technologies Ltd.,Electricals,Electricals,Domestic Equities,625000.0,625000.0,0.0,11.3588,11.8269,-3.9579264219702495,0.463218710205778,1100,ikio-technologies,Small Cap,Dec-2025
75947,5338.0,1,Tamil Nadu Newsprint & Papers Ltd.,Paper,Paper,Domestic Equities,700000.0,700000.0,0.0,10.0499,10.0772,-0.2709085857182569,0.409840979302131,1100,tamil-nadu-newsprint-papers,Small Cap,Dec-2025
152608,7159.0,1,Indian Bank,Bank,Banking,Domestic Equities,67855.0,67855.0,0.0,5.6812000000000005,5.9051,-3.791637736871516,0.23168276018779,1100,indian-bank,Mid Cap,Dec-2025
177901,112817.0,1,Wework India Management Ltd.,Miscellaneous,Miscellaneous,Domestic Equities,34620.0,,,2.0933,,,0.0853660356792756,1100,wework-india-management,Small Cap,Dec-2025
152372,4964.0,1,Larsen & Toubro Ltd.,Infrastructure,Infrastructure,Domestic Equities,380000.0,380000.0,0.0,154.6448,153.1742,0.9600833560743226,6.15098456251824,1100,larsen-toubro,Large Cap,Nov-2025
171888,8748.0,1,ICICI Bank Ltd.,Bank,Banking,Domestic Equities,1100000.0,1100000.0,0.0,152.768,147.983,3.233479521296365,6.07633499249109,1100,icici-bank,Large Cap,Nov-2025
171875,5051.0,1,HDFC Bank Ltd.,Bank,Banking,Domestic Equities,1400000.0,1400000.0,0.0,141.064,138.222,2.05611263040615,5.61080932774379,1100,hdfc-bank,Large Cap,Nov-2025
171520,5812.0,1,Kalpataru Projects International Ltd.,Infrastructure,Infrastructure,Domestic Equities,758285.0,758285.0,0.0,90.9715,95.2709,-4.51281556068013,3.6183841430758,1100,kalpataru-projects-international,Small Cap,Nov-2025
96486,15829.0,1,Interglobe Aviation Ltd.,Aviation,Aviation,Domestic Equities,150000.0,150000.0,0.0,88.5225,84.375,4.915555555555556,3.52097536377247,1100,interglobe-aviation,Large Cap,Nov-2025
640,7202.0,1,J Kumar Infraprojects Ltd.,Infrastructure,Infrastructure,Domestic Equities,1400000.0,1400000.0,0.0,82.03299999999999,92.253,-11.07823051824873,3.26285601984068,1100,j-kumar-infraprojects,Small Cap,Nov-2025
171531,4897.0,1,Reliance Industries Ltd.,Crude Oil,Crude Oil,Domestic Equities,500000.0,500000.0,0.0,78.375,74.32,5.456135629709364,3.11735936214711,1100,reliance-industries,Large Cap,Nov-2025
133593,6508.0,1,Bharti Airtel Ltd.,Telecom,Telecom,Domestic Equities,350000.0,350000.0,0.0,73.556,71.9075,2.2925285957653982,2.92568402222766,1100,bharti-airtel,Large Cap,Nov-2025
133664,7760.0,1,NTPC Ltd.,Power,Power,Domestic Equities,2200000.0,2200000.0,0.0,71.819,74.12899999999999,-3.1161893456002376,2.85659498602926,1100,ntpc,Large Cap,Nov-2025
133350,8843.0,1,State Bank Of India,Bank,Banking,Domestic Equities,704361.0,704361.0,0.0,68.95689999999999,65.9986,4.482367807801983,2.74275518723626,1100,state-bank-of-india,Large Cap,Nov-2025
171400,5889.0,1,Axis Bank Ltd.,Bank,Banking,Domestic Equities,500000.0,500000.0,0.0,63.985,61.64,3.804347826086957,2.54499826203487,1100,axis-bank,Large Cap,Nov-2025
152334,5218.0,1,Ambuja Cements Ltd.,Construction Materials,Construction Materials,Domestic Equities,1000000.0,1000000.0,0.0,55.02,56.54,-2.688362221436152,2.18841610341734,1100,ambuja-cements,Large Cap,Nov-2025
115643,7007.0,1,Coal India Ltd.,Mining,Mining,Domestic Equities,1400000.0,1400000.0,0.0,52.661,54.411,-3.216261417728033,2.09458706692222,1100,coal-india,Large Cap,Nov-2025
137807,98607.0,1,GR Infraprojects Ltd.,Infrastructure,Infrastructure,Domestic Equities,470000.0,470000.0,0.0,50.5203,54.830200000000005,-7.860449168523928,2.009440895483,1100,gr-infraprojects,Small Cap,Nov-2025
154098,6604.0,1,TD Power Systems Ltd.,Capital Goods,Capital Goods,Domestic Equities,600000.0,600000.0,0.0,46.617,46.494,0.2645502645502685,1.85418744989106,1100,td-power-systems,Small Cap,Nov-2025
539,7794.0,1,Adani Ports and Special Economic Zone Ltd.,Logistics,Logistics,Domestic Equities,300000.0,300000.0,0.0,45.507,43.545,4.50568377540475,1.81003728858984,1100,adani-ports-and-special-economic-zone,Large Cap,Nov-2025
38020,6672.0,1,Apollo Hospitals Enterprise Ltd.,Healthcare,Healthcare,Domestic Equities,60000.0,60000.0,0.0,44.013000000000005,46.086000000000006,-4.49811222497071,1.7506135579736,1100,apollo-hospitals-enterprise,Large Cap,Nov-2025
517,7825.0,1,Power Grid Corporation Of India Ltd.,Power,Power,Domestic Equities,1600000.0,1600000.0,0.0,43.192,46.104,-6.316154780496267,1.71795834857873,1100,power-grid-corporation-of-india,Large Cap,Nov-2025
152376,5012.0,1,Bharat Petroleum Corporation Ltd.,Crude Oil,Crude Oil,Domestic Equities,1200000.0,1200000.0,0.0,43.092,42.816,0.6446188340807046,1.71398085656961,1100,bharat-petroleum-corporation,Large Cap,Nov-2025
152362,5226.0,1,Tata Steel Ltd.,Iron & Steel,Iron & Steel,Domestic Equities,2500000.0,2500000.0,0.0,41.99,45.71,-8.138262962152702,1.67014889462912,1100,tata-steel,Large Cap,Nov-2025
152370,5063.0,1,Escorts Kubota Ltd.,Automobile & Ancillaries,Automobile & Ancillaries,Domestic Equities,104948.0,104948.0,0.0,40.0628,39.7386,0.8158314585818341,1.59349466862937,1100,escorts-kubota,Mid Cap,Nov-2025
152275,6296.0,1,Birla Corporation Ltd.,Construction Materials,Construction Materials,Domestic Equities,350000.0,350000.0,0.0,39.2035,41.258,-4.979640312181886,1.55931607979501,1100,birla-corporation,Small Cap,Nov-2025
134703,87891.0,1,Hindustan Aeronautics Ltd.,Capital Goods,Capital Goods,Domestic Equities,80000.0,80000.0,0.0,36.3392,37.4384,-2.936022906961838,1.44538877617781,1100,hindustan-aeronautics,Large Cap,Nov-2025
152241,8254.0,1,NCC Ltd.,Infrastructure,Infrastructure,Domestic Equities,2100000.0,2000000.0,5.0,35.9961,42.474,-15.251447944624935,1.43174200109453,1100,ncc,Small Cap,Nov-2025
152343,5043.0,1,Hindalco Industries Ltd.,Non - Ferrous Metals,Non - Ferrous Metals,Domestic Equities,429294.0,429294.0,0.0,34.7041,36.3977,-4.65304126359633,1.38035280433671,1100,hindalco-industries,Large Cap,Nov-2025
46521,101004.0,1,Delhivery Ltd.,Logistics,Logistics,Domestic Equities,800000.0,800000.0,0.0,34.096,37.276,-8.530958257323748,1.35616567542925,1100,delhivery,Small Cap,Nov-2025
133635,5732.0,1,Indraprastha Gas Ltd.,Gas Transmission,Gas Transmission,Domestic Equities,1600000.0,1600000.0,0.0,31.9008,33.9104,-5.9262055298669445,1.26885177084507,1100,indraprastha-gas,Small Cap,Nov-2025
155709,99978.0,1,Paradeep Phosphates Ltd.,Chemicals,Chemicals,Domestic Equities,2000000.0,2000000.0,0.0,31.718000000000004,33.28,-4.69350961538461,1.2615809154524,1100,paradeep-phosphates,Small Cap,Nov-2025
114515,6989.0,1,Gujarat Pipavav Port Ltd.,Logistics,Logistics,Domestic Equities,1768836.0,1768836.0,0.0,31.6126,29.4723,7.262073200937837,1.25738863887479,1100,gujarat-pipavav-port,Small Cap,Nov-2025
38803,5403.0,1,Indus Towers Ltd.,Telecom,Telecom,Domestic Equities,750000.0,750000.0,0.0,30.0788,27.27,10.299963329666303,1.19638186643892,1100,indus-towers,Large Cap,Nov-2025
171624,5869.0,1,Blue Dart Express Ltd.,Logistics,Logistics,Domestic Equities,50000.0,50000.0,0.0,28.595,32.86,-12.979306147291538,1.13736384000761,1100,blue-dart-express,Small Cap,Nov-2025
152324,4941.0,1,ACC Ltd.,Construction Materials,Construction Materials,Domestic Equities,150000.0,150000.0,0.0,27.759,28.2225,-1.6423066702099358,1.10411200681138,1100,acc,Mid Cap,Nov-2025
152486,5772.0,1,AIA Engineering Ltd.,Automobile & Ancillaries,Automobile & Ancillaries,Domestic Equities,67836.0,67836.0,0.0,26.2023,22.046,18.852853125283502,1.04219438870542,1100,aia-engineering,Mid Cap,Nov-2025
152604,5456.0,1,Power Finance Corporation Ltd.,Finance,Finance,Domestic Equities,700000.0,700000.0,0.0,25.389,28.2275,-10.055796652200865,1.00984544619525,1100,power-finance-corporation,Large Cap,Nov-2025
76083,6699.0,1,Ashoka Buildcon Ltd.,Infrastructure,Infrastructure,Domestic Equities,1333350.0,1333350.0,0.0,23.7016,27.4217,-13.566263214899156,0.942729246033376,1100,ashoka-buildcon,Small Cap,Nov-2025
113882,6219.0,1,Centum Electronics Ltd.,Electricals,Electricals,Domestic Equities,99411.0,99411.0,0.0,23.5027,24.98,-5.913931144915933,0.934818014427238,1100,centum-electronics,Small Cap,Nov-2025
152503,5921.0,1,Gujarat State Petronet Ltd.,Gas Transmission,Gas Transmission,Domestic Equities,800000.0,800000.0,0.0,23.0,24.772,-7.153237526239295,0.914823162097397,1100,gujarat-state-petronet,Small Cap,Nov-2025
56723,6834.0,1,Can Fin Homes Ltd.,Finance,Finance,Domestic Equities,238601.0,238601.0,0.0,21.105500000000003,20.7082,1.918563660772062,0.839469575984635,1100,can-fin-homes,Small Cap,Nov-2025
133309,5981.0,1,Bharat Electronics Ltd.,Capital Goods,Capital Goods,Domestic Equities,500000.0,500000.0,0.0,20.5875,21.305,-3.367754048345459,0.818866167377398,1100,bharat-electronics,Large Cap,Nov-2025
152554,7075.0,1,Voltamp Transformers Ltd.,Capital Goods,Capital Goods,Domestic Equities,24684.0,24684.0,0.0,20.1409,18.2748,10.211329262153342,0.801102688064672,1100,voltamp-transformers,Small Cap,Nov-2025
77309,15532.0,1,Inox Wind Ltd.,Capital Goods,Capital Goods,Domestic Equities,1489743.0,1489743.0,0.0,20.037,23.1104,-13.298774577679309,0.796970073867197,1100,inox-wind,Small Cap,Nov-2025
695,7346.0,1,Titagarh Rail Systems Ltd.,Automobile & Ancillaries,Automobile & Ancillaries,Domestic Equities,220000.0,220000.0,0.0,18.1874,19.4601,-6.540048612288733,0.72340238166653,1100,titagarh-rail-systems,Small Cap,Nov-2025
808,7339.0,1,Repco Home Finance Ltd.,Finance,Finance,Domestic Equities,428000.0,428000.0,0.0,17.8733,17.9246,-0.2861988552045852,0.710909079265887,1100,repco-home-finance,Small Cap,Nov-2025
39503,103957.0,1,Gateway Distriparks Ltd.,Logistics,Logistics,Domestic Equities,3000000.0,3000000.0,0.0,17.652,19.173,-7.933030824597085,0.702106889449706,1100,gateway-distriparks,Small Cap,Nov-2025
653,111996.0,1,Afcons Infrastructure Ltd.,Infrastructure,Infrastructure,Domestic Equities,430000.0,400000.0,7.5,17.3763,17.922,-3.0448610646133205,0.691140943980565,1100,afcons-infrastructure,Small Cap,Nov-2025
216574,111935.0,1,Ceigall India Ltd.,Infrastructure,Infrastructure,Domestic Equities,700000.0,700000.0,0.0,16.950499999999998,17.605,-3.7176938369781336,0.674204783005736,1100,ceigall-india,Small Cap,Nov-2025
58595,86782.0,1,Indian Energy Exchange Ltd.,Power,Power,Domestic Equities,1200000.0,1200000.0,0.0,16.7148,16.6872,0.1653962318423696,0.664829834340242,1100,indian-energy-exchange,Small Cap,Nov-2025
19032,5817.0,1,Dynamatic Technologies Ltd.,Capital Goods,Capital Goods,Domestic Equities,18000.0,18000.0,0.0,16.6455,14.2488,16.820363820111154,0.662073432377922,1100,dynamatic-technologies,Small Cap,Nov-2025
19243,8235.0,1,Premier Explosives Ltd.,Chemicals,Chemicals,Domestic Equities,300000.0,300000.0,0.0,15.909,19.8045,-19.66977202151026,0.63277920373076,1100,premier-explosives,Small Cap,Nov-2025
65953,90815.0,1,The Anup Engineering Ltd.,Capital Goods,Capital Goods,Domestic Equities,70000.0,70000.0,0.0,15.818599999999998,16.1504,-2.05443828016644,0.629183550954517,1100,the-anup-engineering,Small Cap,Nov-2025
133170,6243.0,1,Timken India Ltd.,Automobile & Ancillaries,Automobile & Ancillaries,Domestic Equities,50000.0,50000.0,0.0,15.772,15.72,0.3307888040712497,0.627330039678267,1100,timken-india,Small Cap,Nov-2025
202693,106086.0,1,IKIO Technologies Ltd.,Electricals,Electricals,Domestic Equities,625000.0,625000.0,0.0,11.8269,13.0325,-9.250719355457504,0.470414002426509,1100,ikio-technologies,Small Cap,Nov-2025
152605,7848.0,1,Ahluwalia Contracts (India) Ltd.,Realty,Realty,Domestic Equities,115383.0,115383.0,0.0,11.4835,10.9677,4.702900334618921,0.456755294867194,1100,ahluwalia-contracts-india,Small Cap,Nov-2025
75947,5338.0,1,Tamil Nadu Newsprint & Papers Ltd.,Paper,Paper,Domestic Equities,700000.0,700000.0,0.0,10.0772,10.906,-7.599486521180991,0.400819824742952,1100,tamil-nadu-newsprint-papers,Small Cap,Nov-2025
152608,7159.0,1,Indian Bank,Bank,Banking,Domestic Equities,67855.0,67855.0,0.0,5.9051,5.8267,1.3455300598966882,0.234874880630493,1100,indian-bank,Mid Cap,Nov-2025
152372,4964.0,1,Larsen & Toubro Ltd.,Infrastructure,Infrastructure,Domestic Equities,380000.0,380000.0,0.0,153.1742,139.042,10.163979229297617,5.92321188059237,1100,larsen-toubro,Large Cap,Oct-2025
171888,8748.0,1,ICICI Bank Ltd.,Bank,Banking,Domestic Equities,1100000.0,1100000.0,0.0,147.983,148.28,-0.2002967359050494,5.72246934356896,1100,icici-bank,Large Cap,Oct-2025
171875,5051.0,1,HDFC Bank Ltd.,Bank,Banking,Domestic Equities,1400000.0,1400000.0,0.0,138.222,133.14,3.817034700315463,5.34501366783204,1100,hdfc-bank,Large Cap,Oct-2025
171520,5812.0,1,Kalpataru Projects International Ltd.,Infrastructure,Infrastructure,Domestic Equities,758285.0,758285.0,0.0,95.2709,95.1496,0.1274834576288394,3.68410428619655,1100,kalpataru-projects-international,Small Cap,Oct-2025
640,7202.0,1,J Kumar Infraprojects Ltd.,Infrastructure,Infrastructure,Domestic Equities,1400000.0,1400000.0,0.0,92.253,89.17299999999999,3.4539602794567865,3.56740277161747,1100,j-kumar-infraprojects,Small Cap,Oct-2025
96486,15829.0,1,Interglobe Aviation Ltd.,Aviation,Aviation,Domestic Equities,150000.0,150000.0,0.0,84.375,83.9175,0.5451783001161855,3.26276228258402,1100,interglobe-aviation,Large Cap,Oct-2025
171531,4897.0,1,Reliance Industries Ltd.,Crude Oil,Crude Oil,Domestic Equities,500000.0,500000.0,0.0,74.32,68.2,8.973607038123168,2.87393769293801,1100,reliance-industries,Large Cap,Oct-2025
133664,7760.0,1,NTPC Ltd.,Power,Power,Domestic Equities,2200000.0,2200000.0,0.0,74.12899999999999,74.899,-1.0280511088265532,2.86655176587462,1100,ntpc,Large Cap,Oct-2025
133593,6508.0,1,Bharti Airtel Ltd.,Telecom,Telecom,Domestic Equities,350000.0,350000.0,0.0,71.9075,65.744,9.375000000000004,2.78064686026561,1100,bharti-airtel,Large Cap,Oct-2025
133350,8843.0,1,State Bank Of India,Bank,Banking,Domestic Equities,704361.0,704361.0,0.0,65.9986,61.452,7.398620061185965,2.55215102558044,1100,state-bank-of-india,Large Cap,Oct-2025
171400,5889.0,1,Axis Bank Ltd.,Bank,Banking,Domestic Equities,500000.0,500000.0,0.0,61.64,56.58,8.94308943089431,2.38360494338938,1100,axis-bank,Large Cap,Oct-2025
152334,5218.0,1,Ambuja Cements Ltd.,Construction Materials,Construction Materials,Domestic Equities,1000000.0,1000000.0,0.0,56.54,56.995,-0.7983156417229581,2.1863890898643,1100,ambuja-cements,Large Cap,Oct-2025
137807,98607.0,1,GR Infraprojects Ltd.,Infrastructure,Infrastructure,Domestic Equities,470000.0,470000.0,0.0,54.830200000000005,57.3964,-4.471012119226988,2.12027150822564,1100,gr-infraprojects,Small Cap,Oct-2025
115643,7007.0,1,Coal India Ltd.,Mining,Mining,Domestic Equities,1400000.0,1400000.0,0.0,54.411,54.593,-0.3333760738556192,2.10406113846138,1100,coal-india,Large Cap,Oct-2025
154098,6604.0,1,TD Power Systems Ltd.,Capital Goods,Capital Goods,Domestic Equities,600000.0,600000.0,0.0,46.494,35.451,31.15003808073114,1.7979125281951,1100,td-power-systems,Small Cap,Oct-2025
517,7825.0,1,Power Grid Corporation Of India Ltd.,Power,Power,Domestic Equities,1600000.0,1600000.0,0.0,46.104,44.84,2.81891168599464,1.78283131586671,1100,power-grid-corporation-of-india,Large Cap,Oct-2025
38020,6672.0,1,Apollo Hospitals Enterprise Ltd.,Healthcare,Healthcare,Domestic Equities,60000.0,60000.0,0.0,46.086000000000006,44.45399999999999,3.67121068970173,1.78213525991309,1100,apollo-hospitals-enterprise,Large Cap,Oct-2025
152362,5226.0,1,Tata Steel Ltd.,Iron & Steel,Iron & Steel,Domestic Equities,2500000.0,2500000.0,0.0,45.71,42.1925,8.336789713811696,1.76759542443752,1100,tata-steel,Large Cap,Oct-2025
539,7794.0,1,Adani Ports and Special Economic Zone Ltd.,Logistics,Logistics,Domestic Equities,300000.0,300000.0,0.0,43.545,42.105,3.4200213751335946,1.68387536112736,1100,adani-ports-and-special-economic-zone,Large Cap,Oct-2025
152376,5012.0,1,Bharat Petroleum Corporation Ltd.,Crude Oil,Crude Oil,Domestic Equities,1200000.0,1200000.0,0.0,42.816,40.758,5.049315471809219,1.65568509500584,1100,bharat-petroleum-corporation,Large Cap,Oct-2025
152241,8254.0,1,NCC Ltd.,Infrastructure,Infrastructure,Domestic Equities,2000000.0,2000000.0,0.0,42.474,41.516000000000005,2.3075440793910604,1.6424600318871,1100,ncc,Small Cap,Oct-2025
152275,6296.0,1,Birla Corporation Ltd.,Construction Materials,Construction Materials,Domestic Equities,350000.0,281091.0,24.51483683220025,41.258,34.2762,20.369235796266807,1.59543758524269,1100,birla-corporation,Small Cap,Oct-2025
152370,5063.0,1,Escorts Kubota Ltd.,Automobile & Ancillaries,Automobile & Ancillaries,Domestic Equities,104948.0,104948.0,0.0,39.7386,36.1714,9.861935120011951,1.53668272880229,1100,escorts-kubota,Mid Cap,Oct-2025
134703,87891.0,1,Hindustan Aeronautics Ltd.,Capital Goods,Capital Goods,Domestic Equities,80000.0,80000.0,0.0,37.4384,37.972,-1.4052459707152554,1.44773451188496,1100,hindustan-aeronautics,Large Cap,Oct-2025
46521,101004.0,1,Delhivery Ltd.,Logistics,Logistics,Domestic Equities,800000.0,800000.0,0.0,37.276,36.004,3.5329407843572884,1.44145454039232,1100,delhivery,Small Cap,Oct-2025
152343,5043.0,1,Hindalco Industries Ltd.,Non - Ferrous Metals,Non - Ferrous Metals,Domestic Equities,429294.0,429294.0,0.0,36.3977,32.710100000000004,11.273582165753078,1.40749087683329,1100,hindalco-industries,Large Cap,Oct-2025
133635,5732.0,1,Indraprastha Gas Ltd.,Gas Transmission,Gas Transmission,Domestic Equities,1600000.0,1600000.0,0.0,33.9104,33.3664,1.630382660400885,1.31130754497585,1100,indraprastha-gas,Small Cap,Oct-2025
155709,99978.0,1,Paradeep Phosphates Ltd.,Chemicals,Chemicals,Domestic Equities,2000000.0,2000000.0,0.0,33.28,39.204,-15.110702989490871,1.28693011868914,1100,paradeep-phosphates,Small Cap,Oct-2025
171624,5869.0,1,Blue Dart Express Ltd.,Logistics,Logistics,Domestic Equities,50000.0,50000.0,0.0,32.86,28.515,15.237594248641065,1.27068881310472,1100,blue-dart-express,Small Cap,Oct-2025
114515,6989.0,1,Gujarat Pipavav Port Ltd.,Logistics,Logistics,Domestic Equities,1768836.0,1768836.0,0.0,29.4723,27.9529,5.435571980009232,1.13968721565631,1100,gujarat-pipavav-port,Small Cap,Oct-2025
152604,5456.0,1,Power Finance Corporation Ltd.,Finance,Finance,Domestic Equities,700000.0,700000.0,0.0,28.2275,28.7175,-1.7062766605728217,1.09155107948611,1100,power-finance-corporation,Large Cap,Oct-2025
152324,4941.0,1,ACC Ltd.,Construction Materials,Construction Materials,Domestic Equities,150000.0,150000.0,0.0,28.2225,27.370500000000003,3.112840466926063,1.0913577306101,1100,acc,Mid Cap,Oct-2025
76083,6699.0,1,Ashoka Buildcon Ltd.,Infrastructure,Infrastructure,Domestic Equities,1333350.0,1333350.0,0.0,27.4217,24.6323,11.324155681767438,1.06039097462915,1100,ashoka-buildcon,Small Cap,Oct-2025
38803,5403.0,1,Indus Towers Ltd.,Telecom,Telecom,Domestic Equities,750000.0,750000.0,0.0,27.27,25.7175,6.036745406824147,1.05452476973116,1100,indus-towers,Large Cap,Oct-2025
113882,6219.0,1,Centum Electronics Ltd.,Electricals,Electricals,Domestic Equities,99411.0,99411.0,0.0,24.98,26.5318,-5.848830460051706,0.965970984520875,1100,centum-electronics,Small Cap,Oct-2025
152503,5921.0,1,Gujarat State Petronet Ltd.,Gas Transmission,Gas Transmission,Domestic Equities,800000.0,800000.0,0.0,24.772,24.764,0.0323049588111665,0.957927671279068,1100,gujarat-state-petronet,Small Cap,Oct-2025
77309,15532.0,1,Inox Wind Ltd.,Capital Goods,Capital Goods,Domestic Equities,1489743.0,1489743.0,0.0,23.1104,20.8922,10.617359588746048,0.893673972805094,1100,inox-wind,Small Cap,Oct-2025
152486,5772.0,1,AIA Engineering Ltd.,Automobile & Ancillaries,Automobile & Ancillaries,Domestic Equities,67836.0,67836.0,0.0,22.046,20.7124,6.438655105154408,0.852513864081154,1100,aia-engineering,Mid Cap,Oct-2025
133309,5981.0,1,Bharat Electronics Ltd.,Capital Goods,Capital Goods,Domestic Equities,500000.0,500000.0,0.0,21.305,20.1975,5.483351899987622,0.823859560657216,1100,bharat-electronics,Large Cap,Oct-2025
56723,6834.0,1,Can Fin Homes Ltd.,Finance,Finance,Domestic Equities,238601.0,238601.0,0.0,20.7082,18.21,13.71883580450303,0.800781438817262,1100,can-fin-homes,Small Cap,Oct-2025
19243,8235.0,1,Premier Explosives Ltd.,Chemicals,Chemicals,Domestic Equities,300000.0,300000.0,0.0,19.8045,16.9395,16.913132028690338,0.765835562968122,1100,premier-explosives,Small Cap,Oct-2025
695,7346.0,1,Titagarh Rail Systems Ltd.,Automobile & Ancillaries,Automobile & Ancillaries,Domestic Equities,220000.0,220000.0,0.0,19.4601,19.2027,1.340436501117031,0.752517692388899,1100,titagarh-rail-systems,Small Cap,Oct-2025
39503,103957.0,1,Gateway Distriparks Ltd.,Logistics,Logistics,Domestic Equities,3000000.0,3000000.0,0.0,19.173,18.384,4.291775456919052,0.741415599928693,1100,gateway-distriparks,Small Cap,Oct-2025
152554,7075.0,1,Voltamp Transformers Ltd.,Capital Goods,Capital Goods,Domestic Equities,24684.0,24684.0,0.0,18.2748,17.8601,2.321935487483274,0.706682407843158,1100,voltamp-transformers,Small Cap,Oct-2025
808,7339.0,1,Repco Home Finance Ltd.,Finance,Finance,Domestic Equities,428000.0,428000.0,0.0,17.9246,15.4679,15.88256970888098,0.69314025256777,1100,repco-home-finance,Small Cap,Oct-2025
653,111996.0,1,Afcons Infrastructure Ltd.,Infrastructure,Infrastructure,Domestic Equities,400000.0,400000.0,0.0,17.922,18.204,-1.5491100856954538,0.693039711152247,1100,afcons-infrastructure,Small Cap,Oct-2025
216574,111935.0,1,Ceigall India Ltd.,Infrastructure,Infrastructure,Domestic Equities,700000.0,700000.0,0.0,17.605,18.3323,-3.967314521363932,0.680781392413531,1100,ceigall-india,Small Cap,Oct-2025
58595,86782.0,1,Indian Energy Exchange Ltd.,Power,Power,Domestic Equities,1200000.0,1200000.0,0.0,16.6872,16.7028,-0.0933975141892344,0.645290272734057,1100,indian-energy-exchange,Small Cap,Oct-2025
65953,90815.0,1,The Anup Engineering Ltd.,Capital Goods,Capital Goods,Domestic Equities,70000.0,70000.0,0.0,16.1504,16.4297,-1.699970175961829,0.624532337406163,1100,the-anup-engineering,Small Cap,Oct-2025
133170,6243.0,1,Timken India Ltd.,Automobile & Ancillaries,Automobile & Ancillaries,Domestic Equities,50000.0,50000.0,0.0,15.72,15.0495,4.45529751818997,0.607888866159654,1100,timken-india,Small Cap,Oct-2025
19032,5817.0,1,Dynamatic Technologies Ltd.,Capital Goods,Capital Goods,Domestic Equities,18000.0,18000.0,0.0,14.2488,12.3246,15.612677084854688,0.550997892883949,1100,dynamatic-technologies,Small Cap,Oct-2025
202693,106086.0,1,IKIO Technologies Ltd.,Electricals,Electricals,Domestic Equities,625000.0,625000.0,0.0,13.0325,13.1375,-0.7992388201712655,0.503963845306978,1100,ikio-technologies,Small Cap,Oct-2025
152605,7848.0,1,Ahluwalia Contracts (India) Ltd.,Realty,Realty,Domestic Equities,115383.0,115383.0,0.0,10.9677,11.4829,-4.486671485426154,0.424118493471962,1100,ahluwalia-contracts-india,Small Cap,Oct-2025
75947,5338.0,1,Tamil Nadu Newsprint & Papers Ltd.,Paper,Paper,Domestic Equities,700000.0,700000.0,0.0,10.906,11.0789,-1.560624249699897,0.42173256834206,1100,tamil-nadu-newsprint-papers,Small Cap,Oct-2025
152608,7159.0,1,Indian Bank,Bank,Banking,Domestic Equities,67855.0,67855.0,0.0,5.8267,5.0939,14.385834036789095,0.225317179163642,1100,indian-bank,Mid Cap,Oct-2025
171888,8748.0,1,ICICI Bank Ltd.,Bank,Banking,Domestic Equities,1100000.0,1300000.0,-15.384615384615383,148.28,181.71400000000003,-18.399242766104983,5.87992213980629,1100,icici-bank,Large Cap,Sep-2025
152372,4964.0,1,Larsen & Toubro Ltd.,Infrastructure,Infrastructure,Domestic Equities,380000.0,380000.0,0.0,139.042,136.838,1.6106637045265313,5.51359680444393,1100,larsen-toubro,Large Cap,Sep-2025
171875,5051.0,1,HDFC Bank Ltd.,Bank,Banking,Domestic Equities,1400000.0,1400000.0,0.0,133.14,133.224,-0.0630517023959619,5.27955782097255,1100,hdfc-bank,Large Cap,Sep-2025
171520,5812.0,1,Kalpataru Projects International Ltd.,Infrastructure,Infrastructure,Domestic Equities,758285.0,758285.0,0.0,95.1496,94.7098,0.4643658839951047,3.77307957670429,1100,kalpataru-projects-international,Small Cap,Sep-2025
640,7202.0,1,J Kumar Infraprojects Ltd.,Infrastructure,Infrastructure,Domestic Equities,1400000.0,1400000.0,0.0,89.17299999999999,86.471,3.124747025014154,3.53608239123918,1100,j-kumar-infraprojects,Small Cap,Sep-2025
96486,15829.0,1,Interglobe Aviation Ltd.,Aviation,Aviation,Domestic Equities,150000.0,150000.0,0.0,83.9175,84.69,-0.9121501948281968,3.32767983657401,1100,interglobe-aviation,Large Cap,Sep-2025
133664,7760.0,1,NTPC Ltd.,Power,Power,Domestic Equities,2200000.0,2200000.0,0.0,74.899,72.061,3.9383300259502265,2.97005859420928,1100,ntpc,Large Cap,Sep-2025
171531,4897.0,1,Reliance Industries Ltd.,Crude Oil,Crude Oil,Domestic Equities,500000.0,500000.0,0.0,68.2,67.86,0.5010315355142941,2.70441522750734,1100,reliance-industries,Large Cap,Sep-2025
133593,6508.0,1,Bharti Airtel Ltd.,Telecom,Telecom,Domestic Equities,350000.0,350000.0,0.0,65.744,66.108,-0.550614146548081,2.6070245559713,1100,bharti-airtel,Large Cap,Sep-2025
133350,8843.0,1,State Bank Of India,Bank,Banking,Domestic Equities,704361.0,704361.0,0.0,61.452,56.525,8.716497125165851,2.43682880587656,1100,state-bank-of-india,Large Cap,Sep-2025
137807,98607.0,1,GR Infraprojects Ltd.,Infrastructure,Infrastructure,Domestic Equities,470000.0,470000.0,0.0,57.3964,58.7406,-2.288366138582174,2.27600730445898,1100,gr-infraprojects,Small Cap,Sep-2025
152334,5218.0,1,Ambuja Cements Ltd.,Construction Materials,Construction Materials,Domestic Equities,1000000.0,900000.0,11.11111111111111,56.995,50.688,12.442787247474744,2.26009011571526,1100,ambuja-cements,Large Cap,Sep-2025
171400,5889.0,1,Axis Bank Ltd.,Bank,Banking,Domestic Equities,500000.0,500000.0,0.0,56.58,52.26,8.266360505166476,2.24363363009334,1100,axis-bank,Large Cap,Sep-2025
115643,7007.0,1,Coal India Ltd.,Mining,Mining,Domestic Equities,1400000.0,1400000.0,0.0,54.593,52.472,4.042155816435439,2.16484077001919,1100,coal-india,Large Cap,Sep-2025
517,7825.0,1,Power Grid Corporation Of India Ltd.,Power,Power,Domestic Equities,1600000.0,1600000.0,0.0,44.84,44.04,1.8165304268846505,1.77809353081275,1100,power-grid-corporation-of-india,Large Cap,Sep-2025
38020,6672.0,1,Apollo Hospitals Enterprise Ltd.,Healthcare,Healthcare,Domestic Equities,60000.0,60000.0,0.0,44.45399999999999,45.66,-2.6412614980289173,1.76278701647524,1100,apollo-hospitals-enterprise,Large Cap,Sep-2025
152362,5226.0,1,Tata Steel Ltd.,Iron & Steel,Iron & Steel,Domestic Equities,2500000.0,2500000.0,0.0,42.1925,38.62,9.250388399792854,1.67310908338128,1100,tata-steel,Large Cap,Sep-2025
539,7794.0,1,Adani Ports and Special Economic Zone Ltd.,Logistics,Logistics,Domestic Equities,300000.0,300000.0,0.0,42.105,39.384,6.908897014015841,1.6696393424369,1100,adani-ports-and-special-economic-zone,Large Cap,Sep-2025
152241,8254.0,1,NCC Ltd.,Infrastructure,Infrastructure,Domestic Equities,2000000.0,2000000.0,0.0,41.516000000000005,40.9,1.5061124694376615,1.64628302910843,1100,ncc,Small Cap,Sep-2025
152376,5012.0,1,Bharat Petroleum Corporation Ltd.,Crude Oil,Crude Oil,Domestic Equities,1200000.0,1200000.0,0.0,40.758,36.984,10.204412719013629,1.61622515898452,1100,bharat-petroleum-corporation,Large Cap,Sep-2025
155709,99978.0,1,Paradeep Phosphates Ltd.,Chemicals,Chemicals,Domestic Equities,2000000.0,2000000.0,0.0,39.204,43.484,-9.842700763499208,1.55460255981229,1100,paradeep-phosphates,Small Cap,Sep-2025
134703,87891.0,1,Hindustan Aeronautics Ltd.,Capital Goods,Capital Goods,Domestic Equities,80000.0,80000.0,0.0,37.972,34.6608,9.55315514933296,1.50574860731538,1100,hindustan-aeronautics,Large Cap,Sep-2025
152370,5063.0,1,Escorts Kubota Ltd.,Automobile & Ancillaries,Automobile & Ancillaries,Domestic Equities,104948.0,104948.0,0.0,36.1714,37.4433,-3.3968693998659325,1.43434728680732,1100,escorts-kubota,Mid Cap,Sep-2025
46521,101004.0,1,Delhivery Ltd.,Logistics,Logistics,Domestic Equities,800000.0,800000.0,0.0,36.004,37.444,-3.845742976177759,1.42770917670344,1100,delhivery,Small Cap,Sep-2025
154098,6604.0,1,TD Power Systems Ltd.,Capital Goods,Capital Goods,Domestic Equities,600000.0,600000.0,0.0,35.451,30.111,17.73438278370031,1.40578041393494,1100,td-power-systems,Small Cap,Sep-2025
152275,6296.0,1,Birla Corporation Ltd.,Construction Materials,Construction Materials,Domestic Equities,281091.0,281091.0,0.0,34.2762,35.1813,-2.572673551005796,1.3591946806611,1100,birla-corporation,Small Cap,Sep-2025
133635,5732.0,1,Indraprastha Gas Ltd.,Gas Transmission,Gas Transmission,Domestic Equities,1600000.0,1600000.0,0.0,33.3664,33.0784,0.8706587984908498,1.32311730567597,1100,indraprastha-gas,Small Cap,Sep-2025
152343,5043.0,1,Hindalco Industries Ltd.,Non - Ferrous Metals,Non - Ferrous Metals,Domestic Equities,429294.0,429294.0,0.0,32.710100000000004,30.2202,8.239191004692234,1.29709226588399,1100,hindalco-industries,Large Cap,Sep-2025
152604,5456.0,1,Power Finance Corporation Ltd.,Finance,Finance,Domestic Equities,700000.0,700000.0,0.0,28.7175,26.579,8.04582565183039,1.13876897794637,1100,power-finance-corporation,Large Cap,Sep-2025
171624,5869.0,1,Blue Dart Express Ltd.,Logistics,Logistics,Domestic Equities,50000.0,50000.0,0.0,28.515,28.0375,1.7030762371823451,1.13073900604651,1100,blue-dart-express,Small Cap,Sep-2025
114515,6989.0,1,Gujarat Pipavav Port Ltd.,Logistics,Logistics,Domestic Equities,1768836.0,1768836.0,0.0,27.9529,26.375100000000003,5.98215741362117,1.1084493902198,1100,gujarat-pipavav-port,Small Cap,Sep-2025
152324,4941.0,1,ACC Ltd.,Construction Materials,Construction Materials,Domestic Equities,150000.0,150000.0,0.0,27.370500000000003,27.027,1.2709512709512845,1.08535479449398,1100,acc,Mid Cap,Sep-2025
113882,6219.0,1,Centum Electronics Ltd.,Electricals,Electricals,Domestic Equities,99411.0,99411.0,0.0,26.5318,27.3728,-3.0723930324994284,1.0520968318648,1100,centum-electronics,Small Cap,Sep-2025
38803,5403.0,1,Indus Towers Ltd.,Telecom,Telecom,Domestic Equities,750000.0,750000.0,0.0,25.7175,25.395,1.269935026580035,1.01980643128182,1100,indus-towers,Large Cap,Sep-2025
152503,5921.0,1,Gujarat State Petronet Ltd.,Gas Transmission,Gas Transmission,Domestic Equities,800000.0,800000.0,0.0,24.764,23.192,6.778199379096253,0.981996168533605,1100,gujarat-state-petronet,Small Cap,Sep-2025
76083,6699.0,1,Ashoka Buildcon Ltd.,Infrastructure,Infrastructure,Domestic Equities,1333350.0,1333350.0,0.0,24.6323,23.0376,6.922162030767084,0.976773712735032,1100,ashoka-buildcon,Small Cap,Sep-2025
77309,15532.0,1,Inox Wind Ltd.,Capital Goods,Capital Goods,Domestic Equities,1489743.0,1489743.0,0.0,20.8922,20.5763,1.535261441561393,0.828463105808342,1100,inox-wind,Small Cap,Sep-2025
152486,5772.0,1,AIA Engineering Ltd.,Automobile & Ancillaries,Automobile & Ancillaries,Domestic Equities,67836.0,67836.0,0.0,20.7124,20.7327,-0.0979129587559845,0.821333283844914,1100,aia-engineering,Mid Cap,Sep-2025
133309,5981.0,1,Bharat Electronics Ltd.,Capital Goods,Capital Goods,Domestic Equities,500000.0,500000.0,0.0,20.1975,18.47,9.353004872766649,0.800915345419055,1100,bharat-electronics,Large Cap,Sep-2025
695,7346.0,1,Titagarh Rail Systems Ltd.,Automobile & Ancillaries,Automobile & Ancillaries,Domestic Equities,220000.0,220000.0,0.0,19.2027,18.161,5.7359176256814095,0.761467364945092,1100,titagarh-rail-systems,Small Cap,Sep-2025
39503,103957.0,1,Gateway Distriparks Ltd.,Logistics,Logistics,Domestic Equities,3000000.0,3000000.0,0.0,18.384,19.317,-4.829942537661125,0.729002485960337,1100,gateway-distriparks,Small Cap,Sep-2025
216574,111935.0,1,Ceigall India Ltd.,Infrastructure,Infrastructure,Domestic Equities,700000.0,700000.0,0.0,18.3323,17.166800000000002,6.789267656173541,0.726952364739485,1100,ceigall-india,Small Cap,Sep-2025
56723,6834.0,1,Can Fin Homes Ltd.,Finance,Finance,Domestic Equities,238601.0,238601.0,0.0,18.21,17.1232,6.346944496355825,0.722102658253794,1100,can-fin-homes,Small Cap,Sep-2025
653,111996.0,1,Afcons Infrastructure Ltd.,Infrastructure,Infrastructure,Domestic Equities,400000.0,400000.0,0.0,18.204,16.712,8.927716610818576,0.721864733160465,1100,afcons-infrastructure,Small Cap,Sep-2025
152554,7075.0,1,Voltamp Transformers Ltd.,Capital Goods,Capital Goods,Domestic Equities,24684.0,24684.0,0.0,17.8601,19.2733,-7.332423611939831,0.708227659894486,1100,voltamp-transformers,Small Cap,Sep-2025
19243,8235.0,1,Premier Explosives Ltd.,Chemicals,Chemicals,Domestic Equities,300000.0,300000.0,0.0,16.9395,15.1095,12.111585426387371,0.671722019741359,1100,premier-explosives,Small Cap,Sep-2025
58595,86782.0,1,Indian Energy Exchange Ltd.,Power,Power,Domestic Equities,1200000.0,1200000.0,0.0,16.7028,16.776,-0.4363376251788231,0.662335874809526,1100,indian-energy-exchange,Small Cap,Sep-2025
65953,90815.0,1,The Anup Engineering Ltd.,Capital Goods,Capital Goods,Domestic Equities,70000.0,70000.0,0.0,16.4297,15.5029,5.978236329976976,0.65150631764483,1100,the-anup-engineering,Small Cap,Sep-2025
808,7339.0,1,Repco Home Finance Ltd.,Finance,Finance,Domestic Equities,428000.0,428000.0,0.0,15.4679,14.843,4.210065350670351,0.613366925184177,1100,repco-home-finance,Small Cap,Sep-2025
133170,6243.0,1,Timken India Ltd.,Automobile & Ancillaries,Automobile & Ancillaries,Domestic Equities,50000.0,50000.0,0.0,15.0495,14.441,4.213697112388348,0.596775615342695,1100,timken-india,Small Cap,Sep-2025
202693,106086.0,1,IKIO Technologies Ltd.,Electricals,Electricals,Domestic Equities,625000.0,625000.0,0.0,13.1375,12.9181,1.6983921784163347,0.520956818935157,1100,ikio-technologies,Small Cap,Sep-2025
19032,5817.0,1,Dynamatic Technologies Ltd.,Capital Goods,Capital Goods,Domestic Equities,18000.0,18000.0,0.0,12.3246,11.5731,6.493506493506501,0.488721934207288,1100,dynamatic-technologies,Small Cap,Sep-2025
152605,7848.0,1,Ahluwalia Contracts (India) Ltd.,Realty,Realty,Domestic Equities,115383.0,115383.0,0.0,11.4829,10.6199,8.126253542877047,0.455345009031438,1100,ahluwalia-contracts-india,Small Cap,Sep-2025
75947,5338.0,1,Tamil Nadu Newsprint & Papers Ltd.,Paper,Paper,Domestic Equities,700000.0,700000.0,0.0,11.0789,11.3694,-2.5551040512252143,0.439324719413946,1100,tamil-nadu-newsprint-papers,Small Cap,Sep-2025
152608,7159.0,1,Indian Bank,Bank,Banking,Domestic Equities,67855.0,67855.0,0.0,5.0939,4.4316,14.944940879140708,0.201994438818177,1100,indian-bank,Mid Cap,Sep-2025
171888,8748.0,1,ICICI Bank Ltd.,Bank,Banking,Domestic Equities,1300000.0,1300000.0,0.0,181.71400000000003,192.582,-5.64331038207101,7.31725928746177,1100,icici-bank,Large Cap,Aug-2025
152372,4964.0,1,Larsen & Toubro Ltd.,Infrastructure,Infrastructure,Domestic Equities,380000.0,380000.0,0.0,136.838,138.187,-0.9762133919978104,5.5101925354001,1100,larsen-toubro,Large Cap,Aug-2025
171875,5051.0,1,HDFC Bank Ltd.,Bank,Banking,Domestic Equities,1400000.0,700000.0,100.0,133.224,141.274,-5.69814686354177,5.36466398468366,1100,hdfc-bank,Large Cap,Aug-2025
171520,5812.0,1,Kalpataru Projects International Ltd.,Infrastructure,Infrastructure,Domestic Equities,758285.0,758285.0,0.0,94.7098,87.0056,8.854832332631464,3.81377419276251,1100,kalpataru-projects-international,Small Cap,Aug-2025
640,7202.0,1,J Kumar Infraprojects Ltd.,Infrastructure,Infrastructure,Domestic Equities,1400000.0,1400000.0,0.0,86.471,98.595,-12.29676961306354,3.48201419728863,1100,j-kumar-infraprojects,Small Cap,Aug-2025
96486,15829.0,1,Interglobe Aviation Ltd.,Aviation,Aviation,Domestic Equities,150000.0,150000.0,0.0,84.69,88.6575,-4.475086710092209,3.41029688992118,1100,interglobe-aviation,Large Cap,Aug-2025
133664,7760.0,1,NTPC Ltd.,Power,Power,Domestic Equities,2200000.0,2200000.0,0.0,72.061,73.535,-2.0044876589379155,2.90175232240654,1100,ntpc,Large Cap,Aug-2025
171531,4897.0,1,Reliance Industries Ltd.,Crude Oil,Crude Oil,Domestic Equities,500000.0,500000.0,0.0,67.86,69.51,-2.373759171342253,2.73258645589859,1100,reliance-industries,Large Cap,Aug-2025
133593,6508.0,1,Bharti Airtel Ltd.,Telecom,Telecom,Domestic Equities,350000.0,350000.0,0.0,66.108,67.0005,-1.332079611346184,2.66203692052083,1100,bharti-airtel,Large Cap,Aug-2025
137807,98607.0,1,GR Infraprojects Ltd.,Infrastructure,Infrastructure,Domestic Equities,470000.0,470000.0,0.0,58.7406,57.2554,2.5939911344606874,2.36536645993747,1100,gr-infraprojects,Small Cap,Aug-2025
133350,8843.0,1,State Bank Of India,Bank,Banking,Domestic Equities,704361.0,704361.0,0.0,56.525,56.1059,0.7469802641076937,2.27614867992437,1100,state-bank-of-india,Large Cap,Aug-2025
115643,7007.0,1,Coal India Ltd.,Mining,Mining,Domestic Equities,1400000.0,1400000.0,0.0,52.472,52.68899999999999,-0.411850670918025,2.11294247736385,1100,coal-india,Large Cap,Aug-2025
171400,5889.0,1,Axis Bank Ltd.,Bank,Banking,Domestic Equities,500000.0,500000.0,0.0,52.26,53.42,-2.1714713590415573,2.10440566143914,1100,axis-bank,Large Cap,Aug-2025
152334,5218.0,1,Ambuja Cements Ltd.,Construction Materials,Construction Materials,Domestic Equities,900000.0,900000.0,0.0,50.688,53.343,-4.977222878353298,2.04110436599746,1100,ambuja-cements,Large Cap,Aug-2025
38020,6672.0,1,Apollo Hospitals Enterprise Ltd.,Healthcare,Healthcare,Domestic Equities,60000.0,60000.0,0.0,45.66,44.988,1.4937316617764695,1.83863686378322,1100,apollo-hospitals-enterprise,Large Cap,Aug-2025
517,7825.0,1,Power Grid Corporation Of India Ltd.,Power,Power,Domestic Equities,1600000.0,1500000.0,6.666666666666667,44.04,43.65,0.8934707903780068,1.77340270435859,1100,power-grid-corporation-of-india,Large Cap,Aug-2025
155709,99978.0,1,Paradeep Phosphates Ltd.,Chemicals,Chemicals,Domestic Equities,2000000.0,2400000.0,-16.666666666666664,43.484,51.7056,-15.900792177249674,1.75101369655606,1100,paradeep-phosphates,Small Cap,Aug-2025
152241,8254.0,1,NCC Ltd.,Infrastructure,Infrastructure,Domestic Equities,2000000.0,1800000.0,11.11111111111111,40.9,39.1878,4.369216950173263,1.6469611854738,1100,ncc,Small Cap,Aug-2025
539,7794.0,1,Adani Ports and Special Economic Zone Ltd.,Logistics,Logistics,Domestic Equities,300000.0,300000.0,0.0,39.384,41.193000000000005,-4.391522831549052,1.58591489801223,1100,adani-ports-and-special-economic-zone,Large Cap,Aug-2025
152362,5226.0,1,Tata Steel Ltd.,Iron & Steel,Iron & Steel,Domestic Equities,2500000.0,2500000.0,0.0,38.62,39.485,-2.190705331138408,1.55515014628358,1100,tata-steel,Large Cap,Aug-2025
46521,101004.0,1,Delhivery Ltd.,Logistics,Logistics,Domestic Equities,800000.0,800000.0,0.0,37.444,34.02,10.064667842445624,1.50779497870125,1100,delhivery,Small Cap,Aug-2025
152370,5063.0,1,Escorts Kubota Ltd.,Automobile & Ancillaries,Automobile & Ancillaries,Domestic Equities,104948.0,104948.0,0.0,37.4433,35.2541,6.209774182293693,1.5077667911015,1100,escorts-kubota,Mid Cap,Aug-2025
152376,5012.0,1,Bharat Petroleum Corporation Ltd.,Crude Oil,Crude Oil,Domestic Equities,1200000.0,1200000.0,0.0,36.984,39.516,-6.407531126632246,1.48927169886462,1100,bharat-petroleum-corporation,Large Cap,Aug-2025
152275,6296.0,1,Birla Corporation Ltd.,Construction Materials,Construction Materials,Domestic Equities,281091.0,281091.0,0.0,35.1813,37.9894,-7.391798764918633,1.41668057590488,1100,birla-corporation,Small Cap,Aug-2025
134703,87891.0,1,Hindustan Aeronautics Ltd.,Capital Goods,Capital Goods,Domestic Equities,80000.0,80000.0,0.0,34.6608,36.2712,-4.43988619069675,1.39572108208974,1100,hindustan-aeronautics,Large Cap,Aug-2025
133635,5732.0,1,Indraprastha Gas Ltd.,Gas Transmission,Gas Transmission,Domestic Equities,1600000.0,1600000.0,0.0,33.0784,32.808,0.82418922214094,1.33200099945175,1100,indraprastha-gas,Small Cap,Aug-2025
152343,5043.0,1,Hindalco Industries Ltd.,Non - Ferrous Metals,Non - Ferrous Metals,Domestic Equities,429294.0,429294.0,0.0,30.2202,29.3229,3.060065682452964,1.21690700286688,1100,hindalco-industries,Large Cap,Aug-2025
154098,6604.0,1,TD Power Systems Ltd.,Capital Goods,Capital Goods,Domestic Equities,600000.0,826622.0,-27.415432930650287,30.111,42.166,-28.58938481240811,1.21250973730566,1100,td-power-systems,Small Cap,Aug-2025
171624,5869.0,1,Blue Dart Express Ltd.,Logistics,Logistics,Domestic Equities,50000.0,35000.0,42.85714285714285,28.0375,20.979,33.64555031221697,1.1290140400421,1100,blue-dart-express,Small Cap,Aug-2025
113882,6219.0,1,Centum Electronics Ltd.,Electricals,Electricals,Domestic Equities,99411.0,99411.0,0.0,27.3728,21.9867,24.49708232704317,1.10224790067817,1100,centum-electronics,Small Cap,Aug-2025
152324,4941.0,1,ACC Ltd.,Construction Materials,Construction Materials,Domestic Equities,150000.0,150000.0,0.0,27.027,26.826,0.749273093267722,1.08832322640099,1100,acc,Mid Cap,Aug-2025
152604,5456.0,1,Power Finance Corporation Ltd.,Finance,Finance,Domestic Equities,700000.0,700000.0,0.0,26.579,28.6965,-7.378948652274668,1.0702831625601,1100,power-finance-corporation,Large Cap,Aug-2025
114515,6989.0,1,Gujarat Pipavav Port Ltd.,Logistics,Logistics,Domestic Equities,1768836.0,1768836.0,0.0,26.375100000000003,27.9883,-5.763837031902606,1.06207251743252,1100,gujarat-pipavav-port,Small Cap,Aug-2025
38803,5403.0,1,Indus Towers Ltd.,Telecom,Telecom,Domestic Equities,750000.0,750000.0,0.0,25.395,27.225,-6.721763085399449,1.02260585098062,1100,indus-towers,Large Cap,Aug-2025
152503,5921.0,1,Gujarat State Petronet Ltd.,Gas Transmission,Gas Transmission,Domestic Equities,800000.0,800000.0,0.0,23.192,25.22,-8.041237113402069,0.933895447763042,1100,gujarat-state-petronet,Small Cap,Aug-2025
76083,6699.0,1,Ashoka Buildcon Ltd.,Infrastructure,Infrastructure,Domestic Equities,1333350.0,1333350.0,0.0,23.0376,26.8417,-14.1723512296166,0.927678068617879,1100,ashoka-buildcon,Small Cap,Aug-2025
152486,5772.0,1,AIA Engineering Ltd.,Automobile & Ancillaries,Automobile & Ancillaries,Domestic Equities,67836.0,59454.0,14.098294479765867,20.7327,18.6246,11.318900808607966,0.834864356236496,1100,aia-engineering,Mid Cap,Aug-2025
77309,15532.0,1,Inox Wind Ltd.,Capital Goods,Capital Goods,Domestic Equities,1489743.0,1400000.0,6.410214285714286,20.5763,21.1036,-2.498625826873141,0.828566441092044,1100,inox-wind,Small Cap,Aug-2025
39503,103957.0,1,Gateway Distriparks Ltd.,Logistics,Logistics,Domestic Equities,3000000.0,3000000.0,0.0,19.317,21.252,-9.105025409373226,0.777856949139302,1100,gateway-distriparks,Small Cap,Aug-2025
152554,7075.0,1,Voltamp Transformers Ltd.,Capital Goods,Capital Goods,Domestic Equities,24684.0,24684.0,0.0,19.2733,21.8108,-11.634144552240176,0.776097237554822,1100,voltamp-transformers,Small Cap,Aug-2025
133309,5981.0,1,Bharat Electronics Ltd.,Capital Goods,Capital Goods,Domestic Equities,500000.0,500000.0,0.0,18.47,19.155,-3.576089793787523,0.743749953440125,1100,bharat-electronics,Large Cap,Aug-2025
695,7346.0,1,Titagarh Rail Systems Ltd.,Automobile & Ancillaries,Automobile & Ancillaries,Domestic Equities,220000.0,220000.0,0.0,18.161,18.9233,-4.028367145265362,0.731307141549871,1100,titagarh-rail-systems,Small Cap,Aug-2025
216574,111935.0,1,Ceigall India Ltd.,Infrastructure,Infrastructure,Domestic Equities,700000.0,700000.0,0.0,17.166800000000002,17.479,-1.7861433720464572,0.691272696302975,1100,ceigall-india,Small Cap,Aug-2025
56723,6834.0,1,Can Fin Homes Ltd.,Finance,Finance,Domestic Equities,238601.0,238601.0,0.0,17.1232,17.9416,-4.561466089980835,0.68951701151846,1100,can-fin-homes,Small Cap,Aug-2025
58595,86782.0,1,Indian Energy Exchange Ltd.,Power,Power,Domestic Equities,1200000.0,800000.0,50.0,16.776,10.824000000000002,54.98891352549887,0.675535962041773,1100,indian-energy-exchange,Small Cap,Aug-2025
653,111996.0,1,Afcons Infrastructure Ltd.,Infrastructure,Infrastructure,Domestic Equities,400000.0,400000.0,0.0,16.712,15.97,4.646211646837823,0.672958810064503,1100,afcons-infrastructure,Small Cap,Aug-2025
65953,90815.0,1,The Anup Engineering Ltd.,Capital Goods,Capital Goods,Domestic Equities,70000.0,70000.0,0.0,15.5029,18.5171,-16.27792688919972,0.624270771693932,1100,the-anup-engineering,Small Cap,Aug-2025
19243,8235.0,1,Premier Explosives Ltd.,Chemicals,Chemicals,Domestic Equities,300000.0,360000.0,-16.666666666666664,15.1095,15.8004,-4.37267410951621,0.608429340633653,1100,premier-explosives,Small Cap,Aug-2025
808,7339.0,1,Repco Home Finance Ltd.,Finance,Finance,Domestic Equities,428000.0,428000.0,0.0,14.843,17.4688,-15.031370214324976,0.597697918728304,1100,repco-home-finance,Small Cap,Aug-2025
133170,6243.0,1,Timken India Ltd.,Automobile & Ancillaries,Automobile & Ancillaries,Domestic Equities,50000.0,50000.0,0.0,14.441,16.5945,-12.977191238060811,0.58151018287108,1100,timken-india,Small Cap,Aug-2025
202693,106086.0,1,IKIO Technologies Ltd.,Electricals,Electricals,Domestic Equities,625000.0,625000.0,0.0,12.9181,12.5238,3.148405436049748,0.520186046211959,1100,ikio-technologies,Small Cap,Aug-2025
19032,5817.0,1,Dynamatic Technologies Ltd.,Capital Goods,Capital Goods,Domestic Equities,18000.0,18000.0,0.0,11.5731,11.916,-2.877643504531719,0.466025586689654,1100,dynamatic-technologies,Small Cap,Aug-2025
75947,5338.0,1,Tamil Nadu Newsprint & Papers Ltd.,Paper,Paper,Domestic Equities,700000.0,700000.0,0.0,11.3694,11.2371,1.1773500280321452,0.457822995162001,1100,tamil-nadu-newsprint-papers,Small Cap,Aug-2025
152605,7848.0,1,Ahluwalia Contracts (India) Ltd.,Realty,Realty,Domestic Equities,115383.0,115383.0,0.0,10.6199,11.8002,-10.002372841138284,0.427642129428196,1100,ahluwalia-contracts-india,Small Cap,Aug-2025
152608,7159.0,1,Indian Bank,Bank,Banking,Domestic Equities,67855.0,67855.0,0.0,4.4316,4.218500000000001,5.051558610880645,0.178451667226056,1100,indian-bank,Mid Cap,Aug-2025
171888,8748.0,1,ICICI Bank Ltd.,Bank,Banking,Domestic Equities,1300000.0,1300000.0,0.0,192.582,187.954,2.462304606446254,7.58225656998386,1100,icici-bank,Large Cap,Jul-2025
171875,5051.0,1,HDFC Bank Ltd.,Bank,Banking,Domestic Equities,700000.0,700000.0,0.0,141.274,140.105,0.8343742193354958,5.56217982297359,1100,hdfc-bank,Large Cap,Jul-2025
152372,4964.0,1,Larsen & Toubro Ltd.,Infrastructure,Infrastructure,Domestic Equities,380000.0,380000.0,0.0,138.187,139.4524,-0.9074063981688308,5.44063977233781,1100,larsen-toubro,Large Cap,Jul-2025
640,7202.0,1,J Kumar Infraprojects Ltd.,Infrastructure,Infrastructure,Domestic Equities,1400000.0,1400000.0,0.0,98.595,101.045,-2.4246622791825425,3.88184039275508,1100,j-kumar-infraprojects,Small Cap,Jul-2025
96486,15829.0,1,Interglobe Aviation Ltd.,Aviation,Aviation,Domestic Equities,150000.0,150000.0,0.0,88.6575,89.6475,-1.1043252739897933,3.49058537066467,1100,interglobe-aviation,Large Cap,Jul-2025
171520,5812.0,1,Kalpataru Projects International Ltd.,Infrastructure,Infrastructure,Domestic Equities,758285.0,758285.0,0.0,87.0056,93.0567,-6.50259465465679,3.42554746666556,1100,kalpataru-projects-international,Small Cap,Jul-2025
133664,7760.0,1,NTPC Ltd.,Power,Power,Domestic Equities,2200000.0,2200000.0,0.0,73.535,73.678,-0.1940877873992261,2.89518873453263,1100,ntpc,Large Cap,Jul-2025
171531,4897.0,1,Reliance Industries Ltd.,Crude Oil,Crude Oil,Domestic Equities,500000.0,500000.0,0.0,69.51,75.03,-7.357057177129149,2.73671814696897,1100,reliance-industries,Large Cap,Jul-2025
133593,6508.0,1,Bharti Airtel Ltd.,Telecom,Telecom,Domestic Equities,350000.0,350000.0,0.0,67.0005,70.336,-4.742237261146499,2.6379151806358,1100,bharti-airtel,Large Cap,Jul-2025
137807,98607.0,1,GR Infraprojects Ltd.,Infrastructure,Infrastructure,Domestic Equities,470000.0,470000.0,0.0,57.2554,61.9695,-7.607129313613953,2.25423524948881,1100,gr-infraprojects,Small Cap,Jul-2025
133350,8843.0,1,State Bank Of India,Bank,Banking,Domestic Equities,704361.0,704361.0,0.0,56.1059,57.78229999999999,-2.90123446107198,2.20897762454361,1100,state-bank-of-india,Large Cap,Jul-2025
171400,5889.0,1,Axis Bank Ltd.,Bank,Banking,Domestic Equities,500000.0,500000.0,0.0,53.42,59.96,-10.907271514342897,2.10322951245982,1100,axis-bank,Large Cap,Jul-2025
152334,5218.0,1,Ambuja Cements Ltd.,Construction Materials,Construction Materials,Domestic Equities,900000.0,900000.0,0.0,53.343,51.9705,2.640921291886744,2.10019790121948,1100,ambuja-cements,Large Cap,Jul-2025
115643,7007.0,1,Coal India Ltd.,Mining,Mining,Domestic Equities,1400000.0,1400000.0,0.0,52.68899999999999,54.873000000000005,-3.980099502487572,2.07444889146379,1100,coal-india,Large Cap,Jul-2025
155709,99978.0,1,Paradeep Phosphates Ltd.,Chemicals,Chemicals,Domestic Equities,2400000.0,3753649.0,-36.06221572661696,51.7056,60.0509,-13.897044007666825,2.03573088505134,1100,paradeep-phosphates,Small Cap,Jul-2025
38020,6672.0,1,Apollo Hospitals Enterprise Ltd.,Healthcare,Healthcare,Domestic Equities,60000.0,60000.0,0.0,44.988,43.452,3.534935100800892,1.77124839585441,1100,apollo-hospitals-enterprise,Large Cap,Jul-2025
517,7825.0,1,Power Grid Corporation Of India Ltd.,Power,Power,Domestic Equities,1500000.0,1500000.0,0.0,43.65,44.985,-2.9676558852950983,1.71856922910654,1100,power-grid-corporation-of-india,Large Cap,Jul-2025
154098,6604.0,1,TD Power Systems Ltd.,Capital Goods,Capital Goods,Domestic Equities,826622.0,900000.0,-8.15311111111111,42.166,44.955,-6.203981759537307,1.66014181247437,1100,td-power-systems,Small Cap,Jul-2025
539,7794.0,1,Adani Ports and Special Economic Zone Ltd.,Logistics,Logistics,Domestic Equities,300000.0,300000.0,0.0,41.193000000000005,43.506,-5.3165080678527135,1.62183327043724,1100,adani-ports-and-special-economic-zone,Large Cap,Jul-2025
152376,5012.0,1,Bharat Petroleum Corporation Ltd.,Crude Oil,Crude Oil,Domestic Equities,1200000.0,1200000.0,0.0,39.516,39.834,-0.798312998945629,1.55580713991693,1100,bharat-petroleum-corporation,Large Cap,Jul-2025
152362,5226.0,1,Tata Steel Ltd.,Iron & Steel,Iron & Steel,Domestic Equities,2500000.0,2500000.0,0.0,39.485,39.94,-1.1392088132198297,1.55458662110588,1100,tata-steel,Large Cap,Jul-2025
152241,8254.0,1,NCC Ltd.,Infrastructure,Infrastructure,Domestic Equities,1800000.0,1700000.0,5.88235294117647,39.1878,39.1782,0.0245034228218763,1.54288538914963,1100,ncc,Small Cap,Jul-2025
152275,6296.0,1,Birla Corporation Ltd.,Construction Materials,Construction Materials,Domestic Equities,281091.0,281091.0,0.0,37.9894,37.7337,0.6776435918025575,1.49570249420893,1100,birla-corporation,Small Cap,Jul-2025
134703,87891.0,1,Hindustan Aeronautics Ltd.,Capital Goods,Capital Goods,Domestic Equities,80000.0,80000.0,0.0,36.2712,38.958400000000005,-6.897613865045798,1.42805425481716,1100,hindustan-aeronautics,Large Cap,Jul-2025
152370,5063.0,1,Escorts Kubota Ltd.,Automobile & Ancillaries,Automobile & Ancillaries,Domestic Equities,104948.0,100000.0,4.948,35.2541,33.346,5.722125592274934,1.38800942634238,1100,escorts-kubota,Mid Cap,Jul-2025
46521,101004.0,1,Delhivery Ltd.,Logistics,Logistics,Domestic Equities,800000.0,800000.0,0.0,34.02,30.624,11.089341692789963,1.33942096619025,1100,delhivery,Small Cap,Jul-2025
133635,5732.0,1,Indraprastha Gas Ltd.,Gas Transmission,Gas Transmission,Domestic Equities,1600000.0,1600000.0,0.0,32.808,34.8592,-5.884242897140493,1.29170261783568,1100,indraprastha-gas,Small Cap,Jul-2025
152343,5043.0,1,Hindalco Industries Ltd.,Non - Ferrous Metals,Non - Ferrous Metals,Domestic Equities,429294.0,429294.0,0.0,29.3229,29.7436,-1.4144219260614104,1.15448874337155,1100,hindalco-industries,Large Cap,Jul-2025
152604,5456.0,1,Power Finance Corporation Ltd.,Finance,Finance,Domestic Equities,700000.0,700000.0,0.0,28.6965,29.918000000000003,-4.082826392138514,1.12982638907344,1100,power-finance-corporation,Large Cap,Jul-2025
114515,6989.0,1,Gujarat Pipavav Port Ltd.,Logistics,Logistics,Domestic Equities,1768836.0,1768836.0,0.0,27.9883,28.5702,-2.036737579715929,1.10194343997715,1100,gujarat-pipavav-port,Small Cap,Jul-2025
38803,5403.0,1,Indus Towers Ltd.,Telecom,Telecom,Domestic Equities,750000.0,750000.0,0.0,27.225,31.5825,-13.797197815245784,1.07189111712315,1100,indus-towers,Large Cap,Jul-2025
76083,6699.0,1,Ashoka Buildcon Ltd.,Infrastructure,Infrastructure,Domestic Equities,1333350.0,1333350.0,0.0,26.8417,28.387,-5.443689012576171,1.05679999259814,1100,ashoka-buildcon,Small Cap,Jul-2025
152324,4941.0,1,ACC Ltd.,Construction Materials,Construction Materials,Domestic Equities,150000.0,150000.0,0.0,26.826,28.758000000000003,-6.718130607135415,1.05618185887771,1100,acc,Mid Cap,Jul-2025
152503,5921.0,1,Gujarat State Petronet Ltd.,Gas Transmission,Gas Transmission,Domestic Equities,800000.0,800000.0,0.0,25.22,26.364,-4.3392504930966505,0.992951110150445,1100,gujarat-state-petronet,Small Cap,Jul-2025
113882,6219.0,1,Centum Electronics Ltd.,Electricals,Electricals,Domestic Equities,99411.0,99411.0,0.0,21.9867,23.8069,-7.645682554217474,0.865650998158001,1100,centum-electronics,Small Cap,Jul-2025
152554,7075.0,1,Voltamp Transformers Ltd.,Capital Goods,Capital Goods,Domestic Equities,24684.0,24684.0,0.0,21.8108,23.4893,-7.145806814166448,0.85872553819466,1100,voltamp-transformers,Small Cap,Jul-2025
39503,103957.0,1,Gateway Distriparks Ltd.,Logistics,Logistics,Domestic Equities,3000000.0,3000000.0,0.0,21.252,19.797,7.349598424003625,0.836724702336132,1100,gateway-distriparks,Small Cap,Jul-2025
77309,15532.0,1,Inox Wind Ltd.,Capital Goods,Capital Goods,Domestic Equities,1400000.0,1400000.0,0.0,21.1036,24.547600000000003,-14.029884795254937,0.830881960672916,1100,inox-wind,Small Cap,Jul-2025
171624,5869.0,1,Blue Dart Express Ltd.,Logistics,Logistics,Domestic Equities,35000.0,30000.0,16.666666666666664,20.979,19.1685,9.445183504186566,0.825976262483988,1100,blue-dart-express,Small Cap,Jul-2025
133309,5981.0,1,Bharat Electronics Ltd.,Capital Goods,Capital Goods,Domestic Equities,500000.0,500000.0,0.0,19.155,21.075,-9.11032028469751,0.754162510504828,1100,bharat-electronics,Large Cap,Jul-2025
695,7346.0,1,Titagarh Rail Systems Ltd.,Automobile & Ancillaries,Automobile & Ancillaries,Domestic Equities,220000.0,220000.0,0.0,18.9233,20.7427,-8.771278570292202,0.745040116681599,1100,titagarh-rail-systems,Small Cap,Jul-2025
152486,5772.0,1,AIA Engineering Ltd.,Automobile & Ancillaries,Automobile & Ancillaries,Domestic Equities,59454.0,59454.0,0.0,18.6246,19.6781,-5.353667274787703,0.73327982736352,1100,aia-engineering,Mid Cap,Jul-2025
65953,90815.0,1,The Anup Engineering Ltd.,Capital Goods,Capital Goods,Domestic Equities,70000.0,70000.0,0.0,18.5171,19.3837,-4.470766675092984,0.729047383099397,1100,the-anup-engineering,Small Cap,Jul-2025
56723,6834.0,1,Can Fin Homes Ltd.,Finance,Finance,Domestic Equities,238601.0,238601.0,0.0,17.9416,18.9187,-5.164731191889496,0.706389041945885,1100,can-fin-homes,Small Cap,Jul-2025
216574,111935.0,1,Ceigall India Ltd.,Infrastructure,Infrastructure,Domestic Equities,700000.0,700000.0,0.0,17.479,17.7282,-1.4056700623864715,0.688175751559065,1100,ceigall-india,Small Cap,Jul-2025
808,7339.0,1,Repco Home Finance Ltd.,Finance,Finance,Domestic Equities,428000.0,428000.0,0.0,17.4688,18.8598,-7.375475879913885,0.687774161498656,1100,repco-home-finance,Small Cap,Jul-2025
133170,6243.0,1,Timken India Ltd.,Automobile & Ancillaries,Automobile & Ancillaries,Domestic Equities,50000.0,50000.0,0.0,16.5945,17.491500000000002,-5.12820512820513,0.65335159386961,1100,timken-india,Small Cap,Jul-2025
653,111996.0,1,Afcons Infrastructure Ltd.,Infrastructure,Infrastructure,Domestic Equities,400000.0,400000.0,0.0,15.97,17.498,-8.732426563035773,0.628764045563148,1100,afcons-infrastructure,Small Cap,Jul-2025
19243,8235.0,1,Premier Explosives Ltd.,Chemicals,Chemicals,Domestic Equities,360000.0,360000.0,0.0,15.8004,20.3184,-22.236002834868888,0.622086626519472,1100,premier-explosives,Small Cap,Jul-2025
43013,99994.0,1,Tega Industries Ltd.,Capital Goods,Capital Goods,Domestic Equities,70000.0,70000.0,0.0,13.342,10.9039,22.359889580792185,0.525295547645806,1100,tega-industries,Small Cap,Jul-2025
202693,106086.0,1,IKIO Technologies Ltd.,Electricals,Electricals,Domestic Equities,625000.0,625000.0,0.0,12.5238,13.255,-5.51640890230101,0.493081725349014,1100,ikio-technologies,Small Cap,Jul-2025
19032,5817.0,1,Dynamatic Technologies Ltd.,Capital Goods,Capital Goods,Domestic Equities,18000.0,18000.0,0.0,11.916,12.942,-7.927677329624489,0.469151682337538,1100,dynamatic-technologies,Small Cap,Jul-2025
152605,7848.0,1,Ahluwalia Contracts (India) Ltd.,Realty,Realty,Domestic Equities,115383.0,115383.0,0.0,11.8002,11.7229,0.6593931535712169,0.46459245400465,1100,ahluwalia-contracts-india,Small Cap,Jul-2025
75947,5338.0,1,Tamil Nadu Newsprint & Papers Ltd.,Paper,Paper,Domestic Equities,700000.0,700000.0,0.0,11.2371,11.7376,-4.264074427480912,0.442422320375558,1100,tamil-nadu-newsprint-papers,Small Cap,Jul-2025
58595,86782.0,1,Indian Energy Exchange Ltd.,Power,Power,Domestic Equities,800000.0,,,10.824000000000002,,,0.426157922928962,1100,indian-energy-exchange,Small Cap,Jul-2025
152608,7159.0,1,Indian Bank,Bank,Banking,Domestic Equities,67855.0,67855.0,0.0,4.218500000000001,4.3661,-3.3805913744531715,0.166088987239082,1100,indian-bank,Mid Cap,Jul-2025
171888,8748.0,1,ICICI Bank Ltd.,Bank,Banking,Domestic Equities,1300000.0,1300000.0,0.0,187.954,187.954,0.0,7.25370556317081,1100,icici-bank,Large Cap,Jun-2025
171875,5051.0,1,HDFC Bank Ltd.,Bank,Banking,Domestic Equities,700000.0,700000.0,0.0,140.105,136.143,2.9101753303511804,5.40706991034001,1100,hdfc-bank,Large Cap,Jun-2025
152372,4964.0,1,Larsen & Toubro Ltd.,Infrastructure,Infrastructure,Domestic Equities,380000.0,380000.0,0.0,139.4524,139.6538,-0.1442137628908015,5.38188412950786,1100,larsen-toubro,Large Cap,Jun-2025
640,7202.0,1,J Kumar Infraprojects Ltd.,Infrastructure,Infrastructure,Domestic Equities,1400000.0,1450000.0,-3.4482758620689653,101.045,102.6673,-1.580152589967785,3.8996279867978,1100,j-kumar-infraprojects,Small Cap,Jun-2025
171520,5812.0,1,Kalpataru Projects International Ltd.,Infrastructure,Infrastructure,Domestic Equities,758285.0,758285.0,0.0,93.0567,86.3497,7.767253389415376,3.59133565915233,1100,kalpataru-projects-international,Small Cap,Jun-2025
96486,15829.0,1,Interglobe Aviation Ltd.,Aviation,Aviation,Domestic Equities,150000.0,150000.0,0.0,89.6475,79.95,12.129455909943715,3.45976446084869,1100,interglobe-aviation,Large Cap,Jun-2025
171531,4897.0,1,Reliance Industries Ltd.,Crude Oil,Crude Oil,Domestic Equities,500000.0,500000.0,0.0,75.03,71.045,5.609120979660778,2.89563152901617,1100,reliance-industries,Large Cap,Jun-2025
133664,7760.0,1,NTPC Ltd.,Power,Power,Domestic Equities,2200000.0,2200000.0,0.0,73.678,73.458,0.2994908655286013,2.84345381573842,1100,ntpc,Large Cap,Jun-2025
133593,6508.0,1,Bharti Airtel Ltd.,Telecom,Telecom,Domestic Equities,350000.0,350000.0,0.0,70.336,64.967,8.264195668570204,2.71447606590539,1100,bharti-airtel,Large Cap,Jun-2025
137807,98607.0,1,GR Infraprojects Ltd.,Infrastructure,Infrastructure,Domestic Equities,470000.0,470000.0,0.0,61.9695,60.1506,3.0239099859352923,2.3915878720161,1100,gr-infraprojects,Small Cap,Jun-2025
155709,99978.0,1,Paradeep Phosphates Ltd.,Chemicals,Chemicals,Domestic Equities,3753649.0,3800000.0,-1.2197631578947368,60.0509,65.46640000000001,-8.272182371414956,2.31754337446085,1100,paradeep-phosphates,Small Cap,Jun-2025
171400,5889.0,1,Axis Bank Ltd.,Bank,Banking,Domestic Equities,500000.0,500000.0,0.0,59.96,59.61,0.587149807079349,2.31403527228855,1100,axis-bank,Large Cap,Jun-2025
133350,8843.0,1,State Bank Of India,Bank,Banking,Domestic Equities,704361.0,704361.0,0.0,57.78229999999999,57.2152,0.9911701785539354,2.22999133278783,1100,state-bank-of-india,Large Cap,Jun-2025
115643,7007.0,1,Coal India Ltd.,Mining,Mining,Domestic Equities,1400000.0,1400000.0,0.0,54.873000000000005,55.622,-1.3465894789831296,2.11771276678268,1100,coal-india,Large Cap,Jun-2025
152334,5218.0,1,Ambuja Cements Ltd.,Construction Materials,Construction Materials,Domestic Equities,900000.0,900000.0,0.0,51.9705,49.815,4.327009936766038,2.00569663306324,1100,ambuja-cements,Large Cap,Jun-2025
517,7825.0,1,Power Grid Corporation Of India Ltd.,Power,Power,Domestic Equities,1500000.0,1500000.0,0.0,44.985,43.4625,3.5030198446937013,1.73610534896431,1100,power-grid-corporation-of-india,Large Cap,Jun-2025
154098,6604.0,1,TD Power Systems Ltd.,Capital Goods,Capital Goods,Domestic Equities,900000.0,900000.0,0.0,44.955,46.881,-4.108274140909972,1.73494755946851,1100,td-power-systems,Small Cap,Jun-2025
539,7794.0,1,Adani Ports and Special Economic Zone Ltd.,Logistics,Logistics,Domestic Equities,300000.0,350000.0,-14.285714285714285,43.506,50.148,-13.244795405599422,1.67902632682097,1100,adani-ports-and-special-economic-zone,Large Cap,Jun-2025
38020,6672.0,1,Apollo Hospitals Enterprise Ltd.,Healthcare,Healthcare,Domestic Equities,60000.0,60000.0,0.0,43.452,41.283,5.25397863527359,1.67694230572852,1100,apollo-hospitals-enterprise,Large Cap,Jun-2025
152362,5226.0,1,Tata Steel Ltd.,Iron & Steel,Iron & Steel,Domestic Equities,2500000.0,2500000.0,0.0,39.94,40.255,-0.782511489255993,1.54140374875258,1100,tata-steel,Large Cap,Jun-2025
152376,5012.0,1,Bharat Petroleum Corporation Ltd.,Crude Oil,Crude Oil,Domestic Equities,1200000.0,1200000.0,0.0,39.834,38.208,4.255653266331656,1.53731289253406,1100,bharat-petroleum-corporation,Large Cap,Jun-2025
152241,8254.0,1,NCC Ltd.,Infrastructure,Infrastructure,Domestic Equities,1700000.0,1700000.0,0.0,39.1782,39.3023,-0.3157576019723999,1.51200361415569,1100,ncc,Small Cap,Jun-2025
134703,87891.0,1,Hindustan Aeronautics Ltd.,Capital Goods,Capital Goods,Domestic Equities,80000.0,80000.0,0.0,38.958400000000005,39.7928,-2.096861743833057,1.50352087644974,1100,hindustan-aeronautics,Large Cap,Jun-2025
152275,6296.0,1,Birla Corporation Ltd.,Construction Materials,Construction Materials,Domestic Equities,281091.0,281091.0,0.0,37.7337,38.6331,-2.3280554757448937,1.45625604993253,1100,birla-corporation,Small Cap,Jun-2025
133635,5732.0,1,Indraprastha Gas Ltd.,Gas Transmission,Gas Transmission,Domestic Equities,1600000.0,1600000.0,0.0,34.8592,33.0656,5.424368528017037,1.34532051974251,1100,indraprastha-gas,Small Cap,Jun-2025
152370,5063.0,1,Escorts Kubota Ltd.,Automobile & Ancillaries,Automobile & Ancillaries,Domestic Equities,100000.0,96665.0,3.450059483784204,33.346,32.1092,3.851855542959645,1.28692161757395,1100,escorts-kubota,Mid Cap,Jun-2025
38803,5403.0,1,Indus Towers Ltd.,Telecom,Telecom,Domestic Equities,750000.0,750000.0,0.0,31.5825,28.811300000000003,9.618448317153334,1.21886289171203,1100,indus-towers,Large Cap,Jun-2025
46521,101004.0,1,Delhivery Ltd.,Logistics,Logistics,Domestic Equities,800000.0,800000.0,0.0,30.624,28.64,6.927374301675981,1.18187151732096,1100,delhivery,Small Cap,Jun-2025
152604,5456.0,1,Power Finance Corporation Ltd.,Finance,Finance,Domestic Equities,700000.0,700000.0,0.0,29.918000000000003,28.4165,5.283901958369261,1.15462487118627,1100,power-finance-corporation,Large Cap,Jun-2025
152343,5043.0,1,Hindalco Industries Ltd.,Non - Ferrous Metals,Non - Ferrous Metals,Domestic Equities,429294.0,429294.0,0.0,29.7436,27.1958,9.368358349451023,1.14789425491731,1100,hindalco-industries,Large Cap,Jun-2025
152324,4941.0,1,ACC Ltd.,Construction Materials,Construction Materials,Domestic Equities,150000.0,150000.0,0.0,28.758000000000003,28.242,1.8270660718079583,1.10985701068169,1100,acc,Mid Cap,Jun-2025
114515,6989.0,1,Gujarat Pipavav Port Ltd.,Logistics,Logistics,Domestic Equities,1768836.0,1768836.0,0.0,28.5702,27.6204,3.438762653690751,1.10260924843793,1100,gujarat-pipavav-port,Small Cap,Jun-2025
76083,6699.0,1,Ashoka Buildcon Ltd.,Infrastructure,Infrastructure,Domestic Equities,1333350.0,1333350.0,0.0,28.387,29.3444,-3.2626327340139936,1.09553901391686,1100,ashoka-buildcon,Small Cap,Jun-2025
152503,5921.0,1,Gujarat State Petronet Ltd.,Gas Transmission,Gas Transmission,Domestic Equities,800000.0,800000.0,0.0,26.364,26.304,0.2281021897810218,1.0174654089162,1100,gujarat-state-petronet,Small Cap,Jun-2025
77309,15532.0,1,Inox Wind Ltd.,Capital Goods,Capital Goods,Domestic Equities,1400000.0,1500000.0,-6.666666666666667,24.547600000000003,29.25,-16.076581196581188,0.947365114243335,1100,inox-wind,Small Cap,Jun-2025
113882,6219.0,1,Centum Electronics Ltd.,Electricals,Electricals,Domestic Equities,99411.0,99411.0,0.0,23.8069,24.808000000000003,-4.035391809093845,0.918779291591832,1100,centum-electronics,Small Cap,Jun-2025
152554,7075.0,1,Voltamp Transformers Ltd.,Capital Goods,Capital Goods,Domestic Equities,24684.0,24684.0,0.0,23.4893,20.4544,14.837394399249051,0.906522160129543,1100,voltamp-transformers,Small Cap,Jun-2025
133309,5981.0,1,Bharat Electronics Ltd.,Capital Goods,Capital Goods,Domestic Equities,500000.0,500000.0,0.0,21.075,19.23,9.594383775351014,0.813347120805223,1100,bharat-electronics,Large Cap,Jun-2025
695,7346.0,1,Titagarh Rail Systems Ltd.,Automobile & Ancillaries,Automobile & Ancillaries,Domestic Equities,220000.0,220000.0,0.0,20.7427,19.6152,5.748093315388067,0.800522672489988,1100,titagarh-rail-systems,Small Cap,Jun-2025
19243,8235.0,1,Premier Explosives Ltd.,Chemicals,Chemicals,Domestic Equities,360000.0,400000.0,-10.0,20.3184,23.12,-12.117647058823533,0.784147669720941,1100,premier-explosives,Small Cap,Jun-2025
39503,103957.0,1,Gateway Distriparks Ltd.,Logistics,Logistics,Domestic Equities,3000000.0,3000000.0,0.0,19.797,19.119,3.546210575866936,0.764025288283796,1100,gateway-distriparks,Small Cap,Jun-2025
152486,5772.0,1,AIA Engineering Ltd.,Automobile & Ancillaries,Automobile & Ancillaries,Domestic Equities,59454.0,59454.0,0.0,19.6781,20.7964,-5.37737300686657,0.759436582582076,1100,aia-engineering,Mid Cap,Jun-2025
65953,90815.0,1,The Anup Engineering Ltd.,Capital Goods,Capital Goods,Domestic Equities,70000.0,70000.0,0.0,19.3837,19.4474,-0.3275502123677262,0.748074808329879,1100,the-anup-engineering,Small Cap,Jun-2025
171624,5869.0,1,Blue Dart Express Ltd.,Logistics,Logistics,Domestic Equities,30000.0,30000.0,0.0,19.1685,19.866,-3.511023859861069,0.739769598346615,1100,blue-dart-express,Small Cap,Jun-2025
56723,6834.0,1,Can Fin Homes Ltd.,Finance,Finance,Domestic Equities,238601.0,238601.0,0.0,18.9187,18.8053,0.6030214886228839,0.730129071144852,1100,can-fin-homes,Small Cap,Jun-2025
808,7339.0,1,Repco Home Finance Ltd.,Finance,Finance,Domestic Equities,428000.0,428000.0,0.0,18.8598,16.7113,12.856570105258116,0.727855944434749,1100,repco-home-finance,Small Cap,Jun-2025
216574,111935.0,1,Ceigall India Ltd.,Infrastructure,Infrastructure,Domestic Equities,700000.0,700000.0,0.0,17.7282,17.4895,1.3648188913347947,0.684184124652866,1100,ceigall-india,Small Cap,Jun-2025
653,111996.0,1,Afcons Infrastructure Ltd.,Infrastructure,Infrastructure,Domestic Equities,400000.0,400000.0,0.0,17.498,16.922,3.4038529724618787,0.675300019921698,1100,afcons-infrastructure,Small Cap,Jun-2025
133170,6243.0,1,Timken India Ltd.,Automobile & Ancillaries,Automobile & Ancillaries,Domestic Equities,50000.0,50000.0,0.0,17.491500000000002,15.623,11.959930871151515,0.67504916553094,1100,timken-india,Small Cap,Jun-2025
202693,106086.0,1,IKIO Technologies Ltd.,Electricals,Electricals,Domestic Equities,625000.0,625000.0,0.0,13.255,13.7119,-3.3321421538955254,0.511549992231233,1100,ikio-technologies,Small Cap,Jun-2025
19032,5817.0,1,Dynamatic Technologies Ltd.,Capital Goods,Capital Goods,Domestic Equities,18000.0,18000.0,0.0,12.942,12.3372,4.90224686314561,0.499470388491634,1100,dynamatic-technologies,Small Cap,Jun-2025
75947,5338.0,1,Tamil Nadu Newsprint & Papers Ltd.,Paper,Paper,Domestic Equities,700000.0,700000.0,0.0,11.7376,11.4086,2.88378942201498,0.452988999533257,1100,tamil-nadu-newsprint-papers,Small Cap,Jun-2025
152605,7848.0,1,Ahluwalia Contracts (India) Ltd.,Realty,Realty,Domestic Equities,115383.0,115383.0,0.0,11.7229,11.2268,4.41889051198916,0.45242168268031,1100,ahluwalia-contracts-india,Small Cap,Jun-2025
43013,99994.0,1,Tega Industries Ltd.,Capital Goods,Capital Goods,Domestic Equities,70000.0,70000.0,0.0,10.9039,11.55,-5.593939393939385,0.420814029444748,1100,tega-industries,Small Cap,Jun-2025
152608,7159.0,1,Indian Bank,Bank,Banking,Domestic Equities,67855.0,67855.0,0.0,4.3661,4.1839,4.3547885943736775,0.168500823921598,1100,indian-bank,Mid Cap,Jun-2025
171888,8748.0,1,ICICI Bank Ltd.,Bank,Banking,Domestic Equities,1300000.0,1300000.0,0.0,166.61450000000002,169.013,-1.419121606030297,6.75939511680666,1100,icici-bank,Large Cap,Dec-2024
171875,5051.0,1,HDFC Bank Ltd.,Bank,Banking,Domestic Equities,700000.0,700000.0,0.0,124.0995,125.7235,-1.29172350435678,5.0346011559507,1100,hdfc-bank,Large Cap,Dec-2024
152372,4964.0,1,Larsen & Toubro Ltd.,Infrastructure,Infrastructure,Domestic Equities,330000.0,330000.0,0.0,119.0525,122.9184,-3.1450946318858706,4.82984906561929,1100,larsen-toubro,Large Cap,Dec-2024
640,7202.0,1,J Kumar Infraprojects Ltd.,Infrastructure,Infrastructure,Domestic Equities,1500000.0,1500000.0,0.0,114.45,113.1225,1.173506596830869,4.64312992637809,1100,j-kumar-infraprojects,Small Cap,Dec-2024
171520,5812.0,1,Kalpataru Projects International Ltd.,Infrastructure,Infrastructure,Domestic Equities,758285.0,700000.0,8.32642857142857,98.3647,79.8035,23.258629007499657,3.99056428369771,1100,kalpataru-projects-international,Small Cap,Dec-2024
133664,7760.0,1,NTPC Ltd.,Power,Power,Domestic Equities,2084125.0,2084125.0,0.0,69.4743,75.7892,-8.332189810685424,2.81850765787828,1100,ntpc,Large Cap,Dec-2024
137807,98607.0,1,GR Infraprojects Ltd.,Infrastructure,Infrastructure,Domestic Equities,470000.0,470000.0,0.0,69.13470000000001,76.892,-10.088565780575347,2.80473040210722,1100,gr-infraprojects,Small Cap,Dec-2024
96486,15829.0,1,Interglobe Aviation Ltd.,Aviation,Aviation,Domestic Equities,150000.0,150000.0,0.0,68.3138,65.68350000000001,4.00450645900416,2.77142725351339,1100,interglobe-aviation,Large Cap,Dec-2024
115643,7007.0,1,Coal India Ltd.,Mining,Mining,Domestic Equities,1700000.0,1700000.0,0.0,65.3055,70.788,-7.744956772334294,2.64938332378405,1100,coal-india,Large Cap,Dec-2024
133593,6508.0,1,Bharti Airtel Ltd.,Telecom,Telecom,Domestic Equities,400000.0,400000.0,0.0,63.51,65.086,-2.421411670712601,2.57654156071885,1100,bharti-airtel,Large Cap,Dec-2024
171531,4897.0,1,Reliance Industries Ltd.,Crude Oil,Crude Oil,Domestic Equities,500000.0,500000.0,0.0,60.7725,64.61,-5.939483052159108,2.4654837348258,1100,reliance-industries,Large Cap,Dec-2024
133350,8843.0,1,State Bank Of India,Bank,Banking,Domestic Equities,704361.0,704361.0,0.0,55.9932,59.0924,-5.244667673000252,2.27159198421733,1100,state-bank-of-india,Large Cap,Dec-2024
171400,5889.0,1,Axis Bank Ltd.,Bank,Banking,Domestic Equities,500000.0,500000.0,0.0,53.235,56.815,-6.301152864560415,2.15969437859972,1100,axis-bank,Large Cap,Dec-2024
155709,99978.0,1,Paradeep Phosphates Ltd.,Chemicals,Chemicals,Domestic Equities,4700000.0,4700000.0,0.0,51.8081,52.2076,-0.7652142599927945,2.10180637430134,1100,paradeep-phosphates,Small Cap,Dec-2024
152334,5218.0,1,Ambuja Cements Ltd.,Construction Materials,Construction Materials,Domestic Equities,900000.0,900000.0,0.0,48.222,47.835,0.8090310442144835,1.95632163660816,1100,ambuja-cements,Large Cap,Dec-2024
152241,8254.0,1,NCC Ltd.,Infrastructure,Infrastructure,Domestic Equities,1600000.0,1600000.0,0.0,43.824,49.552,-11.559573781078466,1.77789887194053,1100,ncc,Small Cap,Dec-2024
38020,6672.0,1,Apollo Hospitals Enterprise Ltd.,Healthcare,Healthcare,Domestic Equities,60000.0,60000.0,0.0,43.7781,40.9734,6.845172721814646,1.77603675168172,1100,apollo-hospitals-enterprise,Mid Cap,Dec-2024
77309,15532.0,1,Inox Wind Ltd.,Capital Goods,Capital Goods,Domestic Equities,2300000.0,2400000.0,-4.166666666666666,41.6346,45.8496,-9.19310092127303,1.68907695266738,1100,inox-wind,Small Cap,Dec-2024
76083,6699.0,1,Ashoka Buildcon Ltd.,Infrastructure,Infrastructure,Domestic Equities,1333350.0,1333350.0,0.0,41.4899,33.2631,24.73251140152301,1.68320660840921,1100,ashoka-buildcon,Small Cap,Dec-2024
154098,6604.0,1,TD Power Systems Ltd.,Capital Goods,Capital Goods,Domestic Equities,900000.0,1050000.0,-14.285714285714285,40.5945,45.7958,-11.357591744221088,1.64688106418834,1100,td-power-systems,Small Cap,Dec-2024
19243,8235.0,1,Premier Explosives Ltd.,Chemicals,Chemicals,Domestic Equities,750000.0,800000.0,-6.25,39.1613,36.944,6.001786487656995,1.5887374747564,1100,premier-explosives,Small Cap,Dec-2024
152275,6296.0,1,Birla Corporation Ltd.,Construction Materials,Construction Materials,Domestic Equities,281091.0,281091.0,0.0,34.785,34.927,-0.4065622584247092,1.41119505888215,1100,birla-corporation,Small Cap,Dec-2024
134703,87891.0,1,Hindustan Aeronautics Ltd.,Capital Goods,Other,Domestic Equities,80000.0,80000.0,0.0,33.4268,35.8148,-6.667634609155996,1.35609414961167,1100,hindustan-aeronautics,Large Cap,Dec-2024
133635,5732.0,1,Indraprastha Gas Ltd.,Gas Transmission,Gas Transmission,Domestic Equities,800000.0,800000.0,0.0,33.251999999999995,26.164,27.09065892065432,1.34900267638204,1100,indraprastha-gas,Mid Cap,Dec-2024
114515,6989.0,1,Gujarat Pipavav Port Ltd.,Logistics,Logistics,Domestic Equities,1768836.0,1768836.0,0.0,32.2423,33.1781,-2.820535232578114,1.30804008759511,1100,gujarat-pipavav-port,Small Cap,Dec-2024
65953,90815.0,1,The Anup Engineering Ltd.,Capital Goods,Capital Goods,Domestic Equities,90000.0,99000.0,-9.090909090909092,31.4879,36.186,-12.983197921848229,1.27743478207777,1100,the-anup-engineering,Small Cap,Dec-2024
152604,5456.0,1,Power Finance Corporation Ltd.,Finance,Finance,Domestic Equities,700000.0,700000.0,0.0,31.395,34.671,-9.448818897637793,1.27366591558445,1100,power-finance-corporation,Large Cap,Dec-2024
152324,4941.0,1,ACC Ltd.,Construction Materials,Construction Materials,Domestic Equities,150000.0,150000.0,0.0,30.7875,33.3383,-7.651259962265619,1.24902020627668,1100,acc,Mid Cap,Dec-2024
152370,5063.0,1,Escorts Kubota Ltd.,Automobile & Ancillaries,Automobile & Ancillaries,Domestic Equities,90000.0,70000.0,28.57142857142857,29.993,24.8773,20.56372677099204,1.21678808109968,1100,escorts-kubota,Mid Cap,Dec-2024
152503,5921.0,1,Gujarat State Petronet Ltd.,Gas Transmission,Gas Transmission,Domestic Equities,800000.0,800000.0,0.0,28.952,28.332,2.188338274742341,1.1745556804587,1100,gujarat-state-petronet,Small Cap,Dec-2024
46521,101004.0,1,Delhivery Ltd.,Logistics,Logistics,Domestic Equities,800000.0,800000.0,0.0,27.692,26.876,3.0361660961452563,1.12343865374628,1100,delhivery,Small Cap,Dec-2024
152362,5226.0,1,Tata Steel Ltd.,Iron & Steel,Iron & Steel,Domestic Equities,2000000.0,2000000.0,0.0,27.61,28.908,-4.490106544901072,1.12011199010309,1100,tata-steel,Large Cap,Dec-2024
517,7825.0,1,Power Grid Corporation Of India Ltd.,Power,Power,Domestic Equities,800000.0,800000.0,0.0,24.696,26.352,-6.284153005464479,1.00189372356342,1100,power-grid-corporation-of-india,Large Cap,Dec-2024
133642,6320.0,1,Petronet LNG Ltd.,Inds. Gases & Fuels,Industrials Gases & Fuels,Domestic Equities,700000.0,700000.0,0.0,24.234,23.317,3.9327529270489454,0.983150813768866,1100,petronet-lng,Mid Cap,Dec-2024
39503,103957.0,1,Gateway Distriparks Ltd.,Logistics,Logistics,Domestic Equities,3000000.0,3000000.0,0.0,23.988000000000003,24.786,-3.2195594287097444,0.973170822839298,1100,gateway-distriparks,Small Cap,Dec-2024
216574,111935.0,1,Ceigall India Ltd.,Infrastructure,Infrastructure,Domestic Equities,700000.0,700000.0,0.0,23.786,23.954,-0.7013442431326785,0.964975870937783,1100,ceigall-india,Small Cap,Dec-2024
43013,99994.0,1,Tega Industries Ltd.,Capital Goods,Capital Goods,Domestic Equities,150000.0,171715.0,-12.645954051771833,23.4953,29.5324,-20.442293887391465,0.95318244263199,1100,tega-industries,Small Cap,Dec-2024
653,111996.0,1,Afcons Infrastructure Ltd.,Infrastructure,Infrastructure,Domestic Equities,429184.0,429184.0,0.0,23.4034,21.6244,8.226817853905777,0.949454145207488,1100,afcons-infrastructure,Small Cap,Dec-2024
152376,5012.0,1,Bharat Petroleum Corporation Ltd.,Crude Oil,Crude Oil,Domestic Equities,800000.0,800000.0,0.0,23.396,23.368,0.1198219787743806,0.949153934098225,1100,bharat-petroleum-corporation,Large Cap,Dec-2024
133404,7107.0,1,Hindustan Construction Company Ltd.,Infrastructure,Infrastructure,Domestic Equities,6000000.0,6000000.0,0.0,22.698,25.692,-11.6534329752452,0.920836724062298,1100,hindustan-construction-company,Small Cap,Dec-2024
695,7346.0,1,Titagarh Rail Systems Ltd.,Automobile & Ancillaries,Automobile & Ancillaries,Domestic Equities,200000.0,180000.0,11.11111111111111,22.096,21.699,1.8295773998801703,0.89641414463303,1100,titagarh-rail-systems,Small Cap,Dec-2024
152343,5043.0,1,Hindalco Industries Ltd.,Non - Ferrous Metals,Non - Ferrous Metals,Domestic Equities,350000.0,350000.0,0.0,21.0858,22.967,-8.190882570644833,0.855431271311692,1100,hindalco-industries,Large Cap,Dec-2024
171624,5869.0,1,Blue Dart Express Ltd.,Logistics,Logistics,Domestic Equities,30000.0,30000.0,0.0,20.9024,22.5167,-7.16934541917778,0.847990904090218,1100,blue-dart-express,Small Cap,Dec-2024
152486,5772.0,1,AIA Engineering Ltd.,Automobile & Ancillaries,Automobile & Ancillaries,Domestic Equities,59454.0,59454.0,0.0,20.2301,20.8044,-2.7604737459383624,0.820716319122948,1100,aia-engineering,Mid Cap,Dec-2024
56723,6834.0,1,Can Fin Homes Ltd.,Finance,Finance,Domestic Equities,238601.0,238601.0,0.0,18.117,19.6595,-7.8460795035479025,0.734989819800716,1100,can-fin-homes,Small Cap,Dec-2024
808,7339.0,1,Repco Home Finance Ltd.,Finance,Finance,Domestic Equities,428000.0,428000.0,0.0,17.451700000000002,21.1004,-17.292089249492896,0.707999218315182,1100,repco-home-finance,Small Cap,Dec-2024
133170,6243.0,1,Timken India Ltd.,Automobile & Ancillaries,Automobile & Ancillaries,Domestic Equities,50000.0,50000.0,0.0,15.609000000000002,16.892,-7.595311390007101,0.633242595201709,1100,timken-india,Small Cap,Dec-2024
26622,79332.0,1,Five-Star Business Finance Ltd.,Finance,Finance,Domestic Equities,200000.0,200000.0,0.0,15.476,13.116,17.99329063738945,0.627846909048732,1100,five-star-business-finance,Small Cap,Dec-2024
202693,106086.0,1,IKIO Technologies Ltd.,Electricals,Electricals,Domestic Equities,625000.0,625000.0,0.0,15.2531,16.709400000000002,-8.715453577028505,0.618804063608892,1100,ikio-technologies,Small Cap,Dec-2024
19032,5817.0,1,Dynamatic Technologies Ltd.,Capital Goods,Capital Goods,Domestic Equities,18000.0,18000.0,0.0,15.2304,13.8848,9.691173081355146,0.617883145746692,1100,dynamatic-technologies,Small Cap,Dec-2024
133309,5981.0,1,Bharat Electronics Ltd.,Capital Goods,Other,Domestic Equities,500000.0,500000.0,0.0,14.6575,15.4,-4.821428571428572,0.594641126220069,1100,bharat-electronics,Large Cap,Dec-2024
75947,5338.0,1,Tamil Nadu Newsprint & Papers Ltd.,Paper,Paper,Domestic Equities,700000.0,700000.0,0.0,13.1488,11.9826,9.732445379133086,0.53343457209227,1100,tamil-nadu-newsprint-papers,Small Cap,Dec-2024
171646,5397.0,1,Carborundum Universal Ltd.,Abrasives,Abrasives,Domestic Equities,85000.0,85000.0,0.0,10.877,12.4028,-12.302060824975,0.441269761548401,1100,carborundum-universal,Small Cap,Dec-2024
113882,6219.0,1,Centum Electronics Ltd.,Electricals,Electricals,Domestic Equities,51984.0,51984.0,0.0,10.7979,8.1599,32.32882755916126,0.438060748204788,1100,centum-electronics,Small Cap,Dec-2024
152554,7075.0,1,Voltamp Transformers Ltd.,Capital Goods,Capital Goods,Domestic Equities,10000.0,10000.0,0.0,10.1358,10.1612,-0.2499704759280364,0.411199967739476,1100,voltamp-transformers,Small Cap,Dec-2024
2225,17089.0,1,Dilip Buildcon Ltd.,Realty,Infrastructure,Domestic Equities,187612.0,187612.0,0.0,8.45,9.042,-6.547224065472246,0.342808631523765,1100,dilip-buildcon,Small Cap,Dec-2024
114673,111130.0,1,Inox India Ltd.,Capital Goods,Capital Goods,Domestic Equities,72710.0,72710.0,0.0,8.0479,8.2559,-2.519410361075118,0.326495808951492,1100,inox-india,Small Cap,Dec-2024
152608,7159.0,1,Indian Bank,Bank,Banking,Domestic Equities,67855.0,67855.0,0.0,3.596,3.8969,-7.721522235623181,0.145886371474492,1100,indian-bank,Mid Cap,Dec-2024
1918,107999.0,1,Rishabh Instruments Ltd.,Capital Goods,Capital Goods,Domestic Equities,102882.0,141746.0,-27.41805765242053,3.4656,5.291399999999999,-34.5050459235741,0.140596164900445,1100,rishabh-instruments,Small Cap,Dec-2024
2557,15761.0,1,Sadbhav Infrastructure Project Ltd.,Infrastructure,Infrastructure,Domestic Equities,487948.0,971210.0,-49.758754543301656,0.3191,0.6448999999999999,-50.51946038145449,0.0129455898602643,1100,sadbhav-infrastructure-project,Small Cap,Dec-2024
171888,8748.0,1,ICICI Bank Ltd.,Bank,Banking,Domestic Equities,1300000.0,1300000.0,0.0,162.864,166.61450000000002,-2.2510045644286727,6.95664832251333,1100,icici-bank,Large Cap,Jan-2025
152372,4964.0,1,Larsen & Toubro Ltd.,Infrastructure,Infrastructure,Domestic Equities,350000.0,330000.0,6.0606060606060606,124.859,119.0525,4.877260032338671,5.33328515141893,1100,larsen-toubro,Large Cap,Jan-2025
171875,5051.0,1,HDFC Bank Ltd.,Bank,Banking,Domestic Equities,700000.0,700000.0,0.0,118.9125,124.0995,-4.179710635417553,5.07928359644161,1100,hdfc-bank,Large Cap,Jan-2025
640,7202.0,1,J Kumar Infraprojects Ltd.,Infrastructure,Infrastructure,Domestic Equities,1500000.0,1500000.0,0.0,110.415,114.45,-3.525557011795544,4.71631744603049,1100,j-kumar-infraprojects,Small Cap,Jan-2025
171520,5812.0,1,Kalpataru Projects International Ltd.,Infrastructure,Infrastructure,Domestic Equities,758285.0,758285.0,0.0,80.2758,98.3647,-18.38962554656294,3.42893769899066,1100,kalpataru-projects-international,Small Cap,Jan-2025
133664,7760.0,1,NTPC Ltd.,Power,Power,Domestic Equities,2200000.0,2084125.0,5.559887242847718,71.28,69.4743,2.599090598969686,3.04468693160398,1100,ntpc,Large Cap,Jan-2025
115643,7007.0,1,Coal India Ltd.,Mining,Mining,Domestic Equities,1700000.0,1700000.0,0.0,67.303,65.3055,3.058701028244176,2.87481151175284,1100,coal-india,Large Cap,Jan-2025
133593,6508.0,1,Bharti Airtel Ltd.,Telecom,Telecom,Domestic Equities,400000.0,400000.0,0.0,65.05199999999999,63.51,2.427964100141707,2.77866125525676,1100,bharti-airtel,Large Cap,Jan-2025
96486,15829.0,1,Interglobe Aviation Ltd.,Aviation,Aviation,Domestic Equities,150000.0,150000.0,0.0,64.86529999999999,68.3138,-5.048028363229689,2.77068646499118,1100,interglobe-aviation,Large Cap,Jan-2025
171531,4897.0,1,Reliance Industries Ltd.,Crude Oil,Crude Oil,Domestic Equities,500000.0,500000.0,0.0,63.255,60.7725,4.084906824632852,2.70190336501978,1100,reliance-industries,Large Cap,Jan-2025
137807,98607.0,1,GR Infraprojects Ltd.,Infrastructure,Infrastructure,Domestic Equities,470000.0,470000.0,0.0,60.1647,69.13470000000001,-12.97467118538158,2.56990285962225,1100,gr-infraprojects,Small Cap,Jan-2025
133350,8843.0,1,State Bank Of India,Bank,Banking,Domestic Equities,704361.0,704361.0,0.0,54.4401,55.9932,-2.7737296671738623,2.32537964401254,1100,state-bank-of-india,Large Cap,Jan-2025
155709,99978.0,1,Paradeep Phosphates Ltd.,Chemicals,Chemicals,Domestic Equities,4700000.0,4700000.0,0.0,53.0207,51.8081,2.340560645922149,2.26475073505184,1100,paradeep-phosphates,Small Cap,Jan-2025
171400,5889.0,1,Axis Bank Ltd.,Bank,Banking,Domestic Equities,500000.0,500000.0,0.0,49.305,53.235,-7.382361228515075,2.10603660441546,1100,axis-bank,Large Cap,Jan-2025
152334,5218.0,1,Ambuja Cements Ltd.,Construction Materials,Construction Materials,Domestic Equities,900000.0,900000.0,0.0,46.152,48.222,-4.292646509891752,1.97135790217995,1100,ambuja-cements,Large Cap,Jan-2025
38020,6672.0,1,Apollo Hospitals Enterprise Ltd.,Healthcare,Healthcare,Domestic Equities,60000.0,60000.0,0.0,40.863,43.7781,-6.6588088564830406,1.74544110670782,1100,apollo-hospitals-enterprise,Mid Cap,Jan-2025
152241,8254.0,1,NCC Ltd.,Infrastructure,Infrastructure,Domestic Equities,1600000.0,1600000.0,0.0,40.368,43.824,-7.886089813800645,1.72429744746057,1100,ncc,Small Cap,Jan-2025
77309,15532.0,1,Inox Wind Ltd.,Capital Goods,Capital Goods,Domestic Equities,2100000.0,2300000.0,-8.695652173913043,35.4039,41.6346,-14.965197215777264,1.512258581058,1100,inox-wind,Small Cap,Jan-2025
19243,8235.0,1,Premier Explosives Ltd.,Chemicals,Chemicals,Domestic Equities,750000.0,750000.0,0.0,34.481300000000005,39.1613,-11.95057365307076,1.47285021737817,1100,premier-explosives,Small Cap,Jan-2025
76083,6699.0,1,Ashoka Buildcon Ltd.,Infrastructure,Infrastructure,Domestic Equities,1333350.0,1333350.0,0.0,34.3738,41.4899,-17.151403112564736,1.46825841259215,1100,ashoka-buildcon,Small Cap,Jan-2025
154098,6604.0,1,TD Power Systems Ltd.,Capital Goods,Capital Goods,Domestic Equities,900000.0,900000.0,0.0,33.0975,40.5945,-18.46801906662232,1.41374194330475,1100,td-power-systems,Small Cap,Jan-2025
152275,6296.0,1,Birla Corporation Ltd.,Construction Materials,Construction Materials,Domestic Equities,281091.0,281091.0,0.0,32.8174,34.785,-5.656461118298124,1.40177762218323,1100,birla-corporation,Small Cap,Jan-2025
152370,5063.0,1,Escorts Kubota Ltd.,Automobile & Ancillaries,Automobile & Ancillaries,Domestic Equities,90000.0,90000.0,0.0,32.6111,29.993,8.729036775247554,1.39296562844038,1100,escorts-kubota,Mid Cap,Jan-2025
133635,5732.0,1,Indraprastha Gas Ltd.,Gas Transmission,Gas Transmission,Domestic Equities,1600000.0,800000.0,100.0,32.288000000000004,33.251999999999995,-2.899073739925407,1.37916458540445,1100,indraprastha-gas,Mid Cap,Jan-2025
134703,87891.0,1,Hindustan Aeronautics Ltd.,Capital Goods,Capital Goods,Domestic Equities,80000.0,80000.0,0.0,31.4944,33.4268,-5.780990103749081,1.34526638746785,1100,hindustan-aeronautics,Large Cap,Jan-2025
152362,5226.0,1,Tata Steel Ltd.,Iron & Steel,Iron & Steel,Domestic Equities,2300000.0,2000000.0,15.0,30.9626,27.61,12.14270191959436,1.32255083597757,1100,tata-steel,Large Cap,Jan-2025
152324,4941.0,1,ACC Ltd.,Construction Materials,Construction Materials,Domestic Equities,150000.0,150000.0,0.0,30.1148,30.7875,-2.184977669508729,1.28633751413955,1100,acc,Mid Cap,Jan-2025
152604,5456.0,1,Power Finance Corporation Ltd.,Finance,Finance,Domestic Equities,700000.0,700000.0,0.0,29.575,31.395,-5.797101449275362,1.26328024694427,1100,power-finance-corporation,Large Cap,Jan-2025
152503,5921.0,1,Gujarat State Petronet Ltd.,Gas Transmission,Gas Transmission,Domestic Equities,800000.0,800000.0,0.0,27.656,28.952,-4.476374689140643,1.18131119220594,1100,gujarat-state-petronet,Small Cap,Jan-2025
517,7825.0,1,Power Grid Corporation Of India Ltd.,Power,Power,Domestic Equities,900000.0,800000.0,12.5,27.1485,24.696,9.930758017492712,1.15963360216962,1100,power-grid-corporation-of-india,Large Cap,Jan-2025
114515,6989.0,1,Gujarat Pipavav Port Ltd.,Logistics,Logistics,Domestic Equities,1768836.0,1768836.0,0.0,26.8439,32.2423,-16.743222412793134,1.14662277670152,1100,gujarat-pipavav-port,Small Cap,Jan-2025
46521,101004.0,1,Delhivery Ltd.,Logistics,Logistics,Domestic Equities,800000.0,800000.0,0.0,25.684,27.692,-7.251191679907546,1.09707827092195,1100,delhivery,Small Cap,Jan-2025
65953,90815.0,1,The Anup Engineering Ltd.,Capital Goods,Capital Goods,Domestic Equities,90000.0,90000.0,0.0,25.4214,31.4879,-19.26613079944995,1.08586145290513,1100,the-anup-engineering,Small Cap,Jan-2025
152376,5012.0,1,Bharat Petroleum Corporation Ltd.,Crude Oil,Crude Oil,Domestic Equities,900000.0,800000.0,12.5,23.499,23.396,0.4402461959309361,1.00374716899217,1100,bharat-petroleum-corporation,Large Cap,Jan-2025
39503,103957.0,1,Gateway Distriparks Ltd.,Logistics,Logistics,Domestic Equities,3000000.0,3000000.0,0.0,22.839,23.988000000000003,-4.789894947473741,0.97555562332917,1100,gateway-distriparks,Small Cap,Jan-2025
695,7346.0,1,Titagarh Rail Systems Ltd.,Automobile & Ancillaries,Automobile & Ancillaries,Domestic Equities,220000.0,200000.0,10.0,22.4169,22.096,1.4522990586531566,0.957525848443788,1100,titagarh-rail-systems,Small Cap,Jan-2025
133642,6320.0,1,Petronet LNG Ltd.,Inds. Gases & Fuels,Industrials Gases & Fuels,Domestic Equities,700000.0,700000.0,0.0,22.134,24.234,-8.665511265164644,0.945441926825511,1100,petronet-lng,Mid Cap,Jan-2025
152486,5772.0,1,AIA Engineering Ltd.,Automobile & Ancillaries,Automobile & Ancillaries,Domestic Equities,59454.0,59454.0,0.0,21.882600000000004,20.2301,8.168521164008098,0.934703510795696,1100,aia-engineering,Mid Cap,Jan-2025
216574,111935.0,1,Ceigall India Ltd.,Infrastructure,Infrastructure,Domestic Equities,700000.0,700000.0,0.0,21.399,23.786,-10.035314891112412,0.91404679642808,1100,ceigall-india,Small Cap,Jan-2025
38803,5403.0,1,Indus Towers Ltd.,Telecom,Telecom,Domestic Equities,600000.0,,,20.832,,,0.889827695835775,1100,indus-towers,Large Cap,Jan-2025
152343,5043.0,1,Hindalco Industries Ltd.,Non - Ferrous Metals,Non - Ferrous Metals,Domestic Equities,350000.0,350000.0,0.0,20.800500000000003,21.0858,-1.3530432803118566,0.888482190247314,1100,hindalco-industries,Large Cap,Jan-2025
152554,7075.0,1,Voltamp Transformers Ltd.,Capital Goods,Capital Goods,Domestic Equities,24684.0,10000.0,146.84,20.6313,10.1358,103.5488071982478,0.881254903086436,1100,voltamp-transformers,Small Cap,Jan-2025
653,111996.0,1,Afcons Infrastructure Ltd.,Infrastructure,Infrastructure,Domestic Equities,429184.0,429184.0,0.0,20.2747,23.4034,-13.368570378662934,0.866022925535791,1100,afcons-infrastructure,Small Cap,Jan-2025
171624,5869.0,1,Blue Dart Express Ltd.,Logistics,Logistics,Domestic Equities,30000.0,30000.0,0.0,19.74,20.9024,-5.561083894672373,0.843183502102448,1100,blue-dart-express,Small Cap,Jan-2025
539,7794.0,1,Adani Ports and Special Economic Zone Ltd.,Logistics,Logistics,Domestic Equities,175000.0,,,19.2386,,,0.821766470291194,1100,adani-ports-and-special-economic-zone,Large Cap,Jan-2025
808,7339.0,1,Repco Home Finance Ltd.,Finance,Finance,Domestic Equities,428000.0,428000.0,0.0,16.829,17.451700000000002,-3.5681337634728987,0.718841699943369,1100,repco-home-finance,Small Cap,Jan-2025
133404,7107.0,1,Hindustan Construction Company Ltd.,Infrastructure,Infrastructure,Domestic Equities,5000000.0,6000000.0,-16.666666666666664,16.025,22.698,-29.399065997004147,0.68449927159026,1100,hindustan-construction-company,Small Cap,Jan-2025
56723,6834.0,1,Can Fin Homes Ltd.,Finance,Finance,Domestic Equities,238601.0,238601.0,0.0,15.931400000000002,18.117,-12.063807473643536,0.680501197841689,1100,can-fin-homes,Small Cap,Jan-2025
26622,79332.0,1,Five-Star Business Finance Ltd.,Finance,Finance,Domestic Equities,200000.0,200000.0,0.0,15.786,15.476,2.0031015766347893,0.674290514903204,1100,five-star-business-finance,Small Cap,Jan-2025
133309,5981.0,1,Bharat Electronics Ltd.,Capital Goods,Capital Goods,Domestic Equities,500000.0,500000.0,0.0,14.6325,14.6575,-0.1705611461709022,0.625019381687643,1100,bharat-electronics,Large Cap,Jan-2025
133170,6243.0,1,Timken India Ltd.,Automobile & Ancillaries,Automobile & Ancillaries,Domestic Equities,50000.0,50000.0,0.0,14.289,15.609000000000002,-8.456659619450317,0.610346963603945,1100,timken-india,Small Cap,Jan-2025
43013,99994.0,1,Tega Industries Ltd.,Capital Goods,Capital Goods,Domestic Equities,94419.0,150000.0,-37.054,14.2875,23.4953,-39.18996565270502,0.610282891909257,1100,tega-industries,Small Cap,Jan-2025
202693,106086.0,1,IKIO Technologies Ltd.,Electricals,Electricals,Domestic Equities,625000.0,625000.0,0.0,13.6119,15.2531,-10.759779979151771,0.581425000621495,1100,ikio-technologies,Small Cap,Jan-2025
19032,5817.0,1,Dynamatic Technologies Ltd.,Capital Goods,Capital Goods,Domestic Equities,18000.0,18000.0,0.0,12.6223,15.2304,-17.12430402353188,0.539154767912246,1100,dynamatic-technologies,Small Cap,Jan-2025
75947,5338.0,1,Tamil Nadu Newsprint & Papers Ltd.,Paper,Paper,Domestic Equities,700000.0,700000.0,0.0,11.7551,13.1488,-10.599446337308356,0.502112785489589,1100,tamil-nadu-newsprint-papers,Small Cap,Jan-2025
171646,5397.0,1,Carborundum Universal Ltd.,Abrasives,Abrasives,Domestic Equities,85000.0,85000.0,0.0,10.087,10.877,-7.26303208605314,0.430860789549513,1100,carborundum-universal,Small Cap,Jan-2025
113882,6219.0,1,Centum Electronics Ltd.,Electricals,Electricals,Domestic Equities,56307.0,51984.0,8.31602031394275,9.7003,10.7979,-10.164939478972762,0.414343106658783,1100,centum-electronics,Small Cap,Jan-2025
2225,17089.0,1,Dilip Buildcon Ltd.,Realty,Infrastructure,Domestic Equities,167612.0,187612.0,-10.66029891478157,7.284400000000001,8.45,-13.79408284023668,0.311149235193266,1100,dilip-buildcon,Small Cap,Jan-2025
114673,111130.0,1,Inox India Ltd.,Capital Goods,Capital Goods,Domestic Equities,60000.0,72710.0,-17.480401595378904,5.499,8.0479,-31.67161619801439,0.234886832728539,1100,inox-india,Small Cap,Jan-2025
152608,7159.0,1,Indian Bank,Bank,Banking,Domestic Equities,67855.0,67855.0,0.0,3.771,3.596,4.866518353726362,0.161076240447231,1100,indian-bank,Mid Cap,Jan-2025
171888,8748.0,1,ICICI Bank Ltd.,Bank,Banking,Domestic Equities,1300000.0,1300000.0,0.0,156.533,162.864,-3.887292464878674,7.43664624276743,1100,icici-bank,Large Cap,Feb-2025
171875,5051.0,1,HDFC Bank Ltd.,Bank,Banking,Domestic Equities,700000.0,700000.0,0.0,121.268,118.9125,1.9808682855040407,5.76125939302205,1100,hdfc-bank,Large Cap,Feb-2025
152372,4964.0,1,Larsen & Toubro Ltd.,Infrastructure,Infrastructure,Domestic Equities,380000.0,350000.0,8.571428571428571,120.2263,124.859,-3.710345269463959,5.7117698004691,1100,larsen-toubro,Large Cap,Feb-2025
640,7202.0,1,J Kumar Infraprojects Ltd.,Infrastructure,Infrastructure,Domestic Equities,1450000.0,1500000.0,-3.333333333333333,97.585,110.415,-11.619798034687316,4.63611585800093,1100,j-kumar-infraprojects,Small Cap,Feb-2025
133664,7760.0,1,NTPC Ltd.,Power,Power,Domestic Equities,2200000.0,2200000.0,0.0,68.51899999999999,71.28,-3.873456790123462,3.25523412895799,1100,ntpc,Large Cap,Feb-2025
96486,15829.0,1,Interglobe Aviation Ltd.,Aviation,Aviation,Domestic Equities,150000.0,150000.0,0.0,67.1595,64.86529999999999,3.536867940177569,3.19064633873457,1100,interglobe-aviation,Large Cap,Feb-2025
171520,5812.0,1,Kalpataru Projects International Ltd.,Infrastructure,Infrastructure,Domestic Equities,758285.0,758285.0,0.0,66.66460000000001,80.2758,-16.955545756006167,3.16713438773673,1100,kalpataru-projects-international,Small Cap,Feb-2025
115643,7007.0,1,Coal India Ltd.,Mining,Mining,Domestic Equities,1700000.0,1700000.0,0.0,62.7895,67.303,-6.7062389492296095,2.98303424364348,1100,coal-india,Large Cap,Feb-2025
171531,4897.0,1,Reliance Industries Ltd.,Crude Oil,Crude Oil,Domestic Equities,500000.0,500000.0,0.0,60.005,63.255,-5.137933760177061,2.85074685719471,1100,reliance-industries,Large Cap,Feb-2025
133593,6508.0,1,Bharti Airtel Ltd.,Telecom,Telecom,Domestic Equities,350000.0,400000.0,-12.5,54.957,65.05199999999999,-15.518354547131526,2.61092400684692,1100,bharti-airtel,Large Cap,Feb-2025
171400,5889.0,1,Axis Bank Ltd.,Bank,Banking,Domestic Equities,500000.0,500000.0,0.0,50.7775,49.305,2.9865125240847785,2.41236227883017,1100,axis-bank,Large Cap,Feb-2025
133350,8843.0,1,State Bank Of India,Bank,Banking,Domestic Equities,704361.0,704361.0,0.0,48.5164,54.4401,-10.881133576169034,2.30494083530375,1100,state-bank-of-india,Large Cap,Feb-2025
137807,98607.0,1,GR Infraprojects Ltd.,Infrastructure,Infrastructure,Domestic Equities,470000.0,470000.0,0.0,47.25149999999999,60.1647,-21.46308383487328,2.24484734809992,1100,gr-infraprojects,Small Cap,Feb-2025
152334,5218.0,1,Ambuja Cements Ltd.,Construction Materials,Construction Materials,Domestic Equities,900000.0,900000.0,0.0,41.8455,46.152,-9.33112324492979,1.98801645884078,1100,ambuja-cements,Large Cap,Feb-2025
155709,99978.0,1,Paradeep Phosphates Ltd.,Chemicals,Chemicals,Domestic Equities,4700000.0,4700000.0,0.0,40.8383,53.0207,-22.976686463965954,1.94016590914382,1100,paradeep-phosphates,Small Cap,Feb-2025
38020,6672.0,1,Apollo Hospitals Enterprise Ltd.,Healthcare,Healthcare,Domestic Equities,60000.0,60000.0,0.0,36.3156,40.863,-11.128404669260703,1.72529926784668,1100,apollo-hospitals-enterprise,Mid Cap,Feb-2025
517,7825.0,1,Power Grid Corporation Of India Ltd.,Power,Power,Domestic Equities,1400000.0,900000.0,55.55555555555556,35.119,27.1485,29.358896439950648,1.66845061041282,1100,power-grid-corporation-of-india,Large Cap,Feb-2025
152362,5226.0,1,Tata Steel Ltd.,Iron & Steel,Iron & Steel,Domestic Equities,2500000.0,2300000.0,8.695652173913043,34.3,30.9626,10.778810565004225,1.62954115826645,1100,tata-steel,Large Cap,Feb-2025
133635,5732.0,1,Indraprastha Gas Ltd.,Gas Transmission,Gas Transmission,Domestic Equities,1600000.0,1600000.0,0.0,30.3168,32.288000000000004,-6.1050545094152735,1.4403053465578,1100,indraprastha-gas,Mid Cap,Feb-2025
152241,8254.0,1,NCC Ltd.,Infrastructure,Infrastructure,Domestic Equities,1600000.0,1600000.0,0.0,28.0,40.368,-30.638129211256445,1.33023768021751,1100,ncc,Small Cap,Feb-2025
154098,6604.0,1,TD Power Systems Ltd.,Capital Goods,Capital Goods,Domestic Equities,900000.0,900000.0,0.0,27.7965,33.0975,-16.016315431679125,1.32056970279165,1100,td-power-systems,Small Cap,Feb-2025
152275,6296.0,1,Birla Corporation Ltd.,Construction Materials,Construction Materials,Domestic Equities,281091.0,281091.0,0.0,27.3389,32.8174,-16.69388799843985,1.29882981841781,1100,birla-corporation,Small Cap,Feb-2025
152324,4941.0,1,ACC Ltd.,Construction Materials,Construction Materials,Domestic Equities,150000.0,150000.0,0.0,27.2783,30.1148,-9.418956792009247,1.29595080400991,1100,acc,Mid Cap,Feb-2025
152343,5043.0,1,Hindalco Industries Ltd.,Non - Ferrous Metals,Non - Ferrous Metals,Domestic Equities,429294.0,350000.0,22.655428571428573,27.2323,20.800500000000003,30.921372082401856,1.29376541353526,1100,hindalco-industries,Large Cap,Feb-2025
539,7794.0,1,Adani Ports and Special Economic Zone Ltd.,Logistics,Logistics,Domestic Equities,250000.0,175000.0,42.85714285714285,26.735,19.2386,38.96541328371088,1.27013944216483,1100,adani-ports-and-special-economic-zone,Large Cap,Feb-2025
152370,5063.0,1,Escorts Kubota Ltd.,Automobile & Ancillaries,Automobile & Ancillaries,Domestic Equities,90000.0,90000.0,0.0,25.8206,32.6111,-20.8226646755246,1.22669768020801,1100,escorts-kubota,Mid Cap,Feb-2025
152604,5456.0,1,Power Finance Corporation Ltd.,Finance,Finance,Domestic Equities,700000.0,700000.0,0.0,25.501,29.575,-13.775147928994086,1.2115139672581,1100,power-finance-corporation,Large Cap,Feb-2025
134703,87891.0,1,Hindustan Aeronautics Ltd.,Capital Goods,Capital Goods,Domestic Equities,80000.0,80000.0,0.0,24.7056,31.4944,-21.555578134525504,1.17372571544221,1100,hindustan-aeronautics,Large Cap,Feb-2025
38803,5403.0,1,Indus Towers Ltd.,Telecom,Telecom,Domestic Equities,750000.0,600000.0,25.0,24.2513,20.832,16.413690476190492,1.15214260908068,1100,indus-towers,Large Cap,Feb-2025
152376,5012.0,1,Bharat Petroleum Corporation Ltd.,Crude Oil,Crude Oil,Domestic Equities,1000000.0,900000.0,11.11111111111111,23.73,23.499,0.9830205540661264,1.12737643398434,1100,bharat-petroleum-corporation,Large Cap,Feb-2025
76083,6699.0,1,Ashoka Buildcon Ltd.,Infrastructure,Infrastructure,Domestic Equities,1333350.0,1333350.0,0.0,22.9536,34.3738,-33.223559804269534,1.09049084345145,1100,ashoka-buildcon,Small Cap,Feb-2025
77309,15532.0,1,Inox Wind Ltd.,Capital Goods,Capital Goods,Domestic Equities,1500000.0,2100000.0,-28.57142857142857,22.5285,35.4039,-36.3671798869616,1.07029498495644,1100,inox-wind,Small Cap,Feb-2025
65953,90815.0,1,The Anup Engineering Ltd.,Capital Goods,Capital Goods,Domestic Equities,80000.0,90000.0,-11.11111111111111,22.3852,25.4214,-11.943480689497822,1.06348701854304,1100,the-anup-engineering,Small Cap,Feb-2025
19243,8235.0,1,Premier Explosives Ltd.,Chemicals,Chemicals,Domestic Equities,667010.0,750000.0,-11.065333333333331,22.2515,34.481300000000005,-35.46792029302839,1.05713513362,1100,premier-explosives,Small Cap,Feb-2025
114515,6989.0,1,Gujarat Pipavav Port Ltd.,Logistics,Logistics,Domestic Equities,1768836.0,1768836.0,0.0,22.1016,26.8439,-17.66621094550345,1.05001361118198,1100,gujarat-pipavav-port,Small Cap,Feb-2025
152503,5921.0,1,Gujarat State Petronet Ltd.,Gas Transmission,Gas Transmission,Domestic Equities,800000.0,800000.0,0.0,21.78,27.656,-21.24674573329476,1.03473488125491,1100,gujarat-state-petronet,Small Cap,Feb-2025
46521,101004.0,1,Delhivery Ltd.,Logistics,Logistics,Domestic Equities,800000.0,800000.0,0.0,19.988,25.684,-22.17723096090952,0.949599669720988,1100,delhivery,Small Cap,Feb-2025
152486,5772.0,1,AIA Engineering Ltd.,Automobile & Ancillaries,Automobile & Ancillaries,Domestic Equities,59454.0,59454.0,0.0,18.676,21.882600000000004,-14.653651759845737,0.887268532705081,1100,aia-engineering,Mid Cap,Feb-2025
216574,111935.0,1,Ceigall India Ltd.,Infrastructure,Infrastructure,Domestic Equities,700000.0,700000.0,0.0,18.046,21.399,-15.668956493294086,0.857338184900187,1100,ceigall-india,Small Cap,Feb-2025
171624,5869.0,1,Blue Dart Express Ltd.,Logistics,Logistics,Domestic Equities,30000.0,30000.0,0.0,17.9921,19.74,-8.854609929078013,0.854777477365768,1100,blue-dart-express,Small Cap,Feb-2025
39503,103957.0,1,Gateway Distriparks Ltd.,Logistics,Logistics,Domestic Equities,3000000.0,3000000.0,0.0,17.964000000000002,22.839,-21.34506764744516,0.853442488836693,1100,gateway-distriparks,Small Cap,Feb-2025
653,111996.0,1,Afcons Infrastructure Ltd.,Infrastructure,Infrastructure,Domestic Equities,400000.0,429184.0,-6.799880703847301,16.524,20.2747,-18.4994105954712,0.78503026528265,1100,afcons-infrastructure,Small Cap,Feb-2025
152554,7075.0,1,Voltamp Transformers Ltd.,Capital Goods,Capital Goods,Domestic Equities,24684.0,24684.0,0.0,15.4966,20.6313,-24.88791302535468,0.736220044116383,1100,voltamp-transformers,Small Cap,Feb-2025
695,7346.0,1,Titagarh Rail Systems Ltd.,Automobile & Ancillaries,Automobile & Ancillaries,Domestic Equities,220000.0,220000.0,0.0,15.334,22.4169,-31.596251042740075,0.728495163873405,1100,titagarh-rail-systems,Small Cap,Feb-2025
808,7339.0,1,Repco Home Finance Ltd.,Finance,Finance,Domestic Equities,428000.0,428000.0,0.0,14.1454,16.829,-15.946283201616266,0.672026574348172,1100,repco-home-finance,Small Cap,Feb-2025
202693,106086.0,1,IKIO Technologies Ltd.,Electricals,Electricals,Domestic Equities,625000.0,625000.0,0.0,13.8675,13.6119,1.8777687170784343,0.658823965372013,1100,ikio-technologies,Small Cap,Feb-2025
56723,6834.0,1,Can Fin Homes Ltd.,Finance,Finance,Domestic Equities,238601.0,238601.0,0.0,13.7828,15.931400000000002,-13.486573684673042,0.654799996389355,1100,can-fin-homes,Small Cap,Feb-2025
133170,6243.0,1,Timken India Ltd.,Automobile & Ancillaries,Automobile & Ancillaries,Domestic Equities,50000.0,50000.0,0.0,12.371,14.289,-13.422912730072095,0.587727512213245,1100,timken-india,Small Cap,Feb-2025
133309,5981.0,1,Bharat Electronics Ltd.,Capital Goods,Capital Goods,Domestic Equities,500000.0,500000.0,0.0,12.3125,14.6325,-15.855117033999658,0.584948265631362,1100,bharat-electronics,Large Cap,Feb-2025
19032,5817.0,1,Dynamatic Technologies Ltd.,Capital Goods,Capital Goods,Domestic Equities,18000.0,18000.0,0.0,12.1967,12.6223,-3.371810208915962,0.579446782653891,1100,dynamatic-technologies,Small Cap,Feb-2025
43013,99994.0,1,Tega Industries Ltd.,Capital Goods,Capital Goods,Domestic Equities,70000.0,94419.0,-25.862379393977907,9.26,14.2875,-35.188101487314086,0.439928604243363,1100,tega-industries,Small Cap,Feb-2025
75947,5338.0,1,Tamil Nadu Newsprint & Papers Ltd.,Paper,Paper,Domestic Equities,700000.0,700000.0,0.0,8.8788,11.7551,-24.468528553563985,0.421818368396973,1100,tamil-nadu-newsprint-papers,Small Cap,Feb-2025
171646,5397.0,1,Carborundum Universal Ltd.,Abrasives,Abrasives,Domestic Equities,85000.0,85000.0,0.0,7.069,10.087,-29.919698621988704,0.335837505766343,1100,carborundum-universal,Small Cap,Feb-2025
113882,6219.0,1,Centum Electronics Ltd.,Electricals,Electricals,Domestic Equities,56307.0,56307.0,0.0,6.777100000000001,9.7003,-30.135150459264143,0.321969777950075,1100,centum-electronics,Small Cap,Feb-2025
152605,7848.0,1,Ahluwalia Contracts (India) Ltd.,Realty,Realty,Domestic Equities,90439.0,,,5.8437,,,0.277625354710253,1100,ahluwalia-contracts-india,Small Cap,Feb-2025
152608,7159.0,1,Indian Bank,Bank,Banking,Domestic Equities,67855.0,67855.0,0.0,3.466,3.771,-8.088040307610713,0.164664421415496,1100,indian-bank,Mid Cap,Feb-2025
171888,8748.0,1,ICICI Bank Ltd.,Bank,Banking,Domestic Equities,1300000.0,1300000.0,0.0,175.28549999999998,156.533,11.979902001494892,7.52550113014213,1100,icici-bank,Large Cap,Mar-2025
152372,4964.0,1,Larsen & Toubro Ltd.,Infrastructure,Infrastructure,Domestic Equities,380000.0,380000.0,0.0,132.7074,120.2263,10.381339191175314,5.69750315159111,1100,larsen-toubro,Large Cap,Mar-2025
171875,5051.0,1,HDFC Bank Ltd.,Bank,Banking,Domestic Equities,700000.0,700000.0,0.0,127.974,121.268,5.529900715770034,5.49428493303102,1100,hdfc-bank,Large Cap,Mar-2025
640,7202.0,1,J Kumar Infraprojects Ltd.,Infrastructure,Infrastructure,Domestic Equities,1450000.0,1450000.0,0.0,91.988,97.585,-5.735512630014866,3.94930440886163,1100,j-kumar-infraprojects,Small Cap,Mar-2025
133664,7760.0,1,NTPC Ltd.,Power,Power,Domestic Equities,2200000.0,2200000.0,0.0,78.672,68.51899999999999,14.817787766896776,3.37761095418926,1100,ntpc,Large Cap,Mar-2025
96486,15829.0,1,Interglobe Aviation Ltd.,Aviation,Aviation,Domestic Equities,150000.0,150000.0,0.0,76.7303,67.1595,14.25085058703534,3.29424829416093,1100,interglobe-aviation,Large Cap,Mar-2025
171520,5812.0,1,Kalpataru Projects International Ltd.,Infrastructure,Infrastructure,Domestic Equities,758285.0,758285.0,0.0,73.89489999999999,66.66460000000001,10.845786219372796,3.17251657131788,1100,kalpataru-projects-international,Small Cap,Mar-2025
115643,7007.0,1,Coal India Ltd.,Mining,Mining,Domestic Equities,1700000.0,1700000.0,0.0,67.694,62.7895,7.811019358332202,2.90629443681218,1100,coal-india,Large Cap,Mar-2025
171531,4897.0,1,Reliance Industries Ltd.,Crude Oil,Crude Oil,Domestic Equities,500000.0,500000.0,0.0,63.755,60.005,6.249479210065828,2.73718205186517,1100,reliance-industries,Large Cap,Mar-2025
133593,6508.0,1,Bharti Airtel Ltd.,Telecom,Telecom,Domestic Equities,350000.0,350000.0,0.0,60.669,54.957,10.393580435613297,2.60469136388688,1100,bharti-airtel,Large Cap,Mar-2025
171400,5889.0,1,Axis Bank Ltd.,Bank,Banking,Domestic Equities,500000.0,500000.0,0.0,55.1,50.7775,8.51262862488307,2.36559847945684,1100,axis-bank,Large Cap,Mar-2025
133350,8843.0,1,State Bank Of India,Bank,Banking,Domestic Equities,704361.0,704361.0,0.0,54.3415,48.5164,12.00645554905144,2.33303393414526,1100,state-bank-of-india,Large Cap,Mar-2025
137807,98607.0,1,GR Infraprojects Ltd.,Infrastructure,Infrastructure,Domestic Equities,470000.0,470000.0,0.0,49.0187,47.25149999999999,3.7399870903569257,2.10451111043468,1100,gr-infraprojects,Small Cap,Mar-2025
155709,99978.0,1,Paradeep Phosphates Ltd.,Chemicals,Chemicals,Domestic Equities,4700000.0,4700000.0,0.0,48.6074,40.8383,19.02405340085165,2.0868528408412,1100,paradeep-phosphates,Small Cap,Mar-2025
152334,5218.0,1,Ambuja Cements Ltd.,Construction Materials,Construction Materials,Domestic Equities,900000.0,900000.0,0.0,48.4515,41.8455,15.786643725131722,2.08015961392746,1100,ambuja-cements,Large Cap,Mar-2025
517,7825.0,1,Power Grid Corporation Of India Ltd.,Power,Power,Domestic Equities,1500000.0,1400000.0,7.142857142857142,43.5525,35.119,24.01406645975113,1.86983172008247,1100,power-grid-corporation-of-india,Large Cap,Mar-2025
38020,6672.0,1,Apollo Hospitals Enterprise Ltd.,Healthcare,Healthcare,Domestic Equities,60000.0,60000.0,0.0,39.6972,36.3156,9.311700756699596,1.7043128123175,1100,apollo-hospitals-enterprise,Mid Cap,Mar-2025
152362,5226.0,1,Tata Steel Ltd.,Iron & Steel,Iron & Steel,Domestic Equities,2500000.0,2500000.0,0.0,38.56,34.3,12.419825072886296,1.6554896074021,1100,tata-steel,Large Cap,Mar-2025
154098,6604.0,1,TD Power Systems Ltd.,Capital Goods,Capital Goods,Domestic Equities,900000.0,900000.0,0.0,36.945,27.7965,32.912417030921155,1.58615310024561,1100,td-power-systems,Small Cap,Mar-2025
152241,8254.0,1,NCC Ltd.,Infrastructure,Infrastructure,Domestic Equities,1700000.0,1600000.0,6.25,35.6116,28.0,27.18428571428571,1.52890647569919,1100,ncc,Small Cap,Mar-2025
539,7794.0,1,Adani Ports and Special Economic Zone Ltd.,Logistics,Logistics,Domestic Equities,300000.0,250000.0,20.0,35.4885,26.735,32.74172433140078,1.52362144533946,1100,adani-ports-and-special-economic-zone,Large Cap,Mar-2025
134703,87891.0,1,Hindustan Aeronautics Ltd.,Capital Goods,Capital Goods,Domestic Equities,80000.0,80000.0,0.0,33.4196,24.7056,35.271355482157894,1.43479773038214,1100,hindustan-aeronautics,Large Cap,Mar-2025
152376,5012.0,1,Bharat Petroleum Corporation Ltd.,Crude Oil,Crude Oil,Domestic Equities,1200000.0,1000000.0,20.0,33.4164,23.73,40.81921618204804,1.43466034535248,1100,bharat-petroleum-corporation,Large Cap,Mar-2025
133635,5732.0,1,Indraprastha Gas Ltd.,Gas Transmission,Gas Transmission,Domestic Equities,1600000.0,1600000.0,0.0,32.4992,30.3168,7.198648933924432,1.3952823612262,1100,indraprastha-gas,Mid Cap,Mar-2025
152275,6296.0,1,Birla Corporation Ltd.,Construction Materials,Construction Materials,Domestic Equities,281091.0,281091.0,0.0,29.679,27.3389,8.559598228165735,1.27420321727404,1100,birla-corporation,Small Cap,Mar-2025
152343,5043.0,1,Hindalco Industries Ltd.,Non - Ferrous Metals,Non - Ferrous Metals,Domestic Equities,429294.0,429294.0,0.0,29.2972,27.2323,7.582539851573307,1.25781146592274,1100,hindalco-industries,Large Cap,Mar-2025
152370,5063.0,1,Escorts Kubota Ltd.,Automobile & Ancillaries,Automobile & Ancillaries,Domestic Equities,90000.0,90000.0,0.0,29.2505,25.8206,13.283579777387056,1.25580650314614,1100,escorts-kubota,Mid Cap,Mar-2025
152324,4941.0,1,ACC Ltd.,Construction Materials,Construction Materials,Domestic Equities,150000.0,150000.0,0.0,29.1398,27.2783,6.824105607754152,1.25105383977634,1100,acc,Mid Cap,Mar-2025
152604,5456.0,1,Power Finance Corporation Ltd.,Finance,Finance,Domestic Equities,700000.0,700000.0,0.0,28.9975,25.501,13.711227010705468,1.24494449923865,1100,power-finance-corporation,Large Cap,Mar-2025
65953,90815.0,1,The Anup Engineering Ltd.,Capital Goods,Capital Goods,Domestic Equities,75000.0,80000.0,-6.25,26.0663,22.3852,16.444347157943646,1.11909981207016,1100,the-anup-engineering,Small Cap,Mar-2025
76083,6699.0,1,Ashoka Buildcon Ltd.,Infrastructure,Infrastructure,Domestic Equities,1333350.0,1333350.0,0.0,25.6683,22.9536,11.826902969468833,1.10201254900621,1100,ashoka-buildcon,Small Cap,Mar-2025
38803,5403.0,1,Indus Towers Ltd.,Telecom,Telecom,Domestic Equities,750000.0,750000.0,0.0,25.0725,24.2513,3.386210223781813,1.0764331737964,1100,indus-towers,Large Cap,Mar-2025
77309,15532.0,1,Inox Wind Ltd.,Capital Goods,Capital Goods,Domestic Equities,1500000.0,1500000.0,0.0,24.456,22.5285,8.555829282908316,1.04996508917598,1100,inox-wind,Small Cap,Mar-2025
114515,6989.0,1,Gujarat Pipavav Port Ltd.,Logistics,Logistics,Domestic Equities,1768836.0,1768836.0,0.0,24.4259,22.1016,10.516433199406393,1.04867281124074,1100,gujarat-pipavav-port,Small Cap,Mar-2025
152503,5921.0,1,Gujarat State Petronet Ltd.,Gas Transmission,Gas Transmission,Domestic Equities,800000.0,800000.0,0.0,23.304,21.78,6.9972451790633645,1.00050647849841,1100,gujarat-state-petronet,Small Cap,Mar-2025
19243,8235.0,1,Premier Explosives Ltd.,Chemicals,Chemicals,Domestic Equities,664688.0,667010.0,-0.3481207178303174,22.3767,22.2515,0.5626586971664823,0.960694872872265,1100,premier-explosives,Small Cap,Mar-2025
46521,101004.0,1,Delhivery Ltd.,Logistics,Logistics,Domestic Equities,800000.0,800000.0,0.0,20.408,19.988,2.1012607564538723,0.876173026656173,1100,delhivery,Small Cap,Mar-2025
152486,5772.0,1,AIA Engineering Ltd.,Automobile & Ancillaries,Automobile & Ancillaries,Domestic Equities,59454.0,59454.0,0.0,19.9272,18.676,6.699507389162568,0.85553092594977,1100,aia-engineering,Mid Cap,Mar-2025
653,111996.0,1,Afcons Infrastructure Ltd.,Infrastructure,Infrastructure,Domestic Equities,400000.0,400000.0,0.0,19.48,16.524,17.88913096102638,0.836331368054795,1100,afcons-infrastructure,Small Cap,Mar-2025
171624,5869.0,1,Blue Dart Express Ltd.,Logistics,Logistics,Domestic Equities,30000.0,30000.0,0.0,18.4095,17.9921,2.31990707032531,0.790371782351373,1100,blue-dart-express,Small Cap,Mar-2025
39503,103957.0,1,Gateway Distriparks Ltd.,Logistics,Logistics,Domestic Equities,3000000.0,3000000.0,0.0,17.961,17.964000000000002,-0.0167000668002773,0.771116411788099,1100,gateway-distriparks,Small Cap,Mar-2025
216574,111935.0,1,Ceigall India Ltd.,Infrastructure,Infrastructure,Domestic Equities,700000.0,700000.0,0.0,17.8045,18.046,-1.3382467028704346,0.764397425181294,1100,ceigall-india,Small Cap,Mar-2025
152554,7075.0,1,Voltamp Transformers Ltd.,Capital Goods,Capital Goods,Domestic Equities,24684.0,24684.0,0.0,17.6154,15.4966,13.672676587122329,0.756278828584827,1100,voltamp-transformers,Small Cap,Mar-2025
695,7346.0,1,Titagarh Rail Systems Ltd.,Automobile & Ancillaries,Automobile & Ancillaries,Domestic Equities,220000.0,220000.0,0.0,17.5175,15.334,14.23959827833572,0.752075705333669,1100,titagarh-rail-systems,Small Cap,Mar-2025
56723,6834.0,1,Can Fin Homes Ltd.,Finance,Finance,Domestic Equities,238601.0,238601.0,0.0,15.9731,13.7828,15.891545984850683,0.685770255394048,1100,can-fin-homes,Small Cap,Mar-2025
113882,6219.0,1,Centum Electronics Ltd.,Electricals,Electricals,Domestic Equities,99411.0,56307.0,76.55176088230593,15.853599999999998,6.777100000000001,133.9289666671585,0.680639783192685,1100,centum-electronics,Small Cap,Mar-2025
133309,5981.0,1,Bharat Electronics Ltd.,Capital Goods,Capital Goods,Domestic Equities,500000.0,500000.0,0.0,15.066,12.3125,22.36345177664974,0.646825892767636,1100,bharat-electronics,Large Cap,Mar-2025
202693,106086.0,1,IKIO Technologies Ltd.,Electricals,Electricals,Domestic Equities,625000.0,625000.0,0.0,14.7575,13.8675,6.417883540652605,0.633581117251983,1100,ikio-technologies,Small Cap,Mar-2025
808,7339.0,1,Repco Home Finance Ltd.,Finance,Finance,Domestic Equities,428000.0,428000.0,0.0,14.3423,14.1454,1.3919719484779542,0.615755409653608,1100,repco-home-finance,Small Cap,Mar-2025
133170,6243.0,1,Timken India Ltd.,Automobile & Ancillaries,Automobile & Ancillaries,Domestic Equities,50000.0,50000.0,0.0,13.7533,12.371,11.173712715221082,0.590467977631828,1100,timken-india,Small Cap,Mar-2025
19032,5817.0,1,Dynamatic Technologies Ltd.,Capital Goods,Capital Goods,Domestic Equities,18000.0,18000.0,0.0,11.1829,12.1967,-8.312084416276543,0.480113452557493,1100,dynamatic-technologies,Small Cap,Mar-2025
43013,99994.0,1,Tega Industries Ltd.,Capital Goods,Capital Goods,Domestic Equities,70000.0,70000.0,0.0,10.3299,9.26,11.553995680345572,0.443491755588769,1100,tega-industries,Small Cap,Mar-2025
152605,7848.0,1,Ahluwalia Contracts (India) Ltd.,Realty,Realty,Domestic Equities,115383.0,90439.0,27.581021461979898,9.4522,5.8437,61.75026096479969,0.405809617922358,1100,ahluwalia-contracts-india,Small Cap,Mar-2025
75947,5338.0,1,Tamil Nadu Newsprint & Papers Ltd.,Paper,Paper,Domestic Equities,700000.0,700000.0,0.0,8.8403,8.8788,-0.4336171554714626,0.379539024282074,1100,tamil-nadu-newsprint-papers,Small Cap,Mar-2025
171646,5397.0,1,Carborundum Universal Ltd.,Abrasives,Abrasives,Domestic Equities,85000.0,85000.0,0.0,8.6203,7.069,21.945112462866035,0.370093803492954,1100,carborundum-universal,Small Cap,Mar-2025
152608,7159.0,1,Indian Bank,Bank,Banking,Domestic Equities,67855.0,67855.0,0.0,3.673,3.466,5.972302365839581,0.157692254356533,1100,indian-bank,Mid Cap,Mar-2025
171888,8748.0,1,ICICI Bank Ltd.,Bank,Banking,Domestic Equities,1300000.0,1300000.0,0.0,185.51,175.28549999999998,5.833055215633928,7.75382826200391,1100,icici-bank,Large Cap,Apr-2025
171875,5051.0,1,HDFC Bank Ltd.,Bank,Banking,Domestic Equities,700000.0,700000.0,0.0,134.75,127.974,5.294825511432013,5.6321942661044,1100,hdfc-bank,Large Cap,Apr-2025
152372,4964.0,1,Larsen & Toubro Ltd.,Infrastructure,Infrastructure,Domestic Equities,380000.0,380000.0,0.0,126.958,132.7074,-4.332388397331275,5.30650923663141,1100,larsen-toubro,Large Cap,Apr-2025
640,7202.0,1,J Kumar Infraprojects Ltd.,Infrastructure,Infrastructure,Domestic Equities,1450000.0,1450000.0,0.0,93.7788,91.988,1.946775666391268,3.91970626821634,1100,j-kumar-infraprojects,Small Cap,Apr-2025
96486,15829.0,1,Interglobe Aviation Ltd.,Aviation,Aviation,Domestic Equities,150000.0,150000.0,0.0,78.7425,76.7303,2.622432077028244,3.29122862336717,1100,interglobe-aviation,Large Cap,Apr-2025
133664,7760.0,1,NTPC Ltd.,Power,Power,Domestic Equities,2200000.0,2200000.0,0.0,78.001,78.672,-0.8529082774049148,3.26023588089357,1100,ntpc,Large Cap,Apr-2025
171520,5812.0,1,Kalpataru Projects International Ltd.,Infrastructure,Infrastructure,Domestic Equities,758285.0,758285.0,0.0,73.7129,73.89489999999999,-0.2462957524808859,3.08100462128332,1100,kalpataru-projects-international,Small Cap,Apr-2025
171531,4897.0,1,Reliance Industries Ltd.,Crude Oil,Crude Oil,Domestic Equities,500000.0,500000.0,0.0,70.25,63.755,10.187436279507487,2.93626454318244,1100,reliance-industries,Large Cap,Apr-2025
133593,6508.0,1,Bharti Airtel Ltd.,Telecom,Telecom,Domestic Equities,350000.0,350000.0,0.0,65.2575,60.669,7.563170647282804,2.72759122315627,1100,bharti-airtel,Large Cap,Apr-2025
155709,99978.0,1,Paradeep Phosphates Ltd.,Chemicals,Chemicals,Domestic Equities,4300000.0,4700000.0,-8.51063829787234,61.9372,48.6074,27.42339643757948,2.58881144859786,1100,paradeep-phosphates,Small Cap,Apr-2025
171400,5889.0,1,Axis Bank Ltd.,Bank,Banking,Domestic Equities,500000.0,500000.0,0.0,59.25,55.1,7.531760435571688,2.47649358268412,1100,axis-bank,Large Cap,Apr-2025
133350,8843.0,1,State Bank Of India,Bank,Banking,Domestic Equities,704361.0,704361.0,0.0,55.5494,54.3415,2.2227947333069564,2.32181827210048,1100,state-bank-of-india,Large Cap,Apr-2025
115643,7007.0,1,Coal India Ltd.,Mining,Mining,Domestic Equities,1400000.0,1700000.0,-17.647058823529413,53.942,67.694,-20.314946671787748,2.25463319556366,1100,coal-india,Large Cap,Apr-2025
137807,98607.0,1,GR Infraprojects Ltd.,Infrastructure,Infrastructure,Domestic Equities,470000.0,470000.0,0.0,48.7907,49.0187,-0.4651286141819383,2.0393224547623,1100,gr-infraprojects,Small Cap,Apr-2025
152334,5218.0,1,Ambuja Cements Ltd.,Construction Materials,Construction Materials,Domestic Equities,900000.0,900000.0,0.0,48.573,48.4515,0.2507662301476847,2.03022316948044,1100,ambuja-cements,Large Cap,Apr-2025
517,7825.0,1,Power Grid Corporation Of India Ltd.,Power,Power,Domestic Equities,1500000.0,1500000.0,0.0,46.1175,43.5525,5.889443774754607,1.9275897518892,1100,power-grid-corporation-of-india,Large Cap,Apr-2025
539,7794.0,1,Adani Ports and Special Economic Zone Ltd.,Logistics,Logistics,Domestic Equities,350000.0,300000.0,16.666666666666664,42.5775,35.4885,19.97548501627288,1.77962709732883,1100,adani-ports-and-special-economic-zone,Large Cap,Apr-2025
38020,6672.0,1,Apollo Hospitals Enterprise Ltd.,Healthcare,Healthcare,Domestic Equities,60000.0,60000.0,0.0,41.862,39.6972,5.453281339741847,1.74972108621642,1100,apollo-hospitals-enterprise,Mid Cap,Apr-2025
154098,6604.0,1,TD Power Systems Ltd.,Capital Goods,Capital Goods,Domestic Equities,900000.0,900000.0,0.0,38.916,36.945,5.334957369062117,1.62658606352296,1100,td-power-systems,Small Cap,Apr-2025
152376,5012.0,1,Bharat Petroleum Corporation Ltd.,Crude Oil,Crude Oil,Domestic Equities,1200000.0,1200000.0,0.0,37.206,33.4164,11.34053937587532,1.55511257784549,1100,bharat-petroleum-corporation,Large Cap,Apr-2025
152241,8254.0,1,NCC Ltd.,Infrastructure,Infrastructure,Domestic Equities,1700000.0,1700000.0,0.0,36.023,35.6116,1.1552415505060245,1.5056663009119,1100,ncc,Small Cap,Apr-2025
134703,87891.0,1,Hindustan Aeronautics Ltd.,Capital Goods,Capital Goods,Domestic Equities,80000.0,80000.0,0.0,35.9032,33.4196,7.431567104333987,1.50065897717847,1100,hindustan-aeronautics,Large Cap,Apr-2025
152362,5226.0,1,Tata Steel Ltd.,Iron & Steel,Iron & Steel,Domestic Equities,2500000.0,2500000.0,0.0,35.02,38.56,-9.180497925311204,1.46374354878646,1100,tata-steel,Large Cap,Apr-2025
152370,5063.0,1,Escorts Kubota Ltd.,Automobile & Ancillaries,Automobile & Ancillaries,Domestic Equities,96665.0,90000.0,7.405555555555556,31.5031,29.2505,7.701064939060862,1.31674641324314,1100,escorts-kubota,Mid Cap,Apr-2025
133635,5732.0,1,Indraprastha Gas Ltd.,Gas Transmission,Gas Transmission,Domestic Equities,1600000.0,1600000.0,0.0,30.8144,32.4992,-5.184127609294999,1.28796057137994,1100,indraprastha-gas,Mid Cap,Apr-2025
38803,5403.0,1,Indus Towers Ltd.,Telecom,Telecom,Domestic Equities,750000.0,750000.0,0.0,30.615,25.0725,22.105892910559376,1.27962617778691,1100,indus-towers,Large Cap,Apr-2025
152275,6296.0,1,Birla Corporation Ltd.,Construction Materials,Construction Materials,Domestic Equities,281091.0,281091.0,0.0,29.7956,29.679,0.3928703797297703,1.24537742096579,1100,birla-corporation,Small Cap,Apr-2025
152604,5456.0,1,Power Finance Corporation Ltd.,Finance,Finance,Domestic Equities,700000.0,700000.0,0.0,28.518,28.9975,-1.6535908267954071,1.19197711377191,1100,power-finance-corporation,Large Cap,Apr-2025
152324,4941.0,1,ACC Ltd.,Construction Materials,Construction Materials,Domestic Equities,150000.0,150000.0,0.0,28.32,29.1398,-2.81333433997488,1.18370123648294,1100,acc,Mid Cap,Apr-2025
152343,5043.0,1,Hindalco Industries Ltd.,Non - Ferrous Metals,Non - Ferrous Metals,Domestic Equities,429294.0,429294.0,0.0,26.8158,29.2972,-8.46975137555807,1.1208296475028,1100,hindalco-industries,Large Cap,Apr-2025
152503,5921.0,1,Gujarat State Petronet Ltd.,Gas Transmission,Gas Transmission,Domestic Equities,800000.0,800000.0,0.0,26.0,23.304,11.568829385513212,1.08673136117784,1100,gujarat-state-petronet,Small Cap,Apr-2025
77309,15532.0,1,Inox Wind Ltd.,Capital Goods,Capital Goods,Domestic Equities,1500000.0,1500000.0,0.0,25.353,24.456,3.667811579980385,1.05968846922853,1100,inox-wind,Small Cap,Apr-2025
76083,6699.0,1,Ashoka Buildcon Ltd.,Infrastructure,Infrastructure,Domestic Equities,1333350.0,1333350.0,0.0,24.575,25.6683,-4.2593393407432485,1.02717012311329,1100,ashoka-buildcon,Small Cap,Apr-2025
46521,101004.0,1,Delhivery Ltd.,Logistics,Logistics,Domestic Equities,800000.0,800000.0,0.0,24.444000000000003,20.408,19.776558212465705,1.02169466894735,1100,delhivery,Small Cap,Apr-2025
19243,8235.0,1,Premier Explosives Ltd.,Chemicals,Chemicals,Domestic Equities,575000.0,664688.0,-13.493247959945116,23.9315,22.3767,6.948298900195294,1.00027352192414,1100,premier-explosives,Small Cap,Apr-2025
114515,6989.0,1,Gujarat Pipavav Port Ltd.,Logistics,Logistics,Domestic Equities,1768836.0,1768836.0,0.0,23.5237,24.4259,-3.693620296488573,0.983228558497663,1100,gujarat-pipavav-port,Small Cap,Apr-2025
65953,90815.0,1,The Anup Engineering Ltd.,Capital Goods,Capital Goods,Domestic Equities,70000.0,75000.0,-6.666666666666667,20.9258,26.0663,-19.72086563877497,0.874643196835973,1100,the-anup-engineering,Small Cap,Apr-2025
152486,5772.0,1,AIA Engineering Ltd.,Automobile & Ancillaries,Automobile & Ancillaries,Domestic Equities,59454.0,59454.0,0.0,18.989,19.9272,-4.708137620940219,0.793690069900233,1100,aia-engineering,Mid Cap,Apr-2025
171624,5869.0,1,Blue Dart Express Ltd.,Logistics,Logistics,Domestic Equities,30000.0,30000.0,0.0,18.609,18.4095,1.08367962193433,0.777807073083019,1100,blue-dart-express,Small Cap,Apr-2025
152554,7075.0,1,Voltamp Transformers Ltd.,Capital Goods,Capital Goods,Domestic Equities,24684.0,24684.0,0.0,18.023,17.6154,2.313884442022321,0.753313820096472,1100,voltamp-transformers,Small Cap,Apr-2025
39503,103957.0,1,Gateway Distriparks Ltd.,Logistics,Logistics,Domestic Equities,3000000.0,3000000.0,0.0,17.94,17.961,-0.1169199933188524,0.749844639212712,1100,gateway-distriparks,Small Cap,Apr-2025
216574,111935.0,1,Ceigall India Ltd.,Infrastructure,Infrastructure,Domestic Equities,700000.0,700000.0,0.0,17.822,17.8045,0.0982897582071948,0.744912550727366,1100,ceigall-india,Small Cap,Apr-2025
808,7339.0,1,Repco Home Finance Ltd.,Finance,Finance,Domestic Equities,428000.0,428000.0,0.0,17.2655,14.3423,20.381668212211427,0.721652319862156,1100,repco-home-finance,Small Cap,Apr-2025
56723,6834.0,1,Can Fin Homes Ltd.,Finance,Finance,Domestic Equities,238601.0,238601.0,0.0,17.063599999999997,15.9731,6.827103067031444,0.713213432869009,1100,can-fin-homes,Small Cap,Apr-2025
653,111996.0,1,Afcons Infrastructure Ltd.,Infrastructure,Infrastructure,Domestic Equities,400000.0,400000.0,0.0,16.746,19.48,-14.03490759753594,0.699938591318622,1100,afcons-infrastructure,Small Cap,Apr-2025
113882,6219.0,1,Centum Electronics Ltd.,Electricals,Electricals,Domestic Equities,99411.0,99411.0,0.0,16.6643,15.853599999999998,5.113665035070909,0.696523747002921,1100,centum-electronics,Small Cap,Apr-2025
695,7346.0,1,Titagarh Rail Systems Ltd.,Automobile & Ancillaries,Automobile & Ancillaries,Domestic Equities,220000.0,220000.0,0.0,16.4362,17.5175,-6.17268445839875,0.686989769176587,1100,titagarh-rail-systems,Small Cap,Apr-2025
133309,5981.0,1,Bharat Electronics Ltd.,Capital Goods,Capital Goods,Domestic Equities,500000.0,500000.0,0.0,15.705,15.066,4.24133811230586,0.656427539511463,1100,bharat-electronics,Large Cap,Apr-2025
202693,106086.0,1,IKIO Technologies Ltd.,Electricals,Electricals,Domestic Equities,625000.0,625000.0,0.0,13.7831,14.7575,-6.6027443672708825,0.576097193240397,1100,ikio-technologies,Small Cap,Apr-2025
133170,6243.0,1,Timken India Ltd.,Automobile & Ancillaries,Automobile & Ancillaries,Domestic Equities,50000.0,50000.0,0.0,12.2625,13.7533,-10.839580318905275,0.512540127555512,1100,timken-india,Small Cap,Apr-2025
19032,5817.0,1,Dynamatic Technologies Ltd.,Capital Goods,Capital Goods,Domestic Equities,18000.0,18000.0,0.0,11.3868,11.1829,1.8233195325005231,0.475938179363841,1100,dynamatic-technologies,Small Cap,Apr-2025
152605,7848.0,1,Ahluwalia Contracts (India) Ltd.,Realty,Realty,Domestic Equities,115383.0,115383.0,0.0,9.7891,9.4522,3.56424959268741,0.409158537219462,1100,ahluwalia-contracts-india,Small Cap,Apr-2025
43013,99994.0,1,Tega Industries Ltd.,Capital Goods,Capital Goods,Domestic Equities,70000.0,70000.0,0.0,9.4612,10.3299,-8.409568340448601,0.395453182860608,1100,tega-industries,Small Cap,Apr-2025
75947,5338.0,1,Tamil Nadu Newsprint & Papers Ltd.,Paper,Paper,Domestic Equities,700000.0,700000.0,0.0,9.2148,8.8403,4.236281574154729,0.385154313345446,1100,tamil-nadu-newsprint-papers,Small Cap,Apr-2025
152608,7159.0,1,Indian Bank,Bank,Banking,Domestic Equities,67855.0,67855.0,0.0,3.8392,3.673,4.52491151647155,0.160468424685922,1100,indian-bank,Mid Cap,Apr-2025
171888,8748.0,1,ICICI Bank Ltd.,Bank,Banking,Domestic Equities,1300000.0,1300000.0,0.0,187.954,185.51,1.317449194113533,7.4009948505214,1100,icici-bank,Large Cap,May-2025
152372,4964.0,1,Larsen & Toubro Ltd.,Infrastructure,Infrastructure,Domestic Equities,380000.0,380000.0,0.0,139.6538,126.958,10.0,5.49909581416594,1100,larsen-toubro,Large Cap,May-2025
171875,5051.0,1,HDFC Bank Ltd.,Bank,Banking,Domestic Equities,700000.0,700000.0,0.0,136.143,134.75,1.0337662337662286,5.36085234650252,1100,hdfc-bank,Large Cap,May-2025
640,7202.0,1,J Kumar Infraprojects Ltd.,Infrastructure,Infrastructure,Domestic Equities,1450000.0,1450000.0,0.0,102.6673,93.7788,9.478154977457596,4.04269214072026,1100,j-kumar-infraprojects,Small Cap,May-2025
171520,5812.0,1,Kalpataru Projects International Ltd.,Infrastructure,Infrastructure,Domestic Equities,758285.0,758285.0,0.0,86.3497,73.7129,17.14326800329385,3.40016006599523,1100,kalpataru-projects-international,Small Cap,May-2025
96486,15829.0,1,Interglobe Aviation Ltd.,Aviation,Aviation,Domestic Equities,150000.0,150000.0,0.0,79.95,78.7425,1.533479378988475,3.14816145599022,1100,interglobe-aviation,Large Cap,May-2025
133664,7760.0,1,NTPC Ltd.,Power,Power,Domestic Equities,2200000.0,2200000.0,0.0,73.458,78.001,-5.824284304047386,2.8925283831661,1100,ntpc,Large Cap,May-2025
171531,4897.0,1,Reliance Industries Ltd.,Crude Oil,Crude Oil,Domestic Equities,500000.0,500000.0,0.0,71.045,70.25,1.1316725978647686,2.7975125783718,1100,reliance-industries,Large Cap,May-2025
155709,99978.0,1,Paradeep Phosphates Ltd.,Chemicals,Chemicals,Domestic Equities,3800000.0,4300000.0,-11.627906976744184,65.46640000000001,61.9372,5.698029617096028,2.57784611810429,1100,paradeep-phosphates,Small Cap,May-2025
133593,6508.0,1,Bharti Airtel Ltd.,Telecom,Telecom,Domestic Equities,350000.0,350000.0,0.0,64.967,65.2575,-0.4451595602038107,2.55818142978507,1100,bharti-airtel,Large Cap,May-2025
137807,98607.0,1,GR Infraprojects Ltd.,Infrastructure,Infrastructure,Domestic Equities,470000.0,470000.0,0.0,60.1506,48.7907,23.282920720547168,2.36852783583096,1100,gr-infraprojects,Small Cap,May-2025
171400,5889.0,1,Axis Bank Ltd.,Bank,Banking,Domestic Equities,500000.0,500000.0,0.0,59.61,59.25,0.6075949367088608,2.34724083041372,1100,axis-bank,Large Cap,May-2025
133350,8843.0,1,State Bank Of India,Bank,Banking,Domestic Equities,704361.0,704361.0,0.0,57.2152,55.5494,2.998772263966863,2.25294168025981,1100,state-bank-of-india,Large Cap,May-2025
115643,7007.0,1,Coal India Ltd.,Mining,Mining,Domestic Equities,1400000.0,1400000.0,0.0,55.622,53.942,3.11445626784324,2.19020683558584,1100,coal-india,Large Cap,May-2025
539,7794.0,1,Adani Ports and Special Economic Zone Ltd.,Logistics,Logistics,Domestic Equities,350000.0,350000.0,0.0,50.148,42.5775,17.780517879161533,1.97465917066914,1100,adani-ports-and-special-economic-zone,Large Cap,May-2025
152334,5218.0,1,Ambuja Cements Ltd.,Construction Materials,Construction Materials,Domestic Equities,900000.0,900000.0,0.0,49.815,48.573,2.556976097832125,1.96154675334775,1100,ambuja-cements,Large Cap,May-2025
154098,6604.0,1,TD Power Systems Ltd.,Capital Goods,Capital Goods,Domestic Equities,900000.0,900000.0,0.0,46.881,38.916,20.467160037002788,1.84601572505663,1100,td-power-systems,Small Cap,May-2025
517,7825.0,1,Power Grid Corporation Of India Ltd.,Power,Power,Domestic Equities,1500000.0,1500000.0,0.0,43.4625,46.1175,-5.757033664010408,1.71140672021232,1100,power-grid-corporation-of-india,Large Cap,May-2025
38020,6672.0,1,Apollo Hospitals Enterprise Ltd.,Healthcare,Healthcare,Domestic Equities,60000.0,60000.0,0.0,41.283,41.862,-1.3831159524150691,1.62558535819442,1100,apollo-hospitals-enterprise,Mid Cap,May-2025
152362,5226.0,1,Tata Steel Ltd.,Iron & Steel,Iron & Steel,Domestic Equities,2500000.0,2500000.0,0.0,40.255,35.02,14.94860079954312,1.58510618400108,1100,tata-steel,Large Cap,May-2025
134703,87891.0,1,Hindustan Aeronautics Ltd.,Capital Goods,Capital Goods,Domestic Equities,80000.0,80000.0,0.0,39.7928,35.9032,10.833574723144457,1.56690630626551,1100,hindustan-aeronautics,Large Cap,May-2025
152241,8254.0,1,NCC Ltd.,Infrastructure,Infrastructure,Domestic Equities,1700000.0,1700000.0,0.0,39.3023,36.023,9.103350637092964,1.54759206994077,1100,ncc,Small Cap,May-2025
152275,6296.0,1,Birla Corporation Ltd.,Construction Materials,Construction Materials,Domestic Equities,281091.0,281091.0,0.0,38.6331,29.7956,29.66041965927856,1.5212412300865,1100,birla-corporation,Small Cap,May-2025
152376,5012.0,1,Bharat Petroleum Corporation Ltd.,Crude Oil,Crude Oil,Domestic Equities,1200000.0,1200000.0,0.0,38.208,37.206,2.693114013868738,1.50450222527172,1100,bharat-petroleum-corporation,Large Cap,May-2025
133635,5732.0,1,Indraprastha Gas Ltd.,Gas Transmission,Gas Transmission,Domestic Equities,1600000.0,1600000.0,0.0,33.0656,30.8144,7.305675268705536,1.30201185039638,1100,indraprastha-gas,Mid Cap,May-2025
152370,5063.0,1,Escorts Kubota Ltd.,Automobile & Ancillaries,Automobile & Ancillaries,Domestic Equities,96665.0,96665.0,0.0,32.1092,31.5031,1.9239376442318417,1.26435204281027,1100,escorts-kubota,Mid Cap,May-2025
76083,6699.0,1,Ashoka Buildcon Ltd.,Infrastructure,Infrastructure,Domestic Equities,1333350.0,1333350.0,0.0,29.3444,24.575,19.407527975584944,1.15548354007704,1100,ashoka-buildcon,Small Cap,May-2025
77309,15532.0,1,Inox Wind Ltd.,Capital Goods,Capital Goods,Domestic Equities,1500000.0,1500000.0,0.0,29.25,25.353,15.37096201632942,1.15176638633789,1100,inox-wind,Small Cap,May-2025
38803,5403.0,1,Indus Towers Ltd.,Telecom,Telecom,Domestic Equities,750000.0,750000.0,0.0,28.811300000000003,30.615,-5.89155642658827,1.13449185937425,1100,indus-towers,Large Cap,May-2025
46521,101004.0,1,Delhivery Ltd.,Logistics,Logistics,Domestic Equities,800000.0,800000.0,0.0,28.64,24.444000000000003,17.16576665030273,1.12774664289631,1100,delhivery,Small Cap,May-2025
152604,5456.0,1,Power Finance Corporation Ltd.,Finance,Finance,Domestic Equities,700000.0,700000.0,0.0,28.4165,28.518,-0.3559155621011323,1.11894596640583,1100,power-finance-corporation,Large Cap,May-2025
152324,4941.0,1,ACC Ltd.,Construction Materials,Construction Materials,Domestic Equities,150000.0,150000.0,0.0,28.242,28.32,-0.2754237288135657,1.11207474471639,1100,acc,Mid Cap,May-2025
114515,6989.0,1,Gujarat Pipavav Port Ltd.,Logistics,Logistics,Domestic Equities,1768836.0,1768836.0,0.0,27.6204,23.5237,17.41520254041669,1.08759823238314,1100,gujarat-pipavav-port,Small Cap,May-2025
152343,5043.0,1,Hindalco Industries Ltd.,Non - Ferrous Metals,Non - Ferrous Metals,Domestic Equities,429294.0,429294.0,0.0,27.1958,26.8158,1.4170750080176613,1.07087891588266,1100,hindalco-industries,Large Cap,May-2025
152503,5921.0,1,Gujarat State Petronet Ltd.,Gas Transmission,Gas Transmission,Domestic Equities,800000.0,800000.0,0.0,26.304,26.0,1.1692307692307728,1.03576283850365,1100,gujarat-state-petronet,Small Cap,May-2025
113882,6219.0,1,Centum Electronics Ltd.,Electricals,Electricals,Domestic Equities,99411.0,99411.0,0.0,24.808000000000003,16.6643,48.86913941779733,0.976855402128898,1100,centum-electronics,Small Cap,May-2025
19243,8235.0,1,Premier Explosives Ltd.,Chemicals,Chemicals,Domestic Equities,400000.0,575000.0,-30.434782608695656,23.12,23.9315,-3.390928274449996,0.910387653064339,1100,premier-explosives,Small Cap,May-2025
152486,5772.0,1,AIA Engineering Ltd.,Automobile & Ancillaries,Automobile & Ancillaries,Domestic Equities,59454.0,59454.0,0.0,20.7964,18.989,9.518142082258136,0.818892118866229,1100,aia-engineering,Mid Cap,May-2025
152554,7075.0,1,Voltamp Transformers Ltd.,Capital Goods,Capital Goods,Domestic Equities,24684.0,24684.0,0.0,20.4544,18.023,13.490539865727133,0.805425311887509,1100,voltamp-transformers,Small Cap,May-2025
171624,5869.0,1,Blue Dart Express Ltd.,Logistics,Logistics,Domestic Equities,30000.0,30000.0,0.0,19.866,18.609,6.754796066419464,0.782256103623536,1100,blue-dart-express,Small Cap,May-2025
695,7346.0,1,Titagarh Rail Systems Ltd.,Automobile & Ancillaries,Automobile & Ancillaries,Domestic Equities,220000.0,220000.0,0.0,19.6152,16.4362,19.341453620666584,0.772380445172475,1100,titagarh-rail-systems,Small Cap,May-2025
65953,90815.0,1,The Anup Engineering Ltd.,Capital Goods,Capital Goods,Domestic Equities,70000.0,70000.0,0.0,19.4474,20.9258,-7.064962868803101,0.765773046894611,1100,the-anup-engineering,Small Cap,May-2025
133309,5981.0,1,Bharat Electronics Ltd.,Capital Goods,Capital Goods,Domestic Equities,500000.0,500000.0,0.0,19.23,15.705,22.4450811843362,0.757212567838548,1100,bharat-electronics,Large Cap,May-2025
39503,103957.0,1,Gateway Distriparks Ltd.,Logistics,Logistics,Domestic Equities,3000000.0,3000000.0,0.0,19.119,17.94,6.571906354515056,0.752841762064753,1100,gateway-distriparks,Small Cap,May-2025
56723,6834.0,1,Can Fin Homes Ltd.,Finance,Finance,Domestic Equities,238601.0,238601.0,0.0,18.8053,17.063599999999997,10.207107527133786,0.740489313675208,1100,can-fin-homes,Small Cap,May-2025
216574,111935.0,1,Ceigall India Ltd.,Infrastructure,Infrastructure,Domestic Equities,700000.0,700000.0,0.0,17.4895,17.822,-1.8656716417910448,0.68867754577287,1100,ceigall-india,Small Cap,May-2025
653,111996.0,1,Afcons Infrastructure Ltd.,Infrastructure,Infrastructure,Domestic Equities,400000.0,400000.0,0.0,16.922,16.746,1.0509972530753695,0.666331309046485,1100,afcons-infrastructure,Small Cap,May-2025
808,7339.0,1,Repco Home Finance Ltd.,Finance,Finance,Domestic Equities,428000.0,428000.0,0.0,16.7113,17.2655,-3.2098693927195763,0.658034653401993,1100,repco-home-finance,Small Cap,May-2025
133170,6243.0,1,Timken India Ltd.,Automobile & Ancillaries,Automobile & Ancillaries,Domestic Equities,50000.0,50000.0,0.0,15.623,12.2625,27.404689092762485,0.615181068504505,1100,timken-india,Small Cap,May-2025
202693,106086.0,1,IKIO Technologies Ltd.,Electricals,Electricals,Domestic Equities,625000.0,625000.0,0.0,13.7119,13.7831,-0.5165746457618309,0.539928393600904,1100,ikio-technologies,Small Cap,May-2025
19032,5817.0,1,Dynamatic Technologies Ltd.,Capital Goods,Capital Goods,Domestic Equities,18000.0,18000.0,0.0,12.3372,11.3868,8.34650648118874,0.485797342274453,1100,dynamatic-technologies,Small Cap,May-2025
43013,99994.0,1,Tega Industries Ltd.,Capital Goods,Capital Goods,Domestic Equities,70000.0,70000.0,0.0,11.55,9.4612,22.07753773305712,0.454800060246242,1100,tega-industries,Small Cap,May-2025
75947,5338.0,1,Tamil Nadu Newsprint & Papers Ltd.,Paper,Paper,Domestic Equities,700000.0,700000.0,0.0,11.4086,9.2148,23.80735338802794,0.449232204963227,1100,tamil-nadu-newsprint-papers,Small Cap,May-2025
152605,7848.0,1,Ahluwalia Contracts (India) Ltd.,Realty,Realty,Domestic Equities,115383.0,115383.0,0.0,11.2268,9.7891,14.686743418700402,0.442073533885066,1100,ahluwalia-contracts-india,Small Cap,May-2025
152608,7159.0,1,Indian Bank,Bank,Banking,Domestic Equities,67855.0,67855.0,0.0,4.1839,3.8392,8.978433006876424,0.164747876369199,1100,indian-bank,Mid Cap,May-2025
