CompanyID,SecurityID,MfSchemeAssetAllocationID,Name,SectorName,EquitySectorName,Type,NoOfShare,PrevNoOfShare,SharesZG,MarketValue,PrevMarketValue,MarketValueZG,HoldingPercentage,Priority,SecuritySlug,McapCategory,Month
76200,82667,1,BSE Ltd.,Finance,Finance,Domestic Equities,36174.0,35470.0,1.9847758669298,13.1691,9.5184,38.3541351487645,6.89513082533079,1100,bse,Mid Cap,Apr-2026
152686,7802,1,Multi Commodity Exchange Of India Ltd.,Finance,Finance,Domestic Equities,22585.0,22144.0,1.9915101156069364,6.7111,5.2911,26.837519608399006,3.51382497527374,1100,multi-commodity-exchange-of-india,Mid Cap,Apr-2026
171685,5596,1,The Federal Bank Ltd.,Bank,Banking,Domestic Equities,217904.0,213639.0,1.9963583428119398,6.2528,5.541799999999999,12.829766501858607,3.27386640124445,1100,the-federal-bank,Mid Cap,Apr-2026
152473,5056,1,Suzlon Energy Ltd.,Capital Goods,Capital Goods,Domestic Equities,1074515.0,1053495.0,1.9952633852082828,5.9722,4.1676,43.30070064305597,3.12694871441788,1100,suzlon-energy,Mid Cap,Apr-2026
171383,5551,1,Hero MotoCorp Ltd.,Automobile & Ancillaries,Automobile & Ancillaries,Domestic Equities,11490.0,11269.0,1.9611323098766527,5.8588,5.7055,2.6868810796599845,3.06757428217935,1100,hero-motocorp,Large Cap,Apr-2026
114442,5285,1,IndusInd Bank Ltd.,Bank,Banking,Domestic Equities,58301.0,57160.0,1.996151154653604,5.340700000000001,4.301,24.173448035340623,2.79630538144931,1100,indusind-bank,Mid Cap,Apr-2026
141614,85778,1,AU Small Finance Bank Ltd.,Bank,Banking,Domestic Equities,50071.0,49083.0,2.012916895870261,5.087,4.1362,22.987283013393935,2.66347210579749,1100,au-small-finance-bank,Mid Cap,Apr-2026
157113,99763,1,PB Fintech Ltd.,IT,Information Technology,Domestic Equities,30162.0,29574.0,1.9882329072834246,5.0256,4.2226,19.016719556671248,2.63132404460308,1100,pb-fintech,Mid Cap,Apr-2026
152211,6247,1,Lupin Ltd.,Healthcare,Healthcare,Domestic Equities,21471.0,21048.0,2.009692132269099,4.9495,4.870299999999999,1.626183192000496,2.59147929774812,1100,lupin,Mid Cap,Apr-2026
38803,5403,1,Indus Towers Ltd.,Telecom,Telecom,Domestic Equities,114581.0,112342.0,1.993021309928611,4.6972000000000005,4.6975999999999996,-0.008514986376014054,2.45937903977825,1100,indus-towers,Mid Cap,Apr-2026
95548,5980,1,Persistent Systems Ltd.,IT,Information Technology,Domestic Equities,9631.0,9442.0,2.001694556238085,4.6229000000000005,4.6051,0.38652797984843534,2.42047674422866,1100,persistent-systems,Mid Cap,Apr-2026
133342,5963,1,Bharat Heavy Electricals Ltd.,Capital Goods,Capital Goods,Domestic Equities,129220.0,126692.0,1.9953903956050896,4.5538,3.1102999999999996,46.410314117609246,2.38429708578349,1100,bharat-heavy-electricals,Mid Cap,Apr-2026
152369,6790,1,Bharat Forge Ltd.,Automobile & Ancillaries,Automobile & Ancillaries,Domestic Equities,23597.0,23132.0,2.0102023171364345,4.44,3.8737,14.619098019980894,2.32471321992154,1100,bharat-forge,Mid Cap,Apr-2026
152636,5140,1,Fortis Healthcare Ltd.,Healthcare,Healthcare,Domestic Equities,46131.0,45227.0,1.9988060229508922,4.2577,3.5955,18.41746627729105,2.22926384604953,1100,fortis-healthcare,Mid Cap,Apr-2026
171659,5756,1,Ashok Leyland Ltd.,Automobile & Ancillaries,Automobile & Ancillaries,Domestic Equities,253278.0,248318.0,1.9974387680313146,4.1054,3.8273,7.266219005565282,2.14952199393375,1100,ashok-leyland,Mid Cap,Apr-2026
7737,15826,1,IDFC First Bank Ltd.,Bank,Banking,Domestic Equities,586408.0,574939.0,1.9948203200687378,4.0837,3.3835,20.694547066646958,2.13816021986342,1100,idfc-first-bank,Mid Cap,Apr-2026
152795,99590,1,One97 Communications Ltd.,IT,Information Technology,Domestic Equities,37230.0,36500.0,2.0,4.0797,3.5004000000000004,16.54953719574906,2.13606588362925,1100,one97-communications,Mid Cap,Apr-2026
57445,86554,1,Dixon Technologies (India) Ltd.,Consumer Durables,Consumer Durables,Domestic Equities,3653.0,3580.0,2.0391061452513966,4.0791,3.4629000000000003,17.794334228536776,2.13575173319413,1100,dixon-technologies-india,Mid Cap,Apr-2026
139924,82380,1,Laurus Labs Ltd.,Healthcare,Healthcare,Domestic Equities,34443.0,33770.0,1.992893100384957,3.792,3.3523,13.116367866837683,1.98543074998704,1100,laurus-labs,Mid Cap,Apr-2026
134131,90516,1,Polycab India Ltd.,Electricals,Electricals,Domestic Equities,4671.0,4582.0,1.9423832387603666,3.7883999999999998,3.1357,20.81512899830978,1.98354584737629,1100,polycab-india,Large Cap,Apr-2026
171636,86629,1,ICICI Lombard General Insurance Company Ltd.,Insurance,Finance,Domestic Equities,21470.0,21048.0,2.0049410870391484,3.7856,3.6005000000000003,5.140952645465905,1.98207981201238,1100,icici-lombard-general-insurance-company,Mid Cap,Apr-2026
152222,5634,1,Max Financial Services Ltd.,Finance,Finance,Domestic Equities,23480.0,23023.0,1.9849715501889416,3.7232,3.432,8.484848484848486,1.94940816675943,1100,max-financial-services,Mid Cap,Apr-2026
171327,5699,1,Marico Ltd.,FMCG,Fast Moving Consumer Goods,Domestic Equities,46850.0,45930.0,2.003048116699325,3.6308999999999996,3.3802,7.416720904088514,1.9010813581561,1100,marico,Mid Cap,Apr-2026
133657,7260,1,Coforge Ltd.,IT,Information Technology,Domestic Equities,29732.0,29148.0,2.0035679978043093,3.5556,3.2491000000000003,9.43338155181434,1.86165547854798,1100,coforge,Mid Cap,Apr-2026
171465,6543,1,Aurobindo Pharma Ltd.,Healthcare,Healthcare,Domestic Equities,24746.0,24262.0,1.9948891270299234,3.4385000000000003,3.1647000000000003,8.651688943659744,1.80034378529284,1100,aurobindo-pharma,Mid Cap,Apr-2026
152572,7512,1,Info Edge (India) Ltd.,IT,Information Technology,Domestic Equities,33827.0,33167.0,1.9899297494497543,3.2908999999999997,3.2096,2.533025922233299,1.7230627782522,1100,info-edge-india,Mid Cap,Apr-2026
84908,112552,1,Swiggy Ltd.,Retailing,Information Technology,Domestic Equities,121469.0,119092.0,1.9959359150908542,3.2832999999999997,3.097,6.015498869874071,1.71908353940729,1100,swiggy,Mid Cap,Apr-2026
165,7447,1,SRF Ltd.,Chemicals,Chemicals,Domestic Equities,12850.0,12601.0,1.9760336481231648,3.2363999999999997,3.0721,5.348133198789105,1.69452744706172,1100,srf,Mid Cap,Apr-2026
191600,99819,1,FSN E-Commerce Ventures Ltd.,Retailing,Information Technology,Domestic Equities,121048.0,118680.0,1.9952814290529155,3.2049000000000003,2.7889999999999997,14.912154894227333,1.67803454921769,1100,fsn-e-commerce-ventures,Mid Cap,Apr-2026
171635,7381,1,UPL Ltd.,Chemicals,Chemicals,Domestic Equities,49645.0,48677.0,1.9886188549006718,3.1864999999999997,2.7645999999999997,15.260797222021269,1.66840060254053,1100,upl,Mid Cap,Apr-2026
171365,5279,1,Hindustan Petroleum Corporation Ltd.,Crude Oil,Crude Oil,Domestic Equities,85008.0,83344.0,1.996544442311384,3.1839999999999997,2.7954000000000003,13.90140945839592,1.66709164239418,1100,hindustan-petroleum-corporation,Mid Cap,Apr-2026
152455,7030,1,Yes Bank Ltd.,Bank,Banking,Domestic Equities,1554538.0,1524127.0,1.9953061654310962,3.0982,2.6291,17.842607736487757,1.62216813017137,1100,yes-bank,Mid Cap,Apr-2026
587,7648,1,APL Apollo Tubes Ltd.,Iron & Steel,Iron & Steel,Domestic Equities,16103.0,15784.0,2.0210339584389256,3.0676,3.0574,0.3336167985870288,1.60614645798002,1100,apl-apollo-tubes,Mid Cap,Apr-2026
152551,7908,1,GMR Airports Ltd.,Infrastructure,Aviation,Domestic Equities,315873.0,309693.0,1.995524600168554,3.0460000000000003,2.6245999999999996,16.055779928370058,1.59483704231554,1100,gmr-airports,Mid Cap,Apr-2026
122,5767,1,The Phoenix Mills Ltd.,Realty,Realty,Domestic Equities,16521.0,16198.0,1.9940733423879493,2.9160000000000004,2.4399,19.513094798967177,1.52677111470522,1100,the-phoenix-mills,Mid Cap,Apr-2026
38931,15891,1,Alkem Laboratories Ltd.,Healthcare,Healthcare,Domestic Equities,5181.0,5078.0,2.0283576211106733,2.7977,2.6908,3.9727961944403143,1.46483112057984,1100,alkem-laboratories,Mid Cap,Apr-2026
101370,86936,1,Tube Investments of India Ltd.,Automobile & Ancillaries,Automobile & Ancillaries,Domestic Equities,9457.0,9270.0,2.017259978425027,2.7878,2.3335,19.468609385043916,1.45964763840028,1100,tube-investments-of-india,Mid Cap,Apr-2026
171639,5614,1,Havells India Ltd.,Capital Goods,Capital Goods,Domestic Equities,22327.0,21890.0,1.996345363179534,2.7699000000000003,2.6062,6.281175658046199,1.4502754837524,1100,havells-india,Mid Cap,Apr-2026
19275,7232,1,NMDC Ltd.,Mining,Mining,Domestic Equities,305968.0,299980.0,1.9961330755383693,2.765,2.2879,20.853184142663583,1.44770992186555,1100,nmdc,Mid Cap,Apr-2026
19255,6350,1,Mphasis Ltd.,IT,Information Technology,Domestic Equities,11715.0,11483.0,2.0203779500130628,2.6672000000000002,2.3575,13.13679745493108,1.39650340094025,1100,mphasis,Mid Cap,Apr-2026
77359,100627,1,Waaree Energies Ltd.,Capital Goods,Capital Goods,Domestic Equities,8482.0,8319.0,1.959370116600553,2.6454000000000004,2.5869999999999997,2.257441051410913,1.38508926846406,1100,waaree-energies,Mid Cap,Apr-2026
171820,5969,1,Colgate-Palmolive (India) Ltd.,FMCG,Fast Moving Consumer Goods,Domestic Equities,11658.0,11427.0,2.021527960094513,2.4437,2.0439,19.5606438671168,1.27948236385636,1100,colgate-palmolive-india,Mid Cap,Apr-2026
171946,6864,1,Godrej Properties Ltd.,Realty,Realty,Domestic Equities,13173.0,12913.0,2.0134747928444203,2.4175,1.8999000000000001,27.243539133638606,1.26576446152259,1100,godrej-properties,Mid Cap,Apr-2026
677,6026,1,Oil India Ltd.,Crude Oil,Crude Oil,Domestic Equities,48283.0,47335.0,2.002746382169642,2.3697,2.2505,5.2966007553876855,1.24073714352434,1100,oil-india,Mid Cap,Apr-2026
153586,8183,1,NHPC Ltd.,Power,Power,Domestic Equities,280046.0,274566.0,1.9958771297247293,2.33,2.0241,15.11288967936367,1.21995085640027,1100,nhpc,Mid Cap,Apr-2026
171799,4956,1,Dabur India Ltd.,FMCG,Fast Moving Consumer Goods,Domestic Equities,52267.0,51246.0,1.9923506224876086,2.3076,2.1034,9.708091661120086,1.20822257348895,1100,dabur-india,Mid Cap,Apr-2026
1152,105806,1,Mankind Pharma Ltd.,Healthcare,Healthcare,Domestic Equities,10016.0,9823.0,1.964776544843734,2.2503,1.9703,14.211033852712784,1.17822120693456,1100,mankind-pharma,Mid Cap,Apr-2026
153260,8051,1,Prestige Estates Projects Ltd.,Realty,Realty,Domestic Equities,14931.0,14640.0,1.9877049180327868,2.1118,1.6491999999999998,28.049963618724245,1.10570481482664,1100,prestige-estates-projects,Mid Cap,Apr-2026
56674,5695,1,Supreme Industries Ltd.,Plastic Products,Plastic Products,Domestic Equities,5699.0,5586.0,2.0229144289294667,2.0645,2.092,-1.3145315487571703,1.08093928885766,1100,supreme-industries,Mid Cap,Apr-2026
77639,92991,1,SBI Cards And Payment Services Ltd.,Finance,Finance,Domestic Equities,26537.0,26015.0,2.006534691524121,1.7087,1.6531,3.363377896074044,0.894648080828813,1100,sbi-cards-and-payment-services,Mid Cap,Apr-2026
76200,82667,1,BSE Ltd.,Finance,Finance,Domestic Equities,35470.0,35296.0,0.492973708068903,9.5184,9.555,-0.3830455259026654,5.72277168194799,1100,bse,Mid Cap,Mar-2026
171383,5551,1,Hero MotoCorp Ltd.,Automobile & Ancillaries,Automobile & Ancillaries,Domestic Equities,11269.0,11208.0,0.5442541042112776,5.7055,6.3998,-10.848776524266391,3.43033218097099,1100,hero-motocorp,Large Cap,Mar-2026
171685,5596,1,The Federal Bank Ltd.,Bank,Banking,Domestic Equities,213639.0,212507.0,0.532688334972495,5.541799999999999,6.372000000000001,-13.028876333961092,3.33191041635353,1100,the-federal-bank,Mid Cap,Mar-2026
152686,7802,1,Multi Commodity Exchange Of India Ltd.,Finance,Finance,Domestic Equities,22144.0,,,5.2911,,,3.18118142191493,1100,multi-commodity-exchange-of-india,Mid Cap,Mar-2026
152211,6247,1,Lupin Ltd.,Healthcare,Healthcare,Domestic Equities,21048.0,20939.0,0.5205597210946081,4.870299999999999,4.8199000000000005,1.045664847818412,2.92818277468811,1100,lupin,Mid Cap,Mar-2026
38803,5403,1,Indus Towers Ltd.,Telecom,Telecom,Domestic Equities,112342.0,111795.0,0.4892884297151035,4.6976,5.0861,-7.638465621989347,2.82434991733053,1100,indus-towers,Mid Cap,Mar-2026
95548,5980,1,Persistent Systems Ltd.,IT,Information Technology,Domestic Equities,9442.0,9400.0,0.4468085106382979,4.6051,4.449,3.508653630029223,2.76873590861266,1100,persistent-systems,Mid Cap,Mar-2026
114442,5285,1,IndusInd Bank Ltd.,Bank,Banking,Domestic Equities,57160.0,56883.0,0.4869644709315612,4.301,5.4423,-20.970913033092625,2.58590109724936,1100,indusind-bank,Mid Cap,Mar-2026
157113,99763,1,PB Fintech Ltd.,IT,Information Technology,Domestic Equities,29574.0,29453.0,0.4108240247173463,4.2226,4.3638,-3.235711994133554,2.53876446715767,1100,pb-fintech,Mid Cap,Mar-2026
152473,5056,1,Suzlon Energy Ltd.,Capital Goods,Capital Goods,Domestic Equities,1053495.0,1048136.0,0.5112886114015738,4.1676,4.4724,-6.815132814596193,2.50569667819029,1100,suzlon-energy,Mid Cap,Mar-2026
141614,85778,1,AU Small Finance Bank Ltd.,Bank,Banking,Domestic Equities,49083.0,48749.0,0.6851422593283965,4.1362,4.6719,-11.466426935508036,2.48681797685255,1100,au-small-finance-bank,Mid Cap,Mar-2026
152369,6790,1,Bharat Forge Ltd.,Automobile & Ancillaries,Automobile & Ancillaries,Domestic Equities,23132.0,23030.0,0.4429005644811116,3.8737,4.4015,-11.99136657957514,2.32899443859913,1100,bharat-forge,Mid Cap,Mar-2026
171659,5756,1,Ashok Leyland Ltd.,Automobile & Ancillaries,Automobile & Ancillaries,Domestic Equities,248318.0,247152.0,0.4717744545866511,3.8273,5.2174000000000005,-26.64353892743512,2.30109724936119,1100,ashok-leyland,Mid Cap,Mar-2026
171636,86629,1,ICICI Lombard General Insurance Company Ltd.,Insurance,Finance,Domestic Equities,21048.0,,,3.6005000000000003,,,2.16473771231024,1100,icici-lombard-general-insurance-company,Mid Cap,Mar-2026
152636,5140,1,Fortis Healthcare Ltd.,Healthcare,Healthcare,Domestic Equities,45227.0,45010.0,0.4821150855365474,3.5955,4.242900000000001,-15.2584317330128,2.16173154967684,1100,fortis-healthcare,Mid Cap,Mar-2026
152795,99590,1,One97 Communications Ltd.,IT,Information Technology,Domestic Equities,36500.0,35067.0,4.086463056434825,3.5004000000000004,3.8514,-9.113569091758832,2.1045543363896,1100,one97-communications,Mid Cap,Mar-2026
57445,86554,1,Dixon Technologies (India) Ltd.,Consumer Durables,Consumer Durables,Domestic Equities,3580.0,3553.0,0.7599211933577259,3.4629000000000003,3.7406,-7.4239426829920285,2.08200811663911,1100,dixon-technologies-india,Mid Cap,Mar-2026
152222,5634,1,Max Financial Services Ltd.,Finance,Finance,Domestic Equities,23023.0,22771.0,1.1066707654472794,3.432,4.1293,-16.886639381977577,2.06343003156471,1100,max-financial-services,Mid Cap,Mar-2026
7737,15826,1,IDFC First Bank Ltd.,Bank,Banking,Domestic Equities,574939.0,571700.0,0.5665558859541717,3.3835,4.2009,-19.45773524720892,2.03427025402074,1100,idfc-first-bank,Mid Cap,Mar-2026
171327,5699,1,Marico Ltd.,FMCG,Fast Moving Consumer Goods,Domestic Equities,45930.0,45657.0,0.5979367895393916,3.3802,3.6007,-6.1238092593106925,2.0322861866827,1100,marico,Mid Cap,Mar-2026
139924,82380,1,Laurus Labs Ltd.,Healthcare,Healthcare,Domestic Equities,33770.0,,,3.3523,,,2.01551179918834,1100,laurus-labs,Mid Cap,Mar-2026
133657,7260,1,Coforge Ltd.,IT,Information Technology,Domestic Equities,29148.0,28917.0,0.7988380537400145,3.2491000000000003,3.429,-5.246427529892083,1.95346460243499,1100,coforge,Mid Cap,Mar-2026
152572,7512,1,Info Edge (India) Ltd.,IT,Information Technology,Domestic Equities,33167.0,,,3.2096,,,1.92971591763114,1100,info-edge-india,Mid Cap,Mar-2026
171465,6543,1,Aurobindo Pharma Ltd.,Healthcare,Healthcare,Domestic Equities,24262.0,24159.0,0.4263421499234239,3.1647000000000003,2.9484,7.336182336182355,1.90272057718323,1100,aurobindo-pharma,Mid Cap,Mar-2026
134131,90516,1,Polycab India Ltd.,Electricals,Electricals,Domestic Equities,4582.0,4547.0,0.7697382889817462,3.1357,3.9152,-19.9095831630568,1.88528483390951,1100,polycab-india,Large Cap,Mar-2026
133342,5963,1,Bharat Heavy Electricals Ltd.,Capital Goods,Capital Goods,Domestic Equities,126692.0,126085.0,0.4814212634333981,3.1103,3.3406,-6.893971142908469,1.87001352773185,1100,bharat-heavy-electricals,Mid Cap,Mar-2026
84908,112552,1,Swiggy Ltd.,Retailing,Information Technology,Domestic Equities,119092.0,,,3.097,,,1.86201713512701,1100,swiggy,Mid Cap,Mar-2026
165,7447,1,SRF Ltd.,Chemicals,Chemicals,Domestic Equities,12601.0,12541.0,0.4784307471493501,3.0721,3.2133,-4.394236454735009,1.84704644521269,1100,srf,Mid Cap,Mar-2026
587,7648,1,APL Apollo Tubes Ltd.,Iron & Steel,Iron & Steel,Domestic Equities,15784.0,15698.0,0.5478404892342974,3.0574,3.5079,-12.842441346674653,1.83820832707049,1100,apl-apollo-tubes,Mid Cap,Mar-2026
171365,5279,1,Hindustan Petroleum Corporation Ltd.,Crude Oil,Crude Oil,Domestic Equities,83344.0,82955.0,0.4689289373756856,2.7954000000000003,3.6397,-23.19696678297662,1.68068540508041,1100,hindustan-petroleum-corporation,Mid Cap,Mar-2026
191600,99819,1,FSN E-Commerce Ventures Ltd.,Retailing,Information Technology,Domestic Equities,118680.0,,,2.789,,,1.67683751690966,1100,fsn-e-commerce-ventures,Mid Cap,Mar-2026
171635,7381,1,UPL Ltd.,Chemicals,Chemicals,Domestic Equities,48677.0,48382.0,0.6097308916539209,2.7646,3.0839,-10.353772820130356,1.66216744325868,1100,upl,Mid Cap,Mar-2026
38931,15891,1,Alkem Laboratories Ltd.,Healthcare,Healthcare,Domestic Equities,5078.0,,,2.6908,,,1.61779648278972,1100,alkem-laboratories,Mid Cap,Mar-2026
152455,7030,1,Yes Bank Ltd.,Bank,Banking,Domestic Equities,1524127.0,1516514.0,0.5020065756069513,2.6291,3.1422000000000003,-16.329323403984468,1.58070043589358,1100,yes-bank,Mid Cap,Mar-2026
152551,7908,1,GMR Airports Ltd.,Infrastructure,Aviation,Domestic Equities,309693.0,308211.0,0.4808394249394084,2.6246,3.1015,-15.376430759310011,1.57799488952352,1100,gmr-airports,Mid Cap,Mar-2026
171639,5614,1,Havells India Ltd.,Capital Goods,Capital Goods,Domestic Equities,21890.0,,,2.6062,,,1.56693221103262,1100,havells-india,Mid Cap,Mar-2026
77359,100627,1,Waaree Energies Ltd.,Capital Goods,Capital Goods,Domestic Equities,8319.0,,,2.587,,,1.55538854652037,1100,waaree-energies,Mid Cap,Mar-2026
122,5767,1,The Phoenix Mills Ltd.,Realty,Realty,Domestic Equities,16198.0,16116.0,0.5088111193844627,2.4399,2.673,-8.720538720538721,1.46694724184578,1100,the-phoenix-mills,Mid Cap,Mar-2026
19255,6350,1,Mphasis Ltd.,IT,Information Technology,Domestic Equities,11483.0,9848.0,16.602355808285946,2.3575,2.2616,4.240360806508668,1.41740568164738,1100,mphasis,Mid Cap,Mar-2026
101370,86936,1,Tube Investments of India Ltd.,Automobile & Ancillaries,Automobile & Ancillaries,Domestic Equities,9270.0,9225.0,0.4878048780487805,2.3335,2.54,-8.129921259842522,1.40297610100706,1100,tube-investments-of-india,Mid Cap,Mar-2026
19275,7232,1,NMDC Ltd.,Mining,Mining,Domestic Equities,299980.0,298548.0,0.4796548628696223,2.2879,2.4403,-6.245133795025206,1.37555989779047,1100,nmdc,Mid Cap,Mar-2026
677,6026,1,Oil India Ltd.,Crude Oil,Crude Oil,Domestic Equities,47335.0,47113.0,0.4712075223399062,2.2505,2.2798,-1.2852004561803572,1.35307380129265,1100,oil-india,Mid Cap,Mar-2026
171799,4956,1,Dabur India Ltd.,FMCG,Fast Moving Consumer Goods,Domestic Equities,51246.0,50882.0,0.7153806847215125,2.1034,2.6382,-20.271397164733525,1.26463249661807,1100,dabur-india,Mid Cap,Mar-2026
56674,5695,1,Supreme Industries Ltd.,Plastic Products,Plastic Products,Domestic Equities,5586.0,5567.0,0.3412969283276451,2.092,2.213,-5.467690917306833,1.25777844581392,1100,supreme-industries,Mid Cap,Mar-2026
171820,5969,1,Colgate-Palmolive (India) Ltd.,FMCG,Fast Moving Consumer Goods,Domestic Equities,11427.0,11374.0,0.465975030771936,2.0439,2.5643,-20.294037359123354,1.22885916128063,1100,colgate-palmolive-india,Mid Cap,Mar-2026
153586,8183,1,NHPC Ltd.,Power,Power,Domestic Equities,274566.0,273280.0,0.47057962529274,2.0241,2.0586,-1.6758962401632258,1.21695475725237,1100,nhpc,Mid Cap,Mar-2026
1152,105806,1,Mankind Pharma Ltd.,Healthcare,Healthcare,Domestic Equities,9823.0,9768.0,0.5630630630630631,1.9703,2.1955,-10.25734456843544,1.184608447317,1100,mankind-pharma,Mid Cap,Mar-2026
171946,6864,1,Godrej Properties Ltd.,Realty,Realty,Domestic Equities,12913.0,12882.0,0.2406458624437199,1.8999,2.2299,-14.79886990448002,1.14228167743875,1100,godrej-properties,Mid Cap,Mar-2026
77639,92991,1,SBI Cards And Payment Services Ltd.,Finance,Finance,Domestic Equities,26015.0,25890.0,0.4828118964851293,1.6531,2.0049,-17.547009825926484,0.993897489854201,1100,sbi-cards-and-payment-services,Mid Cap,Mar-2026
153260,8051,1,Prestige Estates Projects Ltd.,Realty,Realty,Domestic Equities,14640.0,14570.0,0.4804392587508579,1.6491999999999998,2.0296000000000003,-18.742609381158857,0.99155268300015,1100,prestige-estates-projects,Mid Cap,Mar-2026
76200,82667,1,BSE Ltd.,Finance,Finance,Domestic Equities,26960.0,24593.0,9.624689952425488,7.0964,7.137899999999999,-0.58140349402485,5.13245559981832,1100,bse,Mid Cap,Dec-2025
171383,5551,1,Hero MotoCorp Ltd.,Automobile & Ancillaries,Automobile & Ancillaries,Domestic Equities,8563.0,7821.0,9.487277841708222,4.9417,4.8291,2.331697417738293,3.57407359190888,1100,hero-motocorp,Large Cap,Dec-2025
95548,5980,1,Persistent Systems Ltd.,IT,Information Technology,Domestic Equities,7179.0,6469.0,10.97542123975885,4.5027,4.1098,9.560075916102964,3.25656781315906,1100,persistent-systems,Mid Cap,Dec-2025
171685,5596,1,The Federal Bank Ltd.,Bank,Banking,Domestic Equities,162316.0,148041.0,9.642599009733791,4.3355,3.8183,13.54529502658252,3.13564078307484,1100,the-federal-bank,Mid Cap,Dec-2025
152473,5056,1,Suzlon Energy Ltd.,Capital Goods,Capital Goods,Domestic Equities,800578.0,730512.0,9.591355104365158,4.216600000000001,3.9455,6.87111899632493,3.04964662113099,1100,suzlon-energy,Mid Cap,Dec-2025
157113,99763,1,PB Fintech Ltd.,IT,Information Technology,Domestic Equities,22496.0,20306.0,10.784989658229096,4.1069,3.6935,11.192635711384858,2.97030633883291,1100,pb-fintech,Mid Cap,Dec-2025
171877,6125,1,Cummins India Ltd.,Automobile & Ancillaries,Automobile & Ancillaries,Domestic Equities,8917.0,8140.0,9.545454545454549,3.9542,3.6462,8.447150458011084,2.85986640166868,1100,cummins-india,Large Cap,Dec-2025
114442,5285,1,IndusInd Bank Ltd.,Bank,Banking,Domestic Equities,43449.0,39669.0,9.52885124404447,3.7549,3.4058,10.250161489224272,2.71572311760298,1100,indusind-bank,Mid Cap,Dec-2025
7737,15826,1,IDFC First Bank Ltd.,Bank,Banking,Domestic Equities,436672.0,378068.0,15.500915179279918,3.7383,3.0295,23.39660009902624,2.70371720432907,1100,idfc-first-bank,Mid Cap,Dec-2025
141614,85778,1,AU Small Finance Bank Ltd.,Bank,Banking,Domestic Equities,37235.0,33892.0,9.863684645344032,3.703,3.2375,14.37837837837838,2.67818655742732,1100,au-small-finance-bank,Mid Cap,Dec-2025
133657,7260,1,Coforge Ltd.,IT,Information Technology,Domestic Equities,22089.0,20136.0,9.699046483909417,3.6734,3.8434,-4.423166987563096,2.6567784229148,1100,coforge,Mid Cap,Dec-2025
114530,88033,1,HDFC Asset Management Company Ltd.,Finance,Finance,Domestic Equities,13427.0,12240.0,9.697712418300654,3.588,3.2718000000000003,9.66440491472584,2.59501306185504,1100,hdfc-asset-management-company,Large Cap,Dec-2025
38803,5403,1,Indus Towers Ltd.,Telecom,Telecom,Domestic Equities,85391.0,79601.0,7.273777967613472,3.5757,3.1924,12.006640771833098,2.58611711406775,1100,indus-towers,Mid Cap,Dec-2025
152795,99590,1,One97 Communications Ltd.,IT,Information Technology,Domestic Equities,26784.0,22130.0,21.03027564392228,3.479,2.9225,19.041916167664663,2.51617905300828,1100,one97-communications,Mid Cap,Dec-2025
171659,5756,1,Ashok Leyland Ltd.,Automobile & Ancillaries,Automobile & Ancillaries,Domestic Equities,188778.0,172317.0,9.5527429098696,3.3827,2.7247000000000003,24.149447645612344,2.44653029106384,1100,ashok-leyland,Mid Cap,Dec-2025
152211,6247,1,Lupin Ltd.,Healthcare,Healthcare,Domestic Equities,15994.0,14570.0,9.773507206588882,3.3739,3.0338,11.210363240820092,2.44016571053309,1100,lupin,Mid Cap,Dec-2025
57445,86554,1,Dixon Technologies (India) Ltd.,Consumer Durables,Consumer Durables,Domestic Equities,2714.0,2465.0,10.101419878296143,3.2845,3.5991000000000004,-8.741074157428255,2.37550735832299,1100,dixon-technologies-india,Mid Cap,Dec-2025
171365,5279,1,Hindustan Petroleum Corporation Ltd.,Crude Oil,Crude Oil,Domestic Equities,63363.0,57840.0,9.54875518672199,3.1621,2.6462,19.495880885798496,2.28698182912258,1100,hindustan-petroleum-corporation,Mid Cap,Dec-2025
152636,5140,1,Fortis Healthcare Ltd.,Healthcare,Healthcare,Domestic Equities,34381.0,31381.0,9.559924795258278,3.0393,2.8842000000000003,5.377574370709379,2.19816700080714,1100,fortis-healthcare,Mid Cap,Dec-2025
165,7447,1,SRF Ltd.,Chemicals,Chemicals,Domestic Equities,9579.0,8744.0,9.549405306495885,2.9455,2.5596,15.07657446476012,2.13032635833167,1100,srf,Mid Cap,Dec-2025
171635,7381,1,UPL Ltd.,Chemicals,Chemicals,Domestic Equities,36955.0,34242.0,7.92301851527364,2.9385000000000003,2.5978,13.11494341365773,2.12526362381857,1100,upl,Mid Cap,Dec-2025
152222,5634,1,Max Financial Services Ltd.,Finance,Finance,Domestic Equities,17393.0,15869.0,9.603629718318734,2.9078,2.7011000000000003,7.652437895672118,2.10305991673971,1100,max-financial-services,Mid Cap,Dec-2025
77293,6578,1,Muthoot Finance Ltd.,Finance,Finance,Domestic Equities,7075.0,6457.0,9.571008208146198,2.6968,2.4176,11.548643282594316,1.95045463355928,1100,muthoot-finance,Large Cap,Dec-2025
134131,90516,1,Polycab India Ltd.,Electricals,Electricals,Domestic Equities,3474.0,3029.0,14.691317266424564,2.6468000000000003,2.2627,16.975295001546822,1.91429224418002,1100,polycab-india,Large Cap,Dec-2025
171327,5699,1,Marico Ltd.,FMCG,Fast Moving Consumer Goods,Domestic Equities,34874.0,31878.0,9.398331137461572,2.6176,2.2869,14.46062355153264,1.89317340878254,1100,marico,Mid Cap,Dec-2025
152369,6790,1,Bharat Forge Ltd.,Automobile & Ancillaries,Automobile & Ancillaries,Domestic Equities,17591.0,16053.0,9.580763720176916,2.5866,2.3017,12.37780770734676,1.87075272736741,1100,bharat-forge,Mid Cap,Dec-2025
152455,7030,1,Yes Bank Ltd.,Bank,Banking,Domestic Equities,1158332.0,1186046.0,-2.3366715962112767,2.502,2.7196,-8.00117664362406,1.80956596453771,1100,yes-bank,Mid Cap,Dec-2025
152551,7908,1,GMR Airports Ltd.,Infrastructure,Aviation,Domestic Equities,235414.0,214891.0,9.55042323782755,2.457,2.3283,5.527638190954763,1.77701981409639,1100,gmr-airports,Mid Cap,Dec-2025
133342,5963,1,Bharat Heavy Electricals Ltd.,Capital Goods,Capital Goods,Domestic Equities,84784.0,77392.0,9.55137481910275,2.4371,2.2509,8.272246656892799,1.76262718312345,1100,bharat-heavy-electricals,Mid Cap,Dec-2025
587,7648,1,APL Apollo Tubes Ltd.,Iron & Steel,Iron & Steel,Domestic Equities,11991.0,10922.0,9.787584691448451,2.2951,1.8774,22.24885479919036,1.65992599728637,1100,apl-apollo-tubes,Mid Cap,Dec-2025
122,5767,1,The Phoenix Mills Ltd.,Realty,Realty,Domestic Equities,12310.0,11233.0,9.587821597080032,2.2817,1.9509,16.95627659029165,1.65023447693274,1100,the-phoenix-mills,Mid Cap,Dec-2025
171465,6543,1,Aurobindo Pharma Ltd.,Healthcare,Healthcare,Domestic Equities,18453.0,16843.0,9.558867185180787,2.1830000000000003,2.0661,5.658003000822805,1.57884992029809,1100,aurobindo-pharma,Mid Cap,Dec-2025
19255,6350,1,Mphasis Ltd.,IT,Information Technology,Domestic Equities,7524.0,6860.0,9.67930029154519,2.1001,1.9286,8.892460852431803,1.5188926787073,1100,mphasis,Mid Cap,Dec-2025
171946,6864,1,Godrej Properties Ltd.,Realty,Realty,Domestic Equities,9841.0,9048.0,8.764367816091955,1.9725,1.9133,3.094130559765843,1.42660626101145,1100,godrej-properties,Mid Cap,Dec-2025
171799,4956,1,Dabur India Ltd.,FMCG,Fast Moving Consumer Goods,Domestic Equities,38866.0,35511.0,9.44777674523387,1.9573,1.8373,6.531323137212214,1.41561289464016,1100,dabur-india,Mid Cap,Dec-2025
19275,7232,1,NMDC Ltd.,Mining,Mining,Domestic Equities,228036.0,208160.0,9.548424289008455,1.8966,1.5387,23.259894716318964,1.37171175393374,1100,nmdc,Mid Cap,Dec-2025
101370,86936,1,Tube Investments of India Ltd.,Automobile & Ancillaries,Automobile & Ancillaries,Domestic Equities,7045.0,6429.0,9.581583449992223,1.8416,1.7900999999999998,2.876934249483272,1.33193312561657,1100,tube-investments-of-india,Mid Cap,Dec-2025
171820,5969,1,Colgate-Palmolive (India) Ltd.,FMCG,Fast Moving Consumer Goods,Domestic Equities,8688.0,7933.0,9.517206605319553,1.8034,1.7204,4.824459428039997,1.30430506013082,1100,colgate-palmolive-india,Mid Cap,Dec-2025
153260,8051,1,Prestige Estates Projects Ltd.,Realty,Realty,Domestic Equities,11129.0,10162.0,9.515843337925606,1.7749,1.7045,4.130243473159297,1.28369249818465,1100,prestige-estates-projects,Mid Cap,Dec-2025
152118,7308,1,PI Industries Ltd.,Chemicals,Chemicals,Domestic Equities,5345.0,4876.0,9.618539786710418,1.7308,1.6557,4.535845865796956,1.25179727075215,1100,pi-industries,Mid Cap,Dec-2025
77639,92991,1,SBI Cards And Payment Services Ltd.,Finance,Finance,Domestic Equities,19776.0,18052.0,9.55018834478174,1.7041,1.5888,7.257049345417927,1.23248655482363,1100,sbi-cards-and-payment-services,Mid Cap,Dec-2025
153586,8183,1,NHPC Ltd.,Power,Power,Domestic Equities,208736.0,190540.0,9.549700850215178,1.6536000000000002,1.4622,13.089864587607725,1.19596254155059,1100,nhpc,Mid Cap,Dec-2025
1152,105806,1,Mankind Pharma Ltd.,Healthcare,Healthcare,Domestic Equities,7463.0,6813.0,9.540584177308087,1.6391999999999998,1.5336,6.885758998435038,1.18554777340936,1100,mankind-pharma,Mid Cap,Dec-2025
677,6026,1,Oil India Ltd.,Crude Oil,Crude Oil,Domestic Equities,35985.0,32851.0,9.540044443091537,1.527,1.3574000000000002,12.494474731103566,1.10439937164232,1100,oil-india,Mid Cap,Dec-2025
171321,7864,1,Page Industries Ltd.,Textile,Textile,Domestic Equities,416.0,380.0,9.473684210526317,1.4994999999999998,1.4562,2.973492652108216,1.08451005748373,1100,page-industries,Mid Cap,Dec-2025
96004,7992,1,Jubilant FoodWorks Ltd.,FMCG,Fast Moving Consumer Goods,Domestic Equities,25823.0,23586.0,9.48443992198762,1.4425,1.4187,1.6775921618382994,1.04328493359139,1100,jubilant-foodworks,Mid Cap,Dec-2025
56674,5695,1,Supreme Industries Ltd.,Plastic Products,Plastic Products,Domestic Equities,4254.0,3889.0,9.385446130110568,1.4267,1.319,8.165276724791495,1.03185761854754,1100,supreme-industries,Mid Cap,Dec-2025
114652,92620,1,Indian Railway Catering And Tourism Corporation Ltd.,Hospitality,Hospitality,Domestic Equities,19903.0,18169.0,9.543728328471571,1.3625999999999998,1.2477,9.208944457802351,0.985497435363345,1100,indian-railway-catering-and-tourism-corporation,Mid Cap,Dec-2025
153691,5278,1,Oberoi Realty Ltd.,Realty,Realty,Domestic Equities,7766.0,7091.0,9.519108729375263,1.2974,1.168,11.07876712328768,0.938341679612802,1100,oberoi-realty,Mid Cap,Dec-2025
171698,8307,1,Oracle Financial Services Software Ltd.,IT,Information Technology,Domestic Equities,1569.0,1434.0,9.414225941422592,1.2061,1.1625,3.7505376344086017,0.87230915660629,1100,oracle-financial-services-software,Mid Cap,Dec-2025
76200,82667,1,BSE Ltd.,Finance,Finance,Domestic Equities,24593.0,17239.0,42.659086953999655,7.137899999999999,4.2735,67.027027027027,5.61167130774686,1100,bse,Mid Cap,Nov-2025
171383,5551,1,Hero MotoCorp Ltd.,Automobile & Ancillaries,Automobile & Ancillaries,Domestic Equities,7821.0,5481.0,42.69293924466338,4.8291,3.0387,58.91993286602825,3.79653986638092,1100,hero-motocorp,Mid Cap,Nov-2025
95548,5980,1,Persistent Systems Ltd.,IT,Information Technology,Domestic Equities,6469.0,4531.0,42.77201500772456,4.1098,2.6808,53.304983586988975,3.23104088605585,1100,persistent-systems,Mid Cap,Nov-2025
152473,5056,1,Suzlon Energy Ltd.,Capital Goods,Capital Goods,Domestic Equities,730512.0,512056.0,42.66252128673426,3.9455,3.0365,29.93578132718592,3.10187157913605,1100,suzlon-energy,Mid Cap,Nov-2025
133657,7260,1,Coforge Ltd.,IT,Information Technology,Domestic Equities,20136.0,14111.0,42.69718659202041,3.8434,2.5091,53.17843051293292,3.02160264282132,1100,coforge,Mid Cap,Nov-2025
171685,5596,1,The Federal Bank Ltd.,Bank,Banking,Domestic Equities,148041.0,103769.0,42.663994063737725,3.8183,2.4553,55.512564656050166,3.00186953506911,1100,the-federal-bank,Mid Cap,Nov-2025
157113,99763,1,PB Fintech Ltd.,IT,Information Technology,Domestic Equities,20306.0,14237.0,42.62836271686451,3.6935,2.5419,45.304693339627846,2.90375432202231,1100,pb-fintech,Mid Cap,Nov-2025
171877,6125,1,Cummins India Ltd.,Automobile & Ancillaries,Automobile & Ancillaries,Domestic Equities,8140.0,5701.0,42.78196807577618,3.6462,2.4766,47.22603569409675,2.86656802733389,1100,cummins-india,Mid Cap,Nov-2025
57445,86554,1,Dixon Technologies (India) Ltd.,Consumer Durables,Consumer Durables,Domestic Equities,2465.0,1730.0,42.48554913294797,3.5991000000000004,2.6805000000000003,34.269725797425856,2.82953896856382,1100,dixon-technologies-india,Mid Cap,Nov-2025
114442,5285,1,IndusInd Bank Ltd.,Bank,Banking,Domestic Equities,39669.0,27804.0,42.6737160120846,3.4058,2.2099,54.1155708403095,2.67757045348411,1100,indusind-bank,Mid Cap,Nov-2025
114530,88033,1,HDFC Asset Management Company Ltd.,Finance,Finance,Domestic Equities,12240.0,4289.0,185.3812077407321,3.2718000000000003,2.3071,41.81439902908413,2.57222238819347,1100,hdfc-asset-management-company,Mid Cap,Nov-2025
141614,85778,1,AU Small Finance Bank Ltd.,Bank,Banking,Domestic Equities,33892.0,23755.0,42.67312144811618,3.2375,2.0853,55.25344075193017,2.54525642819743,1100,au-small-finance-bank,Mid Cap,Nov-2025
38803,5403,1,Indus Towers Ltd.,Telecom,Telecom,Domestic Equities,79601.0,55793.0,42.672019787428525,3.1924,2.0286,57.36961451247164,2.50979972861081,1100,indus-towers,Large Cap,Nov-2025
152211,6247,1,Lupin Ltd.,Healthcare,Healthcare,Domestic Equities,14570.0,10215.0,42.633382280959374,3.0338,2.0057,51.25891210051354,2.38511164536382,1100,lupin,Large Cap,Nov-2025
7737,15826,1,IDFC First Bank Ltd.,Bank,Banking,Domestic Equities,378068.0,279192.0,35.41505487263245,3.0295,2.283,32.69820411738939,2.38173107311942,1100,idfc-first-bank,Mid Cap,Nov-2025
152795,99590,1,One97 Communications Ltd.,IT,Information Technology,Domestic Equities,22130.0,15509.0,42.6913405119608,2.9225,2.0211,44.59947553312551,2.29760985680525,1100,one97-communications,Mid Cap,Nov-2025
152636,5140,1,Fortis Healthcare Ltd.,Healthcare,Healthcare,Domestic Equities,31381.0,21996.0,42.66684851791235,2.8842000000000003,2.2503,28.169577389681383,2.26749917844233,1100,fortis-healthcare,Mid Cap,Nov-2025
171659,5756,1,Ashok Leyland Ltd.,Automobile & Ancillaries,Automobile & Ancillaries,Domestic Equities,172317.0,120782.0,42.66778162308953,2.7247000000000003,1.7094,59.395109395109415,2.14210353356279,1100,ashok-leyland,Mid Cap,Nov-2025
152455,7030,1,Yes Bank Ltd.,Bank,Banking,Domestic Equities,1186046.0,831368.0,42.66197399948037,2.7196,1.8905,43.85612271885743,2.13809401764501,1100,yes-bank,Mid Cap,Nov-2025
152222,5634,1,Max Financial Services Ltd.,Finance,Finance,Domestic Equities,15869.0,11121.0,42.69400233791925,2.7011000000000003,1.7199,57.04982847839991,2.12354969519817,1100,max-financial-services,Mid Cap,Nov-2025
171365,5279,1,Hindustan Petroleum Corporation Ltd.,Crude Oil,Crude Oil,Domestic Equities,57840.0,40542.0,42.66686399289625,2.6462,1.9298,37.123017929319104,2.08038843561268,1100,hindustan-petroleum-corporation,Mid Cap,Nov-2025
171635,7381,1,UPL Ltd.,Chemicals,Chemicals,Domestic Equities,34242.0,24004.0,42.65122479586736,2.5978,1.7285,50.29216083309227,2.04233734337337,1100,upl,Mid Cap,Nov-2025
165,7447,1,SRF Ltd.,Chemicals,Chemicals,Domestic Equities,8744.0,6128.0,42.68929503916449,2.5596,1.7958,42.532576010691606,2.01230528296962,1100,srf,Mid Cap,Nov-2025
77293,6578,1,Muthoot Finance Ltd.,Finance,Finance,Domestic Equities,6457.0,4526.0,42.6646045072912,2.4176,1.4387,68.04059220129282,1.90066778094521,1100,muthoot-finance,Mid Cap,Nov-2025
152551,7908,1,GMR Airports Ltd.,Infrastructure,Aviation,Domestic Equities,214891.0,150632.0,42.65959424292315,2.3283,1.4155000000000002,64.48604733309784,1.8304619434045,1100,gmr-airports,Mid Cap,Nov-2025
152369,6790,1,Bharat Forge Ltd.,Automobile & Ancillaries,Automobile & Ancillaries,Domestic Equities,16053.0,11253.0,42.65529192215409,2.3017,1.4907,54.40397128865634,1.80954956626472,1100,bharat-forge,Mid Cap,Nov-2025
171327,5699,1,Marico Ltd.,FMCG,Fast Moving Consumer Goods,Domestic Equities,31878.0,22346.0,42.6564038306632,2.2869,1.6088,42.1494281452014,1.79791410830725,1100,marico,Mid Cap,Nov-2025
134131,90516,1,Polycab India Ltd.,Electricals,Electricals,Domestic Equities,3029.0,2120.0,42.87735849056604,2.2627,1.6332,38.54396277247123,1.77888856218759,1100,polycab-india,Mid Cap,Nov-2025
133342,5963,1,Bharat Heavy Electricals Ltd.,Capital Goods,Capital Goods,Domestic Equities,77392.0,54246.0,42.668583858717696,2.2509,1.4402,56.29079294542424,1.76961164300528,1100,bharat-heavy-electricals,Mid Cap,Nov-2025
171465,6543,1,Aurobindo Pharma Ltd.,Healthcare,Healthcare,Domestic Equities,16843.0,11811.0,42.60435187537042,2.0661,1.3452000000000002,53.59054415700268,1.6243256544552,1100,aurobindo-pharma,Mid Cap,Nov-2025
122,5767,1,The Phoenix Mills Ltd.,Realty,Realty,Domestic Equities,11233.0,7877.0,42.605052685032376,1.9509,1.3254,47.19330013580807,1.53375776548892,1100,the-phoenix-mills,Mid Cap,Nov-2025
19255,6350,1,Mphasis Ltd.,IT,Information Technology,Domestic Equities,6860.0,4803.0,42.82739954195295,1.9286,1.3277,45.2587180839045,1.51622596059353,1100,mphasis,Mid Cap,Nov-2025
171946,6864,1,Godrej Properties Ltd.,Realty,Realty,Domestic Equities,9048.0,6342.0,42.66792809839167,1.9133,1.4509999999999998,31.8607856650586,1.5041974128402,1100,godrej-properties,Mid Cap,Nov-2025
587,7648,1,APL Apollo Tubes Ltd.,Iron & Steel,Iron & Steel,Domestic Equities,10922.0,7657.0,42.640720908972185,1.8774,1.3718,36.856684647907855,1.47597356549741,1100,apl-apollo-tubes,Mid Cap,Nov-2025
171799,4956,1,Dabur India Ltd.,FMCG,Fast Moving Consumer Goods,Domestic Equities,35511.0,24890.0,42.67175572519084,1.8373,1.2135,51.40502678203544,1.44444776386939,1100,dabur-india,Mid Cap,Nov-2025
101370,86936,1,Tube Investments of India Ltd.,Automobile & Ancillaries,Automobile & Ancillaries,Domestic Equities,6429.0,4507.0,42.6447747947637,1.7900999999999998,1.3625,31.383486238532104,1.40734008714015,1100,tube-investments-of-india,Mid Cap,Nov-2025
171820,5969,1,Colgate-Palmolive (India) Ltd.,FMCG,Fast Moving Consumer Goods,Domestic Equities,7933.0,5555.0,42.80828082808281,1.7204,1.246,38.07383627608347,1.35254336959718,1100,colgate-palmolive-india,Mid Cap,Nov-2025
153260,8051,1,Prestige Estates Projects Ltd.,Realty,Realty,Domestic Equities,10162.0,7119.0,42.74476752352859,1.7045,1.2421,37.227276386764345,1.34004311408881,1100,prestige-estates-projects,Mid Cap,Nov-2025
152118,7308,1,PI Industries Ltd.,Chemicals,Chemicals,Domestic Equities,4876.0,3418.0,42.65652428320655,1.6557,1.2228,35.402355250245336,1.30167755001281,1100,pi-industries,Mid Cap,Nov-2025
77639,92991,1,SBI Cards And Payment Services Ltd.,Finance,Finance,Domestic Equities,18052.0,12652.0,42.68099905153336,1.5888,1.1117,42.91625438517585,1.24908213532667,1100,sbi-cards-and-payment-services,Mid Cap,Nov-2025
19275,7232,1,NMDC Ltd.,Mining,Mining,Domestic Equities,208160.0,145909.0,42.66426334222015,1.5387,1.1058,39.14812805208899,1.20969453778143,1100,nmdc,Mid Cap,Nov-2025
1152,105806,1,Mankind Pharma Ltd.,Healthcare,Healthcare,Domestic Equities,6813.0,4774.0,42.71051529116045,1.5336,1.1381,34.75090062384677,1.20568502186365,1100,mankind-pharma,Large Cap,Nov-2025
153586,8183,1,NHPC Ltd.,Power,Power,Domestic Equities,190540.0,133558.0,42.6646101319277,1.4622,1.1331,29.044214985438177,1.14955179901476,1100,nhpc,Mid Cap,Nov-2025
171321,7864,1,Page Industries Ltd.,Textile,Textile,Domestic Equities,380.0,268.0,41.7910447761194,1.4562,1.1042,31.87828291976092,1.14483472146443,1100,page-industries,Mid Cap,Nov-2025
96004,7992,1,Jubilant FoodWorks Ltd.,FMCG,Fast Moving Consumer Goods,Domestic Equities,23586.0,16532.0,42.66876360996854,1.4187,0.9884,43.535006070416834,1.11535298677489,1100,jubilant-foodworks,Mid Cap,Nov-2025
677,6026,1,Oil India Ltd.,Crude Oil,Crude Oil,Domestic Equities,32851.0,23025.0,42.67535287730728,1.3574000000000002,0.9978,36.039286430146326,1.06716017780238,1100,oil-india,Mid Cap,Nov-2025
56674,5695,1,Supreme Industries Ltd.,Plastic Products,Plastic Products,Domestic Equities,3889.0,2721.0,42.92539507533995,1.319,1.0374,27.144785039521896,1.03697088148028,1100,supreme-industries,Mid Cap,Nov-2025
114652,92620,1,Indian Railway Catering And Tourism Corporation Ltd.,Hospitality,Hospitality,Domestic Equities,18169.0,12733.0,42.69221707374539,1.2477,0.9151,36.3457545623429,0.980916276590559,1100,indian-railway-catering-and-tourism-corporation,Mid Cap,Nov-2025
153691,5278,1,Oberoi Realty Ltd.,Realty,Realty,Domestic Equities,7091.0,4970.0,42.67605633802817,1.168,0.8837999999999999,32.156596515048655,0.918257763130378,1100,oberoi-realty,Mid Cap,Nov-2025
171698,8307,1,Oracle Financial Services Software Ltd.,IT,Information Technology,Domestic Equities,1434.0,1004.0,42.82868525896414,1.1625,0.8549,35.98081646976256,0.913933775375912,1100,oracle-financial-services-software,Mid Cap,Nov-2025
76200,82667,1,BSE Ltd.,Finance,Finance,Domestic Equities,17239.0,16871.0,2.181257779621836,4.2735,3.442,24.157466589192342,4.90733085296955,1100,bse,Mid Cap,Oct-2025
171383,5551,1,Hero MotoCorp Ltd.,Automobile & Ancillaries,Automobile & Ancillaries,Domestic Equities,5481.0,5362.0,2.219321148825065,3.0387,2.9344,3.554389312977101,3.4893895549125,1100,hero-motocorp,Mid Cap,Oct-2025
152473,5056,1,Suzlon Energy Ltd.,Capital Goods,Capital Goods,Domestic Equities,512056.0,501066.0,2.193323833586793,3.0365,2.7584,10.081931554524363,3.48686325846309,1100,suzlon-energy,Mid Cap,Oct-2025
95548,5980,1,Persistent Systems Ltd.,IT,Information Technology,Domestic Equities,4531.0,4433.0,2.2106925332731784,2.6808,2.1378,25.39994386752736,3.07840705525699,1100,persistent-systems,Mid Cap,Oct-2025
57445,86554,1,Dixon Technologies (India) Ltd.,Consumer Durables,Consumer Durables,Domestic Equities,1730.0,1693.0,2.1854695806261075,2.6805000000000003,2.7633,-2.996417327108882,3.07806256028662,1100,dixon-technologies-india,Mid Cap,Oct-2025
157113,99763,1,PB Fintech Ltd.,IT,Information Technology,Domestic Equities,14237.0,13931.0,2.1965400904457684,2.5419,2.3711,7.203407701067008,2.91890588397409,1100,pb-fintech,Mid Cap,Oct-2025
133657,7260,1,Coforge Ltd.,IT,Information Technology,Domestic Equities,14111.0,13809.0,2.1869795061191977,2.5091,2.197,14.205735093309062,2.8812411005466,1100,coforge,Mid Cap,Oct-2025
171877,6125,1,Cummins India Ltd.,Automobile & Ancillaries,Automobile & Ancillaries,Domestic Equities,5701.0,5582.0,2.131852382658545,2.4766,2.1918,12.99388630349484,2.84392081208948,1100,cummins-india,Mid Cap,Oct-2025
171685,5596,1,The Federal Bank Ltd.,Bank,Banking,Domestic Equities,103769.0,101542.0,2.1931811467176145,2.4553,1.959,25.33435426237876,2.81946166919296,1100,the-federal-bank,Mid Cap,Oct-2025
114530,88033,1,HDFC Asset Management Company Ltd.,Finance,Finance,Domestic Equities,4289.0,4199.0,2.143367468444868,2.3071,2.3231,-0.6887348801170825,2.64928115382849,1100,hdfc-asset-management-company,Mid Cap,Oct-2025
7737,15826,1,IDFC First Bank Ltd.,Bank,Banking,Domestic Equities,279192.0,273195.0,2.1951353428869487,2.283,1.9061,19.773359215151352,2.62160672454182,1100,idfc-first-bank,Mid Cap,Oct-2025
152636,5140,1,Fortis Healthcare Ltd.,Healthcare,Healthcare,Domestic Equities,21996.0,21527.0,2.178659358015515,2.2503,2.0877,7.788475355654543,2.58405677277112,1100,fortis-healthcare,Mid Cap,Oct-2025
114442,5285,1,IndusInd Bank Ltd.,Bank,Banking,Domestic Equities,27804.0,27208.0,2.19053219641282,2.2099,2.0013,10.42322490381253,2.5376647834275,1100,indusind-bank,Mid Cap,Oct-2025
141614,85778,1,AU Small Finance Bank Ltd.,Bank,Banking,Domestic Equities,23755.0,23248.0,2.180832759807295,2.0853,1.7004,22.63585038814397,2.39458453906573,1100,au-small-finance-bank,Mid Cap,Oct-2025
38803,5403,1,Indus Towers Ltd.,Telecom,Telecom,Domestic Equities,55793.0,54599.0,2.1868532390703126,2.0286,1.8722,8.353808353808361,2.32947498966515,1100,indus-towers,Large Cap,Oct-2025
152795,99590,1,One97 Communications Ltd.,IT,Information Technology,Domestic Equities,15509.0,15176.0,2.194254085397997,2.0211,1.7055,18.50483729111697,2.32086261540582,1100,one97-communications,Mid Cap,Oct-2025
152211,6247,1,Lupin Ltd.,Healthcare,Healthcare,Domestic Equities,10215.0,9994.0,2.2113267960776466,2.0057,1.9102,4.999476494607885,2.30317854025998,1100,lupin,Large Cap,Oct-2025
171365,5279,1,Hindustan Petroleum Corporation Ltd.,Crude Oil,Crude Oil,Domestic Equities,40542.0,39673.0,2.190406573740327,1.9298,1.7591,9.7038258200216,2.2160213127555,1100,hindustan-petroleum-corporation,Mid Cap,Oct-2025
152455,7030,1,Yes Bank Ltd.,Bank,Banking,Domestic Equities,831368.0,813525.0,2.193294612949817,1.8905,1.7287,9.359634407358136,2.17089247163658,1100,yes-bank,Mid Cap,Oct-2025
165,7447,1,SRF Ltd.,Chemicals,Chemicals,Domestic Equities,6128.0,5997.0,2.1844255461063864,1.7958,1.6933,6.053268765133171,2.06214689265537,1100,srf,Mid Cap,Oct-2025
171635,7381,1,UPL Ltd.,Chemicals,Chemicals,Domestic Equities,24004.0,23487.0,2.2012176948950484,1.7285,1.5403,12.218399013179246,1.98486518763493,1100,upl,Mid Cap,Oct-2025
152222,5634,1,Max Financial Services Ltd.,Finance,Finance,Domestic Equities,11121.0,10886.0,2.158735991181333,1.7199,1.7155,0.2564849897988911,1.97498966515089,1100,max-financial-services,Mid Cap,Oct-2025
171659,5756,1,Ashok Leyland Ltd.,Automobile & Ancillaries,Automobile & Ancillaries,Domestic Equities,120782.0,118194.0,2.189620454506997,1.7094,1.6863,1.3698630136986314,1.96293234118782,1100,ashok-leyland,Mid Cap,Oct-2025
134131,90516,1,Polycab India Ltd.,Electricals,Electricals,Domestic Equities,2120.0,2077.0,2.0702936928261915,1.6332,1.5133,7.923082006211578,1.87543061871297,1100,polycab-india,Mid Cap,Oct-2025
171327,5699,1,Marico Ltd.,FMCG,Fast Moving Consumer Goods,Domestic Equities,22346.0,21864.0,2.204537138675448,1.6088,1.5248,5.508919202518367,1.84741169445593,1100,marico,Mid Cap,Oct-2025
152369,6790,1,Bharat Forge Ltd.,Automobile & Ancillaries,Automobile & Ancillaries,Domestic Equities,11253.0,11014.0,2.1699654984565098,1.4907,1.3353,11.637834194563014,1.71179550778559,1100,bharat-forge,Mid Cap,Oct-2025
171946,6864,1,Godrej Properties Ltd.,Realty,Realty,Domestic Equities,6342.0,6206.0,2.191427650660651,1.4509999999999998,1.2218,18.75920772630544,1.6662073400395,1100,godrej-properties,Mid Cap,Oct-2025
133342,5963,1,Bharat Heavy Electricals Ltd.,Capital Goods,Capital Goods,Domestic Equities,54246.0,53085.0,2.1870584910991804,1.4402,1.2658,13.777848001264031,1.65380552110606,1100,bharat-heavy-electricals,Mid Cap,Oct-2025
77293,6578,1,Muthoot Finance Ltd.,Finance,Finance,Domestic Equities,4526.0,4430.0,2.167042889390519,1.4387,1.3632,5.538438967136159,1.65208304625419,1100,muthoot-finance,Mid Cap,Oct-2025
152551,7908,1,GMR Airports Ltd.,Infrastructure,Aviation,Domestic Equities,150632.0,147397.0,2.1947529461250905,1.4155000000000002,1.2853,10.129930755465658,1.62544210187865,1100,gmr-airports,Mid Cap,Oct-2025
587,7648,1,APL Apollo Tubes Ltd.,Iron & Steel,Iron & Steel,Domestic Equities,7657.0,7492.0,2.2023491724506137,1.3718,1.2632,8.597213426219136,1.57526066786092,1100,apl-apollo-tubes,Mid Cap,Oct-2025
101370,86936,1,Tube Investments of India Ltd.,Automobile & Ancillaries,Automobile & Ancillaries,Domestic Equities,4507.0,4411.0,2.1763772387213782,1.3625,1.366,-0.2562225475841833,1.56458132377934,1100,tube-investments-of-india,Mid Cap,Oct-2025
171465,6543,1,Aurobindo Pharma Ltd.,Healthcare,Healthcare,Domestic Equities,11811.0,11553.0,2.233186185406388,1.3452000000000002,1.2522,7.426928605654058,1.54471544715447,1100,aurobindo-pharma,Mid Cap,Oct-2025
19255,6350,1,Mphasis Ltd.,IT,Information Technology,Domestic Equities,4803.0,4704.0,2.1045918367346936,1.3277,1.2488,6.318065342729032,1.52461990721602,1100,mphasis,Mid Cap,Oct-2025
122,5767,1,The Phoenix Mills Ltd.,Realty,Realty,Domestic Equities,7877.0,7707.0,2.205786946931361,1.3254,1.1988,10.56056056056056,1.52197877910983,1100,the-phoenix-mills,Mid Cap,Oct-2025
171820,5969,1,Colgate-Palmolive (India) Ltd.,FMCG,Fast Moving Consumer Goods,Domestic Equities,5555.0,5440.0,2.1139705882352944,1.246,1.209,3.0603804797353087,1.43080244361766,1100,colgate-palmolive-india,Mid Cap,Oct-2025
153260,8051,1,Prestige Estates Projects Ltd.,Realty,Realty,Domestic Equities,7119.0,6969.0,2.152389151958674,1.2421,1.0524,18.025465602432536,1.4263240090028,1100,prestige-estates-projects,Mid Cap,Oct-2025
152118,7308,1,PI Industries Ltd.,Chemicals,Chemicals,Domestic Equities,3418.0,3347.0,2.1213026590977,1.2228,1.176,3.9795918367347,1.40416149924211,1100,pi-industries,Mid Cap,Oct-2025
171799,4956,1,Dabur India Ltd.,FMCG,Fast Moving Consumer Goods,Domestic Equities,24890.0,24358.0,2.18408736349454,1.2135,1.1967,1.4038606166959076,1.39348215516053,1100,dabur-india,Mid Cap,Oct-2025
1152,105806,1,Mankind Pharma Ltd.,Healthcare,Healthcare,Domestic Equities,4774.0,4671.0,2.205095268679084,1.1381,1.1377,0.0351586534235793,1.30689908594001,1100,mankind-pharma,Large Cap,Oct-2025
153586,8183,1,NHPC Ltd.,Power,Power,Domestic Equities,133558.0,130693.0,2.192160253418316,1.1331,1.1281,0.4432231185178619,1.30115750310045,1100,nhpc,Mid Cap,Oct-2025
77639,92991,1,SBI Cards And Payment Services Ltd.,Finance,Finance,Domestic Equities,12652.0,12382.0,2.1805847197544823,1.1117,1.0858,2.385337999631611,1.27658352854715,1100,sbi-cards-and-payment-services,Mid Cap,Oct-2025
19275,7232,1,NMDC Ltd.,Mining,Mining,Domestic Equities,145909.0,142779.0,2.1921991329257104,1.1058,1.0901,1.4402348408402834,1.26980846079647,1100,nmdc,Mid Cap,Oct-2025
171321,7864,1,Page Industries Ltd.,Textile,Textile,Domestic Equities,268.0,260.0,3.076923076923077,1.1042,1.0578,4.386462469275856,1.26797115428781,1100,page-industries,Mid Cap,Oct-2025
56674,5695,1,Supreme Industries Ltd.,Plastic Products,Plastic Products,Domestic Equities,2721.0,2667.0,2.0247469066366706,1.0374,1.1254,-7.819441976186255,1.19126360755133,1100,supreme-industries,Mid Cap,Oct-2025
677,6026,1,Oil India Ltd.,Crude Oil,Crude Oil,Domestic Equities,23025.0,22531.0,2.1925347299276554,0.9978,0.9323,7.025635525045583,1.14579027146204,1100,oil-india,Mid Cap,Oct-2025
96004,7992,1,Jubilant FoodWorks Ltd.,FMCG,Fast Moving Consumer Goods,Domestic Equities,16532.0,16175.0,2.207109737248841,0.9884,0.9986,-1.0214300020028,1.13499609572367,1100,jubilant-foodworks,Mid Cap,Oct-2025
114652,92620,1,Indian Railway Catering And Tourism Corporation Ltd.,Hospitality,Hospitality,Domestic Equities,12733.0,12461.0,2.1828103683492497,0.9151,0.8728,4.846471127406054,1.05082449129576,1100,indian-railway-catering-and-tourism-corporation,Mid Cap,Oct-2025
153691,5278,1,Oberoi Realty Ltd.,Realty,Realty,Domestic Equities,4970.0,4862.0,2.221308103661045,0.8837999999999999,0.7692,14.898595943837744,1.01488218272013,1100,oberoi-realty,Mid Cap,Oct-2025
171698,8307,1,Oracle Financial Services Software Ltd.,IT,Information Technology,Domestic Equities,1004.0,981.0,2.344546381243629,0.8549,0.8243,3.712240689069499,0.981695833907492,1100,oracle-financial-services-software,Mid Cap,Oct-2025
76200,82667,1,BSE Ltd.,Finance,Finance,Domestic Equities,16871.0,16847.0,0.142458597969965,3.442,3.5315,-2.5343338524706183,4.30531459941937,1100,bse,Mid Cap,Sep-2025
171383,5551,1,Hero MotoCorp Ltd.,Automobile & Ancillaries,Automobile & Ancillaries,Domestic Equities,5362.0,,,2.9344,,,3.67039952368861,1100,hero-motocorp,Mid Cap,Sep-2025
57445,86554,1,Dixon Technologies (India) Ltd.,Consumer Durables,Consumer Durables,Domestic Equities,1693.0,1611.0,5.090006207324644,2.7633,2.6888,2.770752752157092,3.45638461143973,1100,dixon-technologies-india,Mid Cap,Sep-2025
152473,5056,1,Suzlon Energy Ltd.,Capital Goods,Capital Goods,Domestic Equities,501066.0,,,2.7584,,,3.45025560460151,1100,suzlon-energy,Mid Cap,Sep-2025
157113,99763,1,PB Fintech Ltd.,IT,Information Technology,Domestic Equities,13931.0,13733.0,1.4417825675380471,2.3711,2.4318,-2.496093428735913,2.96581390083767,1100,pb-fintech,Mid Cap,Sep-2025
114530,88033,1,HDFC Asset Management Company Ltd.,Finance,Finance,Domestic Equities,4199.0,4201.0,-0.0476077124494168,2.3231,2.295,1.224400871459696,2.90577465017755,1100,hdfc-asset-management-company,Mid Cap,Sep-2025
133657,7260,1,Coforge Ltd.,IT,Information Technology,Domestic Equities,13809.0,13786.0,0.166835920499057,2.197,2.3771,-7.5764587101931,2.74804653542253,1100,coforge,Mid Cap,Sep-2025
171877,6125,1,Cummins India Ltd.,Automobile & Ancillaries,Automobile & Ancillaries,Domestic Equities,5582.0,5590.0,-0.1431127012522361,2.1918,2.1388,2.478025060781752,2.74154228326769,1100,cummins-india,Mid Cap,Sep-2025
95548,5980,1,Persistent Systems Ltd.,IT,Information Technology,Domestic Equities,4433.0,4437.0,-0.0901510029299076,2.1378,2.3541,-9.18822479928635,2.67399812627505,1100,persistent-systems,Mid Cap,Sep-2025
152636,5140,1,Fortis Healthcare Ltd.,Healthcare,Healthcare,Domestic Equities,21527.0,,,2.0877,,,2.61133215839855,1100,fortis-healthcare,Mid Cap,Sep-2025
114442,5285,1,IndusInd Bank Ltd.,Bank,Banking,Domestic Equities,27208.0,,,2.0013,,,2.50326150721034,1100,indusind-bank,Mid Cap,Sep-2025
171685,5596,1,The Federal Bank Ltd.,Bank,Banking,Domestic Equities,101542.0,101530.0,0.0118191667487442,1.959,1.9464,0.6473489519112307,2.45035191756611,1100,the-federal-bank,Mid Cap,Sep-2025
152211,6247,1,Lupin Ltd.,Healthcare,Healthcare,Domestic Equities,9994.0,10004.0,-0.0999600159936025,1.9102,1.8957,0.7648889592235149,2.38931201272832,1100,lupin,Large Cap,Sep-2025
7737,15826,1,IDFC First Bank Ltd.,Bank,Banking,Domestic Equities,273195.0,273412.0,-0.079367401577107,1.9061,1.8589,2.539136048200564,2.38418366006777,1100,idfc-first-bank,Mid Cap,Sep-2025
38803,5403,1,Indus Towers Ltd.,Telecom,Telecom,Domestic Equities,54599.0,54678.0,-0.144482241486521,1.8722,1.8514,1.1234741276871625,2.34178093928906,1100,indus-towers,Large Cap,Sep-2025
171365,5279,1,Hindustan Petroleum Corporation Ltd.,Crude Oil,Crude Oil,Domestic Equities,39673.0,39743.0,-0.1761316458244219,1.7591,1.4938999999999998,17.75219224847715,2.20031345492115,1100,hindustan-petroleum-corporation,Mid Cap,Sep-2025
152455,7030,1,Yes Bank Ltd.,Bank,Banking,Domestic Equities,813525.0,780460.0,4.236604054019424,1.7287,1.4907,15.965653719728994,2.16228859616975,1100,yes-bank,Mid Cap,Sep-2025
152222,5634,1,Max Financial Services Ltd.,Finance,Finance,Domestic Equities,10886.0,,,1.7155,,,2.14577780223821,1100,max-financial-services,Mid Cap,Sep-2025
152795,99590,1,One97 Communications Ltd.,IT,Information Technology,Domestic Equities,15176.0,14108.0,7.570172951516869,1.7055,1.7028,0.1585623678646994,2.13326962501736,1100,one97-communications,Mid Cap,Sep-2025
141614,85778,1,AU Small Finance Bank Ltd.,Bank,Banking,Domestic Equities,23248.0,23243.0,0.02151185303102,1.7004,1.669,1.881366087477523,2.12689045463472,1100,au-small-finance-bank,Mid Cap,Sep-2025
165,7447,1,SRF Ltd.,Chemicals,Chemicals,Domestic Equities,5997.0,6004.0,-0.1165889407061958,1.6933,1.703,-0.5695830886670574,2.11800964880791,1100,srf,Mid Cap,Sep-2025
171659,5756,1,Ashok Leyland Ltd.,Automobile & Ancillaries,Automobile & Ancillaries,Domestic Equities,118194.0,118355.0,-0.1360314308647712,1.6863,1.5029,12.203074056823478,2.10925392475331,1100,ashok-leyland,Mid Cap,Sep-2025
171635,7381,1,UPL Ltd.,Chemicals,Chemicals,Domestic Equities,23487.0,,,1.5403,,,1.92663453732878,1100,upl,Mid Cap,Sep-2025
171327,5699,1,Marico Ltd.,FMCG,Fast Moving Consumer Goods,Domestic Equities,21864.0,21858.0,0.0274499039253362,1.5248,1.5866,-3.895121643766549,1.90724686263645,1100,marico,Mid Cap,Sep-2025
134131,90516,1,Polycab India Ltd.,Electricals,Electricals,Domestic Equities,2077.0,2087.0,-0.4791566842357451,1.5133,1.4799,2.2569092506250445,1.89286245883246,1100,polycab-india,Mid Cap,Sep-2025
101370,86936,1,Tube Investments of India Ltd.,Automobile & Ancillaries,Automobile & Ancillaries,Domestic Equities,4411.0,4417.0,-0.1358388046185193,1.366,1.3081,4.426267104961388,1.70861700836922,1100,tube-investments-of-india,Mid Cap,Sep-2025
77293,6578,1,Muthoot Finance Ltd.,Finance,Finance,Domestic Equities,4430.0,4438.0,-0.1802613789995493,1.3632,1.1707,16.443153668745197,1.70511471874738,1100,muthoot-finance,Mid Cap,Sep-2025
152369,6790,1,Bharat Forge Ltd.,Automobile & Ancillaries,Automobile & Ancillaries,Domestic Equities,11014.0,11029.0,-0.1360050775228941,1.3353,1.2206,9.397017860068818,1.67021690430119,1100,bharat-forge,Mid Cap,Sep-2025
152551,7908,1,GMR Airports Ltd.,Infrastructure,Aviation,Domestic Equities,147397.0,147617.0,-0.149034325314835,1.2853,1.2705,1.164895710350259,1.6076760181969,1100,gmr-airports,Mid Cap,Sep-2025
133342,5963,1,Bharat Heavy Electricals Ltd.,Capital Goods,Capital Goods,Domestic Equities,53085.0,53173.0,-0.1654975269403644,1.2658,1.1061,14.438115902721272,1.58328507261622,1100,bharat-heavy-electricals,Mid Cap,Sep-2025
587,7648,1,APL Apollo Tubes Ltd.,Iron & Steel,Iron & Steel,Domestic Equities,7492.0,,,1.2632,,,1.5800329465388,1100,apl-apollo-tubes,Mid Cap,Sep-2025
171465,6543,1,Aurobindo Pharma Ltd.,Healthcare,Healthcare,Domestic Equities,11553.0,11569.0,-0.1383006309966289,1.2522,1.1892,5.297679112008071,1.56627395159586,1100,aurobindo-pharma,Mid Cap,Sep-2025
19255,6350,1,Mphasis Ltd.,IT,Information Technology,Domestic Equities,4704.0,4709.0,-0.1061796559779146,1.2488,1.3129,-4.882321578185693,1.56202117134076,1100,mphasis,Mid Cap,Sep-2025
171946,6864,1,Godrej Properties Ltd.,Realty,Realty,Domestic Equities,6206.0,6217.0,-0.1769342126427537,1.2218,1.2109,0.9001569080848983,1.52824909284445,1100,godrej-properties,Mid Cap,Sep-2025
171820,5969,1,Colgate-Palmolive (India) Ltd.,FMCG,Fast Moving Consumer Goods,Domestic Equities,5440.0,5449.0,-0.165167920719398,1.209,1.2706,-4.848103258303161,1.51223862600175,1100,colgate-palmolive-india,Mid Cap,Sep-2025
122,5767,1,The Phoenix Mills Ltd.,Realty,Realty,Domestic Equities,7707.0,7717.0,-0.1295840352468576,1.1988,1.16,3.344827586206893,1.49948028523647,1100,the-phoenix-mills,Mid Cap,Sep-2025
171799,4956,1,Dabur India Ltd.,FMCG,Fast Moving Consumer Goods,Domestic Equities,24358.0,,,1.1967,,,1.49685356802009,1100,dabur-india,Mid Cap,Sep-2025
152118,7308,1,PI Industries Ltd.,Chemicals,Chemicals,Domestic Equities,3347.0,3352.0,-0.1491646778042959,1.176,1.2385,-5.0464271295922485,1.47096164117292,1100,pi-industries,Mid Cap,Sep-2025
1152,105806,1,Mankind Pharma Ltd.,Healthcare,Healthcare,Domestic Equities,4671.0,,,1.1377,,,1.42305532241703,1100,mankind-pharma,Large Cap,Sep-2025
153586,8183,1,NHPC Ltd.,Power,Power,Domestic Equities,130693.0,130907.0,-0.163474833278587,1.1281,1.011,11.58259149357073,1.41104747228501,1100,nhpc,Mid Cap,Sep-2025
56674,5695,1,Supreme Industries Ltd.,Plastic Products,Plastic Products,Domestic Equities,2667.0,2675.0,-0.2990654205607476,1.1254,1.196,-5.903010033444806,1.40767026443537,1100,supreme-industries,Mid Cap,Sep-2025
19275,7232,1,NMDC Ltd.,Mining,Mining,Domestic Equities,142779.0,143002.0,-0.155941874938812,1.0901,0.9839,10.793779855676394,1.36351639884575,1100,nmdc,Mid Cap,Sep-2025
77639,92991,1,SBI Cards And Payment Services Ltd.,Finance,Finance,Domestic Equities,12382.0,12394.0,-0.0968210424398902,1.0858,0.9959,9.027010744050605,1.35813788264078,1100,sbi-cards-and-payment-services,Mid Cap,Sep-2025
171321,7864,1,Page Industries Ltd.,Textile,Textile,Domestic Equities,260.0,258.0,0.7751937984496124,1.0578,1.1438,-7.518796992481199,1.32311498642237,1100,page-industries,Mid Cap,Sep-2025
153260,8051,1,Prestige Estates Projects Ltd.,Realty,Realty,Domestic Equities,6969.0,6981.0,-0.171895143962183,1.0524,1.0903,-3.4761074933504594,1.31636057072311,1100,prestige-estates-projects,Mid Cap,Sep-2025
96004,7992,1,Jubilant FoodWorks Ltd.,FMCG,Fast Moving Consumer Goods,Domestic Equities,16175.0,,,0.9986,,,1.24906657727489,1100,jubilant-foodworks,Mid Cap,Sep-2025
677,6026,1,Oil India Ltd.,Crude Oil,Crude Oil,Domestic Equities,22531.0,22567.0,-0.1595249700890681,0.9323,0.8808,5.8469573115349744,1.1661373623006,1100,oil-india,Mid Cap,Sep-2025
114652,92620,1,Indian Railway Catering And Tourism Corporation Ltd.,Hospitality,Hospitality,Domestic Equities,12461.0,12480.0,-0.1522435897435897,0.8728,0.8636,1.0653080129689692,1.0917137078365,1100,indian-railway-catering-and-tourism-corporation,Mid Cap,Sep-2025
171698,8307,1,Oracle Financial Services Software Ltd.,IT,Information Technology,Domestic Equities,981.0,979.0,0.2042900919305413,0.8243,0.8119,1.5272816849365798,1.03104904831534,1100,oracle-financial-services-software,Mid Cap,Sep-2025
153691,5278,1,Oberoi Realty Ltd.,Realty,Realty,Domestic Equities,4862.0,4870.0,-0.164271047227926,0.7692,0.7845,-1.9502868068833668,0.962128991828408,1100,oberoi-realty,Mid Cap,Sep-2025
77009,96064,1,Max Healthcare Institute Ltd.,Healthcare,Healthcare,Domestic Equities,30751.0,29056.0,5.833562775330396,3.5496,3.6204,-1.9555850182300407,4.84738573560881,1100,max-healthcare-institute,Large Cap,Aug-2025
76200,82667,1,BSE Ltd.,Finance,Finance,Domestic Equities,16847.0,15920.0,5.82286432160804,3.5315,3.8644,-8.614532657074843,4.82266811057655,1100,bse,Mid Cap,Aug-2025
57445,86554,1,Dixon Technologies (India) Ltd.,Consumer Durables,Consumer Durables,Domestic Equities,1611.0,1523.0,5.778069599474721,2.6888,2.5649,4.830597684120233,3.67186465120154,1100,dixon-technologies-india,Mid Cap,Aug-2025
157113,99763,1,PB Fintech Ltd.,IT,Information Technology,Domestic Equities,13733.0,12975.0,5.842003853564547,2.4318,2.3512,3.428036747192924,3.32090168803626,1100,pb-fintech,Mid Cap,Aug-2025
133657,7260,1,Coforge Ltd.,IT,Information Technology,Domestic Equities,13786.0,13025.0,5.842610364683301,2.3771,2.277,4.396135265700492,3.24620256708241,1100,coforge,Mid Cap,Aug-2025
95548,5980,1,Persistent Systems Ltd.,IT,Information Technology,Domestic Equities,4437.0,4194.0,5.793991416309012,2.3541,2.1643,8.769579078685945,3.21479343030108,1100,persistent-systems,Mid Cap,Aug-2025
114530,88033,1,HDFC Asset Management Company Ltd.,Finance,Finance,Domestic Equities,4201.0,3969.0,5.845301083396322,2.295,2.2425,2.341137123745819,3.13408560491949,1100,hdfc-asset-management-company,Mid Cap,Aug-2025
171877,6125,1,Cummins India Ltd.,Automobile & Ancillaries,Automobile & Ancillaries,Domestic Equities,5590.0,5283.0,5.8110921824720805,2.1388,1.8784,13.86286201022146,2.92077659773499,1100,cummins-india,Mid Cap,Aug-2025
171685,5596,1,The Federal Bank Ltd.,Bank,Banking,Domestic Equities,101530.0,95942.0,5.824352212795231,1.9464,1.9422,0.2162496138399688,2.65803234048597,1100,the-federal-bank,Mid Cap,Aug-2025
152211,6247,1,Lupin Ltd.,Healthcare,Healthcare,Domestic Equities,10004.0,9453.0,5.82883740611446,1.8957,1.8236,3.95371792059661,2.58879567810278,1100,lupin,Large Cap,Aug-2025
7737,15826,1,IDFC First Bank Ltd.,Bank,Banking,Domestic Equities,273412.0,258356.0,5.8276177058012975,1.8589,1.7765,4.638333802420479,2.53854105925265,1100,idfc-first-bank,Mid Cap,Aug-2025
38803,5403,1,Indus Towers Ltd.,Telecom,Telecom,Domestic Equities,54678.0,51671.0,5.819511911904163,1.8514,1.8757,-1.2955163405661922,2.52829894943266,1100,indus-towers,Large Cap,Aug-2025
165,7447,1,SRF Ltd.,Chemicals,Chemicals,Domestic Equities,6004.0,5673.0,5.834655385157765,1.703,1.725,-1.2753623188405732,2.32564173646096,1100,srf,Mid Cap,Aug-2025
152795,99590,1,One97 Communications Ltd.,IT,Information Technology,Domestic Equities,14108.0,13330.0,5.836459114778695,1.7028,1.4521000000000002,17.264651194821287,2.32536861353242,1100,one97-communications,Mid Cap,Aug-2025
141614,85778,1,AU Small Finance Bank Ltd.,Bank,Banking,Domestic Equities,23243.0,21965.0,5.818347370817209,1.669,1.6287,2.4743660588199186,2.2792108386103,1100,au-small-finance-bank,Mid Cap,Aug-2025
171327,5699,1,Marico Ltd.,FMCG,Fast Moving Consumer Goods,Domestic Equities,21858.0,20652.0,5.839628123184195,1.5866,1.4659,8.233849512245033,2.16668419205458,1100,marico,Mid Cap,Aug-2025
171659,5756,1,Ashok Leyland Ltd.,Automobile & Ancillaries,Automobile & Ancillaries,Domestic Equities,118355.0,111847.0,5.818662994984219,1.5029,1.3539,11.005244109609285,2.0523822464634,1100,ashok-leyland,Mid Cap,Aug-2025
171365,5279,1,Hindustan Petroleum Corporation Ltd.,Crude Oil,Crude Oil,Domestic Equities,39743.0,37555.0,5.8261216881906535,1.4938999999999998,1.5715,-4.937957365574304,2.0400917146794,1100,hindustan-petroleum-corporation,Mid Cap,Aug-2025
152455,7030,1,Yes Bank Ltd.,Bank,Banking,Domestic Equities,780460.0,737370.0,5.843741947733159,1.4907,1.3951,6.852555372374742,2.03572174782287,1100,yes-bank,Mid Cap,Aug-2025
134131,90516,1,Polycab India Ltd.,Electricals,Electricals,Domestic Equities,2087.0,1972.0,5.831643002028398,1.4799,1.3451,10.021559735335677,2.02097310968207,1100,polycab-india,Mid Cap,Aug-2025
19255,6350,1,Mphasis Ltd.,IT,Information Technology,Domestic Equities,4709.0,4451.0,5.796450235902045,1.3129,1.2419,5.7170464610677145,1.79291546435678,1100,mphasis,Mid Cap,Aug-2025
101370,86936,1,Tube Investments of India Ltd.,Automobile & Ancillaries,Automobile & Ancillaries,Domestic Equities,4417.0,4174.0,5.821753713464303,1.3081,1.1857,10.323015939951093,1.78636051407198,1100,tube-investments-of-india,Mid Cap,Aug-2025
152379,5838,1,Voltas Ltd.,Consumer Durables,Consumer Durables,Domestic Equities,9420.0,8901.0,5.830805527468823,1.2943,1.1818,9.519377221188018,1.76751503200318,1100,voltas,Mid Cap,Aug-2025
171820,5969,1,Colgate-Palmolive (India) Ltd.,FMCG,Fast Moving Consumer Goods,Domestic Equities,5449.0,5150.0,5.805825242718447,1.2706,1.1563,9.8849779468996,1.73514996497198,1100,colgate-palmolive-india,Mid Cap,Aug-2025
152551,7908,1,GMR Airports Ltd.,Infrastructure,Aviation,Domestic Equities,147617.0,139492.0,5.824706793221117,1.2705,1.2563,1.130303271511583,1.73501340350772,1100,gmr-airports,Mid Cap,Aug-2025
152118,7308,1,PI Industries Ltd.,Chemicals,Chemicals,Domestic Equities,3352.0,3167.0,5.841490369434797,1.2385,1.3463,-8.007130654386096,1.69131373494239,1100,pi-industries,Mid Cap,Aug-2025
152369,6790,1,Bharat Forge Ltd.,Automobile & Ancillaries,Automobile & Ancillaries,Domestic Equities,11029.0,10423.0,5.814065048450543,1.2206,1.2186,0.1641227638273451,1.66686923283866,1100,bharat-forge,Mid Cap,Aug-2025
171946,6864,1,Godrej Properties Ltd.,Realty,Realty,Domestic Equities,6217.0,5877.0,5.785264590777608,1.2109,1.2359,-2.0228173800469293,1.6536227708048,1100,godrej-properties,Mid Cap,Aug-2025
152238,8313,1,MRF Ltd.,Automobile & Ancillaries,Automobile & Ancillaries,Domestic Equities,85.0,79.0,7.59493670886076,1.1981,1.168,2.5770547945205524,1.63614290337867,1100,mrf,Mid Cap,Aug-2025
56674,5695,1,Supreme Industries Ltd.,Plastic Products,Plastic Products,Domestic Equities,2675.0,2528.0,5.814873417721519,1.196,1.0888,9.84570168993387,1.63327511262907,1100,supreme-industries,Mid Cap,Aug-2025
171465,6543,1,Aurobindo Pharma Ltd.,Healthcare,Healthcare,Domestic Equities,11569.0,10934.0,5.80757270898116,1.1892,1.2463,-4.581561421808549,1.62398893305894,1100,aurobindo-pharma,Mid Cap,Aug-2025
38931,15891,1,Alkem Laboratories Ltd.,Healthcare,Healthcare,Domestic Equities,2225.0,2103.0,5.801236329053733,1.18,1.058,11.531190926275997,1.6114252783464,1100,alkem-laboratories,Mid Cap,Aug-2025
77293,6578,1,Muthoot Finance Ltd.,Finance,Finance,Domestic Equities,4438.0,4192.0,5.868320610687023,1.1707,1.0951,6.903479134325622,1.59872506216961,1100,muthoot-finance,Mid Cap,Aug-2025
122,5767,1,The Phoenix Mills Ltd.,Realty,Realty,Domestic Equities,7717.0,7291.0,5.842819914963654,1.16,1.082,7.208872458410348,1.58411298549308,1100,the-phoenix-mills,Mid Cap,Aug-2025
171321,7864,1,Page Industries Ltd.,Textile,Textile,Domestic Equities,258.0,246.0,4.878048780487805,1.1438,1.2006,-4.730967849408635,1.56199002828188,1100,page-industries,Mid Cap,Aug-2025
133342,5963,1,Bharat Heavy Electricals Ltd.,Capital Goods,Capital Goods,Domestic Equities,53173.0,50250.0,5.816915422885572,1.1061,1.1982,-7.686529794692033,1.51050635625335,1100,bharat-heavy-electricals,Mid Cap,Aug-2025
153260,8051,1,Prestige Estates Projects Ltd.,Realty,Realty,Domestic Equities,6981.0,6595.0,5.852918877937832,1.0903,1.0727,1.6407196793138856,1.48892964489922,1100,prestige-estates-projects,Mid Cap,Aug-2025
153586,8183,1,NHPC Ltd.,Power,Power,Domestic Equities,130907.0,123694.0,5.831325690817663,1.011,1.0298,-1.825597203340464,1.38063640373578,1100,nhpc,Mid Cap,Aug-2025
77639,92991,1,SBI Cards And Payment Services Ltd.,Finance,Finance,Domestic Equities,12394.0,11712.0,5.823087431693989,0.9959,0.9456,5.31937394247039,1.36001562263151,1100,sbi-cards-and-payment-services,Mid Cap,Aug-2025
19275,7232,1,NMDC Ltd.,Mining,Mining,Domestic Equities,143002.0,135121.0,5.832550084738863,0.9839,0.9565,2.864610559330888,1.34362824691951,1100,nmdc,Mid Cap,Aug-2025
152574,8059,1,Torrent Power Ltd.,Power,Power,Domestic Equities,7872.0,7438.0,5.834901855337456,0.9661,0.9744,-0.8518062397372725,1.31932030628005,1100,torrent-power,Mid Cap,Aug-2025
677,6026,1,Oil India Ltd.,Crude Oil,Crude Oil,Domestic Equities,22567.0,21323.0,5.83407588050462,0.8808,0.9382,-6.118098486463436,1.2028333772606,1100,oil-india,Mid Cap,Aug-2025
114652,92620,1,Indian Railway Catering And Tourism Corporation Ltd.,Hospitality,Hospitality,Domestic Equities,12480.0,11793.0,5.825489697278046,0.8636,0.8562000000000001,0.8642840457836894,1.17934480540674,1100,indian-railway-catering-and-tourism-corporation,Mid Cap,Aug-2025
133642,6320,1,Petronet LNG Ltd.,Inds. Gases & Fuels,Industrials Gases & Fuels,Domestic Equities,31011.0,29301.0,5.835978294256169,0.8356999999999999,0.8445,-1.04203670811132,1.14124415687635,1100,petronet-lng,Mid Cap,Aug-2025
171698,8307,1,Oracle Financial Services Software Ltd.,IT,Information Technology,Domestic Equities,979.0,927.0,5.609492988133765,0.8119,0.7856000000000001,3.3477596741344136,1.10874252838089,1100,oracle-financial-services-software,Mid Cap,Aug-2025
153691,5278,1,Oberoi Realty Ltd.,Realty,Realty,Domestic Equities,4870.0,4602.0,5.823554976097349,0.7845,0.7502,4.572114102905902,1.07132468717183,1100,oberoi-realty,Mid Cap,Aug-2025
75891,5355,1,Container Corporation Of India Ltd.,Logistics,Logistics,Domestic Equities,14256.0,13471.0,5.82733278895405,0.7518,0.7789,-3.479265631018094,1.02666908835663,1100,container-corporation-of-india,Mid Cap,Aug-2025
152616,7532,1,Vodafone Idea Ltd.,Telecom,Telecom,Domestic Equities,1142288.0,1079384.0,5.8277684308828,0.7413,0.7459,-0.6167046520981472,1.01233013460864,1100,vodafone-idea,Mid Cap,Aug-2025
133351,5368,1,Steel Authority Of India Ltd.,Iron & Steel,Iron & Steel,Domestic Equities,59815.0,56517.0,5.83541235380505,0.7098,0.7019,1.1255164553355268,0.969313273364642,1100,steel-authority-of-india,Mid Cap,Aug-2025
171434,4916,1,Astral Ltd.,Plastic Products,Plastic Products,Domestic Equities,5097.0,4817.0,5.812746522731991,0.6931,0.675,2.6814814814814847,0.946507508832113,1100,astral,Mid Cap,Aug-2025
76200,82667,1,BSE Ltd.,Finance,Finance,Domestic Equities,15920.0,15386.0,3.4706876381125698,3.8644,4.2621,-9.331080922549912,5.40961254721022,1100,bse,Mid Cap,Jul-2025
77009,96064,1,Max Healthcare Institute Ltd.,Healthcare,Healthcare,Domestic Equities,29056.0,28082.0,3.468413930631721,3.6204,3.5833,1.0353584684508796,5.0680471136321,1100,max-healthcare-institute,Large Cap,Jul-2025
57445,86554,1,Dixon Technologies (India) Ltd.,Consumer Durables,Consumer Durables,Domestic Equities,1523.0,1471.0,3.5350101971448,2.5649,2.204,16.37477313974592,3.59049664173986,1100,dixon-technologies-india,Mid Cap,Jul-2025
157113,99763,1,PB Fintech Ltd.,IT,Information Technology,Domestic Equities,12975.0,12540.0,3.4688995215311005,2.3512,2.2872,2.798181182231552,3.29134691569213,1100,pb-fintech,Mid Cap,Jul-2025
133657,7260,1,Coforge Ltd.,IT,Information Technology,Domestic Equities,13025.0,12588.0,3.4715602160788053,2.277,2.4226,-6.010071823660531,3.18747742728436,1100,coforge,Mid Cap,Jul-2025
114530,88033,1,HDFC Asset Management Company Ltd.,Finance,Finance,Domestic Equities,3969.0,3836.0,3.4671532846715327,2.2425,1.9916,12.597911227154048,3.13918231474975,1100,hdfc-asset-management-company,Mid Cap,Jul-2025
95548,5980,1,Persistent Systems Ltd.,IT,Information Technology,Domestic Equities,4194.0,4053.0,3.4789045151739453,2.1643,2.4486000000000003,-11.610716327697462,3.02971339300463,1100,persistent-systems,Mid Cap,Jul-2025
171685,5596,1,The Federal Bank Ltd.,Bank,Banking,Domestic Equities,95942.0,92725.0,3.469398759773524,1.9422,1.9762,-1.720473636271635,2.71880485694848,1100,the-federal-bank,Mid Cap,Jul-2025
171877,6125,1,Cummins India Ltd.,Automobile & Ancillaries,Automobile & Ancillaries,Domestic Equities,5283.0,5106.0,3.466509988249119,1.8784,1.7357,8.22146684334851,2.6294938952178,1100,cummins-india,Mid Cap,Jul-2025
38803,5403,1,Indus Towers Ltd.,Telecom,Telecom,Domestic Equities,51671.0,49938.0,3.4703031759381635,1.8757,2.1029,-10.804127633268344,2.6257142777151,1100,indus-towers,Large Cap,Jul-2025
152211,6247,1,Lupin Ltd.,Healthcare,Healthcare,Domestic Equities,9453.0,9136.0,3.469789842381786,1.8236,1.7706,2.993335592454541,2.55278165849616,1100,lupin,Large Cap,Jul-2025
7737,15826,1,IDFC First Bank Ltd.,Bank,Banking,Domestic Equities,258356.0,249693.0,3.4694604974909184,1.7765,1.8188,-2.3257092588519845,2.48684833094891,1100,idfc-first-bank,Mid Cap,Jul-2025
165,7447,1,SRF Ltd.,Chemicals,Chemicals,Domestic Equities,5673.0,5482.0,3.484129879605983,1.725,1.7773,-2.9426658414448825,2.41475562673058,1100,srf,Mid Cap,Jul-2025
141614,85778,1,AU Small Finance Bank Ltd.,Bank,Banking,Domestic Equities,21965.0,21228.0,3.471829658941021,1.6287,1.7353999999999998,-6.148438400368785,2.27994926913396,1100,au-small-finance-bank,Mid Cap,Jul-2025
171365,5279,1,Hindustan Petroleum Corporation Ltd.,Crude Oil,Crude Oil,Domestic Equities,37555.0,36295.0,3.471552555448409,1.5715,1.5899,-1.15730549091138,2.19987737240991,1100,hindustan-petroleum-corporation,Mid Cap,Jul-2025
171327,5699,1,Marico Ltd.,FMCG,Fast Moving Consumer Goods,Domestic Equities,20652.0,19959.0,3.4721178415752294,1.4659,1.4417,1.6785739058056577,2.05205233230397,1100,marico,Mid Cap,Jul-2025
152795,99590,1,One97 Communications Ltd.,IT,Information Technology,Domestic Equities,13330.0,12883.0,3.4696887370953973,1.4521000000000002,1.1904,21.984206989247312,2.03273428729013,1100,one97-communications,Mid Cap,Jul-2025
152455,7030,1,Yes Bank Ltd.,Bank,Banking,Domestic Equities,737370.0,712650.0,3.468743422437381,1.3951,1.4494999999999998,-3.753018282166263,1.95294236223294,1100,yes-bank,Mid Cap,Jul-2025
171659,5756,1,Ashok Leyland Ltd.,Automobile & Ancillaries,Automobile & Ancillaries,Domestic Equities,111847.0,54048.0,106.94012729425695,1.3539,1.3561,-0.1622299240469193,1.89526819885828,1100,ashok-leyland,Mid Cap,Jul-2025
152118,7308,1,PI Industries Ltd.,Chemicals,Chemicals,Domestic Equities,3167.0,3060.0,3.496732026143791,1.3463,1.256,7.189490445859874,1.88462927551732,1100,pi-industries,Mid Cap,Jul-2025
134131,90516,1,Polycab India Ltd.,Electricals,Electricals,Domestic Equities,1972.0,1906.0,3.4627492130115427,1.3451,1.2486,7.728656094826198,1.88294944551611,1100,polycab-india,Mid Cap,Jul-2025
152551,7908,1,GMR Airports Ltd.,Infrastructure,Aviation,Domestic Equities,139492.0,134815.0,3.469198531320699,1.2563,1.1485,9.38615585546365,1.75864202542703,1100,gmr-airports,Mid Cap,Jul-2025
171465,6543,1,Aurobindo Pharma Ltd.,Healthcare,Healthcare,Domestic Equities,10934.0,10567.0,3.4730765590990824,1.2463,1.1991,3.9362855474939527,1.74464344208366,1100,aurobindo-pharma,Mid Cap,Jul-2025
19255,6350,1,Mphasis Ltd.,IT,Information Technology,Domestic Equities,4451.0,4301.0,3.487561032318066,1.2419,1.2238,1.4789998365746055,1.73848406541258,1100,mphasis,Mid Cap,Jul-2025
171946,6864,1,Godrej Properties Ltd.,Realty,Realty,Domestic Equities,5877.0,5679.0,3.4865293185419968,1.2359,1.3306,-7.117090034570869,1.73008491540656,1100,godrej-properties,Mid Cap,Jul-2025
152369,6790,1,Bharat Forge Ltd.,Automobile & Ancillaries,Automobile & Ancillaries,Domestic Equities,10423.0,10073.0,3.4746351633078527,1.2186,1.3176,-7.513661202185787,1.70586736622254,1100,bharat-forge,Mid Cap,Jul-2025
171321,7864,1,Page Industries Ltd.,Textile,Textile,Domestic Equities,246.0,238.0,3.361344537815126,1.2006,1.176,2.0918367346938846,1.68066991620448,1100,page-industries,Mid Cap,Jul-2025
133342,5963,1,Bharat Heavy Electricals Ltd.,Capital Goods,Capital Goods,Domestic Equities,50250.0,48565.0,3.4695768557603217,1.1982,1.2933,-7.353282301090249,1.67731025620207,1100,bharat-heavy-electricals,Mid Cap,Jul-2025
101370,86936,1,Tube Investments of India Ltd.,Automobile & Ancillaries,Automobile & Ancillaries,Domestic Equities,4174.0,4033.0,3.496156707165881,1.1857,1.2539,-5.439030225695835,1.65981202702287,1100,tube-investments-of-india,Mid Cap,Jul-2025
152379,5838,1,Voltas Ltd.,Consumer Durables,Consumer Durables,Domestic Equities,8901.0,8602.0,3.475935828877005,1.1818,1.1304,4.547062986553432,1.65435257951895,1100,voltas,Mid Cap,Jul-2025
152238,8313,1,MRF Ltd.,Automobile & Ancillaries,Automobile & Ancillaries,Domestic Equities,79.0,77.0,2.5974025974025974,1.168,1.0962,6.549899653347922,1.63503453450511,1100,mrf,Mid Cap,Jul-2025
171820,5969,1,Colgate-Palmolive (India) Ltd.,FMCG,Fast Moving Consumer Goods,Domestic Equities,5150.0,4976.0,3.4967845659163985,1.1563,1.1978,-3.464685256303228,1.61865619199337,1100,colgate-palmolive-india,Mid Cap,Jul-2025
77293,6578,1,Muthoot Finance Ltd.,Finance,Finance,Domestic Equities,4192.0,4051.0,3.4806220686250304,1.0951,1.0629,3.0294477373224185,1.53298486193197,1100,muthoot-finance,Mid Cap,Jul-2025
56674,5695,1,Supreme Industries Ltd.,Plastic Products,Plastic Products,Domestic Equities,2528.0,2442.0,3.5217035217035217,1.0888,1.0724,1.5292801193584489,1.52416575442565,1100,supreme-industries,Mid Cap,Jul-2025
122,5767,1,The Phoenix Mills Ltd.,Realty,Realty,Domestic Equities,7291.0,7047.0,3.46246629771534,1.082,1.1005,-1.6810540663334796,1.51464671775216,1100,the-phoenix-mills,Mid Cap,Jul-2025
153260,8051,1,Prestige Estates Projects Ltd.,Realty,Realty,Domestic Equities,6595.0,6373.0,3.4834457869135416,1.0727,1.0563,1.5525892265454897,1.50162803524283,1100,prestige-estates-projects,Mid Cap,Jul-2025
38931,15891,1,Alkem Laboratories Ltd.,Healthcare,Healthcare,Domestic Equities,2103.0,2033.0,3.443187407771766,1.058,1.0041,5.367991235932677,1.48105011772809,1100,alkem-laboratories,Mid Cap,Jul-2025
153586,8183,1,NHPC Ltd.,Power,Power,Domestic Equities,123694.0,119547.0,3.4689285385664217,1.0298,1.0258,0.3899395593683034,1.44157411269979,1100,nhpc,Mid Cap,Jul-2025
152574,8059,1,Torrent Power Ltd.,Power,Power,Domestic Equities,7438.0,7189.0,3.4636249826123247,0.9744,1.0551,-7.648564117145301,1.36402196097755,1100,torrent-power,Mid Cap,Jul-2025
19275,7232,1,NMDC Ltd.,Mining,Mining,Domestic Equities,135121.0,130591.0,3.468845479397508,0.9565,0.9141,4.638442183568547,1.33896449679292,1100,nmdc,Mid Cap,Jul-2025
77639,92991,1,SBI Cards And Payment Services Ltd.,Finance,Finance,Domestic Equities,11712.0,11319.0,3.4720381659157167,0.9456,1.0788,-12.347052280311452,1.32370604094866,1100,sbi-cards-and-payment-services,Mid Cap,Jul-2025
677,6026,1,Oil India Ltd.,Crude Oil,Crude Oil,Domestic Equities,21323.0,20608.0,3.469526397515528,0.9382,0.8948999999999999,4.838529444630684,1.31334708927457,1100,oil-india,Mid Cap,Jul-2025
114652,92620,1,Indian Railway Catering And Tourism Corporation Ltd.,Hospitality,Hospitality,Domestic Equities,11793.0,11397.0,3.474598578573309,0.8562000000000001,0.8906999999999999,-3.8733580330077344,1.19855870585897,1100,indian-railway-catering-and-tourism-corporation,Mid Cap,Jul-2025
133642,6320,1,Petronet LNG Ltd.,Inds. Gases & Fuels,Industrials Gases & Fuels,Domestic Equities,29301.0,28318.0,3.471290345363373,0.8445,0.8549,-1.2165165516434575,1.18218036334723,1100,petronet-lng,Mid Cap,Jul-2025
171698,8307,1,Oracle Financial Services Software Ltd.,IT,Information Technology,Domestic Equities,927.0,895.0,3.575418994413408,0.7856000000000001,0.8042,-2.312857498134792,1.09972870745481,1100,oracle-financial-services-software,Mid Cap,Jul-2025
75891,5355,1,Container Corporation Of India Ltd.,Logistics,Logistics,Domestic Equities,13471.0,10415.0,29.34229476716275,0.7789,0.7913,-1.5670415771515165,1.09034965661475,1100,container-corporation-of-india,Mid Cap,Jul-2025
153691,5278,1,Oberoi Realty Ltd.,Realty,Realty,Domestic Equities,4602.0,4447.0,3.4854958398920624,0.7502,0.8473999999999999,-11.470379985839037,1.05017372241929,1100,oberoi-realty,Mid Cap,Jul-2025
152616,7532,1,Vodafone Idea Ltd.,Telecom,Telecom,Domestic Equities,1079384.0,1043198.0,3.46875665022364,0.7459,0.7751,-3.7672558379563945,1.04415433158164,1100,vodafone-idea,Mid Cap,Jul-2025
133351,5368,1,Steel Authority Of India Ltd.,Iron & Steel,Iron & Steel,Domestic Equities,56517.0,54622.0,3.469298085020688,0.7019,0.721,-2.649098474341188,0.982560564870835,1100,steel-authority-of-india,Mid Cap,Jul-2025
171434,4916,1,Astral Ltd.,Plastic Products,Plastic Products,Domestic Equities,4817.0,4655.0,3.4801288936627284,0.675,0.7014,-3.763900769888795,0.944904375677181,1100,astral,Mid Cap,Jul-2025
76200,82667,1,BSE Ltd.,Finance,Finance,Domestic Equities,15386.0,15402.0,-0.103882612647708,4.2621,4.1185,3.486706325118358,5.93961302837903,1100,bse,Mid Cap,Jun-2025
77009,96064,1,Max Healthcare Institute Ltd.,Healthcare,Healthcare,Domestic Equities,28082.0,28124.0,-0.1493386431517565,3.5833,3.1645,13.23431821772792,4.99364523699364,1100,max-healthcare-institute,Large Cap,Jun-2025
95548,5980,1,Persistent Systems Ltd.,IT,Information Technology,Domestic Equities,4053.0,4030.0,0.5707196029776676,2.4486000000000003,2.2721,7.76814400774614,3.41234050381007,1100,persistent-systems,Mid Cap,Jun-2025
133657,7260,1,Coforge Ltd.,IT,Information Technology,Domestic Equities,12588.0,2521.0,399.3256644188814,2.4226,2.1556,12.386342549638146,3.37610720596679,1100,coforge,Mid Cap,Jun-2025
157113,99763,1,PB Fintech Ltd.,IT,Information Technology,Domestic Equities,12540.0,12519.0,0.1677450275581117,2.2872,2.2053,3.71378043803564,3.187415339506,1100,pb-fintech,Mid Cap,Jun-2025
57445,86554,1,Dixon Technologies (India) Ltd.,Consumer Durables,Consumer Durables,Domestic Equities,1471.0,1458.0,0.8916323731138546,2.204,2.1421,2.889687689650342,3.0714687864075,1100,dixon-technologies-india,Mid Cap,Jun-2025
38803,5403,1,Indus Towers Ltd.,Telecom,Telecom,Domestic Equities,49938.0,50011.0,-0.1459678870648457,2.1029,1.9212,9.457630647511966,2.93057700133227,1100,indus-towers,Large Cap,Jun-2025
114530,88033,1,HDFC Asset Management Company Ltd.,Finance,Finance,Domestic Equities,3836.0,3838.0,-0.0521104742053152,1.9916,1.8357,8.492673094732258,2.77547061479545,1100,hdfc-asset-management-company,Mid Cap,Jun-2025
171685,5596,1,The Federal Bank Ltd.,Bank,Banking,Domestic Equities,92725.0,92769.0,-0.0474296370554818,1.9762,1.8745,5.425446785809558,2.7540093537652,1100,the-federal-bank,Mid Cap,Jun-2025
7737,15826,1,IDFC First Bank Ltd.,Bank,Banking,Domestic Equities,249693.0,234591.0,6.437587119710475,1.8188,1.5944999999999998,14.067105675760432,2.53465854297548,1100,idfc-first-bank,Mid Cap,Jun-2025
165,7447,1,SRF Ltd.,Chemicals,Chemicals,Domestic Equities,5482.0,5490.0,-0.145719489981785,1.7773,1.5707,13.153371108422997,2.47682462526409,1100,srf,Mid Cap,Jun-2025
152211,6247,1,Lupin Ltd.,Healthcare,Healthcare,Domestic Equities,9136.0,9142.0,-0.0656311529205863,1.7706,1.7897,-1.0672179694920918,2.46748758312755,1100,lupin,Large Cap,Jun-2025
171877,6125,1,Cummins India Ltd.,Automobile & Ancillaries,Automobile & Ancillaries,Domestic Equities,5106.0,5121.0,-0.2929115407147041,1.7357,1.6736000000000002,3.710564053537272,2.41885134871483,1100,cummins-india,Mid Cap,Jun-2025
141614,85778,1,AU Small Finance Bank Ltd.,Bank,Banking,Domestic Equities,21228.0,21241.0,-0.0612023916011487,1.7353999999999998,1.4721000000000002,17.88601317845254,2.41843327220126,1100,au-small-finance-bank,Mid Cap,Jun-2025
171365,5279,1,Hindustan Petroleum Corporation Ltd.,Crude Oil,Crude Oil,Domestic Equities,36295.0,36345.0,-0.1375705048837529,1.5899,1.494,6.419009370816601,2.21566616311673,1100,hindustan-petroleum-corporation,Mid Cap,Jun-2025
152455,7030,1,Yes Bank Ltd.,Bank,Banking,Domestic Equities,712650.0,713441.0,-0.1108711161819968,1.4494999999999998,1.5325,-5.415986949429045,2.02000635476301,1100,yes-bank,Mid Cap,Jun-2025
171327,5699,1,Marico Ltd.,FMCG,Fast Moving Consumer Goods,Domestic Equities,19959.0,19969.0,-0.0500776203114828,1.4417,1.4307,0.7688544069336649,2.00913636541002,1100,marico,Mid Cap,Jun-2025
171659,5756,1,Ashok Leyland Ltd.,Automobile & Ancillaries,Automobile & Ancillaries,Domestic Equities,54048.0,54122.0,-0.1367281327371494,1.3561,1.2774,6.160951933615171,1.88984520020291,1100,ashok-leyland,Mid Cap,Jun-2025
171946,6864,1,Godrej Properties Ltd.,Realty,Realty,Domestic Equities,5679.0,5707.0,-0.4906255475731557,1.3306,1.2805000000000002,3.912534166341265,1.85430869654892,1100,godrej-properties,Mid Cap,Jun-2025
152369,6790,1,Bharat Forge Ltd.,Automobile & Ancillaries,Automobile & Ancillaries,Domestic Equities,10073.0,10092.0,-0.1882679349980182,1.3176,1.2523,5.214405493891229,1.83619204762728,1100,bharat-forge,Mid Cap,Jun-2025
133342,5963,1,Bharat Heavy Electricals Ltd.,Capital Goods,Capital Goods,Domestic Equities,48565.0,48637.0,-0.148035446265189,1.2933,1.2637,2.342328084197205,1.80232785002759,1100,bharat-heavy-electricals,Mid Cap,Jun-2025
152118,7308,1,PI Industries Ltd.,Chemicals,Chemicals,Domestic Equities,3060.0,3068.0,-0.2607561929595828,1.256,1.1731,7.0667462279430495,1.75034700350627,1100,pi-industries,Mid Cap,Jun-2025
101370,86936,1,Tube Investments of India Ltd.,Automobile & Ancillaries,Automobile & Ancillaries,Domestic Equities,4033.0,4068.0,-0.8603736479842675,1.2539,1.2457,0.6582644296379605,1.74742046791123,1100,tube-investments-of-india,Mid Cap,Jun-2025
134131,90516,1,Polycab India Ltd.,Electricals,Electricals,Domestic Equities,1906.0,1905.0,0.0524934383202099,1.2486,1.1413,9.401559624989051,1.74003444950472,1100,polycab-india,Mid Cap,Jun-2025
19255,6350,1,Mphasis Ltd.,IT,Information Technology,Domestic Equities,4301.0,4302.0,-0.0232450023245002,1.2238,1.1008,11.173691860465114,1.70547345771574,1100,mphasis,Mid Cap,Jun-2025
171465,6543,1,Aurobindo Pharma Ltd.,Healthcare,Healthcare,Domestic Equities,10567.0,10581.0,-0.1323126358567243,1.1991,1.2145,-1.2680115273775268,1.67105182476462,1100,aurobindo-pharma,Mid Cap,Jun-2025
171820,5969,1,Colgate-Palmolive (India) Ltd.,FMCG,Fast Moving Consumer Goods,Domestic Equities,4976.0,4984.0,-0.160513643659711,1.1978,1.224,-2.140522875816997,1.66924015987246,1100,colgate-palmolive-india,Mid Cap,Jun-2025
152795,99590,1,One97 Communications Ltd.,IT,Information Technology,Domestic Equities,12883.0,12880.0,0.0232919254658385,1.1904,1.1469,3.7928328537797618,1.65892760587091,1100,one97-communications,Mid Cap,Jun-2025
171321,7864,1,Page Industries Ltd.,Textile,Textile,Domestic Equities,238.0,233.0,2.145922746781116,1.176,1.0807,8.818358471361156,1.63885993321924,1100,page-industries,Mid Cap,Jun-2025
152551,7908,1,GMR Airports Ltd.,Infrastructure,Aviation,Domestic Equities,134815.0,135699.0,-0.6514417939704787,1.1485,1.141,0.6573181419807187,1.60053625280808,1100,gmr-airports,Mid Cap,Jun-2025
152379,5838,1,Voltas Ltd.,Consumer Durables,Consumer Durables,Domestic Equities,8602.0,8613.0,-0.1277139208173691,1.1304,1.0876,3.935270319970578,1.57531230315564,1100,voltas,Mid Cap,Jun-2025
122,5767,1,The Phoenix Mills Ltd.,Realty,Realty,Domestic Equities,7047.0,7053.0,-0.0850701829008932,1.1005,1.0841,1.512775574209022,1.53364401063587,1100,the-phoenix-mills,Mid Cap,Jun-2025
152238,8313,1,MRF Ltd.,Automobile & Ancillaries,Automobile & Ancillaries,Domestic Equities,77.0,80.0,-3.75,1.0962,1.1109,-1.323251417769375,1.52765158060794,1100,mrf,Mid Cap,Jun-2025
77639,92991,1,SBI Cards And Payment Services Ltd.,Finance,Finance,Domestic Equities,11319.0,11333.0,-0.1235330450895614,1.0788,1.0438,3.3531327840582485,1.50340314282051,1100,sbi-cards-and-payment-services,Mid Cap,Jun-2025
56674,5695,1,Supreme Industries Ltd.,Plastic Products,Plastic Products,Domestic Equities,2442.0,2446.0,-0.1635322976287817,1.0724,1.0142,5.738513113784257,1.49448417719755,1100,supreme-industries,Mid Cap,Jun-2025
77293,6578,1,Muthoot Finance Ltd.,Finance,Finance,Domestic Equities,4051.0,4055.0,-0.0986436498150431,1.0629,0.8983,18.32349994433932,1.48124508760097,1100,muthoot-finance,Mid Cap,Jun-2025
153260,8051,1,Prestige Estates Projects Ltd.,Realty,Realty,Domestic Equities,6373.0,6382.0,-0.141021623315575,1.0563,0.936,12.852564102564104,1.47204740430229,1100,prestige-estates-projects,Mid Cap,Jun-2025
152574,8059,1,Torrent Power Ltd.,Power,Power,Domestic Equities,7189.0,7200.0,-0.1527777777777778,1.0551,0.9893,6.651167492166175,1.47037509824798,1100,torrent-power,Mid Cap,Jun-2025
153586,8183,1,NHPC Ltd.,Power,Power,Domestic Equities,119547.0,119720.0,-0.1445038422986969,1.0258,1.0465,-1.9780219780219848,1.42954295875536,1100,nhpc,Mid Cap,Jun-2025
38931,15891,1,Alkem Laboratories Ltd.,Healthcare,Healthcare,Domestic Equities,2033.0,2009.0,1.1946241911398707,1.0041,1.0243,-1.9720784926291224,1.39930209094,1100,alkem-laboratories,Mid Cap,Jun-2025
19275,7232,1,NMDC Ltd.,Mining,Mining,Domestic Equities,130591.0,130778.0,-0.1429904112312468,0.9141,0.9307,-1.7836037391210882,1.2738791368671,1100,nmdc,Mid Cap,Jun-2025
677,6026,1,Oil India Ltd.,Crude Oil,Crude Oil,Domestic Equities,20608.0,20638.0,-0.1453629227638337,0.8948999999999999,0.8808,1.6008174386920944,1.24712223999822,1100,oil-india,Mid Cap,Jun-2025
114652,92620,1,Indian Railway Catering And Tourism Corporation Ltd.,Hospitality,Hospitality,Domestic Equities,11397.0,11419.0,-0.1926613538838777,0.8906999999999999,0.8633,3.1738677169002605,1.24126916880815,1100,indian-railway-catering-and-tourism-corporation,Mid Cap,Jun-2025
133642,6320,1,Petronet LNG Ltd.,Inds. Gases & Fuels,Industrials Gases & Fuels,Domestic Equities,28318.0,28358.0,-0.1410536709217857,0.8549,0.8714,-1.893504705072304,1.1913787048547,1100,petronet-lng,Mid Cap,Jun-2025
153691,5278,1,Oberoi Realty Ltd.,Realty,Realty,Domestic Equities,4447.0,4449.0,-0.0449539222297145,0.8473999999999999,0.7768999999999999,9.074526966147506,1.1809267920153,1100,oberoi-realty,Mid Cap,Jun-2025
171698,8307,1,Oracle Financial Services Software Ltd.,IT,Information Technology,Domestic Equities,895.0,894.0,0.1118568232662192,0.8042,0.7565000000000001,6.305353602114998,1.1207237740603,1100,oracle-financial-services-software,Mid Cap,Jun-2025
75891,5355,1,Container Corporation Of India Ltd.,Logistics,Logistics,Domestic Equities,10415.0,10428.0,-0.1246643651706942,0.7913,0.818,-3.264058679706604,1.10274648397652,1100,container-corporation-of-india,Mid Cap,Jun-2025
152616,7532,1,Vodafone Idea Ltd.,Telecom,Telecom,Domestic Equities,1043198.0,1043652.0,-0.0435010904017814,0.7751,0.7222,7.324840764331218,1.0801703522434,1100,vodafone-idea,Mid Cap,Jun-2025
133351,5368,1,Steel Authority Of India Ltd.,Iron & Steel,Iron & Steel,Domestic Equities,54622.0,54702.0,-0.1462469379547365,0.721,0.7066,2.037928106425132,1.0047772209618,1100,steel-authority-of-india,Mid Cap,Jun-2025
171434,4916,1,Astral Ltd.,Plastic Products,Plastic Products,Domestic Equities,4655.0,4662.0,-0.1501501501501501,0.7014,0.6984,0.4295532646048068,0.977462888741478,1100,astral,Mid Cap,Jun-2025
77009,96064,1,Max Healthcare Institute Ltd.,Healthcare,Healthcare,Domestic Equities,19684.0,19859.0,-0.8812125484666901,2.2207,1.9457,14.13373079097497,4.67265925168436,1100,max-healthcare-institute,Mid Cap,Dec-2024
152406,5107,1,The Indian Hotels Company Ltd.,Hospitality,Hospitality,Domestic Equities,23318.0,23444.0,-0.5374509469373827,2.0463,1.8599,10.022044195924504,4.30569758487041,1100,the-indian-hotels-company,Mid Cap,Dec-2024
152473,5056,1,Suzlon Energy Ltd.,Capital Goods,Capital Goods,Domestic Equities,314338.0,316955.0,-0.8256692590430819,1.9558,1.9962,-2.023845306081551,4.11527309607073,1100,suzlon-energy,Mid Cap,Dec-2024
157113,99763,1,PB Fintech Ltd.,IT,Information Technology,Domestic Equities,8759.0,8472.0,3.3876298394711992,1.8471,1.6044999999999998,15.119975070115313,3.88655329571135,1100,pb-fintech,Mid Cap,Dec-2024
57445,86554,1,Dixon Technologies (India) Ltd.,Consumer Durables,Consumer Durables,Domestic Equities,1012.0,1010.0,0.198019801980198,1.8152,1.5965,13.698715941121206,3.81943129358196,1100,dixon-technologies-india,Mid Cap,Dec-2024
95548,5980,1,Persistent Systems Ltd.,IT,Information Technology,Domestic Equities,2796.0,2841.0,-1.583949313621964,1.8056,1.6778,7.617117654070808,3.79923156880321,1100,persistent-systems,Mid Cap,Dec-2024
152211,6247,1,Lupin Ltd.,Healthcare,Healthcare,Domestic Equities,6394.0,6446.0,-0.8067018305926157,1.5062,1.3219,13.942053105378626,3.16925265226595,1100,lupin,Mid Cap,Dec-2024
171685,5596,1,The Federal Bank Ltd.,Bank,Banking,Domestic Equities,64902.0,65430.0,-0.8069692801467218,1.2982,1.3791,-5.866144587049528,2.73159194872637,1100,the-federal-bank,Mid Cap,Dec-2024
133334,5159,1,CG Power and Industrial Solutions Ltd.,Capital Goods,Capital Goods,Domestic Equities,16960.0,17085.0,-0.7316359379572724,1.2347,1.251,-1.302957633892882,2.59797918586693,1100,cg-power-and-industrial-solutions,Large Cap,Dec-2024
171877,6125,1,Cummins India Ltd.,Automobile & Ancillaries,Automobile & Ancillaries,Domestic Equities,3591.0,3622.0,-0.8558807288790724,1.1757,1.2618,-6.823585354255836,2.47383504399753,1100,cummins-india,Large Cap,Dec-2024
114530,88033,1,HDFC Asset Management Company Ltd.,Finance,Finance,Domestic Equities,2685.0,2704.0,-0.7026627218934911,1.1274,1.1368,-0.826882477128793,2.37220517870444,1100,hdfc-asset-management-company,Mid Cap,Dec-2024
38803,5403,1,Indus Towers Ltd.,Telecom,Telecom,Domestic Equities,32919.0,33207.0,-0.8672870177974523,1.1252,1.1601,-3.008361348159649,2.36757607510931,1100,indus-towers,Large Cap,Dec-2024
171946,6864,1,Godrej Properties Ltd.,Realty,Realty,Domestic Equities,3996.0,3091.0,29.2785506308638,1.1135,0.8581,29.76343083556694,2.34295766053521,1100,godrej-properties,Mid Cap,Dec-2024
152379,5838,1,Voltas Ltd.,Consumer Durables,Consumer Durables,Domestic Equities,6050.0,6103.0,-0.8684253645747992,1.0829,1.012,7.005928853754943,2.27857103780294,1100,voltas,Mid Cap,Dec-2024
171365,5279,1,Hindustan Petroleum Corporation Ltd.,Crude Oil,Crude Oil,Domestic Equities,25444.0,25667.0,-0.868819885456033,1.04,0.9833,5.766297162615683,2.1883035176979,1100,hindustan-petroleum-corporation,Mid Cap,Dec-2024
7737,15826,1,IDFC First Bank Ltd.,Bank,Banking,Domestic Equities,164153.0,176027.0,-6.745556079465081,1.0365,1.128,-8.111702127659568,2.18093903470565,1100,idfc-first-bank,Mid Cap,Dec-2024
171465,6543,1,Aurobindo Pharma Ltd.,Healthcare,Healthcare,Domestic Equities,7408.0,7477.0,-0.9228300120369132,0.9886,0.944,4.724576271186433,2.08015082461168,1100,aurobindo-pharma,Mid Cap,Dec-2024
152455,7030,1,Yes Bank Ltd.,Bank,Banking,Domestic Equities,499373.0,503577.0,-0.8348276430416798,0.9783,1.0051,-2.666401353099201,2.05847820323448,1100,yes-bank,Mid Cap,Dec-2024
134131,90516,1,Polycab India Ltd.,Electricals,Electricals,Domestic Equities,1333.0,1261.0,5.709754163362411,0.9694,0.9203,5.3352167771378864,2.03975137505418,1100,polycab-india,Large Cap,Dec-2024
171820,5969,1,Colgate-Palmolive (India) Ltd.,FMCG,Fast Moving Consumer Goods,Domestic Equities,3510.0,3541.0,-0.875458909912454,0.9409,1.0233,-8.052379556337335,1.97978344211727,1100,colgate-palmolive-india,Mid Cap,Dec-2024
152369,6790,1,Bharat Forge Ltd.,Automobile & Ancillaries,Automobile & Ancillaries,Domestic Equities,6934.0,6811.0,1.8059022170019088,0.9011,0.9074,-0.6942913819704601,1.89603874980537,1100,bharat-forge,Mid Cap,Dec-2024
171327,5699,1,Marico Ltd.,FMCG,Fast Moving Consumer Goods,Domestic Equities,13976.0,14059.0,-0.590369158546127,0.8937999999999999,0.9067,-1.4227418109628391,1.88067854242153,1100,marico,Mid Cap,Dec-2024
165,7447,1,SRF Ltd.,Chemicals,Chemicals,Domestic Equities,3845.0,3879.0,-0.8765145656096932,0.8604999999999999,0.8786,-2.060095606646941,1.81061074709524,1100,srf,Mid Cap,Dec-2024
19255,6350,1,Mphasis Ltd.,IT,Information Technology,Domestic Equities,2998.0,3017.0,-0.6297646668876367,0.8536,0.8974,-4.880766659237793,1.79609219491051,1100,mphasis,Mid Cap,Dec-2024
171659,5756,1,Ashok Leyland Ltd.,Automobile & Ancillaries,Automobile & Ancillaries,Domestic Equities,37942.0,38285.0,-0.8959122371686039,0.8366,0.8885,-5.841305571187393,1.76032184894814,1100,ashok-leyland,Mid Cap,Dec-2024
141614,85778,1,AU Small Finance Bank Ltd.,Bank,Banking,Domestic Equities,14860.0,14973.0,-0.7546917785346958,0.8308,0.8734000000000001,-4.877490267918485,1.74811784856098,1100,au-small-finance-bank,Mid Cap,Dec-2024
122,5767,1,The Phoenix Mills Ltd.,Realty,Realty,Domestic Equities,4939.0,4981.0,-0.8432041758682997,0.807,0.825,-2.1818181818181785,1.69803936421366,1100,the-phoenix-mills,Mid Cap,Dec-2024
56674,5695,1,Supreme Industries Ltd.,Plastic Products,Plastic Products,Domestic Equities,1712.0,1727.0,-0.8685581933989578,0.8047,0.8031999999999999,0.1867529880478158,1.69319984681875,1100,supreme-industries,Mid Cap,Dec-2024
171698,8307,1,Oracle Financial Services Software Ltd.,IT,Information Technology,Domestic Equities,625.0,630.0,-0.7936507936507936,0.7993000000000001,0.7369,8.467906093092699,1.68183750163071,1100,oracle-financial-services-software,Mid Cap,Dec-2024
38931,15891,1,Alkem Laboratories Ltd.,Healthcare,Healthcare,Domestic Equities,1408.0,1398.0,0.7153075822603719,0.7933,0.7888,0.5704868154158251,1.66921267364399,1100,alkem-laboratories,Mid Cap,Dec-2024
152118,7308,1,PI Industries Ltd.,Chemicals,Chemicals,Domestic Equities,2151.0,2170.0,-0.8755760368663594,0.7928000000000001,0.8822,-10.133756517796416,1.66816060464509,1100,pi-industries,Mid Cap,Dec-2024
599,7495,1,Sundaram Finance Ltd.,Finance,Finance,Domestic Equities,1823.0,1821.0,0.1098297638660076,0.7554000000000001,0.7226,4.539164129532246,1.58946584352788,1100,sundaram-finance,Mid Cap,Dec-2024
587,7648,1,APL Apollo Tubes Ltd.,Iron & Steel,Iron & Steel,Domestic Equities,4796.0,4834.0,-0.7860984691766653,0.7521,0.733,2.605729877216912,1.58252218813519,1100,apl-apollo-tubes,Mid Cap,Dec-2024
152551,7908,1,GMR Airports Ltd.,Infrastructure,Aviation,Domestic Equities,94987.0,95827.0,-0.8765796696129483,0.7462000000000001,0.7974,-6.420867820416341,1.57010777394825,1100,gmr-airports,Mid Cap,Dec-2024
153691,5278,1,Oberoi Realty Ltd.,Realty,Realty,Domestic Equities,3117.0,3145.0,-0.890302066772655,0.7204999999999999,0.6313,14.12957389513701,1.51603142740513,1100,oberoi-realty,Mid Cap,Dec-2024
152238,8313,1,MRF Ltd.,Automobile & Ancillaries,Automobile & Ancillaries,Domestic Equities,54.0,55.0,-1.818181818181818,0.7054,0.6889,2.395122659311955,1.48425894363856,1100,mrf,Mid Cap,Dec-2024
133642,6320,1,Petronet LNG Ltd.,Inds. Gases & Fuels,Industrials Gases & Fuels,Domestic Equities,19854.0,20028.0,-0.8687837028160574,0.6873,0.6670999999999999,3.028031779343442,1.44617404587862,1100,petronet-lng,Mid Cap,Dec-2024
171635,7381,1,UPL Ltd.,Chemicals,Chemicals,Domestic Equities,13404.0,13525.0,-0.8946395563770795,0.6715000000000001,0.7371,-8.899742233075552,1.4129286655136,1100,upl,Mid Cap,Dec-2024
123299,91366,1,KPIT Technologies Ltd.,IT,Information Technology,Domestic Equities,4319.0,4353.0,-0.781070526073972,0.6325999999999999,0.5958,6.176569318563276,1.33107769739971,1100,kpit-technologies,Mid Cap,Dec-2024
77293,6578,1,Muthoot Finance Ltd.,Finance,Finance,Domestic Equities,2840.0,2865.0,-0.8726003490401396,0.6067,0.5492,10.469774217042971,1.27658052325704,1100,muthoot-finance,Mid Cap,Dec-2024
19275,7232,1,NMDC Ltd.,Mining,Mining,Domestic Equities,91541.0,30782.0,197.3848352933533,0.6034,0.7081999999999999,-14.798079638520178,1.26963686786434,1100,nmdc,Mid Cap,Dec-2024
75891,5355,1,Container Corporation Of India Ltd.,Logistics,Logistics,Domestic Equities,7301.0,7359.0,-0.7881505639353173,0.5753,0.6096,-5.626640419947506,1.21051059012654,1100,container-corporation-of-india,Mid Cap,Dec-2024
152616,7532,1,Vodafone Idea Ltd.,Telecom,Telecom,Domestic Equities,687634.0,630547.0,9.053567775280827,0.546,0.5271,3.585657370517929,1.1488593467914,1100,vodafone-idea,Mid Cap,Dec-2024
171434,4916,1,Astral Ltd.,Plastic Products,Plastic Products,Domestic Equities,3274.0,3303.0,-0.877989706327581,0.5409,0.5914,-8.539059857964148,1.13812824300269,1100,astral,Mid Cap,Dec-2024
171509,5522,1,Tata Communications Ltd.,Telecom,Telecom,Domestic Equities,3111.0,3138.0,-0.8604206500956023,0.5299,0.5508,-3.794480755265063,1.11498272502704,1100,tata-communications,Mid Cap,Dec-2024
77639,92991,1,SBI Cards And Payment Services Ltd.,Finance,Finance,Domestic Equities,7932.0,7995.0,-0.7879924953095686,0.5266,0.5600999999999999,-5.98107480806999,1.10803906963434,1100,sbi-cards-and-payment-services,Mid Cap,Dec-2024
133351,5368,1,Steel Authority Of India Ltd.,Iron & Steel,Iron & Steel,Domestic Equities,38288.0,38623.0,-0.8673588276415607,0.4332,0.4523,-4.222860933009057,0.911512580641089,1100,steel-authority-of-india,Mid Cap,Dec-2024
152324,4941,1,ACC Ltd.,Construction Materials,Construction Materials,Domestic Equities,1802.0,1819.0,-0.9345794392523364,0.3699,0.4043,-8.508533267375705,0.778320645381207,1100,acc,Mid Cap,Dec-2024
79346,86555,1,Aditya Birla Capital Ltd.,Finance,Finance,Domestic Equities,18853.0,19016.0,-0.8571729070256625,0.3352,0.3695,-9.282814614343708,0.705307056858017,1100,aditya-birla-capital,Mid Cap,Dec-2024
1704,6920,1,L&T Finance Ltd.,Finance,Finance,Domestic Equities,21322.0,21443.0,-0.564286713612834,0.2892,0.3055,-5.335515548281503,0.60851670895984,1100,lt-finance,Mid Cap,Dec-2024
77009,96064,1,Max Healthcare Institute Ltd.,Healthcare,Healthcare,Domestic Equities,21802.0,19684.0,10.76000812842918,2.3137,2.2207,4.187868690052691,4.69710503877543,1100,max-healthcare-institute,Mid Cap,Jan-2025
152473,5056,1,Suzlon Energy Ltd.,Capital Goods,Capital Goods,Domestic Equities,344415.0,314338.0,9.56836271783876,2.0035,1.9558,2.438899682994162,4.06735961671201,1100,suzlon-energy,Mid Cap,Jan-2025
152406,5107,1,The Indian Hotels Company Ltd.,Hospitality,Hospitality,Domestic Equities,25827.0,23318.0,10.759927952654602,1.975,2.0463,-3.4843375849093463,4.00950099476227,1100,the-indian-hotels-company,Mid Cap,Jan-2025
95548,5980,1,Persistent Systems Ltd.,IT,Information Technology,Domestic Equities,3097.0,2796.0,10.765379113018598,1.8683,1.8056,3.472529906956142,3.79288643469081,1100,persistent-systems,Mid Cap,Jan-2025
57445,86554,1,Dixon Technologies (India) Ltd.,Consumer Durables,Consumer Durables,Domestic Equities,1120.0,1012.0,10.67193675889328,1.6784,1.8152,-7.536359629792863,3.40736530106785,1100,dixon-technologies-india,Mid Cap,Jan-2025
157113,99763,1,PB Fintech Ltd.,IT,Information Technology,Domestic Equities,9703.0,8759.0,10.777486014385204,1.6755000000000002,1.8471,-9.29023875263927,3.40147793251858,1100,pb-fintech,Mid Cap,Jan-2025
152211,6247,1,Lupin Ltd.,Healthcare,Healthcare,Domestic Equities,7082.0,6394.0,10.760087582108229,1.4734,1.5062,-2.177665648652238,2.99118924844695,1100,lupin,Mid Cap,Jan-2025
171685,5596,1,The Federal Bank Ltd.,Bank,Banking,Domestic Equities,71888.0,64902.0,10.763920988567378,1.3458,1.2982,3.666615313511031,2.73214503227902,1100,the-federal-bank,Mid Cap,Jan-2025
38803,5403,1,Indus Towers Ltd.,Telecom,Telecom,Domestic Equities,36461.0,32919.0,10.75974361311097,1.2659,1.1252,12.504443654461436,2.56993787811117,1100,indus-towers,Large Cap,Jan-2025
165,7447,1,SRF Ltd.,Chemicals,Chemicals,Domestic Equities,4259.0,3845.0,10.767230169050714,1.1967,0.8604999999999999,39.070307960488094,2.42945308376304,1100,srf,Mid Cap,Jan-2025
133334,5159,1,CG Power and Industrial Solutions Ltd.,Capital Goods,Capital Goods,Domestic Equities,18786.0,16960.0,10.766509433962264,1.1926,1.2347,-3.409735158338053,2.42112956271063,1100,cg-power-and-industrial-solutions,Large Cap,Jan-2025
171877,6125,1,Cummins India Ltd.,Automobile & Ancillaries,Automobile & Ancillaries,Domestic Equities,3978.0,3591.0,10.776942355889725,1.1592,1.1757,-1.403419239601932,2.35332331803971,1100,cummins-india,Large Cap,Jan-2025
114530,88033,1,HDFC Asset Management Company Ltd.,Finance,Finance,Domestic Equities,2974.0,2685.0,10.763500931098696,1.1509,1.1274,2.084442079120107,2.33647326322628,1100,hdfc-asset-management-company,Mid Cap,Jan-2025
7737,15826,1,IDFC First Bank Ltd.,Bank,Banking,Domestic Equities,181821.0,164153.0,10.763129519411768,1.1498,1.0365,10.9310178485287,2.33424012343173,1100,idfc-first-bank,Mid Cap,Jan-2025
171820,5969,1,Colgate-Palmolive (India) Ltd.,FMCG,Fast Moving Consumer Goods,Domestic Equities,3888.0,3510.0,10.76923076923077,1.097,0.9409,16.590498458922305,2.22704941329327,1100,colgate-palmolive-india,Mid Cap,Jan-2025
152455,7030,1,Yes Bank Ltd.,Bank,Banking,Domestic Equities,553114.0,499373.0,10.761695165737835,1.0636,0.9783,8.719206787284065,2.15924316862236,1100,yes-bank,Mid Cap,Jan-2025
171327,5699,1,Marico Ltd.,FMCG,Fast Moving Consumer Goods,Domestic Equities,15482.0,13976.0,10.775615340583858,1.0383,0.8937999999999999,16.16692772432312,2.10788095334768,1100,marico,Mid Cap,Jan-2025
171946,6864,1,Godrej Properties Ltd.,Realty,Realty,Domestic Equities,4427.0,3996.0,10.785785785785786,1.0312,1.1135,-7.391109115401877,2.09346705103739,1100,godrej-properties,Mid Cap,Jan-2025
171365,5279,1,Hindustan Petroleum Corporation Ltd.,Crude Oil,Crude Oil,Domestic Equities,28184.0,25444.0,10.76874705235026,1.0097,1.04,-2.913461538461539,2.04981931868935,1100,hindustan-petroleum-corporation,Mid Cap,Jan-2025
141614,85778,1,AU Small Finance Bank Ltd.,Bank,Banking,Domestic Equities,16458.0,14860.0,10.753701211305518,0.989,0.8308,19.04188733750603,2.00779568801007,1100,au-small-finance-bank,Mid Cap,Jan-2025
171465,6543,1,Aurobindo Pharma Ltd.,Healthcare,Healthcare,Domestic Equities,8204.0,7408.0,10.745140388768895,0.9614,0.9886,-2.751365567469147,1.9517641804377,1100,aurobindo-pharma,Mid Cap,Jan-2025
19255,6350,1,Mphasis Ltd.,IT,Information Technology,Domestic Equities,3321.0,2998.0,10.77384923282188,0.9524,0.8536,11.57450796626054,1.9334930366641,1100,mphasis,Mid Cap,Jan-2025
152369,6790,1,Bharat Forge Ltd.,Automobile & Ancillaries,Automobile & Ancillaries,Domestic Equities,7680.0,6934.0,10.758580905682145,0.9401,0.9011,4.328043502385979,1.90852247350684,1100,bharat-forge,Mid Cap,Jan-2025
599,7495,1,Sundaram Finance Ltd.,Finance,Finance,Domestic Equities,2019.0,1823.0,10.75150850246846,0.9322,0.7554000000000001,23.404818639131577,1.89248446952779,1100,sundaram-finance,Mid Cap,Jan-2025
171659,5756,1,Ashok Leyland Ltd.,Automobile & Ancillaries,Automobile & Ancillaries,Domestic Equities,42025.0,37942.0,10.761161773232828,0.9112,0.8366,8.917045182883108,1.84985180072273,1100,ashok-leyland,Mid Cap,Jan-2025
122,5767,1,The Phoenix Mills Ltd.,Realty,Realty,Domestic Equities,5472.0,4939.0,10.791658230411011,0.8984000000000001,0.807,11.325898389095416,1.82386617402249,1100,the-phoenix-mills,Mid Cap,Jan-2025
171635,7381,1,UPL Ltd.,Chemicals,Chemicals,Domestic Equities,14845.0,13404.0,10.750522232169502,0.8963,0.6715000000000001,33.477289650037214,1.81960290714199,1100,upl,Mid Cap,Jan-2025
134131,90516,1,Polycab India Ltd.,Electricals,Electricals,Domestic Equities,1476.0,1333.0,10.72768192048012,0.8912,0.9694,-8.066845471425617,1.80924925900361,1100,polycab-india,Large Cap,Jan-2025
152379,5838,1,Voltas Ltd.,Consumer Durables,Consumer Durables,Domestic Equities,6702.0,6050.0,10.776859504132233,0.845,1.0829,-21.968787515006007,1.71545738763247,1100,voltas,Mid Cap,Jan-2025
152118,7308,1,PI Industries Ltd.,Chemicals,Chemicals,Domestic Equities,2382.0,2151.0,10.739191073919107,0.8298000000000001,0.7928000000000001,4.667003027245211,1.68459945592594,1100,pi-industries,Mid Cap,Jan-2025
587,7648,1,APL Apollo Tubes Ltd.,Iron & Steel,Iron & Steel,Domestic Equities,5312.0,4796.0,10.758965804837365,0.8019,0.7521,6.621459912245718,1.62795891022778,1100,apl-apollo-tubes,Mid Cap,Jan-2025
38931,15891,1,Alkem Laboratories Ltd.,Healthcare,Healthcare,Domestic Equities,1559.0,1408.0,10.724431818181818,0.7893000000000001,0.7933,-0.5042228665069853,1.60237930894474,1100,alkem-laboratories,Mid Cap,Jan-2025
152551,7908,1,GMR Airports Ltd.,Infrastructure,Aviation,Domestic Equities,105210.0,94987.0,10.762525398212388,0.7646,0.7462000000000001,2.465826856070744,1.55223516992164,1100,gmr-airports,Mid Cap,Jan-2025
56674,5695,1,Supreme Industries Ltd.,Plastic Products,Plastic Products,Domestic Equities,1896.0,1712.0,10.74766355140187,0.7525,0.8047,-6.486889524046227,1.52767063218157,1100,supreme-industries,Mid Cap,Jan-2025
77293,6578,1,Muthoot Finance Ltd.,Finance,Finance,Domestic Equities,3146.0,2840.0,10.774647887323944,0.7106,0.6067,17.125432668534696,1.44260830728004,1100,muthoot-finance,Mid Cap,Jan-2025
133642,6320,1,Petronet LNG Ltd.,Inds. Gases & Fuels,Industrials Gases & Fuels,Domestic Equities,21991.0,19854.0,10.763574090863305,0.6954,0.6873,1.1785246617197762,1.41175037557351,1100,petronet-lng,Mid Cap,Jan-2025
152616,7532,1,Vodafone Idea Ltd.,Telecom,Telecom,Domestic Equities,761647.0,687634.0,10.763429382491267,0.6893,0.546,26.24542124542125,1.39936660034918,1100,vodafone-idea,Mid Cap,Jan-2025
77639,92991,1,SBI Cards And Payment Services Ltd.,Finance,Finance,Domestic Equities,8786.0,7932.0,10.76651538073626,0.6837000000000001,0.5266,29.83289023927081,1.38799788866783,1100,sbi-cards-and-payment-services,Mid Cap,Jan-2025
152238,8313,1,MRF Ltd.,Automobile & Ancillaries,Automobile & Ancillaries,Domestic Equities,60.0,54.0,11.11111111111111,0.6818000000000001,0.7054,-3.345619506662885,1.38414064720452,1100,mrf,Mid Cap,Jan-2025
123299,91366,1,KPIT Technologies Ltd.,IT,Information Technology,Domestic Equities,4785.0,4319.0,10.789534614494096,0.6743000000000001,0.6325999999999999,6.591843186847942,1.36891469405985,1100,kpit-technologies,Mid Cap,Jan-2025
19275,7232,1,NMDC Ltd.,Mining,Mining,Domestic Equities,101394.0,91541.0,10.763483029462208,0.6701999999999999,0.6034,11.07059993370897,1.36059117300743,1100,nmdc,Mid Cap,Jan-2025
171698,8307,1,Oracle Financial Services Software Ltd.,IT,Information Technology,Domestic Equities,693.0,625.0,10.88,0.6322,0.7993000000000001,-20.905792568497443,1.28344634374112,1100,oracle-financial-services-software,Mid Cap,Jan-2025
75891,5355,1,Container Corporation Of India Ltd.,Logistics,Logistics,Domestic Equities,8088.0,7301.0,10.779345295165047,0.6309,0.5753,9.664522857639495,1.28080717852938,1100,container-corporation-of-india,Mid Cap,Jan-2025
153691,5278,1,Oberoi Realty Ltd.,Realty,Realty,Domestic Equities,3453.0,3117.0,10.779595765158806,0.6259,0.7204999999999999,-13.129770992366405,1.2706565430996,1100,oberoi-realty,Mid Cap,Jan-2025
171509,5522,1,Tata Communications Ltd.,Telecom,Telecom,Domestic Equities,3445.0,3111.0,10.736097717775635,0.5626,0.5299,6.170975655784103,1.14214949855861,1100,tata-communications,Mid Cap,Jan-2025
171434,4916,1,Astral Ltd.,Plastic Products,Plastic Products,Domestic Equities,3626.0,3274.0,10.751374465485643,0.5465,0.5409,1.035311517840627,1.10946445247472,1100,astral,Mid Cap,Jan-2025
133351,5368,1,Steel Authority Of India Ltd.,Iron & Steel,Iron & Steel,Domestic Equities,42408.0,38288.0,10.760551608859172,0.4556,0.4332,5.170821791320411,0.924925900361363,1100,steel-authority-of-india,Mid Cap,Jan-2025
152324,4941,1,ACC Ltd.,Construction Materials,Construction Materials,Domestic Equities,1996.0,1802.0,10.76581576026637,0.4007,0.3699,8.32657474993241,0.813471923342401,1100,acc,Mid Cap,Jan-2025
79346,86555,1,Aditya Birla Capital Ltd.,Finance,Finance,Domestic Equities,20883.0,18853.0,10.767517106030873,0.3746,0.3352,11.754176610978512,0.760485606398961,1100,aditya-birla-capital,Mid Cap,Jan-2025
1704,6920,1,L&T Finance Ltd.,Finance,Finance,Domestic Equities,23620.0,21322.0,10.77760060031892,0.3436,0.2892,18.81051175656984,0.697551666734338,1100,lt-finance,Mid Cap,Jan-2025
77009,96064,1,Max Healthcare Institute Ltd.,Healthcare,Healthcare,Domestic Equities,23217.0,21802.0,6.490230254105128,2.2709,2.3137,-1.849850888187752,4.77683961648976,1100,max-healthcare-institute,Mid Cap,Feb-2025
152406,5107,1,The Indian Hotels Company Ltd.,Hospitality,Hospitality,Domestic Equities,27502.0,25827.0,6.485460951717196,1.9694,1.975,-0.2835443037974695,4.14263417178869,1100,the-indian-hotels-company,Mid Cap,Feb-2025
152473,5056,1,Suzlon Energy Ltd.,Capital Goods,Capital Goods,Domestic Equities,370767.0,344415.0,7.651234702321327,1.8431,2.0035,-8.005989518342895,3.87696204022735,1100,suzlon-energy,Mid Cap,Feb-2025
95548,5980,1,Persistent Systems Ltd.,IT,Information Technology,Domestic Equities,3294.0,3097.0,6.360994510816919,1.7471,1.8683,-6.48718085960499,3.67502597823298,1100,persistent-systems,Mid Cap,Feb-2025
57445,86554,1,Dixon Technologies (India) Ltd.,Consumer Durables,Consumer Durables,Domestic Equities,1194.0,1120.0,6.607142857142858,1.6639,1.6784,-0.8639180171592095,3.50001472450452,1100,dixon-technologies-india,Mid Cap,Feb-2025
157113,99763,1,PB Fintech Ltd.,IT,Information Technology,Domestic Equities,10332.0,9703.0,6.482531175924971,1.5122,1.6755000000000002,-9.746344374813496,3.1809136765405,1100,pb-fintech,Mid Cap,Feb-2025
152211,6247,1,Lupin Ltd.,Healthcare,Healthcare,Domestic Equities,7539.0,7082.0,6.452979384354703,1.4359,1.4734,-2.545133704357269,3.02041657726789,1100,lupin,Mid Cap,Feb-2025
171685,5596,1,The Federal Bank Ltd.,Bank,Banking,Domestic Equities,76552.0,71888.0,6.48787002003116,1.3597,1.3458,1.0328429187100507,2.86012982805986,1100,the-federal-bank,Mid Cap,Feb-2025
165,7447,1,SRF Ltd.,Chemicals,Chemicals,Domestic Equities,4534.0,4259.0,6.456914768725053,1.2674,1.1967,5.9079134285952986,2.66597671845485,1100,srf,Mid Cap,Feb-2025
38803,5403,1,Indus Towers Ltd.,Telecom,Telecom,Domestic Equities,38829.0,36461.0,6.494610679904556,1.2555,1.2659,-0.821549885456992,2.64094506077013,1100,indus-towers,Large Cap,Feb-2025
171877,6125,1,Cummins India Ltd.,Automobile & Ancillaries,Automobile & Ancillaries,Domestic Equities,4234.0,3978.0,6.435394670688788,1.1508,1.1592,-0.7246376811594233,2.42070854315752,1100,cummins-india,Large Cap,Feb-2025
114530,88033,1,HDFC Asset Management Company Ltd.,Finance,Finance,Domestic Equities,3165.0,2974.0,6.422326832548755,1.1484,1.1509,-0.2172213050656008,2.41566014160766,1100,hdfc-asset-management-company,Mid Cap,Feb-2025
133334,5159,1,CG Power and Industrial Solutions Ltd.,Capital Goods,Capital Goods,Domestic Equities,20004.0,18786.0,6.483551580964549,1.1454,1.1926,-3.957739392923025,2.40934963967034,1100,cg-power-and-industrial-solutions,Large Cap,Feb-2025
7737,15826,1,IDFC First Bank Ltd.,Bank,Banking,Domestic Equities,193621.0,181821.0,6.489899406559198,1.1306,1.1498,-1.6698556270655778,2.37821783011287,1100,idfc-first-bank,Mid Cap,Feb-2025
171820,5969,1,Colgate-Palmolive (India) Ltd.,FMCG,Fast Moving Consumer Goods,Domestic Equities,4139.0,3888.0,6.455761316872429,1.0201,1.097,-7.010027347310846,2.14578100875477,1100,colgate-palmolive-india,Mid Cap,Feb-2025
171635,7381,1,UPL Ltd.,Chemicals,Chemicals,Domestic Equities,15810.0,14845.0,6.500505220613001,1.0007,0.8963,11.64788575253821,2.10497309622674,1100,upl,Mid Cap,Feb-2025
141614,85778,1,AU Small Finance Bank Ltd.,Bank,Banking,Domestic Equities,17526.0,16458.0,6.489245351804593,0.9914,0.989,0.2426693629929169,2.08541054022104,1100,au-small-finance-bank,Mid Cap,Feb-2025
171327,5699,1,Marico Ltd.,FMCG,Fast Moving Consumer Goods,Domestic Equities,16483.0,15482.0,6.465572923394911,0.99,1.0383,-4.651834729846863,2.08246563931695,1100,marico,Mid Cap,Feb-2025
152455,7030,1,Yes Bank Ltd.,Bank,Banking,Domestic Equities,589018.0,553114.0,6.491247735548187,0.9866,1.0636,-7.239563745769089,2.07531373712132,1100,yes-bank,Mid Cap,Feb-2025
599,7495,1,Sundaram Finance Ltd.,Finance,Finance,Domestic Equities,2148.0,2019.0,6.389301634472511,0.9747,0.9322,4.559107487663592,2.0502820794366,1100,sundaram-finance,Mid Cap,Feb-2025
171659,5756,1,Ashok Leyland Ltd.,Automobile & Ancillaries,Automobile & Ancillaries,Domestic Equities,44753.0,42025.0,6.491374182034504,0.953,0.9112,4.5873573309920905,2.00463611542329,1100,ashok-leyland,Mid Cap,Feb-2025
152379,5838,1,Voltas Ltd.,Consumer Durables,Consumer Durables,Domestic Equities,7136.0,6702.0,6.475678901820352,0.942,0.845,11.479289940828409,1.98149760831977,1100,voltas,Mid Cap,Feb-2025
171465,6543,1,Aurobindo Pharma Ltd.,Healthcare,Healthcare,Domestic Equities,8738.0,8204.0,6.5090199902486585,0.9247,0.9614,-3.8173496983565656,1.94510704714786,1100,aurobindo-pharma,Mid Cap,Feb-2025
171946,6864,1,Godrej Properties Ltd.,Realty,Realty,Domestic Equities,4713.0,4427.0,6.46035690083578,0.9126,1.0312,-11.501163692785104,1.91965468933399,1100,godrej-properties,Mid Cap,Feb-2025
122,5767,1,The Phoenix Mills Ltd.,Realty,Realty,Domestic Equities,5825.0,5472.0,6.451023391812866,0.9018,0.8984000000000001,0.3784505788067713,1.89693688235962,1100,the-phoenix-mills,Mid Cap,Feb-2025
171365,5279,1,Hindustan Petroleum Corporation Ltd.,Crude Oil,Crude Oil,Domestic Equities,30013.0,28184.0,6.489497587283564,0.8815999999999999,1.0097,-12.68693671387541,1.85444616931497,1100,hindustan-petroleum-corporation,Mid Cap,Feb-2025
152369,6790,1,Bharat Forge Ltd.,Automobile & Ancillaries,Automobile & Ancillaries,Domestic Equities,8175.0,7680.0,6.4453125,0.831,0.9401,-11.605148388469324,1.74800903663877,1100,bharat-forge,Mid Cap,Feb-2025
587,7648,1,APL Apollo Tubes Ltd.,Iron & Steel,Iron & Steel,Domestic Equities,5654.0,5312.0,6.438253012048192,0.8136,0.8019,1.459034792368128,1.71140812540229,1100,apl-apollo-tubes,Mid Cap,Feb-2025
19255,6350,1,Mphasis Ltd.,IT,Information Technology,Domestic Equities,3537.0,3321.0,6.504065040650407,0.7948999999999999,0.9524,-16.53716925661487,1.67207266332631,1100,mphasis,Mid Cap,Feb-2025
77639,92991,1,SBI Cards And Payment Services Ltd.,Finance,Finance,Domestic Equities,9356.0,8786.0,6.487593899385385,0.7848,0.6837000000000001,14.787187362878454,1.65082730680398,1100,sbi-cards-and-payment-services,Mid Cap,Feb-2025
152551,7908,1,GMR Airports Ltd.,Infrastructure,Aviation,Domestic Equities,112038.0,105210.0,6.489877388080981,0.7783,0.7646,1.791786555061476,1.63715455260645,1100,gmr-airports,Mid Cap,Feb-2025
38931,15891,1,Alkem Laboratories Ltd.,Healthcare,Healthcare,Domestic Equities,1660.0,1559.0,6.478511866581142,0.7713,0.7893000000000001,-2.280501710376297,1.62243004808602,1100,alkem-laboratories,Mid Cap,Feb-2025
152118,7308,1,PI Industries Ltd.,Chemicals,Chemicals,Domestic Equities,2537.0,2382.0,6.5071368597816965,0.7646,0.8298000000000001,-7.857315015666437,1.60833659375933,1100,pi-industries,Mid Cap,Feb-2025
134131,90516,1,Polycab India Ltd.,Electricals,Electricals,Domestic Equities,1572.0,1476.0,6.504065040650407,0.7409,0.8912,-16.864901256732495,1.55848362845447,1100,polycab-india,Large Cap,Feb-2025
77293,6578,1,Muthoot Finance Ltd.,Finance,Finance,Domestic Equities,3348.0,3146.0,6.42085187539733,0.7141,0.7106,0.4925415142133328,1.50210981114771,1100,muthoot-finance,Mid Cap,Feb-2025
152238,8313,1,MRF Ltd.,Automobile & Ancillaries,Automobile & Ancillaries,Domestic Equities,65.0,60.0,8.333333333333332,0.6849,0.6818000000000001,0.4546787914344207,1.44068759229109,1100,mrf,Mid Cap,Feb-2025
19275,7232,1,NMDC Ltd.,Mining,Mining,Domestic Equities,107974.0,101394.0,6.489535869972582,0.6746,0.6701999999999999,0.6565204416592029,1.41902153563961,1100,nmdc,Mid Cap,Feb-2025
56674,5695,1,Supreme Industries Ltd.,Plastic Products,Plastic Products,Domestic Equities,2019.0,1896.0,6.487341772151899,0.6720999999999999,0.7525,-10.684385382059808,1.41376278402517,1100,supreme-industries,Mid Cap,Feb-2025
133642,6320,1,Petronet LNG Ltd.,Inds. Gases & Fuels,Industrials Gases & Fuels,Domestic Equities,23419.0,21991.0,6.4935655495429945,0.6635,0.6954,-4.587287891860816,1.39567267847151,1100,petronet-lng,Mid Cap,Feb-2025
152616,7532,1,Vodafone Idea Ltd.,Telecom,Telecom,Domestic Equities,811076.0,761647.0,6.489751814160629,0.6124,0.6893,-11.15624546641521,1.28818379547243,1100,vodafone-idea,Mid Cap,Feb-2025
123299,91366,1,KPIT Technologies Ltd.,IT,Information Technology,Domestic Equities,5092.0,4785.0,6.415882967607106,0.6097,0.6743000000000001,-9.580305502002089,1.28250434372883,1100,kpit-technologies,Mid Cap,Feb-2025
171698,8307,1,Oracle Financial Services Software Ltd.,IT,Information Technology,Domestic Equities,737.0,693.0,6.349206349206349,0.5722,0.6322,-9.490667510281558,1.20362306951228,1100,oracle-financial-services-software,Mid Cap,Feb-2025
153691,5278,1,Oberoi Realty Ltd.,Realty,Realty,Domestic Equities,3676.0,3453.0,6.458152331306111,0.5457,0.6259,-12.813548490174153,1.14788030239925,1100,oberoi-realty,Mid Cap,Feb-2025
75891,5355,1,Container Corporation Of India Ltd.,Logistics,Logistics,Domestic Equities,8609.0,8088.0,6.441641938674579,0.5368999999999999,0.6309,-14.899350134728174,1.12936949671644,1100,container-corporation-of-india,Mid Cap,Feb-2025
171434,4916,1,Astral Ltd.,Plastic Products,Plastic Products,Domestic Equities,3861.0,3626.0,6.4809707666850525,0.5163,0.5465,-5.52607502287282,1.08603738341348,1100,astral,Mid Cap,Feb-2025
171509,5522,1,Tata Communications Ltd.,Telecom,Telecom,Domestic Equities,3668.0,3445.0,6.473149492017416,0.4961,0.5626,-11.820120867401348,1.04354667036883,1100,tata-communications,Mid Cap,Feb-2025
133351,5368,1,Steel Authority Of India Ltd.,Iron & Steel,Iron & Steel,Domestic Equities,45161.0,42408.0,6.491699679305792,0.4743,0.4556,4.104477611940293,0.99769035629094,1100,steel-authority-of-india,Mid Cap,Feb-2025
152324,4941,1,ACC Ltd.,Construction Materials,Construction Materials,Domestic Equities,2127.0,1996.0,6.563126252505009,0.3868,0.4007,-3.468929373596208,0.813634049785653,1100,acc,Mid Cap,Feb-2025
79346,86555,1,Aditya Birla Capital Ltd.,Finance,Finance,Domestic Equities,22239.0,20883.0,6.493319925298089,0.3477,0.3746,-7.180993059263208,0.731387174535863,1100,aditya-birla-capital,Mid Cap,Feb-2025
1704,6920,1,L&T Finance Ltd.,Finance,Finance,Domestic Equities,25149.0,23620.0,6.473327688399662,0.3388,0.3436,-1.3969732246798512,0.712666018788468,1100,lt-finance,Mid Cap,Feb-2025
77009,96064,1,Max Healthcare Institute Ltd.,Healthcare,Healthcare,Domestic Equities,24127.0,23217.0,3.91954171512254,2.6466000000000003,2.2709,16.544101457571898,4.97848974900632,1100,max-healthcare-institute,Mid Cap,Mar-2025
76200,82667,1,BSE Ltd.,Finance,Finance,Domestic Equities,4407.0,,,2.4149000000000003,,,4.5426414625842,1100,bse,Mid Cap,Mar-2025
95548,5980,1,Persistent Systems Ltd.,IT,Information Technology,Domestic Equities,3457.0,3294.0,4.948391013964785,1.9061,1.7471,9.100795604144013,3.58554345597406,1100,persistent-systems,Mid Cap,Mar-2025
133657,7260,1,Coforge Ltd.,IT,Information Technology,Domestic Equities,2162.0,,,1.7532,,,3.29792497089015,1100,coforge,Mid Cap,Mar-2025
157113,99763,1,PB Fintech Ltd.,IT,Information Technology,Domestic Equities,10743.0,10332.0,3.977932636469222,1.7079,1.5122,12.94140986641978,3.21271164600918,1100,pb-fintech,Mid Cap,Mar-2025
57445,86554,1,Dixon Technologies (India) Ltd.,Consumer Durables,Consumer Durables,Domestic Equities,1252.0,1194.0,4.857621440536013,1.6501,1.6639,-0.8293767654306122,3.10398471050983,1100,dixon-technologies-india,Mid Cap,Mar-2025
152211,6247,1,Lupin Ltd.,Healthcare,Healthcare,Domestic Equities,7841.0,7539.0,4.005836317814033,1.5900999999999998,1.4359,10.738909394804644,2.99111937954165,1100,lupin,Mid Cap,Mar-2025
171685,5596,1,The Federal Bank Ltd.,Bank,Banking,Domestic Equities,79592.0,76552.0,3.9711568606959977,1.534,1.3597,12.819004192101206,2.88559029508641,1100,the-federal-bank,Mid Cap,Mar-2025
38803,5403,1,Indus Towers Ltd.,Telecom,Telecom,Domestic Equities,42905.0,38829.0,10.4973087125602,1.4343,1.2555,14.241338112305865,2.69804573679429,1100,indus-towers,Large Cap,Mar-2025
165,7447,1,SRF Ltd.,Chemicals,Chemicals,Domestic Equities,4711.0,4534.0,3.9038376709307454,1.3846,1.2674,9.247277891746894,2.60455562097565,1100,srf,Mid Cap,Mar-2025
171877,6125,1,Cummins India Ltd.,Automobile & Ancillaries,Automobile & Ancillaries,Domestic Equities,4392.0,4234.0,3.731695795937648,1.3403999999999998,1.1508,16.47549530761209,2.52141149382909,1100,cummins-india,Large Cap,Mar-2025
114530,88033,1,HDFC Asset Management Company Ltd.,Finance,Finance,Domestic Equities,3294.0,3165.0,4.075829383886256,1.3222,1.1484,15.134099616858231,2.48717567676874,1100,hdfc-asset-management-company,Mid Cap,Mar-2025
171365,5279,1,Hindustan Petroleum Corporation Ltd.,Crude Oil,Crude Oil,Domestic Equities,31184.0,30013.0,3.9016426215306703,1.1237,0.8815999999999999,27.46143375680582,2.11377954014902,1100,hindustan-petroleum-corporation,Mid Cap,Mar-2025
171327,5699,1,Marico Ltd.,FMCG,Fast Moving Consumer Goods,Domestic Equities,17133.0,16483.0,3.9434568949827096,1.1165,0.99,12.777777777777782,2.10023570043284,1100,marico,Mid Cap,Mar-2025
7737,15826,1,IDFC First Bank Ltd.,Bank,Banking,Domestic Equities,201265.0,193621.0,3.947918872436357,1.1062,1.1306,-2.1581461171059595,2.0808604852833,1100,idfc-first-bank,Mid Cap,Mar-2025
152379,5838,1,Voltas Ltd.,Consumer Durables,Consumer Durables,Domestic Equities,7390.0,7136.0,3.559417040358744,1.078,0.942,14.437367303609337,2.02781377972826,1100,voltas,Mid Cap,Mar-2025
171465,6543,1,Aurobindo Pharma Ltd.,Healthcare,Healthcare,Domestic Equities,9079.0,8738.0,3.9024948500801098,1.0536,0.9247,13.939656104682602,1.9819152118012,1100,aurobindo-pharma,Mid Cap,Mar-2025
171946,6864,1,Godrej Properties Ltd.,Realty,Realty,Domestic Equities,4896.0,4713.0,3.882877148313176,1.0427,0.9126,14.25597194827963,1.96141134334198,1100,godrej-properties,Mid Cap,Mar-2025
152455,7030,1,Yes Bank Ltd.,Bank,Banking,Domestic Equities,612065.0,589018.0,3.91278365007521,1.0332,0.9866,4.723292114332047,1.94354099927202,1100,yes-bank,Mid Cap,Mar-2025
171820,5969,1,Colgate-Palmolive (India) Ltd.,FMCG,Fast Moving Consumer Goods,Domestic Equities,4278.0,4139.0,3.3582991060642664,1.0224,1.0201,0.2254680913635817,1.92322523969775,1100,colgate-palmolive-india,Mid Cap,Mar-2025
152369,6790,1,Bharat Forge Ltd.,Automobile & Ancillaries,Automobile & Ancillaries,Domestic Equities,8657.0,8175.0,5.896024464831804,1.0121,0.831,21.793020457280385,1.90385002454821,1100,bharat-forge,Mid Cap,Mar-2025
122,5767,1,The Phoenix Mills Ltd.,Realty,Realty,Domestic Equities,6053.0,5825.0,3.9141630901287554,0.9947,0.9018,10.301618984253706,1.87111907856744,1100,the-phoenix-mills,Mid Cap,Mar-2025
141614,85778,1,AU Small Finance Bank Ltd.,Bank,Banking,Domestic Equities,18224.0,17526.0,3.982654342120279,0.9743,0.9914,-1.724833568690734,1.83274486603826,1100,au-small-finance-bank,Mid Cap,Mar-2025
101370,86936,1,Tube Investments of India Ltd.,Automobile & Ancillaries,Automobile & Ancillaries,Domestic Equities,3491.0,,,0.9668,,,1.81863669966724,1100,tube-investments-of-india,Mid Cap,Mar-2025
171659,5756,1,Ashok Leyland Ltd.,Automobile & Ancillaries,Automobile & Ancillaries,Domestic Equities,46434.0,44753.0,3.7561727705405215,0.9483,0.953,-0.4931794333683094,1.78383655595205,1100,ashok-leyland,Mid Cap,Mar-2025
19255,6350,1,Mphasis Ltd.,IT,Information Technology,Domestic Equities,3690.0,3537.0,4.325699745547073,0.9226,0.7948999999999999,16.064913825638456,1.73549257252068,1100,mphasis,Mid Cap,Mar-2025
152574,8059,1,Torrent Power Ltd.,Power,Power,Domestic Equities,6176.0,,,0.9183,,,1.72740389046796,1100,torrent-power,Mid Cap,Mar-2025
133342,5963,1,Bharat Heavy Electricals Ltd.,Capital Goods,Capital Goods,Domestic Equities,41725.0,,,0.9031,,,1.69881133995602,1100,bharat-heavy-electricals,Mid Cap,Mar-2025
152118,7308,1,PI Industries Ltd.,Chemicals,Chemicals,Domestic Equities,2630.0,2537.0,3.6657469452108793,0.9016,0.7646,17.917865550614707,1.69598970668182,1100,pi-industries,Mid Cap,Mar-2025
152551,7908,1,GMR Airports Ltd.,Infrastructure,Aviation,Domestic Equities,116424.0,112038.0,3.914743212124458,0.8817,0.7783,13.285365540280104,1.65855603857737,1100,gmr-airports,Mid Cap,Mar-2025
171321,7864,1,Page Industries Ltd.,Textile,Textile,Domestic Equities,205.0,,,0.8752,,,1.64632896105582,1100,page-industries,Mid Cap,Mar-2025
152795,99590,1,One97 Communications Ltd.,IT,Information Technology,Domestic Equities,11051.0,,,0.8658,,,1.6286467258708,1100,one97-communications,Mid Cap,Mar-2025
77639,92991,1,SBI Cards And Payment Services Ltd.,Finance,Finance,Domestic Equities,9723.0,9356.0,3.922616502778965,0.8567,0.7848,9.16156982670744,1.61152881734063,1100,sbi-cards-and-payment-services,Mid Cap,Mar-2025
153586,8183,1,NHPC Ltd.,Power,Power,Domestic Equities,102711.0,,,0.8443,,,1.58820331560721,1100,nhpc,Mid Cap,Mar-2025
134131,90516,1,Polycab India Ltd.,Electricals,Electricals,Domestic Equities,1637.0,1572.0,4.134860050890586,0.8427,0.7409,13.740045890133612,1.58519357344805,1100,polycab-india,Large Cap,Mar-2025
38931,15891,1,Alkem Laboratories Ltd.,Healthcare,Healthcare,Domestic Equities,1726.0,1660.0,3.975903614457831,0.8426,0.7713,9.24413328147285,1.58500546456311,1100,alkem-laboratories,Mid Cap,Mar-2025
77293,6578,1,Muthoot Finance Ltd.,Finance,Finance,Domestic Equities,3481.0,3348.0,3.972520908004779,0.8295,0.7141,16.16020165242964,1.56036320063506,1100,muthoot-finance,Mid Cap,Mar-2025
19275,7232,1,NMDC Ltd.,Mining,Mining,Domestic Equities,112199.0,107974.0,3.91297905051216,0.7729,0.6746,14.571597983990534,1.45389357175507,1100,nmdc,Mid Cap,Mar-2025
152238,8313,1,MRF Ltd.,Automobile & Ancillaries,Automobile & Ancillaries,Domestic Equities,66.0,65.0,1.5384615384615383,0.7437,0.6849,8.585194918966286,1.39896577735056,1100,mrf,Mid Cap,Mar-2025
56674,5695,1,Supreme Industries Ltd.,Plastic Products,Plastic Products,Domestic Equities,2099.0,2019.0,3.96235760277365,0.7192000000000001,0.6720999999999999,7.007885731289999,1.35287910053856,1100,supreme-industries,Mid Cap,Mar-2025
133642,6320,1,Petronet LNG Ltd.,Inds. Gases & Fuels,Industrials Gases & Fuels,Domestic Equities,24331.0,23419.0,3.894273880182757,0.7143999999999999,0.6635,7.671439336850043,1.3438498740611,1100,petronet-lng,Mid Cap,Mar-2025
114652,92620,1,Indian Railway Catering And Tourism Corporation Ltd.,Hospitality,Hospitality,Domestic Equities,9793.0,,,0.7123999999999999,,,1.34008769636216,1100,indian-railway-catering-and-tourism-corporation,Mid Cap,Mar-2025
677,6026,1,Oil India Ltd.,Crude Oil,Crude Oil,Domestic Equities,17705.0,,,0.6847,,,1.28798153523185,1100,oil-india,Mid Cap,Mar-2025
153260,8051,1,Prestige Estates Projects Ltd.,Realty,Realty,Domestic Equities,5476.0,,,0.6486,,,1.220074227766,1100,prestige-estates-projects,Mid Cap,Mar-2025
153691,5278,1,Oberoi Realty Ltd.,Realty,Realty,Domestic Equities,3821.0,3676.0,3.944504896626768,0.6257,0.5457,14.66006963533077,1.17699729311315,1100,oberoi-realty,Mid Cap,Mar-2025
75891,5355,1,Container Corporation Of India Ltd.,Logistics,Logistics,Domestic Equities,8949.0,8609.0,3.949355325821814,0.6189,0.5368999999999999,15.272862730489855,1.16420588893675,1100,container-corporation-of-india,Mid Cap,Mar-2025
171698,8307,1,Oracle Financial Services Software Ltd.,IT,Information Technology,Domestic Equities,768.0,737.0,4.2062415196743554,0.6029,0.5722,5.365256903180707,1.13410846734524,1100,oracle-financial-services-software,Mid Cap,Mar-2025
152616,7532,1,Vodafone Idea Ltd.,Telecom,Telecom,Domestic Equities,842209.0,811076.0,3.838481227406556,0.5727,0.6124,-6.482691051600259,1.07729958409126,1100,vodafone-idea,Mid Cap,Mar-2025
133351,5368,1,Steel Authority Of India Ltd.,Iron & Steel,Iron & Steel,Domestic Equities,46929.0,45161.0,3.914882309957707,0.5405,0.4743,13.957410921357786,1.01672852313833,1100,steel-authority-of-india,Mid Cap,Mar-2025
171434,4916,1,Astral Ltd.,Plastic Products,Plastic Products,Domestic Equities,4000.0,3861.0,3.6001036001036,0.5177,0.5163,0.2711601781909753,0.973839697370426,1100,astral,Mid Cap,Mar-2025
76200,82667,1,BSE Ltd.,Finance,Finance,Domestic Equities,4875.0,4407.0,10.619469026548671,3.1,2.4149000000000003,28.36970474967907,5.00800473014124,1100,bse,Mid Cap,Apr-2025
77009,96064,1,Max Healthcare Institute Ltd.,Healthcare,Healthcare,Domestic Equities,26702.0,24127.0,10.672690346914246,2.9324,2.6466000000000003,10.798760674072389,4.73724937763425,1100,max-healthcare-institute,Mid Cap,Apr-2025
57445,86554,1,Dixon Technologies (India) Ltd.,Consumer Durables,Consumer Durables,Domestic Equities,1386.0,1252.0,10.702875399361025,2.2802,1.6501,38.18556451124175,3.68362980182841,1100,dixon-technologies-india,Mid Cap,Apr-2025
95548,5980,1,Persistent Systems Ltd.,IT,Information Technology,Domestic Equities,3829.0,3457.0,10.760775238646223,2.0376,1.9061,6.898903520276993,3.29171304455993,1100,persistent-systems,Mid Cap,Apr-2025
38803,5403,1,Indus Towers Ltd.,Telecom,Telecom,Domestic Equities,47481.0,42905.0,10.665423610301833,1.9382,1.4343,35.132120198005985,3.13113379611605,1100,indus-towers,Large Cap,Apr-2025
157113,99763,1,PB Fintech Ltd.,IT,Information Technology,Domestic Equities,11888.0,10743.0,10.658102950758634,1.9322,1.7079,13.1330874172961,3.12144088373513,1100,pb-fintech,Mid Cap,Apr-2025
152211,6247,1,Lupin Ltd.,Healthcare,Healthcare,Domestic Equities,8679.0,7841.0,10.68741231985716,1.8188,1.5900999999999998,14.382743223696624,2.93824483973577,1100,lupin,Mid Cap,Apr-2025
133657,7260,1,Coforge Ltd.,IT,Information Technology,Domestic Equities,2394.0,2162.0,10.730804810360777,1.7488,1.7532,-0.250969655487108,2.82516086195839,1100,coforge,Mid Cap,Apr-2025
171685,5596,1,The Federal Bank Ltd.,Bank,Banking,Domestic Equities,88080.0,79592.0,10.664388380741784,1.7324000000000002,1.534,12.933507170795307,2.79866690145054,1100,the-federal-bank,Mid Cap,Apr-2025
114530,88033,1,HDFC Asset Management Company Ltd.,Finance,Finance,Domestic Equities,3644.0,3294.0,10.625379477838496,1.594,1.3222,20.556648010890942,2.57508372253069,1100,hdfc-asset-management-company,Mid Cap,Apr-2025
165,7447,1,SRF Ltd.,Chemicals,Chemicals,Domestic Equities,5212.0,4711.0,10.634684780301422,1.5682,1.3846,13.260147334970377,2.53340419929274,1100,srf,Mid Cap,Apr-2025
7737,15826,1,IDFC First Bank Ltd.,Bank,Banking,Domestic Equities,222729.0,201265.0,10.66454674185775,1.4453,1.1062,30.65449285843428,2.33486104402359,1100,idfc-first-bank,Mid Cap,Apr-2025
171877,6125,1,Cummins India Ltd.,Automobile & Ancillaries,Automobile & Ancillaries,Domestic Equities,4862.0,4392.0,10.701275045537342,1.4077000000000002,1.3403999999999998,5.020889286780079,2.27411879310317,1100,cummins-india,Large Cap,Apr-2025
141614,85778,1,AU Small Finance Bank Ltd.,Bank,Banking,Domestic Equities,20167.0,18224.0,10.661764705882351,1.3685,0.9743,40.45981730473159,2.21079176554784,1100,au-small-finance-bank,Mid Cap,Apr-2025
171327,5699,1,Marico Ltd.,FMCG,Fast Moving Consumer Goods,Domestic Equities,18961.0,17133.0,10.669468277592948,1.3471000000000002,1.1165,20.653828929691,2.17622037805589,1100,marico,Mid Cap,Apr-2025
171365,5279,1,Hindustan Petroleum Corporation Ltd.,Crude Oil,Crude Oil,Domestic Equities,34509.0,31184.0,10.662519240636223,1.3069,1.1237,16.303283794607097,2.11127786510374,1100,hindustan-petroleum-corporation,Mid Cap,Apr-2025
171465,6543,1,Aurobindo Pharma Ltd.,Healthcare,Healthcare,Domestic Equities,10047.0,9079.0,10.661967177001872,1.2349,1.0536,17.20766894457099,1.99496291653272,1100,aurobindo-pharma,Mid Cap,Apr-2025
171820,5969,1,Colgate-Palmolive (India) Ltd.,FMCG,Fast Moving Consumer Goods,Domestic Equities,4733.0,4278.0,10.635811126694716,1.2246,1.0224,19.77699530516432,1.97832341694547,1100,colgate-palmolive-india,Mid Cap,Apr-2025
152455,7030,1,Yes Bank Ltd.,Bank,Banking,Domestic Equities,677339.0,612065.0,10.664553601333193,1.2002,1.0332,16.163375919473484,1.93890557326307,1100,yes-bank,Mid Cap,Apr-2025
171946,6864,1,Godrej Properties Ltd.,Realty,Realty,Domestic Equities,5418.0,4896.0,10.661764705882351,1.1711,1.0427,12.314184329145492,1.89189494821562,1100,godrej-properties,Mid Cap,Apr-2025
171659,5756,1,Ashok Leyland Ltd.,Automobile & Ancillaries,Automobile & Ancillaries,Domestic Equities,51387.0,46434.0,10.666752810440626,1.1578,0.9483,22.09216492671096,1.87040899243791,1100,ashok-leyland,Mid Cap,Apr-2025
152551,7908,1,GMR Airports Ltd.,Infrastructure,Aviation,Domestic Equities,128838.0,116424.0,10.662749948464237,1.1233,0.8817,27.40161052512192,1.81467474624763,1100,gmr-airports,Mid Cap,Apr-2025
101370,86936,1,Tube Investments of India Ltd.,Automobile & Ancillaries,Automobile & Ancillaries,Domestic Equities,3865.0,3491.0,10.71326267545116,1.1203,0.9668,15.877120397186587,1.80982829005717,1100,tube-investments-of-india,Mid Cap,Apr-2025
122,5767,1,The Phoenix Mills Ltd.,Realty,Realty,Domestic Equities,6698.0,6053.0,10.655873120766564,1.1149,0.9947,12.084045440836428,1.80110466891435,1100,the-phoenix-mills,Mid Cap,Apr-2025
152118,7308,1,PI Industries Ltd.,Chemicals,Chemicals,Domestic Equities,2914.0,2630.0,10.79847908745247,1.0608,0.9016,17.65749778172139,1.7137069089464,1100,pi-industries,Mid Cap,Apr-2025
152369,6790,1,Bharat Forge Ltd.,Automobile & Ancillaries,Automobile & Ancillaries,Domestic Equities,9582.0,8657.0,10.68499480189442,1.058,1.0121,4.5351249876494455,1.7091835498353,1100,bharat-forge,Mid Cap,Apr-2025
152795,99590,1,One97 Communications Ltd.,IT,Information Technology,Domestic Equities,12229.0,11051.0,10.659668808252649,1.0575,0.8658,22.14137214137214,1.70837580713689,1100,one97-communications,Mid Cap,Apr-2025
152574,8059,1,Torrent Power Ltd.,Power,Power,Domestic Equities,6836.0,6176.0,10.686528497409329,1.0521,0.9183,14.570401829467489,1.69965218599406,1100,torrent-power,Mid Cap,Apr-2025
133342,5963,1,Bharat Heavy Electricals Ltd.,Capital Goods,Capital Goods,Domestic Equities,46176.0,41725.0,10.667465548232476,1.0475,0.9031,15.989369947957034,1.69222095316869,1100,bharat-heavy-electricals,Mid Cap,Apr-2025
171321,7864,1,Page Industries Ltd.,Textile,Textile,Domestic Equities,227.0,205.0,10.731707317073171,1.0355,0.8752,18.315813528336385,1.67283512840686,1100,page-industries,Mid Cap,Apr-2025
152379,5838,1,Voltas Ltd.,Consumer Durables,Consumer Durables,Domestic Equities,8178.0,7390.0,10.663058186738835,1.0109,1.078,-6.224489795918362,1.63309418764509,1100,voltas,Mid Cap,Apr-2025
19255,6350,1,Mphasis Ltd.,IT,Information Technology,Domestic Equities,4083.0,3690.0,10.65040650406504,1.0081,0.9226,9.267288098851068,1.628570828534,1100,mphasis,Mid Cap,Apr-2025
134131,90516,1,Polycab India Ltd.,Electricals,Electricals,Domestic Equities,1813.0,1637.0,10.751374465485643,1.0008,0.8427,18.76112495550018,1.61677778513721,1100,polycab-india,Large Cap,Apr-2025
152238,8313,1,MRF Ltd.,Automobile & Ancillaries,Automobile & Ancillaries,Domestic Equities,74.0,66.0,12.12121212121212,0.9953,0.7437,33.83084577114428,1.6078926154547,1100,mrf,Mid Cap,Apr-2025
38931,15891,1,Alkem Laboratories Ltd.,Healthcare,Healthcare,Domestic Equities,1911.0,1726.0,10.718424101969871,0.9777,0.8426,16.03370519819605,1.57946007247067,1100,alkem-laboratories,Mid Cap,Apr-2025
153586,8183,1,NHPC Ltd.,Power,Power,Domestic Equities,113663.0,102711.0,10.662928021341433,0.9751,0.8443,15.492123652730069,1.57525981043894,1100,nhpc,Mid Cap,Apr-2025
77639,92991,1,SBI Cards And Payment Services Ltd.,Finance,Finance,Domestic Equities,10760.0,9723.0,10.66543247968734,0.9399,0.8567,9.71168437025796,1.51839472447089,1100,sbi-cards-and-payment-services,Mid Cap,Apr-2025
133642,6320,1,Petronet LNG Ltd.,Inds. Gases & Fuels,Industrials Gases & Fuels,Domestic Equities,26925.0,24331.0,10.661296288685216,0.8448,0.7143999999999999,18.253079507278844,1.36476206323333,1100,petronet-lng,Mid Cap,Apr-2025
77293,6578,1,Muthoot Finance Ltd.,Finance,Finance,Domestic Equities,3853.0,3481.0,10.686584314852055,0.8361,0.8295,0.7956600361663612,1.350707340281,1100,muthoot-finance,Mid Cap,Apr-2025
153260,8051,1,Prestige Estates Projects Ltd.,Realty,Realty,Domestic Equities,6061.0,5476.0,10.682980277574872,0.8334,0.6486,28.49213691026828,1.34634552970958,1100,prestige-estates-projects,Mid Cap,Apr-2025
56674,5695,1,Supreme Industries Ltd.,Plastic Products,Plastic Products,Domestic Equities,2324.0,2099.0,10.719390185802762,0.8225,0.7192000000000001,14.36318131256952,1.32873673888425,1100,supreme-industries,Mid Cap,Apr-2025
114652,92620,1,Indian Railway Catering And Tourism Corporation Ltd.,Hospitality,Hospitality,Domestic Equities,10839.0,9793.0,10.681098744000815,0.8146,0.7123999999999999,14.345873104997192,1.31597440424937,1100,indian-railway-catering-and-tourism-corporation,Mid Cap,Apr-2025
677,6026,1,Oil India Ltd.,Crude Oil,Crude Oil,Domestic Equities,19593.0,17705.0,10.663654334933636,0.8048000000000001,0.6847,17.540528698700168,1.30014264736054,1100,oil-india,Mid Cap,Apr-2025
19275,7232,1,NMDC Ltd.,Mining,Mining,Domestic Equities,124163.0,112199.0,10.663196641681298,0.8045,0.7729,4.088497865183072,1.29965800174149,1100,nmdc,Mid Cap,Apr-2025
171698,8307,1,Oracle Financial Services Software Ltd.,IT,Information Technology,Domestic Equities,849.0,768.0,10.546875,0.7404999999999999,0.6029,22.82302206004312,1.19626693634503,1100,oracle-financial-services-software,Mid Cap,Apr-2025
152616,7532,1,Vodafone Idea Ltd.,Telecom,Telecom,Domestic Equities,990826.0,842209.0,17.646094971675677,0.7055,0.5727,23.18840579710144,1.13972494745634,1100,vodafone-idea,Mid Cap,Apr-2025
153691,5278,1,Oberoi Realty Ltd.,Realty,Realty,Domestic Equities,4226.0,3821.0,10.59931954985606,0.6937000000000001,0.6257,10.86782803260349,1.12066221977386,1100,oberoi-realty,Mid Cap,Apr-2025
75891,5355,1,Container Corporation Of India Ltd.,Logistics,Logistics,Domestic Equities,9903.0,8949.0,10.660408984244048,0.6672,0.6189,7.804168686379056,1.07785185675814,1100,container-corporation-of-india,Mid Cap,Apr-2025
171434,4916,1,Astral Ltd.,Plastic Products,Plastic Products,Domestic Equities,4427.0,4000.0,10.675,0.5954999999999999,0.5177,15.028008499130758,0.962021553806164,1100,astral,Mid Cap,Apr-2025
133351,5368,1,Steel Authority Of India Ltd.,Iron & Steel,Iron & Steel,Domestic Equities,51933.0,46929.0,10.6629163203989,0.5905,0.5405,9.250693802035151,0.953944126822066,1100,steel-authority-of-india,Mid Cap,Apr-2025
76200,82667,1,BSE Ltd.,Finance,Finance,Domestic Equities,15402.0,4875.0,215.93846153846155,4.1185,3.1,32.85483870967742,6.04471489229297,1100,bse,Mid Cap,May-2025
77009,96064,1,Max Healthcare Institute Ltd.,Healthcare,Healthcare,Domestic Equities,28124.0,26702.0,5.325443786982249,3.1645,2.9324,7.915018414950205,4.64453084294309,1100,max-healthcare-institute,Mid Cap,May-2025
95548,5980,1,Persistent Systems Ltd.,IT,Information Technology,Domestic Equities,4030.0,3829.0,5.249412379211282,2.2721,2.0376,11.508637612877903,3.33475700055332,1100,persistent-systems,Mid Cap,May-2025
157113,99763,1,PB Fintech Ltd.,IT,Information Technology,Domestic Equities,12519.0,11888.0,5.307873485868102,2.2053,1.9322,14.134147603767728,3.23671476313553,1100,pb-fintech,Mid Cap,May-2025
133657,7260,1,Coforge Ltd.,IT,Information Technology,Domestic Equities,2521.0,2394.0,5.304928989139516,2.1556,1.7488,23.26166514181153,3.16377016433816,1100,coforge,Mid Cap,May-2025
57445,86554,1,Dixon Technologies (India) Ltd.,Consumer Durables,Consumer Durables,Domestic Equities,1458.0,1386.0,5.194805194805195,2.1421,2.2802,-6.056486273133936,3.14395623911151,1100,dixon-technologies-india,Mid Cap,May-2025
38803,5403,1,Indus Towers Ltd.,Telecom,Telecom,Domestic Equities,50011.0,47481.0,5.32844716834102,1.9212,1.9382,-0.877102466205752,2.81974171447693,1100,indus-towers,Large Cap,May-2025
171685,5596,1,The Federal Bank Ltd.,Bank,Banking,Domestic Equities,92769.0,88080.0,5.323569482288828,1.8745,1.7324000000000002,8.20249365042714,2.75120021017438,1100,the-federal-bank,Mid Cap,May-2025
114530,88033,1,HDFC Asset Management Company Ltd.,Finance,Finance,Domestic Equities,3838.0,3644.0,5.323819978046103,1.8357,1.594,15.163111668757834,2.69425352137482,1100,hdfc-asset-management-company,Mid Cap,May-2025
152211,6247,1,Lupin Ltd.,Healthcare,Healthcare,Domestic Equities,9142.0,8679.0,5.334715981103813,1.7897,1.8188,-1.5999560149549137,2.62673940578772,1100,lupin,Mid Cap,May-2025
171877,6125,1,Cummins India Ltd.,Automobile & Ancillaries,Automobile & Ancillaries,Domestic Equities,5121.0,4862.0,5.32702591526121,1.6736000000000002,1.4077000000000002,18.88896781984798,2.45633964883854,1100,cummins-india,Large Cap,May-2025
7737,15826,1,IDFC First Bank Ltd.,Bank,Banking,Domestic Equities,234591.0,222729.0,5.325754616596851,1.5944999999999998,1.4453,10.323116308032926,2.34024472399202,1100,idfc-first-bank,Mid Cap,May-2025
165,7447,1,SRF Ltd.,Chemicals,Chemicals,Domestic Equities,5490.0,5212.0,5.333844973138911,1.5707,1.5682,0.1594184415253156,2.30531350766652,1100,srf,Mid Cap,May-2025
152455,7030,1,Yes Bank Ltd.,Bank,Banking,Domestic Equities,713441.0,677339.0,5.3299750937123065,1.5325,1.2002,27.687052157973675,2.24924743776593,1100,yes-bank,Mid Cap,May-2025
171365,5279,1,Hindustan Petroleum Corporation Ltd.,Crude Oil,Crude Oil,Domestic Equities,36345.0,34509.0,5.320351212727115,1.494,1.3069,14.31632106511593,2.19274105841585,1100,hindustan-petroleum-corporation,Mid Cap,May-2025
141614,85778,1,AU Small Finance Bank Ltd.,Bank,Banking,Domestic Equities,21241.0,20167.0,5.32553180939158,1.4721000000000002,1.3685,7.570332480818425,2.16059846860373,1100,au-small-finance-bank,Mid Cap,May-2025
171327,5699,1,Marico Ltd.,FMCG,Fast Moving Consumer Goods,Domestic Equities,19969.0,18961.0,5.316175307209536,1.4307,1.3471000000000002,6.205923836389269,2.09983576457534,1100,marico,Mid Cap,May-2025
171946,6864,1,Godrej Properties Ltd.,Realty,Realty,Domestic Equities,5707.0,5418.0,5.334071613141381,1.2805000000000002,1.1711,9.341644607633858,1.87938750020181,1100,godrej-properties,Mid Cap,May-2025
171659,5756,1,Ashok Leyland Ltd.,Automobile & Ancillaries,Automobile & Ancillaries,Domestic Equities,54122.0,51387.0,5.322357794772997,1.2774,1.1578,10.329936085679732,1.8748376358905,1100,ashok-leyland,Mid Cap,May-2025
133342,5963,1,Bharat Heavy Electricals Ltd.,Capital Goods,Capital Goods,Domestic Equities,48637.0,46176.0,5.329608454608454,1.2637,1.0475,20.639618138424822,1.85473017103087,1100,bharat-heavy-electricals,Mid Cap,May-2025
152369,6790,1,Bharat Forge Ltd.,Automobile & Ancillaries,Automobile & Ancillaries,Domestic Equities,10092.0,9582.0,5.322479649342517,1.2523,1.058,18.364839319470708,1.83799841195059,1100,bharat-forge,Mid Cap,May-2025
101370,86936,1,Tube Investments of India Ltd.,Automobile & Ancillaries,Automobile & Ancillaries,Domestic Equities,4068.0,3865.0,5.252263906856404,1.2457,1.1203,11.193430331161288,1.828311604062,1100,tube-investments-of-india,Mid Cap,May-2025
171820,5969,1,Colgate-Palmolive (India) Ltd.,FMCG,Fast Moving Consumer Goods,Domestic Equities,4984.0,4733.0,5.303190365518699,1.224,1.2246,-0.0489955903968545,1.79646255388287,1100,colgate-palmolive-india,Mid Cap,May-2025
171465,6543,1,Aurobindo Pharma Ltd.,Healthcare,Healthcare,Domestic Equities,10581.0,10047.0,5.31501940877874,1.2145,1.2349,-1.6519556239371544,1.78251942131597,1100,aurobindo-pharma,Mid Cap,May-2025
152118,7308,1,PI Industries Ltd.,Chemicals,Chemicals,Domestic Equities,3068.0,2914.0,5.284831846259437,1.1731,1.0608,10.586349924585225,1.72175671728758,1100,pi-industries,Mid Cap,May-2025
152795,99590,1,One97 Communications Ltd.,IT,Information Technology,Domestic Equities,12880.0,12229.0,5.323411562678878,1.1469,1.0575,8.453900709219855,1.68330302536623,1100,one97-communications,Mid Cap,May-2025
134131,90516,1,Polycab India Ltd.,Electricals,Electricals,Domestic Equities,1905.0,1813.0,5.07446221731936,1.1413,1.0008,14.038768984812148,1.67508391564258,1100,polycab-india,Large Cap,May-2025
152551,7908,1,GMR Airports Ltd.,Infrastructure,Aviation,Domestic Equities,135699.0,128838.0,5.325292227448424,1.141,1.1233,1.575714412890587,1.6746436061931,1100,gmr-airports,Mid Cap,May-2025
152238,8313,1,MRF Ltd.,Automobile & Ancillaries,Automobile & Ancillaries,Domestic Equities,80.0,74.0,8.108108108108109,1.1109,0.9953,11.614588566261432,1.6304658914285,1100,mrf,Mid Cap,May-2025
19255,6350,1,Mphasis Ltd.,IT,Information Technology,Domestic Equities,4302.0,4083.0,5.363703159441587,1.1008,1.0081,9.195516317825607,1.61564213996263,1100,mphasis,Mid Cap,May-2025
152379,5838,1,Voltas Ltd.,Consumer Durables,Consumer Durables,Domestic Equities,8613.0,8178.0,5.319148936170213,1.0876,1.0109,7.58729844692848,1.59626852418546,1100,voltas,Mid Cap,May-2025
122,5767,1,The Phoenix Mills Ltd.,Realty,Realty,Domestic Equities,7053.0,6698.0,5.3000895789788,1.0841,1.1149,-2.762579603551887,1.59113158060818,1100,the-phoenix-mills,Mid Cap,May-2025
171321,7864,1,Page Industries Ltd.,Textile,Textile,Domestic Equities,233.0,227.0,2.643171806167401,1.0807,1.0355,4.365041042974404,1.5861414068474,1100,page-industries,Mid Cap,May-2025
153586,8183,1,NHPC Ltd.,Power,Power,Domestic Equities,119720.0,113663.0,5.32891090328427,1.0465,0.9751,7.322325915290739,1.53594612960655,1100,nhpc,Mid Cap,May-2025
77639,92991,1,SBI Cards And Payment Services Ltd.,Finance,Finance,Domestic Equities,11333.0,10760.0,5.325278810408922,1.0438,0.9399,11.054367485902755,1.53198334456122,1100,sbi-cards-and-payment-services,Mid Cap,May-2025
38931,15891,1,Alkem Laboratories Ltd.,Healthcare,Healthcare,Domestic Equities,2009.0,1911.0,5.128205128205128,1.0243,0.9777,4.766288227472651,1.50336323034495,1100,alkem-laboratories,Mid Cap,May-2025
56674,5695,1,Supreme Industries Ltd.,Plastic Products,Plastic Products,Domestic Equities,2446.0,2324.0,5.249569707401033,1.0142,0.8225,23.30699088145897,1.48853947887909,1100,supreme-industries,Mid Cap,May-2025
152574,8059,1,Torrent Power Ltd.,Power,Power,Domestic Equities,7200.0,6836.0,5.324751316559392,0.9893,1.0521,-5.969014352247873,1.45199379457216,1100,torrent-power,Mid Cap,May-2025
153260,8051,1,Prestige Estates Projects Ltd.,Realty,Realty,Domestic Equities,6382.0,6061.0,5.296155749876258,0.936,0.8334,12.311015118790486,1.37376548238102,1100,prestige-estates-projects,Mid Cap,May-2025
19275,7232,1,NMDC Ltd.,Mining,Mining,Domestic Equities,130778.0,124163.0,5.3276741058125205,0.9307,0.8045,15.686761963952751,1.36598668210685,1100,nmdc,Mid Cap,May-2025
77293,6578,1,Muthoot Finance Ltd.,Finance,Finance,Domestic Equities,4055.0,3853.0,5.242668050869452,0.8983,0.8361,7.439301518957062,1.31843326156289,1100,muthoot-finance,Mid Cap,May-2025
677,6026,1,Oil India Ltd.,Crude Oil,Crude Oil,Domestic Equities,20638.0,19593.0,5.333537487878324,0.8808,0.8048000000000001,9.44333996023856,1.2927485436765,1100,oil-india,Mid Cap,May-2025
133642,6320,1,Petronet LNG Ltd.,Inds. Gases & Fuels,Industrials Gases & Fuels,Domestic Equities,28358.0,26925.0,5.322191272051997,0.8714,0.8448,3.148674242424238,1.27895218092609,1100,petronet-lng,Mid Cap,May-2025
114652,92620,1,Indian Railway Catering And Tourism Corporation Ltd.,Hospitality,Hospitality,Domestic Equities,11419.0,10839.0,5.351047144570533,0.8633,0.8146,5.978394303952866,1.2670638257901,1100,indian-railway-catering-and-tourism-corporation,Mid Cap,May-2025
75891,5355,1,Container Corporation Of India Ltd.,Logistics,Logistics,Domestic Equities,10428.0,9903.0,5.301423810966374,0.818,0.6672,22.60191846522781,1.20057709891845,1100,container-corporation-of-india,Mid Cap,May-2025
153691,5278,1,Oberoi Realty Ltd.,Realty,Realty,Domestic Equities,4449.0,4226.0,5.276857548509229,0.7768999999999999,0.6937000000000001,11.993657200518944,1.14025470433954,1100,oberoi-realty,Mid Cap,May-2025
171698,8307,1,Oracle Financial Services Software Ltd.,IT,Information Technology,Domestic Equities,894.0,849.0,5.30035335689046,0.7565000000000001,0.7404999999999999,2.160702228224185,1.11031366177483,1100,oracle-financial-services-software,Mid Cap,May-2025
152616,7532,1,Vodafone Idea Ltd.,Telecom,Telecom,Domestic Equities,1043652.0,990826.0,5.3315112845242245,0.7222,0.7055,2.3671155209071606,1.05997161471749,1100,vodafone-idea,Mid Cap,May-2025
133351,5368,1,Steel Authority Of India Ltd.,Iron & Steel,Iron & Steel,Domestic Equities,54702.0,51933.0,5.331869909306222,0.7066,0.5905,19.66130397967824,1.03707552334447,1100,steel-authority-of-india,Mid Cap,May-2025
171434,4916,1,Astral Ltd.,Plastic Products,Plastic Products,Domestic Equities,4662.0,4427.0,5.308335215721708,0.6984,0.5954999999999999,17.279596977329987,1.02504039839199,1100,astral,Mid Cap,May-2025
