CompanyID,SecurityID,MfSchemeAssetAllocationID,Name,SectorName,EquitySectorName,Type,NoOfShare,PrevNoOfShare,SharesZG,MarketValue,PrevMarketValue,MarketValueZG,HoldingPercentage,Priority,SecuritySlug,McapCategory,Month
152795,99590,1,One97 Communications Ltd.,IT,Information Technology,Domestic Equities,445203.0,445203.0,0.0,59.7908,50.8199,17.652336978230974,3.06404940868584,1100,one97-communications,Mid Cap,Jul-2026
57445,86554,1,Dixon Technologies (India) Ltd.,Consumer Durables,Consumer Durables,Domestic Equities,40846.0,37106.0,10.079232469142458,57.384499999999996,44.2304,29.73995261177832,2.94073575353955,1100,dixon-technologies-india,Mid Cap,Jul-2026
152636,5140,1,Fortis Healthcare Ltd.,Healthcare,Healthcare,Domestic Equities,599062.0,457662.0,30.896163544275034,56.6114,43.79600000000001,29.261576399671203,2.90111734070923,1100,fortis-healthcare,Mid Cap,Jul-2026
797,86851,1,Nippon Life India Asset Management Ltd.,Finance,Finance,Domestic Equities,466958.0,376558.0,24.006925891894475,54.2325,43.756,23.94300210256878,2.77920783057853,1100,nippon-life-india-asset-management,Mid Cap,Jul-2026
133445,6416,1,Apar Industries Ltd.,Capital Goods,Capital Goods,Domestic Equities,37156.0,29836.0,24.534119855208473,53.311400000000006,46.827600000000004,13.846107850925524,2.7320049848173,1100,apar-industries,Mid Cap,Jul-2026
79346,86555,1,Aditya Birla Capital Ltd.,Finance,Finance,Domestic Equities,1316733.0,1086333.0,21.20896631143489,53.2355,42.5788,25.028183039446862,2.72811540063178,1100,aditya-birla-capital,Mid Cap,Jul-2026
122,5767,1,The Phoenix Mills Ltd.,Realty,Realty,Domestic Equities,277146.0,249646.0,11.015598086891037,52.4721,48.646,7.865189326974462,2.68899407563545,1100,the-phoenix-mills,Mid Cap,Jul-2026
56695,5727,1,Piramal Finance Ltd.,Finance,Finance,Domestic Equities,251574.0,191074.0,31.663125281304627,51.711000000000006,41.3503,25.055924624488835,2.64999061682656,1100,piramal-finance,Mid Cap,Jul-2026
171327,5699,1,Marico Ltd.,FMCG,Fast Moving Consumer Goods,Domestic Equities,551920.0,449670.0,22.738897413658908,48.0529,37.603699999999996,27.78769110486468,2.46252700801193,1100,marico,Mid Cap,Jul-2026
171321,7864,1,Page Industries Ltd.,Textile,Textile,Domestic Equities,11648.0,7128.0,63.41189674523008,47.028800000000004,29.4885,59.481831900571414,2.41004580690013,1100,page-industries,Mid Cap,Jul-2026
135555,92715,1,360 One Wam Ltd.,Finance,Finance,Domestic Equities,414087.0,285774.0,44.900165865334145,47.0113,30.7093,53.084896106391234,2.40914899895222,1100,360-one-wam,Mid Cap,Jul-2026
19098,6973,1,Schaeffler India Ltd.,Automobile & Ancillaries,Automobile & Ancillaries,Domestic Equities,115138.0,95638.0,20.389384972500473,46.9671,40.0695,17.21409051772546,2.40688391830664,1100,schaeffler-india,Mid Cap,Jul-2026
152551,7908,1,GMR Airports Ltd.,Infrastructure,Aviation,Domestic Equities,4390576.0,4049076.0,8.434022972154635,46.2152,45.3861,1.8267707513974711,2.3683519242475,1100,gmr-airports,Mid Cap,Jul-2026
171485,6291,1,Motilal Oswal Financial Services Ltd.,Finance,Finance,Domestic Equities,492078.0,412078.0,19.413800299943215,41.9226,39.201,6.942680033672619,2.14837262155002,1100,motilal-oswal-financial-services,Mid Cap,Jul-2026
1427,98308,1,Sona BLW Precision Forgings Ltd.,Automobile & Ancillaries,Automobile & Ancillaries,Domestic Equities,517000.0,,,39.778,,,2.03847008868764,1100,sona-blw-precision-forgings,Mid Cap,Jul-2026
171840,6541,1,UNO Minda Ltd.,Automobile & Ancillaries,Automobile & Ancillaries,Domestic Equities,336317.0,282417.0,19.08525336647581,39.7022,30.7213,29.233463427654417,2.03458562911897,1100,uno-minda,Mid Cap,Jul-2026
152386,5556,1,Glaxosmithkline Pharmaceuticals Ltd.,Healthcare,Healthcare,Domestic Equities,147714.0,97689.0,51.208426742007795,39.224000000000004,23.936700000000002,63.86552866518777,2.01007971136518,1100,glaxosmithkline-pharmaceuticals,Mid Cap,Jul-2026
599,7495,1,Sundaram Finance Ltd.,Finance,Finance,Domestic Equities,82841.0,59213.0,39.90339959130596,38.6503,26.6855,44.836334338873165,1.98067978452421,1100,sundaram-finance,Mid Cap,Jul-2026
7737,15826,1,IDFC First Bank Ltd.,Bank,Banking,Domestic Equities,4371665.0,4371665.0,0.0,37.0193,34.7504,6.529133477600254,1.89709728377883,1100,idfc-first-bank,Mid Cap,Jul-2026
63978,98925,1,CarTrade Tech Ltd.,Automobile & Ancillaries,Information Technology,Domestic Equities,131996.0,131996.0,0.0,35.897600000000004,35.5465,0.9877203100164609,1.83961445662611,1100,cartrade-tech,Small Cap,Jul-2026
233245,113399,1,Billionbrains Garage Ventures Ltd.,IT,Finance,Domestic Equities,1810200.0,1810200.0,0.0,35.1849,36.5787,-3.810414257477716,1.8030913123703,1100,billionbrains-garage-ventures,Large Cap,Jul-2026
509,8487,1,K.P.R. Mill Ltd.,Textile,Textile,Domestic Equities,333103.0,333103.0,0.0,34.9692,39.2162,-10.829708130823482,1.79203751383518,1100,kpr-mill,Small Cap,Jul-2026
123367,112361,1,Ather Energy Ltd.,Automobile & Ancillaries,Automobile & Ancillaries,Domestic Equities,271607.0,271607.0,0.0,34.2306,30.978099999999998,10.499352768568764,1.75418709381646,1100,ather-energy,Small Cap,Jul-2026
76174,111823,1,Bharti Hexacom Ltd.,Telecom,Telecom,Domestic Equities,211713.0,91713.0,130.8429557423702,34.0329,13.600999999999999,150.223512976987,1.74405572631348,1100,bharti-hexacom,Mid Cap,Jul-2026
152331,7581,1,Torrent Pharmaceuticals Ltd.,Healthcare,Healthcare,Domestic Equities,64504.0,,,33.0441,,,1.69338351494805,1100,torrent-pharmaceuticals,Large Cap,Jul-2026
133623,8531,1,Radico Khaitan Ltd.,Alcohol,Alcohol,Domestic Equities,72982.0,72982.0,0.0,31.68,28.795,10.019100538287898,1.62347861656254,1100,radico-khaitan,Mid Cap,Jul-2026
232979,113371,1,Physicswallah Ltd.,Education & Training,Other,Domestic Equities,2490875.0,2490875.0,0.0,31.1085,30.9192,0.612240937669792,1.59419143129216,1100,physicswallah,Small Cap,Jul-2026
171394,82477,1,Endurance Technologies Ltd.,Automobile & Ancillaries,Automobile & Ancillaries,Domestic Equities,112186.0,112186.0,0.0,30.9443,29.994,3.1683003267320045,1.58577681043233,1100,endurance-technologies,Mid Cap,Jul-2026
78344,89378,1,Acutaas Chemicals Ltd.,Healthcare,Healthcare,Domestic Equities,97352.0,97352.0,0.0,30.226799999999997,34.3283,-11.947868085515452,1.54900768456794,1100,acutaas-chemicals,Small Cap,Jul-2026
152441,8334,1,Gokaldas Exports Ltd.,Textile,Textile,Domestic Equities,361992.0,361992.0,0.0,29.500500000000002,31.611,-6.676473379519779,1.51178759242118,1100,gokaldas-exports,Small Cap,Jul-2026
152370,5063,1,Escorts Kubota Ltd.,Automobile & Ancillaries,Automobile & Ancillaries,Domestic Equities,95113.0,,,29.3519,,,1.5041724117892,1100,escorts-kubota,Mid Cap,Jul-2026
151967,5716,1,GE Vernova T&D India Ltd.,Capital Goods,Capital Goods,Domestic Equities,67075.0,59705.0,12.344024788543672,28.9985,29.5182,-1.7606087092031442,1.48606201585823,1100,ge-vernova-td-india,Mid Cap,Jul-2026
84908,112552,1,Swiggy Ltd.,Retailing,Information Technology,Domestic Equities,996600.0,780440.0,27.697196453282764,28.3891,18.6798,51.97753723273267,1.45483260080352,1100,swiggy,Mid Cap,Jul-2026
587,7648,1,APL Apollo Tubes Ltd.,Iron & Steel,Iron & Steel,Domestic Equities,153381.0,153381.0,0.0,27.9077,27.4353,1.7218692706112118,1.43016269531068,1100,apl-apollo-tubes,Mid Cap,Jul-2026
222979,112566,1,Vishal Mega Mart Ltd.,Retailing,Retailing,Domestic Equities,2466760.0,2466760.0,0.0,26.419,29.095399999999998,-9.198704949923352,1.35387252433604,1100,vishal-mega-mart,Mid Cap,Jul-2026
195442,101899,1,Syrma SGS Technology Ltd.,Electricals,Electricals,Domestic Equities,192682.0,192682.0,0.0,26.3358,26.9042,-2.1126812913968873,1.34960884312082,1100,syrma-sgs-technology,Small Cap,Jul-2026
46521,101004,1,Delhivery Ltd.,Logistics,Logistics,Domestic Equities,520938.0,520938.0,0.0,25.1066,24.5909,2.0971172262910143,1.2866170528595,1100,delhivery,Small Cap,Jul-2026
227975,113151,1,Siemens Energy India Ltd.,Capital Goods,Capital Goods,Domestic Equities,72500.0,,,23.423299999999998,,,1.20035437750408,1100,siemens-energy-india,Mid Cap,Jul-2026
152719,5290,1,NBCC (India) Ltd.,Capital Goods,Other,Domestic Equities,2462723.0,2462723.0,0.0,23.3466,25.8414,-9.654275697137154,1.1964237963838,1100,nbcc-india,Small Cap,Jul-2026
152686,7802,1,Multi Commodity Exchange Of India Ltd.,Finance,Finance,Domestic Equities,86520.0,159120.0,-45.625942684766216,23.2929,45.1455,-48.404824401103106,1.19367187713793,1100,multi-commodity-exchange-of-india,Mid Cap,Jul-2026
152222,5634,1,Max Financial Services Ltd.,Finance,Finance,Domestic Equities,150678.0,150678.0,0.0,22.586599999999997,23.867399999999996,-5.366315560136417,1.15747670836021,1100,max-financial-services,Mid Cap,Jul-2026
171877,6125,1,Cummins India Ltd.,Automobile & Ancillaries,Automobile & Ancillaries,Domestic Equities,40380.0,40380.0,0.0,22.285700000000002,22.853099999999998,-2.482814147752374,1.14205673627297,1100,cummins-india,Large Cap,Jul-2026
115768,100528,1,Data Patterns (India) Ltd.,Capital Goods,Capital Goods,Domestic Equities,46800.0,35600.0,31.46067415730337,20.0351,16.026400000000002,25.01310337942394,1.02672210955467,1100,data-patterns-india,Small Cap,Jul-2026
141614,85778,1,AU Small Finance Bank Ltd.,Bank,Banking,Domestic Equities,189000.0,,,19.794,,,1.01436665834087,1100,au-small-finance-bank,Mid Cap,Jul-2026
152406,5107,1,The Indian Hotels Company Ltd.,Hospitality,Hospitality,Domestic Equities,260000.0,,,19.2023,,,0.984044300467765,1100,the-indian-hotels-company,Mid Cap,Jul-2026
201928,105635,1,Piramal Pharma Ltd.,Healthcare,Healthcare,Domestic Equities,976439.0,976439.0,0.0,19.1001,16.413,16.371778468287335,0.97880694205196,1100,piramal-pharma,Small Cap,Jul-2026
204790,107779,1,Honasa Consumer Ltd.,Trading,Trading,Domestic Equities,382101.0,382101.0,0.0,17.1774,17.4964,-1.8232322077684604,0.880275933969107,1100,honasa-consumer,Small Cap,Jul-2026
140194,102059,1,Rainbow Children's Medicare Ltd.,Healthcare,Healthcare,Domestic Equities,111974.0,111974.0,0.0,17.0805,15.8354,7.862763176174899,0.875310180246098,1100,rainbow-childrens-medicare,Small Cap,Jul-2026
118607,113620,1,Sedemac Mechatronics Ltd.,Telecom,Telecom,Domestic Equities,62546.0,62546.0,0.0,16.7898,18.1077,-7.2781192531354035,0.860412919077073,1100,sedemac-mechatronics,Small Cap,Jul-2026
487,8535,1,V2 Retail Ltd.,Retailing,Retailing,Domestic Equities,765110.0,269110.0,184.31124818847312,16.7812,6.1030999999999995,174.96190460585606,0.859972202028385,1100,v2-retail,Small Cap,Jul-2026
114451,6891,1,City Union Bank Ltd.,Bank,Banking,Domestic Equities,797953.0,797953.0,0.0,16.4777,16.6453,-1.0068908340492506,0.844418989903172,1100,city-union-bank,Small Cap,Jul-2026
160292,110213,1,ASK Automotive Ltd.,Automobile & Ancillaries,Automobile & Ancillaries,Domestic Equities,307250.0,307250.0,0.0,16.2243,13.803199999999999,17.54013562072564,0.83143321081741,1100,ask-automotive,Small Cap,Jul-2026
58272,82478,1,PNB Housing Finance Ltd.,Finance,Finance,Domestic Equities,150627.0,150627.0,0.0,15.8625,15.6411,1.4155014672881128,0.81289234707144,1100,pnb-housing-finance,Small Cap,Jul-2026
57412,93539,1,Computer Age Management Services Ltd.,Business Services,Finance,Domestic Equities,192520.0,192520.0,0.0,15.3275,15.341,-0.08799947852160284,0.785475646949567,1100,computer-age-management-services,Small Cap,Jul-2026
227830,112938,1,Park Medi World Ltd.,Healthcare,Healthcare,Domestic Equities,489332.0,489332.0,0.0,14.3203,14.6457,-2.2218125456618645,0.733860506084611,1100,park-medi-world,Small Cap,Jul-2026
171576,15890,1,Dr. Lal Pathlabs Ltd.,Healthcare,Healthcare,Domestic Equities,72215.0,72215.0,0.0,13.7584,11.888,15.73351278600269,0.705065284031376,1100,dr-lal-pathlabs,Small Cap,Jul-2026
225180,112809,1,ITC Hotels Ltd.,Hospitality,Hospitality,Domestic Equities,804494.0,804494.0,0.0,13.0626,14.4801,-9.78929703524147,0.669408200022405,1100,itc-hotels,Mid Cap,Jul-2026
540,7044,1,Edelweiss Financial Services Ltd.,Finance,Finance,Domestic Equities,1084844.0,1084844.0,0.0,12.5267,13.106,-4.420112925377677,0.641945378348924,1100,edelweiss-financial-services,Small Cap,Jul-2026
76268,106949,1,Indegene Ltd.,Business Services,Other,Domestic Equities,238041.0,238041.0,0.0,12.2627,12.5067,-1.9509542885013706,0.62841638987757,1100,indegene,Small Cap,Jul-2026
64699,82946,1,Aditya Vision Ltd.,Retailing,Retailing,Domestic Equities,189000.0,189000.0,0.0,12.0591,12.439,-3.0541040276549567,0.617982669980722,1100,aditya-vision,Small Cap,Jul-2026
19510,6302,1,ZF Commercial Vehicle Control Systems India Ltd.,Automobile & Ancillaries,Automobile & Ancillaries,Domestic Equities,43932.0,43932.0,0.0,10.622300000000001,11.273,-5.772199059700163,0.544352175148745,1100,zf-commercial-vehicle-control-systems-india,Small Cap,Jul-2026
133538,7699,1,Tips Music Ltd.,Media & Entertainment,Media & Entertainment,Domestic Equities,157158.0,157158.0,0.0,10.4989,9.8507,6.580243028414229,0.538028397961756,1100,tips-music,Small Cap,Jul-2026
222304,112415,1,Leela Palaces Hotels & Resorts Ltd.,Hospitality,Hospitality,Domestic Equities,201076.0,201076.0,0.0,9.9452,9.5602,4.0271124035062025,0.509653394489827,1100,leela-palaces-hotels-resorts,Small Cap,Jul-2026
58513,104175,1,Aadhar Housing Finance Ltd.,Finance,Finance,Domestic Equities,174390.0,174390.0,0.0,8.662,8.9915,-3.6645720958683126,0.443894311132092,1100,aadhar-housing-finance,Small Cap,Jul-2026
2006,102339,1,Ethos Ltd.,Retailing,Retailing,Domestic Equities,27846.0,27846.0,0.0,7.1715,6.8189,5.170921996216397,0.367511897054237,1100,ethos,Small Cap,Jul-2026
171405,6966,1,Poonawalla Fincorp Ltd.,Finance,Finance,Domestic Equities,145354.0,,,6.7379,,,0.345291558413406,1100,poonawalla-fincorp,Mid Cap,Jul-2026
152356,7557,1,Black Box Ltd.,Telecom,Telecom,Domestic Equities,70187.0,237339.0,-70.42753192690624,5.3026,22.4808,-76.41276111170421,0.271737932834107,1100,black-box,Small Cap,Jul-2026
77927,112668,1,Travel Food Services Ltd.,Hospitality,Hospitality,Domestic Equities,39848.0,39848.0,0.0,5.1918,5.2735,-1.5492557125249022,0.266059857369614,1100,travel-food-services,Small Cap,Jul-2026
152795,99590,1,One97 Communications Ltd.,IT,Information Technology,Domestic Equities,445203.0,364046.0,22.293061865808166,50.8199,40.7295,24.77418087626905,2.83382189254954,1100,one97-communications,Mid Cap,Jun-2026
122,5767,1,The Phoenix Mills Ltd.,Realty,Realty,Domestic Equities,249646.0,211692.0,17.92887780360146,48.646,37.4949,29.740311349010152,2.7126007683007,1100,the-phoenix-mills,Mid Cap,Jun-2026
133445,6416,1,Apar Industries Ltd.,Capital Goods,Capital Goods,Domestic Equities,29836.0,24117.0,23.71356304681345,46.8276,31.6367,48.01670212127056,2.61120305344073,1100,apar-industries,Mid Cap,Jun-2026
152551,7908,1,GMR Airports Ltd.,Infrastructure,Aviation,Domestic Equities,4049076.0,3668135.0,10.385141222992065,45.3861,36.8171,23.274511028842564,2.53082205587659,1100,gmr-airports,Mid Cap,Jun-2026
152686,7802,1,Multi Commodity Exchange Of India Ltd.,Finance,Finance,Domestic Equities,159120.0,151300.0,5.168539325842696,45.1455,44.7016,0.9930293322834156,2.51740570623112,1100,multi-commodity-exchange-of-india,Mid Cap,Jun-2026
57445,86554,1,Dixon Technologies (India) Ltd.,Consumer Durables,Consumer Durables,Domestic Equities,37106.0,26307.0,41.04991067016384,44.2304,30.3162,45.89691320152262,2.46637785269595,1100,dixon-technologies-india,Mid Cap,Jun-2026
152636,5140,1,Fortis Healthcare Ltd.,Healthcare,Healthcare,Domestic Equities,457662.0,400952.0,14.14383766635408,43.79600000000001,37.2264,17.64769088603788,2.44215481742584,1100,fortis-healthcare,Mid Cap,Jun-2026
797,86851,1,Nippon Life India Asset Management Ltd.,Finance,Finance,Domestic Equities,376558.0,376558.0,0.0,43.756,41.428900000000006,5.61709338167318,2.43992433535677,1100,nippon-life-india-asset-management,Mid Cap,Jun-2026
79346,86555,1,Aditya Birla Capital Ltd.,Finance,Finance,Domestic Equities,1086333.0,910233.0,19.346694747388856,42.5788,33.0688,28.758225275788657,2.37428124806401,1100,aditya-birla-capital,Mid Cap,Jun-2026
56695,5727,1,Piramal Finance Ltd.,Finance,Finance,Domestic Equities,191074.0,113050.0,69.0172490048651,41.3503,21.7825,89.83266383564788,2.30577756751767,1100,piramal-finance,Mid Cap,Jun-2026
76200,82667,1,BSE Ltd.,Finance,Finance,Domestic Equities,105552.0,86574.0,21.9211310555132,40.8022,35.8944,13.67288490683783,2.27521438696622,1100,bse,Large Cap,Jun-2026
19098,6973,1,Schaeffler India Ltd.,Automobile & Ancillaries,Automobile & Ancillaries,Domestic Equities,95638.0,77988.0,22.631686926193773,40.0695,32.1989,24.44369217581967,2.23435753166601,1100,schaeffler-india,Mid Cap,Jun-2026
509,8487,1,K.P.R. Mill Ltd.,Textile,Textile,Domestic Equities,333103.0,206809.0,61.067941917421386,39.2162,19.9881,96.19773765390408,2.18677577292756,1100,kpr-mill,Small Cap,Jun-2026
171485,6291,1,Motilal Oswal Financial Services Ltd.,Finance,Finance,Domestic Equities,412078.0,368775.0,11.742390346417192,39.201,32.4338,20.86465354044237,2.18592818974131,1100,motilal-oswal-financial-services,Mid Cap,Jun-2026
171327,5699,1,Marico Ltd.,FMCG,Fast Moving Consumer Goods,Domestic Equities,449670.0,449670.0,0.0,37.6037,36.9494,1.770800067118812,2.09685946451813,1100,marico,Mid Cap,Jun-2026
233245,113399,1,Billionbrains Garage Ventures Ltd.,IT,Finance,Domestic Equities,1810200.0,,,36.5787,,,2.03970336149819,1100,billionbrains-garage-ventures,Large Cap,Jun-2026
63978,98925,1,CarTrade Tech Ltd.,Automobile & Ancillaries,Information Technology,Domestic Equities,131996.0,90896.0,45.216511177609576,35.5465,15.7723,125.3729639938373,1.98214577170581,1100,cartrade-tech,Small Cap,Jun-2026
7737,15826,1,IDFC First Bank Ltd.,Bank,Banking,Domestic Equities,4371665.0,4159365.0,5.104144502826754,34.7504,29.6646,17.14434039225204,1.93775360232613,1100,idfc-first-bank,Mid Cap,Jun-2026
78344,89378,1,Acutaas Chemicals Ltd.,Healthcare,Healthcare,Domestic Equities,97352.0,92552.0,5.186273662373584,34.3283,28.9919,18.40652044191653,1.91421644029225,1100,acutaas-chemicals,Small Cap,Jun-2026
177212,94646,1,Hitachi Energy India Ltd.,Capital Goods,Capital Goods,Domestic Equities,9269.0,9269.0,0.0,32.3673,35.634699999999995,-9.16915253951906,1.80486705685605,1100,hitachi-energy-india,Large Cap,Jun-2026
152441,8334,1,Gokaldas Exports Ltd.,Textile,Textile,Domestic Equities,361992.0,270641.0,33.75357022771864,31.611,18.7229,68.83602433383717,1.76269421713509,1100,gokaldas-exports,Small Cap,Jun-2026
123367,112361,1,Ather Energy Ltd.,Automobile & Ancillaries,Automobile & Ancillaries,Domestic Equities,271607.0,271607.0,0.0,30.9781,26.1856,18.302043871440794,1.72740241459721,1100,ather-energy,Small Cap,Jun-2026
232979,113371,1,Physicswallah Ltd.,Education & Training,Other,Domestic Equities,2490875.0,2015904.0,23.561191405939965,30.9192,21.5137,43.718653695087326,1.7241180297505,1100,physicswallah,Small Cap,Jun-2026
171365,5279,1,Hindustan Petroleum Corporation Ltd.,Crude Oil,Crude Oil,Domestic Equities,780300.0,,,30.7789,,,1.71629461389324,1100,hindustan-petroleum-corporation,Mid Cap,Jun-2026
171840,6541,1,UNO Minda Ltd.,Automobile & Ancillaries,Automobile & Ancillaries,Domestic Equities,282417.0,282417.0,0.0,30.7213,31.1139,-1.2618154586856605,1.71308271971378,1100,uno-minda,Mid Cap,Jun-2026
135555,92715,1,360 One Wam Ltd.,Finance,Finance,Domestic Equities,285774.0,285774.0,0.0,30.7093,31.5637,-2.706906984922555,1.71241357509305,1100,360-one-wam,Mid Cap,Jun-2026
171394,82477,1,Endurance Technologies Ltd.,Automobile & Ancillaries,Automobile & Ancillaries,Domestic Equities,112186.0,106686.0,5.155315599047673,29.994,29.0463,3.2627219301597785,1.67252697949289,1100,endurance-technologies,Mid Cap,Jun-2026
151967,5716,1,GE Vernova T&D India Ltd.,Capital Goods,Capital Goods,Domestic Equities,59705.0,59705.0,0.0,29.5182,30.7397,-3.973688747775666,1.64599539528129,1100,ge-vernova-td-india,Mid Cap,Jun-2026
171321,7864,1,Page Industries Ltd.,Textile,Textile,Domestic Equities,7128.0,,,29.4885,,,1.64433926234501,1100,page-industries,Mid Cap,Jun-2026
222979,112566,1,Vishal Mega Mart Ltd.,Retailing,Retailing,Domestic Equities,2466760.0,2346760.0,5.113432988460686,29.0954,28.5765,1.8158276905849169,1.62241919981121,1100,vishal-mega-mart,Mid Cap,Jun-2026
37877,7189,1,JB Chemicals & Pharmaceuticals Ltd.,Healthcare,Healthcare,Domestic Equities,126480.0,99780.0,26.75886951292844,29.0385,21.6263,34.27400896131098,1.61924633906796,1100,jb-chemicals-pharmaceuticals,Small Cap,Jun-2026
133623,8531,1,Radico Khaitan Ltd.,Alcohol,Alcohol,Domestic Equities,72982.0,72982.0,0.0,28.795,25.6794,12.132682227777906,1.60566827947249,1100,radico-khaitan,Mid Cap,Jun-2026
587,7648,1,APL Apollo Tubes Ltd.,Iron & Steel,Iron & Steel,Domestic Equities,153381.0,145881.0,5.141176712525962,27.4353,26.7123,2.7066182994350987,1.52984861773959,1100,apl-apollo-tubes,Mid Cap,Jun-2026
195442,101899,1,Syrma SGS Technology Ltd.,Electricals,Electricals,Domestic Equities,192682.0,192682.0,0.0,26.9042,20.9744,28.271607292699677,1.5002333920675,1100,syrma-sgs-technology,Small Cap,Jun-2026
599,7495,1,Sundaram Finance Ltd.,Finance,Finance,Domestic Equities,59213.0,56313.0,5.149787793227141,26.6855,23.589,13.126881173428297,1.48803823135486,1100,sundaram-finance,Mid Cap,Jun-2026
152719,5290,1,NBCC (India) Ltd.,Capital Goods,Other,Domestic Equities,2462723.0,1834023.0,34.27983182326503,25.8414,18.3879,40.53480821627266,1.44096948349229,1100,nbcc-india,Small Cap,Jun-2026
46521,101004,1,Delhivery Ltd.,Logistics,Logistics,Domestic Equities,520938.0,413638.0,25.94055671867672,24.5909,18.7109,31.425532710879768,1.37123903780795,1100,delhivery,Small Cap,Jun-2026
152386,5556,1,Glaxosmithkline Pharmaceuticals Ltd.,Healthcare,Healthcare,Domestic Equities,97689.0,20689.0,372.1784523176568,23.9367,4.5727,423.4697224834344,1.3347595035683,1100,glaxosmithkline-pharmaceuticals,Mid Cap,Jun-2026
152222,5634,1,Max Financial Services Ltd.,Finance,Finance,Domestic Equities,150678.0,150678.0,0.0,23.8674,25.2235,-5.376335560092776,1.33089519338363,1100,max-financial-services,Mid Cap,Jun-2026
171877,6125,1,Cummins India Ltd.,Automobile & Ancillaries,Automobile & Ancillaries,Domestic Equities,40380.0,40380.0,0.0,22.8531,23.7475,-3.7662911885461647,1.27433574431716,1100,cummins-india,Large Cap,Jun-2026
152356,7557,1,Black Box Ltd.,Telecom,Telecom,Domestic Equities,237339.0,282700.0,-16.045631411390165,22.4808,29.3202,-23.32658030982053,1.25357553245929,1100,black-box,Small Cap,Jun-2026
84908,112552,1,Swiggy Ltd.,Retailing,Information Technology,Domestic Equities,780440.0,780440.0,0.0,18.6798,20.1275,-7.19264687616445,1.04162397384581,1100,swiggy,Mid Cap,Jun-2026
118607,113620,1,Sedemac Mechatronics Ltd.,Telecom,Telecom,Domestic Equities,62546.0,38876.0,60.88589361045374,18.1077,8.3385,117.15776218744378,1.00972250405293,1100,sedemac-mechatronics,Small Cap,Jun-2026
204790,107779,1,Honasa Consumer Ltd.,Trading,Trading,Domestic Equities,382101.0,188250.0,102.97529880478086,17.4964,7.650499999999999,128.6961636494347,0.975635161832348,1100,honasa-consumer,Small Cap,Jun-2026
77293,6578,1,Muthoot Finance Ltd.,Finance,Finance,Domestic Equities,57584.0,57584.0,0.0,17.2597,19.2498,-10.338289228979,0.96243628418862,1100,muthoot-finance,Large Cap,Jun-2026
114451,6891,1,City Union Bank Ltd.,Bank,Banking,Domestic Equities,797953.0,598465.0,33.3332776352836,16.6453,15.2878,8.87962950849697,0.928176079607689,1100,city-union-bank,Small Cap,Jun-2026
133342,5963,1,Bharat Heavy Electricals Ltd.,Capital Goods,Capital Goods,Domestic Equities,399352.0,,,16.5372,,,0.922148201816025,1100,bharat-heavy-electricals,Large Cap,Jun-2026
201928,105635,1,Piramal Pharma Ltd.,Healthcare,Healthcare,Domestic Equities,976439.0,976439.0,0.0,16.413,16.8719,-2.719907064408875,0.91522255499156,1100,piramal-pharma,Small Cap,Jun-2026
115768,100528,1,Data Patterns (India) Ltd.,Capital Goods,Capital Goods,Domestic Equities,35600.0,35600.0,0.0,16.026400000000002,14.3934,11.345477788430822,0.893664945793988,1100,data-patterns-india,Small Cap,Jun-2026
140194,102059,1,Rainbow Children's Medicare Ltd.,Healthcare,Healthcare,Domestic Equities,111974.0,106524.0,5.116217941496752,15.8354,14.703499999999998,7.698167103070702,0.883014393914174,1100,rainbow-childrens-medicare,Small Cap,Jun-2026
58272,82478,1,PNB Housing Finance Ltd.,Finance,Finance,Domestic Equities,150627.0,150627.0,0.0,15.6411,15.5221,0.7666488426179359,0.872179827263662,1100,pnb-housing-finance,Small Cap,Jun-2026
57412,93539,1,Computer Age Management Services Ltd.,Business Services,Finance,Domestic Equities,192520.0,192520.0,0.0,15.341,15.238,0.675941724635776,0.855445635540457,1100,computer-age-management-services,Small Cap,Jun-2026
227830,112938,1,Park Medi World Ltd.,Healthcare,Healthcare,Domestic Equities,489332.0,489332.0,0.0,14.6457,14.1192,3.7289648138704647,0.81667428097483,1100,park-medi-world,Small Cap,Jun-2026
225180,112809,1,ITC Hotels Ltd.,Hospitality,Hospitality,Domestic Equities,804494.0,804494.0,0.0,14.4801,12.4576,16.235069355253017,0.807440085208876,1100,itc-hotels,Mid Cap,Jun-2026
160292,110213,1,ASK Automotive Ltd.,Automobile & Ancillaries,Automobile & Ancillaries,Domestic Equities,307250.0,307250.0,0.0,13.8032,14.0091,-1.469758942401735,0.769694752395022,1100,ask-automotive,Small Cap,Jun-2026
76174,111823,1,Bharti Hexacom Ltd.,Telecom,Telecom,Domestic Equities,91713.0,91713.0,0.0,13.601,13.7157,-0.8362679265367446,0.758419665535868,1100,bharti-hexacom,Mid Cap,Jun-2026
540,7044,1,Edelweiss Financial Services Ltd.,Finance,Finance,Domestic Equities,1084844.0,1084844.0,0.0,13.106,12.2392,7.082162232825661,0.730817449931114,1100,edelweiss-financial-services,Small Cap,Jun-2026
76268,106949,1,Indegene Ltd.,Business Services,Other,Domestic Equities,238041.0,238041.0,0.0,12.5067,12.415,0.7386226339105979,0.697399252331258,1100,indegene,Small Cap,Jun-2026
64699,82946,1,Aditya Vision Ltd.,Retailing,Retailing,Domestic Equities,189000.0,,,12.439,,,0.693624161429355,1100,aditya-vision,Small Cap,Jun-2026
115131,88043,1,Lemon Tree Hotels Ltd.,Hospitality,Hospitality,Domestic Equities,1051425.0,1051425.0,0.0,12.2649,11.981,2.369585176529513,0.683915988223724,1100,lemon-tree-hotels,Small Cap,Jun-2026
171576,15890,1,Dr. Lal Pathlabs Ltd.,Healthcare,Healthcare,Domestic Equities,72215.0,72215.0,0.0,11.888,11.6078,2.4138941056875534,0.662899270927902,1100,dr-lal-pathlabs,Small Cap,Jun-2026
19510,6302,1,ZF Commercial Vehicle Control Systems India Ltd.,Automobile & Ancillaries,Automobile & Ancillaries,Domestic Equities,43932.0,7322.0,500.0,11.273,10.7443,4.92074867604217,0.628605609115936,1100,zf-commercial-vehicle-control-systems-india,Small Cap,Jun-2026
133538,7699,1,Tips Music Ltd.,Media & Entertainment,Media & Entertainment,Domestic Equities,157158.0,157158.0,0.0,9.8507,10.4109,-5.38089886561199,0.549295242944943,1100,tips-music,Small Cap,Jun-2026
222304,112415,1,Leela Palaces Hotels & Resorts Ltd.,Hospitality,Hospitality,Domestic Equities,201076.0,201076.0,0.0,9.5602,8.3125,15.009924812030071,0.533096366918315,1100,leela-palaces-hotels-resorts,Small Cap,Jun-2026
58513,104175,1,Aadhar Housing Finance Ltd.,Finance,Finance,Domestic Equities,174390.0,174390.0,0.0,8.9915,8.321900000000001,8.046239440512373,0.501384488101298,1100,aadhar-housing-finance,Small Cap,Jun-2026
2006,102339,1,Ethos Ltd.,Retailing,Retailing,Domestic Equities,27846.0,27846.0,0.0,6.8189,6.6315,2.8259066576189413,0.380235854519707,1100,ethos,Small Cap,Jun-2026
487,8535,1,V2 Retail Ltd.,Retailing,Retailing,Domestic Equities,269110.0,229110.0,17.458862555104535,6.1031,5.2702,15.803954309134372,0.340321377893681,1100,v2-retail,Small Cap,Jun-2026
77927,112668,1,Travel Food Services Ltd.,Hospitality,Hospitality,Domestic Equities,39848.0,39848.0,0.0,5.2735,4.8798,8.06795360465593,0.294061179781148,1100,travel-food-services,Small Cap,Jun-2026
152686,7802,1,Multi Commodity Exchange Of India Ltd.,Finance,Finance,Domestic Equities,151300.0,151300.0,0.0,44.7016,44.9588,-0.5720793259606629,2.99927825321309,1100,multi-commodity-exchange-of-india,Mid Cap,May-2026
797,86851,1,Nippon Life India Asset Management Ltd.,Finance,Finance,Domestic Equities,376558.0,376558.0,0.0,41.428900000000006,38.0305,8.93598559051288,2.77969466024795,1100,nippon-life-india-asset-management,Mid Cap,May-2026
152795,99590,1,One97 Communications Ltd.,IT,Information Technology,Domestic Equities,364046.0,364046.0,0.0,40.7295,39.8922,2.098906553160769,2.73276803546724,1100,one97-communications,Mid Cap,May-2026
122,5767,1,The Phoenix Mills Ltd.,Realty,Realty,Domestic Equities,211692.0,211692.0,0.0,37.4949,37.3636,0.351411534220462,2.51574078279971,1100,the-phoenix-mills,Mid Cap,May-2026
152636,5140,1,Fortis Healthcare Ltd.,Healthcare,Healthcare,Domestic Equities,400952.0,400952.0,0.0,37.2264,37.0059,0.5958509318784228,2.49772562873391,1100,fortis-healthcare,Mid Cap,May-2026
171327,5699,1,Marico Ltd.,FMCG,Fast Moving Consumer Goods,Domestic Equities,449670.0,449670.0,0.0,36.9494,34.8494,6.025928710393866,2.47914016252822,1100,marico,Mid Cap,May-2026
152551,7908,1,GMR Airports Ltd.,Infrastructure,Aviation,Domestic Equities,3668135.0,3668135.0,0.0,36.8171,35.3718,4.086023329318842,2.47026342180977,1100,gmr-airports,Mid Cap,May-2026
76200,82667,1,BSE Ltd.,Finance,Finance,Domestic Equities,86574.0,86574.0,0.0,35.8944,31.5173,13.887928217201347,2.40835436163654,1100,bse,Mid Cap,May-2026
177212,94646,1,Hitachi Energy India Ltd.,Capital Goods,Capital Goods,Domestic Equities,9269.0,15963.0,-41.93447346989914,35.634699999999995,53.5559,-33.46260636083046,2.39092964837439,1100,hitachi-energy-india,Mid Cap,May-2026
79346,86555,1,Aditya Birla Capital Ltd.,Finance,Finance,Domestic Equities,910233.0,910233.0,0.0,33.0688,31.448600000000003,5.151898653676156,2.21876918722938,1100,aditya-birla-capital,Mid Cap,May-2026
171485,6291,1,Motilal Oswal Financial Services Ltd.,Finance,Finance,Domestic Equities,368775.0,368775.0,0.0,32.4338,29.5112,9.903358724823129,2.17616351560263,1100,motilal-oswal-financial-services,Mid Cap,May-2026
19098,6973,1,Schaeffler India Ltd.,Automobile & Ancillaries,Automobile & Ancillaries,Domestic Equities,77988.0,69138.0,12.800485984552632,32.1989,28.518,12.907286625990592,2.16040277187803,1100,schaeffler-india,Mid Cap,May-2026
133445,6416,1,Apar Industries Ltd.,Capital Goods,Capital Goods,Domestic Equities,24117.0,21167.0,13.936788397033116,31.6367,26.101,21.208765947664848,2.12268165599054,1100,apar-industries,Mid Cap,May-2026
135555,92715,1,360 One Wam Ltd.,Finance,Finance,Domestic Equities,285774.0,285774.0,0.0,31.5637,29.5676,6.750970657070566,2.11778368114211,1100,360-one-wam,Mid Cap,May-2026
171840,6541,1,UNO Minda Ltd.,Automobile & Ancillaries,Automobile & Ancillaries,Domestic Equities,282417.0,282417.0,0.0,31.1139,31.4189,-0.970753272711648,2.08760410461028,1100,uno-minda,Mid Cap,May-2026
151967,5716,1,GE Vernova T&D India Ltd.,Capital Goods,Capital Goods,Domestic Equities,59705.0,77884.0,-23.34112269529043,30.7397,34.7846,-11.62842177285351,2.06249695134613,1100,ge-vernova-td-india,Mid Cap,May-2026
57445,86554,1,Dixon Technologies (India) Ltd.,Consumer Durables,Consumer Durables,Domestic Equities,26307.0,,,30.3162,,,2.03408198767066,1100,dixon-technologies-india,Mid Cap,May-2026
7737,15826,1,IDFC First Bank Ltd.,Bank,Banking,Domestic Equities,4159365.0,4159365.0,0.0,29.6646,28.9658,2.412500258926048,1.99036252998248,1100,idfc-first-bank,Mid Cap,May-2026
152356,7557,1,Black Box Ltd.,Telecom,Telecom,Domestic Equities,282700.0,204700.0,38.10454323400098,29.3202,13.0926,123.94482379359332,1.96725482398524,1100,black-box,Small Cap,May-2026
171394,82477,1,Endurance Technologies Ltd.,Automobile & Ancillaries,Automobile & Ancillaries,Domestic Equities,106686.0,106686.0,0.0,29.0463,24.8642,16.81976496328054,1.94887735397174,1100,endurance-technologies,Mid Cap,May-2026
78344,89378,1,Acutaas Chemicals Ltd.,Healthcare,Healthcare,Domestic Equities,92552.0,92552.0,0.0,28.9919,24.0089,20.75480342706248,1.94522735627648,1100,acutaas-chemicals,Small Cap,May-2026
222979,112566,1,Vishal Mega Mart Ltd.,Retailing,Retailing,Domestic Equities,2346760.0,2039960.0,15.039510578638795,28.5765,24.9467,14.550221071324062,1.91735586652254,1100,vishal-mega-mart,Mid Cap,May-2026
152370,5063,1,Escorts Kubota Ltd.,Automobile & Ancillaries,Automobile & Ancillaries,Domestic Equities,95792.0,95792.0,0.0,27.3946,31.0519,-11.778023244954417,1.83805564086009,1100,escorts-kubota,Mid Cap,May-2026
587,7648,1,APL Apollo Tubes Ltd.,Iron & Steel,Iron & Steel,Domestic Equities,145881.0,145881.0,0.0,26.7123,27.7903,-3.879051323663299,1.79227634991374,1100,apl-apollo-tubes,Mid Cap,May-2026
157113,99763,1,PB Fintech Ltd.,IT,Information Technology,Domestic Equities,155259.0,155259.0,0.0,26.4328,25.8693,2.178257625834497,1.77352314484338,1100,pb-fintech,Mid Cap,May-2026
123367,112361,1,Ather Energy Ltd.,Automobile & Ancillaries,Automobile & Ancillaries,Domestic Equities,271607.0,271607.0,0.0,26.1856,25.3912,3.128642994423267,1.75693712590459,1100,ather-energy,Small Cap,May-2026
133623,8531,1,Radico Khaitan Ltd.,Alcohol,Alcohol,Domestic Equities,72982.0,34482.0,111.6524563540398,25.6794,11.8035,117.55750413013092,1.72297336058575,1100,radico-khaitan,Mid Cap,May-2026
152222,5634,1,Max Financial Services Ltd.,Finance,Finance,Domestic Equities,150678.0,115678.0,30.25640139006553,25.2235,18.3431,37.50947222661382,1.69238450122412,1100,max-financial-services,Mid Cap,May-2026
171877,6125,1,Cummins India Ltd.,Automobile & Ancillaries,Automobile & Ancillaries,Domestic Equities,40380.0,50380.0,-19.84914648670108,23.7475,26.5321,-10.495211460834236,1.59335147552163,1100,cummins-india,Large Cap,May-2026
599,7495,1,Sundaram Finance Ltd.,Finance,Finance,Domestic Equities,56313.0,56313.0,0.0,23.589,25.5368,-7.627423952883672,1.58271683150141,1100,sundaram-finance,Mid Cap,May-2026
56695,5727,1,Piramal Finance Ltd.,Finance,Finance,Domestic Equities,113050.0,91350.0,23.754789272030653,21.7825,18.2572,19.309094494226933,1.46150872788925,1100,piramal-finance,Mid Cap,May-2026
37877,7189,1,JB Chemicals & Pharmaceuticals Ltd.,Healthcare,Healthcare,Domestic Equities,99780.0,99780.0,0.0,21.6263,20.389,6.068468291725932,1.45102840362453,1100,jb-chemicals-pharmaceuticals,Small Cap,May-2026
232979,113371,1,Physicswallah Ltd.,Education & Training,Other,Domestic Equities,2015904.0,2015904.0,0.0,21.5137,21.8887,-1.7132127536125945,1.44347344515969,1100,physicswallah,Mid Cap,May-2026
195442,101899,1,Syrma SGS Technology Ltd.,Electricals,Electricals,Domestic Equities,192682.0,192682.0,0.0,20.9744,18.4772,13.515034745524217,1.40728881727259,1100,syrma-sgs-technology,Small Cap,May-2026
84908,112552,1,Swiggy Ltd.,Retailing,Information Technology,Domestic Equities,780440.0,780440.0,0.0,20.1275,21.0953,-4.587751774091869,1.35046559947623,1100,swiggy,Mid Cap,May-2026
509,8487,1,K.P.R. Mill Ltd.,Textile,Textile,Domestic Equities,206809.0,206809.0,0.0,19.9881,19.3697,3.192615270241662,1.3411124803821,1100,kpr-mill,Mid Cap,May-2026
77293,6578,1,Muthoot Finance Ltd.,Finance,Finance,Domestic Equities,57584.0,57584.0,0.0,19.2498,19.7179,-2.373985059260872,1.29157583886709,1100,muthoot-finance,Large Cap,May-2026
152441,8334,1,Gokaldas Exports Ltd.,Textile,Textile,Domestic Equities,270641.0,270641.0,0.0,18.7229,19.045,-1.69125754791284,1.25622319574877,1100,gokaldas-exports,Small Cap,May-2026
46521,101004,1,Delhivery Ltd.,Logistics,Logistics,Domestic Equities,413638.0,478407.0,-13.538472472183727,18.7109,22.344,-16.259846043680636,1.25541804919835,1100,delhivery,Small Cap,May-2026
152719,5290,1,NBCC (India) Ltd.,Capital Goods,Other,Domestic Equities,1834023.0,1834023.0,0.0,18.3879,16.8088,9.394483841797143,1.23374618788269,1100,nbcc-india,Small Cap,May-2026
201928,105635,1,Piramal Pharma Ltd.,Healthcare,Healthcare,Domestic Equities,976439.0,976439.0,0.0,16.8719,15.8056,6.746343068279605,1.13202934034544,1100,piramal-pharma,Small Cap,May-2026
63978,98925,1,CarTrade Tech Ltd.,Automobile & Ancillaries,Information Technology,Domestic Equities,90896.0,70996.0,28.029748154825626,15.7723,11.5255,36.84699145373303,1.058251078108,1100,cartrade-tech,Small Cap,May-2026
58272,82478,1,PNB Housing Finance Ltd.,Finance,Finance,Domestic Equities,150627.0,150627.0,0.0,15.5221,15.7503,-1.4488612915309511,1.04146377253161,1100,pnb-housing-finance,Small Cap,May-2026
114451,6891,1,City Union Bank Ltd.,Bank,Banking,Domestic Equities,598465.0,598465.0,0.0,15.2878,16.1639,-5.420102821720013,1.02574328613452,1100,city-union-bank,Small Cap,May-2026
57412,93539,1,Computer Age Management Services Ltd.,Business Services,Finance,Domestic Equities,192520.0,192520.0,0.0,15.238,14.2195,7.162699110376589,1.02240192795025,1100,computer-age-management-services,Small Cap,May-2026
227906,112970,1,Jain Resource Recycling Ltd.,Non - Ferrous Metals,Non - Ferrous Metals,Domestic Equities,401497.0,401497.0,0.0,14.9979,18.4267,-18.60778110025128,1.00629228738713,1100,jain-resource-recycling,Small Cap,May-2026
140194,102059,1,Rainbow Children's Medicare Ltd.,Healthcare,Healthcare,Domestic Equities,106524.0,106524.0,0.0,14.703499999999998,13.34,10.22113943028485,0.986539358683328,1100,rainbow-childrens-medicare,Small Cap,May-2026
115768,100528,1,Data Patterns (India) Ltd.,Capital Goods,Capital Goods,Domestic Equities,35600.0,25500.0,39.6078431372549,14.3934,10.4083,38.28771269083328,0.965733029909383,1100,data-patterns-india,Small Cap,May-2026
171383,5551,1,Hero MotoCorp Ltd.,Automobile & Ancillaries,Automobile & Ancillaries,Domestic Equities,29057.0,34657.0,-16.158351848111494,14.2466,17.6716,-19.38138029380475,0.955883403775829,1100,hero-motocorp,Large Cap,May-2026
227830,112938,1,Park Medi World Ltd.,Healthcare,Healthcare,Domestic Equities,489332.0,489332.0,0.0,14.1192,11.2796,25.174651583389483,0.947335431232131,1100,park-medi-world,Small Cap,May-2026
160292,110213,1,ASK Automotive Ltd.,Automobile & Ancillaries,Automobile & Ancillaries,Domestic Equities,307250.0,307250.0,0.0,14.0091,13.5175,3.636767153689668,0.939948211631966,1100,ask-automotive,Small Cap,May-2026
76174,111823,1,Bharti Hexacom Ltd.,Telecom,Telecom,Domestic Equities,91713.0,91713.0,0.0,13.7157,13.9165,-1.4428915316351203,0.920262378474031,1100,bharti-hexacom,Mid Cap,May-2026
225180,112809,1,ITC Hotels Ltd.,Hospitality,Hospitality,Domestic Equities,804494.0,804494.0,0.0,12.4576,12.9178,-3.5625261267398463,0.835849472216372,1100,itc-hotels,Mid Cap,May-2026
76268,106949,1,Indegene Ltd.,Business Services,Other,Domestic Equities,238041.0,238041.0,0.0,12.415,11.8961,4.361933742991409,0.832991201962357,1100,indegene,Small Cap,May-2026
540,7044,1,Edelweiss Financial Services Ltd.,Finance,Finance,Domestic Equities,1084844.0,1084844.0,0.0,12.2392,12.3943,-1.251381683515809,0.821195804998605,1100,edelweiss-financial-services,Small Cap,May-2026
115131,88043,1,Lemon Tree Hotels Ltd.,Hospitality,Hospitality,Domestic Equities,1051425.0,1051425.0,0.0,11.981,12.3637,-3.095351715101465,0.803871735055255,1100,lemon-tree-hotels,Small Cap,May-2026
171576,15890,1,Dr. Lal Pathlabs Ltd.,Healthcare,Healthcare,Domestic Equities,72215.0,18300.0,294.6174863387978,11.6078,2.502,363.9408473221423,0.778831677336983,1100,dr-lal-pathlabs,Small Cap,May-2026
19510,6302,1,ZF Commercial Vehicle Control Systems India Ltd.,Automobile & Ancillaries,Automobile & Ancillaries,Domestic Equities,7322.0,7322.0,0.0,10.7443,10.7626,-0.1700332633378484,0.720894673479191,1100,zf-commercial-vehicle-control-systems-india,Small Cap,May-2026
133538,7699,1,Tips Music Ltd.,Media & Entertainment,Media & Entertainment,Domestic Equities,157158.0,157158.0,0.0,10.4109,10.2106,1.961686874424615,0.6985250184865,1100,tips-music,Small Cap,May-2026
118607,113620,1,Sedemac Mechatronics Ltd.,Telecom,Telecom,Domestic Equities,38876.0,38876.0,0.0,8.3385,7.157100000000001,16.50668566877646,0.559476209227798,1100,sedemac-mechatronics,,May-2026
58513,104175,1,Aadhar Housing Finance Ltd.,Finance,Finance,Domestic Equities,174390.0,174390.0,0.0,8.321900000000001,8.5207,-2.333141643292217,0.558362423166374,1100,aadhar-housing-finance,Small Cap,May-2026
222304,112415,1,Leela Palaces Hotels & Resorts Ltd.,Hospitality,Hospitality,Domestic Equities,201076.0,201076.0,0.0,8.3125,8.6111,-3.4676173775708112,0.557731725035207,1100,leela-palaces-hotels-resorts,Small Cap,May-2026
171636,86629,1,ICICI Lombard General Insurance Company Ltd.,Insurance,Finance,Domestic Equities,42721.0,42721.0,0.0,7.656499999999999,7.532599999999999,1.6448503836656647,0.51371704694521,1100,icici-lombard-general-insurance-company,Mid Cap,May-2026
204790,107779,1,Honasa Consumer Ltd.,Trading,Trading,Domestic Equities,188250.0,,,7.650499999999999,,,0.513314473669997,1100,honasa-consumer,Small Cap,May-2026
2006,102339,1,Ethos Ltd.,Retailing,Retailing,Domestic Equities,27846.0,27846.0,0.0,6.6315,6.6881,-0.8462792123323468,0.444944112429591,1100,ethos,Small Cap,May-2026
487,8535,1,V2 Retail Ltd.,Retailing,Retailing,Domestic Equities,229110.0,229110.0,0.0,5.2702,4.5513,15.79548700371322,0.353606945838261,1100,v2-retail,Small Cap,May-2026
77927,112668,1,Travel Food Services Ltd.,Hospitality,Hospitality,Domestic Equities,39848.0,39848.0,0.0,4.8798,5.0201,-2.79476504452102,0.327412844731044,1100,travel-food-services,Small Cap,May-2026
152386,5556,1,Glaxosmithkline Pharmaceuticals Ltd.,Healthcare,Healthcare,Domestic Equities,20689.0,20689.0,0.0,4.5727,4.8338,-5.401547436799208,0.306807802594706,1100,glaxosmithkline-pharmaceuticals,Mid Cap,May-2026
177212,94646,1,Hitachi Energy India Ltd.,Capital Goods,Capital Goods,Domestic Equities,15963.0,15963.0,0.0,53.5559,38.6863,38.43634568309712,3.87600018556433,1100,hitachi-energy-india,Mid Cap,Apr-2026
152686,7802,1,Multi Commodity Exchange Of India Ltd.,Finance,Finance,Domestic Equities,151300.0,151300.0,0.0,44.9588,36.1516,24.361853970502008,3.25380242219344,1100,multi-commodity-exchange-of-india,Mid Cap,Apr-2026
152795,99590,1,One97 Communications Ltd.,IT,Information Technology,Domestic Equities,364046.0,306862.0,18.635086781680364,39.8922,29.4281,35.5581909807293,2.88711747169909,1100,one97-communications,Mid Cap,Apr-2026
797,86851,1,Nippon Life India Asset Management Ltd.,Finance,Finance,Domestic Equities,376558.0,376558.0,0.0,38.0305,30.1868,25.98387374614072,2.75238069114895,1100,nippon-life-india-asset-management,Mid Cap,Apr-2026
122,5767,1,The Phoenix Mills Ltd.,Realty,Realty,Domestic Equities,211692.0,211692.0,0.0,37.3636,31.8872,17.174289370029364,2.70411514946722,1100,the-phoenix-mills,Mid Cap,Apr-2026
152636,5140,1,Fortis Healthcare Ltd.,Healthcare,Healthcare,Domestic Equities,400952.0,400952.0,0.0,37.0059,31.8757,16.09439165257547,2.67822733381336,1100,fortis-healthcare,Mid Cap,Apr-2026
152551,7908,1,GMR Airports Ltd.,Infrastructure,Aviation,Domestic Equities,3668135.0,3668135.0,0.0,35.3718,31.0874,13.781789406640636,2.55996264396162,1100,gmr-airports,Mid Cap,Apr-2026
171327,5699,1,Marico Ltd.,FMCG,Fast Moving Consumer Goods,Domestic Equities,449670.0,449670.0,0.0,34.8494,33.0935,5.3058757762098345,2.52215499817584,1100,marico,Mid Cap,Apr-2026
151967,5716,1,GE Vernova T&D India Ltd.,Capital Goods,Capital Goods,Domestic Equities,77884.0,77884.0,0.0,34.7846,28.3529,22.684452031361875,2.51746522894361,1100,ge-vernova-td-india,Mid Cap,Apr-2026
76200,82667,1,BSE Ltd.,Finance,Finance,Domestic Equities,86574.0,46800.0,84.98717948717949,31.5173,12.558800000000002,150.95789406631204,2.28100098492391,1100,bse,Mid Cap,Apr-2026
79346,86555,1,Aditya Birla Capital Ltd.,Finance,Finance,Domestic Equities,910233.0,910233.0,0.0,31.448600000000003,26.6016,18.22070852881031,2.27602896106196,1100,aditya-birla-capital,Mid Cap,Apr-2026
171840,6541,1,UNO Minda Ltd.,Automobile & Ancillaries,Automobile & Ancillaries,Domestic Equities,282417.0,282417.0,0.0,31.4189,29.1341,7.842356551257805,2.27387948349719,1100,uno-minda,Mid Cap,Apr-2026
152370,5063,1,Escorts Kubota Ltd.,Automobile & Ancillaries,Automobile & Ancillaries,Domestic Equities,95792.0,95792.0,0.0,31.0519,26.2499,18.29340302248772,2.24731859911093,1100,escorts-kubota,Mid Cap,Apr-2026
135555,92715,1,360 One Wam Ltd.,Finance,Finance,Domestic Equities,285774.0,285774.0,0.0,29.5676,27.1371,8.956373378142844,2.13989538195963,1100,360-one-wam,Mid Cap,Apr-2026
171485,6291,1,Motilal Oswal Financial Services Ltd.,Finance,Finance,Domestic Equities,368775.0,368775.0,0.0,29.5112,23.3342,26.47187390182649,2.13581354577602,1100,motilal-oswal-financial-services,Mid Cap,Apr-2026
7737,15826,1,IDFC First Bank Ltd.,Bank,Banking,Domestic Equities,4159365.0,4159365.0,0.0,28.9658,24.4779,18.33449764889962,2.09634132140472,1100,idfc-first-bank,Mid Cap,Apr-2026
19098,6973,1,Schaeffler India Ltd.,Automobile & Ancillaries,Automobile & Ancillaries,Domestic Equities,69138.0,69138.0,0.0,28.518,26.5822,7.282316738268481,2.06393270007457,1100,schaeffler-india,Mid Cap,Apr-2026
587,7648,1,APL Apollo Tubes Ltd.,Iron & Steel,Iron & Steel,Domestic Equities,145881.0,128581.0,13.454553938762338,27.7903,24.9061,11.580295590236933,2.01126688108851,1100,apl-apollo-tubes,Mid Cap,Apr-2026
171877,6125,1,Cummins India Ltd.,Automobile & Ancillaries,Automobile & Ancillaries,Domestic Equities,50380.0,50380.0,0.0,26.5321,22.6715,17.028427761727276,1.92020719516265,1100,cummins-india,Large Cap,Apr-2026
133445,6416,1,Apar Industries Ltd.,Capital Goods,Capital Goods,Domestic Equities,21167.0,18327.0,15.496262345173786,26.101,18.1089,44.13354759262019,1.88900720263154,1100,apar-industries,Mid Cap,Apr-2026
157113,99763,1,PB Fintech Ltd.,IT,Information Technology,Domestic Equities,155259.0,155259.0,0.0,25.8693,22.1679,16.6971161003072,1.87223838270703,1100,pb-fintech,Mid Cap,Apr-2026
599,7495,1,Sundaram Finance Ltd.,Finance,Finance,Domestic Equities,56313.0,56313.0,0.0,25.5368,24.6398,3.64045162704242,1.84817436619904,1100,sundaram-finance,Mid Cap,Apr-2026
123367,112361,1,Ather Energy Ltd.,Automobile & Ancillaries,Automobile & Ancillaries,Domestic Equities,271607.0,271607.0,0.0,25.3912,20.4792,23.98531192624711,1.83763686002291,1100,ather-energy,Small Cap,Apr-2026
222979,112566,1,Vishal Mega Mart Ltd.,Retailing,Retailing,Domestic Equities,2039960.0,2039960.0,0.0,24.9467,21.4808,16.134873933931704,1.80546706953328,1100,vishal-mega-mart,Mid Cap,Apr-2026
171394,82477,1,Endurance Technologies Ltd.,Automobile & Ancillaries,Automobile & Ancillaries,Domestic Equities,106686.0,78503.0,35.90053883291085,24.8642,17.3798,43.063786694898674,1.79949629852002,1100,endurance-technologies,Mid Cap,Apr-2026
78344,89378,1,Acutaas Chemicals Ltd.,Healthcare,Healthcare,Domestic Equities,92552.0,92552.0,0.0,24.0089,23.6804,1.3872231887974829,1.73759568703346,1100,acutaas-chemicals,Small Cap,Apr-2026
46521,101004,1,Delhivery Ltd.,Logistics,Logistics,Domestic Equities,478407.0,478407.0,0.0,22.344,19.9352,12.08314940406919,1.61710190933677,1100,delhivery,Small Cap,Apr-2026
232979,113371,1,Physicswallah Ltd.,Education & Training,Other,Domestic Equities,2015904.0,2015904.0,0.0,21.8887,17.5988,24.37609382457893,1.58415049064178,1100,physicswallah,Mid Cap,Apr-2026
84908,112552,1,Swiggy Ltd.,Retailing,Information Technology,Domestic Equities,780440.0,780440.0,0.0,21.0953,20.2953,3.9417993328504735,1.52672976673971,1100,swiggy,Mid Cap,Apr-2026
37877,7189,1,JB Chemicals & Pharmaceuticals Ltd.,Healthcare,Healthcare,Domestic Equities,99780.0,99780.0,0.0,20.389,20.5986,-1.0175448816909904,1.475612729568,1100,jb-chemicals-pharmaceuticals,Small Cap,Apr-2026
77293,6578,1,Muthoot Finance Ltd.,Finance,Finance,Domestic Equities,57584.0,57584.0,0.0,19.7179,18.1971,8.357375625786522,1.42704322136196,1100,muthoot-finance,Large Cap,Apr-2026
509,8487,1,K.P.R. Mill Ltd.,Textile,Textile,Domestic Equities,206809.0,206809.0,0.0,19.3697,17.1538,12.917837447096264,1.4018429490369,1100,kpr-mill,Mid Cap,Apr-2026
152441,8334,1,Gokaldas Exports Ltd.,Textile,Textile,Domestic Equities,270641.0,270641.0,0.0,19.045,15.7026,21.285646962923337,1.37834344178835,1100,gokaldas-exports,Small Cap,Apr-2026
195442,101899,1,Syrma SGS Technology Ltd.,Electricals,Electricals,Domestic Equities,192682.0,192682.0,0.0,18.4772,14.8962,24.039687974114216,1.33725006262072,1100,syrma-sgs-technology,Small Cap,Apr-2026
227906,112970,1,Jain Resource Recycling Ltd.,Non - Ferrous Metals,Non - Ferrous Metals,Domestic Equities,401497.0,401497.0,0.0,18.4267,18.3283,0.5368746692273776,1.33359522703079,1100,jain-resource-recycling,Small Cap,Apr-2026
152222,5634,1,Max Financial Services Ltd.,Finance,Finance,Domestic Equities,115678.0,66178.0,74.7982713288404,18.3431,9.8652,85.93743664598792,1.32754484573735,1100,max-financial-services,Mid Cap,Apr-2026
56695,5727,1,Piramal Finance Ltd.,Finance,Finance,Domestic Equities,91350.0,74200.0,23.11320754716981,18.2572,13.612,34.12577137819571,1.32132800658536,1100,piramal-finance,Mid Cap,Apr-2026
171383,5551,1,Hero MotoCorp Ltd.,Automobile & Ancillaries,Automobile & Ancillaries,Domestic Equities,34657.0,34657.0,0.0,17.6716,17.5468,0.7112407960425843,1.27894638833851,1100,hero-motocorp,Large Cap,Apr-2026
152719,5290,1,NBCC (India) Ltd.,Capital Goods,Other,Domestic Equities,1834023.0,1650828.0,11.097158516817016,16.8088,12.7972,31.34748226174476,1.21650297948711,1100,nbcc-india,Small Cap,Apr-2026
114451,6891,1,City Union Bank Ltd.,Bank,Banking,Domestic Equities,598465.0,598465.0,0.0,16.1639,14.3542,12.60745983753884,1.16982964340891,1100,city-union-bank,Small Cap,Apr-2026
201928,105635,1,Piramal Pharma Ltd.,Healthcare,Healthcare,Domestic Equities,976439.0,976439.0,0.0,15.8056,13.3323,18.551187717048062,1.14389840396587,1100,piramal-pharma,Small Cap,Apr-2026
58272,82478,1,PNB Housing Finance Ltd.,Finance,Finance,Domestic Equities,150627.0,150627.0,0.0,15.7503,11.3731,38.48730777008908,1.13989617806243,1100,pnb-housing-finance,Small Cap,Apr-2026
57412,93539,1,Computer Age Management Services Ltd.,Business Services,Finance,Domestic Equities,192520.0,192520.0,0.0,14.2195,12.0479,18.02471800064742,1.02910761724912,1100,computer-age-management-services,Small Cap,Apr-2026
76174,111823,1,Bharti Hexacom Ltd.,Telecom,Telecom,Domestic Equities,91713.0,72413.0,26.65267286260754,13.9165,10.9249,27.38331700976669,1.00717860370951,1100,bharti-hexacom,Mid Cap,Apr-2026
160292,110213,1,ASK Automotive Ltd.,Automobile & Ancillaries,Automobile & Ancillaries,Domestic Equities,307250.0,24750.0,1141.414141414141,13.5175,1.1008,1127.9705668604652,0.978301783899921,1100,ask-automotive,Small Cap,Apr-2026
140194,102059,1,Rainbow Children's Medicare Ltd.,Healthcare,Healthcare,Domestic Equities,106524.0,106524.0,0.0,13.34,12.3898,7.669211770972896,0.965455579598664,1100,rainbow-childrens-medicare,Small Cap,Apr-2026
152356,7557,1,Black Box Ltd.,Telecom,Telecom,Domestic Equities,204700.0,204700.0,0.0,13.0926,9.1532,43.03850019665253,0.947550503857082,1100,black-box,Small Cap,Apr-2026
225180,112809,1,ITC Hotels Ltd.,Hospitality,Hospitality,Domestic Equities,804494.0,635994.0,26.49396063484876,12.9178,8.7684,47.32220245426759,0.934899706607168,1100,itc-hotels,Mid Cap,Apr-2026
540,7044,1,Edelweiss Financial Services Ltd.,Finance,Finance,Domestic Equities,1084844.0,1084844.0,0.0,12.3943,10.8126,14.628304015685412,0.897012450541209,1100,edelweiss-financial-services,Small Cap,Apr-2026
115131,88043,1,Lemon Tree Hotels Ltd.,Hospitality,Hospitality,Domestic Equities,1051425.0,1051425.0,0.0,12.3637,10.5584,17.098234580997122,0.894797837292654,1100,lemon-tree-hotels,Small Cap,Apr-2026
76268,106949,1,Indegene Ltd.,Business Services,Other,Domestic Equities,238041.0,238041.0,0.0,11.8961,10.3453,14.990382105883826,0.860956230919316,1100,indegene,Small Cap,Apr-2026
133623,8531,1,Radico Khaitan Ltd.,Alcohol,Alcohol,Domestic Equities,34482.0,34482.0,0.0,11.8035,9.0664,30.18949086737844,0.854254492788069,1100,radico-khaitan,Mid Cap,Apr-2026
63978,98925,1,CarTrade Tech Ltd.,Automobile & Ancillaries,Information Technology,Domestic Equities,70996.0,55096.0,28.85871932626688,11.5255,9.0908,26.7820213842566,0.834134803797931,1100,cartrade-tech,Small Cap,Apr-2026
227830,112938,1,Park Medi World Ltd.,Healthcare,Healthcare,Domestic Equities,489332.0,489332.0,0.0,11.2796,9.3002,21.2834132599299,0.816338287529317,1100,park-medi-world,Small Cap,Apr-2026
19510,6302,1,ZF Commercial Vehicle Control Systems India Ltd.,Automobile & Ancillaries,Automobile & Ancillaries,Domestic Equities,7322.0,7322.0,0.0,10.7626,10.0809,6.762293049231712,0.778921455846221,1100,zf-commercial-vehicle-control-systems-india,Small Cap,Apr-2026
115768,100528,1,Data Patterns (India) Ltd.,Capital Goods,Capital Goods,Domestic Equities,25500.0,25500.0,0.0,10.4083,7.74,34.47416020671834,0.753279708331093,1100,data-patterns-india,Small Cap,Apr-2026
133538,7699,1,Tips Music Ltd.,Media & Entertainment,Media & Entertainment,Domestic Equities,157158.0,106658.0,47.34759699225562,10.2106,5.265700000000001,93.90774256034332,0.738971569793862,1100,tips-music,Small Cap,Apr-2026
222304,112415,1,Leela Palaces Hotels & Resorts Ltd.,Hospitality,Hospitality,Domestic Equities,201076.0,201076.0,0.0,8.6111,8.2361,4.553125872682459,0.623210985118595,1100,leela-palaces-hotels-resorts,Small Cap,Apr-2026
58513,104175,1,Aadhar Housing Finance Ltd.,Finance,Finance,Domestic Equities,174390.0,174390.0,0.0,8.5207,7.8275,8.855956563398282,0.616668467547702,1100,aadhar-housing-finance,Small Cap,Apr-2026
171636,86629,1,ICICI Lombard General Insurance Company Ltd.,Insurance,Finance,Domestic Equities,42721.0,42721.0,0.0,7.532599999999999,7.3079,3.0747547174975067,0.54515672405434,1100,icici-lombard-general-insurance-company,Mid Cap,Apr-2026
118607,113620,1,Sedemac Mechatronics Ltd.,Telecom,Telecom,Domestic Equities,38876.0,20676.0,88.02476301025344,7.157100000000001,3.1291,128.7271100316385,0.517980669321259,1100,sedemac-mechatronics,,Apr-2026
2006,102339,1,Ethos Ltd.,Retailing,Retailing,Domestic Equities,27846.0,27846.0,0.0,6.6881,6.0796,10.008882163300202,0.48403774077315,1100,ethos,Small Cap,Apr-2026
77927,112668,1,Travel Food Services Ltd.,Hospitality,Hospitality,Domestic Equities,39848.0,39848.0,0.0,5.0201,5.0280000000000005,-0.1571201272871958,0.363319606832328,1100,travel-food-services,Small Cap,Apr-2026
152386,5556,1,Glaxosmithkline Pharmaceuticals Ltd.,Healthcare,Healthcare,Domestic Equities,20689.0,20689.0,0.0,4.8338,4.7233,2.339466051277711,0.349836520289657,1100,glaxosmithkline-pharmaceuticals,Mid Cap,Apr-2026
487,8535,1,V2 Retail Ltd.,Retailing,Retailing,Domestic Equities,229110.0,229110.0,0.0,4.5513,4.3325,5.050201961915752,0.329391152880615,1100,v2-retail,Small Cap,Apr-2026
171576,15890,1,Dr. Lal Pathlabs Ltd.,Healthcare,Healthcare,Domestic Equities,18300.0,18300.0,0.0,2.502,2.4011,4.20224063970679,0.181077200911234,1100,dr-lal-pathlabs,Small Cap,Apr-2026
177212,94646,1,Hitachi Energy India Ltd.,Capital Goods,Capital Goods,Domestic Equities,15963.0,15963.0,0.0,38.6863,40.8046,-5.191326468094282,3.40157773036353,1100,hitachi-energy-india,Mid Cap,Mar-2026
152686,7802,1,Multi Commodity Exchange Of India Ltd.,Finance,Finance,Domestic Equities,151300.0,151300.0,0.0,36.1516,36.9671,-2.2060156192939178,3.17870867663773,1100,multi-commodity-exchange-of-india,Mid Cap,Mar-2026
171327,5699,1,Marico Ltd.,FMCG,Fast Moving Consumer Goods,Domestic Equities,449670.0,449670.0,0.0,33.0935,35.4632,-6.68213810372443,2.90981853058539,1100,marico,Mid Cap,Mar-2026
122,5767,1,The Phoenix Mills Ltd.,Realty,Realty,Domestic Equities,211692.0,193724.0,9.275051103631972,31.8872,32.1311,-0.759077653737355,2.80375195879802,1100,the-phoenix-mills,Mid Cap,Mar-2026
152636,5140,1,Fortis Healthcare Ltd.,Healthcare,Healthcare,Domestic Equities,400952.0,400952.0,0.0,31.8757,37.7957,-15.66315744912781,2.80274079608928,1100,fortis-healthcare,Mid Cap,Mar-2026
152551,7908,1,GMR Airports Ltd.,Infrastructure,Aviation,Domestic Equities,3668135.0,3668135.0,0.0,31.0874,36.9124,-15.780604891581149,2.73342779058486,1100,gmr-airports,Mid Cap,Mar-2026
797,86851,1,Nippon Life India Asset Management Ltd.,Finance,Finance,Domestic Equities,376558.0,363539.0,3.581183861979045,30.1868,33.8528,-10.829237167974298,2.6542405614116,1100,nippon-life-india-asset-management,Mid Cap,Mar-2026
152795,99590,1,One97 Communications Ltd.,IT,Information Technology,Domestic Equities,306862.0,296141.0,3.620234955646128,29.4281,32.5252,-9.522155128946173,2.58753020079229,1100,one97-communications,Mid Cap,Mar-2026
171840,6541,1,UNO Minda Ltd.,Automobile & Ancillaries,Automobile & Ancillaries,Domestic Equities,282417.0,271657.0,3.9608771355054353,29.1341,32.2864,-9.76355369443481,2.56167960632534,1100,uno-minda,Mid Cap,Mar-2026
151967,5716,1,GE Vernova T&D India Ltd.,Capital Goods,Capital Goods,Domestic Equities,77884.0,74810.0,4.109076326694292,28.3529,28.8033,-1.563709713817513,2.49299088388458,1100,ge-vernova-td-india,Mid Cap,Mar-2026
135555,92715,1,360 One Wam Ltd.,Finance,Finance,Domestic Equities,285774.0,275083.0,3.8864633583318486,27.1371,30.3582,-10.61031286439908,2.3860890037726,1100,360-one-wam,Mid Cap,Mar-2026
79346,86555,1,Aditya Birla Capital Ltd.,Finance,Finance,Domestic Equities,910233.0,821274.0,10.83182957210383,26.6016,28.2888,-5.964197845083576,2.33900399242208,1100,aditya-birla-capital,Mid Cap,Mar-2026
19098,6973,1,Schaeffler India Ltd.,Automobile & Ancillaries,Automobile & Ancillaries,Domestic Equities,69138.0,59349.0,16.493959460142545,26.5822,25.8595,2.7947176086157888,2.33729820489603,1100,schaeffler-india,Mid Cap,Mar-2026
152370,5063,1,Escorts Kubota Ltd.,Automobile & Ancillaries,Automobile & Ancillaries,Domestic Equities,95792.0,95792.0,0.0,26.2499,33.7054,-22.119601013487458,2.30807999897301,1100,escorts-kubota,Mid Cap,Mar-2026
587,7648,1,APL Apollo Tubes Ltd.,Iron & Steel,Iron & Steel,Domestic Equities,128581.0,122807.0,4.701686385955198,24.9061,27.4425,-9.242598159788644,2.18992343827678,1100,apl-apollo-tubes,Mid Cap,Mar-2026
599,7495,1,Sundaram Finance Ltd.,Finance,Finance,Domestic Equities,56313.0,56313.0,0.0,24.6398,31.0256,-20.58235779485328,2.16650842703001,1100,sundaram-finance,Mid Cap,Mar-2026
7737,15826,1,IDFC First Bank Ltd.,Bank,Banking,Domestic Equities,4159365.0,4159365.0,0.0,24.4779,30.563,-19.910021921931754,2.15227301463478,1100,idfc-first-bank,Mid Cap,Mar-2026
78344,89378,1,Acutaas Chemicals Ltd.,Healthcare,Healthcare,Domestic Equities,92552.0,84452.0,9.59124709894378,23.6804,18.2315,29.88728299920467,2.08215107896337,1100,acutaas-chemicals,Small Cap,Mar-2026
171485,6291,1,Motilal Oswal Financial Services Ltd.,Finance,Finance,Domestic Equities,368775.0,352180.0,4.712079050485547,23.3342,25.5383,-8.630566639126327,2.05171068507065,1100,motilal-oswal-financial-services,Mid Cap,Mar-2026
171877,6125,1,Cummins India Ltd.,Automobile & Ancillaries,Automobile & Ancillaries,Domestic Equities,50380.0,50380.0,0.0,22.6715,24.6776,-8.129234609524431,1.99344133488953,1100,cummins-india,Large Cap,Mar-2026
157113,99763,1,PB Fintech Ltd.,IT,Information Technology,Domestic Equities,155259.0,224229.0,-30.75873325930188,22.1679,33.2218,-33.273031563611845,1.94916120096586,1100,pb-fintech,Mid Cap,Mar-2026
222979,112566,1,Vishal Mega Mart Ltd.,Retailing,Retailing,Domestic Equities,2039960.0,1927555.0,5.831480813777039,21.4808,22.7027,-5.3821792121641945,1.88874642729837,1100,vishal-mega-mart,Mid Cap,Mar-2026
37877,7189,1,JB Chemicals & Pharmaceuticals Ltd.,Healthcare,Healthcare,Domestic Equities,99780.0,99780.0,0.0,20.5986,20.4898,0.5309959101601825,1.8111770584591,1100,jb-chemicals-pharmaceuticals,Small Cap,Mar-2026
123367,112361,1,Ather Energy Ltd.,Automobile & Ancillaries,Automobile & Ancillaries,Domestic Equities,271607.0,271607.0,0.0,20.4792,19.3085,6.063132817153076,1.8006785517266,1100,ather-energy,Small Cap,Mar-2026
84908,112552,1,Swiggy Ltd.,Retailing,Information Technology,Domestic Equities,780440.0,741513.0,5.249671954503832,20.2953,22.3752,-9.295559369301728,1.78450874110594,1100,swiggy,Mid Cap,Mar-2026
46521,101004,1,Delhivery Ltd.,Logistics,Logistics,Domestic Equities,478407.0,436007.0,9.724614513069744,19.9352,18.8965,5.496785118937363,1.75284615924353,1100,delhivery,Small Cap,Mar-2026
227906,112970,1,Jain Resource Recycling Ltd.,Non - Ferrous Metals,Non - Ferrous Metals,Domestic Equities,401497.0,401497.0,0.0,18.3283,15.8792,15.423321074109516,1.61155595431514,1100,jain-resource-recycling,Small Cap,Mar-2026
77293,6578,1,Muthoot Finance Ltd.,Finance,Finance,Domestic Equities,57584.0,57584.0,0.0,18.1971,19.3108,-5.767239057936486,1.60001990671628,1100,muthoot-finance,Large Cap,Mar-2026
133445,6416,1,Apar Industries Ltd.,Capital Goods,Capital Goods,Domestic Equities,18327.0,18327.0,0.0,18.1089,20.4905,-11.62294721944316,1.5922647283762,1100,apar-industries,Mid Cap,Mar-2026
232979,113371,1,Physicswallah Ltd.,Education & Training,Other,Domestic Equities,2015904.0,2015904.0,0.0,17.5988,17.451700000000002,0.8428978265727715,1.54741306770411,1100,physicswallah,Mid Cap,Mar-2026
171383,5551,1,Hero MotoCorp Ltd.,Automobile & Ancillaries,Automobile & Ancillaries,Domestic Equities,34657.0,34657.0,0.0,17.5468,19.7891,-11.330985239348935,1.54284085371676,1100,hero-motocorp,Large Cap,Mar-2026
171394,82477,1,Endurance Technologies Ltd.,Automobile & Ancillaries,Automobile & Ancillaries,Domestic Equities,78503.0,78503.0,0.0,17.3798,20.895100000000003,-16.823561504850424,1.528157012642,1100,endurance-technologies,Mid Cap,Mar-2026
509,8487,1,K.P.R. Mill Ltd.,Textile,Textile,Domestic Equities,206809.0,206809.0,0.0,17.1538,18.5673,-7.612846240433445,1.50828546723543,1100,kpr-mill,Mid Cap,Mar-2026
152441,8334,1,Gokaldas Exports Ltd.,Textile,Textile,Domestic Equities,270641.0,222141.0,21.83297995417325,15.7026,14.2104,10.500760006755618,1.38068552611147,1100,gokaldas-exports,Small Cap,Mar-2026
195442,101899,1,Syrma SGS Technology Ltd.,Electricals,Electricals,Domestic Equities,192682.0,192682.0,0.0,14.8962,15.8433,-5.977921266402835,1.30978103843069,1100,syrma-sgs-technology,Small Cap,Mar-2026
114451,6891,1,City Union Bank Ltd.,Bank,Banking,Domestic Equities,598465.0,598465.0,0.0,14.3542,16.9396,-15.262461923540103,1.26212450033175,1100,city-union-bank,Small Cap,Mar-2026
56695,5727,1,Piramal Finance Ltd.,Finance,Finance,Domestic Equities,74200.0,,,13.612,,,1.1968649383815,1100,piramal-finance,Mid Cap,Mar-2026
201928,105635,1,Piramal Pharma Ltd.,Healthcare,Healthcare,Domestic Equities,976439.0,976439.0,0.0,13.3323,15.2451,-12.5469823090698,1.17227170276107,1100,piramal-pharma,Small Cap,Mar-2026
152719,5290,1,NBCC (India) Ltd.,Capital Goods,Other,Domestic Equities,1650828.0,1650828.0,0.0,12.7972,15.2982,-16.34832856153011,1.12522186228738,1100,nbcc-india,Small Cap,Mar-2026
76200,82667,1,BSE Ltd.,Finance,Finance,Domestic Equities,46800.0,,,12.558800000000002,,,1.10426001969921,1100,bse,Mid Cap,Mar-2026
140194,102059,1,Rainbow Children's Medicare Ltd.,Healthcare,Healthcare,Domestic Equities,106524.0,106524.0,0.0,12.3898,12.6732,-2.236215004892207,1.08940032424031,1100,rainbow-childrens-medicare,Small Cap,Mar-2026
57412,93539,1,Computer Age Management Services Ltd.,Business Services,Finance,Domestic Equities,192520.0,146070.0,31.79982200314917,12.0479,9.8977,21.72423896460793,1.05933801727347,1100,computer-age-management-services,Small Cap,Mar-2026
58272,82478,1,PNB Housing Finance Ltd.,Finance,Finance,Domestic Equities,150627.0,150627.0,0.0,11.3731,12.423,-8.451259760122355,1.00000474806837,1100,pnb-housing-finance,Small Cap,Mar-2026
76174,111823,1,Bharti Hexacom Ltd.,Telecom,Telecom,Domestic Equities,72413.0,19375.0,273.74451612903226,10.9249,3.1134,250.89933834393275,0.960595780585078,1100,bharti-hexacom,Mid Cap,Mar-2026
540,7044,1,Edelweiss Financial Services Ltd.,Finance,Finance,Domestic Equities,1084844.0,1084844.0,0.0,10.8126,12.4128,-12.8915313225058,0.950721556916239,1100,edelweiss-financial-services,Small Cap,Mar-2026
115131,88043,1,Lemon Tree Hotels Ltd.,Hospitality,Hospitality,Domestic Equities,1051425.0,1051425.0,0.0,10.5584,11.9515,-11.65627745471281,0.928370464693451,1100,lemon-tree-hotels,Small Cap,Mar-2026
76268,106949,1,Indegene Ltd.,Business Services,Other,Domestic Equities,238041.0,238041.0,0.0,10.3453,11.814,-12.431860504486211,0.909633180064514,1100,indegene,Small Cap,Mar-2026
19510,6302,1,ZF Commercial Vehicle Control Systems India Ltd.,Automobile & Ancillaries,Automobile & Ancillaries,Domestic Equities,7322.0,7322.0,0.0,10.0809,11.1031,-9.206437841683847,0.886385230482669,1100,zf-commercial-vehicle-control-systems-india,Small Cap,Mar-2026
152222,5634,1,Max Financial Services Ltd.,Finance,Finance,Domestic Equities,66178.0,66178.0,0.0,9.8652,12.0007,-17.794795303607287,0.867419335154364,1100,max-financial-services,Mid Cap,Mar-2026
227830,112938,1,Park Medi World Ltd.,Healthcare,Healthcare,Domestic Equities,489332.0,342332.0,42.94077094750126,9.3002,6.609400000000001,40.71171361999575,0.817740471637941,1100,park-medi-world,Small Cap,Mar-2026
152356,7557,1,Black Box Ltd.,Telecom,Telecom,Domestic Equities,204700.0,204700.0,0.0,9.1532,10.9207,-16.184859944875317,0.804815174404465,1100,black-box,Small Cap,Mar-2026
63978,98925,1,CarTrade Tech Ltd.,Automobile & Ancillaries,Information Technology,Domestic Equities,55096.0,55096.0,0.0,9.0908,9.9228,-8.384730116499368,0.799328517619642,1100,cartrade-tech,Small Cap,Mar-2026
133623,8531,1,Radico Khaitan Ltd.,Alcohol,Alcohol,Domestic Equities,34482.0,34482.0,0.0,9.0664,9.136,-0.7618213660245223,0.797183094133269,1100,radico-khaitan,Mid Cap,Mar-2026
225180,112809,1,ITC Hotels Ltd.,Hospitality,Hospitality,Domestic Equities,635994.0,635994.0,0.0,8.7684,11.1973,-21.69183642485242,0.770980790898058,1100,itc-hotels,Mid Cap,Mar-2026
222304,112415,1,Leela Palaces Hotels & Resorts Ltd.,Hospitality,Hospitality,Domestic Equities,201076.0,201076.0,0.0,8.2361,9.1198,-9.689905480383342,0.724177146562143,1100,leela-palaces-hotels-resorts,Small Cap,Mar-2026
58513,104175,1,Aadhar Housing Finance Ltd.,Finance,Finance,Domestic Equities,174390.0,174390.0,0.0,7.8275,8.0036,-2.2002598830526283,0.688250095884603,1100,aadhar-housing-finance,Small Cap,Mar-2026
115768,100528,1,Data Patterns (India) Ltd.,Capital Goods,Capital Goods,Domestic Equities,25500.0,,,7.74,,,0.680556466578962,1100,data-patterns-india,Small Cap,Mar-2026
171636,86629,1,ICICI Lombard General Insurance Company Ltd.,Insurance,Finance,Domestic Equities,42721.0,42721.0,0.0,7.3079,8.1234,-10.038899967993704,0.642563126887907,1100,icici-lombard-general-insurance-company,Mid Cap,Mar-2026
2006,102339,1,Ethos Ltd.,Retailing,Retailing,Domestic Equities,27846.0,27846.0,0.0,6.0796,6.7741,-10.252284436308871,0.534562156875124,1100,ethos,Small Cap,Mar-2026
133538,7699,1,Tips Music Ltd.,Media & Entertainment,Media & Entertainment,Domestic Equities,106658.0,106658.0,0.0,5.265700000000001,5.7563,-8.52283584941715,0.462998215253856,1100,tips-music,Small Cap,Mar-2026
77927,112668,1,Travel Food Services Ltd.,Hospitality,Hospitality,Domestic Equities,39848.0,39848.0,0.0,5.0280000000000005,4.918,2.2366815778771856,0.442097921700132,1100,travel-food-services,Small Cap,Mar-2026
152386,5556,1,Glaxosmithkline Pharmaceuticals Ltd.,Healthcare,Healthcare,Domestic Equities,20689.0,20689.0,0.0,4.7233,5.320399999999999,-11.222840387940751,0.415306506278089,1100,glaxosmithkline-pharmaceuticals,Mid Cap,Mar-2026
487,8535,1,V2 Retail Ltd.,Retailing,Retailing,Domestic Equities,229110.0,22911.0,900.0,4.3325,4.5689,-5.1741119306616445,0.380944559619296,1100,v2-retail,Small Cap,Mar-2026
118607,113620,1,Sedemac Mechatronics Ltd.,Telecom,Telecom,Domestic Equities,20676.0,,,3.1291,,,0.275132976688919,1100,sedemac-mechatronics,,Mar-2026
171576,15890,1,Dr. Lal Pathlabs Ltd.,Healthcare,Healthcare,Domestic Equities,18300.0,18300.0,0.0,2.4011,2.5618,-6.272933093918335,0.211121980865988,1100,dr-lal-pathlabs,Small Cap,Mar-2026
160292,110213,1,ASK Automotive Ltd.,Automobile & Ancillaries,Automobile & Ancillaries,Domestic Equities,24750.0,24750.0,0.0,1.1008,1.028,7.081712062256811,0.0967902530245635,1100,ask-automotive,Small Cap,Mar-2026
177212,94646,1,Hitachi Energy India Ltd.,Capital Goods,Capital Goods,Domestic Equities,15963.0,15963.0,0.0,40.8046,30.1094,35.521132935229524,3.32331591422544,1100,hitachi-energy-india,Mid Cap,Feb-2026
152636,5140,1,Fortis Healthcare Ltd.,Healthcare,Healthcare,Domestic Equities,400952.0,400952.0,0.0,37.7957,34.1411,10.704400268298327,3.07825714010897,1100,fortis-healthcare,Mid Cap,Feb-2026
152686,7802,1,Multi Commodity Exchange Of India Ltd.,Finance,Finance,Domestic Equities,151300.0,138000.0,9.637681159420293,36.9671,34.8864,5.964215281599712,3.01077211228056,1100,multi-commodity-exchange-of-india,Mid Cap,Feb-2026
152551,7908,1,GMR Airports Ltd.,Infrastructure,Aviation,Domestic Equities,3668135.0,3391735.0,8.149221563595033,36.9124,31.845,15.912702151044114,3.00631709053036,1100,gmr-airports,Mid Cap,Feb-2026
171327,5699,1,Marico Ltd.,FMCG,Fast Moving Consumer Goods,Domestic Equities,449670.0,449670.0,0.0,35.4632,32.816900000000004,8.063832964113006,2.88828751977374,1100,marico,Mid Cap,Feb-2026
797,86851,1,Nippon Life India Asset Management Ltd.,Finance,Finance,Domestic Equities,363539.0,363539.0,0.0,33.8528,31.9224,6.047164373606008,2.75712907321946,1100,nippon-life-india-asset-management,Mid Cap,Feb-2026
152370,5063,1,Escorts Kubota Ltd.,Automobile & Ancillaries,Automobile & Ancillaries,Domestic Equities,95792.0,95792.0,0.0,33.7054,32.3854,4.075910749905822,2.74512413343922,1100,escorts-kubota,Mid Cap,Feb-2026
157113,99763,1,PB Fintech Ltd.,IT,Information Technology,Domestic Equities,224229.0,203729.0,10.06238679814852,33.2218,33.707,-1.4394636128993972,2.70573750604625,1100,pb-fintech,Mid Cap,Feb-2026
152795,99590,1,One97 Communications Ltd.,IT,Information Technology,Domestic Equities,296141.0,270341.0,9.543502465404805,32.5252,30.7513,5.768536614712219,2.64900317055835,1100,one97-communications,Mid Cap,Feb-2026
171365,5279,1,Hindustan Petroleum Corporation Ltd.,Crude Oil,Crude Oil,Domestic Equities,741063.0,741063.0,0.0,32.5141,31.6434,2.7516006497405368,2.64809913506608,1100,hindustan-petroleum-corporation,Mid Cap,Feb-2026
171840,6541,1,UNO Minda Ltd.,Automobile & Ancillaries,Automobile & Ancillaries,Domestic Equities,271657.0,271657.0,0.0,32.2864,32.118,0.5243165826016467,2.62955419077869,1100,uno-minda,Mid Cap,Feb-2026
122,5767,1,The Phoenix Mills Ltd.,Realty,Realty,Domestic Equities,193724.0,193724.0,0.0,32.1311,32.365500000000004,-0.724227958783274,2.6169058383508,1100,the-phoenix-mills,Mid Cap,Feb-2026
599,7495,1,Sundaram Finance Ltd.,Finance,Finance,Domestic Equities,56313.0,56313.0,0.0,31.0256,29.722,4.38597671758294,2.52686878999899,1100,sundaram-finance,Mid Cap,Feb-2026
7737,15826,1,IDFC First Bank Ltd.,Bank,Banking,Domestic Equities,4159365.0,4159365.0,0.0,30.563,34.764,-12.084340121965248,2.48919250002382,1100,idfc-first-bank,Mid Cap,Feb-2026
135555,92715,1,360 One Wam Ltd.,Finance,Finance,Domestic Equities,275083.0,275083.0,0.0,30.3582,31.2027,-2.706496553182892,2.47251263796824,1100,360-one-wam,Mid Cap,Feb-2026
151967,5716,1,GE Vernova T&D India Ltd.,Capital Goods,Capital Goods,Domestic Equities,74810.0,,,28.8033,,,2.34587436887531,1100,ge-vernova-td-india,Mid Cap,Feb-2026
79346,86555,1,Aditya Birla Capital Ltd.,Finance,Finance,Domestic Equities,821274.0,821274.0,0.0,28.2888,27.9069,1.3684787633166011,2.30397110213899,1100,aditya-birla-capital,Mid Cap,Feb-2026
587,7648,1,APL Apollo Tubes Ltd.,Iron & Steel,Iron & Steel,Domestic Equities,122807.0,105357.0,16.562734322351623,27.4425,21.5529,27.32625307963198,2.23504450420128,1100,apl-apollo-tubes,Mid Cap,Feb-2026
19098,6973,1,Schaeffler India Ltd.,Automobile & Ancillaries,Automobile & Ancillaries,Domestic Equities,59349.0,34049.0,74.30467855149931,25.8595,12.3329,109.67898872122532,2.10611764075405,1100,schaeffler-india,Mid Cap,Feb-2026
171485,6291,1,Motilal Oswal Financial Services Ltd.,Finance,Finance,Domestic Equities,352180.0,352180.0,0.0,25.5383,26.5385,-3.768864103095503,2.07995762272546,1100,motilal-oswal-financial-services,Mid Cap,Feb-2026
171877,6125,1,Cummins India Ltd.,Automobile & Ancillaries,Automobile & Ancillaries,Domestic Equities,50380.0,50380.0,0.0,24.6776,20.7188,19.10728420564898,2.00985822198697,1100,cummins-india,Large Cap,Feb-2026
222979,112566,1,Vishal Mega Mart Ltd.,Retailing,Retailing,Domestic Equities,1927555.0,1927555.0,0.0,22.7027,24.277600000000003,-6.487049790753625,1.84901320453787,1100,vishal-mega-mart,Mid Cap,Feb-2026
84908,112552,1,Swiggy Ltd.,Retailing,Information Technology,Domestic Equities,741513.0,741513.0,0.0,22.3752,22.968400000000003,-2.5826788108880097,1.82234008528394,1100,swiggy,Mid Cap,Feb-2026
171394,82477,1,Endurance Technologies Ltd.,Automobile & Ancillaries,Automobile & Ancillaries,Domestic Equities,78503.0,78503.0,0.0,20.895100000000003,19.0511,9.679231120512744,1.70179387518397,1100,endurance-technologies,Mid Cap,Feb-2026
133445,6416,1,Apar Industries Ltd.,Capital Goods,Capital Goods,Domestic Equities,18327.0,2907.0,530.4437564499484,20.4905,2.3239,781.7289900598134,1.66884137426752,1100,apar-industries,Mid Cap,Feb-2026
37877,7189,1,JB Chemicals & Pharmaceuticals Ltd.,Healthcare,Healthcare,Domestic Equities,99780.0,99780.0,0.0,20.4898,18.6539,9.841909734693544,1.66878436302026,1100,jb-chemicals-pharmaceuticals,Small Cap,Feb-2026
171383,5551,1,Hero MotoCorp Ltd.,Automobile & Ancillaries,Automobile & Ancillaries,Domestic Equities,34657.0,34657.0,0.0,19.7891,19.1792,3.180007508133812,1.61171610451269,1100,hero-motocorp,Large Cap,Feb-2026
77293,6578,1,Muthoot Finance Ltd.,Finance,Finance,Domestic Equities,57584.0,57584.0,0.0,19.3108,22.0524,-12.432206925323316,1.57276113370612,1100,muthoot-finance,Large Cap,Feb-2026
123367,112361,1,Ather Energy Ltd.,Automobile & Ancillaries,Automobile & Ancillaries,Domestic Equities,271607.0,271607.0,0.0,19.3085,16.8736,14.430234212023516,1.57257381103655,1100,ather-energy,Small Cap,Feb-2026
46521,101004,1,Delhivery Ltd.,Logistics,Logistics,Domestic Equities,436007.0,436007.0,0.0,18.8965,18.4409,2.470595252943196,1.53901861979191,1100,delhivery,Small Cap,Feb-2026
509,8487,1,K.P.R. Mill Ltd.,Textile,Textile,Domestic Equities,206809.0,96759.0,113.73618991515002,18.5673,8.4137,120.67936817333636,1.51220704465178,1100,kpr-mill,Mid Cap,Feb-2026
78344,89378,1,Acutaas Chemicals Ltd.,Healthcare,Healthcare,Domestic Equities,84452.0,84452.0,0.0,18.2315,16.151400000000002,12.878759735998116,1.48485793489462,1100,acutaas-chemicals,Small Cap,Feb-2026
232979,113371,1,Physicswallah Ltd.,Education & Training,Other,Domestic Equities,2015904.0,1685904.0,19.57406827435014,17.451700000000002,20.1381,-13.339888072856915,1.42134740544664,1100,physicswallah,Mid Cap,Feb-2026
114451,6891,1,City Union Bank Ltd.,Bank,Banking,Domestic Equities,598465.0,598465.0,0.0,16.9396,18.0587,-6.197013074030791,1.37963960584378,1100,city-union-bank,Small Cap,Feb-2026
227906,112970,1,Jain Resource Recycling Ltd.,Non - Ferrous Metals,Non - Ferrous Metals,Domestic Equities,401497.0,401497.0,0.0,15.8792,16.4955,-3.736170470734436,1.29327571070832,1100,jain-resource-recycling,Small Cap,Feb-2026
195442,101899,1,Syrma SGS Technology Ltd.,Electricals,Electricals,Domestic Equities,192682.0,192682.0,0.0,15.8433,14.6631,8.048775497677843,1.29035184817025,1100,syrma-sgs-technology,Small Cap,Feb-2026
152719,5290,1,NBCC (India) Ltd.,Capital Goods,Other,Domestic Equities,1650828.0,1650828.0,0.0,15.2982,16.3201,-6.261603789192471,1.24595637548226,1100,nbcc-india,Small Cap,Feb-2026
201928,105635,1,Piramal Pharma Ltd.,Healthcare,Healthcare,Domestic Equities,976439.0,976439.0,0.0,15.2451,15.103599999999998,0.93686273471226,1.24163166515438,1100,piramal-pharma,Small Cap,Feb-2026
152441,8334,1,Gokaldas Exports Ltd.,Textile,Textile,Domestic Equities,222141.0,96441.0,130.338756338072,14.2104,5.3047,167.88319791882668,1.15736089723975,1100,gokaldas-exports,Small Cap,Feb-2026
140194,102059,1,Rainbow Children's Medicare Ltd.,Healthcare,Healthcare,Domestic Equities,106524.0,106524.0,0.0,12.6732,12.1235,4.534169175568114,1.03216419825612,1100,rainbow-childrens-medicare,Small Cap,Feb-2026
58272,82478,1,PNB Housing Finance Ltd.,Finance,Finance,Domestic Equities,150627.0,150627.0,0.0,12.423,12.3876,0.2857696406083473,1.01178674959251,1100,pnb-housing-finance,Small Cap,Feb-2026
540,7044,1,Edelweiss Financial Services Ltd.,Finance,Finance,Domestic Equities,1084844.0,1084844.0,0.0,12.4128,11.585,7.145446698316786,1.01095601427529,1100,edelweiss-financial-services,Small Cap,Feb-2026
152222,5634,1,Max Financial Services Ltd.,Finance,Finance,Domestic Equities,66178.0,20978.0,215.46381923920296,12.0007,3.385,254.5258493353028,0.97739267856676,1100,max-financial-services,Mid Cap,Feb-2026
115131,88043,1,Lemon Tree Hotels Ltd.,Hospitality,Hospitality,Domestic Equities,1051425.0,1051425.0,0.0,11.9515,13.5728,-11.94521395732641,0.97338560233075,1100,lemon-tree-hotels,Small Cap,Feb-2026
76268,106949,1,Indegene Ltd.,Business Services,Other,Domestic Equities,238041.0,238041.0,0.0,11.814,11.4831,2.881626041748321,0.962186964476048,1100,indegene,Small Cap,Feb-2026
225180,112809,1,ITC Hotels Ltd.,Hospitality,Hospitality,Domestic Equities,635994.0,635994.0,0.0,11.1973,11.496199999999998,-2.5999895617682256,0.91196005563972,1100,itc-hotels,Mid Cap,Feb-2026
19510,6302,1,ZF Commercial Vehicle Control Systems India Ltd.,Automobile & Ancillaries,Automobile & Ancillaries,Domestic Equities,7322.0,7322.0,0.0,11.1031,10.9749,1.1681199828699975,0.904287970651261,1100,zf-commercial-vehicle-control-systems-india,Small Cap,Feb-2026
152356,7557,1,Black Box Ltd.,Telecom,Telecom,Domestic Equities,204700.0,204700.0,0.0,10.9207,10.5461,3.55202397094661,0.889432468508005,1100,black-box,Small Cap,Feb-2026
63978,98925,1,CarTrade Tech Ltd.,Automobile & Ancillaries,Information Technology,Domestic Equities,55096.0,55096.0,0.0,9.9228,14.5966,-32.01978542948358,0.808158863306494,1100,cartrade-tech,Small Cap,Feb-2026
57412,93539,1,Computer Age Management Services Ltd.,Business Services,Finance,Domestic Equities,146070.0,146070.0,0.0,9.8977,10.1526,-2.5106869176368627,0.806114602869018,1100,computer-age-management-services,Small Cap,Feb-2026
133623,8531,1,Radico Khaitan Ltd.,Alcohol,Alcohol,Domestic Equities,34482.0,34482.0,0.0,9.136,9.7519,-6.315692326623533,0.744078221385913,1100,radico-khaitan,Mid Cap,Feb-2026
222304,112415,1,Leela Palaces Hotels & Resorts Ltd.,Hospitality,Hospitality,Domestic Equities,201076.0,201076.0,0.0,9.1198,8.4653,7.731562968825682,0.742758818235031,1100,leela-palaces-hotels-resorts,Small Cap,Feb-2026
171636,86629,1,ICICI Lombard General Insurance Company Ltd.,Insurance,Finance,Domestic Equities,42721.0,42721.0,0.0,8.1234,7.75,4.818064516129036,0.661607379991935,1100,icici-lombard-general-insurance-company,Mid Cap,Feb-2026
58513,104175,1,Aadhar Housing Finance Ltd.,Finance,Finance,Domestic Equities,174390.0,174390.0,0.0,8.0036,8.5678,-6.585121034571298,0.651850312246529,1100,aadhar-housing-finance,Small Cap,Feb-2026
2006,102339,1,Ethos Ltd.,Retailing,Retailing,Domestic Equities,27846.0,27846.0,0.0,6.7741,7.1074,-4.689478571629575,0.551714128665752,1100,ethos,Small Cap,Feb-2026
227830,112938,1,Park Medi World Ltd.,Healthcare,Healthcare,Domestic Equities,342332.0,342332.0,0.0,6.609400000000001,5.2592,25.673106175844257,0.538300196631792,1100,park-medi-world,Small Cap,Feb-2026
133538,7699,1,Tips Music Ltd.,Media & Entertainment,Media & Entertainment,Domestic Equities,106658.0,106658.0,0.0,5.7563,5.800599999999999,-0.7637140985415216,0.46881977514927,1100,tips-music,Small Cap,Feb-2026
152386,5556,1,Glaxosmithkline Pharmaceuticals Ltd.,Healthcare,Healthcare,Domestic Equities,20689.0,20689.0,0.0,5.320399999999999,4.9687,7.078310221989646,0.433318057033889,1100,glaxosmithkline-pharmaceuticals,Mid Cap,Feb-2026
77927,112668,1,Travel Food Services Ltd.,Hospitality,Hospitality,Domestic Equities,39848.0,39848.0,0.0,4.918,4.2518,15.668657980149584,0.400544734323108,1100,travel-food-services,Small Cap,Feb-2026
487,8535,1,V2 Retail Ltd.,Retailing,Retailing,Domestic Equities,22911.0,22911.0,0.0,4.5689,4.5721,-0.0699897202598353,0.372112410868005,1100,v2-retail,Small Cap,Feb-2026
76174,111823,1,Bharti Hexacom Ltd.,Telecom,Telecom,Domestic Equities,19375.0,19375.0,0.0,3.1134,2.9931,4.019244261802136,0.253569738886044,1100,bharti-hexacom,Mid Cap,Feb-2026
171576,15890,1,Dr. Lal Pathlabs Ltd.,Healthcare,Healthcare,Domestic Equities,18300.0,18300.0,0.0,2.5618,2.5794,-0.6823292238505043,0.208644876044925,1100,dr-lal-pathlabs,Small Cap,Feb-2026
160292,110213,1,ASK Automotive Ltd.,Automobile & Ancillaries,Automobile & Ancillaries,Domestic Equities,24750.0,24750.0,0.0,1.028,1.1037,-6.858747848147148,0.0837250888337038,1100,ask-automotive,Small Cap,Feb-2026
152686,7802,1,Multi Commodity Exchange Of India Ltd.,Finance,Finance,Domestic Equities,138000.0,29300.0,370.98976109215016,34.8864,32.6285,6.920023905481404,2.98291151432882,1100,multi-commodity-exchange-of-india,Mid Cap,Jan-2026
7737,15826,1,IDFC First Bank Ltd.,Bank,Banking,Domestic Equities,4159365.0,3596865.0,15.638618630390631,34.764,30.792800000000003,12.896521264711229,2.9724458781682,1100,idfc-first-bank,Mid Cap,Jan-2026
152636,5140,1,Fortis Healthcare Ltd.,Healthcare,Healthcare,Domestic Equities,400952.0,336122.0,19.28763960704744,34.1411,29.7132,14.90213103940336,2.919185708524,1100,fortis-healthcare,Mid Cap,Jan-2026
157113,99763,1,PB Fintech Ltd.,IT,Information Technology,Domestic Equities,203729.0,160029.0,27.3075505064707,33.707,29.2149,15.376058107335645,2.88206861165042,1100,pb-fintech,Mid Cap,Jan-2026
171327,5699,1,Marico Ltd.,FMCG,Fast Moving Consumer Goods,Domestic Equities,449670.0,411370.0,9.31035321000559,32.816900000000004,30.8774,6.28129311405754,2.80596188986474,1100,marico,Mid Cap,Jan-2026
152370,5063,1,Escorts Kubota Ltd.,Automobile & Ancillaries,Automobile & Ancillaries,Domestic Equities,95792.0,76852.0,24.644771769114666,32.3854,28.5874,13.28557336448926,2.76906710225602,1100,escorts-kubota,Mid Cap,Jan-2026
122,5767,1,The Phoenix Mills Ltd.,Realty,Realty,Domestic Equities,193724.0,165524.0,17.036804330489836,32.365500000000004,30.6799,5.494150893581804,2.76736558134429,1100,the-phoenix-mills,Mid Cap,Jan-2026
171840,6541,1,UNO Minda Ltd.,Automobile & Ancillaries,Automobile & Ancillaries,Domestic Equities,271657.0,238727.0,13.793999003045322,32.118,30.695500000000003,4.634229773093776,2.74620344940186,1100,uno-minda,Mid Cap,Jan-2026
797,86851,1,Nippon Life India Asset Management Ltd.,Finance,Finance,Domestic Equities,363539.0,152539.0,138.3252807478743,31.9224,13.4181,137.90551568403873,2.72947895240008,1100,nippon-life-india-asset-management,Mid Cap,Jan-2026
152551,7908,1,GMR Airports Ltd.,Infrastructure,Aviation,Domestic Equities,3391735.0,2979615.0,13.831317133253792,31.845,31.0982,2.4014251628711576,2.72286097659263,1100,gmr-airports,Mid Cap,Jan-2026
171365,5279,1,Hindustan Petroleum Corporation Ltd.,Crude Oil,Crude Oil,Domestic Equities,741063.0,646223.0,14.676048361014695,31.6434,32.2498,-1.8803217384293816,2.70562345821043,1100,hindustan-petroleum-corporation,Mid Cap,Jan-2026
135555,92715,1,360 One Wam Ltd.,Finance,Finance,Domestic Equities,275083.0,240083.0,14.578291674129362,31.2027,28.5699,9.21529301817648,2.6679420378184,1100,360-one-wam,Mid Cap,Jan-2026
152795,99590,1,One97 Communications Ltd.,IT,Information Technology,Domestic Equities,270341.0,227251.0,18.96141271105517,30.7513,29.5176,4.179540342033223,2.62934572929794,1100,one97-communications,Mid Cap,Jan-2026
177212,94646,1,Hitachi Energy India Ltd.,Capital Goods,Capital Goods,Domestic Equities,15963.0,6883.0,131.91922126979514,30.1094,12.6028,138.91040086330025,2.57446099194907,1100,hitachi-energy-india,Mid Cap,Jan-2026
599,7495,1,Sundaram Finance Ltd.,Finance,Finance,Domestic Equities,56313.0,56313.0,0.0,29.722,29.749,-0.0907593532555808,2.54133691148645,1100,sundaram-finance,Mid Cap,Jan-2026
79346,86555,1,Aditya Birla Capital Ltd.,Finance,Finance,Domestic Equities,821274.0,821274.0,0.0,27.9069,29.377,-5.004255029444796,2.3861393935523,1100,aditya-birla-capital,Mid Cap,Jan-2026
171943,4973,1,REC Ltd.,Finance,Finance,Domestic Equities,742850.0,,,27.0472,,,2.31263198009409,1100,rec,Mid Cap,Jan-2026
171485,6291,1,Motilal Oswal Financial Services Ltd.,Finance,Finance,Domestic Equities,352180.0,352180.0,0.0,26.5385,30.1378,-11.942809362329044,2.2691363173906,1100,motilal-oswal-financial-services,Mid Cap,Jan-2026
222979,112566,1,Vishal Mega Mart Ltd.,Retailing,Retailing,Domestic Equities,1927555.0,1643355.0,17.293889634315164,24.277600000000003,22.4104,8.331845928675984,2.07582131089104,1100,vishal-mega-mart,Mid Cap,Jan-2026
84908,112552,1,Swiggy Ltd.,Retailing,Information Technology,Domestic Equities,741513.0,741513.0,0.0,22.968400000000003,28.6409,-19.80559270134668,1.96388004568284,1100,swiggy,Mid Cap,Jan-2026
77293,6578,1,Muthoot Finance Ltd.,Finance,Finance,Domestic Equities,57584.0,81154.0,-29.04354683687804,22.0524,30.9335,-28.710297897101857,1.885558781605,1100,muthoot-finance,Large Cap,Jan-2026
587,7648,1,APL Apollo Tubes Ltd.,Iron & Steel,Iron & Steel,Domestic Equities,105357.0,61515.0,71.27042184832968,21.5529,11.774,83.05503652114827,1.84284975168483,1100,apl-apollo-tubes,Mid Cap,Jan-2026
171877,6125,1,Cummins India Ltd.,Automobile & Ancillaries,Automobile & Ancillaries,Domestic Equities,50380.0,50380.0,0.0,20.7188,22.3405,-7.259013898525104,1.77153122944975,1100,cummins-india,Large Cap,Jan-2026
232979,113371,1,Physicswallah Ltd.,Education & Training,Other,Domestic Equities,1685904.0,1685904.0,0.0,20.1381,22.390500000000003,-10.059623501038397,1.72187931018119,1100,physicswallah,Mid Cap,Jan-2026
171383,5551,1,Hero MotoCorp Ltd.,Automobile & Ancillaries,Automobile & Ancillaries,Domestic Equities,34657.0,53047.0,-34.667370445077005,19.1792,30.6134,-37.35031064827821,1.63988994323333,1100,hero-motocorp,Large Cap,Jan-2026
171394,82477,1,Endurance Technologies Ltd.,Automobile & Ancillaries,Automobile & Ancillaries,Domestic Equities,78503.0,,,19.0511,,,1.62893693676131,1100,endurance-technologies,Mid Cap,Jan-2026
233245,113399,1,Billionbrains Garage Ventures Ltd.,IT,Finance,Domestic Equities,1068400.0,,,18.915,,,1.61729990178206,1100,billionbrains-garage-ventures,Mid Cap,Jan-2026
37877,7189,1,JB Chemicals & Pharmaceuticals Ltd.,Healthcare,Healthcare,Domestic Equities,99780.0,99780.0,0.0,18.6539,18.157,2.7366855758109847,1.59497492137734,1100,jb-chemicals-pharmaceuticals,Small Cap,Jan-2026
46521,101004,1,Delhivery Ltd.,Logistics,Logistics,Domestic Equities,436007.0,469507.0,-7.135143884968702,18.4409,18.961,-2.742998786983809,1.57676266237234,1100,delhivery,Small Cap,Jan-2026
114451,6891,1,City Union Bank Ltd.,Bank,Banking,Domestic Equities,598465.0,598465.0,0.0,18.0587,17.403399999999998,3.7653561947665386,1.54408320043942,1100,city-union-bank,Small Cap,Jan-2026
123299,91366,1,KPIT Technologies Ltd.,IT,Information Technology,Domestic Equities,169871.0,183351.0,-7.352018805460565,17.698900000000002,21.4979,-17.67149349471343,1.51331901832675,1100,kpit-technologies,Small Cap,Jan-2026
123367,112361,1,Ather Energy Ltd.,Automobile & Ancillaries,Automobile & Ancillaries,Domestic Equities,271607.0,271607.0,0.0,16.8736,20.4995,-17.687748481670283,1.44275292744963,1100,ather-energy,Small Cap,Jan-2026
227906,112970,1,Jain Resource Recycling Ltd.,Non - Ferrous Metals,Non - Ferrous Metals,Domestic Equities,401497.0,401497.0,0.0,16.4955,16.6782,-1.095441954167715,1.41042403012667,1100,jain-resource-recycling,Small Cap,Jan-2026
152719,5290,1,NBCC (India) Ltd.,Capital Goods,Other,Domestic Equities,1650828.0,1650828.0,0.0,16.3201,20.1021,-18.81395476094537,1.39542670510565,1100,nbcc-india,Small Cap,Jan-2026
78344,89378,1,Acutaas Chemicals Ltd.,Healthcare,Healthcare,Domestic Equities,84452.0,84452.0,0.0,16.151400000000002,14.3982,12.176522065258167,1.38100225395944,1100,acutaas-chemicals,Small Cap,Jan-2026
201928,105635,1,Piramal Pharma Ltd.,Healthcare,Healthcare,Domestic Equities,976439.0,976439.0,0.0,15.103599999999998,16.8153,-10.17941993303718,1.29141162022498,1100,piramal-pharma,Small Cap,Jan-2026
195442,101899,1,Syrma SGS Technology Ltd.,Electricals,Electricals,Domestic Equities,192682.0,192682.0,0.0,14.6631,14.1265,3.7985346688847095,1.25374730054562,1100,syrma-sgs-technology,Small Cap,Jan-2026
63978,98925,1,CarTrade Tech Ltd.,Automobile & Ancillaries,Information Technology,Domestic Equities,55096.0,67246.0,-18.06798917407727,14.5966,19.0051,-23.1964051754529,1.24806131357927,1100,cartrade-tech,Small Cap,Jan-2026
38741,90008,1,Angel One Ltd.,Finance,Finance,Domestic Equities,55750.0,55750.0,0.0,14.1655,13.0678,8.40003673150798,1.21120072739591,1100,angel-one,Small Cap,Jan-2026
115131,88043,1,Lemon Tree Hotels Ltd.,Hospitality,Hospitality,Domestic Equities,1051425.0,1051425.0,0.0,13.5728,16.745,-18.944162436548226,1.16052276536651,1100,lemon-tree-hotels,Small Cap,Jan-2026
58272,82478,1,PNB Housing Finance Ltd.,Finance,Finance,Domestic Equities,150627.0,150627.0,0.0,12.3876,14.3322,-13.568049566709927,1.05918394202038,1100,pnb-housing-finance,Small Cap,Jan-2026
19098,6973,1,Schaeffler India Ltd.,Automobile & Ancillaries,Automobile & Ancillaries,Domestic Equities,34049.0,34049.0,0.0,12.3329,13.2076,-6.62270208062025,1.05450689710219,1100,schaeffler-india,Mid Cap,Jan-2026
140194,102059,1,Rainbow Children's Medicare Ltd.,Healthcare,Healthcare,Domestic Equities,106524.0,125924.0,-15.406117975921983,12.1235,16.622,-27.06353026109976,1.03660245092544,1100,rainbow-childrens-medicare,Small Cap,Jan-2026
540,7044,1,Edelweiss Financial Services Ltd.,Finance,Finance,Domestic Equities,1084844.0,1305844.0,-16.923920468294835,11.585,14.111,-17.90092835376656,0.990558782032521,1100,edelweiss-financial-services,Small Cap,Jan-2026
225180,112809,1,ITC Hotels Ltd.,Hospitality,Hospitality,Domestic Equities,635994.0,635994.0,0.0,11.496199999999998,12.556400000000002,-8.44350291484822,0.982966065602267,1100,itc-hotels,Mid Cap,Jan-2026
76268,106949,1,Indegene Ltd.,Business Services,Other,Domestic Equities,238041.0,264321.0,-9.94245633150601,11.4831,13.7566,-16.526612680458843,0.981845968921678,1100,indegene,Small Cap,Jan-2026
19510,6302,1,ZF Commercial Vehicle Control Systems India Ltd.,Automobile & Ancillaries,Automobile & Ancillaries,Domestic Equities,7322.0,7322.0,0.0,10.9749,10.8937,0.745384947263108,0.938393057999889,1100,zf-commercial-vehicle-control-systems-india,Small Cap,Jan-2026
152356,7557,1,Black Box Ltd.,Telecom,Telecom,Domestic Equities,204700.0,204700.0,0.0,10.5461,11.2759,-6.472210643939732,0.901729130012358,1100,black-box,Small Cap,Jan-2026
57412,93539,1,Computer Age Management Services Ltd.,Business Services,Finance,Domestic Equities,146070.0,146070.0,0.0,10.1526,10.8223,-6.188148545133662,0.86808347781298,1100,computer-age-management-services,Small Cap,Jan-2026
133623,8531,1,Radico Khaitan Ltd.,Alcohol,Alcohol,Domestic Equities,34482.0,34482.0,0.0,9.7519,11.3735,-14.2577043126566,0.833822199957094,1100,radico-khaitan,Mid Cap,Jan-2026
58513,104175,1,Aadhar Housing Finance Ltd.,Finance,Finance,Domestic Equities,174390.0,174390.0,0.0,8.5678,8.4588,1.2885988556296375,0.732577430530706,1100,aadhar-housing-finance,Small Cap,Jan-2026
222304,112415,1,Leela Palaces Hotels & Resorts Ltd.,Hospitality,Hospitality,Domestic Equities,201076.0,201076.0,0.0,8.4653,8.7176,-2.8941451775718106,0.723813315281821,1100,leela-palaces-hotels-resorts,Small Cap,Jan-2026
509,8487,1,K.P.R. Mill Ltd.,Textile,Textile,Domestic Equities,96759.0,96759.0,0.0,8.4137,9.1186,-7.730353343715045,0.719401331410187,1100,kpr-mill,Mid Cap,Jan-2026
171636,86629,1,ICICI Lombard General Insurance Company Ltd.,Insurance,Finance,Domestic Equities,42721.0,42721.0,0.0,7.75,8.3823,-7.543275711916779,0.662652616379114,1100,icici-lombard-general-insurance-company,Mid Cap,Jan-2026
2006,102339,1,Ethos Ltd.,Retailing,Retailing,Domestic Equities,27846.0,27846.0,0.0,7.1074,8.2895,-14.260208697750173,0.60770802653586,1100,ethos,Small Cap,Jan-2026
133538,7699,1,Tips Music Ltd.,Media & Entertainment,Media & Entertainment,Domestic Equities,106658.0,106658.0,0.0,5.800599999999999,5.8902,-1.521170758208556,0.495971969879831,1100,tips-music,Small Cap,Jan-2026
152441,8334,1,Gokaldas Exports Ltd.,Textile,Textile,Domestic Equities,96441.0,96441.0,0.0,5.3047,7.1569,-25.879920077128364,0.453570752787908,1100,gokaldas-exports,Small Cap,Jan-2026
227830,112938,1,Park Medi World Ltd.,Healthcare,Healthcare,Domestic Equities,342332.0,342332.0,0.0,5.2592,5.0169,4.829675696147016,0.449680340653037,1100,park-medi-world,Small Cap,Jan-2026
152386,5556,1,Glaxosmithkline Pharmaceuticals Ltd.,Healthcare,Healthcare,Domestic Equities,20689.0,20689.0,0.0,4.9687,5.1176,-2.9095669845239933,0.424841555484246,1100,glaxosmithkline-pharmaceuticals,Mid Cap,Jan-2026
487,8535,1,V2 Retail Ltd.,Retailing,Retailing,Domestic Equities,22911.0,22911.0,0.0,4.5721,5.6082,-18.47473342605472,0.390930842238316,1100,v2-retail,Small Cap,Jan-2026
77927,112668,1,Travel Food Services Ltd.,Hospitality,Hospitality,Domestic Equities,39848.0,39848.0,0.0,4.2518,4.6722,-8.997902487051073,0.363544050880092,1100,travel-food-services,Small Cap,Jan-2026
152222,5634,1,Max Financial Services Ltd.,Finance,Finance,Domestic Equities,20978.0,20978.0,0.0,3.385,3.5071,-3.4815089390094327,0.289429562121716,1100,max-financial-services,Mid Cap,Jan-2026
76174,111823,1,Bharti Hexacom Ltd.,Telecom,Telecom,Domestic Equities,19375.0,19375.0,0.0,2.9931,3.5295,-15.19762005949851,0.255920715623784,1100,bharti-hexacom,Mid Cap,Jan-2026
171576,15890,1,Dr. Lal Pathlabs Ltd.,Healthcare,Healthcare,Domestic Equities,18300.0,18300.0,0.0,2.5794,2.7132,-4.93144626271561,0.22054789144365,1100,dr-lal-pathlabs,Small Cap,Jan-2026
133445,6416,1,Apar Industries Ltd.,Capital Goods,Capital Goods,Domestic Equities,2907.0,2907.0,0.0,2.3239,2.4324,-4.460615030422637,0.19870173099399,1100,apar-industries,Mid Cap,Jan-2026
160292,110213,1,ASK Automotive Ltd.,Automobile & Ancillaries,Automobile & Ancillaries,Domestic Equities,24750.0,24750.0,0.0,1.1037,1.1847,-6.837173968093184,0.0943702829287262,1100,ask-automotive,Small Cap,Jan-2026
152686,7802,1,Multi Commodity Exchange Of India Ltd.,Finance,Finance,Domestic Equities,29300.0,14857.0,97.21343474456484,32.6285,14.9662,118.01459288262888,2.8199332380579,1100,multi-commodity-exchange-of-india,,Dec-2025
171365,5279,1,Hindustan Petroleum Corporation Ltd.,Crude Oil,Crude Oil,Domestic Equities,646223.0,332840.0,94.15424828746544,32.2498,15.2274,111.78796117524988,2.78720391500436,1100,hindustan-petroleum-corporation,Mid Cap,Dec-2025
152551,7908,1,GMR Airports Ltd.,Infrastructure,Aviation,Domestic Equities,2979615.0,1428380.0,108.6010025343396,31.0982,15.4765,100.93819662068296,2.68767635115841,1100,gmr-airports,Mid Cap,Dec-2025
77293,6578,1,Muthoot Finance Ltd.,Finance,Finance,Domestic Equities,81154.0,39399.0,105.97984720424375,30.9335,14.7518,109.6930544069198,2.67344207730861,1100,muthoot-finance,Large Cap,Dec-2025
171327,5699,1,Marico Ltd.,FMCG,Fast Moving Consumer Goods,Domestic Equities,411370.0,203390.0,102.25674811937655,30.8774,14.5912,111.61659082186524,2.6685936088024,1100,marico,Mid Cap,Dec-2025
7737,15826,1,IDFC First Bank Ltd.,Bank,Banking,Domestic Equities,3596865.0,1653860.0,117.48303967687713,30.792800000000003,13.2524,132.35640336844648,2.66128201458447,1100,idfc-first-bank,Mid Cap,Dec-2025
171840,6541,1,UNO Minda Ltd.,Automobile & Ancillaries,Automobile & Ancillaries,Domestic Equities,238727.0,113996.0,109.41699708761712,30.695500000000003,14.897,106.05155400416191,2.65287281697922,1100,uno-minda,Mid Cap,Dec-2025
122,5767,1,The Phoenix Mills Ltd.,Realty,Realty,Domestic Equities,165524.0,85506.0,93.58173695413188,30.6799,14.8507,106.5889150006397,2.65152457974754,1100,the-phoenix-mills,Mid Cap,Dec-2025
171383,5551,1,Hero MotoCorp Ltd.,Automobile & Ancillaries,Automobile & Ancillaries,Domestic Equities,53047.0,24745.0,114.37462113558294,30.6134,15.2788,100.3652119276383,2.64577728642021,1100,hero-motocorp,Large Cap,Dec-2025
171485,6291,1,Motilal Oswal Financial Services Ltd.,Finance,Finance,Domestic Equities,352180.0,158788.0,121.792578784291,30.1378,15.2349,97.82079304754215,2.60467333594684,1100,motilal-oswal-financial-services,Mid Cap,Dec-2025
599,7495,1,Sundaram Finance Ltd.,Finance,Finance,Domestic Equities,56313.0,16053.0,250.7942440665296,29.749,7.590800000000001,291.9086262317542,2.57107111571125,1100,sundaram-finance,Mid Cap,Dec-2025
152636,5140,1,Fortis Healthcare Ltd.,Healthcare,Healthcare,Domestic Equities,336122.0,160828.0,108.99470241500237,29.7132,14.7817,101.01341523640718,2.56797708411548,1100,fortis-healthcare,Mid Cap,Dec-2025
152795,99590,1,One97 Communications Ltd.,IT,Information Technology,Domestic Equities,227251.0,116055.0,95.81319202102452,29.5176,15.326199999999998,92.59568581905498,2.55107226344141,1100,one97-communications,Mid Cap,Dec-2025
79346,86555,1,Aditya Birla Capital Ltd.,Finance,Finance,Domestic Equities,821274.0,279984.0,193.32890450882903,29.377,10.0248,193.0432527332216,2.53892084326362,1100,aditya-birla-capital,Mid Cap,Dec-2025
157113,99763,1,PB Fintech Ltd.,IT,Information Technology,Domestic Equities,160029.0,81879.0,95.44571868244604,29.2149,14.893,96.16531256294904,2.5249112756191,1100,pb-fintech,Mid Cap,Dec-2025
84908,112552,1,Swiggy Ltd.,Retailing,Information Technology,Domestic Equities,741513.0,386156.0,92.02420783310372,28.6409,14.6083,96.05908969558403,2.47530305953055,1100,swiggy,Mid Cap,Dec-2025
152370,5063,1,Escorts Kubota Ltd.,Automobile & Ancillaries,Automobile & Ancillaries,Domestic Equities,76852.0,,,28.5874,,,2.47067929722961,1100,escorts-kubota,Mid Cap,Dec-2025
135555,92715,1,360 One Wam Ltd.,Finance,Finance,Domestic Equities,240083.0,45274.0,430.2889075407519,28.5699,5.3568,433.33893369175627,2.46916685161716,1100,360-one-wam,Mid Cap,Dec-2025
222979,112566,1,Vishal Mega Mart Ltd.,Retailing,Retailing,Domestic Equities,1643355.0,865449.0,89.88467258036003,22.4104,11.7528,90.68136954598054,1.93682920876451,1100,vishal-mega-mart,Mid Cap,Dec-2025
232979,113371,1,Physicswallah Ltd.,Education & Training,Other,Domestic Equities,1685904.0,786054.0,114.47686800143502,22.390500000000003,9.817,128.07884282367323,1.93510934203949,1100,physicswallah,Mid Cap,Dec-2025
171877,6125,1,Cummins India Ltd.,Automobile & Ancillaries,Automobile & Ancillaries,Domestic Equities,50380.0,33858.0,48.797920727745286,22.3405,15.166,47.30647500989056,1.93078806886104,1100,cummins-india,Large Cap,Dec-2025
123299,91366,1,KPIT Technologies Ltd.,IT,Information Technology,Domestic Equities,183351.0,122429.0,49.761086017201805,21.4979,14.9657,43.64780798759831,1.85796597325789,1100,kpit-technologies,Small Cap,Dec-2025
123367,112361,1,Ather Energy Ltd.,Automobile & Ancillaries,Automobile & Ancillaries,Domestic Equities,271607.0,114737.0,136.72137148435118,20.4995,8.2375,148.85584218512895,1.7716787904307,1100,ather-energy,Small Cap,Dec-2025
152719,5290,1,NBCC (India) Ltd.,Capital Goods,Other,Domestic Equities,1650828.0,704412.0,134.355462428238,20.1021,8.2198,144.5570451835811,1.73733331120841,1100,nbcc-india,Small Cap,Dec-2025
63978,98925,1,CarTrade Tech Ltd.,Automobile & Ancillaries,Information Technology,Domestic Equities,67246.0,24662.0,172.67050523071933,19.0051,7.6149,149.57780141564564,1.64252457767333,1100,cartrade-tech,Small Cap,Dec-2025
46521,101004,1,Delhivery Ltd.,Logistics,Logistics,Domestic Equities,469507.0,179235.0,161.9505118977878,18.961,7.638999999999999,148.2131169001178,1.63871321472994,1100,delhivery,Small Cap,Dec-2025
37877,7189,1,JB Chemicals & Pharmaceuticals Ltd.,Healthcare,Healthcare,Domestic Equities,99780.0,41227.0,142.02585684139035,18.157,7.3025,148.64087641218762,1.56922714202054,1100,jb-chemicals-pharmaceuticals,Small Cap,Dec-2025
114451,6891,1,City Union Bank Ltd.,Bank,Banking,Domestic Equities,598465.0,,,17.403399999999998,,,1.50409691267502,1100,city-union-bank,Small Cap,Dec-2025
201928,105635,1,Piramal Pharma Ltd.,Healthcare,Healthcare,Domestic Equities,976439.0,402438.0,142.63091457566134,16.8153,7.534,123.19219538093976,1.45327009755015,1100,piramal-pharma,Small Cap,Dec-2025
115131,88043,1,Lemon Tree Hotels Ltd.,Hospitality,Hospitality,Domestic Equities,1051425.0,523589.0,100.81113239582956,16.745,8.2868,102.06834966452674,1.44719438746126,1100,lemon-tree-hotels,Small Cap,Dec-2025
227906,112970,1,Jain Resource Recycling Ltd.,Non - Ferrous Metals,Non - Ferrous Metals,Domestic Equities,401497.0,185897.0,115.97820298337253,16.6782,7.4061,125.19544699639484,1.44142116649485,1100,jain-resource-recycling,Small Cap,Dec-2025
140194,102059,1,Rainbow Children's Medicare Ltd.,Healthcare,Healthcare,Domestic Equities,125924.0,50239.0,150.64989350902684,16.622,6.7888,144.8444496818289,1.43656405544228,1100,rainbow-childrens-medicare,Small Cap,Dec-2025
78344,89378,1,Acutaas Chemicals Ltd.,Healthcare,Healthcare,Domestic Equities,84452.0,38441.0,119.69251580343902,14.3982,7.0635,103.8394563601614,1.24437110955776,1100,acutaas-chemicals,Small Cap,Dec-2025
58272,82478,1,PNB Housing Finance Ltd.,Finance,Finance,Domestic Equities,150627.0,68232.0,120.75712275765036,14.3322,6.1770000000000005,132.02525497814472,1.23866702896221,1100,pnb-housing-finance,Small Cap,Dec-2025
195442,101899,1,Syrma SGS Technology Ltd.,Electricals,Electricals,Domestic Equities,192682.0,90376.0,113.20040718774897,14.1265,7.413099999999999,90.5613036381541,1.22088931110609,1100,syrma-sgs-technology,Small Cap,Dec-2025
540,7044,1,Edelweiss Financial Services Ltd.,Finance,Finance,Domestic Equities,1305844.0,682318.0,91.3834898097368,14.111,7.5219,87.59887794307288,1.21954971642077,1100,edelweiss-financial-services,Small Cap,Dec-2025
76268,106949,1,Indegene Ltd.,Business Services,Other,Domestic Equities,264321.0,116976.0,125.96173574066476,13.7566,6.2149,121.3486942670035,1.18892053213195,1100,indegene,Small Cap,Dec-2025
797,86851,1,Nippon Life India Asset Management Ltd.,Finance,Finance,Domestic Equities,152539.0,152539.0,0.0,13.4181,13.3563,0.462702994092663,1.15966551271388,1100,nippon-life-india-asset-management,Mid Cap,Dec-2025
19098,6973,1,Schaeffler India Ltd.,Automobile & Ancillaries,Automobile & Ancillaries,Domestic Equities,34049.0,34049.0,0.0,13.2076,13.2771,-0.5234576827771159,1.14147295263262,1100,schaeffler-india,Mid Cap,Dec-2025
38741,90008,1,Angel One Ltd.,Finance,Finance,Domestic Equities,55750.0,18700.0,198.1283422459893,13.0678,5.0561,158.45612230770752,1.12939067282569,1100,angel-one,Small Cap,Dec-2025
177212,94646,1,Hitachi Energy India Ltd.,Capital Goods,Capital Goods,Domestic Equities,6883.0,6593.0,4.398604580615804,12.6028,14.5415,-13.33218718839185,1.08920283226615,1100,hitachi-energy-india,Mid Cap,Dec-2025
225180,112809,1,ITC Hotels Ltd.,Hospitality,Hospitality,Domestic Equities,635994.0,635994.0,0.0,12.556400000000002,13.2732,-5.400355603773004,1.08519269075655,1100,itc-hotels,Mid Cap,Dec-2025
587,7648,1,APL Apollo Tubes Ltd.,Iron & Steel,Iron & Steel,Domestic Equities,61515.0,34425.0,78.69281045751634,11.774,5.9173,98.97588427154275,1.01757340806025,1100,apl-apollo-tubes,Mid Cap,Dec-2025
133623,8531,1,Radico Khaitan Ltd.,Alcohol,Alcohol,Domestic Equities,34482.0,22132.0,55.80155431050064,11.3735,7.1002,60.18562857384298,0.982960009900901,1100,radico-khaitan,Mid Cap,Dec-2025
152356,7557,1,Black Box Ltd.,Telecom,Telecom,Domestic Equities,204700.0,,,11.2759,,,0.974524884656576,1100,black-box,Small Cap,Dec-2025
114530,88033,1,HDFC Asset Management Company Ltd.,Finance,Finance,Domestic Equities,42098.0,32858.0,28.121005538985937,11.2494,8.7829,28.082979425929945,0.972234609872,1100,hdfc-asset-management-company,Large Cap,Dec-2025
19510,6302,1,ZF Commercial Vehicle Control Systems India Ltd.,Automobile & Ancillaries,Automobile & Ancillaries,Domestic Equities,7322.0,,,10.8937,,,0.941493072480542,1100,zf-commercial-vehicle-control-systems-india,Small Cap,Dec-2025
57412,93539,1,Computer Age Management Services Ltd.,Business Services,Finance,Domestic Equities,146070.0,14566.0,902.8147741315393,10.8223,5.6375,91.969844789357,0.935322294381723,1100,computer-age-management-services,Small Cap,Dec-2025
509,8487,1,K.P.R. Mill Ltd.,Textile,Textile,Domestic Equities,96759.0,82659.0,17.05803360795558,9.1186,8.923,2.1920878628264107,0.788079232099385,1100,kpr-mill,Mid Cap,Dec-2025
222304,112415,1,Leela Palaces Hotels & Resorts Ltd.,Hospitality,Hospitality,Domestic Equities,201076.0,,,8.7176,,,0.753422621208256,1100,leela-palaces-hotels-resorts,Small Cap,Dec-2025
58513,104175,1,Aadhar Housing Finance Ltd.,Finance,Finance,Domestic Equities,174390.0,44450.0,292.3284589426321,8.4588,2.1387,295.5112919062982,0.731055711236624,1100,aadhar-housing-finance,Small Cap,Dec-2025
171636,86629,1,ICICI Lombard General Insurance Company Ltd.,Insurance,Finance,Domestic Equities,42721.0,42721.0,0.0,8.3823,8.4182,-0.4264569622959815,0.724444163273603,1100,icici-lombard-general-insurance-company,Mid Cap,Dec-2025
2006,102339,1,Ethos Ltd.,Retailing,Retailing,Domestic Equities,27846.0,17430.0,59.75903614457832,8.2895,5.3198,55.823527200270696,0.716423880254409,1100,ethos,Small Cap,Dec-2025
152441,8334,1,Gokaldas Exports Ltd.,Textile,Textile,Domestic Equities,96441.0,74360.0,29.6947283485745,7.1569,6.8969000000000005,3.769809624613957,0.618538400216271,1100,gokaldas-exports,Small Cap,Dec-2025
133538,7699,1,Tips Music Ltd.,Media & Entertainment,Media & Entertainment,Domestic Equities,106658.0,56658.0,88.24879099156342,5.8902,3.1338,87.95711277043844,0.509063265513544,1100,tips-music,Small Cap,Dec-2025
113787,7539,1,Honeywell Automation India Ltd.,Consumer Durables,Consumer Durables,Domestic Equities,1757.0,1757.0,0.0,5.7638,6.2189,-7.318014439852706,0.498139086918434,1100,honeywell-automation-india,Small Cap,Dec-2025
487,8535,1,V2 Retail Ltd.,Retailing,Retailing,Domestic Equities,22911.0,22911.0,0.0,5.6082,5.6127,-0.0801753166924887,0.484691284787113,1100,v2-retail,Small Cap,Dec-2025
152386,5556,1,Glaxosmithkline Pharmaceuticals Ltd.,Healthcare,Healthcare,Domestic Equities,20689.0,16129.0,28.272056544113088,5.1176,4.1443,23.485268923581785,0.44229095236021,1100,glaxosmithkline-pharmaceuticals,Mid Cap,Dec-2025
227830,112938,1,Park Medi World Ltd.,Healthcare,Healthcare,Domestic Equities,342332.0,,,5.0169,,,0.433587908178822,1100,park-medi-world,Small Cap,Dec-2025
77927,112668,1,Travel Food Services Ltd.,Hospitality,Hospitality,Domestic Equities,39848.0,39848.0,0.0,4.6722,5.363099999999999,-12.882474688146766,0.403797050886622,1100,travel-food-services,Small Cap,Dec-2025
133800,112656,1,LG Electronics India Ltd.,Consumer Durables,Consumer Durables,Domestic Equities,24200.0,24200.0,0.0,3.6818,4.0155,-8.310297596812353,0.318201271767982,1100,lg-electronics-india,Large Cap,Dec-2025
76174,111823,1,Bharti Hexacom Ltd.,Telecom,Telecom,Domestic Equities,19375.0,19375.0,0.0,3.5295,3.4261,3.018008814687246,0.305038673666438,1100,bharti-hexacom,Mid Cap,Dec-2025
152222,5634,1,Max Financial Services Ltd.,Finance,Finance,Domestic Equities,20978.0,20978.0,0.0,3.5071,3.5707,-1.781163357324898,0.303102743282494,1100,max-financial-services,Mid Cap,Dec-2025
152207,5372,1,LIC Housing Finance Ltd.,Finance,Finance,Domestic Equities,64418.0,64418.0,0.0,3.4757,3.5372000000000003,-1.73866334954202,0.300388983726431,1100,lic-housing-finance,Small Cap,Dec-2025
154646,104894,1,Allied Blenders And Distillers Ltd.,Alcohol,Alcohol,Domestic Equities,56343.0,56343.0,0.0,3.4569,3.6837,-6.156853163938433,0.298764185011336,1100,allied-blenders-and-distillers,Small Cap,Dec-2025
787,70906,1,RBL Bank Ltd.,Bank,Banking,Domestic Equities,105582.0,105582.0,0.0,3.3343000000000003,3.2984,1.0884065001212806,0.288168423177788,1100,rbl-bank,Small Cap,Dec-2025
176199,111753,1,OLA Electric Mobility Ltd.,Automobile & Ancillaries,Automobile & Ancillaries,Domestic Equities,758159.0,743159.0,2.0184105958482643,2.7476,3.0626,-10.285378436622478,0.237462603701914,1100,ola-electric-mobility,Small Cap,Dec-2025
171576,15890,1,Dr. Lal Pathlabs Ltd.,Healthcare,Healthcare,Domestic Equities,18300.0,9150.0,100.0,2.7132,2.7924,-2.836269875376026,0.234489567755144,1100,dr-lal-pathlabs,Small Cap,Dec-2025
133445,6416,1,Apar Industries Ltd.,Capital Goods,Capital Goods,Domestic Equities,2907.0,2907.0,0.0,2.4324,2.6627,-8.64911555939459,0.210221297584996,1100,apar-industries,Mid Cap,Dec-2025
222112,112394,1,Oswal Pumps Ltd.,Capital Goods,Capital Goods,Domestic Equities,41861.0,41861.0,0.0,2.2065,2.3076,-4.381175247009874,0.190697785364781,1100,oswal-pumps,Small Cap,Dec-2025
140187,110794,1,India Shelter Finance Corporation Ltd.,Finance,Finance,Domestic Equities,26082.0,26082.0,0.0,2.0966,2.2969,-8.720449301232096,0.181199626918559,1100,india-shelter-finance-corporation,Small Cap,Dec-2025
75798,7006,1,Manappuram Finance Ltd.,Finance,Finance,Domestic Equities,65126.0,65126.0,0.0,2.0095,1.8558,8.282142472249152,0.173671969041708,1100,manappuram-finance,Small Cap,Dec-2025
139601,89162,1,Aavas Financiers Ltd.,Finance,Finance,Domestic Equities,13566.0,13566.0,0.0,1.9861,2.0980000000000003,-5.333651096282172,0.171649613194195,1100,aavas-financiers,Small Cap,Dec-2025
189369,98614,1,Alivus Life Sciences Ltd.,Healthcare,Healthcare,Domestic Equities,20015.0,20015.0,0.0,1.8346,1.7983000000000002,2.0185730968136544,0.158556155463507,1100,alivus-life-sciences,Small Cap,Dec-2025
653,111996,1,Afcons Infrastructure Ltd.,Infrastructure,Infrastructure,Domestic Equities,42734.0,42734.0,0.0,1.6534,1.7269,-4.256181597081472,0.142895861464822,1100,afcons-infrastructure,Small Cap,Dec-2025
114425,8654,1,Saregama India Ltd.,Media & Entertainment,Media & Entertainment,Domestic Equities,45977.0,45977.0,0.0,1.6138,1.8276,-11.698402276209237,0.139473413107493,1100,saregama-india,Small Cap,Dec-2025
160292,110213,1,ASK Automotive Ltd.,Automobile & Ancillaries,Automobile & Ancillaries,Domestic Equities,24750.0,24750.0,0.0,1.1847,1.2309,-3.75335120643432,0.102388246690078,1100,ask-automotive,Small Cap,Dec-2025
152551,7908,1,GMR Airports Ltd.,Infrastructure,Aviation,Domestic Equities,1428380.0,1153440.0,23.836523789707307,15.4765,10.8389,42.786629639539065,2.51769004033282,1100,gmr-airports,Mid Cap,Nov-2025
152795,99590,1,One97 Communications Ltd.,IT,Information Technology,Domestic Equities,116055.0,82025.0,41.48735141725084,15.326199999999998,10.6895,43.37621029982692,2.49323949834581,1100,one97-communications,Mid Cap,Nov-2025
171383,5551,1,Hero MotoCorp Ltd.,Automobile & Ancillaries,Automobile & Ancillaries,Domestic Equities,24745.0,22385.0,10.542774179137815,15.2788,12.4102,23.11485713364814,2.48552854897665,1100,hero-motocorp,Mid Cap,Nov-2025
171485,6291,1,Motilal Oswal Financial Services Ltd.,Finance,Finance,Domestic Equities,158788.0,112458.0,41.19760266054882,15.2349,10.998399999999998,38.51923916205995,2.47838697350606,1100,motilal-oswal-financial-services,Mid Cap,Nov-2025
171365,5279,1,Hindustan Petroleum Corporation Ltd.,Crude Oil,Crude Oil,Domestic Equities,332840.0,228960.0,45.37037037037037,15.2274,10.8985,39.72014497407901,2.47716688658056,1100,hindustan-petroleum-corporation,Mid Cap,Nov-2025
171877,6125,1,Cummins India Ltd.,Automobile & Ancillaries,Automobile & Ancillaries,Domestic Equities,33858.0,27908.0,21.32005159810807,15.166,12.1235,25.09588815111148,2.46717844161713,1100,cummins-india,Mid Cap,Nov-2025
152686,7802,1,Multi Commodity Exchange Of India Ltd.,Finance,Finance,Domestic Equities,14857.0,13092.0,13.481515429269782,14.9662,12.1016,23.671250082633684,2.43467532592182,1100,multi-commodity-exchange-of-india,Mid Cap,Nov-2025
123299,91366,1,KPIT Technologies Ltd.,IT,Information Technology,Domestic Equities,122429.0,20940.0,484.665711556829,14.9657,2.4431,512.5700953706357,2.43459398679345,1100,kpit-technologies,Mid Cap,Nov-2025
171840,6541,1,UNO Minda Ltd.,Automobile & Ancillaries,Automobile & Ancillaries,Domestic Equities,113996.0,98996.0,15.152127358681158,14.897,12.228,21.82695453058555,2.42341799055588,1100,uno-minda,Mid Cap,Nov-2025
157113,99763,1,PB Fintech Ltd.,IT,Information Technology,Domestic Equities,81879.0,65324.0,25.342906129447066,14.893,11.6629,27.69551312280822,2.42276727752894,1100,pb-fintech,Mid Cap,Nov-2025
122,5767,1,The Phoenix Mills Ltd.,Realty,Realty,Domestic Equities,85506.0,69406.0,23.19684177160476,14.8507,11.6783,27.16491270133496,2.41588598726913,1100,the-phoenix-mills,Mid Cap,Nov-2025
152636,5140,1,Fortis Healthcare Ltd.,Healthcare,Healthcare,Domestic Equities,160828.0,106478.0,51.04340802794943,14.7817,10.8932,35.69658135350495,2.40466118755453,1100,fortis-healthcare,Mid Cap,Nov-2025
77293,6578,1,Muthoot Finance Ltd.,Finance,Finance,Domestic Equities,39399.0,35049.0,12.411195754515107,14.7518,11.140999999999998,32.410017054124424,2.3997971076782,1100,muthoot-finance,Mid Cap,Nov-2025
84908,112552,1,Swiggy Ltd.,Retailing,Information Technology,Domestic Equities,386156.0,229806.0,68.03564745916121,14.6083,9.4209,55.06267978643228,2.37645277783697,1100,swiggy,Mid Cap,Nov-2025
171327,5699,1,Marico Ltd.,FMCG,Fast Moving Consumer Goods,Domestic Equities,203390.0,168880.0,20.43462813832307,14.5912,12.158499999999998,20.00822469877041,2.37367097964684,1100,marico,Mid Cap,Nov-2025
177212,94646,1,Hitachi Energy India Ltd.,Capital Goods,Capital Goods,Domestic Equities,6593.0,4933.0,33.650922359618896,14.5415,8.7699,65.81146877387428,2.36558587028719,1100,hitachi-energy-india,Mid Cap,Nov-2025
797,86851,1,Nippon Life India Asset Management Ltd.,Finance,Finance,Domestic Equities,152539.0,127289.0,19.83674944417821,13.3563,11.1352,19.94665565054962,2.17277960040689,1100,nippon-life-india-asset-management,Mid Cap,Nov-2025
19098,6973,1,Schaeffler India Ltd.,Automobile & Ancillaries,Automobile & Ancillaries,Domestic Equities,34049.0,17899.0,90.22850438571987,13.2771,7.1979,84.45796690701457,2.15989548247361,1100,schaeffler-india,Mid Cap,Nov-2025
225180,112809,1,ITC Hotels Ltd.,Hospitality,Hospitality,Domestic Equities,635994.0,527294.0,20.61468554544524,13.2732,11.436,16.065057712486887,2.15926103727235,1100,itc-hotels,Mid Cap,Nov-2025
7737,15826,1,IDFC First Bank Ltd.,Bank,Banking,Domestic Equities,1653860.0,1091540.0,51.51620646059696,13.2524,8.9255,48.47795641700746,2.1558773295323,1100,idfc-first-bank,Mid Cap,Nov-2025
222979,112566,1,Vishal Mega Mart Ltd.,Retailing,Retailing,Domestic Equities,865449.0,694449.0,24.62383846761965,11.7528,10.048,16.966560509554142,1.91192501573505,1100,vishal-mega-mart,Mid Cap,Nov-2025
79346,86555,1,Aditya Birla Capital Ltd.,Finance,Finance,Domestic Equities,279984.0,279984.0,0.0,10.0248,9.0771,10.440559209439137,1.63081698809992,1100,aditya-birla-capital,Mid Cap,Nov-2025
232979,113371,1,Physicswallah Ltd.,Education & Training,Other,Domestic Equities,786054.0,,,9.817,,,1.59701244635074,1100,physicswallah,,Nov-2025
509,8487,1,K.P.R. Mill Ltd.,Textile,Textile,Domestic Equities,82659.0,82659.0,0.0,8.923,8.8396,0.9434816055025022,1.45157808483118,1100,kpr-mill,Mid Cap,Nov-2025
114530,88033,1,HDFC Asset Management Company Ltd.,Finance,Finance,Domestic Equities,32858.0,13679.0,140.2076175159003,8.7829,7.3579,19.366938936381302,1.42878686106285,1100,hdfc-asset-management-company,Mid Cap,Nov-2025
171636,86629,1,ICICI Lombard General Insurance Company Ltd.,Insurance,Finance,Domestic Equities,42721.0,42721.0,0.0,8.4182,8.5173,-1.1635142592135967,1.36945810083221,1100,icici-lombard-general-insurance-company,Mid Cap,Nov-2025
115131,88043,1,Lemon Tree Hotels Ltd.,Hospitality,Hospitality,Domestic Equities,523589.0,353589.0,48.07841872908942,8.2868,5.8438,41.80498990382969,1.34808217789746,1100,lemon-tree-hotels,Small Cap,Nov-2025
123367,112361,1,Ather Energy Ltd.,Automobile & Ancillaries,Automobile & Ancillaries,Domestic Equities,114737.0,78907.0,45.40788523198195,8.2375,5.46,50.869963369963365,1.34006213984051,1100,ather-energy,Small Cap,Nov-2025
152719,5290,1,NBCC (India) Ltd.,Realty,Realty,Domestic Equities,704412.0,476302.0,47.89188372083258,8.2198,5.5923,46.98424619566189,1.33718273469633,1100,nbcc-india,Small Cap,Nov-2025
46521,101004,1,Delhivery Ltd.,Logistics,Logistics,Domestic Equities,179235.0,124235.0,44.270938141425525,7.638999999999999,5.7887,31.96399882529756,1.24269920318563,1100,delhivery,Small Cap,Nov-2025
63978,98925,1,CarTrade Tech Ltd.,Automobile & Ancillaries,Information Technology,Domestic Equities,24662.0,24662.0,0.0,7.6149,7.4467,2.258718627042858,1.23877865719836,1100,cartrade-tech,Small Cap,Nov-2025
599,7495,1,Sundaram Finance Ltd.,Finance,Finance,Domestic Equities,16053.0,5053.0,217.6924599247972,7.590800000000001,2.3216,226.9641626464508,1.23485811121109,1100,sundaram-finance,Mid Cap,Nov-2025
201928,105635,1,Piramal Pharma Ltd.,Healthcare,Healthcare,Domestic Equities,402438.0,302438.0,33.06462812212751,7.534,6.0376,24.784682655359745,1.22561798622863,1100,piramal-pharma,Small Cap,Nov-2025
540,7044,1,Edelweiss Financial Services Ltd.,Finance,Finance,Domestic Equities,682318.0,,,7.5219,,,1.22364957932216,1100,edelweiss-financial-services,Small Cap,Nov-2025
195442,101899,1,Syrma SGS Technology Ltd.,Electricals,Electricals,Domestic Equities,90376.0,66076.0,36.77583388824989,7.413099999999999,5.3773,37.85914864337119,1.20595018498958,1100,syrma-sgs-technology,Small Cap,Nov-2025
227906,112970,1,Jain Resource Recycling Ltd.,Non - Ferrous Metals,Non - Ferrous Metals,Domestic Equities,185897.0,185897.0,0.0,7.4061,7.1766,3.1978931527464325,1.20481143719245,1100,jain-resource-recycling,,Nov-2025
37877,7189,1,JB Chemicals & Pharmaceuticals Ltd.,Healthcare,Healthcare,Domestic Equities,41227.0,18727.0,120.14738078709884,7.3025,3.1504000000000003,131.79596241747078,1.18795796979488,1100,jb-chemicals-pharmaceuticals,Small Cap,Nov-2025
133623,8531,1,Radico Khaitan Ltd.,Alcohol,Alcohol,Domestic Equities,22132.0,22132.0,0.0,7.1002,6.930599999999999,2.4471185755923064,1.15504815845773,1100,radico-khaitan,Mid Cap,Nov-2025
78344,89378,1,Acutaas Chemicals Ltd.,Healthcare,Healthcare,Domestic Equities,38441.0,24981.0,53.880949521636445,7.0635,4.316,63.65848007414272,1.14907786643562,1100,acutaas-chemicals,Small Cap,Nov-2025
152441,8334,1,Gokaldas Exports Ltd.,Textile,Textile,Domestic Equities,74360.0,74360.0,0.0,6.8969000000000005,6.234,10.633622072505627,1.12197566886385,1100,gokaldas-exports,Small Cap,Nov-2025
140194,102059,1,Rainbow Children's Medicare Ltd.,Healthcare,Healthcare,Domestic Equities,50239.0,16739.0,200.1314295955553,6.7888,2.2922,196.16961870691912,1.10439014931098,1100,rainbow-children's-medicare,Small Cap,Nov-2025
113787,7539,1,Honeywell Automation India Ltd.,Consumer Durables,Consumer Durables,Domestic Equities,1757.0,1757.0,0.0,6.2189,6.4122,-3.014565983593781,1.01167981079868,1100,honeywell-automation-india,Mid Cap,Nov-2025
76268,106949,1,Indegene Ltd.,Business Services,Other,Domestic Equities,116976.0,90976.0,28.5789658811115,6.2149,4.9072000000000005,26.64859797848059,1.01102909777175,1100,indegene,Small Cap,Nov-2025
58272,82478,1,PNB Housing Finance Ltd.,Finance,Finance,Domestic Equities,68232.0,68232.0,0.0,6.1770000000000005,6.3367,-2.520239241245429,1.00486359184156,1100,pnb-housing-finance,Small Cap,Nov-2025
587,7648,1,APL Apollo Tubes Ltd.,Iron & Steel,Iron & Steel,Domestic Equities,34425.0,34425.0,0.0,5.9173,6.1672,-4.052081982098847,0.962616048567919,1100,apl-apollo-tubes,Mid Cap,Nov-2025
57412,93539,1,Computer Age Management Services Ltd.,Business Services,Finance,Domestic Equities,14566.0,14566.0,0.0,5.6375,5.7409,-1.801111324008436,0.917098672333943,1100,computer-age-management-services,Small Cap,Nov-2025
487,8535,1,V2 Retail Ltd.,Retailing,Retailing,Domestic Equities,22911.0,22911.0,0.0,5.6127,5.5949,0.318146883769142,0.913064251566958,1100,v2-retail,Small Cap,Nov-2025
77927,112668,1,Travel Food Services Ltd.,Hospitality,Hospitality,Domestic Equities,39848.0,39848.0,0.0,5.363099999999999,5.254,2.0765131328511552,0.872459758686327,1100,travel-food-services,,Nov-2025
135555,92715,1,360 One Wam Ltd.,Finance,Finance,Domestic Equities,45274.0,45274.0,0.0,5.3568,4.892799999999999,9.483322432962716,0.871434885668908,1100,360-one-wam,Mid Cap,Nov-2025
2006,102339,1,Ethos Ltd.,Retailing,Retailing,Domestic Equities,17430.0,9551.0,82.49397968799079,5.3198,2.7721,91.90505393023342,0.865415790169776,1100,ethos,Small Cap,Nov-2025
38741,90008,1,Angel One Ltd.,Finance,Finance,Domestic Equities,18700.0,,,5.0561,,,0.822517533869206,1100,angel-one,Small Cap,Nov-2025
227975,113151,1,Siemens Energy India Ltd.,Capital Goods,Capital Goods,Domestic Equities,14468.0,14468.0,0.0,4.5713,4.6089,-0.8158128837683594,0.743651115004906,1100,siemens-energy-india,Large Cap,Nov-2025
152386,5556,1,Glaxosmithkline Pharmaceuticals Ltd.,Healthcare,Healthcare,Domestic Equities,16129.0,16129.0,0.0,4.1443,4.2235000000000005,-1.8752219722978607,0.674187499379789,1100,glaxosmithkline-pharmaceuticals,Mid Cap,Nov-2025
133800,112656,1,LG Electronics India Ltd.,Consumer Durables,Consumer Durables,Domestic Equities,24200.0,24200.0,0.0,4.0155,4.0259,-0.2583273305347782,0.653234539912541,1100,lg-electronics-india,,Nov-2025
154646,104894,1,Allied Blenders And Distillers Ltd.,Alcohol,Alcohol,Domestic Equities,56343.0,56343.0,0.0,3.6837,3.7302,-1.2465819527103044,0.599257894328434,1100,allied-blenders-and-distillers,Small Cap,Nov-2025
152222,5634,1,Max Financial Services Ltd.,Finance,Finance,Domestic Equities,20978.0,20978.0,0.0,3.5707,3.2442,10.06411441957955,0.580875251317572,1100,max-financial-services,Mid Cap,Nov-2025
152207,5372,1,LIC Housing Finance Ltd.,Finance,Finance,Domestic Equities,64418.0,64418.0,0.0,3.5372000000000003,3.6779,-3.825552625139344,0.575425529717007,1100,lic-housing-finance,Mid Cap,Nov-2025
76174,111823,1,Bharti Hexacom Ltd.,Telecom,Telecom,Domestic Equities,19375.0,19375.0,0.0,3.4261,3.6053,-4.970460155881608,0.557351975393938,1100,bharti-hexacom,Mid Cap,Nov-2025
787,70906,1,RBL Bank Ltd.,Bank,Banking,Domestic Equities,105582.0,105582.0,0.0,3.2984,3.4457,-4.274893345328966,0.536577962009096,1100,rbl-bank,Small Cap,Nov-2025
133538,7699,1,Tips Music Ltd.,Media & Entertainment,Media & Entertainment,Domestic Equities,56658.0,56658.0,0.0,3.1338,2.9964,4.585502603123752,0.509801120950796,1100,tips-music,Small Cap,Nov-2025
176199,111753,1,OLA Electric Mobility Ltd.,Automobile & Ancillaries,Automobile & Ancillaries,Domestic Equities,743159.0,743159.0,0.0,3.0626,3.7262,-17.80902796414578,0.498218429071385,1100,ola-electric-mobility,Small Cap,Nov-2025
171576,15890,1,Dr. Lal Pathlabs Ltd.,Healthcare,Healthcare,Domestic Equities,9150.0,9150.0,0.0,2.7924,2.869,-2.669919832694308,0.454262764102049,1100,dr-lal-pathlabs,Small Cap,Nov-2025
133445,6416,1,Apar Industries Ltd.,Capital Goods,Capital Goods,Domestic Equities,2907.0,2907.0,0.0,2.6627,2.5207,5.6333558138612245,0.433163394203741,1100,apar-industries,Small Cap,Nov-2025
222112,112394,1,Oswal Pumps Ltd.,Capital Goods,Capital Goods,Domestic Equities,41861.0,41861.0,0.0,2.3076,3.0387,-24.0596307631553,0.375396345237749,1100,oswal-pumps,Small Cap,Nov-2025
140187,110794,1,India Shelter Finance Corporation Ltd.,Finance,Finance,Domestic Equities,26082.0,26082.0,0.0,2.2969,2.3053,-0.3643777382553261,0.373655687890702,1100,india-shelter-finance-corporation,Small Cap,Nov-2025
58513,104175,1,Aadhar Housing Finance Ltd.,Finance,Finance,Domestic Equities,44450.0,44450.0,0.0,2.1387,2.2663,-5.630322552177555,0.347919987675495,1100,aadhar-housing-finance,Small Cap,Nov-2025
139601,89162,1,Aavas Financiers Ltd.,Finance,Finance,Domestic Equities,13566.0,13566.0,0.0,2.0980000000000003,2.2384,-6.2723373838456,0.34129898262645,1100,aavas-financiers,Small Cap,Nov-2025
75798,7006,1,Manappuram Finance Ltd.,Finance,Finance,Domestic Equities,65126.0,65126.0,0.0,1.8558,1.7551,5.737564811121886,0.301898308845647,1100,manappuram-finance,Small Cap,Nov-2025
114425,8654,1,Saregama India Ltd.,Media & Entertainment,Media & Entertainment,Domestic Equities,45977.0,45977.0,0.0,1.8276,2.0915,-12.617738465216355,0.297310782005768,1100,saregama-india,Small Cap,Nov-2025
189369,98614,1,Alivus Life Sciences Ltd.,Healthcare,Healthcare,Domestic Equities,20015.0,20015.0,0.0,1.7983000000000002,1.8103,-0.6628735568690209,0.292544309083482,1100,alivus-life-sciences,Small Cap,Nov-2025
653,111996,1,Afcons Infrastructure Ltd.,Infrastructure,Infrastructure,Domestic Equities,42734.0,42734.0,0.0,1.7269,1.9147,-9.80832506397869,0.280929081552725,1100,afcons-infrastructure,Small Cap,Nov-2025
160292,110213,1,ASK Automotive Ltd.,Automobile & Ancillaries,Automobile & Ancillaries,Domestic Equities,24750.0,24750.0,0.0,1.2309,1.1973,2.806314206965672,0.200240666213011,1100,ask-automotive,Small Cap,Nov-2025
228706,113028,1,Urban Company Ltd.,Business Services,Other,Domestic Equities,25419.0,50837.0,-49.99901646438617,0.3432,0.802,-57.20698254364089,0.0558311777108664,1100,urban-company,,Nov-2025
171383,5551,1,Hero MotoCorp Ltd.,Automobile & Ancillaries,Automobile & Ancillaries,Domestic Equities,22385.0,17120.0,30.7535046728972,12.4102,9.3689,32.46165505021934,2.7249059637152,1100,hero-motocorp,Mid Cap,Oct-2025
171840,6541,1,UNO Minda Ltd.,Automobile & Ancillaries,Automobile & Ancillaries,Domestic Equities,98996.0,65476.0,51.194330747144,12.228,8.504,43.79115710253998,2.68490033394381,1100,uno-minda,Mid Cap,Oct-2025
171327,5699,1,Marico Ltd.,FMCG,Fast Moving Consumer Goods,Domestic Equities,168880.0,130255.0,29.653372231392268,12.158499999999998,9.084,33.84522236900043,2.66964022818579,1100,marico,Mid Cap,Oct-2025
171877,6125,1,Cummins India Ltd.,Automobile & Ancillaries,Automobile & Ancillaries,Domestic Equities,27908.0,22958.0,21.56111159508668,12.1235,9.0145,34.48887902823228,2.66195528284002,1100,cummins-india,Mid Cap,Oct-2025
152686,7802,1,Multi Commodity Exchange Of India Ltd.,Finance,Finance,Domestic Equities,13092.0,10900.0,20.110091743119263,12.1016,8.4976,42.41197514592356,2.65714670275224,1100,multi-commodity-exchange-of-india,Mid Cap,Oct-2025
122,5767,1,The Phoenix Mills Ltd.,Realty,Realty,Domestic Equities,69406.0,57766.0,20.15026139943912,11.6783,8.9855,29.96828223248567,2.56420277804187,1100,the-phoenix-mills,Mid Cap,Oct-2025
157113,99763,1,PB Fintech Ltd.,IT,Information Technology,Domestic Equities,65324.0,48724.0,34.069452425909205,11.6629,8.2928,40.63886745128304,2.56082140208973,1100,pb-fintech,Mid Cap,Oct-2025
225180,112809,1,ITC Hotels Ltd.,Hospitality,Hospitality,Domestic Equities,527294.0,380374.0,38.625142622787045,11.436,8.6448,32.28761799000554,2.51100099926246,1100,itc-hotels,Mid Cap,Oct-2025
77293,6578,1,Muthoot Finance Ltd.,Finance,Finance,Domestic Equities,35049.0,29999.0,16.83389446314877,11.140999999999998,9.231,20.69114938793196,2.446227888491,1100,muthoot-finance,Mid Cap,Oct-2025
797,86851,1,Nippon Life India Asset Management Ltd.,Finance,Finance,Domestic Equities,127289.0,88699.0,43.5066911690098,11.1352,7.7022,44.57168081846744,2.44495438326228,1100,nippon-life-india-asset-management,Mid Cap,Oct-2025
171485,6291,1,Motilal Oswal Financial Services Ltd.,Finance,Finance,Domestic Equities,112458.0,98268.0,14.440102576627185,10.998399999999998,8.7812,25.249396437844474,2.41491722545368,1100,motilal-oswal-financial-services,Mid Cap,Oct-2025
171365,5279,1,Hindustan Petroleum Corporation Ltd.,Crude Oil,Crude Oil,Domestic Equities,228960.0,156840.0,45.98316755929609,10.8985,6.9543,56.71598866888112,2.39298219573819,1100,hindustan-petroleum-corporation,Mid Cap,Oct-2025
152636,5140,1,Fortis Healthcare Ltd.,Healthcare,Healthcare,Domestic Equities,106478.0,95928.0,10.997831707113669,10.8932,9.3031,17.092152078339478,2.39181847544298,1100,fortis-healthcare,Mid Cap,Oct-2025
152551,7908,1,GMR Airports Ltd.,Infrastructure,Aviation,Domestic Equities,1153440.0,955180.0,20.75629724240457,10.8389,8.3292,30.131345147193027,2.37989583166369,1100,gmr-airports,Mid Cap,Oct-2025
152795,99590,1,One97 Communications Ltd.,IT,Information Technology,Domestic Equities,82025.0,80835.0,1.4721345951629865,10.6895,9.0842,17.671341449990102,2.34709209353062,1100,one97-communications,Mid Cap,Oct-2025
222979,112566,1,Vishal Mega Mart Ltd.,Retailing,Retailing,Domestic Equities,694449.0,637699.0,8.89918284331636,10.048,9.5024,5.741707358141095,2.20623802383607,1100,vishal-mega-mart,Mid Cap,Oct-2025
84908,112552,1,Swiggy Ltd.,Retailing,Information Technology,Domestic Equities,229806.0,217596.0,5.611316384492362,9.4209,9.2032,2.365481571627258,2.06854576022663,1100,swiggy,Mid Cap,Oct-2025
79346,86555,1,Aditya Birla Capital Ltd.,Finance,Finance,Domestic Equities,279984.0,223914.0,25.04086390310566,9.0771,6.5461,38.66424283160966,1.9930576399445,1100,aditya-birla-capital,Mid Cap,Oct-2025
7737,15826,1,IDFC First Bank Ltd.,Bank,Banking,Domestic Equities,1091540.0,476190.0,129.22362922362922,8.9255,3.3224,168.64615940284128,1.95977084810398,1100,idfc-first-bank,Mid Cap,Oct-2025
509,8487,1,K.P.R. Mill Ltd.,Textile,Textile,Domestic Equities,82659.0,29749.0,177.85471780564052,8.8396,3.1678,179.04539427994197,1.9409097965268,1100,kpr-mill,Mid Cap,Oct-2025
177212,94646,1,Hitachi Energy India Ltd.,Capital Goods,Capital Goods,Domestic Equities,4933.0,4233.0,16.53673517599811,8.7699,7.619800000000001,15.093572009764031,1.92560577679537,1100,hitachi-energy-india,Mid Cap,Oct-2025
171636,86629,1,ICICI Lombard General Insurance Company Ltd.,Insurance,Finance,Domestic Equities,42721.0,16021.0,166.65626365395417,8.5173,3.0276,181.32183908045977,1.87014242838564,1100,icici-lombard-general-insurance-company,Mid Cap,Oct-2025
63978,98925,1,CarTrade Tech Ltd.,Automobile & Ancillaries,Information Technology,Domestic Equities,24662.0,16412.0,50.26809651474531,7.4467,4.021100000000001,85.19061948223121,1.63507092875199,1100,cartrade-tech,Small Cap,Oct-2025
114530,88033,1,HDFC Asset Management Company Ltd.,Finance,Finance,Domestic Equities,13679.0,11679.0,17.124753831663668,7.3579,6.4614,13.874702076949264,1.61557312456045,1100,hdfc-asset-management-company,Mid Cap,Oct-2025
19098,6973,1,Schaeffler India Ltd.,Automobile & Ancillaries,Automobile & Ancillaries,Domestic Equities,17899.0,17899.0,0.0,7.1979,7.5333,-4.45223208952253,1.58044194583694,1100,schaeffler-india,Mid Cap,Oct-2025
227906,112970,1,Jain Resource Recycling Ltd.,Non - Ferrous Metals,Non - Ferrous Metals,Domestic Equities,185897.0,36480.0,409.5860745614036,7.1766,0.8462999999999999,747.9971641261965,1.57576510766938,1100,jain-resource-recycling,,Oct-2025
133623,8531,1,Radico Khaitan Ltd.,Alcohol,Alcohol,Domestic Equities,22132.0,15032.0,47.23257051623204,6.930599999999999,4.3411,59.65077975628296,1.52175092038199,1100,radico-khaitan,Mid Cap,Oct-2025
113787,7539,1,Honeywell Automation India Ltd.,Consumer Durables,Consumer Durables,Domestic Equities,1757.0,1757.0,0.0,6.4122,6.341900000000001,1.1085006070735857,1.40792590131784,1100,honeywell-automation-india,Mid Cap,Oct-2025
58272,82478,1,PNB Housing Finance Ltd.,Finance,Finance,Domestic Equities,68232.0,56732.0,20.27074666854685,6.3367,4.8994,29.33624525452096,1.39134837635768,1100,pnb-housing-finance,Small Cap,Oct-2025
152441,8334,1,Gokaldas Exports Ltd.,Textile,Textile,Domestic Equities,74360.0,28860.0,157.6576576576577,6.234,2.0778,200.028876696506,1.36879855101453,1100,gokaldas-exports,Small Cap,Oct-2025
587,7648,1,APL Apollo Tubes Ltd.,Iron & Steel,Iron & Steel,Domestic Equities,34425.0,29175.0,17.994858611825194,6.1672,4.9192,25.369978858350954,1.35413128389747,1100,apl-apollo-tubes,Mid Cap,Oct-2025
201928,105635,1,Piramal Pharma Ltd.,Healthcare,Healthcare,Domestic Equities,302438.0,224188.0,34.9037415026674,6.0376,4.2856,40.88109016240433,1.32567502913143,1100,piramal-pharma,Small Cap,Oct-2025
115131,88043,1,Lemon Tree Hotels Ltd.,Hospitality,Hospitality,Domestic Equities,353589.0,215600.0,64.00231910946196,5.8438,3.5856,62.97969656403392,1.28312238890259,1100,lemon-tree-hotels,Small Cap,Oct-2025
46521,101004,1,Delhivery Ltd.,Logistics,Logistics,Domestic Equities,124235.0,85345.0,45.56798875153788,5.7887,3.841,50.70814891955219,1.27102408922968,1100,delhivery,Small Cap,Oct-2025
57412,93539,1,Computer Age Management Services Ltd.,Business Services,Finance,Domestic Equities,14566.0,14566.0,0.0,5.7409,5.4748,4.860451523343321,1.26052864958603,1100,computer-age-management-services,Small Cap,Oct-2025
487,8535,1,V2 Retail Ltd.,Retailing,Retailing,Domestic Equities,22911.0,18754.0,22.165937933240908,5.5949,3.9035,43.33034456257205,1.22847144900084,1100,v2-retail,Small Cap,Oct-2025
152719,5290,1,NBCC (India) Ltd.,Realty,Realty,Domestic Equities,476302.0,347302.0,37.143465917270845,5.5923,3.7189,50.37511091989568,1.22790056734658,1100,nbcc-india,Small Cap,Oct-2025
123367,112361,1,Ather Energy Ltd.,Automobile & Ancillaries,Automobile & Ancillaries,Domestic Equities,78907.0,78907.0,0.0,5.46,4.4622,22.36116713728653,1.19885147393958,1100,ather-energy,Small Cap,Oct-2025
195442,101899,1,Syrma SGS Technology Ltd.,Electricals,Electricals,Domestic Equities,66076.0,46556.0,41.92800068734427,5.3773,3.5727,50.510818148739055,1.18069304593687,1100,syrma-sgs-technology,Small Cap,Oct-2025
77927,112668,1,Travel Food Services Ltd.,Hospitality,Hospitality,Domestic Equities,39848.0,29448.0,35.31649008421625,5.254,3.8977,34.79744464684301,1.15362008133307,1100,travel-food-services,,Oct-2025
76268,106949,1,Indegene Ltd.,Business Services,Other,Domestic Equities,90976.0,65756.0,38.35391447168319,4.9072000000000005,3.6889,33.02610534305621,1.07747325144987,1100,indegene,Small Cap,Oct-2025
135555,92715,1,360 One Wam Ltd.,Finance,Finance,Domestic Equities,45274.0,28214.0,60.466435103140284,4.892799999999999,2.8891000000000004,69.35377799314662,1.07431144536476,1100,360-one-wam,Mid Cap,Oct-2025
227975,113151,1,Siemens Energy India Ltd.,Capital Goods,Capital Goods,Domestic Equities,14468.0,14468.0,0.0,4.6089,4.966600000000001,-7.202110095437531,1.01197556011724,1100,siemens-energy-india,Large Cap,Oct-2025
78344,89378,1,Acutaas Chemicals Ltd.,Healthcare,Healthcare,Domestic Equities,24981.0,20908.0,19.480581595561507,4.316,2.7553,56.64355968497081,0.947663546066527,1100,acutaas-chemicals,Small Cap,Oct-2025
152386,5556,1,Glaxosmithkline Pharmaceuticals Ltd.,Healthcare,Healthcare,Domestic Equities,16129.0,16129.0,0.0,4.2235000000000005,4.2898000000000005,-1.5455265979765944,0.927353333367001,1100,glaxosmithkline-pharmaceuticals,Mid Cap,Oct-2025
133800,112656,1,LG Electronics India Ltd.,Consumer Durables,Consumer Durables,Domestic Equities,24200.0,,,4.0259,,,0.883966327643473,1100,lg-electronics-india,,Oct-2025
154646,104894,1,Allied Blenders And Distillers Ltd.,Alcohol,Alcohol,Domestic Equities,56343.0,56343.0,0.0,3.7302,2.8605,30.403775563712625,0.819039517965097,1100,allied-blenders-and-distillers,Small Cap,Oct-2025
176199,111753,1,OLA Electric Mobility Ltd.,Automobile & Ancillaries,Automobile & Ancillaries,Domestic Equities,743159.0,743159.0,0.0,3.7262,4.2323,-11.958037001157766,0.818161238497009,1100,ola-electric-mobility,Small Cap,Oct-2025
152207,5372,1,LIC Housing Finance Ltd.,Finance,Finance,Domestic Equities,64418.0,64418.0,0.0,3.6779,3.6396,1.052313441037488,0.807556013919851,1100,lic-housing-finance,Mid Cap,Oct-2025
76174,111823,1,Bharti Hexacom Ltd.,Telecom,Telecom,Domestic Equities,19375.0,19375.0,0.0,3.6053,3.2158999999999995,12.108585465965982,0.791615241574061,1100,bharti-hexacom,Mid Cap,Oct-2025
787,70906,1,RBL Bank Ltd.,Bank,Banking,Domestic Equities,105582.0,105582.0,0.0,3.4457,2.9273,17.709151778089012,0.756571890797366,1100,rbl-bank,Small Cap,Oct-2025
152222,5634,1,Max Financial Services Ltd.,Finance,Finance,Domestic Equities,20978.0,20978.0,0.0,3.2442,3.3059,-1.866360143984984,0.712328562592453,1100,max-financial-services,Mid Cap,Oct-2025
37877,7189,1,JB Chemicals & Pharmaceuticals Ltd.,Healthcare,Healthcare,Domestic Equities,18727.0,18727.0,0.0,3.1504000000000003,3.2018,-1.6053469923168175,0.691732909065798,1100,jb-chemicals-pharmaceuticals,Small Cap,Oct-2025
222112,112394,1,Oswal Pumps Ltd.,Capital Goods,Capital Goods,Domestic Equities,41861.0,41861.0,0.0,3.0387,3.0224,0.539306511381682,0.667206954919452,1100,oswal-pumps,Small Cap,Oct-2025
133538,7699,1,Tips Music Ltd.,Media & Entertainment,Media & Entertainment,Domestic Equities,56658.0,,,2.9964,,,0.657919149544426,1100,tips-music,Small Cap,Oct-2025
171576,15890,1,Dr. Lal Pathlabs Ltd.,Healthcare,Healthcare,Domestic Equities,9150.0,9150.0,0.0,2.869,2.8531,0.557288563317085,0.629945948485835,1100,dr-lal-pathlabs,Small Cap,Oct-2025
2006,102339,1,Ethos Ltd.,Retailing,Retailing,Domestic Equities,9551.0,9551.0,0.0,2.7721,2.4206,14.521193092621656,0.608669628371413,1100,ethos,Small Cap,Oct-2025
133445,6416,1,Apar Industries Ltd.,Capital Goods,Capital Goods,Domestic Equities,2907.0,2907.0,0.0,2.5207,2.3797,5.925116611337562,0.553469763802107,1100,apar-industries,Small Cap,Oct-2025
123299,91366,1,KPIT Technologies Ltd.,IT,Information Technology,Domestic Equities,20940.0,20940.0,0.0,2.4431,2.2986,6.286435221439131,0.536431142121207,1100,kpit-technologies,Mid Cap,Oct-2025
599,7495,1,Sundaram Finance Ltd.,Finance,Finance,Domestic Equities,5053.0,5053.0,0.0,2.3216,2.2291,4.149656812166345,0.509753403278046,1100,sundaram-finance,Mid Cap,Oct-2025
140187,110794,1,India Shelter Finance Corporation Ltd.,Finance,Finance,Domestic Equities,26082.0,26082.0,0.0,2.3053,2.2757,1.3006986861185603,0.506174414445589,1100,india-shelter-finance-corporation,Small Cap,Oct-2025
140194,102059,1,Rainbow Children's Medicare Ltd.,Healthcare,Healthcare,Domestic Equities,16739.0,16739.0,0.0,2.2922,2.2698,0.9868710899638776,0.503298049187602,1100,rainbow-children's-medicare,Small Cap,Oct-2025
58513,104175,1,Aadhar Housing Finance Ltd.,Finance,Finance,Domestic Equities,44450.0,44450.0,0.0,2.2663,2.2681,-0.0793615801772438,0.497611189631735,1100,aadhar-housing-finance,Small Cap,Oct-2025
139601,89162,1,Aavas Financiers Ltd.,Finance,Finance,Domestic Equities,13566.0,13566.0,0.0,2.2384,2.2165,0.9880442138506644,0.491485190341824,1100,aavas-financiers,Small Cap,Oct-2025
114425,8654,1,Saregama India Ltd.,Media & Entertainment,Media & Entertainment,Domestic Equities,45977.0,45977.0,0.0,2.0915,2.157,-3.0366249420491345,0.459230376876307,1100,saregama-india,Small Cap,Oct-2025
653,111996,1,Afcons Infrastructure Ltd.,Infrastructure,Infrastructure,Domestic Equities,42734.0,15354.0,178.32486648430375,1.9147,0.6988,173.99828277046367,0.420410424386835,1100,afcons-infrastructure,Small Cap,Oct-2025
189369,98614,1,Alivus Life Sciences Ltd.,Healthcare,Healthcare,Domestic Equities,20015.0,20015.0,0.0,1.8103,1.8597,-2.656342420820561,0.397487330269748,1100,alivus-life-sciences,Small Cap,Oct-2025
75798,7006,1,Manappuram Finance Ltd.,Finance,Finance,Domestic Equities,65126.0,65126.0,0.0,1.7551,1.8287,-4.024717012085096,0.385367073610139,1100,manappuram-finance,Small Cap,Oct-2025
152296,7356,1,Patanjali Foods Ltd.,FMCG,Fast Moving Consumer Goods,Domestic Equities,23025.0,23025.0,0.0,1.3869999999999998,1.3258,4.616080856841134,0.304543405559377,1100,patanjali-foods,Mid Cap,Oct-2025
160292,110213,1,ASK Automotive Ltd.,Automobile & Ancillaries,Automobile & Ancillaries,Domestic Equities,24750.0,24750.0,0.0,1.1973,1.3061,-8.330143174335815,0.262891001785323,1100,ask-automotive,Small Cap,Oct-2025
228706,113028,1,Urban Company Ltd.,Business Services,Other,Domestic Equities,50837.0,50837.0,0.0,0.802,0.8509,-5.746856269831943,0.176095033351565,1100,urban-company,,Oct-2025
222979,112566,1,Vishal Mega Mart Ltd.,Retailing,Retailing,Domestic Equities,637699.0,399835.0,59.49053984768717,9.5024,5.9739,59.0652672458528,2.74132733278521,1100,vishal-mega-mart,Mid Cap,Sep-2025
171383,5551,1,Hero MotoCorp Ltd.,Automobile & Ancillaries,Automobile & Ancillaries,Domestic Equities,17120.0,11888.0,44.01076716016151,9.3689,6.0483,54.901377246499,2.70281419937398,1100,hero-motocorp,Mid Cap,Sep-2025
152636,5140,1,Fortis Healthcare Ltd.,Healthcare,Healthcare,Domestic Equities,95928.0,63992.0,49.90623827978497,9.3031,5.8329,59.49356237891957,2.68383169616455,1100,fortis-healthcare,Mid Cap,Sep-2025
77293,6578,1,Muthoot Finance Ltd.,Finance,Finance,Domestic Equities,29999.0,22055.0,36.01904330083881,9.231,5.817699999999999,58.6709524382488,2.66303171924358,1100,muthoot-finance,Mid Cap,Sep-2025
84908,112552,1,Swiggy Ltd.,Retailing,Information Technology,Domestic Equities,217596.0,141072.0,54.24464103436543,9.2032,5.780399999999999,59.213895232163885,2.65501175588155,1100,swiggy,Mid Cap,Sep-2025
152795,99590,1,One97 Communications Ltd.,IT,Information Technology,Domestic Equities,80835.0,48282.0,67.42264197837704,9.0842,5.8276,55.882352941176464,2.62068169688577,1100,one97-communications,Mid Cap,Sep-2025
171327,5699,1,Marico Ltd.,FMCG,Fast Moving Consumer Goods,Domestic Equities,130255.0,81565.0,59.69472200085821,9.084,5.9204,53.43557867711641,2.62062399930763,1100,marico,Mid Cap,Sep-2025
171877,6125,1,Cummins India Ltd.,Automobile & Ancillaries,Automobile & Ancillaries,Domestic Equities,22958.0,15555.0,47.59241401478624,9.0145,5.9517,51.460927130063695,2.60057409090253,1100,cummins-india,Mid Cap,Sep-2025
122,5767,1,The Phoenix Mills Ltd.,Realty,Realty,Domestic Equities,57766.0,38255.0,51.0024833355117,8.9855,5.7505,56.255977741066,2.59220794207163,1100,the-phoenix-mills,Mid Cap,Sep-2025
171485,6291,1,Motilal Oswal Financial Services Ltd.,Finance,Finance,Domestic Equities,98268.0,66135.0,48.58698117486959,8.7812,5.6698,54.876715228050365,2.53326986599737,1100,motilal-oswal-financial-services,Mid Cap,Sep-2025
225180,112809,1,ITC Hotels Ltd.,Hospitality,Hospitality,Domestic Equities,380374.0,246546.0,54.28114834554201,8.6448,5.8781,47.06793011347206,2.49392011770306,1100,itc-hotels,Mid Cap,Sep-2025
171840,6541,1,UNO Minda Ltd.,Automobile & Ancillaries,Automobile & Ancillaries,Domestic Equities,65476.0,45280.0,44.602473498233216,8.504,5.7913,46.840951081795104,2.45330102268957,1100,uno-minda,Mid Cap,Sep-2025
152686,7802,1,Multi Commodity Exchange Of India Ltd.,Finance,Finance,Domestic Equities,10900.0,6558.0,66.20921012503813,8.4976,4.8464,75.33839551006933,2.45145470018896,1100,multi-commodity-exchange-of-india,Mid Cap,Sep-2025
152551,7908,1,GMR Airports Ltd.,Infrastructure,Aviation,Domestic Equities,955180.0,677903.0,40.90216446895795,8.3292,5.834700000000001,42.75284076302122,2.40287333939158,1100,gmr-airports,Mid Cap,Sep-2025
157113,99763,1,PB Fintech Ltd.,IT,Information Technology,Domestic Equities,48724.0,32713.0,48.9438449546052,8.2928,5.7928,43.157022510702944,2.39237238016934,1100,pb-fintech,Mid Cap,Sep-2025
797,86851,1,Nippon Life India Asset Management Ltd.,Finance,Finance,Domestic Equities,88699.0,62754.0,41.34397807311088,7.7022,4.9246,56.40255046095115,2.22199143190965,1100,nippon-life-india-asset-management,Mid Cap,Sep-2025
177212,94646,1,Hitachi Energy India Ltd.,Capital Goods,Capital Goods,Domestic Equities,4233.0,2711.0,56.14164514939137,7.619800000000001,5.180700000000001,47.08051035574342,2.19822002971425,1100,hitachi-energy-india,Mid Cap,Sep-2025
19098,6973,1,Schaeffler India Ltd.,Automobile & Ancillaries,Automobile & Ancillaries,Domestic Equities,17899.0,10591.0,69.00198281559815,7.5333,4.096,83.91845703125,2.1732658271669,1100,schaeffler-india,Mid Cap,Sep-2025
171365,5279,1,Hindustan Petroleum Corporation Ltd.,Crude Oil,Crude Oil,Domestic Equities,156840.0,131240.0,19.50624809509296,6.9543,4.9333,40.9664930168447,2.00623133843957,1100,hindustan-petroleum-corporation,Mid Cap,Sep-2025
79346,86555,1,Aditya Birla Capital Ltd.,Finance,Finance,Domestic Equities,223914.0,182434.0,22.73698981549492,6.5461,5.0689,29.142417487028748,1.88847058144734,1100,aditya-birla-capital,Mid Cap,Sep-2025
114530,88033,1,HDFC Asset Management Company Ltd.,Finance,Finance,Domestic Equities,11679.0,9444.0,23.66581956797967,6.4614,5.159299999999999,25.237919872850977,1.86403565710329,1100,hdfc-asset-management-company,Mid Cap,Sep-2025
113787,7539,1,Honeywell Automation India Ltd.,Consumer Durables,Consumer Durables,Domestic Equities,1757.0,864.0,103.3564814814815,6.341900000000001,3.3471,89.47447043709482,1.82956135416216,1100,honeywell-automation-india,Mid Cap,Sep-2025
57412,93539,1,Computer Age Management Services Ltd.,Business Services,Finance,Domestic Equities,14566.0,,,5.4748,,,1.57941350411816,1100,computer-age-management-services,Small Cap,Sep-2025
227975,113151,1,Siemens Energy India Ltd.,Capital Goods,Capital Goods,Domestic Equities,14468.0,14468.0,0.0,4.966600000000001,4.8828,1.7162283935446985,1.43280395805386,1100,siemens-energy-india,Large Cap,Sep-2025
587,7648,1,APL Apollo Tubes Ltd.,Iron & Steel,Iron & Steel,Domestic Equities,29175.0,26325.0,10.826210826210826,4.9192,4.2244,16.4473061263138,1.4191296320337,1100,apl-apollo-tubes,Mid Cap,Sep-2025
58272,82478,1,PNB Housing Finance Ltd.,Finance,Finance,Domestic Equities,56732.0,40832.0,38.94004702194358,4.8994,3.0771,59.22134477267558,1.41341757179742,1100,pnb-housing-finance,Small Cap,Sep-2025
123367,112361,1,Ather Energy Ltd.,Automobile & Ancillaries,Automobile & Ancillaries,Domestic Equities,78907.0,78907.0,0.0,4.4622,3.552,25.62500000000001,1.2872906659743,1100,ather-energy,Small Cap,Sep-2025
133623,8531,1,Radico Khaitan Ltd.,Alcohol,Alcohol,Domestic Equities,15032.0,13032.0,15.34683855125844,4.3411,3.7174,16.777855490396515,1.25235478240801,1100,radico-khaitan,Mid Cap,Sep-2025
152386,5556,1,Glaxosmithkline Pharmaceuticals Ltd.,Healthcare,Healthcare,Domestic Equities,16129.0,14846.0,8.64205846692712,4.2898000000000005,4.1346,3.753688385817259,1.23755535361403,1100,glaxosmithkline-pharmaceuticals,Mid Cap,Sep-2025
201928,105635,1,Piramal Pharma Ltd.,Healthcare,Healthcare,Domestic Equities,224188.0,,,4.2856,,,1.236343704473,1100,piramal-pharma,Small Cap,Sep-2025
176199,111753,1,OLA Electric Mobility Ltd.,Automobile & Ancillaries,Automobile & Ancillaries,Domestic Equities,743159.0,877639.0,-15.322928903569691,4.2323,4.7436,-10.778733451387131,1.22096729989759,1100,ola-electric-mobility,Small Cap,Sep-2025
63978,98925,1,CarTrade Tech Ltd.,Automobile & Ancillaries,Information Technology,Domestic Equities,16412.0,13052.0,25.74318112166718,4.021100000000001,3.1299,28.47375315505288,1.16003865737736,1100,cartrade-tech,Small Cap,Sep-2025
487,8535,1,V2 Retail Ltd.,Retailing,Retailing,Domestic Equities,18754.0,16924.0,10.813046561096668,3.9035,2.9223000000000003,33.576292646203335,1.12611248142859,1100,v2-retail,Small Cap,Sep-2025
77927,112668,1,Travel Food Services Ltd.,Hospitality,Hospitality,Domestic Equities,29448.0,23298.0,26.39711563224311,3.8977,2.9181,33.56978856104999,1.12443925166241,1100,travel-food-services,,Sep-2025
46521,101004,1,Delhivery Ltd.,Logistics,Logistics,Domestic Equities,85345.0,67235.0,26.93537592027961,3.841,3.1469,22.056627156884563,1.10808198825854,1100,delhivery,Small Cap,Sep-2025
152719,5290,1,NBCC (India) Ltd.,Realty,Realty,Domestic Equities,347302.0,267802.0,29.68611138079626,3.7189,2.6314,41.327810291099794,1.07285761680153,1100,nbcc-india,Small Cap,Sep-2025
76268,106949,1,Indegene Ltd.,Business Services,Other,Domestic Equities,65756.0,50356.0,30.58225434903487,3.6889,2.7308,35.08495678921928,1.06420298007991,1100,indegene,Small Cap,Sep-2025
152207,5372,1,LIC Housing Finance Ltd.,Finance,Finance,Domestic Equities,64418.0,64418.0,0.0,3.6396,3.5765,1.7642947015238368,1.04998052706738,1100,lic-housing-finance,Mid Cap,Sep-2025
115131,88043,1,Lemon Tree Hotels Ltd.,Hospitality,Hospitality,Domestic Equities,215600.0,99659.0,116.33771159654422,3.5856,1.6525999999999998,116.96720319496552,1.03440218096845,1100,lemon-tree-hotels,Small Cap,Sep-2025
195442,101899,1,Syrma SGS Technology Ltd.,Electricals,Electricals,Domestic Equities,46556.0,43856.0,6.156512221816855,3.5727,3.3035,8.148932949901607,1.03068068717816,1100,syrma-sgs-technology,Small Cap,Sep-2025
7737,15826,1,IDFC First Bank Ltd.,Bank,Banking,Domestic Equities,476190.0,476190.0,0.0,3.3224,3.2376,2.619224116629608,0.958472168130743,1100,idfc-first-bank,Mid Cap,Sep-2025
152222,5634,1,Max Financial Services Ltd.,Finance,Finance,Domestic Equities,20978.0,20978.0,0.0,3.3059,3.3611,-1.6423194787420898,0.95371211793385,1100,max-financial-services,Mid Cap,Sep-2025
76174,111823,1,Bharti Hexacom Ltd.,Telecom,Telecom,Domestic Equities,19375.0,19375.0,0.0,3.2158999999999995,3.4371,-6.43565796747258,0.927748207768979,1100,bharti-hexacom,Mid Cap,Sep-2025
135194,112166,1,Niva Bupa Health Insurance Company Ltd.,Insurance,Finance,Domestic Equities,391332.0,391332.0,0.0,3.2027,3.1901,0.394971944453149,0.923940167611464,1100,niva-bupa-health-insurance-company,Small Cap,Sep-2025
37877,7189,1,JB Chemicals & Pharmaceuticals Ltd.,Healthcare,Healthcare,Domestic Equities,18727.0,18727.0,0.0,3.2018,3.2291000000000003,-0.8454368090179982,0.923680528509816,1100,jb-chemicals-pharmaceuticals,Small Cap,Sep-2025
509,8487,1,K.P.R. Mill Ltd.,Textile,Textile,Domestic Equities,29749.0,29749.0,0.0,3.1678,2.9344,7.953925845147211,0.913871940225309,1100,kpr-mill,Mid Cap,Sep-2025
171636,86629,1,ICICI Lombard General Insurance Company Ltd.,Insurance,Finance,Domestic Equities,16021.0,9461.0,69.33727935736181,3.0276,1.7404,73.9600091932889,0.873425937946255,1100,icici-lombard-general-insurance-company,Mid Cap,Sep-2025
222112,112394,1,Oswal Pumps Ltd.,Capital Goods,Capital Goods,Domestic Equities,41861.0,41861.0,0.0,3.0224,3.3177,-8.900744491665906,0.871925800914507,1100,oswal-pumps,Small Cap,Sep-2025
787,70906,1,RBL Bank Ltd.,Bank,Banking,Domestic Equities,105582.0,105582.0,0.0,2.9273,2.7562,6.207822364124524,0.84449060250696,1100,rbl-bank,Small Cap,Sep-2025
135555,92715,1,360 One Wam Ltd.,Finance,Finance,Domestic Equities,28214.0,28214.0,0.0,2.8891000000000004,2.8725,0.5778938207136728,0.833470365081426,1100,360-one-wam,Mid Cap,Sep-2025
154646,104894,1,Allied Blenders And Distillers Ltd.,Alcohol,Alcohol,Domestic Equities,56343.0,56343.0,0.0,2.8605,2.8476,0.4530130636325399,0.825219611406811,1100,allied-blenders-and-distillers,Small Cap,Sep-2025
171576,15890,1,Dr. Lal Pathlabs Ltd.,Healthcare,Healthcare,Domestic Equities,9150.0,5970.0,53.266331658291456,2.8531,1.9754,44.43150754277615,0.823084801015477,1100,dr-lal-pathlabs,Small Cap,Sep-2025
78344,89378,1,Acutaas Chemicals Ltd.,Healthcare,Healthcare,Domestic Equities,20908.0,15338.0,36.315034554700745,2.7553,2.1565,27.76721539531647,0.794870685302984,1100,acutaas-chemicals,Small Cap,Sep-2025
2006,102339,1,Ethos Ltd.,Retailing,Retailing,Domestic Equities,9551.0,4334.0,120.37378864790033,2.4206,0.9803,146.9244108946241,0.698313788278737,1100,ethos,Small Cap,Sep-2025
133445,6416,1,Apar Industries Ltd.,Capital Goods,Capital Goods,Domestic Equities,2907.0,2907.0,0.0,2.3797,2.2477,5.872669840281171,0.686514633548257,1100,apar-industries,Small Cap,Sep-2025
123299,91366,1,KPIT Technologies Ltd.,IT,Information Technology,Domestic Equities,20940.0,20940.0,0.0,2.2986,2.4929,-7.7941353443780255,0.663118265610801,1100,kpit-technologies,Mid Cap,Sep-2025
140187,110794,1,India Shelter Finance Corporation Ltd.,Finance,Finance,Domestic Equities,26082.0,18152.0,43.68664609960335,2.2757,1.7102000000000002,33.06630803414804,0.656511892913295,1100,india-shelter-finance-corporation,Small Cap,Sep-2025
140194,102059,1,Rainbow Children's Medicare Ltd.,Healthcare,Healthcare,Domestic Equities,16739.0,8819.0,89.80610046490531,2.2698,1.3247,71.34445534838076,0.654809814358042,1100,rainbow-children's-medicare,Small Cap,Sep-2025
58513,104175,1,Aadhar Housing Finance Ltd.,Finance,Finance,Domestic Equities,44450.0,34300.0,29.59183673469388,2.2681,1.7251,31.47643614862908,0.654319384943817,1100,aadhar-housing-finance,Small Cap,Sep-2025
599,7495,1,Sundaram Finance Ltd.,Finance,Finance,Domestic Equities,5053.0,5053.0,0.0,2.2291,2.2707,-1.832034174483638,0.643068357205706,1100,sundaram-finance,Mid Cap,Sep-2025
139601,89162,1,Aavas Financiers Ltd.,Finance,Finance,Domestic Equities,13566.0,4096.0,231.201171875,2.2165,0.6227,255.9498956158664,0.639433409782624,1100,aavas-financiers,Small Cap,Sep-2025
114425,8654,1,Saregama India Ltd.,Media & Entertainment,Media & Entertainment,Domestic Equities,45977.0,26677.0,72.34696555084903,2.157,1.2866,67.65117363593967,0.622268380284738,1100,saregama-india,Small Cap,Sep-2025
152441,8334,1,Gokaldas Exports Ltd.,Textile,Textile,Domestic Equities,28860.0,28860.0,0.0,2.0778,1.9421,6.9872818083517805,0.599420139339651,1100,gokaldas-exports,Small Cap,Sep-2025
189369,98614,1,Alivus Life Sciences Ltd.,Healthcare,Healthcare,Domestic Equities,20015.0,20015.0,0.0,1.8597,1.891,-1.6552088841882575,0.536500930373448,1100,alivus-life-sciences,Small Cap,Sep-2025
75798,7006,1,Manappuram Finance Ltd.,Finance,Finance,Domestic Equities,65126.0,65126.0,0.0,1.8287,1.7027,7.400011746050386,0.527557805761103,1100,manappuram-finance,Small Cap,Sep-2025
152296,7356,1,Patanjali Foods Ltd.,FMCG,Fast Moving Consumer Goods,Domestic Equities,23025.0,7675.0,200.0,1.3258,1.3643,-2.8219599794766506,0.382477245517619,1100,patanjali-foods,Mid Cap,Sep-2025
160292,110213,1,ASK Automotive Ltd.,Automobile & Ancillaries,Automobile & Ancillaries,Domestic Equities,24750.0,24750.0,0.0,1.3061,1.1928,9.498658618376938,0.37679403407042,1100,ask-automotive,Small Cap,Sep-2025
228706,113028,1,Urban Company Ltd.,Business Services,Other,Domestic Equities,50837.0,,,0.8509,,,0.245474346214318,1100,urban-company,,Sep-2025
227906,112970,1,Jain Resource Recycling Ltd.,Non - Ferrous Metals,Non - Ferrous Metals,Domestic Equities,36480.0,,,0.8462999999999999,,,0.244147301917002,1100,jain-resource-recycling,,Sep-2025
653,111996,1,Afcons Infrastructure Ltd.,Infrastructure,Infrastructure,Domestic Equities,15354.0,15354.0,0.0,0.6988,0.6415000000000001,8.932190179267325,0.201595338035686,1100,afcons-infrastructure,Small Cap,Sep-2025
171383,5551,1,Hero MotoCorp Ltd.,Automobile & Ancillaries,Automobile & Ancillaries,Domestic Equities,11888.0,,,6.0483,,,2.48173361503114,1100,hero-motocorp,Mid Cap,Aug-2025
222979,112566,1,Vishal Mega Mart Ltd.,Retailing,Retailing,Domestic Equities,399835.0,347785.0,14.966142875627185,5.9739,4.853,23.097053369050062,2.45120586657979,1100,vishal-mega-mart,Mid Cap,Aug-2025
171877,6125,1,Cummins India Ltd.,Automobile & Ancillaries,Automobile & Ancillaries,Domestic Equities,15555.0,,,5.9517,,,2.44209678034834,1100,cummins-india,Mid Cap,Aug-2025
171327,5699,1,Marico Ltd.,FMCG,Fast Moving Consumer Goods,Domestic Equities,81565.0,67651.0,20.567323468980504,5.9204,4.8019,23.292863241633512,2.42925378940039,1100,marico,Mid Cap,Aug-2025
225180,112809,1,ITC Hotels Ltd.,Hospitality,Hospitality,Domestic Equities,246546.0,203426.0,21.19689715178984,5.8781,4.688,25.38609215017064,2.41189728725668,1100,itc-hotels,Mid Cap,Aug-2025
152551,7908,1,GMR Airports Ltd.,Infrastructure,Aviation,Domestic Equities,677903.0,529745.0,27.967795826293784,5.834700000000001,4.7709,22.29767968307868,2.39408943399339,1100,gmr-airports,Mid Cap,Aug-2025
152636,5140,1,Fortis Healthcare Ltd.,Healthcare,Healthcare,Domestic Equities,63992.0,56842.0,12.578726997642589,5.8329,4.8739,19.67623463755924,2.39335085943408,1100,fortis-healthcare,Mid Cap,Aug-2025
152795,99590,1,One97 Communications Ltd.,IT,Information Technology,Domestic Equities,48282.0,44304.0,8.97887323943662,5.8276,4.8263,20.74674181049665,2.39117616767612,1100,one97-communications,Mid Cap,Aug-2025
77293,6578,1,Muthoot Finance Ltd.,Finance,Finance,Domestic Equities,22055.0,18245.0,20.88243354343656,5.817699999999999,4.7661,22.064161473741624,2.38711400759993,1100,muthoot-finance,Mid Cap,Aug-2025
157113,99763,1,PB Fintech Ltd.,IT,Information Technology,Domestic Equities,32713.0,25894.0,26.334285934965628,5.7928,4.6923,23.45331713658545,2.37689705952952,1100,pb-fintech,Mid Cap,Aug-2025
171840,6541,1,UNO Minda Ltd.,Automobile & Ancillaries,Automobile & Ancillaries,Domestic Equities,45280.0,45280.0,0.0,5.7913,4.7155000000000005,22.81412363482133,2.3762815807301,1100,uno-minda,Mid Cap,Aug-2025
84908,112552,1,Swiggy Ltd.,Retailing,Information Technology,Domestic Equities,141072.0,117879.0,19.67526022446746,5.780399999999999,4.7594,21.45228390133209,2.37180910145429,1100,swiggy,Mid Cap,Aug-2025
122,5767,1,The Phoenix Mills Ltd.,Realty,Realty,Domestic Equities,38255.0,22553.0,69.62266660754666,5.7505,3.3469,71.81571006005557,2.35954055738581,1100,the-phoenix-mills,Mid Cap,Aug-2025
171485,6291,1,Motilal Oswal Financial Services Ltd.,Finance,Finance,Domestic Equities,66135.0,52185.0,26.73181948835872,5.6698,4.7541,19.261269220252,2.32642779797688,1100,motilal-oswal-financial-services,Mid Cap,Aug-2025
177212,94646,1,Hitachi Energy India Ltd.,Capital Goods,Capital Goods,Domestic Equities,2711.0,2411.0,12.44296972210701,5.180700000000001,4.8449,6.930999607835052,2.12574067744521,1100,hitachi-energy-india,Mid Cap,Aug-2025
114530,88033,1,HDFC Asset Management Company Ltd.,Finance,Finance,Domestic Equities,9444.0,8334.0,13.31893448524118,5.159299999999999,4.7087,9.56952024975045,2.11695984657344,1100,hdfc-asset-management-company,Mid Cap,Aug-2025
79346,86555,1,Aditya Birla Capital Ltd.,Finance,Finance,Domestic Equities,182434.0,164634.0,10.811861462395374,5.0689,4.2253,19.96544624050364,2.07986699092825,1100,aditya-birla-capital,Mid Cap,Aug-2025
171365,5279,1,Hindustan Petroleum Corporation Ltd.,Crude Oil,Crude Oil,Domestic Equities,131240.0,115190.0,13.933501171976731,4.9333,4.8201,2.348498993796808,2.02422770746046,1100,hindustan-petroleum-corporation,Mid Cap,Aug-2025
797,86851,1,Nippon Life India Asset Management Ltd.,Finance,Finance,Domestic Equities,62754.0,58404.0,7.448119991781385,4.9246,4.7444,3.798162043672536,2.02065793042381,1100,nippon-life-india-asset-management,Mid Cap,Aug-2025
227975,113151,1,Siemens Energy India Ltd.,Capital Goods,Capital Goods,Domestic Equities,14468.0,14468.0,0.0,4.8828,4.6846,4.230884173675446,2.00350658787991,1100,siemens-energy-india,Large Cap,Aug-2025
152686,7802,1,Multi Commodity Exchange Of India Ltd.,Finance,Finance,Domestic Equities,6558.0,6208.0,5.637886597938144,4.8464,4.7758,1.4782863604003522,1.98857096901393,1100,multi-commodity-exchange-of-india,Mid Cap,Aug-2025
176199,111753,1,OLA Electric Mobility Ltd.,Automobile & Ancillaries,Automobile & Ancillaries,Domestic Equities,877639.0,680283.0,29.01086753601075,4.7436,2.8102,68.79937371005624,1.94639015529351,1100,ola-electric-mobility,Small Cap,Aug-2025
587,7648,1,APL Apollo Tubes Ltd.,Iron & Steel,Iron & Steel,Domestic Equities,26325.0,26325.0,0.0,4.2244,4.215199999999999,0.2182577339153577,1.73335242685342,1100,apl-apollo-tubes,Mid Cap,Aug-2025
152386,5556,1,Glaxosmithkline Pharmaceuticals Ltd.,Healthcare,Healthcare,Domestic Equities,14846.0,8486.0,74.94697148244167,4.1346,2.6838,54.05767940979208,1.696505762728,1100,glaxosmithkline-pharmaceuticals,Mid Cap,Aug-2025
19098,6973,1,Schaeffler India Ltd.,Automobile & Ancillaries,Automobile & Ancillaries,Domestic Equities,10591.0,9368.0,13.055081127241674,4.096,3.8612,6.081011084636905,1.68066744162286,1100,schaeffler-india,Mid Cap,Aug-2025
133623,8531,1,Radico Khaitan Ltd.,Alcohol,Alcohol,Domestic Equities,13032.0,9692.0,34.4614114733801,3.7174,2.6503,40.26336641134968,1.52532059264864,1100,radico-khaitan,Mid Cap,Aug-2025
152207,5372,1,LIC Housing Finance Ltd.,Finance,Finance,Domestic Equities,64418.0,44288.0,45.45249277456647,3.5765,2.5955,37.79618570602965,1.46750661742289,1100,lic-housing-finance,Mid Cap,Aug-2025
123367,112361,1,Ather Energy Ltd.,Automobile & Ancillaries,Automobile & Ancillaries,Domestic Equities,78907.0,78907.0,0.0,3.552,2.7645,28.486163863266416,1.45745379703233,1100,ather-energy,Small Cap,Aug-2025
76174,111823,1,Bharti Hexacom Ltd.,Telecom,Telecom,Domestic Equities,19375.0,19375.0,0.0,3.4371,3.5799000000000003,-3.98893823849829,1.41030812099657,1100,bharti-hexacom,Mid Cap,Aug-2025
152222,5634,1,Max Financial Services Ltd.,Finance,Finance,Domestic Equities,20978.0,18518.0,13.284371962414948,3.3611,2.7802999999999995,20.88983203251449,1.37912386182583,1100,max-financial-services,Mid Cap,Aug-2025
113787,7539,1,Honeywell Automation India Ltd.,Consumer Durables,Consumer Durables,Domestic Equities,864.0,864.0,0.0,3.3471,3.3497000000000003,-0.0776188912440062,1.37337939303122,1100,honeywell-automation-india,Mid Cap,Aug-2025
222112,112394,1,Oswal Pumps Ltd.,Capital Goods,Capital Goods,Domestic Equities,41861.0,30061.0,39.25351784704434,3.3177,2.2341,48.50275278635692,1.36131600856254,1100,oswal-pumps,Small Cap,Aug-2025
195442,101899,1,Syrma SGS Technology Ltd.,Electricals,Electricals,Domestic Equities,43856.0,38134.0,15.004982430377092,3.3035,2.8829,14.589475874986991,1.35548947592801,1100,syrma-sgs-technology,Small Cap,Aug-2025
7737,15826,1,IDFC First Bank Ltd.,Bank,Banking,Domestic Equities,476190.0,476190.0,0.0,3.2376,3.2743,-1.1208502580704325,1.32844944067338,1100,idfc-first-bank,Mid Cap,Aug-2025
37877,7189,1,JB Chemicals & Pharmaceuticals Ltd.,Healthcare,Healthcare,Domestic Equities,18727.0,7890.0,137.3510773130545,3.2291000000000003,1.396,131.31088825214903,1.32496172747666,1100,jb-chemicals-pharmaceuticals,Small Cap,Aug-2025
135194,112166,1,Niva Bupa Health Insurance Company Ltd.,Insurance,Finance,Domestic Equities,391332.0,202455.0,93.2933244424687,3.1901,1.7725,79.9774330042313,1.30895927869167,1100,niva-bupa-health-insurance-company,Small Cap,Aug-2025
46521,101004,1,Delhivery Ltd.,Logistics,Logistics,Domestic Equities,67235.0,67235.0,0.0,3.1469,2.8592,10.062255176273077,1.29123348926831,1100,delhivery,Small Cap,Aug-2025
63978,98925,1,CarTrade Tech Ltd.,Automobile & Ancillaries,Information Technology,Domestic Equities,13052.0,13052.0,0.0,3.1299,2.8538,9.674819538860472,1.28425806287485,1100,cartrade-tech,Small Cap,Aug-2025
58272,82478,1,PNB Housing Finance Ltd.,Finance,Finance,Domestic Equities,40832.0,14376.0,184.0289371174179,3.0771,1.4178,117.03343207786708,1.26259320913518,1100,pnb-housing-finance,Small Cap,Aug-2025
509,8487,1,K.P.R. Mill Ltd.,Textile,Textile,Domestic Equities,29749.0,29749.0,0.0,2.9344,3.3914,-13.47526095417821,1.20404065935013,1100,kpr-mill,Mid Cap,Aug-2025
487,8535,1,V2 Retail Ltd.,Retailing,Retailing,Domestic Equities,16924.0,11924.0,41.932237504193225,2.9223000000000003,2.2155,31.90250507786053,1.19907579703479,1100,v2-retail,Small Cap,Aug-2025
77927,112668,1,Travel Food Services Ltd.,Hospitality,Hospitality,Domestic Equities,23298.0,23298.0,0.0,2.9181,2.4365,19.76605786989534,1.1973524563964,1100,travel-food-services,,Aug-2025
135555,92715,1,360 One Wam Ltd.,Finance,Finance,Domestic Equities,28214.0,28214.0,0.0,2.8725,2.9701,-3.28608464361469,1.17864190089396,1100,360-one-wam,Mid Cap,Aug-2025
154646,104894,1,Allied Blenders And Distillers Ltd.,Alcohol,Alcohol,Domestic Equities,56343.0,56343.0,0.0,2.8476,2.9019,-1.8711878424480533,1.16842495282355,1100,allied-blenders-and-distillers,Small Cap,Aug-2025
787,70906,1,RBL Bank Ltd.,Bank,Banking,Domestic Equities,105582.0,105582.0,0.0,2.7562,2.8172,-2.165270481328987,1.13092177797874,1100,rbl-bank,Small Cap,Aug-2025
76268,106949,1,Indegene Ltd.,Business Services,Other,Domestic Equities,50356.0,32356.0,55.63110396835208,2.7308,1.7569,55.43286470487791,1.12049967030852,1100,indegene,Small Cap,Aug-2025
152719,5290,1,NBCC (India) Ltd.,Realty,Realty,Domestic Equities,267802.0,154802.0,72.99647291378665,2.6314,1.6746,57.136032485369626,1.0797139418668,1100,nbcc-india,Small Cap,Aug-2025
123299,91366,1,KPIT Technologies Ltd.,IT,Information Technology,Domestic Equities,20940.0,20940.0,0.0,2.4929,2.5681,-2.928234881819248,1.02288473272012,1100,kpit-technologies,Mid Cap,Aug-2025
599,7495,1,Sundaram Finance Ltd.,Finance,Finance,Domestic Equities,5053.0,5053.0,0.0,2.2707,2.3623,-3.877576937730177,0.931711806565682,1100,sundaram-finance,Mid Cap,Aug-2025
133445,6416,1,Apar Industries Ltd.,Capital Goods,Capital Goods,Domestic Equities,2907.0,2907.0,0.0,2.2477,2.5894,-13.196107206302612,0.922274464974538,1100,apar-industries,Small Cap,Aug-2025
78344,89378,1,Acutaas Chemicals Ltd.,Healthcare,Healthcare,Domestic Equities,15338.0,,,2.1565,,,0.884853353969654,1100,acutaas-chemicals,Small Cap,Aug-2025
171576,15890,1,Dr. Lal Pathlabs Ltd.,Healthcare,Healthcare,Domestic Equities,5970.0,5970.0,0.0,1.9754,1.8811,5.013024294295879,0.810544546919385,1100,dr-lal-pathlabs,Small Cap,Aug-2025
152441,8334,1,Gokaldas Exports Ltd.,Textile,Textile,Domestic Equities,28860.0,28860.0,0.0,1.9421,2.4524,-20.808187897569727,0.796880917572207,1100,gokaldas-exports,Small Cap,Aug-2025
189369,98614,1,Alivus Life Sciences Ltd.,Healthcare,Healthcare,Domestic Equities,20015.0,12815.0,56.18415918845104,1.891,1.3214,43.10579688209476,0.775913606471883,1100,alivus-life-sciences,Small Cap,Aug-2025
171636,86629,1,ICICI Lombard General Insurance Company Ltd.,Insurance,Finance,Domestic Equities,9461.0,9461.0,0.0,1.7404,1.8231,-4.536229499204657,0.71411953500987,1100,icici-lombard-general-insurance-company,Mid Cap,Aug-2025
58513,104175,1,Aadhar Housing Finance Ltd.,Finance,Finance,Domestic Equities,34300.0,34300.0,0.0,1.7251,1.7392,-0.8107175712971463,0.707841651255761,1100,aadhar-housing-finance,Small Cap,Aug-2025
140187,110794,1,India Shelter Finance Corporation Ltd.,Finance,Finance,Domestic Equities,18152.0,18152.0,0.0,1.7102000000000002,1.6644,2.7517423696226944,0.701727895181499,1100,india-shelter-finance-corporation,Small Cap,Aug-2025
75798,7006,1,Manappuram Finance Ltd.,Finance,Finance,Domestic Equities,65126.0,65126.0,0.0,1.7027,1.648,3.3191747572815524,0.698650501184386,1100,manappuram-finance,Small Cap,Aug-2025
115131,88043,1,Lemon Tree Hotels Ltd.,Hospitality,Hospitality,Domestic Equities,99659.0,99659.0,0.0,1.6525999999999998,1.4928,10.704715969989277,0.678093509283677,1100,lemon-tree-hotels,Small Cap,Aug-2025
152296,7356,1,Patanjali Foods Ltd.,FMCG,Fast Moving Consumer Goods,Domestic Equities,7675.0,7675.0,0.0,1.3643,1.4381,-5.131771086850702,0.559798484034685,1100,patanjali-foods,Mid Cap,Aug-2025
140194,102059,1,Rainbow Children's Medicare Ltd.,Healthcare,Healthcare,Domestic Equities,8819.0,8819.0,0.0,1.3247,1.3444,-1.4653376971139531,0.543549843729933,1100,rainbow-children's-medicare,Small Cap,Aug-2025
114425,8654,1,Saregama India Ltd.,Media & Entertainment,Media & Entertainment,Domestic Equities,26677.0,26677.0,0.0,1.2866,1.2893,-0.2094159621500118,0.527916682224603,1100,saregama-india,Small Cap,Aug-2025
160292,110213,1,ASK Automotive Ltd.,Automobile & Ancillaries,Automobile & Ancillaries,Domestic Equities,24750.0,,,1.1928,,,0.48942874130072,1100,ask-automotive,Small Cap,Aug-2025
2006,102339,1,Ethos Ltd.,Retailing,Retailing,Domestic Equities,4334.0,4334.0,0.0,0.9803,1.1963,-18.05567165426732,0.402235911382542,1100,ethos,Small Cap,Aug-2025
653,111996,1,Afcons Infrastructure Ltd.,Infrastructure,Infrastructure,Domestic Equities,15354.0,15354.0,0.0,0.6415000000000001,0.613,4.649265905383375,0.263219766552995,1100,afcons-infrastructure,Small Cap,Aug-2025
139601,89162,1,Aavas Financiers Ltd.,Finance,Finance,Domestic Equities,4096.0,4096.0,0.0,0.6227,0.7062999999999999,-11.836330171315296,0.255505765600233,1100,aavas-financiers,Small Cap,Aug-2025
152636,5140,1,Fortis Healthcare Ltd.,Healthcare,Healthcare,Domestic Equities,56842.0,38833.0,46.3755053691448,4.8739,3.0853,57.9716721226461,2.52744517447197,1100,fortis-healthcare,Mid Cap,Jul-2025
222979,112566,1,Vishal Mega Mart Ltd.,Retailing,Retailing,Domestic Equities,347785.0,227402.0,52.93840863316945,4.853,3.0467,59.28709751534447,2.51660711785479,1100,vishal-mega-mart,Mid Cap,Jul-2025
177212,94646,1,Hitachi Energy India Ltd.,Capital Goods,Capital Goods,Domestic Equities,2411.0,1738.0,38.72266973532796,4.8449,3.4772000000000003,39.33337167836189,2.51240672270651,1100,hitachi-energy-india,Mid Cap,Jul-2025
152795,99590,1,One97 Communications Ltd.,IT,Information Technology,Domestic Equities,44304.0,33237.0,33.29722899178626,4.8263,3.0711,57.152160463677504,2.50276137088452,1100,one97-communications,Mid Cap,Jul-2025
171365,5279,1,Hindustan Petroleum Corporation Ltd.,Crude Oil,Crude Oil,Domestic Equities,115190.0,73116.0,57.544176377263526,4.8201,3.2028,50.49644061446236,2.49954625361052,1100,hindustan-petroleum-corporation,Mid Cap,Jul-2025
171327,5699,1,Marico Ltd.,FMCG,Fast Moving Consumer Goods,Domestic Equities,67651.0,42295.0,59.95034874098594,4.8019,3.0552,57.17137994239331,2.49010832870944,1100,marico,Mid Cap,Jul-2025
152686,7802,1,Multi Commodity Exchange Of India Ltd.,Finance,Finance,Domestic Equities,6208.0,3487.0,78.03269285919127,4.7758,3.1188,53.12940874695396,2.47657372212053,1100,multi-commodity-exchange-of-india,Mid Cap,Jul-2025
152551,7908,1,GMR Airports Ltd.,Infrastructure,Aviation,Domestic Equities,529745.0,323721.0,63.64245754832093,4.7709,2.7578,72.99659148596709,2.47403274233946,1100,gmr-airports,Mid Cap,Jul-2025
77293,6578,1,Muthoot Finance Ltd.,Finance,Finance,Domestic Equities,18245.0,13062.0,39.6799877507273,4.7661,3.4273,39.062819128760246,2.47154361928863,1100,muthoot-finance,Mid Cap,Jul-2025
84908,112552,1,Swiggy Ltd.,Retailing,Information Technology,Domestic Equities,117879.0,29800.0,295.56711409395973,4.7594,1.1932,298.87696949379824,2.4680692183635,1100,swiggy,Mid Cap,Jul-2025
171485,6291,1,Motilal Oswal Financial Services Ltd.,Finance,Finance,Domestic Equities,52185.0,35264.0,47.98377949183303,4.7541,3.0681,54.95257651315148,2.46532081166154,1100,motilal-oswal-financial-services,Mid Cap,Jul-2025
797,86851,1,Nippon Life India Asset Management Ltd.,Finance,Finance,Domestic Equities,58404.0,37676.0,55.01645609937361,4.7444,3.0143,57.39641044355239,2.46029070882965,1100,nippon-life-india-asset-management,Mid Cap,Jul-2025
171840,6541,1,UNO Minda Ltd.,Automobile & Ancillaries,Automobile & Ancillaries,Domestic Equities,45280.0,20903.0,116.61962397741952,4.7155000000000005,2.3083,104.28453840488672,2.44530411379441,1100,uno-minda,Mid Cap,Jul-2025
114530,88033,1,HDFC Asset Management Company Ltd.,Finance,Finance,Domestic Equities,8334.0,5993.0,39.062239279159016,4.7087,3.1114,51.33701870540593,2.44177785613906,1100,hdfc-asset-management-company,Mid Cap,Jul-2025
157113,99763,1,PB Fintech Ltd.,IT,Information Technology,Domestic Equities,25894.0,16647.0,55.5475461044032,4.6923,3.0362,54.54515512812068,2.43327335238204,1100,pb-fintech,Mid Cap,Jul-2025
225180,112809,1,ITC Hotels Ltd.,Hospitality,Hospitality,Domestic Equities,203426.0,123678.0,64.48034411940685,4.688,2.7505,70.44173786584257,2.43104351298233,1100,itc-hotels,Mid Cap,Jul-2025
227975,113151,1,Siemens Energy India Ltd.,Capital Goods,Capital Goods,Domestic Equities,14468.0,11353.0,27.43768167004316,4.6846,3.3785000000000003,38.65916826994227,2.42928038415466,1100,siemens-energy-india,Large Cap,Jul-2025
79346,86555,1,Aditya Birla Capital Ltd.,Finance,Finance,Domestic Equities,164634.0,109562.0,50.26560303754951,4.2253,3.0305,39.42583732057415,2.19110242222787,1100,aditya-birla-capital,Mid Cap,Jul-2025
587,7648,1,APL Apollo Tubes Ltd.,Iron & Steel,Iron & Steel,Domestic Equities,26325.0,11760.0,123.85204081632652,4.215199999999999,2.0452,106.10209270486992,2.18586489247507,1100,apl-apollo-tubes,Mid Cap,Jul-2025
19098,6973,1,Schaeffler India Ltd.,Automobile & Ancillaries,Automobile & Ancillaries,Domestic Equities,9368.0,5095.0,83.86653581943081,3.8612,2.0621,87.2460113476553,2.00229206747598,1100,schaeffler-india,Mid Cap,Jul-2025
76174,111823,1,Bharti Hexacom Ltd.,Telecom,Telecom,Domestic Equities,19375.0,13195.0,46.83592269799166,3.5799000000000003,2.5766000000000004,38.93891174415896,1.85641908535099,1100,bharti-hexacom,Mid Cap,Jul-2025
509,8487,1,K.P.R. Mill Ltd.,Textile,Textile,Domestic Equities,29749.0,17766.0,67.4490600022515,3.3914,2.0271,67.3030437570914,1.75866914887549,1100,kpr-mill,Mid Cap,Jul-2025
113787,7539,1,Honeywell Automation India Ltd.,Consumer Durables,Consumer Durables,Domestic Equities,864.0,,,3.3497000000000003,,,1.73704489237136,1100,honeywell-automation-india,Mid Cap,Jul-2025
122,5767,1,The Phoenix Mills Ltd.,Realty,Realty,Domestic Equities,22553.0,10353.0,117.8402395440935,3.3469,1.6168,107.00766947055912,1.73559290392504,1100,the-phoenix-mills,Mid Cap,Jul-2025
7737,15826,1,IDFC First Bank Ltd.,Bank,Banking,Domestic Equities,476190.0,287971.0,65.36040087369909,3.2743,2.0976,56.09744469870329,1.69794491778115,1100,idfc-first-bank,Mid Cap,Jul-2025
135555,92715,1,360 One Wam Ltd.,Finance,Finance,Domestic Equities,28214.0,25938.0,8.774770606831675,2.9701,3.0983,-4.137752961301357,1.54019674443448,1100,360-one-wam,Mid Cap,Jul-2025
154646,104894,1,Allied Blenders And Distillers Ltd.,Alcohol,Alcohol,Domestic Equities,56343.0,35943.0,56.7565311743594,2.9019,1.5490000000000002,87.34021949644931,1.50483045442053,1100,allied-blenders-and-distillers,Small Cap,Jul-2025
195442,101899,1,Syrma SGS Technology Ltd.,Electricals,Electricals,Domestic Equities,38134.0,26084.0,46.19690231559576,2.8829,1.4794999999999998,94.85637039540389,1.49497767567764,1100,syrma-sgs-technology,Small Cap,Jul-2025
46521,101004,1,Delhivery Ltd.,Logistics,Logistics,Domestic Equities,67235.0,46495.0,44.60694698354662,2.8592,1.7797999999999998,60.64726373749861,1.48268763061414,1100,delhivery,Small Cap,Jul-2025
63978,98925,1,CarTrade Tech Ltd.,Automobile & Ancillaries,Information Technology,Domestic Equities,13052.0,9652.0,35.225859925404066,2.8538,1.6415,73.85318306427048,1.47988736718195,1100,cartrade-tech,Small Cap,Jul-2025
787,70906,1,RBL Bank Ltd.,Bank,Banking,Domestic Equities,105582.0,,,2.8172,,,1.46090780391933,1100,rbl-bank,Small Cap,Jul-2025
176199,111753,1,OLA Electric Mobility Ltd.,Automobile & Ancillaries,Automobile & Ancillaries,Domestic Equities,680283.0,,,2.8102,,,1.45727783280353,1100,ola-electric-mobility,Small Cap,Jul-2025
152222,5634,1,Max Financial Services Ltd.,Finance,Finance,Domestic Equities,18518.0,18518.0,0.0,2.7802999999999995,3.0501,-8.845611619291176,1.44177267046604,1100,max-financial-services,Mid Cap,Jul-2025
123367,112361,1,Ather Energy Ltd.,Automobile & Ancillaries,Automobile & Ancillaries,Domestic Equities,78907.0,50427.0,56.477680607611006,2.7645,1.6757,64.97583099600168,1.43357930709037,1100,ather-energy,Small Cap,Jul-2025
152386,5556,1,Glaxosmithkline Pharmaceuticals Ltd.,Healthcare,Healthcare,Domestic Equities,8486.0,5386.0,57.556628295581135,2.6838,1.8248,47.07365190705831,1.3917309257982,1100,glaxosmithkline-pharmaceuticals,Mid Cap,Jul-2025
133623,8531,1,Radico Khaitan Ltd.,Alcohol,Alcohol,Domestic Equities,9692.0,4312.0,124.76808905380337,2.6503,1.1284999999999998,134.85157288435977,1.37435892117258,1100,radico-khaitan,Mid Cap,Jul-2025
152207,5372,1,LIC Housing Finance Ltd.,Finance,Finance,Domestic Equities,44288.0,44288.0,0.0,2.5955,2.7408,-5.301371862229996,1.34594143300888,1100,lic-housing-finance,Mid Cap,Jul-2025
133445,6416,1,Apar Industries Ltd.,Capital Goods,Capital Goods,Domestic Equities,2907.0,2067.0,40.638606676342526,2.5894,1.8027,43.64009541243689,1.34277817246511,1100,apar-industries,Small Cap,Jul-2025
123299,91366,1,KPIT Technologies Ltd.,IT,Information Technology,Domestic Equities,20940.0,16240.0,28.94088669950739,2.5681,2.0441,25.63475368132675,1.33173268892703,1100,kpit-technologies,Mid Cap,Jul-2025
152441,8334,1,Gokaldas Exports Ltd.,Textile,Textile,Domestic Equities,28860.0,21630.0,33.42579750346741,2.4524,1.9475,25.92554557124519,1.27173445205586,1100,gokaldas-exports,Small Cap,Jul-2025
77927,112668,1,Travel Food Services Ltd.,Hospitality,Hospitality,Domestic Equities,23298.0,,,2.4365,,,1.26348923194997,1100,travel-food-services,,Jul-2025
599,7495,1,Sundaram Finance Ltd.,Finance,Finance,Domestic Equities,5053.0,3353.0,50.70086489710707,2.3623,1.7347,36.17916642647143,1.22501153812248,1100,sundaram-finance,Mid Cap,Jul-2025
222112,112394,1,Oswal Pumps Ltd.,Capital Goods,Capital Goods,Domestic Equities,30061.0,,,2.2341,,,1.15853120997309,1100,oswal-pumps,Small Cap,Jul-2025
487,8535,1,V2 Retail Ltd.,Retailing,Retailing,Domestic Equities,11924.0,9164.0,30.11785246617198,2.2155,1.6628,33.239114746211214,1.1488858581511,1100,v2-retail,Small Cap,Jul-2025
171576,15890,1,Dr. Lal Pathlabs Ltd.,Healthcare,Healthcare,Domestic Equities,5970.0,3890.0,53.47043701799485,1.8811,1.0878,72.92700864129436,0.975476952276251,1100,dr-lal-pathlabs,Small Cap,Jul-2025
171636,86629,1,ICICI Lombard General Insurance Company Ltd.,Insurance,Finance,Domestic Equities,9461.0,9461.0,0.0,1.8231,1.9302,-5.548647808517257,0.945400048745326,1100,icici-lombard-general-insurance-company,Mid Cap,Jul-2025
135194,112166,1,Niva Bupa Health Insurance Company Ltd.,Insurance,Finance,Domestic Equities,202455.0,202455.0,0.0,1.7725,1.6555000000000002,7.067351253397758,0.919160543251106,1100,niva-bupa-health-insurance-company,Small Cap,Jul-2025
76268,106949,1,Indegene Ltd.,Business Services,Other,Domestic Equities,32356.0,24476.0,32.19480307239745,1.7569,1.4065,24.912904372555985,0.911070893335892,1100,indegene,Small Cap,Jul-2025
58513,104175,1,Aadhar Housing Finance Ltd.,Finance,Finance,Domestic Equities,34300.0,,,1.7392,,,0.901892252085937,1100,aadhar-housing-finance,Small Cap,Jul-2025
152719,5290,1,NBCC (India) Ltd.,Realty,Realty,Domestic Equities,154802.0,133952.0,15.565277114190156,1.6746,1.6439,1.8675101891842705,0.868392804360114,1100,nbcc-india,Small Cap,Jul-2025
140187,110794,1,India Shelter Finance Corporation Ltd.,Finance,Finance,Domestic Equities,18152.0,13752.0,31.995346131471784,1.6644,1.2109,37.451482368486246,0.863103417877089,1100,india-shelter-finance-corporation,Small Cap,Jul-2025
75798,7006,1,Manappuram Finance Ltd.,Finance,Finance,Domestic Equities,65126.0,65126.0,0.0,1.648,1.7934,-8.107505297200843,0.854598914120069,1100,manappuram-finance,Small Cap,Jul-2025
115131,88043,1,Lemon Tree Hotels Ltd.,Hospitality,Hospitality,Domestic Equities,99659.0,99659.0,0.0,1.4928,1.3963,6.91112225166512,0.774117268809732,1100,lemon-tree-hotels,Small Cap,Jul-2025
152296,7356,1,Patanjali Foods Ltd.,FMCG,Fast Moving Consumer Goods,Domestic Equities,7675.0,7675.0,0.0,1.4381,1.2668,13.522260814651084,0.745751637376257,1100,patanjali-foods,Mid Cap,Jul-2025
58272,82478,1,PNB Housing Finance Ltd.,Finance,Finance,Domestic Equities,14376.0,14376.0,0.0,1.4178,1.5949,-11.104144460467746,0.735224721140433,1100,pnb-housing-finance,Small Cap,Jul-2025
37877,7189,1,JB Chemicals & Pharmaceuticals Ltd.,Healthcare,Healthcare,Domestic Equities,7890.0,7890.0,0.0,1.396,1.325,5.358490566037732,0.723919953951224,1100,jb-chemicals-pharmaceuticals,Small Cap,Jul-2025
140194,102059,1,Rainbow Children's Medicare Ltd.,Healthcare,Healthcare,Domestic Equities,8819.0,7379.0,19.51483940913403,1.3444,1.1526,16.640638556307472,0.697161881154746,1100,rainbow-children's-medicare,Small Cap,Jul-2025
189369,98614,1,Alivus Life Sciences Ltd.,Healthcare,Healthcare,Domestic Equities,12815.0,6485.0,97.60986892829608,1.3214,0.6520999999999999,102.63763226499005,0.685234833202827,1100,alivus-life-sciences,Small Cap,Jul-2025
114425,8654,1,Saregama India Ltd.,Media & Entertainment,Media & Entertainment,Domestic Equities,26677.0,18957.0,40.72374320831355,1.2893,0.9449,36.44830140755637,0.668588822800367,1100,saregama-india,Small Cap,Jul-2025
2006,102339,1,Ethos Ltd.,Retailing,Retailing,Domestic Equities,4334.0,3966.0,9.278870398386283,1.1963,1.0477,14.18344946072349,0.620362063690436,1100,ethos,Small Cap,Jul-2025
139601,89162,1,Aavas Financiers Ltd.,Finance,Finance,Domestic Equities,4096.0,4096.0,0.0,0.7062999999999999,0.8571,-17.594213043985533,0.366264085584348,1100,aavas-financiers,Small Cap,Jul-2025
653,111996,1,Afcons Infrastructure Ltd.,Infrastructure,Infrastructure,Domestic Equities,15354.0,15354.0,0.0,0.613,0.6717,-8.73902039601013,0.317881756283739,1100,afcons-infrastructure,Small Cap,Jul-2025
177212,94646,1,Hitachi Energy India Ltd.,Capital Goods,Capital Goods,Domestic Equities,1738.0,1738.0,0.0,3.4772000000000003,3.354,3.673225998807409,2.76638113399987,1100,hitachi-energy-india,Mid Cap,Jun-2025
77293,6578,1,Muthoot Finance Ltd.,Finance,Finance,Domestic Equities,13062.0,8036.0,62.54355400696864,3.4273,1.7803,92.51249789361344,2.72668183036861,1100,muthoot-finance,Mid Cap,Jun-2025
227975,113151,1,Siemens Energy India Ltd.,Capital Goods,Capital Goods,Domestic Equities,11353.0,,,3.3785000000000003,,,2.68785766168715,1100,siemens-energy-india,Large Cap,Jun-2025
171365,5279,1,Hindustan Petroleum Corporation Ltd.,Crude Oil,Crude Oil,Domestic Equities,73116.0,55424.0,31.921189376443422,3.2028,2.2782,40.584672109560174,2.54807474288933,1100,hindustan-petroleum-corporation,Mid Cap,Jun-2025
152686,7802,1,Multi Commodity Exchange Of India Ltd.,Finance,Finance,Domestic Equities,3487.0,2181.0,59.88078862906924,3.1188,1.4399000000000002,116.59837488714491,2.48124625581468,1100,multi-commodity-exchange-of-india,Mid Cap,Jun-2025
114530,88033,1,HDFC Asset Management Company Ltd.,Finance,Finance,Domestic Equities,5993.0,4929.0,21.58652870764861,3.1114,2.3575,31.97879109225874,2.47535898433429,1100,hdfc-asset-management-company,Mid Cap,Jun-2025
38020,6672,1,Apollo Hospitals Enterprise Ltd.,Healthcare,Healthcare,Domestic Equities,4291.0,2706.0,58.57354028085735,3.1075,1.8619,66.89940383479241,2.47225623314868,1100,apollo-hospitals-enterprise,Large Cap,Jun-2025
135555,92715,1,360 One Wam Ltd.,Finance,Finance,Domestic Equities,25938.0,20388.0,27.2218952324897,3.0983,2.0336000000000003,52.35542879622342,2.46493692265955,1100,360-one-wam,Mid Cap,Jun-2025
152636,5140,1,Fortis Healthcare Ltd.,Healthcare,Healthcare,Domestic Equities,38833.0,33300.0,16.615615615615614,3.0853,2.352,31.17772108843537,2.45459441870752,1100,fortis-healthcare,Mid Cap,Jun-2025
152795,99590,1,One97 Communications Ltd.,IT,Information Technology,Domestic Equities,33237.0,27289.0,21.79632819084613,3.0711,2.4299,26.38791719823861,2.443297222083,1100,one97-communications,Mid Cap,Jun-2025
171485,6291,1,Motilal Oswal Financial Services Ltd.,Finance,Finance,Domestic Equities,35264.0,29016.0,21.53294733939895,3.0681,2.35,30.55744680851064,2.44091049040176,1100,motilal-oswal-financial-services,Mid Cap,Jun-2025
171327,5699,1,Marico Ltd.,FMCG,Fast Moving Consumer Goods,Domestic Equities,42295.0,32685.0,29.40186629952577,3.0552,2.3417,30.46931716274501,2.43064754417244,1100,marico,Mid Cap,Jun-2025
152222,5634,1,Max Financial Services Ltd.,Finance,Finance,Domestic Equities,18518.0,15983.0,15.860601889507604,3.0501,2.4018,26.992255808143884,2.42659010031433,1100,max-financial-services,Mid Cap,Jun-2025
222979,112566,1,Vishal Mega Mart Ltd.,Retailing,Retailing,Domestic Equities,227402.0,160261.0,41.894784133382416,3.0467,1.9978,52.50275302833117,2.42388513774226,1100,vishal-mega-mart,Mid Cap,Jun-2025
157113,99763,1,PB Fintech Ltd.,IT,Information Technology,Domestic Equities,16647.0,13349.0,24.7059704846805,3.0362,2.3516,29.112093893519308,2.41553157685793,1100,pb-fintech,Mid Cap,Jun-2025
79346,86555,1,Aditya Birla Capital Ltd.,Finance,Finance,Domestic Equities,109562.0,97182.0,12.73898458562285,3.0305,2.1624,40.14520902700703,2.41099678666358,1100,aditya-birla-capital,Mid Cap,Jun-2025
797,86851,1,Nippon Life India Asset Management Ltd.,Finance,Finance,Domestic Equities,37676.0,32404.0,16.269596346130108,3.0143,2.401,25.543523531861727,2.3981084355849,1100,nippon-life-india-asset-management,Mid Cap,Jun-2025
152551,7908,1,GMR Airports Ltd.,Infrastructure,Aviation,Domestic Equities,323721.0,220811.0,46.6054680246908,2.7578,1.8566,48.54034256167186,2.19404287683908,1100,gmr-airports,Mid Cap,Jun-2025
225180,112809,1,ITC Hotels Ltd.,Hospitality,Hospitality,Domestic Equities,123678.0,89578.0,38.06738261626739,2.7505,1.9391,41.84415450466712,2.1882351630814,1100,itc-hotels,Mid Cap,Jun-2025
152207,5372,1,LIC Housing Finance Ltd.,Finance,Finance,Domestic Equities,44288.0,,,2.7408,,,2.18051806397873,1100,lic-housing-finance,Mid Cap,Jun-2025
152406,5107,1,The Indian Hotels Company Ltd.,Hospitality,Hospitality,Domestic Equities,35287.0,25737.0,37.10611182344485,2.6829,1.9814,35.404259614414066,2.13445414253084,1100,the-indian-hotels-company,Large Cap,Jun-2025
76174,111823,1,Bharti Hexacom Ltd.,Telecom,Telecom,Domestic Equities,13195.0,13195.0,0.0,2.5766000000000004,2.4156,6.665010763371429,2.04988428329232,1100,bharti-hexacom,Mid Cap,Jun-2025
171840,6541,1,UNO Minda Ltd.,Automobile & Ancillaries,Automobile & Ancillaries,Domestic Equities,20903.0,20903.0,0.0,2.3083,2.1042,9.699648322402826,1.83643091326697,1100,uno-minda,Mid Cap,Jun-2025
7737,15826,1,IDFC First Bank Ltd.,Bank,Banking,Domestic Equities,287971.0,287971.0,0.0,2.0976,1.9573,7.168037602820212,1.66880279152137,1100,idfc-first-bank,Mid Cap,Jun-2025
19098,6973,1,Schaeffler India Ltd.,Automobile & Ancillaries,Automobile & Ancillaries,Domestic Equities,5095.0,5095.0,0.0,2.0621,2.1341,-3.3737875451009742,1.64055979996006,1100,schaeffler-india,Mid Cap,Jun-2025
587,7648,1,APL Apollo Tubes Ltd.,Iron & Steel,Iron & Steel,Domestic Equities,11760.0,11760.0,0.0,2.0452,2.1306,-4.008260583873083,1.62711454482242,1100,apl-apollo-tubes,Mid Cap,Jun-2025
123299,91366,1,KPIT Technologies Ltd.,IT,Information Technology,Domestic Equities,16240.0,14603.0,11.210025337259468,2.0441,1.9536,4.632473382473373,1.62623940987264,1100,kpit-technologies,Mid Cap,Jun-2025
509,8487,1,K.P.R. Mill Ltd.,Textile,Textile,Domestic Equities,17766.0,17766.0,0.0,2.0271,2.0013,1.2891620446709702,1.61271459701229,1100,kpr-mill,Mid Cap,Jun-2025
152441,8334,1,Gokaldas Exports Ltd.,Textile,Textile,Domestic Equities,21630.0,21630.0,0.0,1.9475,2.1432,-9.131205673758862,1.54938664973678,1100,gokaldas-exports,Small Cap,Jun-2025
171636,86629,1,ICICI Lombard General Insurance Company Ltd.,Insurance,Finance,Domestic Equities,9461.0,8446.0,12.017523087852238,1.9302,1.584,21.85606060606061,1.53562316370831,1100,icici-lombard-general-insurance-company,Mid Cap,Jun-2025
152386,5556,1,Glaxosmithkline Pharmaceuticals Ltd.,Healthcare,Healthcare,Domestic Equities,5386.0,4886.0,10.233319688907082,1.8248,1.6117,13.222063659489985,1.45176932397416,1100,glaxosmithkline-pharmaceuticals,Mid Cap,Jun-2025
133445,6416,1,Apar Industries Ltd.,Capital Goods,Capital Goods,Domestic Equities,2067.0,2067.0,0.0,1.8027,1.6772,7.482709277367047,1.43418706725571,1100,apar-industries,Small Cap,Jun-2025
75798,7006,1,Manappuram Finance Ltd.,Finance,Finance,Domestic Equities,65126.0,46251.0,40.809928433979806,1.7934,1.1038,62.47508606631638,1.42678819904388,1100,manappuram-finance,Small Cap,Jun-2025
46521,101004,1,Delhivery Ltd.,Logistics,Logistics,Domestic Equities,46495.0,37690.0,23.36163438577872,1.7797999999999998,1.3493000000000002,31.905432446453705,1.4159683487556,1100,delhivery,Small Cap,Jun-2025
599,7495,1,Sundaram Finance Ltd.,Finance,Finance,Domestic Equities,3353.0,,,1.7347,,,1.38008781581433,1100,sundaram-finance,Mid Cap,Jun-2025
123367,112361,1,Ather Energy Ltd.,Automobile & Ancillaries,Automobile & Ancillaries,Domestic Equities,50427.0,50427.0,0.0,1.6757,1.5784,6.16447034972123,1.33314875941665,1100,ather-energy,Small Cap,Jun-2025
487,8535,1,V2 Retail Ltd.,Retailing,Retailing,Domestic Equities,9164.0,4827.0,89.84876735032111,1.6628,0.8979,85.18766009577902,1.32288581318733,1100,v2-retail,Small Cap,Jun-2025
135194,112166,1,Niva Bupa Health Insurance Company Ltd.,Insurance,Finance,Domestic Equities,202455.0,158179.0,27.99107340418134,1.6555000000000002,1.4598,13.405946020002755,1.31707809942965,1100,niva-bupa-health-insurance-company,Small Cap,Jun-2025
152719,5290,1,NBCC (India) Ltd.,Realty,Realty,Domestic Equities,133952.0,121551.0,10.202301914422751,1.6439,1.4994999999999998,9.629876625541844,1.30784940359553,1100,nbcc-india,Small Cap,Jun-2025
63978,98925,1,CarTrade Tech Ltd.,Automobile & Ancillaries,Information Technology,Domestic Equities,9652.0,9024.0,6.959219858156028,1.6415,1.4013999999999998,17.13286713286715,1.30594001825054,1100,cartrade-tech,Small Cap,Jun-2025
122,5767,1,The Phoenix Mills Ltd.,Realty,Realty,Domestic Equities,10353.0,10353.0,0.0,1.6168,1.5914,1.596078924217683,1.28628926074168,1100,the-phoenix-mills,Mid Cap,Jun-2025
58272,82478,1,PNB Housing Finance Ltd.,Finance,Finance,Domestic Equities,14376.0,13176.0,9.107468123861564,1.5949,1.3768,15.841080766995931,1.26886611946865,1100,pnb-housing-finance,Small Cap,Jun-2025
154646,104894,1,Allied Blenders And Distillers Ltd.,Alcohol,Alcohol,Domestic Equities,35943.0,35943.0,0.0,1.5490000000000002,1.4366,7.824028957260204,1.23234912474571,1100,allied-blenders-and-distillers,Small Cap,Jun-2025
195442,101899,1,Syrma SGS Technology Ltd.,Electricals,Electricals,Domestic Equities,26084.0,26084.0,0.0,1.4794999999999998,1.4054,5.272520278924148,1.17705650746371,1100,syrma-sgs-technology,Small Cap,Jun-2025
76268,106949,1,Indegene Ltd.,Business Services,Other,Domestic Equities,24476.0,13255.0,84.65484722746133,1.4065,0.7959999999999999,76.6959798994975,1.11897936988692,1100,indegene,Small Cap,Jun-2025
115131,88043,1,Lemon Tree Hotels Ltd.,Hospitality,Hospitality,Domestic Equities,99659.0,99659.0,0.0,1.3963,1.3884999999999998,0.5617572920417725,1.11086448217072,1100,lemon-tree-hotels,Small Cap,Jun-2025
37877,7189,1,JB Chemicals & Pharmaceuticals Ltd.,Healthcare,Healthcare,Domestic Equities,7890.0,7890.0,0.0,1.325,1.3226,0.1814607591108492,1.05413982587997,1100,jb-chemicals-pharmaceuticals,Small Cap,Jun-2025
152296,7356,1,Patanjali Foods Ltd.,FMCG,Fast Moving Consumer Goods,Domestic Equities,7675.0,7675.0,0.0,1.2668,1.2827000000000002,-1.2395727761752575,1.00783723126396,1100,patanjali-foods,Mid Cap,Jun-2025
140187,110794,1,India Shelter Finance Corporation Ltd.,Finance,Finance,Domestic Equities,13752.0,,,1.2109,,,0.963364464270229,1100,india-shelter-finance-corporation,Small Cap,Jun-2025
84908,112552,1,Swiggy Ltd.,Retailing,Information Technology,Domestic Equities,29800.0,,,1.1932,,,0.949282747350927,1100,swiggy,Mid Cap,Jun-2025
140194,102059,1,Rainbow Children's Medicare Ltd.,Healthcare,Healthcare,Domestic Equities,7379.0,7379.0,0.0,1.1526,1.0349,11.37307952459176,0.91698231193151,1100,rainbow-children's-medicare,Small Cap,Jun-2025
133623,8531,1,Radico Khaitan Ltd.,Alcohol,Alcohol,Domestic Equities,4312.0,4312.0,0.0,1.1284999999999998,1.0920999999999998,3.333028110978849,0.897808900758901,1100,radico-khaitan,Mid Cap,Jun-2025
171576,15890,1,Dr. Lal Pathlabs Ltd.,Healthcare,Healthcare,Domestic Equities,3890.0,3890.0,0.0,1.0878,1.084,0.3505535055350511,0.865428907616777,1100,dr-lal-pathlabs,Small Cap,Jun-2025
2006,102339,1,Ethos Ltd.,Retailing,Retailing,Domestic Equities,3966.0,3966.0,0.0,1.0477,1.1301,-7.291390142465276,0.8335262608109,1100,ethos,Small Cap,Jun-2025
114425,8654,1,Saregama India Ltd.,Media & Entertainment,Media & Entertainment,Domestic Equities,18957.0,18957.0,0.0,0.9449,1.0285,-8.128342245989305,0.751740921867156,1100,saregama-india,Small Cap,Jun-2025
139601,89162,1,Aavas Financiers Ltd.,Finance,Finance,Domestic Equities,4096.0,4096.0,0.0,0.8571,0.7551000000000001,13.508144616607057,0.6818892413296,1100,aavas-financiers,Small Cap,Jun-2025
653,111996,1,Afcons Infrastructure Ltd.,Infrastructure,Infrastructure,Domestic Equities,15354.0,15354.0,0.0,0.6717,0.6496,3.4020935960591263,0.534389223429113,1100,afcons-infrastructure,Small Cap,Jun-2025
189369,98614,1,Alivus Life Sciences Ltd.,Healthcare,Healthcare,Domestic Equities,6485.0,6485.0,0.0,0.6520999999999999,0.675,-3.3925925925926017,0.51879590977836,1100,alivus-life-sciences,Small Cap,Jun-2025
177212,94646,1,Hitachi Energy India Ltd.,Capital Goods,Capital Goods,Domestic Equities,1738.0,,,2.1992,,,3.85224422303499,1100,hitachi-energy-india,Mid Cap,Mar-2025
152636,5140,1,Fortis Healthcare Ltd.,Healthcare,Healthcare,Domestic Equities,20604.0,,,1.4388999999999998,,,2.5204593545494,1100,fortis-healthcare,Mid Cap,Mar-2025
76174,111823,1,Bharti Hexacom Ltd.,Telecom,Telecom,Domestic Equities,9645.0,,,1.4118000000000002,,,2.47298944801782,1100,bharti-hexacom,Mid Cap,Mar-2025
152386,5556,1,Glaxosmithkline Pharmaceuticals Ltd.,Healthcare,Healthcare,Domestic Equities,4886.0,,,1.4073,,,2.46510699121369,1100,glaxosmithkline-pharmaceuticals,Mid Cap,Mar-2025
38020,6672,1,Apollo Hospitals Enterprise Ltd.,Healthcare,Healthcare,Domestic Equities,2126.0,,,1.4066,,,2.46388083126638,1100,apollo-hospitals-enterprise,Mid Cap,Mar-2025
77293,6578,1,Muthoot Finance Ltd.,Finance,Finance,Domestic Equities,5846.0,,,1.393,,,2.44005829514721,1100,muthoot-finance,Mid Cap,Mar-2025
152296,7356,1,Patanjali Foods Ltd.,FMCG,Fast Moving Consumer Goods,Domestic Equities,7675.0,,,1.3879,,,2.43112484410252,1100,patanjali-foods,Mid Cap,Mar-2025
152222,5634,1,Max Financial Services Ltd.,Finance,Finance,Domestic Equities,12054.0,,,1.3834,,,2.42324238729838,1100,max-financial-services,Mid Cap,Mar-2025
79346,86555,1,Aditya Birla Capital Ltd.,Finance,Finance,Domestic Equities,74602.0,,,1.3807,,,2.4185129132159,1100,aditya-birla-capital,Mid Cap,Mar-2025
222979,112566,1,Vishal Mega Mart Ltd.,Retailing,Retailing,Domestic Equities,132448.0,,,1.3806,,,2.41833774750914,1100,vishal-mega-mart,Mid Cap,Mar-2025
171636,86629,1,ICICI Lombard General Insurance Company Ltd.,Insurance,Finance,Domestic Equities,7686.0,,,1.378,,,2.41378343913342,1100,icici-lombard-general-insurance-company,Mid Cap,Mar-2025
152795,99590,1,One97 Communications Ltd.,IT,Information Technology,Domestic Equities,17574.0,,,1.3768,,,2.41168145065232,1100,one97-communications,Mid Cap,Mar-2025
171485,6291,1,Motilal Oswal Financial Services Ltd.,Finance,Finance,Domestic Equities,22372.0,,,1.3766999999999998,,,2.41150628494556,1100,motilal-oswal-financial-services,Mid Cap,Mar-2025
171327,5699,1,Marico Ltd.,FMCG,Fast Moving Consumer Goods,Domestic Equities,21123.0,,,1.3765,,,2.41115595353204,1100,marico,Mid Cap,Mar-2025
587,7648,1,APL Apollo Tubes Ltd.,Iron & Steel,Iron & Steel,Domestic Equities,9010.0,,,1.3743,,,2.40730230798335,1100,apl-apollo-tubes,Mid Cap,Mar-2025
171365,5279,1,Hindustan Petroleum Corporation Ltd.,Crude Oil,Crude Oil,Domestic Equities,38120.0,,,1.3737,,,2.4062513137428,1100,hindustan-petroleum-corporation,Mid Cap,Mar-2025
152551,7908,1,GMR Airports Ltd.,Infrastructure,Aviation,Domestic Equities,180720.0,,,1.3686,,,2.39731786269811,1100,gmr-airports,Mid Cap,Mar-2025
135555,92715,1,360 One Wam Ltd.,Finance,Finance,Domestic Equities,14514.0,,,1.3682,,,2.39661719987108,1100,360-one-wam,Mid Cap,Mar-2025
152406,5107,1,The Indian Hotels Company Ltd.,Hospitality,Hospitality,Domestic Equities,17370.0,,,1.368,,,2.39626686845756,1100,the-indian-hotels-company,Mid Cap,Mar-2025
122,5767,1,The Phoenix Mills Ltd.,Realty,Realty,Domestic Equities,8309.0,,,1.3654,,,2.39171256008184,1100,the-phoenix-mills,Mid Cap,Mar-2025
123299,91366,1,KPIT Technologies Ltd.,IT,Information Technology,Domestic Equities,10436.0,,,1.3644999999999998,,,2.39013606872101,1100,kpit-technologies,Mid Cap,Mar-2025
171685,5596,1,The Federal Bank Ltd.,Bank,Banking,Domestic Equities,70698.0,,,1.3625999999999998,,,2.3868079202926,1100,the-federal-bank,Mid Cap,Mar-2025
157113,99763,1,PB Fintech Ltd.,IT,Information Technology,Domestic Equities,8545.0,,,1.3584,,,2.37945096060874,1100,pb-fintech,Mid Cap,Mar-2025
114530,88033,1,HDFC Asset Management Company Ltd.,Finance,Finance,Domestic Equities,3384.0,,,1.3583,,,2.37927579490198,1100,hdfc-asset-management-company,Mid Cap,Mar-2025
797,86851,1,Nippon Life India Asset Management Ltd.,Finance,Finance,Domestic Equities,23424.0,,,1.3552000000000002,,,2.37384565799246,1100,nippon-life-india-asset-management,Mid Cap,Mar-2025
171840,6541,1,UNO Minda Ltd.,Automobile & Ancillaries,Automobile & Ancillaries,Domestic Equities,15267.0,,,1.3366,,,2.34126483653536,1100,uno-minda,Mid Cap,Mar-2025
19098,6973,1,Schaeffler India Ltd.,Automobile & Ancillaries,Automobile & Ancillaries,Domestic Equities,3367.0,,,1.1368,,,1.99128375443169,1100,schaeffler-india,Mid Cap,Mar-2025
139601,89162,1,Aavas Financiers Ltd.,Finance,Finance,Domestic Equities,4096.0,,,0.8536,,,1.49521447289136,1100,aavas-financiers,Small Cap,Mar-2025
58272,82478,1,PNB Housing Finance Ltd.,Finance,Finance,Domestic Equities,9457.0,,,0.8336,,,1.46018133153964,1100,pnb-housing-finance,Small Cap,Mar-2025
487,8535,1,V2 Retail Ltd.,Retailing,Retailing,Domestic Equities,4827.0,,,0.8295,,,1.45299953756253,1100,v2-retail,Small Cap,Mar-2025
225180,112809,1,ITC Hotels Ltd.,Hospitality,Hospitality,Domestic Equities,41811.0,,,0.8258,,,1.44651840641247,1100,itc-hotels,,Mar-2025
83618,17010,1,BLS International Services Ltd.,Business Services,Hospitality,Domestic Equities,20644.0,,,0.823,,,1.44161376662323,1100,bls-international-services,Small Cap,Mar-2025
154646,104894,1,Allied Blenders And Distillers Ltd.,Alcohol,Alcohol,Domestic Equities,26490.0,,,0.8111,,,1.42076904751895,1100,allied-blenders-and-distillers,Small Cap,Mar-2025
140194,102059,1,Rainbow Children's Medicare Ltd.,Healthcare,Healthcare,Domestic Equities,5539.0,,,0.7764,,,1.35998654727372,1100,rainbow-children's-medicare,Small Cap,Mar-2025
76268,106949,1,Indegene Ltd.,Healthcare,Healthcare,Domestic Equities,13255.0,,,0.7668,,,1.3431706394249,1100,indegene,Small Cap,Mar-2025
133623,8531,1,Radico Khaitan Ltd.,Alcohol,Alcohol,Domestic Equities,3154.0,,,0.7661,,,1.34194447947759,1100,radico-khaitan,Small Cap,Mar-2025
653,111996,1,Afcons Infrastructure Ltd.,Infrastructure,Infrastructure,Domestic Equities,15354.0,,,0.7476999999999999,,,1.309713989434,1100,afcons-infrastructure,Small Cap,Mar-2025
75798,7006,1,Manappuram Finance Ltd.,Finance,Finance,Domestic Equities,31419.0,,,0.7313,,,1.2809868135256,1100,manappuram-finance,Small Cap,Mar-2025
114425,8654,1,Saregama India Ltd.,Media & Entertainment,Media & Entertainment,Domestic Equities,14203.0,,,0.7267,,,1.2729291910147,1100,saregama-india,Small Cap,Mar-2025
195442,101899,1,Syrma SGS Technology Ltd.,Electricals,Electricals,Domestic Equities,15776.0,,,0.7254999999999999,,,1.2708272025336,1100,syrma-sgs-technology,Small Cap,Mar-2025
37877,7189,1,JB Chemicals & Pharmaceuticals Ltd.,Healthcare,Healthcare,Domestic Equities,4461.0,,,0.7241,,,1.26837488263898,1100,jb-chemicals-pharmaceuticals,Small Cap,Mar-2025
152719,5290,1,NBCC (India) Ltd.,Realty,Realty,Domestic Equities,87896.0,,,0.7198,,,1.26084275724836,1100,nbcc-india,Small Cap,Mar-2025
509,8487,1,K.P.R. Mill Ltd.,Textile,Textile,Domestic Equities,7931.0,,,0.7189,,,1.25926626588753,1100,kpr-mill,Small Cap,Mar-2025
189369,98614,1,Alivus Life Sciences Ltd.,Healthcare,Healthcare,Domestic Equities,6485.0,,,0.7011,,,1.2280867700845,1100,alivus-life-sciences,Small Cap,Mar-2025
2006,102339,1,Ethos Ltd.,Retailing,Retailing,Domestic Equities,2813.0,,,0.6989,,,1.22423312453581,1100,ethos,Small Cap,Mar-2025
171576,15890,1,Dr. Lal Pathlabs Ltd.,Healthcare,Healthcare,Domestic Equities,2813.0,,,0.6973,,,1.22143047322767,1100,dr-lal-pathlabs,Small Cap,Mar-2025
133317,6810,1,Blue Star Ltd.,Consumer Durables,Consumer Durables,Domestic Equities,3258.0,,,0.696,,,1.21915331903981,1100,blue-star,Mid Cap,Mar-2025
63978,98925,1,CarTrade Tech Ltd.,Automobile & Ancillaries,Information Technology,Domestic Equities,4192.0,,,0.6896,,,1.20794271380726,1100,cartrade-tech,Small Cap,Mar-2025
115131,88043,1,Lemon Tree Hotels Ltd.,Hospitality,Hospitality,Domestic Equities,53506.0,,,0.6870999999999999,,,1.2035635711383,1100,lemon-tree-hotels,Small Cap,Mar-2025
177212,94646,1,Hitachi Energy India Ltd.,Capital Goods,Capital Goods,Domestic Equities,1738.0,1738.0,0.0,2.5251,2.1992,14.81902510003638,3.38982368245121,1100,hitachi-energy-india,Mid Cap,Apr-2025
222979,112566,1,Vishal Mega Mart Ltd.,Retailing,Retailing,Domestic Equities,160261.0,132448.0,20.99918458564871,1.8988,1.3806,37.5344053310155,2.54904645686838,1100,vishal-mega-mart,Mid Cap,Apr-2025
152222,5634,1,Max Financial Services Ltd.,Finance,Finance,Domestic Equities,14480.0,12054.0,20.12609922017588,1.8896,1.3834,36.59100766228134,2.53669590525516,1100,max-financial-services,Mid Cap,Apr-2025
152636,5140,1,Fortis Healthcare Ltd.,Healthcare,Healthcare,Domestic Equities,26920.0,20604.0,30.654241894777712,1.8455,1.4388999999999998,28.257696851761786,2.47749380458742,1100,fortis-healthcare,Mid Cap,Apr-2025
76174,111823,1,Bharti Hexacom Ltd.,Telecom,Telecom,Domestic Equities,10885.0,9645.0,12.8564022809746,1.8386,1.4118000000000002,30.230910893894325,2.46823089087751,1100,bharti-hexacom,Mid Cap,Apr-2025
123299,91366,1,KPIT Technologies Ltd.,IT,Information Technology,Domestic Equities,14603.0,10436.0,39.9290916059793,1.8306,1.3644999999999998,34.159032612678644,2.45749128077905,1100,kpit-technologies,Mid Cap,Apr-2025
152551,7908,1,GMR Airports Ltd.,Infrastructure,Aviation,Domestic Equities,206341.0,180720.0,14.177180168216024,1.7991,1.3686,31.45550197281892,2.41520406601638,1100,gmr-airports,Mid Cap,Apr-2025
171327,5699,1,Marico Ltd.,FMCG,Fast Moving Consumer Goods,Domestic Equities,25033.0,21123.0,18.51062822515741,1.7785,1.3765,29.20450417726116,2.38754957001286,1100,marico,Mid Cap,Apr-2025
171685,5596,1,The Federal Bank Ltd.,Bank,Banking,Domestic Equities,89464.0,70698.0,26.54389091629184,1.7596,1.3625999999999998,29.13547629531779,2.36217724115526,1100,the-federal-bank,Mid Cap,Apr-2025
152795,99590,1,One97 Communications Ltd.,IT,Information Technology,Domestic Equities,20340.0,17574.0,15.739160122908844,1.7589,1.3768,27.752760023242285,2.36123752527164,1100,one97-communications,Mid Cap,Apr-2025
135555,92715,1,360 One Wam Ltd.,Finance,Finance,Domestic Equities,17731.0,14514.0,22.164806393826648,1.7484,1.3682,27.78833503873703,2.34714178701742,1100,360-one-wam,Mid Cap,Apr-2025
157113,99763,1,PB Fintech Ltd.,IT,Information Technology,Domestic Equities,10742.0,8545.0,25.71094207138678,1.7459,1.3584,28.526207302709068,2.34378565886166,1100,pb-fintech,Mid Cap,Apr-2025
77293,6578,1,Muthoot Finance Ltd.,Finance,Finance,Domestic Equities,8036.0,5846.0,37.461512145056446,1.7437,1.393,25.17587939698492,2.34083226608458,1100,muthoot-finance,Mid Cap,Apr-2025
225180,112809,1,ITC Hotels Ltd.,Hospitality,Hospitality,Domestic Equities,89578.0,41811.0,114.24505512903302,1.7416999999999998,0.8258,110.91063211431336,2.33814736355997,1100,itc-hotels,,Apr-2025
797,86851,1,Nippon Life India Asset Management Ltd.,Finance,Finance,Domestic Equities,27173.0,23424.0,16.00495218579235,1.7355,1.3552000000000002,28.062278630460447,2.32982416573366,1100,nippon-life-india-asset-management,Mid Cap,Apr-2025
171365,5279,1,Hindustan Petroleum Corporation Ltd.,Crude Oil,Crude Oil,Domestic Equities,45649.0,38120.0,19.750786988457502,1.7287,1.3737,25.842614835844795,2.32069549714998,1100,hindustan-petroleum-corporation,Mid Cap,Apr-2025
79346,86555,1,Aditya Birla Capital Ltd.,Finance,Finance,Domestic Equities,87774.0,74602.0,17.656363100184983,1.7235,1.3807,24.82798580430217,2.31371475058598,1100,aditya-birla-capital,Mid Cap,Apr-2025
7737,15826,1,IDFC First Bank Ltd.,Bank,Banking,Domestic Equities,264364.0,,,1.7155,,,2.30297514048752,1100,idfc-first-bank,Mid Cap,Apr-2025
114530,88033,1,HDFC Asset Management Company Ltd.,Finance,Finance,Domestic Equities,3904.0,3384.0,15.36643026004728,1.7078,1.3583,25.73069277773687,2.29263826576776,1100,hdfc-asset-management-company,Mid Cap,Apr-2025
587,7648,1,APL Apollo Tubes Ltd.,Iron & Steel,Iron & Steel,Domestic Equities,10460.0,9010.0,16.09322974472808,1.6943,1.3743,23.28458124135924,2.27451517372662,1100,apl-apollo-tubes,Mid Cap,Apr-2025
171840,6541,1,UNO Minda Ltd.,Automobile & Ancillaries,Automobile & Ancillaries,Domestic Equities,18887.0,15267.0,23.71127267963581,1.6888999999999998,1.3366,26.35792308843333,2.26726593691016,1100,uno-minda,Mid Cap,Apr-2025
152406,5107,1,The Indian Hotels Company Ltd.,Hospitality,Hospitality,Domestic Equities,21337.0,17370.0,22.838226827864133,1.6807,1.368,22.85818713450291,2.25625783655924,1100,the-indian-hotels-company,Mid Cap,Apr-2025
38020,6672,1,Apollo Hospitals Enterprise Ltd.,Healthcare,Healthcare,Domestic Equities,2356.0,2126.0,10.818438381937913,1.6438,1.4066,16.86335845300725,2.20672138498012,1100,apollo-hospitals-enterprise,Mid Cap,Apr-2025
122,5767,1,The Phoenix Mills Ltd.,Realty,Realty,Domestic Equities,9499.0,8309.0,14.321819713563604,1.5811000000000002,1.3654,15.797568478101672,2.12254969083347,1100,the-phoenix-mills,Mid Cap,Apr-2025
171485,6291,1,Motilal Oswal Financial Services Ltd.,Finance,Finance,Domestic Equities,23756.0,22372.0,6.1863043089576255,1.5507,1.3766999999999998,12.638919154499895,2.08173917245934,1100,motilal-oswal-financial-services,Mid Cap,Apr-2025
152296,7356,1,Patanjali Foods Ltd.,FMCG,Fast Moving Consumer Goods,Domestic Equities,7675.0,7675.0,0.0,1.4629,1.3879,5.403847539448088,1.9638719516288,1100,patanjali-foods,Mid Cap,Apr-2025
152386,5556,1,Glaxosmithkline Pharmaceuticals Ltd.,Healthcare,Healthcare,Domestic Equities,4886.0,4886.0,0.0,1.4485,1.4073,2.927591842535355,1.94454065345158,1100,glaxosmithkline-pharmaceuticals,Mid Cap,Apr-2025
171636,86629,1,ICICI Lombard General Insurance Company Ltd.,Insurance,Finance,Domestic Equities,7686.0,7686.0,0.0,1.4423,1.378,4.666182873730027,1.93621745562527,1100,icici-lombard-general-insurance-company,Mid Cap,Apr-2025
19098,6973,1,Schaeffler India Ltd.,Automobile & Ancillaries,Automobile & Ancillaries,Domestic Equities,3367.0,3367.0,0.0,1.1693,1.1368,2.85890218156228,1.56972826101548,1100,schaeffler-india,Mid Cap,Apr-2025
63978,98925,1,CarTrade Tech Ltd.,Automobile & Ancillaries,Information Technology,Domestic Equities,6544.0,4192.0,56.10687022900763,1.1153,0.6896,61.73143851508123,1.49723589285091,1100,cartrade-tech,Small Cap,Apr-2025
152441,8334,1,Gokaldas Exports Ltd.,Textile,Textile,Domestic Equities,12944.0,,,1.0984,,,1.47454846651792,1100,gokaldas-exports,Small Cap,Apr-2025
171576,15890,1,Dr. Lal Pathlabs Ltd.,Healthcare,Healthcare,Domestic Equities,3890.0,2813.0,38.28652683967295,1.0772,0.6973,54.48157177685356,1.44608849975702,1100,dr-lal-pathlabs,Small Cap,Apr-2025
75798,7006,1,Manappuram Finance Ltd.,Finance,Finance,Domestic Equities,46251.0,31419.0,47.207103981667146,1.0677,0.7313,46.00027348557364,1.4333352127651,1100,manappuram-finance,Small Cap,Apr-2025
133623,8531,1,Radico Khaitan Ltd.,Alcohol,Alcohol,Domestic Equities,4312.0,3154.0,36.71528218135701,1.0589,0.7661,38.21955358308315,1.4215216416568,1100,radico-khaitan,Small Cap,Apr-2025
152719,5290,1,NBCC (India) Ltd.,Realty,Realty,Domestic Equities,108921.0,87896.0,23.920314917629927,1.0368000000000002,0.7198,44.04001111419839,1.39185346875982,1100,nbcc-india,Small Cap,Apr-2025
140194,102059,1,Rainbow Children's Medicare Ltd.,Healthcare,Healthcare,Domestic Equities,7379.0,5539.0,33.21899259794186,1.0195999999999998,0.7764,31.324059763008748,1.36876330704814,1100,rainbow-children's-medicare,Small Cap,Apr-2025
115131,88043,1,Lemon Tree Hotels Ltd.,Hospitality,Hospitality,Domestic Equities,74239.0,53506.0,38.74892535416589,1.0165,0.6870999999999999,47.94061999708924,1.36460170813499,1100,lemon-tree-hotels,Small Cap,Apr-2025
154646,104894,1,Allied Blenders And Distillers Ltd.,Alcohol,Alcohol,Domestic Equities,32523.0,26490.0,22.77463193657984,0.9993,0.8111,23.20305757613119,1.34151154642331,1100,allied-blenders-and-distillers,Small Cap,Apr-2025
509,8487,1,K.P.R. Mill Ltd.,Textile,Textile,Domestic Equities,9971.0,7931.0,25.72185096456941,0.9944,0.7189,38.32243705661427,1.334933535238,1100,kpr-mill,Small Cap,Apr-2025
114425,8654,1,Saregama India Ltd.,Media & Entertainment,Media & Entertainment,Domestic Equities,18957.0,14203.0,33.471801732028446,0.9934,0.7267,36.70015136920325,1.3335910839757,1100,saregama-india,Small Cap,Apr-2025
83618,17010,1,BLS International Services Ltd.,Business Services,Hospitality,Domestic Equities,27688.0,20644.0,34.12129432280565,0.9839,0.823,19.55042527339004,1.32083779698378,1100,bls-international-services,Small Cap,Apr-2025
2006,102339,1,Ethos Ltd.,Retailing,Retailing,Domestic Equities,3966.0,2813.0,40.98826875222183,0.9813,0.6989,40.40635284017741,1.31734742370178,1100,ethos,Small Cap,Apr-2025
195442,101899,1,Syrma SGS Technology Ltd.,Electricals,Electricals,Domestic Equities,20734.0,15776.0,31.42748478701825,0.965,0.7254999999999999,33.011716057891114,1.29546546812618,1100,syrma-sgs-technology,Small Cap,Apr-2025
58272,82478,1,PNB Housing Finance Ltd.,Finance,Finance,Domestic Equities,9457.0,9457.0,0.0,0.9553,0.8336,14.59932821497121,1.2824436908818,1100,pnb-housing-finance,Small Cap,Apr-2025
133317,6810,1,Blue Star Ltd.,Consumer Durables,Consumer Durables,Domestic Equities,4898.0,3258.0,50.33763044812769,0.8356999999999999,0.696,20.071839080459768,1.12188651990989,1100,blue-star,Mid Cap,Apr-2025
487,8535,1,V2 Retail Ltd.,Retailing,Retailing,Domestic Equities,4827.0,4827.0,0.0,0.8145,0.8295,-1.8083182640144664,1.09342655314899,1100,v2-retail,Small Cap,Apr-2025
139601,89162,1,Aavas Financiers Ltd.,Finance,Finance,Domestic Equities,4096.0,4096.0,0.0,0.7958,0.8536,-6.7713214620431135,1.06832271454385,1100,aavas-financiers,Small Cap,Apr-2025
76268,106949,1,Indegene Ltd.,Healthcare,Healthcare,Domestic Equities,13255.0,13255.0,0.0,0.726,0.7668,-5.320813771518012,0.974619616434825,1100,indegene,Small Cap,Apr-2025
37877,7189,1,JB Chemicals & Pharmaceuticals Ltd.,Healthcare,Healthcare,Domestic Equities,4461.0,4461.0,0.0,0.7193,0.7241,-0.6628918657643831,0.965625192977369,1100,jb-chemicals-pharmaceuticals,Small Cap,Apr-2025
189369,98614,1,Alivus Life Sciences Ltd.,Healthcare,Healthcare,Domestic Equities,6485.0,6485.0,0.0,0.7159,0.7011,2.1109684781058395,0.961060858685525,1100,alivus-life-sciences,Small Cap,Apr-2025
653,111996,1,Afcons Infrastructure Ltd.,Infrastructure,Infrastructure,Domestic Equities,15354.0,15354.0,0.0,0.6428,0.7476999999999999,-14.029691052561184,0.862927671410889,1100,afcons-infrastructure,Small Cap,Apr-2025
123367,112361,1,Ather Energy Ltd.,Automobile & Ancillaries,Automobile & Ancillaries,Domestic Equities,16744.0,,,0.5375,,,0.72156755348997,1100,ather-energy,,Apr-2025
177212,94646,1,Hitachi Energy India Ltd.,Capital Goods,Capital Goods,Domestic Equities,1738.0,1738.0,0.0,3.354,2.5251,32.82642271593203,3.43398787968142,1100,hitachi-energy-india,Mid Cap,May-2025
152795,99590,1,One97 Communications Ltd.,IT,Information Technology,Domestic Equities,27289.0,20340.0,34.164208456243855,2.4299,1.7589,38.14884302689182,2.48784947788846,1100,one97-communications,Mid Cap,May-2025
76174,111823,1,Bharti Hexacom Ltd.,Telecom,Telecom,Domestic Equities,13195.0,10885.0,21.221864951768488,2.4156,1.8386,31.38257369737843,2.47320844429292,1100,bharti-hexacom,Mid Cap,May-2025
152222,5634,1,Max Financial Services Ltd.,Finance,Finance,Domestic Equities,15983.0,14480.0,10.379834254143647,2.4018,1.8896,27.10626587637595,2.45907933494897,1100,max-financial-services,Mid Cap,May-2025
797,86851,1,Nippon Life India Asset Management Ltd.,Finance,Finance,Domestic Equities,32404.0,27173.0,19.2507268244213,2.401,1.7355,38.34629789685968,2.45826025614642,1100,nippon-life-india-asset-management,Mid Cap,May-2025
114530,88033,1,HDFC Asset Management Company Ltd.,Finance,Finance,Domestic Equities,4929.0,3904.0,26.255122950819672,2.3575,1.7078,38.04309638130929,2.41372284625789,1100,hdfc-asset-management-company,Mid Cap,May-2025
152636,5140,1,Fortis Healthcare Ltd.,Healthcare,Healthcare,Domestic Equities,33300.0,26920.0,23.699851411589894,2.352,1.8455,27.44513681929015,2.40809167949037,1100,fortis-healthcare,Mid Cap,May-2025
157113,99763,1,PB Fintech Ltd.,IT,Information Technology,Domestic Equities,13349.0,10742.0,24.26922360826661,2.3516,1.7459,34.69270863165129,2.4076821400891,1100,pb-fintech,Mid Cap,May-2025
171485,6291,1,Motilal Oswal Financial Services Ltd.,Finance,Finance,Domestic Equities,29016.0,23756.0,22.141774709547065,2.35,1.5507,51.54446379054621,2.406043982484,1100,motilal-oswal-financial-services,Mid Cap,May-2025
171327,5699,1,Marico Ltd.,FMCG,Fast Moving Consumer Goods,Domestic Equities,32685.0,25033.0,30.567650701074584,2.3417,1.7785,31.667135226314308,2.39754603990757,1100,marico,Mid Cap,May-2025
171365,5279,1,Hindustan Petroleum Corporation Ltd.,Crude Oil,Crude Oil,Domestic Equities,55424.0,45649.0,21.41339350259589,2.2782,1.7287,31.78689188407473,2.33253165995534,1100,hindustan-petroleum-corporation,Mid Cap,May-2025
79346,86555,1,Aditya Birla Capital Ltd.,Finance,Finance,Domestic Equities,97182.0,87774.0,10.7184359833208,2.1624,1.7235,25.4656222802437,2.21397000328655,1100,aditya-birla-capital,Mid Cap,May-2025
152441,8334,1,Gokaldas Exports Ltd.,Textile,Textile,Domestic Equities,21630.0,12944.0,67.1044499381953,2.1432,1.0984,95.12017479970864,2.19431211202541,1100,gokaldas-exports,Small Cap,May-2025
19098,6973,1,Schaeffler India Ltd.,Automobile & Ancillaries,Automobile & Ancillaries,Domestic Equities,5095.0,3367.0,51.32165132165132,2.1341,1.1693,82.51090395963395,2.18499509064643,1100,schaeffler-india,Mid Cap,May-2025
587,7648,1,APL Apollo Tubes Ltd.,Iron & Steel,Iron & Steel,Domestic Equities,11760.0,10460.0,12.4282982791587,2.1306,1.6943,25.75104763028979,2.18141162088528,1100,apl-apollo-tubes,Mid Cap,May-2025
171840,6541,1,UNO Minda Ltd.,Automobile & Ancillaries,Automobile & Ancillaries,Domestic Equities,20903.0,18887.0,10.67400857732832,2.1042,1.6888999999999998,24.589969802830247,2.15438202040121,1100,uno-minda,Mid Cap,May-2025
135555,92715,1,360 One Wam Ltd.,Finance,Finance,Domestic Equities,20388.0,17731.0,14.985054424454344,2.0336000000000003,1.7484,16.31205673758866,2.08209831607637,1100,360-one-wam,Mid Cap,May-2025
171685,5596,1,The Federal Bank Ltd.,Bank,Banking,Domestic Equities,100509.0,89464.0,12.345748010372889,2.0309,1.7596,15.41827688110934,2.07933392511777,1100,the-federal-bank,Mid Cap,May-2025
509,8487,1,K.P.R. Mill Ltd.,Textile,Textile,Domestic Equities,17766.0,9971.0,78.17671246615184,2.0013,0.9944,101.25703942075624,2.0490280094235,1100,kpr-mill,Small Cap,May-2025
222979,112566,1,Vishal Mega Mart Ltd.,Retailing,Retailing,Domestic Equities,160261.0,160261.0,0.0,1.9978,1.8988,5.213819254265855,2.04544453966236,1100,vishal-mega-mart,Mid Cap,May-2025
152406,5107,1,The Indian Hotels Company Ltd.,Hospitality,Hospitality,Domestic Equities,25737.0,21337.0,20.621455687303744,1.9814,1.6807,17.89135479264592,2.02865342421013,1100,the-indian-hotels-company,Mid Cap,May-2025
7737,15826,1,IDFC First Bank Ltd.,Bank,Banking,Domestic Equities,287971.0,264364.0,8.929733246584256,1.9573,1.7155,14.09501603031185,2.00397867528338,1100,idfc-first-bank,Mid Cap,May-2025
123299,91366,1,KPIT Technologies Ltd.,IT,Information Technology,Domestic Equities,14603.0,14603.0,0.0,1.9536,1.8306,6.71910848902,2.00019043582159,1100,kpit-technologies,Mid Cap,May-2025
225180,112809,1,ITC Hotels Ltd.,Hospitality,Hospitality,Domestic Equities,89578.0,89578.0,0.0,1.9391,1.7416999999999998,11.333754377906647,1.98534463252541,1100,itc-hotels,,May-2025
38020,6672,1,Apollo Hospitals Enterprise Ltd.,Healthcare,Healthcare,Domestic Equities,2706.0,2356.0,14.855687606112053,1.8619,1.6438,13.268037474145276,1.90630352807956,1100,apollo-hospitals-enterprise,Mid Cap,May-2025
152551,7908,1,GMR Airports Ltd.,Infrastructure,Aviation,Domestic Equities,220811.0,206341.0,7.012663503617798,1.8566,1.7991,3.1960424656772832,1.90087713101268,1100,gmr-airports,Mid Cap,May-2025
77293,6578,1,Muthoot Finance Ltd.,Finance,Finance,Domestic Equities,8036.0,8036.0,0.0,1.7803,1.7437,2.098984917130238,1.82275749021969,1100,muthoot-finance,Mid Cap,May-2025
133445,6416,1,Apar Industries Ltd.,Capital Goods,Capital Goods,Domestic Equities,2067.0,,,1.6772,,,1.71719870954135,1100,apar-industries,Mid Cap,May-2025
152386,5556,1,Glaxosmithkline Pharmaceuticals Ltd.,Healthcare,Healthcare,Domestic Equities,4886.0,4886.0,0.0,1.6117,1.4485,11.26682775284777,1.65013663258275,1100,glaxosmithkline-pharmaceuticals,Mid Cap,May-2025
122,5767,1,The Phoenix Mills Ltd.,Realty,Realty,Domestic Equities,10353.0,9499.0,8.990420044215181,1.5914,1.5811000000000002,0.6514451963822482,1.6293525079681,1100,the-phoenix-mills,Mid Cap,May-2025
171636,86629,1,ICICI Lombard General Insurance Company Ltd.,Insurance,Finance,Domestic Equities,8446.0,7686.0,9.888108248763986,1.584,1.4423,9.82458573112391,1.62177602904453,1100,icici-lombard-general-insurance-company,Mid Cap,May-2025
123367,112361,1,Ather Energy Ltd.,Automobile & Ancillaries,Automobile & Ancillaries,Domestic Equities,50427.0,16744.0,201.16459627329192,1.5784,0.5375,193.6558139534884,1.6160424774267,1100,ather-energy,,May-2025
152719,5290,1,NBCC (India) Ltd.,Realty,Realty,Domestic Equities,121551.0,108921.0,11.595560084832126,1.4994999999999998,1.0368000000000002,44.62770061728393,1.53526083052543,1100,nbcc-india,Small Cap,May-2025
135194,112166,1,Niva Bupa Health Insurance Company Ltd.,Insurance,Finance,Domestic Equities,158179.0,,,1.4598,,,1.494614044949,1100,niva-bupa-health-insurance-company,Small Cap,May-2025
152686,7802,1,Multi Commodity Exchange Of India Ltd.,Finance,Finance,Domestic Equities,2181.0,,,1.4399000000000002,,,1.47423945973562,1100,multi-commodity-exchange-of-india,Small Cap,May-2025
154646,104894,1,Allied Blenders And Distillers Ltd.,Alcohol,Alcohol,Domestic Equities,35943.0,32523.0,10.515635089013928,1.4366,0.9993,43.76063244270989,1.47086075967511,1100,allied-blenders-and-distillers,Small Cap,May-2025
195442,101899,1,Syrma SGS Technology Ltd.,Electricals,Electricals,Domestic Equities,26084.0,20734.0,25.80302884151635,1.4054,0.965,45.63730569948186,1.43891668637575,1100,syrma-sgs-technology,Small Cap,May-2025
63978,98925,1,CarTrade Tech Ltd.,Automobile & Ancillaries,Information Technology,Domestic Equities,9024.0,6544.0,37.89731051344744,1.4013999999999998,1.1153,25.6522908634448,1.43482129236301,1100,cartrade-tech,Small Cap,May-2025
115131,88043,1,Lemon Tree Hotels Ltd.,Hospitality,Hospitality,Domestic Equities,99659.0,74239.0,34.24076294131117,1.3884999999999998,1.0165,36.5961633054599,1.42161364667193,1100,lemon-tree-hotels,Small Cap,May-2025
58272,82478,1,PNB Housing Finance Ltd.,Finance,Finance,Domestic Equities,13176.0,9457.0,39.32536745268055,1.3768,0.9553,44.12226525698734,1.40963461918467,1100,pnb-housing-finance,Small Cap,May-2025
46521,101004,1,Delhivery Ltd.,Logistics,Logistics,Domestic Equities,37690.0,,,1.3493000000000002,,,1.38147878534709,1100,delhivery,Small Cap,May-2025
37877,7189,1,JB Chemicals & Pharmaceuticals Ltd.,Healthcare,Healthcare,Domestic Equities,7890.0,4461.0,76.86617350369872,1.3226,0.7193,83.87321006534127,1.35414203031206,1100,jb-chemicals-pharmaceuticals,Small Cap,May-2025
152296,7356,1,Patanjali Foods Ltd.,FMCG,Fast Moving Consumer Goods,Domestic Equities,7675.0,7675.0,0.0,1.2827000000000002,1.4629,-12.317998496137797,1.31329047503499,1100,patanjali-foods,Mid Cap,May-2025
2006,102339,1,Ethos Ltd.,Retailing,Retailing,Domestic Equities,3966.0,3966.0,0.0,1.1301,0.9813,15.163558544787536,1.15705119344901,1100,ethos,Small Cap,May-2025
83618,17010,1,BLS International Services Ltd.,Business Services,Hospitality,Domestic Equities,27688.0,27688.0,0.0,1.1257,0.9839,14.412033743266583,1.15254626003499,1100,bls-international-services,Small Cap,May-2025
75798,7006,1,Manappuram Finance Ltd.,Finance,Finance,Domestic Equities,46251.0,46251.0,0.0,1.1038,1.0677,3.381099559801442,1.13012397781525,1100,manappuram-finance,Small Cap,May-2025
133623,8531,1,Radico Khaitan Ltd.,Alcohol,Alcohol,Domestic Equities,4312.0,4312.0,0.0,1.0920999999999998,1.0589,3.135329115119457,1.11814495032799,1100,radico-khaitan,Small Cap,May-2025
171576,15890,1,Dr. Lal Pathlabs Ltd.,Healthcare,Healthcare,Domestic Equities,3890.0,3890.0,0.0,1.084,1.0772,0.6312662458225091,1.10985177745219,1100,dr-lal-pathlabs,Small Cap,May-2025
140194,102059,1,Rainbow Children's Medicare Ltd.,Healthcare,Healthcare,Domestic Equities,7379.0,7379.0,0.0,1.0349,1.0195999999999998,1.5005884660651247,1.05958081594583,1100,rainbow-children's-medicare,Small Cap,May-2025
114425,8654,1,Saregama India Ltd.,Media & Entertainment,Media & Entertainment,Domestic Equities,18957.0,18957.0,0.0,1.0285,0.9934,3.533319911415332,1.05302818552544,1100,saregama-india,Small Cap,May-2025
487,8535,1,V2 Retail Ltd.,Retailing,Retailing,Domestic Equities,4827.0,4827.0,0.0,0.8979,0.8145,10.239410681399637,0.919313571009525,1100,v2-retail,Small Cap,May-2025
76268,106949,1,Indegene Ltd.,Healthcare,Healthcare,Domestic Equities,13255.0,13255.0,0.0,0.7959999999999999,0.726,9.641873278236917,0.814983408535006,1100,indegene,Small Cap,May-2025
139601,89162,1,Aavas Financiers Ltd.,Finance,Finance,Domestic Equities,4096.0,4096.0,0.0,0.7551000000000001,0.7958,-5.114350339281218,0.773108004754753,1100,aavas-financiers,Small Cap,May-2025
133317,6810,1,Blue Star Ltd.,Consumer Durables,Consumer Durables,Domestic Equities,4898.0,4898.0,0.0,0.7505,0.8356999999999999,-10.19504606916357,0.768398301640103,1100,blue-star,Mid Cap,May-2025
189369,98614,1,Alivus Life Sciences Ltd.,Healthcare,Healthcare,Domestic Equities,6485.0,6485.0,0.0,0.675,0.7159,-5.713088420170419,0.69109773964966,1100,alivus-life-sciences,Small Cap,May-2025
653,111996,1,Afcons Infrastructure Ltd.,Infrastructure,Infrastructure,Domestic Equities,15354.0,15354.0,0.0,0.6496,0.6428,1.0578718108276175,0.665091987668769,1100,afcons-infrastructure,Small Cap,May-2025
