CompanyID,SecurityID,MfSchemeAssetAllocationID,Name,SectorName,EquitySectorName,Type,NoOfShare,PrevNoOfShare,SharesZG,MarketValue,PrevMarketValue,MarketValueZG,HoldingPercentage,Priority,SecuritySlug,McapCategory,Month
171875,5051,1,HDFC Bank Ltd.,Bank,Banking,Domestic Equities,363500.0,363500.0,0.0,73.3616,72.7545,0.8344501027427863,8.07748935613596,1100,hdfc-bank,Large Cap,Jul-2025
171888,8748,1,ICICI Bank Ltd.,Bank,Banking,Domestic Equities,371434.0,371434.0,0.0,55.0242,53.701899999999995,2.4622964923028885,6.05844733252678,1100,icici-bank,Large Cap,Jul-2025
171531,4897,1,Reliance Industries Ltd.,Crude Oil,Crude Oil,Domestic Equities,233000.0,233000.0,0.0,32.3917,34.964,-7.356995767074706,3.56649271522362,1100,reliance-industries,Large Cap,Jul-2025
19089,7012,1,Gabriel India Ltd.,Automobile & Ancillaries,Automobile & Ancillaries,Domestic Equities,301408.0,301408.0,0.0,31.2635,21.1679,47.69296907109349,3.44227209446845,1100,gabriel-india,Small Cap,Jul-2025
133593,6508,1,Bharti Airtel Ltd.,Telecom,Telecom,Domestic Equities,159000.0,159000.0,0.0,30.437399999999997,31.952600000000004,-4.742024123232551,3.35131423699119,1100,bharti-airtel,Large Cap,Jul-2025
171889,4926,1,Infosys Ltd.,IT,Information Technology,Domestic Equities,196500.0,196500.0,0.0,29.6519,31.4754,-5.7934132687749775,3.26482664826296,1100,infosys,Large Cap,Jul-2025
152372,4964,1,Larsen & Toubro Ltd.,Infrastructure,Infrastructure,Domestic Equities,76450.0,67750.0,12.841328413284133,27.801,24.8629,11.81720555526507,3.06103304167215,1100,larsen-toubro,Large Cap,Jul-2025
133350,8843,1,State Bank Of India,Bank,Banking,Domestic Equities,273516.0,273516.0,0.0,21.7869,22.4379,-2.9013410345887944,2.39884970956466,1100,state-bank-of-india,Large Cap,Jul-2025
2469,110949,1,JIO Financial Services Ltd.,Finance,Finance,Domestic Equities,522500.0,612500.0,-14.69387755102041,17.2033,20.0134,-14.04109246804641,1.89417178251856,1100,jio-financial-services,Large Cap,Jul-2025
133309,5981,1,Bharat Electronics Ltd.,Capital Goods,Capital Goods,Domestic Equities,419500.0,506000.0,-17.094861660079054,16.070999999999998,21.3279,-24.647996286554235,1.76949973068282,1100,bharat-electronics,Large Cap,Jul-2025
171492,5886,1,Kotak Mahindra Bank Ltd.,Bank,Banking,Domestic Equities,77000.0,77000.0,0.0,15.235199999999999,16.659000000000002,-8.546731496488391,1.67747385333202,1100,kotak-mahindra-bank,Large Cap,Jul-2025
171877,6125,1,Cummins India Ltd.,Automobile & Ancillaries,Automobile & Ancillaries,Domestic Equities,41476.0,41476.0,0.0,14.7468,14.099400000000001,4.591684752542662,1.6236985021737,1100,cummins-india,Mid Cap,Jul-2025
133664,7760,1,NTPC Ltd.,Power,Power,Domestic Equities,428000.0,428000.0,0.0,14.3059,14.333699999999999,-0.19394852689814723,1.57515314524145,1100,ntpc,Large Cap,Jul-2025
133334,5159,1,CG Power and Industrial Solutions Ltd.,Capital Goods,Capital Goods,Domestic Equities,214000.0,214000.0,0.0,14.1604,14.597999999999999,-2.997670913823811,1.55913284713839,1100,cg-power-and-industrial-solutions,Large Cap,Jul-2025
152222,5634,1,Max Financial Services Ltd.,Finance,Finance,Domestic Equities,92000.0,92000.0,0.0,13.812899999999999,15.1533,-8.845597988556946,1.52087131043176,1100,max-financial-services,Mid Cap,Jul-2025
171400,5889,1,Axis Bank Ltd.,Bank,Banking,Domestic Equities,126600.0,188600.0,-32.87380699893955,13.5259,22.6169,-40.19560594069038,1.48927113479204,1100,axis-bank,Large Cap,Jul-2025
96486,15829,1,Interglobe Aviation Ltd.,Aviation,Aviation,Domestic Equities,22781.0,22781.0,0.0,13.4647,13.6151,-1.1046558600377496,1.482532700126,1100,interglobe-aviation,Large Cap,Jul-2025
152408,5535,1,ITC Ltd.,FMCG,Fast Moving Consumer Goods,Domestic Equities,308000.0,308000.0,0.0,12.688099999999999,12.8267,-1.0805585224570722,1.39702504715803,1100,itc,Large Cap,Jul-2025
171942,7813,1,Jindal Steel & Power Ltd.,Iron & Steel,Iron & Steel,Domestic Equities,122174.0,122174.0,0.0,11.7898,11.5051,2.4745547626704703,1.29811759845712,1100,jindal-steel-power,Large Cap,Jul-2025
133507,6902,1,TVS Motor Company Ltd.,Automobile & Ancillaries,Automobile & Ancillaries,Domestic Equities,41200.0,41200.0,0.0,11.543399999999998,12.0222,-3.9826321305584758,1.27098769156643,1100,tvs-motor-company,Large Cap,Jul-2025
171717,5016,1,Hindustan Unilever Ltd.,FMCG,Fast Moving Consumer Goods,Domestic Equities,45500.0,45500.0,0.0,11.4715,10.4404,9.8760583885675,1.26307113188526,1100,hindustan-unilever,Large Cap,Jul-2025
152441,8334,1,Gokaldas Exports Ltd.,Textile,Textile,Domestic Equities,134174.0,134174.0,0.0,11.4014,12.0804,-5.620674812092304,1.25535276145897,1100,gokaldas-exports,Small Cap,Jul-2025
57445,86554,1,Dixon Technologies (India) Ltd.,Consumer Durables,Consumer Durables,Domestic Equities,6750.0,6750.0,0.0,11.3677,10.1135,12.40124585949473,1.25164221818699,1100,dixon-technologies-india,Mid Cap,Jul-2025
211056,110999,1,DOMS Industries Ltd.,FMCG,Fast Moving Consumer Goods,Domestic Equities,47800.0,47800.0,0.0,11.1976,12.0442,-7.029109446870699,1.23291333360052,1100,doms-industries,Small Cap,Jul-2025
171840,6541,1,UNO Minda Ltd.,Automobile & Ancillaries,Automobile & Ancillaries,Domestic Equities,106000.0,106000.0,0.0,11.038800000000002,11.705599999999999,-5.696418808091839,1.21542863711415,1100,uno-minda,Mid Cap,Jul-2025
171369,7531,1,Tech Mahindra Ltd.,IT,Information Technology,Domestic Equities,75400.0,75400.0,0.0,11.0363,12.72,-13.236635220125779,1.21515337426015,1100,tech-mahindra,Large Cap,Jul-2025
114530,88033,1,HDFC Asset Management Company Ltd.,Finance,Finance,Domestic Equities,19500.0,19500.0,0.0,11.0175,10.124,8.825563018569738,1.21308339759803,1100,hdfc-asset-management-company,Mid Cap,Jul-2025
133625,7239,1,Maruti Suzuki India Ltd.,Automobile & Ancillaries,Automobile & Ancillaries,Domestic Equities,8450.0,8450.0,0.0,10.6538,10.478,1.6778011070815189,1.17303815759745,1100,maruti-suzuki-india,Large Cap,Jul-2025
56674,5695,1,Supreme Industries Ltd.,Plastic Products,Plastic Products,Domestic Equities,24610.0,20010.0,22.988505747126435,10.599300000000001,8.7872,20.62204115076475,1.16703742738015,1100,supreme-industries,Mid Cap,Jul-2025
60344,103918,1,Eureka Forbes Ltd.,Consumer Durables,Consumer Durables,Domestic Equities,189200.0,189200.0,0.0,10.5602,11.2782,-6.3662641201610155,1.16273231634352,1100,eureka-forbes,Small Cap,Jul-2025
171336,8097,1,JK Cement Ltd.,Construction Materials,Construction Materials,Domestic Equities,15800.0,19300.0,-18.134715025906736,10.521199999999999,11.8695,-11.35936644340538,1.15843821582105,1100,jk-cement,Mid Cap,Jul-2025
171915,6797,1,Tata Consultancy Services Ltd.,IT,Information Technology,Domestic Equities,34201.0,34201.0,0.0,10.386199999999999,11.840399999999999,-12.281679672984028,1.14357402170481,1100,tata-consultancy-services,Large Cap,Jul-2025
152572,7512,1,Info Edge (India) Ltd.,IT,Information Technology,Domestic Equities,74480.0,74480.0,0.0,10.3699,11.0849,-6.450216059684796,1.1417793078967,1100,info-edge-india,Large Cap,Jul-2025
77009,96064,1,Max Healthcare Institute Ltd.,Healthcare,Healthcare,Domestic Equities,82750.0,82750.0,0.0,10.310699999999999,10.558900000000001,-2.3506236445084396,1.13526108351387,1100,max-healthcare-institute,Large Cap,Jul-2025
177212,94646,1,Hitachi Energy India Ltd.,Capital Goods,Capital Goods,Domestic Equities,5068.0,4200.0,20.666666666666668,10.184099999999999,8.402899999999999,21.19744373966131,1.12132177258708,1100,hitachi-energy-india,Mid Cap,Jul-2025
58513,104175,1,Aadhar Housing Finance Ltd.,Finance,Finance,Domestic Equities,198000.0,125000.0,58.4,10.0396,5.6825,76.67575890893093,1.10541157962562,1100,aadhar-housing-finance,Small Cap,Jul-2025
133298,5393,1,Balrampur Chini Mills Ltd.,Agri,Agriculture,Domestic Equities,165000.0,165000.0,0.0,9.6863,9.7985,-1.1450732254937006,1.06651143309769,1100,balrampur-chini-mills,Small Cap,Jul-2025
152473,5056,1,Suzlon Energy Ltd.,Capital Goods,Capital Goods,Domestic Equities,1515000.0,1515000.0,0.0,9.3324,10.2596,-9.03738937190534,1.02754522348481,1100,suzlon-energy,Mid Cap,Jul-2025
171628,5788,1,Britannia Industries Ltd.,FMCG,Fast Moving Consumer Goods,Domestic Equities,16000.0,16000.0,0.0,9.233600000000001,9.3616,-1.3672876431379204,1.01666683549455,1100,britannia-industries,Large Cap,Jul-2025
133330,5128,1,Cipla Ltd.,Healthcare,Healthcare,Domestic Equities,58500.0,58500.0,0.0,9.0944,8.8095,3.234008740564165,1.00134019978358,1100,cipla,Large Cap,Jul-2025
165,7447,1,SRF Ltd.,Chemicals,Chemicals,Domestic Equities,29000.0,29000.0,0.0,8.8183,9.4021,-6.209251124748725,0.970940170187315,1100,srf,Mid Cap,Jul-2025
171484,6114,1,Bajaj Finance Ltd.,Finance,Finance,Domestic Equities,99000.0,99000.0,0.0,8.7239,9.2714,-5.905257026986216,0.960546244820104,1100,bajaj-finance,Large Cap,Jul-2025
171365,5279,1,Hindustan Petroleum Corporation Ltd.,Crude Oil,Crude Oil,Domestic Equities,208000.0,208000.0,0.0,8.7038,9.1114,-4.473516693373137,0.958333131473907,1100,hindustan-petroleum-corporation,Mid Cap,Jul-2025
134703,87891,1,Hindustan Aeronautics Ltd.,Capital Goods,Capital Goods,Domestic Equities,19000.0,19000.0,0.0,8.6144,9.2526,-6.897520696885192,0.948489731814705,1100,hindustan-aeronautics,Large Cap,Jul-2025
171387,6208,1,Pidilite Industries Ltd.,Chemicals,Chemicals,Domestic Equities,29870.0,29870.0,0.0,8.5721,9.1235,-6.0437332164191355,0.943832284324948,1100,pidilite-industries,Large Cap,Jul-2025
543,5039,1,Karur Vysya Bank Ltd.,Bank,Banking,Domestic Equities,310000.0,310000.0,0.0,8.1716,8.2937,-1.4722017917214316,0.899735175113419,1100,karur-vysya-bank,Small Cap,Jul-2025
152343,5043,1,Hindalco Industries Ltd.,Non - Ferrous Metals,Non - Ferrous Metals,Domestic Equities,115000.0,115000.0,0.0,7.8551,7.9677999999999995,-1.4144431336127892,0.864886897796444,1100,hindalco-industries,Large Cap,Jul-2025
114697,5402,1,JSW Energy Ltd.,Power,Power,Domestic Equities,150000.0,150000.0,0.0,7.7258,7.8315,-1.3496775841154232,0.850650302987329,1100,jsw-energy,Mid Cap,Jul-2025
133495,5019,1,Ajanta Pharma Ltd.,Healthcare,Healthcare,Domestic Equities,26953.0,26953.0,0.0,7.415800000000001,6.938,6.886710867685225,0.816517709090765,1100,ajanta-pharma,Mid Cap,Jul-2025
56728,7719,1,Shriram Finance Ltd.,Finance,Finance,Domestic Equities,117000.0,117000.0,0.0,7.3809000000000005,8.2701,-10.751986070301442,0.812675039648861,1100,shriram-finance,Large Cap,Jul-2025
195761,102061,1,Campus Activewear Ltd.,FMCG,Retailing,Domestic Equities,275000.0,275000.0,0.0,7.3521,7.6863,-4.347995784707852,0.809504011570729,1100,campus-activewear,Small Cap,Jul-2025
198435,104143,1,KFin Technologies Ltd.,Business Services,Finance,Domestic Equities,67550.0,67550.0,0.0,7.315,9.1037,-19.648055186352803,0.805419110817302,1100,kfin-technologies,Small Cap,Jul-2025
78344,89378,1,Acutaas Chemicals Ltd.,Healthcare,Healthcare,Domestic Equities,55000.0,,,7.300700000000001,,,0.803844607292396,1100,acutaas-chemicals,Small Cap,Jul-2025
153260,8051,1,Prestige Estates Projects Ltd.,Realty,Realty,Domestic Equities,43500.0,43500.0,0.0,7.0752999999999995,7.209700000000001,-1.8641552353079953,0.779026908375346,1100,prestige-estates-projects,Mid Cap,Jul-2025
84908,112552,1,Swiggy Ltd.,Retailing,Information Technology,Domestic Equities,175000.0,,,7.0656,,,0.777958888501808,1100,swiggy,Mid Cap,Jul-2025
420,5071,1,Sun Pharmaceutical Industries Ltd.,Healthcare,Healthcare,Domestic Equities,41018.0,41018.0,0.0,7.0005,6.8734,1.8491576221375043,0.77079104378353,1100,sun-pharmaceutical-industries,Large Cap,Jul-2025
152513,6479,1,KEC International Ltd.,Infrastructure,Infrastructure,Domestic Equities,79500.0,79500.0,0.0,6.8488999999999995,7.301699999999999,-6.201295588698519,0.754099104316694,1100,kec-international,Small Cap,Jul-2025
58504,98271,1,Krishna Institute of Medical Sciences Ltd,Healthcare,Healthcare,Domestic Equities,85000.0,85000.0,0.0,6.3852,5.725599999999999,11.520190023752978,0.703043350155931,1100,krishna-institute-of-medical-sciences,Small Cap,Jul-2025
171394,82477,1,Endurance Technologies Ltd.,Automobile & Ancillaries,Automobile & Ancillaries,Domestic Equities,25000.0,25000.0,0.0,6.3793,6.9253,-7.884134983322026,0.70239372982048,1100,endurance-technologies,Small Cap,Jul-2025
171514,5399,1,Cholamandalam Investment and Finance Company Ltd.,Finance,Finance,Domestic Equities,43000.0,43000.0,0.0,6.2058,7.0004,-11.350779955431108,0.683290487752565,1100,cholamandalam-investment-and-finance-company,Large Cap,Jul-2025
152331,7581,1,Torrent Pharmaceuticals Ltd.,Healthcare,Healthcare,Domestic Equities,16000.0,,,5.987,,,0.659199482770087,1100,torrent-pharmaceuticals,Large Cap,Jul-2025
156921,98676,1,Eternal Ltd.,Retailing,Information Technology,Domestic Equities,192000.0,192000.0,0.0,5.909800000000001,5.0717,16.525031054675946,0.650699365838426,1100,eternal,Large Cap,Jul-2025
227975,113151,1,Siemens Energy India Ltd.,Capital Goods,Capital Goods,Domestic Equities,18000.0,18000.0,0.0,5.828200000000001,5.356599999999999,8.804092148004347,0.641714786283718,1100,siemens-energy-india,Large Cap,Jul-2025
42557,112281,1,Inventurus Knowledge Solutions Ltd.,IT,Information Technology,Domestic Equities,35671.0,35671.0,0.0,5.6610000000000005,5.7434,-1.4346902531601506,0.623305206607894,1100,inventurus-knowledge-solutions,Small Cap,Jul-2025
57415,105415,1,Concord Biotech Ltd.,Healthcare,Healthcare,Domestic Equities,30000.0,30000.0,0.0,5.301900000000001,5.5188,-3.93020221787344,0.583766450258681,1100,concord-biotech,Small Cap,Jul-2025
171839,6306,1,Solar Industries India Ltd.,Chemicals,Chemicals,Domestic Equities,3700.0,3700.0,0.0,5.2614,6.5113,-19.195859505782256,0.579307192023807,1100,solar-industries-india,Large Cap,Jul-2025
189369,98614,1,Alivus Life Sciences Ltd.,Healthcare,Healthcare,Domestic Equities,50948.0,50948.0,0.0,5.2532000000000005,5.1233,2.5354751820115955,0.578404329862673,1100,alivus-life-sciences,Small Cap,Jul-2025
133614,6833,1,Canara Bank,Bank,Banking,Domestic Equities,435000.0,435000.0,0.0,4.6654,4.9677,-6.085311109769101,0.513684527629124,1100,canara-bank,Mid Cap,Jul-2025
352,7184,1,Ipca Laboratories Ltd.,Healthcare,Healthcare,Domestic Equities,24430.0,24430.0,0.0,3.6007,3.3952999999999998,6.0495390687126385,0.396455583365668,1100,ipca-laboratories,Mid Cap,Jul-2025
152211,6247,1,Lupin Ltd.,Healthcare,Healthcare,Domestic Equities,17500.0,17500.0,0.0,3.3758999999999997,3.3914999999999997,-0.45997346306943904,0.371703947533579,1100,lupin,Large Cap,Jul-2025
178941,94376,1,Cohance Lifesciences Ltd.,Healthcare,Healthcare,Domestic Equities,33233.0,33233.0,0.0,3.3181,3.2166,3.1555058135919842,0.365339870348994,1100,cohance-lifesciences,Small Cap,Jul-2025
77931,112747,1,Anthem Biosciences Ltd.,Healthcare,Healthcare,Domestic Equities,2023.0,,,0.1536,,,0.0169121497500393,1100,anthem-biosciences,,Jul-2025
171875,5051,1,HDFC Bank Ltd.,Bank,Banking,Domestic Equities,363500.0,363500.0,0.0,72.7545,70.6971,2.9101618029593825,7.84501875894843,1100,hdfc-bank,Large Cap,Jun-2025
171888,8748,1,ICICI Bank Ltd.,Bank,Banking,Domestic Equities,371434.0,371434.0,0.0,53.7019,53.7019,0.0,5.79060282032277,1100,icici-bank,Large Cap,Jun-2025
171531,4897,1,Reliance Industries Ltd.,Crude Oil,Crude Oil,Domestic Equities,233000.0,233000.0,0.0,34.964,33.107,5.609085691847654,3.77012055457563,1100,reliance-industries,Large Cap,Jun-2025
133593,6508,1,Bharti Airtel Ltd.,Telecom,Telecom,Domestic Equities,159000.0,159000.0,0.0,31.952600000000004,29.5136,8.263986772199939,3.44540538931854,1100,bharti-airtel,Large Cap,Jun-2025
171889,4926,1,Infosys Ltd.,IT,Information Technology,Domestic Equities,196500.0,196500.0,0.0,31.4754,30.7071,2.5020272184608747,3.39394956250686,1100,infosys,Large Cap,Jun-2025
152372,4964,1,Larsen & Toubro Ltd.,Infrastructure,Infrastructure,Domestic Equities,67750.0,67750.0,0.0,24.8629,24.8988,-0.1441836554372156,2.68093268322728,1100,larsen-toubro,Large Cap,Jun-2025
171400,5889,1,Axis Bank Ltd.,Bank,Banking,Domestic Equities,188600.0,188600.0,0.0,22.6169,22.4849,0.5870606495915158,2.43874955871129,1100,axis-bank,Large Cap,Jun-2025
133350,8843,1,State Bank Of India,Bank,Banking,Domestic Equities,273516.0,273516.0,0.0,22.4379,22.2177,0.99110168919375,2.41944823222493,1100,state-bank-of-india,Large Cap,Jun-2025
133309,5981,1,Bharat Electronics Ltd.,Capital Goods,Capital Goods,Domestic Equities,506000.0,506000.0,0.0,21.3279,19.4608,9.594158513524626,2.29975844228159,1100,bharat-electronics,Large Cap,Jun-2025
19089,7012,1,Gabriel India Ltd.,Automobile & Ancillaries,Automobile & Ancillaries,Domestic Equities,301408.0,205408.0,46.73625175260944,21.1679,13.5271,56.48512985044836,2.28250585994742,1100,gabriel-india,Small Cap,Jun-2025
2469,110949,1,JIO Financial Services Ltd.,Finance,Finance,Domestic Equities,612500.0,612500.0,0.0,20.0134,17.5573,13.98905298650703,2.15801769554239,1100,jio-financial-services,Large Cap,Jun-2025
171492,5886,1,Kotak Mahindra Bank Ltd.,Bank,Banking,Domestic Equities,77000.0,77000.0,0.0,16.659000000000002,15.9752,4.280384596123999,1.7963173069064,1100,kotak-mahindra-bank,Large Cap,Jun-2025
152222,5634,1,Max Financial Services Ltd.,Finance,Finance,Domestic Equities,92000.0,92000.0,0.0,15.1533,13.8248,9.60954227185926,1.63395972427786,1100,max-financial-services,Mid Cap,Jun-2025
133334,5159,1,CG Power and Industrial Solutions Ltd.,Capital Goods,Capital Goods,Domestic Equities,214000.0,214000.0,0.0,14.598,14.6954,-0.6627924384501279,1.57408248071431,1100,cg-power-and-industrial-solutions,Large Cap,Jun-2025
133664,7760,1,NTPC Ltd.,Power,Power,Domestic Equities,428000.0,428000.0,0.0,14.3337,14.2909,0.2994912846636652,1.54558337127104,1100,ntpc,Large Cap,Jun-2025
171877,6125,1,Cummins India Ltd.,Automobile & Ancillaries,Automobile & Ancillaries,Domestic Equities,41476.0,24476.0,69.45579343029907,14.0994,7.999,76.26453306663335,1.52031912101544,1100,cummins-india,Mid Cap,Jun-2025
96486,15829,1,Interglobe Aviation Ltd.,Aviation,Aviation,Domestic Equities,22781.0,29731.0,-23.37627392284148,13.6151,15.8466,-14.081885073138722,1.46809771086268,1100,interglobe-aviation,Large Cap,Jun-2025
152408,5535,1,ITC Ltd.,FMCG,Fast Moving Consumer Goods,Domestic Equities,308000.0,308000.0,0.0,12.8267,12.8759,-0.382109211783242,1.38308561141103,1100,itc,Large Cap,Jun-2025
171369,7531,1,Tech Mahindra Ltd.,IT,Information Technology,Domestic Equities,75400.0,75400.0,0.0,12.72,11.8672,7.186193878926788,1.37158029556693,1100,tech-mahindra,Large Cap,Jun-2025
152441,8334,1,Gokaldas Exports Ltd.,Textile,Textile,Domestic Equities,134174.0,134174.0,0.0,12.0804,13.2946,-9.133031456380792,1.30261309768606,1100,gokaldas-exports,Small Cap,Jun-2025
211056,110999,1,DOMS Industries Ltd.,FMCG,Fast Moving Consumer Goods,Domestic Equities,47800.0,39200.0,21.93877551020408,12.0442,9.5954,25.520561935927645,1.29870970093295,1100,doms-industries,Small Cap,Jun-2025
133507,6902,1,TVS Motor Company Ltd.,Automobile & Ancillaries,Automobile & Ancillaries,Domestic Equities,41200.0,41200.0,0.0,12.0222,11.4569,4.9341444893470285,1.29633747086201,1100,tvs-motor-company,Large Cap,Jun-2025
171336,8097,1,JK Cement Ltd.,Construction Materials,Construction Materials,Domestic Equities,19300.0,25000.0,-22.8,11.8695,13.7438,-13.637421964813228,1.27987203759683,1100,jk-cement,Mid Cap,Jun-2025
171915,6797,1,Tata Consultancy Services Ltd.,IT,Information Technology,Domestic Equities,34201.0,34201.0,0.0,11.8404,11.8452,-0.040522743389729,1.2767342241848,1100,tata-consultancy-services,Large Cap,Jun-2025
171840,6541,1,UNO Minda Ltd.,Automobile & Ancillaries,Automobile & Ancillaries,Domestic Equities,106000.0,106000.0,0.0,11.7056,10.6705,9.700576355372288,1.26219892356826,1100,uno-minda,Mid Cap,Jun-2025
171942,7813,1,Jindal Steel & Power Ltd.,Iron & Steel,Iron & Steel,Domestic Equities,122174.0,122174.0,0.0,11.5051,11.5931,-0.7590722067436626,1.24057928133074,1100,jindal-steel-power,Large Cap,Jun-2025
60344,103918,1,Eureka Forbes Ltd.,Consumer Durables,Consumer Durables,Domestic Equities,189200.0,189200.0,0.0,11.2782,12.1476,-7.156969277882055,1.21611296300809,1100,eureka-forbes,Small Cap,Jun-2025
152572,7512,1,Info Edge (India) Ltd.,IT,Information Technology,Domestic Equities,74480.0,74480.0,0.0,11.0849,10.632,4.2597817908201625,1.19526968697562,1100,info-edge-india,Large Cap,Jun-2025
77009,96064,1,Max Healthcare Institute Ltd.,Healthcare,Healthcare,Domestic Equities,82750.0,82750.0,0.0,10.5589,9.311,13.402427236601875,1.13855182255202,1100,max-healthcare-institute,Large Cap,Jun-2025
133625,7239,1,Maruti Suzuki India Ltd.,Automobile & Ancillaries,Automobile & Ancillaries,Domestic Equities,8450.0,8450.0,0.0,10.478,10.4096,0.6570857669843143,1.1298284856093,1100,maruti-suzuki-india,Large Cap,Jun-2025
171717,5016,1,Hindustan Unilever Ltd.,FMCG,Fast Moving Consumer Goods,Domestic Equities,45500.0,45500.0,0.0,10.4404,10.6848,-2.2873614854746984,1.12577412876077,1100,hindustan-unilever,Large Cap,Jun-2025
152473,5056,1,Suzlon Energy Ltd.,Capital Goods,Capital Goods,Domestic Equities,1515000.0,1660000.0,-8.734939759036145,10.2596,11.8657,-13.535653185231372,1.10627871072315,1100,suzlon-energy,Mid Cap,Jun-2025
114530,88033,1,HDFC Asset Management Company Ltd.,Finance,Finance,Domestic Equities,19500.0,19500.0,0.0,10.124,9.3269,8.546247949479453,1.09165714719494,1100,hdfc-asset-management-company,Mid Cap,Jun-2025
57445,86554,1,Dixon Technologies (India) Ltd.,Consumer Durables,Consumer Durables,Domestic Equities,6750.0,6750.0,0.0,10.1135,9.9171,1.9804176624214724,1.09052494647925,1100,dixon-technologies-india,Mid Cap,Jun-2025
133298,5393,1,Balrampur Chini Mills Ltd.,Agri,Agriculture,Domestic Equities,165000.0,165000.0,0.0,9.7985,9.74,0.600616016427107,1.05655892500885,1100,balrampur-chini-mills,Small Cap,Jun-2025
165,7447,1,SRF Ltd.,Chemicals,Chemicals,Domestic Equities,29000.0,,,9.4021,,,1.01381565227593,1100,srf,Mid Cap,Jun-2025
171628,5788,1,Britannia Industries Ltd.,FMCG,Fast Moving Consumer Goods,Domestic Equities,16000.0,,,9.3616,,,1.00944859237259,1100,britannia-industries,Large Cap,Jun-2025
171484,6114,1,Bajaj Finance Ltd.,Finance,Finance,Domestic Equities,99000.0,9900.0,900.0,9.2714,9.0887,2.0101884757996173,0.999722449081699,1100,bajaj-finance,Large Cap,Jun-2025
134703,87891,1,Hindustan Aeronautics Ltd.,Capital Goods,Capital Goods,Domestic Equities,19000.0,19000.0,0.0,9.2526,9.4508,-2.09717695856436,0.997695270657433,1100,hindustan-aeronautics,Large Cap,Jun-2025
171387,6208,1,Pidilite Industries Ltd.,Chemicals,Chemicals,Domestic Equities,29870.0,29870.0,0.0,9.1235,9.2812,-1.6991337327069755,0.983774593286546,1100,pidilite-industries,Large Cap,Jun-2025
171365,5279,1,Hindustan Petroleum Corporation Ltd.,Crude Oil,Crude Oil,Domestic Equities,208000.0,160000.0,30.0,9.1114,6.5768,38.53849896606253,0.982469866747524,1100,hindustan-petroleum-corporation,Mid Cap,Jun-2025
198435,104143,1,KFin Technologies Ltd.,Business Services,Finance,Domestic Equities,67550.0,67550.0,0.0,9.1037,7.2866,24.93755661076497,0.981639586222692,1100,kfin-technologies,Small Cap,Jun-2025
133330,5128,1,Cipla Ltd.,Healthcare,Healthcare,Domestic Equities,58500.0,58500.0,0.0,8.8095,8.5743,2.7430810678422843,0.949916400455727,1100,cipla,Large Cap,Jun-2025
56674,5695,1,Supreme Industries Ltd.,Plastic Products,Plastic Products,Domestic Equities,20010.0,20010.0,0.0,8.7872,8.2965,5.914542276863744,0.947511821792901,1100,supreme-industries,Mid Cap,Jun-2025
177212,94646,1,Hitachi Energy India Ltd.,Capital Goods,Capital Goods,Domestic Equities,4200.0,5400.0,-22.22222222222222,8.402899999999999,10.4209,-19.364930092410443,0.906073275599004,1100,hitachi-energy-india,Mid Cap,Jun-2025
543,5039,1,Karur Vysya Bank Ltd.,Bank,Banking,Domestic Equities,310000.0,310000.0,0.0,8.2937,6.8724,20.68127582794948,0.89429838815593,1100,karur-vysya-bank,Small Cap,Jun-2025
56728,7719,1,Shriram Finance Ltd.,Finance,Finance,Domestic Equities,117000.0,117000.0,0.0,8.2701,7.480399999999999,10.556922089727824,0.891753632261639,1100,shriram-finance,Large Cap,Jun-2025
152343,5043,1,Hindalco Industries Ltd.,Non - Ferrous Metals,Non - Ferrous Metals,Domestic Equities,115000.0,143000.0,-19.58041958041958,7.967799999999999,9.0591,-12.04645053040589,0.859157034514007,1100,hindalco-industries,Large Cap,Jun-2025
171946,6864,1,Godrej Properties Ltd.,Realty,Realty,Domestic Equities,33600.0,,,7.8728,,,0.84891331375309,1100,godrej-properties,Mid Cap,Jun-2025
114697,5402,1,JSW Energy Ltd.,Power,Power,Domestic Equities,150000.0,150000.0,0.0,7.8315,7.319299999999999,6.997936961184817,0.844459990938081,1100,jsw-energy,Mid Cap,Jun-2025
195761,102061,1,Campus Activewear Ltd.,FMCG,Retailing,Domestic Equities,275000.0,275000.0,0.0,7.6863,8.0212,-4.1751857577419855,0.828803272469817,1100,campus-activewear,Small Cap,Jun-2025
152513,6479,1,KEC International Ltd.,Infrastructure,Infrastructure,Domestic Equities,79500.0,79500.0,0.0,7.301699999999999,6.6176,10.33758462282398,0.787332377684044,1100,kec-international,Small Cap,Jun-2025
153260,8051,1,Prestige Estates Projects Ltd.,Realty,Realty,Domestic Equities,43500.0,,,7.209700000000001,,,0.777412142841893,1100,prestige-estates-projects,Mid Cap,Jun-2025
171514,5399,1,Cholamandalam Investment and Finance Company Ltd.,Finance,Finance,Domestic Equities,43000.0,43000.0,0.0,7.0004,6.8843,1.6864459712679598,0.754843608576,1100,cholamandalam-investment-and-finance-company,Large Cap,Jun-2025
171765,6852,1,Ceat Ltd.,Automobile & Ancillaries,Automobile & Ancillaries,Domestic Equities,19000.0,29000.0,-34.48275862068966,6.9996,10.9582,-36.12454600208063,0.754757345664329,1100,ceat,Small Cap,Jun-2025
77639,92991,1,SBI Cards And Payment Services Ltd.,Finance,Finance,Domestic Equities,73000.0,73000.0,0.0,6.9576,6.7237,3.478739384565044,0.750228542801608,1100,sbi-cards-and-payment-services,Mid Cap,Jun-2025
133495,5019,1,Ajanta Pharma Ltd.,Healthcare,Healthcare,Domestic Equities,26953.0,26953.0,0.0,6.938,6.7674,2.5209090640423124,0.748115101465672,1100,ajanta-pharma,Mid Cap,Jun-2025
171394,82477,1,Endurance Technologies Ltd.,Automobile & Ancillaries,Automobile & Ancillaries,Domestic Equities,25000.0,25000.0,0.0,6.9253,6.0795,13.912328316473385,0.746745677742896,1100,endurance-technologies,Small Cap,Jun-2025
152362,5226,1,Tata Steel Ltd.,Iron & Steel,Iron & Steel,Domestic Equities,431000.0,431000.0,0.0,6.885700000000001,6.94,-0.7824207492795316,0.742475663615188,1100,tata-steel,Large Cap,Jun-2025
420,5071,1,Sun Pharmaceutical Industries Ltd.,Healthcare,Healthcare,Domestic Equities,41018.0,55018.0,-25.446217601512235,6.8734,9.2298,-25.530347353138744,0.741149371348248,1100,sun-pharmaceutical-industries,Large Cap,Jun-2025
171839,6306,1,Solar Industries India Ltd.,Chemicals,Chemicals,Domestic Equities,3700.0,4800.0,-22.916666666666664,6.5113,7.7299,-15.764757629464809,0.702104620953218,1100,solar-industries-india,Large Cap,Jun-2025
42557,112281,1,Inventurus Knowledge Solutions Ltd.,IT,Information Technology,Domestic Equities,35671.0,35671.0,0.0,5.7434,5.3706,6.941496294641211,0.619303008613136,1100,inventurus-knowledge-solutions,Small Cap,Jun-2025
58504,98271,1,Krishna Institute of Medical Sciences Ltd,Healthcare,Healthcare,Domestic Equities,85000.0,85000.0,0.0,5.725599999999999,5.8161000000000005,-1.5560255153797335,0.617383658828459,1100,krishna-institute-of-medical-sciences,Small Cap,Jun-2025
58513,104175,1,Aadhar Housing Finance Ltd.,Finance,Finance,Domestic Equities,125000.0,125000.0,0.0,5.6825,5.5531,2.330229961643056,0.612736244462191,1100,aadhar-housing-finance,Small Cap,Jun-2025
57415,105415,1,Concord Biotech Ltd.,Healthcare,Healthcare,Domestic Equities,30000.0,,,5.5188,,,0.595084696161538,1100,concord-biotech,Small Cap,Jun-2025
227975,113151,1,Siemens Energy India Ltd.,Capital Goods,Capital Goods,Domestic Equities,18000.0,,,5.356599999999999,,,0.577594890820267,1100,siemens-energy-india,Large Cap,Jun-2025
171440,6777,1,Greenply Industries Ltd.,Construction Materials,Construction Materials,Domestic Equities,169081.0,213000.0,-20.61924882629108,5.3032,6.8916,-23.048348714376917,0.571836841466237,1100,greenply-industries,Small Cap,Jun-2025
189369,98614,1,Alivus Life Sciences Ltd.,Healthcare,Healthcare,Domestic Equities,50948.0,70443.0,-27.674857686356347,5.1233,7.3324,-30.127925372320107,0.552438469204248,1100,alivus-life-sciences,Small Cap,Jun-2025
156921,98676,1,Eternal Ltd.,Retailing,Information Technology,Domestic Equities,192000.0,192000.0,0.0,5.0717,4.5756,10.842293906810038,0.546874511401477,1100,eternal,Large Cap,Jun-2025
133614,6833,1,Canara Bank,Bank,Banking,Domestic Equities,435000.0,,,4.9677,,,0.535660332884263,1100,canara-bank,Mid Cap,Jun-2025
352,7184,1,Ipca Laboratories Ltd.,Healthcare,Healthcare,Domestic Equities,24430.0,54430.0,-55.1166636046298,3.3953,7.755199999999999,-56.21905302248814,0.366110579995156,1100,ipca-laboratories,Mid Cap,Jun-2025
152211,6247,1,Lupin Ltd.,Healthcare,Healthcare,Domestic Equities,17500.0,17500.0,0.0,3.3915,3.426,-1.0070052539404686,0.36570083116472,1100,lupin,Large Cap,Jun-2025
178941,94376,1,Cohance Lifesciences Ltd.,Healthcare,Healthcare,Domestic Equities,33233.0,33233.0,0.0,3.2166,3.4818,-7.616749956918829,0.346841602100674,1100,cohance-lifesciences,Small Cap,Jun-2025
171875,5051,1,HDFC Bank Ltd.,Bank,Banking,Domestic Equities,394000.0,394000.0,0.0,69.8503,70.7644,-1.291751219539767,7.56735376354792,1100,hdfc-bank,Large Cap,Dec-2024
171888,8748,1,ICICI Bank Ltd.,Bank,Banking,Domestic Equities,457434.0,457434.0,0.0,58.627,59.471,-1.4191790956937087,6.35145803375968,1100,icici-bank,Large Cap,Dec-2024
171889,4926,1,Infosys Ltd.,IT,Information Technology,Domestic Equities,196500.0,215500.0,-8.816705336426914,36.942,40.0367,-7.729658038749454,4.00217583507855,1100,infosys,Large Cap,Dec-2024
133593,6508,1,Bharti Airtel Ltd.,Telecom,Telecom,Domestic Equities,159000.0,159000.0,0.0,25.2452,25.8717,-2.421564875906882,2.73498265907977,1100,bharti-airtel,Large Cap,Dec-2024
152372,4964,1,Larsen & Toubro Ltd.,Infrastructure,Infrastructure,Domestic Equities,67750.0,60400.0,12.168874172185433,24.4418,22.4978,8.640844882610727,2.64794492246827,1100,larsen-toubro,Large Cap,Dec-2024
133350,8843,1,State Bank Of India,Bank,Banking,Domestic Equities,273516.0,273516.0,0.0,21.7432,22.9466,-5.244349925479143,2.35558739692707,1100,state-bank-of-india,Large Cap,Dec-2024
171531,4897,1,Reliance Industries Ltd.,Crude Oil,Crude Oil,Domestic Equities,178000.0,178000.0,0.0,21.635,23.0012,-5.9396901031250495,2.34386536170008,1100,reliance-industries,Large Cap,Dec-2024
171528,8219,1,HCL Technologies Ltd.,IT,Information Technology,Domestic Equities,106500.0,124000.0,-14.112903225806454,20.4203,22.9158,-10.889866380401294,2.21226872408247,1100,hcl-technologies,Large Cap,Dec-2024
152408,5535,1,ITC Ltd.,FMCG,Fast Moving Consumer Goods,Domestic Equities,400000.0,400000.0,0.0,19.346,19.07,1.4472994231777614,2.09588256470764,1100,itc,Large Cap,Dec-2024
171400,5889,1,Axis Bank Ltd.,Bank,Banking,Domestic Equities,156100.0,200000.0,-21.95,16.62,22.726,-26.867904602657745,1.80055661250082,1100,axis-bank,Large Cap,Dec-2024
171369,7531,1,Tech Mahindra Ltd.,IT,Information Technology,Domestic Equities,92400.0,92400.0,0.0,15.7653,15.8217,-0.3564724397504756,1.70796120114677,1100,tech-mahindra,Large Cap,Dec-2024
96486,15829,1,Interglobe Aviation Ltd.,Aviation,Aviation,Domestic Equities,34431.0,19361.0,77.83688859046536,15.6807,8.478,84.95753715498938,1.69879591297483,1100,interglobe-aviation,Large Cap,Dec-2024
156921,98676,1,Eternal Ltd.,Retailing,Information Technology,Domestic Equities,550000.0,550000.0,0.0,15.2928,15.3868,-0.6109132503184607,1.65677209167585,1100,eternal,Large Cap,Dec-2024
152572,7512,1,Info Edge (India) Ltd.,IT,Information Technology,Domestic Equities,17126.0,20826.0,-17.7662537213099,14.8607,17.1925,-13.562890795404977,1.60995978648562,1100,info-edge-india,Large Cap,Dec-2024
171915,6797,1,Tata Consultancy Services Ltd.,IT,Information Technology,Domestic Equities,34201.0,51601.0,-33.72027673882289,14.0046,22.038,-36.45249115164716,1.51721270369609,1100,tata-consultancy-services,Large Cap,Dec-2024
1152,105806,1,Mankind Pharma Ltd.,Healthcare,Healthcare,Domestic Equities,48000.0,48000.0,0.0,13.8259,12.2938,12.462379410759878,1.49785292832582,1100,mankind-pharma,Mid Cap,Dec-2024
133309,5981,1,Bharat Electronics Ltd.,Capital Goods,Other,Domestic Equities,470000.0,470000.0,0.0,13.7781,14.476,-4.821083172147,1.49267443217194,1100,bharat-electronics,Large Cap,Dec-2024
152379,5838,1,Voltas Ltd.,Consumer Durables,Consumer Durables,Domestic Equities,76896.0,76896.0,0.0,13.764,12.7513,7.941935332083785,1.49114688414328,1100,voltas,Mid Cap,Dec-2024
120445,17045,1,Quess Corp Ltd.,IT,Information Technology,Domestic Equities,204762.0,204762.0,0.0,13.554200000000002,14.4347,-6.099884306566811,1.4684178361708,1100,quess-corp,Small Cap,Dec-2024
152441,8334,1,Gokaldas Exports Ltd.,Textile,Textile,Domestic Equities,105500.0,79000.0,33.54430379746836,11.945799999999998,7.6002,57.177442698876334,1.2941690241644,1100,gokaldas-exports,Small Cap,Dec-2024
77009,96064,1,Max Healthcare Institute Ltd.,Healthcare,Healthcare,Domestic Equities,103250.0,123250.0,-16.227180527383368,11.6481,12.0754,-3.538599135432368,1.26191717677923,1100,max-healthcare-institute,Mid Cap,Dec-2024
171336,8097,1,JK Cement Ltd.,Construction Materials,Construction Materials,Domestic Equities,25000.0,25000.0,0.0,11.488499999999998,10.6956,7.41332884550656,1.24462663313572,1100,jk-cement,Mid Cap,Dec-2024
171942,7813,1,Jindal Steel & Power Ltd.,Iron & Steel,Iron & Steel,Domestic Equities,122174.0,122174.0,0.0,11.3707,11.0745,2.6746128493385606,1.23186456520837,1100,jindal-steel-power,Mid Cap,Dec-2024
191468,99702,1,SJS Enterprises Ltd.,Automobile & Ancillaries,Automobile & Ancillaries,Domestic Equities,95600.0,95600.0,0.0,11.0322,11.9476,-7.6617898155278015,1.19519257884667,1100,sjs-enterprises,Small Cap,Dec-2024
171839,6306,1,Solar Industries India Ltd.,Chemicals,Chemicals,Domestic Equities,10900.0,9000.0,21.11111111111111,10.663800000000002,9.6131,10.929876938760668,1.15528132397029,1100,solar-industries-india,Mid Cap,Dec-2024
352,7184,1,Ipca Laboratories Ltd.,Healthcare,Healthcare,Domestic Equities,62900.0,58500.0,7.521367521367521,10.6628,9.0239,18.161770409689822,1.15517298723067,1100,ipca-laboratories,Mid Cap,Dec-2024
133507,6902,1,TVS Motor Company Ltd.,Automobile & Ancillaries,Automobile & Ancillaries,Domestic Equities,44300.0,44300.0,0.0,10.4925,10.7846,-2.708491738219316,1.13672324047322,1100,tvs-motor-company,Large Cap,Dec-2024
77293,6578,1,Muthoot Finance Ltd.,Finance,Finance,Domestic Equities,48500.0,48500.0,0.0,10.3603,9.2977,11.42863288770341,1.12240112349532,1100,muthoot-finance,Mid Cap,Dec-2024
57445,86554,1,Dixon Technologies (India) Ltd.,Consumer Durables,Consumer Durables,Domestic Equities,5600.0,5600.0,0.0,10.0443,8.8521,13.467990646287312,1.08816671377509,1100,dixon-technologies-india,Mid Cap,Dec-2024
171444,98250,1,Kalyan Jewellers India Ltd.,Diamond  &  Jewellery,Diamond & Jewellery,Domestic Equities,130000.0,130000.0,0.0,9.9613,9.4179,5.769863770054899,1.07917476438655,1100,kalyan-jewellers-india,Mid Cap,Dec-2024
152205,8185,1,Trent Ltd.,Retailing,Retailing,Domestic Equities,13560.0,15160.0,-10.554089709762533,9.6593,10.3018,-6.236774155972753,1.04645706902101,1100,trent,Large Cap,Dec-2024
56635,7585,1,ITD Cementation India Ltd.,Infrastructure,Infrastructure,Domestic Equities,175000.0,175000.0,0.0,9.4176,9.1455,2.975233721502382,1.02027207905462,1100,itd-cementation-india,Small Cap,Dec-2024
171440,6777,1,Greenply Industries Ltd.,Construction Materials,Construction Materials,Domestic Equities,300000.0,300000.0,0.0,9.2265,10.161,-9.196929436079133,0.999568928113048,1100,greenply-industries,Small Cap,Dec-2024
133664,7760,1,NTPC Ltd.,Power,Power,Domestic Equities,273600.0,273600.0,0.0,9.1205,9.9495,-8.332076988793416,0.988085233713223,1100,ntpc,Large Cap,Dec-2024
60344,103918,1,Eureka Forbes Ltd.,Consumer Durables,Consumer Durables,Domestic Equities,157200.0,157200.0,0.0,9.105,9.5971,-5.127590626335042,0.986406014249098,1100,eureka-forbes,Small Cap,Dec-2024
189369,98614,1,Alivus Life Sciences Ltd.,Healthcare,Healthcare,Domestic Equities,91422.0,105422.0,-13.279960539545826,8.9909,11.4288,-21.33119837603249,0.974044792258343,1100,alivus-life-sciences,Small Cap,Dec-2024
195761,102061,1,Campus Activewear Ltd.,FMCG,Retailing,Domestic Equities,275000.0,140000.0,96.42857142857144,8.875599999999999,3.9872,122.60232744783303,0.961553566180043,1100,campus-activewear,Small Cap,Dec-2024
171387,6208,1,Pidilite Industries Ltd.,Chemicals,Chemicals,Domestic Equities,29870.0,29870.0,0.0,8.675,9.1587,-5.281317217509036,0.939821216212073,1100,pidilite-industries,Large Cap,Dec-2024
38605,83193,1,Varun Beverages Ltd.,FMCG,Fast Moving Consumer Goods,Domestic Equities,133045.0,133045.0,0.0,8.4949,8.264800000000001,2.784096408866517,0.920309769406333,1100,varun-beverages,Large Cap,Dec-2024
211056,110999,1,DOMS Industries Ltd.,FMCG,Fast Moving Consumer Goods,Domestic Equities,32000.0,40000.0,-20.0,8.3885,11.9834,-29.9989986147504,0.90878274031066,1100,doms-industries,Small Cap,Dec-2024
56728,7719,1,Shriram Finance Ltd.,Finance,Finance,Domestic Equities,28800.0,37000.0,-22.162162162162165,8.3208,11.1727,-25.52561153526005,0.901448343038319,1100,shriram-finance,Large Cap,Dec-2024
152222,5634,1,Max Financial Services Ltd.,Finance,Finance,Domestic Equities,74000.0,74000.0,0.0,8.242899999999999,8.3912,-1.7673276766136,0.893008911021844,1100,max-financial-services,Mid Cap,Dec-2024
171877,6125,1,Cummins India Ltd.,Automobile & Ancillaries,Automobile & Ancillaries,Domestic Equities,24476.0,27076.0,-9.602600088639385,8.0134,9.4325,-15.044791942751123,0.868145629278827,1100,cummins-india,Large Cap,Dec-2024
171881,7520,1,V-Mart Retail Ltd.,Retailing,Retailing,Domestic Equities,20287.0,25000.0,-18.852,7.9857,9.885,-19.21396054628224,0.865144701591326,1100,v-mart-retail,Small Cap,Dec-2024
152473,5056,1,Suzlon Energy Ltd.,Capital Goods,Capital Goods,Domestic Equities,1260000.0,,,7.839700000000001,,,0.849327537606662,1100,suzlon-energy,Mid Cap,Dec-2024
177212,94646,1,Hitachi Energy India Ltd.,Capital Goods,Capital Goods,Domestic Equities,5400.0,5400.0,0.0,7.782599999999999,6.4684,20.3172345556861,0.843141509774303,1100,hitachi-energy-india,Mid Cap,Dec-2024
19089,7012,1,Gabriel India Ltd.,Automobile & Ancillaries,Automobile & Ancillaries,Domestic Equities,162888.0,162888.0,0.0,7.7209,7.2192,6.9495234929078125,0.836457132939688,1100,gabriel-india,Small Cap,Dec-2024
133330,5128,1,Cipla Ltd.,Healthcare,Healthcare,Domestic Equities,49500.0,49500.0,0.0,7.5686,7.592799999999999,-0.3187230007375354,0.819957447495412,1100,cipla,Large Cap,Dec-2024
222201,112407,1,NTPC Green Energy Ltd.,Power,Power,Domestic Equities,591000.0,,,7.516900000000001,,,0.814356438057007,1100,ntpc-green-energy,Large Cap,Dec-2024
133437,6005,1,Sonata Software Ltd.,IT,Information Technology,Domestic Equities,125193.0,125193.0,0.0,7.504099999999999,7.835800000000001,-4.233135097884079,0.812969727789858,1100,sonata-software,Small Cap,Dec-2024
222979,112566,1,Vishal Mega Mart Ltd.,Retailing,Retailing,Domestic Equities,678303.0,,,7.2192,,,0.782104590671838,1100,vishal-mega-mart,Mid Cap,Dec-2024
56674,5695,1,Supreme Industries Ltd.,Plastic Products,Plastic Products,Domestic Equities,15000.0,15000.0,0.0,7.050800000000001,6.976699999999999,1.0621067266759474,0.763860683719664,1100,supreme-industries,Mid Cap,Dec-2024
79,7951,1,Balkrishna Industries Ltd.,Automobile & Ancillaries,Automobile & Ancillaries,Domestic Equities,24200.0,24200.0,0.0,7.0424,6.728,4.673008323424504,0.762950655106848,1100,balkrishna-industries,Mid Cap,Dec-2024
171946,6864,1,Godrej Properties Ltd.,Realty,Realty,Domestic Equities,24800.0,31000.0,-20.0,6.9105,8.6061,-19.70230417959355,0.748661039150839,1100,godrej-properties,Mid Cap,Dec-2024
133625,7239,1,Maruti Suzuki India Ltd.,Automobile & Ancillaries,Automobile & Ancillaries,Domestic Equities,6350.0,8000.0,-20.625,6.8951,8.8594,-22.17193037903245,0.746992653360676,1100,maruti-suzuki-india,Large Cap,Dec-2024
42557,112281,1,Inventurus Knowledge Solutions Ltd.,IT,Information Technology,Domestic Equities,35671.0,,,6.847,,,0.741781656184907,1100,inventurus-knowledge-solutions,Mid Cap,Dec-2024
171484,6114,1,Bajaj Finance Ltd.,Finance,Finance,Domestic Equities,9900.0,14000.0,-29.28571428571429,6.7548,9.2063,-26.628504393730378,0.731793008791852,1100,bajaj-finance,Large Cap,Dec-2024
543,5039,1,Karur Vysya Bank Ltd.,Bank,Banking,Domestic Equities,310000.0,310000.0,0.0,6.731,7.3334,-8.214470777538386,0.729214594388872,1100,karur-vysya-bank,Small Cap,Dec-2024
26837,16127,1,Crompton Greaves Consumer Electricals Ltd.,Consumer Durables,Consumer Durables,Domestic Equities,170000.0,170000.0,0.0,6.7286,6.9649,-3.392726385159872,0.728954586213782,1100,crompton-greaves-consumer-electricals,Small Cap,Dec-2024
171365,5279,1,Hindustan Petroleum Corporation Ltd.,Crude Oil,Crude Oil,Domestic Equities,160000.0,160000.0,0.0,6.54,6.1296,6.6953797963978,0.708522277121263,1100,hindustan-petroleum-corporation,Mid Cap,Dec-2024
214487,111750,1,Awfis Space Solutions Ltd.,Business Services,Other,Domestic Equities,88702.0,,,6.429600000000001,,,0.696561901067106,1100,awfis-space-solutions,Small Cap,Dec-2024
133495,5019,1,Ajanta Pharma Ltd.,Healthcare,Healthcare,Domestic Equities,21753.0,28203.0,-22.86990745665355,6.3784,8.5245,-25.175670127280192,0.691015059998512,1100,ajanta-pharma,Mid Cap,Dec-2024
193124,100508,1,Electronics Mart India Ltd.,Retailing,Retailing,Domestic Equities,385385.0,385385.0,0.0,6.3334,6.9396,-8.735373796760621,0.686139906715567,1100,electronics-mart-india,Small Cap,Dec-2024
133589,7782,1,Cera Sanitaryware Ltd.,Construction Materials,Construction Materials,Domestic Equities,8300.0,8300.0,0.0,6.2972,6.1528,2.346898972825389,0.682218116741287,1100,cera-sanitaryware,Small Cap,Dec-2024
420,5071,1,Sun Pharmaceutical Industries Ltd.,Healthcare,Healthcare,Domestic Equities,31518.0,31518.0,0.0,5.945399999999999,5.613,5.921966862640302,0.644105251742624,1100,sun-pharmaceutical-industries,Large Cap,Dec-2024
101370,86936,1,Tube Investments of India Ltd.,Automobile & Ancillaries,Automobile & Ancillaries,Domestic Equities,16500.0,16500.0,0.0,5.9008,5.9244,-0.3983525757882677,0.639273433155528,1100,tube-investments-of-india,Mid Cap,Dec-2024
152513,6479,1,KEC International Ltd.,Infrastructure,Infrastructure,Domestic Equities,48000.0,,,5.7542,,,0.623391267127091,1100,kec-international,Small Cap,Dec-2024
152343,5043,1,Hindalco Industries Ltd.,Non - Ferrous Metals,Non - Ferrous Metals,Domestic Equities,95000.0,95000.0,0.0,5.7233,6.2339,-8.19069924124544,0.620043661872802,1100,hindalco-industries,Large Cap,Dec-2024
191951,99980,1,Go Fashion (India) Ltd.,Retailing,Retailing,Domestic Equities,56500.0,56500.0,0.0,5.3497,6.339600000000001,-15.614549813868384,0.579569055950401,1100,go-fashion-india,Small Cap,Dec-2024
58513,104175,1,Aadhar Housing Finance Ltd.,Finance,Finance,Domestic Equities,125000.0,125000.0,0.0,5.2825,5.409400000000001,-2.3459163678042025,0.57228882704787,1100,aadhar-housing-finance,Small Cap,Dec-2024
152608,7159,1,Indian Bank,Bank,Banking,Domestic Equities,98000.0,,,5.1935,,,0.562646857221603,1100,indian-bank,Mid Cap,Dec-2024
171514,5399,1,Cholamandalam Investment and Finance Company Ltd.,Finance,Finance,Domestic Equities,43000.0,43000.0,0.0,5.0996,5.306,-3.889935921598199,0.552474037371192,1100,cholamandalam-investment-and-finance-company,Large Cap,Dec-2024
797,86851,1,Nippon Life India Asset Management Ltd.,Finance,Finance,Domestic Equities,68000.0,68000.0,0.0,4.9436,4.6614,6.053975200583522,0.535573505990318,1100,nippon-life-india-asset-management,Mid Cap,Dec-2024
114697,5402,1,JSW Energy Ltd.,Power,Power,Domestic Equities,73000.0,,,4.6913,,,0.508240146583942,1100,jsw-energy,Large Cap,Dec-2024
19255,6350,1,Mphasis Ltd.,IT,Information Technology,Domestic Equities,16000.0,16000.0,0.0,4.5555,4.7593,-4.282142331855524,0.493528017343412,1100,mphasis,Mid Cap,Dec-2024
152211,6247,1,Lupin Ltd.,Healthcare,Healthcare,Domestic Equities,17500.0,59000.0,-70.33898305084746,4.1225,12.0994,-65.92806254855613,0.446618209087524,1100,lupin,Mid Cap,Dec-2024
207271,109317,1,Netweb Technologies India Ltd.,Consumer Durables,Consumer Durables,Domestic Equities,15000.0,15000.0,0.0,4.0885,4.1252,-0.8896538349655675,0.44293475994041,1100,netweb-technologies-india,Small Cap,Dec-2024
171943,4973,1,REC Ltd.,Finance,Finance,Domestic Equities,80000.0,80000.0,0.0,4.0056,4.2608,-5.9894855426211,0.433953644225831,1100,rec,Large Cap,Dec-2024
171875,5051,1,HDFC Bank Ltd.,Bank,Banking,Domestic Equities,363500.0,394000.0,-7.741116751269035,61.7496,69.8503,-11.597230076320356,7.154617440417,1100,hdfc-bank,Large Cap,Jan-2025
171888,8748,1,ICICI Bank Ltd.,Bank,Banking,Domestic Equities,428434.0,457434.0,-6.33971239566801,53.6742,58.627,-8.44798471693929,6.21896121465451,1100,icici-bank,Large Cap,Jan-2025
171889,4926,1,Infosys Ltd.,IT,Information Technology,Domestic Equities,196500.0,196500.0,0.0,36.9381,36.942,-0.010557089491632,4.27983297828435,1100,infosys,Large Cap,Jan-2025
133593,6508,1,Bharti Airtel Ltd.,Telecom,Telecom,Domestic Equities,159000.0,159000.0,0.0,25.8582,25.2452,2.428184367721396,2.99606035824995,1100,bharti-airtel,Large Cap,Jan-2025
152372,4964,1,Larsen & Toubro Ltd.,Infrastructure,Infrastructure,Domestic Equities,67750.0,67750.0,0.0,24.1691,24.4418,-1.115711608801315,2.8003527857538,1100,larsen-toubro,Large Cap,Jan-2025
171531,4897,1,Reliance Industries Ltd.,Crude Oil,Crude Oil,Domestic Equities,178000.0,178000.0,0.0,22.5188,21.635,4.085047376935527,2.60914077528053,1100,reliance-industries,Large Cap,Jan-2025
133350,8843,1,State Bank Of India,Bank,Banking,Domestic Equities,273516.0,273516.0,0.0,21.140100000000004,21.7432,-2.7737407557305245,2.44939769896743,1100,state-bank-of-india,Large Cap,Jan-2025
152408,5535,1,ITC Ltd.,FMCG,Fast Moving Consumer Goods,Domestic Equities,400000.0,400000.0,0.0,17.9,19.346,-7.474413315414035,2.07398351055658,1100,itc,Large Cap,Jan-2025
171369,7531,1,Tech Mahindra Ltd.,IT,Information Technology,Domestic Equities,92400.0,92400.0,0.0,15.4719,15.7653,-1.8610492664268945,1.7926517026246,1100,tech-mahindra,Large Cap,Jan-2025
171400,5889,1,Axis Bank Ltd.,Bank,Banking,Domestic Equities,156100.0,156100.0,0.0,15.393,16.62,-7.382671480144406,1.78350995407807,1100,axis-bank,Large Cap,Jan-2025
96486,15829,1,Interglobe Aviation Ltd.,Aviation,Aviation,Domestic Equities,34431.0,34431.0,0.0,14.8892,15.6807,-5.047606293086397,1.72513716678095,1100,interglobe-aviation,Large Cap,Jan-2025
420,5071,1,Sun Pharmaceutical Industries Ltd.,Healthcare,Healthcare,Domestic Equities,85018.0,31518.0,169.74427311377625,14.8267,5.945399999999999,149.38103407676527,1.71789560424409,1100,sun-pharmaceutical-industries,Large Cap,Jan-2025
133625,7239,1,Maruti Suzuki India Ltd.,Automobile & Ancillaries,Automobile & Ancillaries,Domestic Equities,11750.0,6350.0,85.03937007874016,14.465,6.8951,109.78666009194936,1.67598723353078,1100,maruti-suzuki-india,Large Cap,Jan-2025
171528,8219,1,HCL Technologies Ltd.,IT,Information Technology,Domestic Equities,83000.0,106500.0,-22.06572769953052,14.3212,20.4203,-29.867827602924542,1.65932584644597,1100,hcl-technologies,Large Cap,Jan-2025
171915,6797,1,Tata Consultancy Services Ltd.,IT,Information Technology,Domestic Equities,34201.0,34201.0,0.0,14.0648,14.0046,0.4298587606929138,1.62961806029476,1100,tata-consultancy-services,Large Cap,Jan-2025
133309,5981,1,Bharat Electronics Ltd.,Capital Goods,Capital Goods,Domestic Equities,470000.0,470000.0,0.0,13.7546,13.7781,-0.1705605272134698,1.59367673711181,1100,bharat-electronics,Large Cap,Jan-2025
133334,5159,1,CG Power and Industrial Solutions Ltd.,Capital Goods,Capital Goods,Domestic Equities,204000.0,,,12.9509,,,1.50055603613783,1100,cg-power-and-industrial-solutions,Large Cap,Jan-2025
171336,8097,1,JK Cement Ltd.,Construction Materials,Construction Materials,Domestic Equities,25000.0,25000.0,0.0,12.0871,11.488499999999998,5.210427819123483,1.4004718486284,1100,jk-cement,Mid Cap,Jan-2025
171839,6306,1,Solar Industries India Ltd.,Chemicals,Chemicals,Domestic Equities,10900.0,10900.0,0.0,11.1122,10.663800000000002,4.2048800615165245,1.28751505955345,1100,solar-industries-india,Mid Cap,Jan-2025
189369,98614,1,Alivus Life Sciences Ltd.,Healthcare,Healthcare,Domestic Equities,91422.0,91422.0,0.0,10.9729,8.9909,22.04451167291372,1.2713750649713,1100,alivus-life-sciences,Small Cap,Jan-2025
77293,6578,1,Muthoot Finance Ltd.,Finance,Finance,Domestic Equities,48500.0,48500.0,0.0,10.9552,10.3603,5.742111714911732,1.26932425446086,1100,muthoot-finance,Mid Cap,Jan-2025
133330,5128,1,Cipla Ltd.,Healthcare,Healthcare,Domestic Equities,73500.0,49500.0,48.48484848484848,10.8736,7.5686,43.66725682424754,1.25986967041274,1100,cipla,Large Cap,Jan-2025
19255,6350,1,Mphasis Ltd.,IT,Information Technology,Domestic Equities,35000.0,16000.0,118.75,10.0378,4.5555,120.34463834924816,1.16302970291982,1100,mphasis,Mid Cap,Jan-2025
152441,8334,1,Gokaldas Exports Ltd.,Textile,Textile,Domestic Equities,105500.0,105500.0,0.0,9.993,11.945799999999998,-16.347168042324498,1.1578389508934,1100,gokaldas-exports,Small Cap,Jan-2025
171484,6114,1,Bajaj Finance Ltd.,Finance,Finance,Domestic Equities,12600.0,9900.0,27.27272727272727,9.9352,6.7548,47.08355539764315,1.15114195385931,1100,bajaj-finance,Large Cap,Jan-2025
171942,7813,1,Jindal Steel & Power Ltd.,Iron & Steel,Iron & Steel,Domestic Equities,122174.0,122174.0,0.0,9.6707,11.3707,-14.9507066407521,1.12049566120332,1100,jindal-steel-power,Mid Cap,Jan-2025
56635,7585,1,ITD Cementation India Ltd.,Infrastructure,Infrastructure,Domestic Equities,175000.0,175000.0,0.0,9.4553,9.4176,0.4003143051308169,1.09553834007629,1100,itd-cementation-india,Small Cap,Jan-2025
1152,105806,1,Mankind Pharma Ltd.,Healthcare,Healthcare,Domestic Equities,38500.0,48000.0,-19.791666666666664,9.3763,13.8259,-32.18307668940177,1.0863850050297,1100,mankind-pharma,Mid Cap,Jan-2025
152513,6479,1,KEC International Ltd.,Infrastructure,Infrastructure,Domestic Equities,110500.0,48000.0,130.20833333333331,9.2908,5.7542,61.46119356296273,1.07647854747928,1100,kec-international,Small Cap,Jan-2025
19089,7012,1,Gabriel India Ltd.,Automobile & Ancillaries,Automobile & Ancillaries,Domestic Equities,199888.0,162888.0,22.71499435194735,9.2048,7.7209,19.219262003134347,1.06651415742856,1100,gabriel-india,Small Cap,Jan-2025
352,7184,1,Ipca Laboratories Ltd.,Healthcare,Healthcare,Domestic Equities,62900.0,62900.0,0.0,9.0784,10.6628,-14.859136436958392,1.05186882135401,1100,ipca-laboratories,Mid Cap,Jan-2025
77009,96064,1,Max Healthcare Institute Ltd.,Healthcare,Healthcare,Domestic Equities,82750.0,103250.0,-19.854721549636803,8.781799999999999,11.6481,-24.60744670804681,1.01750326217909,1100,max-healthcare-institute,Mid Cap,Jan-2025
152256,5774,1,Oil & Natural Gas Corporation Ltd.,Crude Oil,Crude Oil,Domestic Equities,330000.0,,,8.6661,,,1.00409768161086,1100,oil-natural-gas-corporation,Large Cap,Jan-2025
171387,6208,1,Pidilite Industries Ltd.,Chemicals,Chemicals,Domestic Equities,29870.0,29870.0,0.0,8.5778,8.675,-1.1204610951008676,0.993866802058782,1100,pidilite-industries,Large Cap,Jan-2025
171440,6777,1,Greenply Industries Ltd.,Construction Materials,Construction Materials,Domestic Equities,300000.0,300000.0,0.0,8.4045,9.2265,-8.909120468216543,0.973787397456578,1100,greenply-industries,Small Cap,Jan-2025
57445,86554,1,Dixon Technologies (India) Ltd.,Consumer Durables,Consumer Durables,Domestic Equities,5600.0,5600.0,0.0,8.392100000000001,10.0443,-16.449130352538248,0.972350671449265,1100,dixon-technologies-india,Mid Cap,Jan-2025
60344,103918,1,Eureka Forbes Ltd.,Consumer Durables,Consumer Durables,Domestic Equities,157200.0,157200.0,0.0,8.367,9.105,-8.105436573311362,0.969442459934462,1100,eureka-forbes,Small Cap,Jan-2025
222201,112407,1,NTPC Green Energy Ltd.,Power,Power,Domestic Equities,725000.0,591000.0,22.673434856175973,8.331,7.516900000000001,10.830262475222494,0.965271319913231,1100,ntpc-green-energy,Large Cap,Jan-2025
133507,6902,1,TVS Motor Company Ltd.,Automobile & Ancillaries,Automobile & Ancillaries,Domestic Equities,33700.0,44300.0,-23.92776523702032,8.2831,10.4925,-21.056945437217063,0.959721386384982,1100,tvs-motor-company,Large Cap,Jan-2025
152222,5634,1,Max Financial Services Ltd.,Finance,Finance,Domestic Equities,74000.0,74000.0,0.0,8.256599999999999,8.242899999999999,0.1662036419221396,0.956650963869353,1100,max-financial-services,Mid Cap,Jan-2025
156921,98676,1,Eternal Ltd.,Retailing,Information Technology,Domestic Equities,367000.0,550000.0,-33.27272727272727,8.0868,15.2928,-47.120213433772754,0.936977086769213,1100,eternal,Large Cap,Jan-2025
152572,7512,1,Info Edge (India) Ltd.,IT,Information Technology,Domestic Equities,10376.0,17126.0,-39.41375686091323,8.0141,14.8607,-46.07185395035227,0.928553701226338,1100,info-edge-india,Large Cap,Jan-2025
211056,110999,1,DOMS Industries Ltd.,FMCG,Fast Moving Consumer Goods,Domestic Equities,32000.0,32000.0,0.0,7.943200000000001,8.3885,-5.308458007987122,0.920338872684525,1100,doms-industries,Small Cap,Jan-2025
120445,17045,1,Quess Corp Ltd.,IT,Information Technology,Domestic Equities,132762.0,204762.0,-35.16277434289565,7.91,13.554200000000002,-41.64170515412197,0.916492154664945,1100,quess-corp,Small Cap,Jan-2025
191468,99702,1,SJS Enterprises Ltd.,Automobile & Ancillaries,Automobile & Ancillaries,Domestic Equities,79600.0,95600.0,-16.736401673640167,7.863300000000001,11.0322,-28.72409854788709,0.911081259137404,1100,sjs-enterprises,Small Cap,Jan-2025
56728,7719,1,Shriram Finance Ltd.,Finance,Finance,Domestic Equities,144000.0,28800.0,400.0,7.83,8.3208,-5.898471300836463,0.907222954617765,1100,shriram-finance,Large Cap,Jan-2025
152205,8185,1,Trent Ltd.,Retailing,Retailing,Domestic Equities,13560.0,13560.0,0.0,7.8013,9.6593,-19.23534831716584,0.903897629100839,1100,trent,Large Cap,Jan-2025
195761,102061,1,Campus Activewear Ltd.,FMCG,Retailing,Domestic Equities,275000.0,275000.0,0.0,7.4993,8.875599999999999,-15.506557303168236,0.868906398922734,1100,campus-activewear,Small Cap,Jan-2025
543,5039,1,Karur Vysya Bank Ltd.,Bank,Banking,Domestic Equities,310000.0,310000.0,0.0,7.3848,6.731,9.713266973703757,0.855639856355207,1100,karur-vysya-bank,Small Cap,Jan-2025
152473,5056,1,Suzlon Energy Ltd.,Capital Goods,Capital Goods,Domestic Equities,1260000.0,1260000.0,0.0,7.329400000000001,7.839700000000001,-6.509177647103839,0.849220935322535,1100,suzlon-energy,Mid Cap,Jan-2025
222979,112566,1,Vishal Mega Mart Ltd.,Retailing,Retailing,Domestic Equities,678303.0,678303.0,0.0,7.3223,7.2192,1.428136081560292,0.848398293818347,1100,vishal-mega-mart,Mid Cap,Jan-2025
171877,6125,1,Cummins India Ltd.,Automobile & Ancillaries,Automobile & Ancillaries,Domestic Equities,24476.0,24476.0,0.0,7.1324000000000005,8.0134,-10.994084907779472,0.826395530206353,1100,cummins-india,Large Cap,Jan-2025
171492,5886,1,Kotak Mahindra Bank Ltd.,Bank,Banking,Domestic Equities,37000.0,,,7.034800000000001,,,0.815087106148793,1100,kotak-mahindra-bank,Large Cap,Jan-2025
177212,94646,1,Hitachi Energy India Ltd.,Capital Goods,Capital Goods,Domestic Equities,5400.0,5400.0,0.0,6.9463,7.782599999999999,-10.74576619638681,0.8048330535966,1100,hitachi-energy-india,Mid Cap,Jan-2025
79,7951,1,Balkrishna Industries Ltd.,Automobile & Ancillaries,Automobile & Ancillaries,Domestic Equities,24200.0,24200.0,0.0,6.7064,7.0424,-4.771100761104172,0.777037039955119,1100,balkrishna-industries,Mid Cap,Jan-2025
171881,7520,1,V-Mart Retail Ltd.,Retailing,Retailing,Domestic Equities,20287.0,20287.0,0.0,6.5125,7.9857,-18.447975756665045,0.754570816340766,1100,v-mart-retail,Small Cap,Jan-2025
42557,112281,1,Inventurus Knowledge Solutions Ltd.,IT,Information Technology,Domestic Equities,35671.0,35671.0,0.0,6.2822000000000005,6.847,-8.24886811742369,0.727887106704945,1100,inventurus-knowledge-solutions,Mid Cap,Jan-2025
171765,6852,1,Ceat Ltd.,Automobile & Ancillaries,Automobile & Ancillaries,Domestic Equities,21000.0,,,5.999,,,0.695074138537927,1100,ceat,Small Cap,Jan-2025
56674,5695,1,Supreme Industries Ltd.,Plastic Products,Plastic Products,Domestic Equities,15010.0,15000.0,0.0666666666666666,5.9572,7.050800000000001,-15.510296703920122,0.690230981513276,1100,supreme-industries,Mid Cap,Jan-2025
133664,7760,1,NTPC Ltd.,Power,Power,Domestic Equities,183600.0,273600.0,-32.89473684210527,5.9486,9.1205,-34.77769859108601,0.689234542508204,1100,ntpc,Large Cap,Jan-2025
214487,111750,1,Awfis Space Solutions Ltd.,Business Services,Other,Domestic Equities,88702.0,88702.0,0.0,5.8894,6.429600000000001,-8.40176682841856,0.682375334473291,1100,awfis-space-solutions,Small Cap,Jan-2025
133495,5019,1,Ajanta Pharma Ltd.,Healthcare,Healthcare,Domestic Equities,21753.0,21753.0,0.0,5.8612,6.3784,-8.108616580960746,0.679107941456659,1100,ajanta-pharma,Mid Cap,Jan-2025
96732,87407,1,Amber Enterprises India Ltd.,Consumer Durables,Consumer Durables,Domestic Equities,9000.0,,,5.8516,,,0.677995637450998,1100,amber-enterprises-india,Small Cap,Jan-2025
26837,16127,1,Crompton Greaves Consumer Electricals Ltd.,Consumer Durables,Consumer Durables,Domestic Equities,170000.0,170000.0,0.0,5.8378,6.7286,-13.239009600808496,0.676396700442859,1100,crompton-greaves-consumer-electricals,Small Cap,Jan-2025
171365,5279,1,Hindustan Petroleum Corporation Ltd.,Crude Oil,Crude Oil,Domestic Equities,160000.0,160000.0,0.0,5.732,6.54,-12.354740061162072,0.664138183380463,1100,hindustan-petroleum-corporation,Mid Cap,Jan-2025
133589,7782,1,Cera Sanitaryware Ltd.,Construction Materials,Construction Materials,Domestic Equities,8300.0,8300.0,0.0,5.5512,6.2972,-11.846534967922254,0.643189791273836,1100,cera-sanitaryware,Small Cap,Jan-2025
171514,5399,1,Cholamandalam Investment and Finance Company Ltd.,Finance,Finance,Domestic Equities,43000.0,43000.0,0.0,5.5292,5.0996,8.424190132559414,0.640640761260861,1100,cholamandalam-investment-and-finance-company,Large Cap,Jan-2025
101370,86936,1,Tube Investments of India Ltd.,Automobile & Ancillaries,Automobile & Ancillaries,Domestic Equities,16500.0,16500.0,0.0,5.4815,5.9008,-7.105816160520617,0.63511400073273,1100,tube-investments-of-india,Mid Cap,Jan-2025
58504,98271,1,Krishna Institute of Medical Sciences Ltd,Healthcare,Healthcare,Domestic Equities,85000.0,,,5.1782,,,0.599972146053858,1100,krishna-institute-of-medical-sciences,Small Cap,Jan-2025
58513,104175,1,Aadhar Housing Finance Ltd.,Finance,Finance,Domestic Equities,125000.0,125000.0,0.0,4.9813,5.2825,-5.701845716990063,0.577158327437736,1100,aadhar-housing-finance,Small Cap,Jan-2025
191951,99980,1,Go Fashion (India) Ltd.,Retailing,Retailing,Domestic Equities,52434.0,56500.0,-7.19646017699115,4.681,5.3497,-12.499766342037873,0.542364067760633,1100,go-fashion-india,Small Cap,Jan-2025
171461,6050,1,Titan Company Ltd.,Diamond  &  Jewellery,Diamond & Jewellery,Domestic Equities,13000.0,,,4.5373,,,0.525714267175886,1100,titan-company,Large Cap,Jan-2025
797,86851,1,Nippon Life India Asset Management Ltd.,Finance,Finance,Domestic Equities,68000.0,68000.0,0.0,3.9698,4.9436,-19.698195646896995,0.459960879341201,1100,nippon-life-india-asset-management,Mid Cap,Jan-2025
114697,5402,1,JSW Energy Ltd.,Power,Power,Domestic Equities,73000.0,73000.0,0.0,3.7128,4.6913,-20.857757977532884,0.430183574189634,1100,jsw-energy,Large Cap,Jan-2025
152211,6247,1,Lupin Ltd.,Healthcare,Healthcare,Domestic Equities,17500.0,17500.0,0.0,3.6408,4.1225,-11.684657368101885,0.421841294147172,1100,lupin,Mid Cap,Jan-2025
171943,4973,1,REC Ltd.,Finance,Finance,Domestic Equities,80000.0,80000.0,0.0,3.5988,4.0056,-10.155781905332535,0.416974964122403,1100,rec,Large Cap,Jan-2025
38605,83193,1,Varun Beverages Ltd.,FMCG,Fast Moving Consumer Goods,Domestic Equities,62045.0,133045.0,-53.36540268330264,3.3303,8.4949,-60.79647788673205,0.385865211464054,1100,varun-beverages,Large Cap,Jan-2025
171875,5051,1,HDFC Bank Ltd.,Bank,Banking,Domestic Equities,363500.0,363500.0,0.0,62.9727,61.7496,1.9807415756539373,7.86868297239781,1100,hdfc-bank,Large Cap,Feb-2025
171888,8748,1,ICICI Bank Ltd.,Bank,Banking,Domestic Equities,428434.0,428434.0,0.0,51.587700000000005,53.6742,-3.8873425221055857,6.44608308957956,1100,icici-bank,Large Cap,Feb-2025
171889,4926,1,Infosys Ltd.,IT,Information Technology,Domestic Equities,196500.0,196500.0,0.0,33.1633,36.9381,-10.219258705780751,4.14388288922851,1100,infosys,Large Cap,Feb-2025
133593,6508,1,Bharti Airtel Ltd.,Telecom,Telecom,Domestic Equities,159000.0,159000.0,0.0,24.9662,25.8582,-3.4495827242422235,3.11962346898701,1100,bharti-airtel,Large Cap,Feb-2025
152372,4964,1,Larsen & Toubro Ltd.,Infrastructure,Infrastructure,Domestic Equities,67750.0,67750.0,0.0,21.4351,24.1691,-11.311964450476006,2.67839883602965,1100,larsen-toubro,Large Cap,Feb-2025
171531,4897,1,Reliance Industries Ltd.,Crude Oil,Crude Oil,Domestic Equities,178000.0,178000.0,0.0,21.3618,22.5188,-5.137929196937682,2.6692397168895,1100,reliance-industries,Large Cap,Feb-2025
133350,8843,1,State Bank Of India,Bank,Banking,Domestic Equities,273516.0,273516.0,0.0,18.8398,21.140100000000004,-10.881216266715873,2.35410604060776,1100,state-bank-of-india,Large Cap,Feb-2025
133625,7239,1,Maruti Suzuki India Ltd.,Automobile & Ancillaries,Automobile & Ancillaries,Domestic Equities,13350.0,11750.0,13.617021276595745,15.9477,14.465,10.250259246456965,1.99272693467024,1100,maruti-suzuki-india,Large Cap,Feb-2025
171400,5889,1,Axis Bank Ltd.,Bank,Banking,Domestic Equities,156100.0,156100.0,0.0,15.8527,15.393,2.986422399792115,1.9808563164122,1100,axis-bank,Large Cap,Feb-2025
96486,15829,1,Interglobe Aviation Ltd.,Aviation,Aviation,Domestic Equities,34431.0,34431.0,0.0,15.4158,14.8892,3.5367917685302,1.92626396781288,1100,interglobe-aviation,Large Cap,Feb-2025
420,5071,1,Sun Pharmaceutical Industries Ltd.,Healthcare,Healthcare,Domestic Equities,85018.0,85018.0,0.0,13.5455,14.8267,-8.641167623274235,1.69256273278126,1100,sun-pharmaceutical-industries,Large Cap,Feb-2025
171528,8219,1,HCL Technologies Ltd.,IT,Information Technology,Domestic Equities,83000.0,83000.0,0.0,13.0729,14.3212,-8.716448342317678,1.63350953079445,1100,hcl-technologies,Large Cap,Feb-2025
152408,5535,1,ITC Ltd.,FMCG,Fast Moving Consumer Goods,Domestic Equities,317000.0,400000.0,-20.75,12.5215,17.9,-30.04748603351955,1.56460996334728,1100,itc,Large Cap,Feb-2025
171915,6797,1,Tata Consultancy Services Ltd.,IT,Information Technology,Domestic Equities,34201.0,34201.0,0.0,11.9131,14.0648,-15.29847562709744,1.48858802494529,1100,tata-consultancy-services,Large Cap,Feb-2025
171369,7531,1,Tech Mahindra Ltd.,IT,Information Technology,Domestic Equities,75400.0,92400.0,-18.3982683982684,11.2184,15.4719,-27.491775412198898,1.40178256700995,1100,tech-mahindra,Large Cap,Feb-2025
171336,8097,1,JK Cement Ltd.,Construction Materials,Construction Materials,Domestic Equities,25000.0,25000.0,0.0,10.9734,12.0871,-9.213955373911038,1.37116886729186,1100,jk-cement,Mid Cap,Feb-2025
171484,6114,1,Bajaj Finance Ltd.,Finance,Finance,Domestic Equities,12600.0,12600.0,0.0,10.7482,9.9352,8.183026008535304,1.3430292543265,1100,bajaj-finance,Large Cap,Feb-2025
56728,7719,1,Shriram Finance Ltd.,Finance,Finance,Domestic Equities,170000.0,144000.0,18.05555555555556,10.4941,7.83,34.02426564495531,1.31127847433316,1100,shriram-finance,Large Cap,Feb-2025
171942,7813,1,Jindal Steel & Power Ltd.,Iron & Steel,Iron & Steel,Domestic Equities,122174.0,122174.0,0.0,10.4599,9.6707,8.160732935568259,1.30700505176027,1100,jindal-steel-power,Mid Cap,Feb-2025
133330,5128,1,Cipla Ltd.,Healthcare,Healthcare,Domestic Equities,73500.0,73500.0,0.0,10.3451,10.8736,-4.860395821071211,1.29266034674951,1100,cipla,Large Cap,Feb-2025
133309,5981,1,Bharat Electronics Ltd.,Capital Goods,Capital Goods,Domestic Equities,406000.0,470000.0,-13.617021276595745,9.9978,13.7546,-27.313044363340268,1.24926386547566,1100,bharat-electronics,Large Cap,Feb-2025
171492,5886,1,Kotak Mahindra Bank Ltd.,Bank,Banking,Domestic Equities,51000.0,37000.0,37.83783783783784,9.705,7.034800000000001,37.95701370330357,1.21267737046563,1100,kotak-mahindra-bank,Large Cap,Feb-2025
133334,5159,1,CG Power and Industrial Solutions Ltd.,Capital Goods,Capital Goods,Domestic Equities,169000.0,204000.0,-17.15686274509804,9.6769,12.9509,-25.28009636395925,1.20916616653878,1100,cg-power-and-industrial-solutions,Large Cap,Feb-2025
19089,7012,1,Gabriel India Ltd.,Automobile & Ancillaries,Automobile & Ancillaries,Domestic Equities,205408.0,199888.0,2.761546466020972,9.5289,9.2048,3.5209890491917224,1.19067299283152,1100,gabriel-india,Small Cap,Feb-2025
171839,6306,1,Solar Industries India Ltd.,Chemicals,Chemicals,Domestic Equities,10900.0,10900.0,0.0,9.4946,11.1122,-14.556973416605173,1.18638707487099,1100,solar-industries-india,Mid Cap,Feb-2025
56635,7585,1,ITD Cementation India Ltd.,Infrastructure,Infrastructure,Domestic Equities,175000.0,175000.0,0.0,9.3888,9.4553,-0.7033092551267519,1.17316695474783,1100,itd-cementation-india,Small Cap,Feb-2025
152572,7512,1,Info Edge (India) Ltd.,IT,Information Technology,Domestic Equities,13076.0,10376.0,26.02158828064765,9.1436,8.0141,14.093909484533516,1.14252826425446,1100,info-edge-india,Large Cap,Feb-2025
77293,6578,1,Muthoot Finance Ltd.,Finance,Finance,Domestic Equities,40300.0,48500.0,-16.90721649484536,8.5952,10.9552,-21.542281291076385,1.07400355843649,1100,muthoot-finance,Mid Cap,Feb-2025
352,7184,1,Ipca Laboratories Ltd.,Healthcare,Healthcare,Domestic Equities,62900.0,62900.0,0.0,8.5252,9.0784,-6.093584772647168,1.06525678708847,1100,ipca-laboratories,Mid Cap,Feb-2025
171461,6050,1,Titan Company Ltd.,Diamond  &  Jewellery,Diamond & Jewellery,Domestic Equities,27000.0,13000.0,107.6923076923077,8.3086,4.5373,83.11771317744032,1.03819177746015,1100,titan-company,Large Cap,Feb-2025
171440,6777,1,Greenply Industries Ltd.,Construction Materials,Construction Materials,Domestic Equities,300000.0,300000.0,0.0,8.177999999999999,8.4045,-2.694984829555606,1.02187280120226,1100,greenply-industries,Small Cap,Feb-2025
156921,98676,1,Eternal Ltd.,Retailing,Information Technology,Domestic Equities,367000.0,367000.0,0.0,8.1511,8.0868,0.7951229163575287,1.01851154192709,1100,eternal,Large Cap,Feb-2025
77009,96064,1,Max Healthcare Institute Ltd.,Healthcare,Healthcare,Domestic Equities,82750.0,82750.0,0.0,8.0938,8.781799999999999,-7.834384750278982,1.01135168480934,1100,max-healthcare-institute,Mid Cap,Feb-2025
189369,98614,1,Alivus Life Sciences Ltd.,Healthcare,Healthcare,Domestic Equities,91422.0,91422.0,0.0,8.0899,10.9729,-26.273820047571743,1.01086436469138,1100,alivus-life-sciences,Small Cap,Feb-2025
171387,6208,1,Pidilite Industries Ltd.,Chemicals,Chemicals,Domestic Equities,29870.0,29870.0,0.0,7.9391,8.5778,-7.445965165893353,0.992021320130207,1100,pidilite-industries,Large Cap,Feb-2025
120445,17045,1,Quess Corp Ltd.,IT,Information Technology,Domestic Equities,132762.0,132762.0,0.0,7.9292,7.91,0.2427307206068216,0.990784276753843,1100,quess-corp,Small Cap,Feb-2025
57445,86554,1,Dixon Technologies (India) Ltd.,Consumer Durables,Consumer Durables,Domestic Equities,5600.0,5600.0,0.0,7.8041,8.392100000000001,-7.006589530630005,0.975152546816156,1100,dixon-technologies-india,Mid Cap,Feb-2025
211056,110999,1,DOMS Industries Ltd.,FMCG,Fast Moving Consumer Goods,Domestic Equities,32000.0,32000.0,0.0,7.701,7.943200000000001,-3.049148957598956,0.962269802159278,1100,doms-industries,Small Cap,Feb-2025
171572,5156,1,Eicher Motors Ltd.,Automobile & Ancillaries,Automobile & Ancillaries,Domestic Equities,16120.0,,,7.695,,,0.961520078900876,1100,eicher-motors,Large Cap,Feb-2025
152441,8334,1,Gokaldas Exports Ltd.,Textile,Textile,Domestic Equities,94174.0,105500.0,-10.735545023696682,7.6615,9.993,-23.331331932352644,0.957334124041463,1100,gokaldas-exports,Small Cap,Feb-2025
60344,103918,1,Eureka Forbes Ltd.,Consumer Durables,Consumer Durables,Domestic Equities,157200.0,157200.0,0.0,7.6572,8.367,-8.4833273574758,0.956796822372942,1100,eureka-forbes,Small Cap,Feb-2025
152513,6479,1,KEC International Ltd.,Infrastructure,Infrastructure,Domestic Equities,110500.0,110500.0,0.0,7.5853,9.2908,-18.356869160890348,0.947812638659755,1100,kec-international,Small Cap,Feb-2025
133507,6902,1,TVS Motor Company Ltd.,Automobile & Ancillaries,Automobile & Ancillaries,Domestic Equities,33700.0,33700.0,0.0,7.4999,8.2831,-9.455397133923285,0.937141577615163,1100,tvs-motor-company,Large Cap,Feb-2025
152222,5634,1,Max Financial Services Ltd.,Finance,Finance,Domestic Equities,74000.0,74000.0,0.0,7.3859,8.256599999999999,-10.545502991546153,0.92289683570552,1100,max-financial-services,Mid Cap,Feb-2025
171765,6852,1,Ceat Ltd.,Automobile & Ancillaries,Automobile & Ancillaries,Domestic Equities,29000.0,21000.0,38.095238095238095,7.3443,5.999,22.425404234039004,0.917698754447265,1100,ceat,Small Cap,Feb-2025
195761,102061,1,Campus Activewear Ltd.,FMCG,Retailing,Domestic Equities,275000.0,275000.0,0.0,7.1679,7.4993,-4.419079114050644,0.895656890650239,1100,campus-activewear,Small Cap,Feb-2025
114697,5402,1,JSW Energy Ltd.,Power,Power,Domestic Equities,148000.0,73000.0,102.73972602739728,6.8687000000000005,3.7128,85.00053867700929,0.858270690831247,1100,jsw-energy,Large Cap,Feb-2025
222979,112566,1,Vishal Mega Mart Ltd.,Retailing,Retailing,Domestic Equities,678303.0,678303.0,0.0,6.7973,7.3223,-7.1698783169222775,0.84934898405626,1100,vishal-mega-mart,Mid Cap,Feb-2025
191468,99702,1,SJS Enterprises Ltd.,Automobile & Ancillaries,Automobile & Ancillaries,Domestic Equities,79600.0,79600.0,0.0,6.7891,7.863300000000001,-13.66093116121731,0.848324362269777,1100,sjs-enterprises,Small Cap,Feb-2025
171877,6125,1,Cummins India Ltd.,Automobile & Ancillaries,Automobile & Ancillaries,Domestic Equities,24476.0,24476.0,0.0,6.6525,7.1324000000000005,-6.72845045146094,0.831255662753486,1100,cummins-india,Large Cap,Feb-2025
152205,8185,1,Trent Ltd.,Retailing,Retailing,Domestic Equities,13560.0,13560.0,0.0,6.5787,7.8013,-15.671747016522886,0.822034066675139,1100,trent,Large Cap,Feb-2025
19255,6350,1,Mphasis Ltd.,IT,Information Technology,Domestic Equities,29000.0,35000.0,-17.142857142857142,6.517,10.0378,-35.075414931558704,0.814324412501236,1100,mphasis,Mid Cap,Feb-2025
42557,112281,1,Inventurus Knowledge Solutions Ltd.,IT,Information Technology,Domestic Equities,35671.0,35671.0,0.0,6.402100000000001,6.2822000000000005,1.908567062494032,0.799967212102833,1100,inventurus-knowledge-solutions,Mid Cap,Feb-2025
79,7951,1,Balkrishna Industries Ltd.,Automobile & Ancillaries,Automobile & Ancillaries,Domestic Equities,24200.0,24200.0,0.0,6.3299,6.7064,-5.614040319694617,0.790945542226726,1100,balkrishna-industries,Mid Cap,Feb-2025
152473,5056,1,Suzlon Energy Ltd.,Capital Goods,Capital Goods,Domestic Equities,1260000.0,1260000.0,0.0,6.2635000000000005,7.329400000000001,-14.542800229213851,0.782648604833741,1100,suzlon-energy,Mid Cap,Feb-2025
543,5039,1,Karur Vysya Bank Ltd.,Bank,Banking,Domestic Equities,310000.0,310000.0,0.0,6.234400000000001,7.3848,-15.577943884736207,0.77901244703049,1100,karur-vysya-bank,Small Cap,Feb-2025
152343,5043,1,Hindalco Industries Ltd.,Non - Ferrous Metals,Non - Ferrous Metals,Domestic Equities,98000.0,,,6.2166,,,0.776788268030563,1100,hindalco-industries,Large Cap,Feb-2025
77639,92991,1,SBI Cards And Payment Services Ltd.,Finance,Finance,Domestic Equities,73000.0,,,6.123200000000001,,,0.765117575974768,1100,sbi-cards-and-payment-services,Mid Cap,Feb-2025
177212,94646,1,Hitachi Energy India Ltd.,Capital Goods,Capital Goods,Domestic Equities,5400.0,5400.0,0.0,6.093500000000001,6.9463,-12.27703957502555,0.761406445845677,1100,hitachi-energy-india,Mid Cap,Feb-2025
171840,6541,1,UNO Minda Ltd.,Automobile & Ancillaries,Automobile & Ancillaries,Domestic Equities,73000.0,,,6.0291,,,0.753359416205493,1100,uno-minda,Mid Cap,Feb-2025
171514,5399,1,Cholamandalam Investment and Finance Company Ltd.,Finance,Finance,Domestic Equities,43000.0,43000.0,0.0,6.0232,5.5292,8.934384721116997,0.752622188334731,1100,cholamandalam-investment-and-finance-company,Large Cap,Feb-2025
133664,7760,1,NTPC Ltd.,Power,Power,Domestic Equities,192000.0,183600.0,4.57516339869281,5.9798,5.9486,0.5244931580539967,0.747199190098955,1100,ntpc,Large Cap,Feb-2025
171717,5016,1,Hindustan Unilever Ltd.,FMCG,Fast Moving Consumer Goods,Domestic Equities,26500.0,,,5.8042,,,0.725257289403049,1100,hindustan-unilever,Large Cap,Feb-2025
214487,111750,1,Awfis Space Solutions Ltd.,Business Services,Other,Domestic Equities,88702.0,88702.0,0.0,5.794,5.8894,-1.6198594084287157,0.723982759863765,1100,awfis-space-solutions,Small Cap,Feb-2025
26837,16127,1,Crompton Greaves Consumer Electricals Ltd.,Consumer Durables,Consumer Durables,Domestic Equities,170000.0,170000.0,0.0,5.4596,5.8378,-6.478467915995741,0.68219818359548,1100,crompton-greaves-consumer-electricals,Small Cap,Feb-2025
133495,5019,1,Ajanta Pharma Ltd.,Healthcare,Healthcare,Domestic Equities,21753.0,21753.0,0.0,5.4077,5.8612,-7.737323415000345,0.675713077410301,1100,ajanta-pharma,Mid Cap,Feb-2025
152256,5774,1,Oil & Natural Gas Corporation Ltd.,Crude Oil,Crude Oil,Domestic Equities,230000.0,330000.0,-30.303030303030305,5.1808000000000005,8.6661,-40.217629614244,0.647361042855056,1100,oil-natural-gas-corporation,Large Cap,Feb-2025
96732,87407,1,Amber Enterprises India Ltd.,Consumer Durables,Consumer Durables,Domestic Equities,9000.0,9000.0,0.0,5.065799999999999,5.8516,-13.428805796705172,0.632991347069013,1100,amber-enterprises-india,Small Cap,Feb-2025
56674,5695,1,Supreme Industries Ltd.,Plastic Products,Plastic Products,Domestic Equities,15010.0,15010.0,0.0,4.9968,5.9572,-16.12166789767005,0.624369529597387,1100,supreme-industries,Mid Cap,Feb-2025
58513,104175,1,Aadhar Housing Finance Ltd.,Finance,Finance,Domestic Equities,125000.0,125000.0,0.0,4.7588,4.9813,-4.46670547848955,0.594630507014098,1100,aadhar-housing-finance,Small Cap,Feb-2025
171365,5279,1,Hindustan Petroleum Corporation Ltd.,Crude Oil,Crude Oil,Domestic Equities,160000.0,160000.0,0.0,4.7,5.732,-18.00418702023727,0.587283219081756,1100,hindustan-petroleum-corporation,Mid Cap,Feb-2025
58504,98271,1,Krishna Institute of Medical Sciences Ltd,Healthcare,Healthcare,Domestic Equities,85000.0,85000.0,0.0,4.4289,5.1782,-14.47027924761501,0.553408223189615,1100,krishna-institute-of-medical-sciences,Small Cap,Feb-2025
133589,7782,1,Cera Sanitaryware Ltd.,Construction Materials,Construction Materials,Domestic Equities,8300.0,8300.0,0.0,4.3917,5.5512,-20.8873757025508,0.548759938987521,1100,cera-sanitaryware,Small Cap,Feb-2025
152211,6247,1,Lupin Ltd.,Healthcare,Healthcare,Domestic Equities,17500.0,17500.0,0.0,3.3331,3.6408,-8.451439244122167,0.416483765430086,1100,lupin,Mid Cap,Feb-2025
171875,5051,1,HDFC Bank Ltd.,Bank,Banking,Domestic Equities,363500.0,363500.0,0.0,66.4551,62.9727,5.530015387620346,7.72695535395053,1100,hdfc-bank,Large Cap,Mar-2025
171888,8748,1,ICICI Bank Ltd.,Bank,Banking,Domestic Equities,428434.0,428434.0,0.0,57.7679,51.587700000000005,11.979987477635165,6.71686573628629,1100,icici-bank,Large Cap,Mar-2025
171889,4926,1,Infosys Ltd.,IT,Information Technology,Domestic Equities,196500.0,196500.0,0.0,30.8633,33.1633,-6.935377359912915,3.58857847141275,1100,infosys,Large Cap,Mar-2025
133593,6508,1,Bharti Airtel Ltd.,Telecom,Telecom,Domestic Equities,159000.0,159000.0,0.0,27.5611,24.9662,10.393652217798472,3.20462070188392,1100,bharti-airtel,Large Cap,Mar-2025
152372,4964,1,Larsen & Toubro Ltd.,Infrastructure,Infrastructure,Domestic Equities,67750.0,67750.0,0.0,23.660300000000003,21.4351,10.381103890348072,2.75106172078705,1100,larsen-toubro,Large Cap,Mar-2025
171531,4897,1,Reliance Industries Ltd.,Crude Oil,Crude Oil,Domestic Equities,178000.0,178000.0,0.0,22.6968,21.3618,6.249473358986603,2.63903237340015,1100,reliance-industries,Large Cap,Mar-2025
133350,8843,1,State Bank Of India,Bank,Banking,Domestic Equities,273516.0,273516.0,0.0,21.1018,18.8398,12.00649688425566,2.45357642209542,1100,state-bank-of-india,Large Cap,Mar-2025
96486,15829,1,Interglobe Aviation Ltd.,Aviation,Aviation,Domestic Equities,34431.0,34431.0,0.0,17.6127,15.4158,14.250963297396185,2.04788716836668,1100,interglobe-aviation,Large Cap,Mar-2025
171400,5889,1,Axis Bank Ltd.,Bank,Banking,Domestic Equities,156100.0,156100.0,0.0,17.2022,15.8527,8.512745462917993,2.000156968987,1100,axis-bank,Large Cap,Mar-2025
171492,5886,1,Kotak Mahindra Bank Ltd.,Bank,Banking,Domestic Equities,77000.0,51000.0,50.98039215686274,16.7182,9.705,72.26378155589902,1.94388068031522,1100,kotak-mahindra-bank,Large Cap,Mar-2025
133625,7239,1,Maruti Suzuki India Ltd.,Automobile & Ancillaries,Automobile & Ancillaries,Domestic Equities,13350.0,13350.0,0.0,15.3821,15.9477,-3.546592925625636,1.78852789251694,1100,maruti-suzuki-india,Large Cap,Mar-2025
133664,7760,1,NTPC Ltd.,Power,Power,Domestic Equities,428000.0,192000.0,122.91666666666669,15.3053,5.9798,155.9500317736379,1.77959810125662,1100,ntpc,Large Cap,Mar-2025
420,5071,1,Sun Pharmaceutical Industries Ltd.,Healthcare,Healthcare,Domestic Equities,85018.0,85018.0,0.0,14.7481,13.5455,8.878225240854896,1.71481060528985,1100,sun-pharmaceutical-industries,Large Cap,Mar-2025
171484,6114,1,Bajaj Finance Ltd.,Finance,Finance,Domestic Equities,15400.0,12600.0,22.22222222222222,13.7762,10.7482,28.172159059191305,1.60180456198386,1100,bajaj-finance,Large Cap,Mar-2025
171528,8219,1,HCL Technologies Ltd.,IT,Information Technology,Domestic Equities,83000.0,83000.0,0.0,13.2178,13.0729,1.1083998194738742,1.53687753802864,1100,hcl-technologies,Large Cap,Mar-2025
171915,6797,1,Tata Consultancy Services Ltd.,IT,Information Technology,Domestic Equities,34201.0,34201.0,0.0,12.3334,11.9131,3.5280489545122578,1.43404541054657,1100,tata-consultancy-services,Large Cap,Mar-2025
171336,8097,1,JK Cement Ltd.,Construction Materials,Construction Materials,Domestic Equities,25000.0,25000.0,0.0,12.331600000000002,10.9734,12.377203054659464,1.43383611856391,1100,jk-cement,Mid Cap,Mar-2025
171839,6306,1,Solar Industries India Ltd.,Chemicals,Chemicals,Domestic Equities,10900.0,10900.0,0.0,12.255999999999998,9.4946,29.083900322288443,1.42504585529203,1100,solar-industries-india,Mid Cap,Mar-2025
133309,5981,1,Bharat Electronics Ltd.,Capital Goods,Capital Goods,Domestic Equities,406000.0,406000.0,0.0,12.2336,9.9978,22.362919842365315,1.42244133284111,1100,bharat-electronics,Large Cap,Mar-2025
19089,7012,1,Gabriel India Ltd.,Automobile & Ancillaries,Automobile & Ancillaries,Domestic Equities,205408.0,205408.0,0.0,11.9054,9.5289,24.939919612966868,1.3842804280021,1100,gabriel-india,Small Cap,Mar-2025
56728,7719,1,Shriram Finance Ltd.,Finance,Finance,Domestic Equities,170000.0,170000.0,0.0,11.152,10.4941,6.269236999838,1.296680105925,1100,shriram-finance,Large Cap,Mar-2025
171942,7813,1,Jindal Steel & Power Ltd.,Iron & Steel,Iron & Steel,Domestic Equities,122174.0,122174.0,0.0,11.1459,10.4599,6.558380099236122,1.29597083865042,1100,jindal-steel-power,Mid Cap,Mar-2025
133334,5159,1,CG Power and Industrial Solutions Ltd.,Capital Goods,Capital Goods,Domestic Equities,169000.0,169000.0,0.0,10.7907,9.6769,11.509884363794178,1.25467055407146,1100,cg-power-and-industrial-solutions,Large Cap,Mar-2025
171369,7531,1,Tech Mahindra Ltd.,IT,Information Technology,Domestic Equities,75400.0,75400.0,0.0,10.693599999999998,11.2184,-4.678028952435287,1.24338041433999,1100,tech-mahindra,Large Cap,Mar-2025
133330,5128,1,Cipla Ltd.,Healthcare,Healthcare,Domestic Equities,73500.0,73500.0,0.0,10.6002,10.3451,2.465901731254409,1.23252048590622,1100,cipla,Large Cap,Mar-2025
152513,6479,1,KEC International Ltd.,Infrastructure,Infrastructure,Domestic Equities,134500.0,110500.0,21.71945701357466,10.528,7.5853,38.79477410254045,1.22412555193493,1100,kec-international,Small Cap,Mar-2025
114697,5402,1,JSW Energy Ltd.,Power,Power,Domestic Equities,193000.0,148000.0,30.405405405405407,10.3815,6.8687000000000005,51.14213752238416,1.20709151001259,1100,jsw-energy,Large Cap,Mar-2025
189369,98614,1,Alivus Life Sciences Ltd.,Healthcare,Healthcare,Domestic Equities,91422.0,91422.0,0.0,9.8841,8.0899,22.17827167208494,1.1492571588032,1100,alivus-life-sciences,Small Cap,Mar-2025
152343,5043,1,Hindalco Industries Ltd.,Non - Ferrous Metals,Non - Ferrous Metals,Domestic Equities,143000.0,98000.0,45.91836734693878,9.759,6.2166,56.98291670688158,1.13471136600808,1100,hindalco-industries,Large Cap,Mar-2025
77293,6578,1,Muthoot Finance Ltd.,Finance,Finance,Domestic Equities,40300.0,40300.0,0.0,9.6031,8.5952,11.726312360387189,1.11658435484293,1100,muthoot-finance,Mid Cap,Mar-2025
352,7184,1,Ipca Laboratories Ltd.,Healthcare,Healthcare,Domestic Equities,62900.0,62900.0,0.0,9.447,8.5252,10.81264955660865,1.09843408901304,1100,ipca-laboratories,Mid Cap,Mar-2025
152473,5056,1,Suzlon Energy Ltd.,Capital Goods,Capital Goods,Domestic Equities,1660000.0,1260000.0,31.746031746031743,9.4056,6.2635000000000005,50.16524307495808,1.09362037341178,1100,suzlon-energy,Mid Cap,Mar-2025
152572,7512,1,Info Edge (India) Ltd.,IT,Information Technology,Domestic Equities,13076.0,13076.0,0.0,9.3904,9.1436,2.6991556935998897,1.09185301889151,1100,info-edge-india,Large Cap,Mar-2025
211056,110999,1,DOMS Industries Ltd.,FMCG,Fast Moving Consumer Goods,Domestic Equities,32000.0,32000.0,0.0,9.2072,7.701,19.55849889624724,1.0705517459893,1100,doms-industries,Small Cap,Mar-2025
77009,96064,1,Max Healthcare Institute Ltd.,Healthcare,Healthcare,Domestic Equities,82750.0,82750.0,0.0,9.0773,8.0938,12.151276285551909,1.0554478412404,1100,max-healthcare-institute,Mid Cap,Mar-2025
120445,17045,1,Quess Corp Ltd.,IT,Information Technology,Domestic Equities,132762.0,132762.0,0.0,8.6455,7.9292,9.033698229329566,1.00524102006587,1100,quess-corp,Small Cap,Mar-2025
171572,5156,1,Eicher Motors Ltd.,Automobile & Ancillaries,Automobile & Ancillaries,Domestic Equities,16120.0,16120.0,0.0,8.6205,7.695,12.027290448343074,1.00233418697332,1100,eicher-motors,Large Cap,Mar-2025
171440,6777,1,Greenply Industries Ltd.,Construction Materials,Construction Materials,Domestic Equities,300000.0,300000.0,0.0,8.586,8.177999999999999,4.988994864270001,0.998322757305598,1100,greenply-industries,Small Cap,Mar-2025
60344,103918,1,Eureka Forbes Ltd.,Consumer Durables,Consumer Durables,Domestic Equities,157200.0,157200.0,0.0,8.5242,7.6572,11.322676696442556,0.991137065900813,1100,eureka-forbes,Small Cap,Mar-2025
171387,6208,1,Pidilite Industries Ltd.,Chemicals,Chemicals,Domestic Equities,29870.0,29870.0,0.0,8.5109,7.9391,7.202327719766732,0.989590630695576,1100,pidilite-industries,Large Cap,Mar-2025
152222,5634,1,Max Financial Services Ltd.,Finance,Finance,Domestic Equities,74000.0,74000.0,0.0,8.493,7.3859,14.98937164055835,0.98750933820131,1100,max-financial-services,Mid Cap,Mar-2025
171765,6852,1,Ceat Ltd.,Automobile & Ancillaries,Automobile & Ancillaries,Domestic Equities,29000.0,29000.0,0.0,8.3506,7.3443,13.70178233459962,0.970952016906141,1100,ceat,Small Cap,Mar-2025
152408,5535,1,ITC Ltd.,FMCG,Fast Moving Consumer Goods,Domestic Equities,203000.0,317000.0,-35.96214511041009,8.3179,12.5215,-33.571057780617345,0.967149879221085,1100,itc,Large Cap,Mar-2025
133507,6902,1,TVS Motor Company Ltd.,Automobile & Ancillaries,Automobile & Ancillaries,Domestic Equities,33700.0,33700.0,0.0,8.1549,7.4999,8.73344977933039,0.948197327457655,1100,tvs-motor-company,Large Cap,Mar-2025
152441,8334,1,Gokaldas Exports Ltd.,Textile,Textile,Domestic Equities,94174.0,94174.0,0.0,7.5937,7.6615,-0.8849442015271125,0.882944738196078,1100,gokaldas-exports,Small Cap,Mar-2025
171877,6125,1,Cummins India Ltd.,Automobile & Ancillaries,Automobile & Ancillaries,Domestic Equities,24476.0,24476.0,0.0,7.4697,6.6525,12.284103720405868,0.868526846057026,1100,cummins-india,Large Cap,Mar-2025
57445,86554,1,Dixon Technologies (India) Ltd.,Consumer Durables,Consumer Durables,Domestic Equities,5600.0,5600.0,0.0,7.3805,7.8041,-5.42791609538576,0.858155265582806,1100,dixon-technologies-india,Mid Cap,Mar-2025
19255,6350,1,Mphasis Ltd.,IT,Information Technology,Domestic Equities,29000.0,29000.0,0.0,7.250599999999999,6.517,11.256713211600411,0.843051360833912,1100,mphasis,Mid Cap,Mar-2025
152205,8185,1,Trent Ltd.,Retailing,Retailing,Domestic Equities,13560.0,13560.0,0.0,7.2209,6.5787,9.761807043944856,0.839598043119962,1100,trent,Large Cap,Mar-2025
191468,99702,1,SJS Enterprises Ltd.,Automobile & Ancillaries,Automobile & Ancillaries,Domestic Equities,79600.0,79600.0,0.0,7.1907000000000005,6.7891,5.915364334005992,0.836086588744161,1100,sjs-enterprises,Small Cap,Mar-2025
222979,112566,1,Vishal Mega Mart Ltd.,Retailing,Retailing,Domestic Equities,678303.0,678303.0,0.0,7.0706,6.7973,4.020714107071915,0.822122162567548,1100,vishal-mega-mart,Mid Cap,Mar-2025
177212,94646,1,Hitachi Energy India Ltd.,Capital Goods,Capital Goods,Domestic Equities,5400.0,5400.0,0.0,6.832999999999999,6.093500000000001,12.135882497743486,0.794495620855946,1100,hitachi-energy-india,Mid Cap,Mar-2025
171514,5399,1,Cholamandalam Investment and Finance Company Ltd.,Finance,Finance,Domestic Equities,43000.0,43000.0,0.0,6.5358,6.0232,8.510426351441092,0.759939189051704,1100,cholamandalam-investment-and-finance-company,Large Cap,Mar-2025
96732,87407,1,Amber Enterprises India Ltd.,Consumer Durables,Consumer Durables,Domestic Equities,9000.0,9000.0,0.0,6.4898,5.065799999999999,28.11007145959178,0.754590616161411,1100,amber-enterprises-india,Small Cap,Mar-2025
543,5039,1,Karur Vysya Bank Ltd.,Bank,Banking,Domestic Equities,310000.0,310000.0,0.0,6.4864,6.234400000000001,4.042089054279471,0.754195286860824,1100,karur-vysya-bank,Small Cap,Mar-2025
77639,92991,1,SBI Cards And Payment Services Ltd.,Finance,Finance,Domestic Equities,73000.0,73000.0,0.0,6.432,6.123200000000001,5.043114711262084,0.747870018051434,1100,sbi-cards-and-payment-services,Mid Cap,Mar-2025
56635,7585,1,ITD Cementation India Ltd.,Infrastructure,Infrastructure,Domestic Equities,115000.0,175000.0,-34.285714285714285,6.409,9.3888,-31.73781526925699,0.745195731606287,1100,itd-cementation-india,Small Cap,Mar-2025
171840,6541,1,UNO Minda Ltd.,Automobile & Ancillaries,Automobile & Ancillaries,Domestic Equities,73000.0,73000.0,0.0,6.3912,6.0291,6.0058715231129085,0.743126066444391,1100,uno-minda,Mid Cap,Mar-2025
195761,102061,1,Campus Activewear Ltd.,FMCG,Retailing,Domestic Equities,275000.0,275000.0,0.0,6.3401,7.1679,-11.548710221961798,0.737184499603217,1100,campus-activewear,Small Cap,Mar-2025
26837,16127,1,Crompton Greaves Consumer Electricals Ltd.,Consumer Durables,Consumer Durables,Domestic Equities,170000.0,170000.0,0.0,6.0172,5.4596,10.21320243241263,0.699639843379833,1100,crompton-greaves-consumer-electricals,Small Cap,Mar-2025
171717,5016,1,Hindustan Unilever Ltd.,FMCG,Fast Moving Consumer Goods,Domestic Equities,26500.0,26500.0,0.0,5.986000000000001,5.8042,3.13221460321837,0.69601211568033,1100,hindustan-unilever,Large Cap,Mar-2025
214487,111750,1,Awfis Space Solutions Ltd.,Business Services,Other,Domestic Equities,88702.0,88702.0,0.0,5.8774,5.794,1.4394200897480207,0.68338483272629,1100,awfis-space-solutions,Small Cap,Mar-2025
171365,5279,1,Hindustan Petroleum Corporation Ltd.,Crude Oil,Crude Oil,Domestic Equities,160000.0,160000.0,0.0,5.765599999999999,4.7,22.672340425531903,0.670385475136403,1100,hindustan-petroleum-corporation,Mid Cap,Mar-2025
133298,5393,1,Balrampur Chini Mills Ltd.,Agri,Agriculture,Domestic Equities,104388.0,,,5.715199999999999,,,0.664525299621821,1100,balrampur-chini-mills,Small Cap,Mar-2025
152256,5774,1,Oil & Natural Gas Corporation Ltd.,Crude Oil,Crude Oil,Domestic Equities,230000.0,230000.0,0.0,5.6667,5.1808000000000005,9.378860407659031,0.658886043422273,1100,oil-natural-gas-corporation,Large Cap,Mar-2025
42557,112281,1,Inventurus Knowledge Solutions Ltd.,IT,Information Technology,Domestic Equities,35671.0,35671.0,0.0,5.4539,6.402100000000001,-14.81076521766296,0.634143080138482,1100,inventurus-knowledge-solutions,Mid Cap,Mar-2025
58504,98271,1,Krishna Institute of Medical Sciences Ltd,Healthcare,Healthcare,Domestic Equities,85000.0,85000.0,0.0,5.436599999999999,4.4289,22.75282801598591,0.632131551638436,1100,krishna-institute-of-medical-sciences,Small Cap,Mar-2025
58513,104175,1,Aadhar Housing Finance Ltd.,Finance,Finance,Domestic Equities,125000.0,125000.0,0.0,5.310599999999999,4.7588,11.59536017483398,0.617481112851981,1100,aadhar-housing-finance,Small Cap,Mar-2025
133495,5019,1,Ajanta Pharma Ltd.,Healthcare,Healthcare,Domestic Equities,19953.0,21753.0,-8.274720728175424,5.2337,5.4077,-3.2176341143184675,0.608539694259295,1100,ajanta-pharma,Mid Cap,Mar-2025
56674,5695,1,Supreme Industries Ltd.,Plastic Products,Plastic Products,Domestic Equities,15010.0,15010.0,0.0,5.142799999999999,4.9968,2.921869996797944,0.597970449134781,1100,supreme-industries,Mid Cap,Mar-2025
76200,82667,1,BSE Ltd.,Finance,Finance,Domestic Equities,9000.0,,,4.9318,,,0.573436777833654,1100,bse,Mid Cap,Mar-2025
133589,7782,1,Cera Sanitaryware Ltd.,Construction Materials,Construction Materials,Domestic Equities,8300.0,8300.0,0.0,4.6802,4.3917,6.569210100872091,0.544182409590224,1100,cera-sanitaryware,Small Cap,Mar-2025
156921,98676,1,Eternal Ltd.,Retailing,Information Technology,Domestic Equities,192000.0,367000.0,-47.68392370572207,3.8726,8.1511,-52.489847995976,0.450280073368467,1100,eternal,Large Cap,Mar-2025
152211,6247,1,Lupin Ltd.,Healthcare,Healthcare,Domestic Equities,17500.0,17500.0,0.0,3.5489,3.3331,6.474453211724816,0.412642398486121,1100,lupin,Mid Cap,Mar-2025
171875,5051,1,HDFC Bank Ltd.,Bank,Banking,Domestic Equities,363500.0,363500.0,0.0,69.9738,66.4551,5.294853216683142,8.02588238046879,1100,hdfc-bank,Large Cap,Apr-2025
171888,8748,1,ICICI Bank Ltd.,Bank,Banking,Domestic Equities,371434.0,428434.0,-13.304266234705931,53.0036,57.7679,-8.247313819612627,6.07942771925229,1100,icici-bank,Large Cap,Apr-2025
171531,4897,1,Reliance Industries Ltd.,Crude Oil,Crude Oil,Domestic Equities,233000.0,178000.0,30.89887640449438,32.7365,22.6968,44.233988932360525,3.75482392764458,1100,reliance-industries,Large Cap,Apr-2025
133593,6508,1,Bharti Airtel Ltd.,Telecom,Telecom,Domestic Equities,159000.0,159000.0,0.0,29.6456,27.5611,7.56319595371737,3.40030266611826,1100,bharti-airtel,Large Cap,Apr-2025
171889,4926,1,Infosys Ltd.,IT,Information Technology,Domestic Equities,196500.0,196500.0,0.0,29.477,30.8633,-4.49174261987539,3.38096451713468,1100,infosys,Large Cap,Apr-2025
152372,4964,1,Larsen & Toubro Ltd.,Infrastructure,Infrastructure,Domestic Equities,67750.0,67750.0,0.0,22.6353,23.660300000000003,-4.332151325215657,2.59623252483966,1100,larsen-toubro,Large Cap,Apr-2025
171400,5889,1,Axis Bank Ltd.,Bank,Banking,Domestic Equities,188600.0,156100.0,20.8199871877002,22.3491,17.2022,29.920010231249485,2.56340584489245,1100,axis-bank,Large Cap,Apr-2025
133350,8843,1,State Bank Of India,Bank,Banking,Domestic Equities,273516.0,273516.0,0.0,21.5708,21.1018,2.222559212958141,2.47413608597241,1100,state-bank-of-india,Large Cap,Apr-2025
96486,15829,1,Interglobe Aviation Ltd.,Aviation,Aviation,Domestic Equities,34431.0,34431.0,0.0,18.0746,17.6127,2.622539417579364,2.07312756594641,1100,interglobe-aviation,Large Cap,Apr-2025
171492,5886,1,Kotak Mahindra Bank Ltd.,Bank,Banking,Domestic Equities,77000.0,77000.0,0.0,17.0024,16.7182,1.6999437738512562,1.95014794945655,1100,kotak-mahindra-bank,Large Cap,Apr-2025
420,5071,1,Sun Pharmaceutical Industries Ltd.,Healthcare,Healthcare,Domestic Equities,85018.0,85018.0,0.0,15.5778,14.7481,5.625809426298983,1.7867486194328,1100,sun-pharmaceutical-industries,Large Cap,Apr-2025
133664,7760,1,NTPC Ltd.,Power,Power,Domestic Equities,428000.0,428000.0,0.0,15.1747,15.3053,-0.8532991839428137,1.74051369739674,1100,ntpc,Large Cap,Apr-2025
171484,6114,1,Bajaj Finance Ltd.,Finance,Finance,Domestic Equities,15400.0,15400.0,0.0,13.2971,13.7762,-3.4777369666526226,1.52515599554879,1100,bajaj-finance,Large Cap,Apr-2025
152408,5535,1,ITC Ltd.,FMCG,Fast Moving Consumer Goods,Domestic Equities,308000.0,203000.0,51.72413793103448,13.1146,8.3179,57.66719965375877,1.50422353890879,1100,itc,Large Cap,Apr-2025
171336,8097,1,JK Cement Ltd.,Construction Materials,Construction Materials,Domestic Equities,25000.0,25000.0,0.0,12.7818,12.331600000000002,3.650783353336143,1.46605191386885,1100,jk-cement,Mid Cap,Apr-2025
133309,5981,1,Bharat Electronics Ltd.,Capital Goods,Capital Goods,Domestic Equities,406000.0,406000.0,0.0,12.7525,12.2336,4.24159691341879,1.46269125096719,1100,bharat-electronics,Large Cap,Apr-2025
171915,6797,1,Tata Consultancy Services Ltd.,IT,Information Technology,Domestic Equities,34201.0,34201.0,0.0,11.812,12.3334,-4.227544715974498,1.35481741277589,1100,tata-consultancy-services,Large Cap,Apr-2025
133330,5128,1,Cipla Ltd.,Healthcare,Healthcare,Domestic Equities,73500.0,73500.0,0.0,11.3932,10.6002,7.48099092469953,1.30678172597682,1100,cipla,Large Cap,Apr-2025
171369,7531,1,Tech Mahindra Ltd.,IT,Information Technology,Domestic Equities,75400.0,75400.0,0.0,11.3326,10.693599999999998,5.975536769656626,1.29983100338842,1100,tech-mahindra,Large Cap,Apr-2025
19089,7012,1,Gabriel India Ltd.,Automobile & Ancillaries,Automobile & Ancillaries,Domestic Equities,205408.0,205408.0,0.0,11.1228,11.9054,-6.573487661061367,1.27576728063187,1100,gabriel-india,Small Cap,Apr-2025
2469,110949,1,JIO Financial Services Ltd.,Finance,Finance,Domestic Equities,422500.0,,,11.0027,,,1.26199200368687,1100,jio-financial-services,Large Cap,Apr-2025
171942,7813,1,Jindal Steel & Power Ltd.,Iron & Steel,Iron & Steel,Domestic Equities,122174.0,122174.0,0.0,10.9425,11.1459,-1.8248862810540123,1.25508716045548,1100,jindal-steel-power,Mid Cap,Apr-2025
171839,6306,1,Solar Industries India Ltd.,Chemicals,Chemicals,Domestic Equities,8200.0,10900.0,-24.770642201834864,10.800999999999998,12.255999999999998,-11.8717362924282,1.23885733790995,1100,solar-industries-india,Mid Cap,Apr-2025
171717,5016,1,Hindustan Unilever Ltd.,FMCG,Fast Moving Consumer Goods,Domestic Equities,45500.0,26500.0,71.69811320754717,10.6566,5.986000000000001,78.02539258269296,1.22229489002603,1100,hindustan-unilever,Large Cap,Apr-2025
133334,5159,1,CG Power and Industrial Solutions Ltd.,Capital Goods,Capital Goods,Domestic Equities,169000.0,169000.0,0.0,10.5929,10.7907,-1.83305994977156,1.21498860242073,1100,cg-power-and-industrial-solutions,Large Cap,Apr-2025
133625,7239,1,Maruti Suzuki India Ltd.,Automobile & Ancillaries,Automobile & Ancillaries,Domestic Equities,8450.0,13350.0,-36.70411985018727,10.3572,15.3821,-32.66719108574252,1.18795419129719,1100,maruti-suzuki-india,Large Cap,Apr-2025
189369,98614,1,Alivus Life Sciences Ltd.,Healthcare,Healthcare,Domestic Equities,91422.0,91422.0,0.0,10.093,9.8841,2.113495411823028,1.15765087598603,1100,alivus-life-sciences,Small Cap,Apr-2025
171765,6852,1,Ceat Ltd.,Automobile & Ancillaries,Automobile & Ancillaries,Domestic Equities,29000.0,29000.0,0.0,9.6628,8.3506,15.713840921610428,1.10830762751192,1100,ceat,Small Cap,Apr-2025
152222,5634,1,Max Financial Services Ltd.,Finance,Finance,Domestic Equities,74000.0,74000.0,0.0,9.657,8.493,13.705404450724137,1.10764237683515,1100,max-financial-services,Mid Cap,Apr-2025
171840,6541,1,UNO Minda Ltd.,Automobile & Ancillaries,Automobile & Ancillaries,Domestic Equities,106000.0,73000.0,45.20547945205479,9.4785,6.3912,48.30548253849042,1.08716871376534,1100,uno-minda,Mid Cap,Apr-2025
152473,5056,1,Suzlon Energy Ltd.,Capital Goods,Capital Goods,Domestic Equities,1660000.0,1660000.0,0.0,9.3624,9.4056,-0.459300842051537,1.07385223039053,1100,suzlon-energy,Mid Cap,Apr-2025
152572,7512,1,Info Edge (India) Ltd.,IT,Information Technology,Domestic Equities,13076.0,13076.0,0.0,9.2441,9.3904,-1.557974101209746,1.06028341055211,1100,info-edge-india,Large Cap,Apr-2025
57445,86554,1,Dixon Technologies (India) Ltd.,Consumer Durables,Consumer Durables,Domestic Equities,5600.0,5600.0,0.0,9.2131,7.3805,24.83029605040309,1.05672776038313,1100,dixon-technologies-india,Mid Cap,Apr-2025
133298,5393,1,Balrampur Chini Mills Ltd.,Agri,Agriculture,Domestic Equities,165000.0,104388.0,58.06414530405794,9.0899,5.715199999999999,59.047802351623744,1.04259691842123,1100,balrampur-chini-mills,Small Cap,Apr-2025
77009,96064,1,Max Healthcare Institute Ltd.,Healthcare,Healthcare,Domestic Equities,82750.0,82750.0,0.0,9.0876,9.0773,0.1134698643869843,1.04233311211837,1100,max-healthcare-institute,Mid Cap,Apr-2025
171387,6208,1,Pidilite Industries Ltd.,Chemicals,Chemicals,Domestic Equities,29870.0,29870.0,0.0,9.0623,8.5109,6.478750778413563,1.03943124278691,1100,pidilite-industries,Large Cap,Apr-2025
133507,6902,1,TVS Motor Company Ltd.,Automobile & Ancillaries,Automobile & Ancillaries,Domestic Equities,33700.0,33700.0,0.0,9.0046,8.1549,10.419502385069103,1.03281314553689,1100,tvs-motor-company,Large Cap,Apr-2025
152343,5043,1,Hindalco Industries Ltd.,Non - Ferrous Metals,Non - Ferrous Metals,Domestic Equities,143000.0,143000.0,0.0,8.9325,9.759,-8.46910544113126,1.02454339143419,1100,hindalco-industries,Large Cap,Apr-2025
76200,82667,1,BSE Ltd.,Finance,Finance,Domestic Equities,14000.0,9000.0,55.55555555555556,8.9026,4.9318,80.51421387728618,1.021113909497,1100,bse,Mid Cap,Apr-2025
352,7184,1,Ipca Laboratories Ltd.,Healthcare,Healthcare,Domestic Equities,62900.0,62900.0,0.0,8.8135,9.447,-6.705832539430509,1.01089428272099,1100,ipca-laboratories,Mid Cap,Apr-2025
211056,110999,1,DOMS Industries Ltd.,FMCG,Fast Moving Consumer Goods,Domestic Equities,32000.0,32000.0,0.0,8.7872,9.2072,-4.561647406377618,1.00787771499698,1100,doms-industries,Small Cap,Apr-2025
56728,7719,1,Shriram Finance Ltd.,Finance,Finance,Domestic Equities,143500.0,170000.0,-15.588235294117649,8.777899999999999,11.152,-21.288558106169305,1.00681101994628,1100,shriram-finance,Large Cap,Apr-2025
171440,6777,1,Greenply Industries Ltd.,Construction Materials,Construction Materials,Domestic Equities,300000.0,300000.0,0.0,8.712,8.586,1.4675052410901497,0.999252395877373,1100,greenply-industries,Small Cap,Apr-2025
114530,88033,1,HDFC Asset Management Company Ltd.,Finance,Finance,Domestic Equities,19500.0,,,8.5301,,,0.978388758272908,1100,hdfc-asset-management-company,Mid Cap,Apr-2025
222979,112566,1,Vishal Mega Mart Ltd.,Retailing,Retailing,Domestic Equities,678303.0,678303.0,0.0,8.0365,7.0706,13.660792577716183,0.921773631711261,1100,vishal-mega-mart,Mid Cap,Apr-2025
152441,8334,1,Gokaldas Exports Ltd.,Textile,Textile,Domestic Equities,94174.0,94174.0,0.0,7.9911,7.5937,5.233285486653411,0.916566324689586,1100,gokaldas-exports,Small Cap,Apr-2025
177212,94646,1,Hitachi Energy India Ltd.,Capital Goods,Capital Goods,Domestic Equities,5400.0,5400.0,0.0,7.845700000000001,6.832999999999999,14.820722962095727,0.89988917841312,1100,hitachi-energy-india,Mid Cap,Apr-2025
60344,103918,1,Eureka Forbes Ltd.,Consumer Durables,Consumer Durables,Domestic Equities,157200.0,157200.0,0.0,7.746,8.5242,-9.129302456535504,0.888453748676094,1100,eureka-forbes,Small Cap,Apr-2025
114697,5402,1,JSW Energy Ltd.,Power,Power,Domestic Equities,150000.0,193000.0,-22.279792746113987,7.188,10.3815,-30.76145065741946,0.824452045634361,1100,jsw-energy,Large Cap,Apr-2025
19255,6350,1,Mphasis Ltd.,IT,Information Technology,Domestic Equities,29000.0,29000.0,0.0,7.1601,7.250599999999999,-1.248172565029095,0.821251960482275,1100,mphasis,Mid Cap,Apr-2025
171877,6125,1,Cummins India Ltd.,Automobile & Ancillaries,Automobile & Ancillaries,Domestic Equities,24476.0,24476.0,0.0,7.086799999999999,7.4697,-5.126042545216016,0.812844568308513,1100,cummins-india,Large Cap,Apr-2025
543,5039,1,Karur Vysya Bank Ltd.,Bank,Banking,Domestic Equities,310000.0,310000.0,0.0,6.7633,6.4864,4.268931919092263,0.775739638319265,1100,karur-vysya-bank,Small Cap,Apr-2025
195761,102061,1,Campus Activewear Ltd.,FMCG,Retailing,Domestic Equities,275000.0,275000.0,0.0,6.6737,6.3401,5.261746660147319,0.765462662346972,1100,campus-activewear,Small Cap,Apr-2025
171514,5399,1,Cholamandalam Investment and Finance Company Ltd.,Finance,Finance,Domestic Equities,43000.0,43000.0,0.0,6.4165,6.5358,-1.825331252486316,0.735962235783651,1100,cholamandalam-investment-and-finance-company,Large Cap,Apr-2025
77639,92991,1,SBI Cards And Payment Services Ltd.,Finance,Finance,Domestic Equities,73000.0,73000.0,0.0,6.376900000000001,6.432,-0.8566542288557198,0.731420179438753,1100,sbi-cards-and-payment-services,Mid Cap,Apr-2025
171365,5279,1,Hindustan Petroleum Corporation Ltd.,Crude Oil,Crude Oil,Domestic Equities,160000.0,160000.0,0.0,6.0592,5.765599999999999,5.092271402802834,0.694980500126283,1100,hindustan-petroleum-corporation,Mid Cap,Apr-2025
58513,104175,1,Aadhar Housing Finance Ltd.,Finance,Finance,Domestic Equities,125000.0,125000.0,0.0,5.8381,5.310599999999999,9.93296426015893,0.669620685533941,1100,aadhar-housing-finance,Small Cap,Apr-2025
214487,111750,1,Awfis Space Solutions Ltd.,Business Services,Other,Domestic Equities,88702.0,88702.0,0.0,5.6836,5.8774,-3.297376390921155,0.651899783885289,1100,awfis-space-solutions,Small Cap,Apr-2025
152256,5774,1,Oil & Natural Gas Corporation Ltd.,Crude Oil,Crude Oil,Domestic Equities,230000.0,230000.0,0.0,5.6224,5.6667,-0.7817601072934777,0.644880242261357,1100,oil-natural-gas-corporation,Large Cap,Apr-2025
58504,98271,1,Krishna Institute of Medical Sciences Ltd,Healthcare,Healthcare,Domestic Equities,85000.0,85000.0,0.0,5.583200000000001,5.436599999999999,2.696538277599986,0.640384065273479,1100,krishna-institute-of-medical-sciences,Small Cap,Apr-2025
152513,6479,1,KEC International Ltd.,Infrastructure,Infrastructure,Domestic Equities,79500.0,134500.0,-40.89219330855018,5.550700000000001,10.528,-47.27678571428571,0.636656367515672,1100,kec-international,Small Cap,Apr-2025
96732,87407,1,Amber Enterprises India Ltd.,Consumer Durables,Consumer Durables,Domestic Equities,9000.0,9000.0,0.0,5.54,6.4898,-14.635273814293202,0.635429094715409,1100,amber-enterprises-india,Small Cap,Apr-2025
133495,5019,1,Ajanta Pharma Ltd.,Healthcare,Healthcare,Domestic Equities,19953.0,19953.0,0.0,5.399500000000001,5.2337,3.167930909299356,0.619313970562428,1100,ajanta-pharma,Mid Cap,Apr-2025
56674,5695,1,Supreme Industries Ltd.,Plastic Products,Plastic Products,Domestic Equities,15010.0,15010.0,0.0,5.312,5.142799999999999,3.290036555961747,0.609277861214486,1100,supreme-industries,Mid Cap,Apr-2025
42557,112281,1,Inventurus Knowledge Solutions Ltd.,IT,Information Technology,Domestic Equities,35671.0,35671.0,0.0,5.2658000000000005,5.4539,-3.448908120794284,0.603978795478773,1100,inventurus-knowledge-solutions,Mid Cap,Apr-2025
156921,98676,1,Eternal Ltd.,Retailing,Information Technology,Domestic Equities,192000.0,192000.0,0.0,4.4644,3.8726,15.281722873521666,0.51205950369088,1100,eternal,Large Cap,Apr-2025
120445,17045,1,Quess Corp Ltd.,IT,Information Technology,Domestic Equities,132762.0,132762.0,0.0,4.3944,8.6455,-49.17124515643977,0.504030616212526,1100,quess-corp,Small Cap,Apr-2025
178941,94376,1,Cohance Lifesciences Ltd.,Healthcare,Healthcare,Domestic Equities,33233.0,,,3.7789,,,0.433433755599289,1100,cohance-lifesciences,Small Cap,Apr-2025
152211,6247,1,Lupin Ltd.,Healthcare,Healthcare,Domestic Equities,17500.0,17500.0,0.0,3.6673,3.5489,3.3362450336724145,0.420633414990942,1100,lupin,Mid Cap,Apr-2025
228114,113136,1,Bluspring Enterprises Ltd.,Others,,Domestic Equities,132762.0,,,2.3257,,,0.266754051548669,1100,bluspring-enterprises,,Apr-2025
228122,113137,1,Digitide Solutions Ltd.,Others,,Domestic Equities,132762.0,,,1.9346,,,0.221895510223182,1100,digitide-solutions,,Apr-2025
171875,5051,1,HDFC Bank Ltd.,Bank,Banking,Domestic Equities,363500.0,363500.0,0.0,70.6971,69.9738,1.03367260317433,7.819402225867,1100,hdfc-bank,Large Cap,May-2025
171888,8748,1,ICICI Bank Ltd.,Bank,Banking,Domestic Equities,371434.0,371434.0,0.0,53.7019,53.0036,1.3174576821197037,5.9396602745132,1100,icici-bank,Large Cap,May-2025
171531,4897,1,Reliance Industries Ltd.,Crude Oil,Crude Oil,Domestic Equities,233000.0,233000.0,0.0,33.107,32.7365,1.1317642386938045,3.66177607697881,1100,reliance-industries,Large Cap,May-2025
171889,4926,1,Infosys Ltd.,IT,Information Technology,Domestic Equities,196500.0,196500.0,0.0,30.7071,29.477,4.173084099467389,3.39633685242988,1100,infosys,Large Cap,May-2025
133593,6508,1,Bharti Airtel Ltd.,Telecom,Telecom,Domestic Equities,159000.0,159000.0,0.0,29.5136,29.6456,-0.4452600048573757,3.26433063779629,1100,bharti-airtel,Large Cap,May-2025
152372,4964,1,Larsen & Toubro Ltd.,Infrastructure,Infrastructure,Domestic Equities,67750.0,67750.0,0.0,24.8988,22.6353,9.9998674636519,2.75391398149878,1100,larsen-toubro,Large Cap,May-2025
171400,5889,1,Axis Bank Ltd.,Bank,Banking,Domestic Equities,188600.0,188600.0,0.0,22.4849,22.3491,0.6076307323337373,2.48692629695415,1100,axis-bank,Large Cap,May-2025
133350,8843,1,State Bank Of India,Bank,Banking,Domestic Equities,273516.0,273516.0,0.0,22.2177,21.5708,2.9989615591447727,2.45737283189332,1100,state-bank-of-india,Large Cap,May-2025
133309,5981,1,Bharat Electronics Ltd.,Capital Goods,Capital Goods,Domestic Equities,506000.0,406000.0,24.63054187192118,19.4608,12.7525,52.603803175847865,2.15244787745399,1100,bharat-electronics,Large Cap,May-2025
2469,110949,1,JIO Financial Services Ltd.,Finance,Finance,Domestic Equities,612500.0,422500.0,44.97041420118343,17.5573,11.0027,59.57265034945968,1.94191262018123,1100,jio-financial-services,Large Cap,May-2025
171492,5886,1,Kotak Mahindra Bank Ltd.,Bank,Banking,Domestic Equities,77000.0,77000.0,0.0,15.9752,17.0024,-6.041500023526092,1.76692558023838,1100,kotak-mahindra-bank,Large Cap,May-2025
96486,15829,1,Interglobe Aviation Ltd.,Aviation,Aviation,Domestic Equities,29731.0,34431.0,-13.650489384566232,15.8466,18.0746,-12.326690493842186,1.752701869135,1100,interglobe-aviation,Large Cap,May-2025
133334,5159,1,CG Power and Industrial Solutions Ltd.,Capital Goods,Capital Goods,Domestic Equities,214000.0,169000.0,26.627218934911244,14.6954,10.5929,38.72877115803982,1.62537421577414,1100,cg-power-and-industrial-solutions,Large Cap,May-2025
133664,7760,1,NTPC Ltd.,Power,Power,Domestic Equities,428000.0,428000.0,0.0,14.2909,15.1747,-5.82416785834317,1.5806347823269,1100,ntpc,Large Cap,May-2025
152222,5634,1,Max Financial Services Ltd.,Finance,Finance,Domestic Equities,92000.0,74000.0,24.324324324324326,13.8248,9.657,43.15833074453764,1.52908212489856,1100,max-financial-services,Mid Cap,May-2025
171336,8097,1,JK Cement Ltd.,Construction Materials,Construction Materials,Domestic Equities,25000.0,25000.0,0.0,13.7438,12.7818,7.526326495485772,1.52012317778057,1100,jk-cement,Mid Cap,May-2025
19089,7012,1,Gabriel India Ltd.,Automobile & Ancillaries,Automobile & Ancillaries,Domestic Equities,205408.0,205408.0,0.0,13.5271,11.1228,21.61596001006941,1.49615522913281,1100,gabriel-india,Small Cap,May-2025
152441,8334,1,Gokaldas Exports Ltd.,Textile,Textile,Domestic Equities,134174.0,94174.0,42.47456835219912,13.2946,7.9911,66.36758393713006,1.47043973277562,1100,gokaldas-exports,Small Cap,May-2025
152408,5535,1,ITC Ltd.,FMCG,Fast Moving Consumer Goods,Domestic Equities,308000.0,308000.0,0.0,12.8759,13.1146,-1.820108886279423,1.42412971847559,1100,itc,Large Cap,May-2025
60344,103918,1,Eureka Forbes Ltd.,Consumer Durables,Consumer Durables,Domestic Equities,189200.0,157200.0,20.35623409669211,12.1476,7.746,56.82416731216111,1.34357661741347,1100,eureka-forbes,Small Cap,May-2025
171369,7531,1,Tech Mahindra Ltd.,IT,Information Technology,Domestic Equities,75400.0,75400.0,0.0,11.8672,11.3326,4.717364064733603,1.31256317578527,1100,tech-mahindra,Large Cap,May-2025
152473,5056,1,Suzlon Energy Ltd.,Capital Goods,Capital Goods,Domestic Equities,1660000.0,1660000.0,0.0,11.8657,9.3624,26.737802272921463,1.31239726935716,1100,suzlon-energy,Mid Cap,May-2025
171915,6797,1,Tata Consultancy Services Ltd.,IT,Information Technology,Domestic Equities,34201.0,34201.0,0.0,11.8452,11.812,0.2810700982052097,1.31012988150631,1100,tata-consultancy-services,Large Cap,May-2025
171942,7813,1,Jindal Steel & Power Ltd.,Iron & Steel,Iron & Steel,Domestic Equities,122174.0,122174.0,0.0,11.5931,10.9425,5.945624857208128,1.28224654115514,1100,jindal-steel-power,Mid Cap,May-2025
133507,6902,1,TVS Motor Company Ltd.,Automobile & Ancillaries,Automobile & Ancillaries,Domestic Equities,41200.0,33700.0,22.25519287833828,11.4569,9.0046,27.233858250227662,1.26718223748266,1100,tvs-motor-company,Large Cap,May-2025
171765,6852,1,Ceat Ltd.,Automobile & Ancillaries,Automobile & Ancillaries,Domestic Equities,29000.0,29000.0,0.0,10.9582,9.6628,13.406052076002812,1.21202388035005,1100,ceat,Small Cap,May-2025
171717,5016,1,Hindustan Unilever Ltd.,FMCG,Fast Moving Consumer Goods,Domestic Equities,45500.0,45500.0,0.0,10.6848,10.6566,0.2646247395979896,1.1817846687197,1100,hindustan-unilever,Large Cap,May-2025
171840,6541,1,UNO Minda Ltd.,Automobile & Ancillaries,Automobile & Ancillaries,Domestic Equities,106000.0,106000.0,0.0,10.6705,9.4785,12.57582950888853,1.18020302743838,1100,uno-minda,Mid Cap,May-2025
152572,7512,1,Info Edge (India) Ltd.,IT,Information Technology,Domestic Equities,74480.0,13076.0,469.593147751606,10.632,9.2441,15.013900758321531,1.1759447624502,1100,info-edge-india,Large Cap,May-2025
177212,94646,1,Hitachi Energy India Ltd.,Capital Goods,Capital Goods,Domestic Equities,5400.0,5400.0,0.0,10.4209,7.845700000000001,32.823075060224056,1.15259619780072,1100,hitachi-energy-india,Mid Cap,May-2025
133625,7239,1,Maruti Suzuki India Ltd.,Automobile & Ancillaries,Automobile & Ancillaries,Domestic Equities,8450.0,8450.0,0.0,10.4096,10.3572,0.5059282431545213,1.15134636937562,1100,maruti-suzuki-india,Large Cap,May-2025
57445,86554,1,Dixon Technologies (India) Ltd.,Consumer Durables,Consumer Durables,Domestic Equities,6750.0,5600.0,20.535714285714285,9.9171,9.2131,7.6412933757367325,1.09687375881253,1100,dixon-technologies-india,Mid Cap,May-2025
133298,5393,1,Balrampur Chini Mills Ltd.,Agri,Agriculture,Domestic Equities,165000.0,165000.0,0.0,9.74,9.0899,7.151893860218483,1.07728573986691,1100,balrampur-chini-mills,Small Cap,May-2025
211056,110999,1,DOMS Industries Ltd.,FMCG,Fast Moving Consumer Goods,Domestic Equities,39200.0,32000.0,22.5,9.5954,8.7872,9.197469045884915,1.06129236019701,1100,doms-industries,Small Cap,May-2025
134703,87891,1,Hindustan Aeronautics Ltd.,Capital Goods,Capital Goods,Domestic Equities,19000.0,,,9.4508,,,1.04529898052712,1100,hindustan-aeronautics,Large Cap,May-2025
114530,88033,1,HDFC Asset Management Company Ltd.,Finance,Finance,Domestic Equities,19500.0,19500.0,0.0,9.3269,8.5301,9.341039378201904,1.03159510956516,1100,hdfc-asset-management-company,Mid Cap,May-2025
77009,96064,1,Max Healthcare Institute Ltd.,Healthcare,Healthcare,Domestic Equities,82750.0,82750.0,0.0,9.311,9.0876,2.4582948193142338,1.02983650142718,1100,max-healthcare-institute,Mid Cap,May-2025
171387,6208,1,Pidilite Industries Ltd.,Chemicals,Chemicals,Domestic Equities,29870.0,29870.0,0.0,9.2812,9.0623,2.4155015834832203,1.02654049372205,1100,pidilite-industries,Large Cap,May-2025
420,5071,1,Sun Pharmaceutical Industries Ltd.,Healthcare,Healthcare,Domestic Equities,55018.0,85018.0,-35.28664518102049,9.2298,15.5778,-40.75029850171398,1.02085543345211,1100,sun-pharmaceutical-industries,Large Cap,May-2025
171484,6114,1,Bajaj Finance Ltd.,Finance,Finance,Domestic Equities,9900.0,15400.0,-35.714285714285715,9.0887,13.2971,-31.649006174278604,1.00524916878114,1100,bajaj-finance,Large Cap,May-2025
152343,5043,1,Hindalco Industries Ltd.,Non - Ferrous Metals,Non - Ferrous Metals,Domestic Equities,143000.0,143000.0,0.0,9.0591,8.9325,1.4172963895885773,1.00197528193309,1100,hindalco-industries,Large Cap,May-2025
133330,5128,1,Cipla Ltd.,Healthcare,Healthcare,Domestic Equities,58500.0,73500.0,-20.40816326530612,8.5743,11.3932,-24.741951339395428,0.948354324367639,1100,cipla,Large Cap,May-2025
222979,112566,1,Vishal Mega Mart Ltd.,Retailing,Retailing,Domestic Equities,678303.0,678303.0,0.0,8.4557,8.0365,5.216201082560826,0.935236656118336,1100,vishal-mega-mart,Mid Cap,May-2025
56674,5695,1,Supreme Industries Ltd.,Plastic Products,Plastic Products,Domestic Equities,20010.0,15010.0,33.311125916055964,8.2965,5.312,56.18411144578312,0.917628453881497,1100,supreme-industries,Mid Cap,May-2025
195761,102061,1,Campus Activewear Ltd.,FMCG,Retailing,Domestic Equities,275000.0,275000.0,0.0,8.0212,6.6737,20.191198285808472,0.887179094108873,1100,campus-activewear,Small Cap,May-2025
171877,6125,1,Cummins India Ltd.,Automobile & Ancillaries,Automobile & Ancillaries,Domestic Equities,24476.0,24476.0,0.0,7.999,7.086799999999999,12.871818027882828,0.884723678972831,1100,cummins-india,Large Cap,May-2025
352,7184,1,Ipca Laboratories Ltd.,Healthcare,Healthcare,Domestic Equities,54430.0,62900.0,-13.465818759936408,7.755199999999999,8.8135,-12.007715436546212,0.857758354190536,1100,ipca-laboratories,Mid Cap,May-2025
171839,6306,1,Solar Industries India Ltd.,Chemicals,Chemicals,Domestic Equities,4800.0,8200.0,-41.46341463414634,7.7299,10.800999999999998,-28.43347838163132,0.854960065769732,1100,solar-industries-india,Mid Cap,May-2025
56728,7719,1,Shriram Finance Ltd.,Finance,Finance,Domestic Equities,117000.0,143500.0,-18.46689895470384,7.480399999999999,8.777899999999999,-14.78143975210472,0.827364296560616,1100,shriram-finance,Large Cap,May-2025
19255,6350,1,Mphasis Ltd.,IT,Information Technology,Domestic Equities,29000.0,29000.0,0.0,7.4205,7.1601,3.6368207147944807,0.82073909986472,1100,mphasis,Mid Cap,May-2025
189369,98614,1,Alivus Life Sciences Ltd.,Healthcare,Healthcare,Domestic Equities,70443.0,91422.0,-22.94743059657413,7.3324,10.093,-27.35162984246507,0.810994862320338,1100,alivus-life-sciences,Small Cap,May-2025
114697,5402,1,JSW Energy Ltd.,Power,Power,Domestic Equities,150000.0,150000.0,0.0,7.319299999999999,7.188,1.8266555370061208,0.809545946181503,1100,jsw-energy,Large Cap,May-2025
198435,104143,1,KFin Technologies Ltd.,Business Services,Finance,Domestic Equities,67550.0,,,7.2866,,,0.805929186048685,1100,kfin-technologies,Small Cap,May-2025
152362,5226,1,Tata Steel Ltd.,Iron & Steel,Iron & Steel,Domestic Equities,431000.0,,,6.94,,,0.767593740726522,1100,tata-steel,Large Cap,May-2025
171440,6777,1,Greenply Industries Ltd.,Construction Materials,Construction Materials,Domestic Equities,213000.0,300000.0,-29.0,6.8916,8.712,-20.89531680440772,0.76224049331281,1100,greenply-industries,Small Cap,May-2025
171514,5399,1,Cholamandalam Investment and Finance Company Ltd.,Finance,Finance,Domestic Equities,43000.0,43000.0,0.0,6.8843,6.4165,7.290578976077297,0.761433082029336,1100,cholamandalam-investment-and-finance-company,Large Cap,May-2025
543,5039,1,Karur Vysya Bank Ltd.,Bank,Banking,Domestic Equities,310000.0,310000.0,0.0,6.8724,6.7633,1.6131178566675983,0.76011689103299,1100,karur-vysya-bank,Small Cap,May-2025
133495,5019,1,Ajanta Pharma Ltd.,Healthcare,Healthcare,Domestic Equities,26953.0,19953.0,35.08244374279557,6.7674,5.399500000000001,25.3338272062228,0.748503441065225,1100,ajanta-pharma,Mid Cap,May-2025
77639,92991,1,SBI Cards And Payment Services Ltd.,Finance,Finance,Domestic Equities,73000.0,73000.0,0.0,6.7237,6.376900000000001,5.438379149743597,0.743670033792927,1100,sbi-cards-and-payment-services,Mid Cap,May-2025
152513,6479,1,KEC International Ltd.,Infrastructure,Infrastructure,Domestic Equities,79500.0,79500.0,0.0,6.6176,5.550700000000001,19.22099915325994,0.731934919111215,1100,kec-international,Small Cap,May-2025
76200,82667,1,BSE Ltd.,Finance,Finance,Domestic Equities,24700.0,14000.0,76.42857142857142,6.6048,8.9026,-25.810437400310025,0.730519184258002,1100,bse,Mid Cap,May-2025
171365,5279,1,Hindustan Petroleum Corporation Ltd.,Crude Oil,Crude Oil,Domestic Equities,160000.0,160000.0,0.0,6.5768,6.0592,8.542381832585159,0.727422264266598,1100,hindustan-petroleum-corporation,Mid Cap,May-2025
171394,82477,1,Endurance Technologies Ltd.,Automobile & Ancillaries,Automobile & Ancillaries,Domestic Equities,25000.0,,,6.0795,,,0.672418753133558,1100,endurance-technologies,Mid Cap,May-2025
58504,98271,1,Krishna Institute of Medical Sciences Ltd,Healthcare,Healthcare,Domestic Equities,85000.0,85000.0,0.0,5.8161000000000005,5.583200000000001,4.171442900128952,0.64328558435728,1100,krishna-institute-of-medical-sciences,Small Cap,May-2025
214487,111750,1,Awfis Space Solutions Ltd.,Business Services,Other,Domestic Equities,88702.0,88702.0,0.0,5.7177,5.6836,0.5999718488282019,0.632402122673204,1100,awfis-space-solutions,Small Cap,May-2025
58513,104175,1,Aadhar Housing Finance Ltd.,Finance,Finance,Domestic Equities,125000.0,125000.0,0.0,5.5531,5.8381,-4.881725218821193,0.614196657295165,1100,aadhar-housing-finance,Small Cap,May-2025
42557,112281,1,Inventurus Knowledge Solutions Ltd.,IT,Information Technology,Domestic Equities,35671.0,35671.0,0.0,5.3706,5.2658000000000005,1.9902009191385743,0.594011375208337,1100,inventurus-knowledge-solutions,Mid Cap,May-2025
156921,98676,1,Eternal Ltd.,Retailing,Information Technology,Domestic Equities,192000.0,192000.0,0.0,4.5756,4.4644,2.4908162351043823,0.50608096830955,1100,eternal,Large Cap,May-2025
178941,94376,1,Cohance Lifesciences Ltd.,Healthcare,Healthcare,Domestic Equities,33233.0,33233.0,0.0,3.4818,3.7789,-7.862076265579926,0.385102000931067,1100,cohance-lifesciences,Small Cap,May-2025
152211,6247,1,Lupin Ltd.,Healthcare,Healthcare,Domestic Equities,17500.0,17500.0,0.0,3.426,3.6673,-6.579772584735362,0.378930281805341,1100,lupin,Mid Cap,May-2025
228114,113136,1,Bluspring Enterprises Ltd.,Others,Other,Domestic Equities,132762.0,132762.0,0.0,2.1693,2.3257,-6.724857032291348,0.239933876334012,1100,bluspring-enterprises,,May-2025
228122,113137,1,Digitide Solutions Ltd.,Others,Other,Domestic Equities,132762.0,132762.0,0.0,1.8446,1.9346,-4.652124470174713,0.204020664862268,1100,digitide-solutions,,May-2025
