CompanyID,SecurityID,MfSchemeAssetAllocationID,Name,SectorName,EquitySectorName,Type,NoOfShare,PrevNoOfShare,SharesZG,MarketValue,PrevMarketValue,MarketValueZG,HoldingPercentage,Priority,SecuritySlug,McapCategory,Month
77009,96064,1,Max Healthcare Institute Ltd.,Healthcare,Healthcare,Domestic Equities,97622.0,95665.0,2.0456802383316783,10.3601,10.7924,-4.005596530892111,2.45092031609836,1100,max-healthcare-institute,Mid Cap,Jan-2025
76200,82667,1,BSE Ltd.,Finance,Finance,Domestic Equities,17830.0,17472.0,2.048992673992674,9.4605,9.3045,1.6766080928582845,2.23809921240611,1100,bse,Mid Cap,Jan-2025
152473,5056,1,Suzlon Energy Ltd.,Capital Goods,Capital Goods,Domestic Equities,1556298.0,1527671.0,1.8738982411788927,9.052999999999999,9.5052,-4.757395951689604,2.1416957000066,1100,suzlon-energy,Mid Cap,Jan-2025
152406,5107,1,The Indian Hotels Company Ltd.,Hospitality,Hospitality,Domestic Equities,115643.0,113323.0,2.047245484147084,8.843200000000001,9.944700000000001,-11.076251671744746,2.09206267693565,1100,the-indian-hotels-company,Mid Cap,Jan-2025
95548,5980,1,Persistent Systems Ltd.,IT,Information Technology,Domestic Equities,13863.0,13586.0,2.0388635359929337,8.363,8.7734,-4.677776004741614,1.978460304778,1100,persistent-systems,Mid Cap,Jan-2025
57445,86554,1,Dixon Technologies (India) Ltd.,Consumer Durables,Consumer Durables,Domestic Equities,5017.0,4917.0,2.033760423022168,7.5185,8.8193,-14.749469912578089,1.77867437540038,1100,dixon-technologies-india,Mid Cap,Jan-2025
157113,99763,1,PB Fintech Ltd.,IT,Information Technology,Domestic Equities,43441.0,42569.0,2.048439004909676,7.5014,8.9772,-16.439424319386895,1.77462897647515,1100,pb-fintech,Mid Cap,Jan-2025
133657,7260,1,Coforge Ltd.,IT,Information Technology,Domestic Equities,8753.0,8579.0,2.028208415899289,7.233300000000001,8.2898,-12.74457767376776,1.71120374537256,1100,coforge,Mid Cap,Jan-2025
152211,6247,1,Lupin Ltd.,Healthcare,Healthcare,Domestic Equities,31707.0,31072.0,2.043640576725026,6.5965,7.3196,-9.878955134160345,1.56055403568912,1100,lupin,Mid Cap,Jan-2025
171685,5596,1,The Federal Bank Ltd.,Bank,Banking,Domestic Equities,321876.0,315422.0,2.0461477005408626,6.0258,6.3091,-4.490339351096025,1.4255418037225,1100,the-federal-bank,Mid Cap,Jan-2025
38803,5403,1,Indus Towers Ltd.,Telecom,Telecom,Domestic Equities,163258.0,159984.0,2.0464546454645465,5.6683,5.4683,3.65744381251943,1.34096694315116,1100,indus-towers,Large Cap,Jan-2025
165,7447,1,SRF Ltd.,Chemicals,Chemicals,Domestic Equities,19070.0,18688.0,2.0440924657534243,5.3584000000000005,4.182300000000001,28.120890419147358,1.26765295912022,1100,srf,Mid Cap,Jan-2025
133334,5159,1,CG Power and Industrial Solutions Ltd.,Capital Goods,Capital Goods,Domestic Equities,84110.0,82424.0,2.045520722119771,5.339700000000001,6.0005,-11.012415632030653,1.26322904333649,1100,cg-power-and-industrial-solutions,Large Cap,Jan-2025
171877,6125,1,Cummins India Ltd.,Automobile & Ancillaries,Automobile & Ancillaries,Domestic Equities,17811.0,17454.0,2.045376418013063,5.1902,5.7144,-9.173316533669338,1.22786137437029,1100,cummins-india,Large Cap,Jan-2025
114530,88033,1,HDFC Asset Management Company Ltd.,Finance,Finance,Domestic Equities,13314.0,13047.0,2.0464474591860196,5.1524,5.4785,-5.952359222414897,1.21891891358821,1100,hdfc-asset-management-company,Mid Cap,Jan-2025
7737,15826,1,IDFC First Bank Ltd.,Bank,Banking,Domestic Equities,814099.0,797776.0,2.0460630552937165,5.1484000000000005,5.0372,2.2075756372587954,1.21797262144195,1100,idfc-first-bank,Mid Cap,Jan-2025
171820,5969,1,Colgate-Palmolive (India) Ltd.,FMCG,Fast Moving Consumer Goods,Domestic Equities,17409.0,17060.0,2.045720984759672,4.912,4.5732,7.408379253039446,1.16204675559841,1100,colgate-palmolive-india,Mid Cap,Jan-2025
152455,7030,1,Yes Bank Ltd.,Bank,Banking,Domestic Equities,2476591.0,2426936.0,2.0459954444616586,4.7625,4.7544,0.1703685007571938,1.12667908663222,1100,yes-bank,Mid Cap,Jan-2025
101370,86936,1,Tube Investments of India Ltd.,Automobile & Ancillaries,Automobile & Ancillaries,Domestic Equities,14020.0,13740.0,2.037845705967977,4.6575999999999995,4.9138,-5.213887419105378,1.10186257509674,1100,tube-investments-of-india,Mid Cap,Jan-2025
171327,5699,1,Marico Ltd.,FMCG,Fast Moving Consumer Goods,Domestic Equities,69313.0,67923.0,2.0464349336748966,4.6485,4.3437,7.017059189170527,1.09970976046401,1100,marico,Mid Cap,Jan-2025
171946,6864,1,Godrej Properties Ltd.,Realty,Realty,Domestic Equities,19818.0,19421.0,2.044178981514855,4.616499999999999,5.4117,-14.694088733669638,1.09213942329399,1100,godrej-properties,Mid Cap,Jan-2025
171365,5279,1,Hindustan Petroleum Corporation Ltd.,Crude Oil,Crude Oil,Domestic Equities,126187.0,123657.0,2.045982030940424,4.5206,5.0545,-10.562864773963792,1.06945206908758,1100,hindustan-petroleum-corporation,Mid Cap,Jan-2025
141614,85778,1,AU Small Finance Bank Ltd.,Bank,Banking,Domestic Equities,73696.0,72217.0,2.0479942395834776,4.4288,4.0377,9.686207494365608,1.04773466433108,1100,au-small-finance-bank,Mid Cap,Jan-2025
152636,5140,1,Fortis Healthcare Ltd.,Healthcare,Healthcare,Domestic Equities,68449.0,67076.0,2.046931838511539,4.382099999999999,4.8285,-9.245107176141667,1.03668670352358,1100,fortis-healthcare,Mid Cap,Jan-2025
171465,6543,1,Aurobindo Pharma Ltd.,Healthcare,Healthcare,Domestic Equities,36741.0,36004.0,2.04699477835796,4.3057,4.8047,-10.38566403729682,1.01861252353015,1100,aurobindo-pharma,Mid Cap,Jan-2025
19255,6350,1,Mphasis Ltd.,IT,Information Technology,Domestic Equities,14870.0,14571.0,2.0520211378766042,4.2646,4.1487,2.7936462024248496,1.0088893717274,1100,mphasis,Mid Cap,Jan-2025
152369,6790,1,Bharat Forge Ltd.,Automobile & Ancillaries,Automobile & Ancillaries,Domestic Equities,34387.0,33698.0,2.044631728885987,4.2091,4.3791,-3.8820762257084787,0.995759568198144,1100,bharat-forge,Mid Cap,Jan-2025
599,7495,1,Sundaram Finance Ltd.,Finance,Finance,Domestic Equities,9041.0,8860.0,2.0428893905191874,4.1742,3.6713,13.698145071228183,0.987503169222088,1100,sundaram-finance,Mid Cap,Jan-2025
171659,5756,1,Ashok Leyland Ltd.,Automobile & Ancillaries,Automobile & Ancillaries,Domestic Equities,188172.0,184398.0,2.0466599420818015,4.0801,4.066,0.34677816035414855,0.965241646481492,1100,ashok-leyland,Mid Cap,Jan-2025
122,5767,1,The Phoenix Mills Ltd.,Realty,Realty,Domestic Equities,24496.0,24004.0,2.0496583902682888,4.0218,3.9223000000000003,2.536776891109805,0.951449438449858,1100,the-phoenix-mills,Mid Cap,Jan-2025
171635,7381,1,UPL Ltd.,Chemicals,Chemicals,Domestic Equities,66476.0,65142.0,2.04783396272758,4.0135000000000005,3.2636000000000003,22.977693344772646,0.949485882246383,1100,upl,Mid Cap,Jan-2025
134131,90516,1,Polycab India Ltd.,Electricals,Electricals,Domestic Equities,6608.0,6476.0,2.038295243977764,3.9899,4.7096,-15.281552573466955,0.943902758583492,1100,polycab-india,Large Cap,Jan-2025
152379,5838,1,Voltas Ltd.,Consumer Durables,Consumer Durables,Domestic Equities,30005.0,29403.0,2.047410128218209,3.7832,5.263,-28.117043511305333,0.895003111925879,1100,voltas,Mid Cap,Jan-2025
152222,5634,1,Max Financial Services Ltd.,Finance,Finance,Domestic Equities,33889.0,33208.0,2.0507106721271984,3.7812,3.699,2.2222222222222294,0.894529965852753,1100,max-financial-services,Mid Cap,Jan-2025
152118,7308,1,PI Industries Ltd.,Chemicals,Chemicals,Domestic Equities,10666.0,10453.0,2.037692528460729,3.7157999999999998,3.8526,-3.550848777448997,0.87905808926152,1100,pi-industries,Mid Cap,Jan-2025
171321,7864,1,Page Industries Ltd.,Textile,Textile,Domestic Equities,818.0,801.0,2.1223470661672907,3.6584,3.8059,-3.875561627998634,0.865478796962793,1100,page-industries,Mid Cap,Jan-2025
152574,8059,1,Torrent Power Ltd.,Power,Power,Domestic Equities,24990.0,24488.0,2.049983665468801,3.6572000000000005,3.6388,0.5056612069913246,0.865194909318917,1100,torrent-power,Mid Cap,Jan-2025
587,7648,1,APL Apollo Tubes Ltd.,Iron & Steel,Iron & Steel,Domestic Equities,23786.0,23308.0,2.0507980092672042,3.5906000000000002,3.6552999999999995,-1.7700325554673955,0.849439145083808,1100,apl-apollo-tubes,Mid Cap,Jan-2025
756,88308,1,Rail Vikas Nigam Ltd.,Infrastructure,Infrastructure,Domestic Equities,74586.0,73090.0,2.046791626761527,3.5525,3.0894999999999997,14.986243728758703,0.84042571239075,1100,rail-vikas-nigam,Large Cap,Jan-2025
38931,15891,1,Alkem Laboratories Ltd.,Healthcare,Healthcare,Domestic Equities,6981.0,6842.0,2.0315697164571764,3.5345,3.8547000000000002,-8.306742418346444,0.836167397732613,1100,alkem-laboratories,Mid Cap,Jan-2025
96004,7992,1,Jubilant FoodWorks Ltd.,FMCG,Fast Moving Consumer Goods,Domestic Equities,50147.0,49141.0,2.0471703872530065,3.5298000000000003,3.5288,0.028338245295857725,0.835055504460766,1100,jubilant-foodworks,Mid Cap,Jan-2025
152795,99590,1,One97 Communications Ltd.,IT,Information Technology,Domestic Equities,44633.0,43738.0,2.0462755498651055,3.4624,4.4519,-22.22646510478672,0.819110481796406,1100,one97-communications,Mid Cap,Jan-2025
152551,7908,1,GMR Airports Ltd.,Infrastructure,Aviation,Domestic Equities,471079.0,461634.0,2.045993146085427,3.4233,3.6266000000000003,-5.605801577234887,0.809860476066785,1100,gmr-airports,Mid Cap,Jan-2025
56674,5695,1,Supreme Industries Ltd.,Plastic Products,Plastic Products,Domestic Equities,8490.0,8320.0,2.043269230769231,3.3695,3.9109,-13.84336086322841,0.797132846699686,1100,supreme-industries,Mid Cap,Jan-2025
1152,105806,1,Mankind Pharma Ltd.,Healthcare,Healthcare,Domestic Equities,13655.0,13381.0,2.047679545624393,3.3255,3.8543000000000003,-13.71974158731806,0.786723633090905,1100,mankind-pharma,Mid Cap,Jan-2025
171839,6306,1,Solar Industries India Ltd.,Chemicals,Chemicals,Domestic Equities,3199.0,3135.0,2.041467304625199,3.2613,3.0671,6.331713996935222,0.771535644143548,1100,solar-industries-india,Mid Cap,Jan-2025
113892,8292,1,KEI Industries Ltd.,Electricals,Electricals,Domestic Equities,8096.0,7935.0,2.0289855072463765,3.2575,3.5205,-7.470529754296268,0.770636666604608,1100,kei-industries,Mid Cap,Jan-2025
77293,6578,1,Muthoot Finance Ltd.,Finance,Finance,Domestic Equities,14083.0,13801.0,2.0433301934642416,3.1811000000000003,2.9481,7.903395407211428,0.75256248661118,1100,muthoot-finance,Mid Cap,Jan-2025
133642,6320,1,Petronet LNG Ltd.,Inds. Gases & Fuels,Industrials Gases & Fuels,Domestic Equities,98466.0,96491.0,2.0468230197635013,3.1135,3.3405,-6.795389911689862,0.736570149339508,1100,petronet-lng,Mid Cap,Jan-2025
152616,7532,1,Vodafone Idea Ltd.,Telecom,Telecom,Domestic Equities,3410251.0,3341876.0,2.0460064945557526,3.0863,2.6533999999999995,16.314916710635423,0.730135362744989,1100,vodafone-idea,Mid Cap,Jan-2025
77639,92991,1,SBI Cards And Payment Services Ltd.,Finance,Finance,Domestic Equities,39337.0,38547.0,2.0494461306975897,3.0612,2.5589,19.629528312946977,0.724197379527252,1100,sbi-cards-and-payment-services,Mid Cap,Jan-2025
152238,8313,1,MRF Ltd.,Automobile & Ancillaries,Automobile & Ancillaries,Domestic Equities,266.0,260.0,2.307692307692308,3.0225999999999997,3.3964999999999996,-11.008390990725744,0.715065660315913,1100,mrf,Mid Cap,Jan-2025
191600,99819,1,FSN E-Commerce Ventures Ltd.,Retailing,Information Technology,Domestic Equities,178930.0,175343.0,2.0457047044934784,3.0221,2.8714,5.248310928466948,0.714947373797632,1100,fsn-e-commerce-ventures,Mid Cap,Jan-2025
123299,91366,1,KPIT Technologies Ltd.,IT,Information Technology,Domestic Equities,21421.0,20991.0,2.0484969748940025,3.0186,3.0745999999999998,-1.8213751382293524,0.71411936816966,1100,kpit-technologies,Mid Cap,Jan-2025
153260,8051,1,Prestige Estates Projects Ltd.,Realty,Realty,Domestic Equities,22159.0,21714.0,2.049369070645666,3.0125,3.6784,-18.102979556328833,0.712676272646625,1100,prestige-estates-projects,Mid Cap,Jan-2025
677,6026,1,Oil India Ltd.,Crude Oil,Crude Oil,Domestic Equities,71640.0,70204.0,2.0454674947296447,3.0120999999999998,3.0239999999999996,-0.39351851851851777,0.712581643432,1100,oil-india,Mid Cap,Jan-2025
19275,7232,1,NMDC Ltd.,Mining,Mining,Domestic Equities,453988.0,444886.0,2.045917381081895,3.0008999999999997,2.9326999999999996,2.3255020970436777,0.709932025422492,1100,nmdc,Mid Cap,Jan-2025
1427,98308,1,Sona BLW Precision Forgings Ltd.,Automobile & Ancillaries,Automobile & Ancillaries,Domestic Equities,58859.0,57678.0,2.0475744651340197,2.9682999999999997,3.4307,-13.478298889439477,0.702219744430532,1100,sona-blw-precision-forgings,Mid Cap,Jan-2025
79,7951,1,Balkrishna Industries Ltd.,Automobile & Ancillaries,Automobile & Ancillaries,Domestic Equities,10557.0,10346.0,2.0394355306398606,2.9256,3.0107999999999997,-2.829812674372254,0.692118075769283,1100,balkrishna-industries,Mid Cap,Jan-2025
152323,7533,1,Tata Elxsi Ltd.,IT,Information Technology,Domestic Equities,4553.0,4462.0,2.039444195428059,2.8848000000000003,3.0326,-4.873705731055851,0.682465895877505,1100,tata-elxsi,Mid Cap,Jan-2025
171698,8307,1,Oracle Financial Services Software Ltd.,IT,Information Technology,Domestic Equities,3101.0,3039.0,2.040144784468575,2.8287,3.8867000000000003,-27.221035840172895,0.66919414852631,1100,oracle-financial-services-software,Mid Cap,Jan-2025
75891,5355,1,Container Corporation Of India Ltd.,Logistics,Logistics,Domestic Equities,36209.0,35482.0,2.0489262161095767,2.8247000000000004,2.7960000000000003,1.0264663805436354,0.668247856380057,1100,container-corporation-of-india,Mid Cap,Jan-2025
153691,5278,1,Oberoi Realty Ltd.,Realty,Realty,Domestic Equities,15461.0,15150.0,2.0528052805280526,2.8025,3.5019,-19.972015191753048,0.662995934968354,1100,oberoi-realty,Mid Cap,Jan-2025
133630,5815,1,Jindal Stainless Ltd.,Iron & Steel,Iron & Steel,Domestic Equities,42858.0,41998.0,2.04771655793133,2.7999,2.9364999999999997,-4.651796356206358,0.66238084507329,1100,jindal-stainless,Mid Cap,Jan-2025
19182,5589,1,Coromandel International Ltd.,Chemicals,Chemicals,Domestic Equities,15451.0,15140.0,2.0541611624834877,2.7958999999999996,2.8462,-1.7672686388869474,0.661434552927037,1100,coromandel-international,Mid Cap,Jan-2025
171336,8097,1,JK Cement Ltd.,Construction Materials,Construction Materials,Domestic Equities,5497.0,5387.0,2.0419528494523855,2.6576999999999997,2.4755000000000003,7.360129266814773,0.628740159274003,1100,jk-cement,Mid Cap,Jan-2025
152296,7356,1,Patanjali Foods Ltd.,FMCG,Fast Moving Consumer Goods,Domestic Equities,14416.0,14127.0,2.0457280385078223,2.6302999999999996,2.5174000000000003,4.484785890204164,0.622258058072172,1100,patanjali-foods,Mid Cap,Jan-2025
152608,7159,1,Indian Bank,Bank,Banking,Domestic Equities,46417.0,45486.0,2.046783625730994,2.5795999999999997,2.4105000000000003,7.015142086703991,0.610263805118418,1100,indian-bank,Mid Cap,Jan-2025
352,7184,1,Ipca Laboratories Ltd.,Healthcare,Healthcare,Domestic Equities,17840.0,17481.0,2.053658257536754,2.5748,2.9633999999999996,-13.113315785921564,0.609128254542914,1100,ipca-laboratories,Mid Cap,Jan-2025
171444,98250,1,Kalyan Jewellers India Ltd.,Diamond  &  Jewellery,Diamond & Jewellery,Domestic Equities,50378.0,49368.0,2.0458596661805215,2.5345,3.7828,-32.99936554932854,0.599594361169418,1100,kalyan-jewellers-india,Mid Cap,Jan-2025
171509,5522,1,Tata Communications Ltd.,Telecom,Telecom,Domestic Equities,15426.0,15117.0,2.044056360388966,2.5191,2.575,-2.1708737864077685,0.595951136406344,1100,tata-communications,Mid Cap,Jan-2025
171434,4916,1,Astral Ltd.,Plastic Products,Plastic Products,Domestic Equities,16238.0,15913.0,2.042355306981713,2.4476,2.6292,-6.907043967746852,0.579036164292076,1100,astral,Mid Cap,Jan-2025
152207,5372,1,LIC Housing Finance Ltd.,Finance,Finance,Domestic Equities,39505.0,38712.0,2.0484604257077907,2.3628,2.3152,2.0559778852798853,0.558974770791517,1100,lic-housing-finance,Mid Cap,Jan-2025
171886,6139,1,Exide Industries Ltd.,Automobile & Ancillaries,Automobile & Ancillaries,Domestic Equities,59783.0,58584.0,2.046633893213164,2.2388999999999997,2.4403,-8.25308363725772,0.529663371561337,1100,exide-industries,Mid Cap,Jan-2025
171840,6541,1,UNO Minda Ltd.,Automobile & Ancillaries,Automobile & Ancillaries,Domestic Equities,23485.0,23014.0,2.0465803424002784,2.2207,2.4238,-8.379404241274035,0.525357742295887,1100,uno-minda,Mid Cap,Jan-2025
152519,8782,1,Mahindra & Mahindra Financial Services Ltd.,Finance,Finance,Domestic Equities,77727.0,76169.0,2.0454515616589424,2.2148,2.0181,9.74679153659382,0.523961961380164,1100,mahindra-mahindra-financial-services,Mid Cap,Jan-2025
46521,101004,1,Delhivery Ltd.,Logistics,Logistics,Domestic Equities,66956.0,65614.0,2.045295211387814,2.1496,2.2712,-5.35399788657978,0.508537399396244,1100,delhivery,Small Cap,Jan-2025
133643,6434,1,Biocon Ltd.,Healthcare,Healthcare,Domestic Equities,59133.0,57947.0,2.046697844582118,2.1439,2.1171,1.2658825752208107,0.507188933087834,1100,biocon,Mid Cap,Jan-2025
171333,7587,1,United Breweries Ltd.,Alcohol,Alcohol,Domestic Equities,9889.0,9691.0,2.0431328036322363,2.1222,1.9741,7.502152879793325,0.502055298194412,1100,united-breweries,Mid Cap,Jan-2025
19183,6082,1,Deepak Nitrite Ltd.,Chemicals,Chemicals,Domestic Equities,9027.0,8847.0,2.034587995930824,2.0993,2.2066999999999997,-4.866995966828287,0.496637775657115,1100,deepak-nitrite,Mid Cap,Jan-2025
133351,5368,1,Steel Authority Of India Ltd.,Iron & Steel,Iron & Steel,Domestic Equities,189886.0,186078.0,2.0464536377218154,2.0399000000000003,2.1050999999999997,-3.0972400361027894,0.482585337285261,1100,steel-authority-of-india,Mid Cap,Jan-2025
152397,5267,1,Tata Chemicals Ltd.,Chemicals,Chemicals,Domestic Equities,20573.0,20160.0,2.048611111111111,2.0287,2.1212,-4.360739204224024,0.479935719275754,1100,tata-chemicals,Small Cap,Jan-2025
134830,88309,1,Mazagon Dock Shipbuilders Ltd.,Ship Building,Ship Building,Domestic Equities,8060.0,7899.0,2.0382326876819854,2.0138,1.7597,14.439961357049494,0.476410781030962,1100,mazagon-dock-shipbuilders,Mid Cap,Jan-2025
75659,6055,1,Lloyds Metals & Energy Ltd.,Iron & Steel,Iron & Steel,Domestic Equities,15945.0,15625.0,2.048,1.9757,1.9247999999999998,2.644430590191191,0.467397348337904,1100,lloyds-metals-energy,Mid Cap,Jan-2025
152325,5528,1,Thermax Ltd.,Capital Goods,Capital Goods,Domestic Equities,5087.0,4986.0,2.025671881267549,1.9653999999999998,2.0141999999999998,-2.4227981332538953,0.464960646061303,1100,thermax,Mid Cap,Jan-2025
44430,82482,1,L&T Technology Services Ltd.,IT,Information Technology,Domestic Equities,3606.0,3534.0,2.037351443123939,1.965,1.6742,17.369489905626576,0.464866016846678,1100,lt-technology-services,Mid Cap,Jan-2025
47051,90577,1,Dalmia Bharat Ltd.,Construction Materials,Construction Materials,Domestic Equities,10500.0,10289.0,2.050733793371562,1.9597,1.8183,7.776494527855682,0.463612179752893,1100,dalmia-bharat,Mid Cap,Jan-2025
173672,92657,1,Gujarat Fluorochemicals Ltd.,Chemicals,Chemicals,Domestic Equities,5365.0,5257.0,2.0544036522731597,1.9194,2.1899,-12.352162199187182,0.454078286379396,1100,gujarat-fluorochemicals,Mid Cap,Jan-2025
171565,6678,1,Apollo Tyres Ltd.,Automobile & Ancillaries,Automobile & Ancillaries,Domestic Equities,43720.0,42843.0,2.047008846252597,1.9119,2.2681,-15.704774921740666,0.452303988605173,1100,apollo-tyres,Small Cap,Jan-2025
152486,5772,1,AIA Engineering Ltd.,Automobile & Ancillaries,Automobile & Ancillaries,Domestic Equities,5099.0,4998.0,2.020808323329332,1.8766999999999998,1.7006000000000001,10.35516876396565,0.443976617718148,1100,aia-engineering,Mid Cap,Jan-2025
133635,5732,1,Indraprastha Gas Ltd.,Gas Transmission,Gas Transmission,Domestic Equities,92141.0,45146.0,104.09560093917511,1.8594,1.8765,-0.9112709832134336,0.439883904185605,1100,indraprastha-gas,Mid Cap,Jan-2025
19098,6973,1,Schaeffler India Ltd.,Automobile & Ancillaries,Automobile & Ancillaries,Domestic Equities,5290.0,5184.0,2.044753086419753,1.8122,1.7656,2.6393294064340713,0.428717656859822,1100,schaeffler-india,Mid Cap,Jan-2025
171410,5631,1,Procter & Gamble Hygiene and Health Care Ltd.,FMCG,Fast Moving Consumer Goods,Domestic Equities,1243.0,1218.0,2.052545155993432,1.8024,1.7922,0.5691329092735243,0.426399241101503,1100,procter-gamble-hygiene-and-health-care,Mid Cap,Jan-2025
114414,5238,1,Bank Of India,Bank,Banking,Domestic Equities,159614.0,156413.0,2.046505085894395,1.796,1.5937999999999999,12.686660810641234,0.424885173667498,1100,bank-of-india,Mid Cap,Jan-2025
152324,4941,1,ACC Ltd.,Construction Materials,Construction Materials,Domestic Equities,8937.0,8758.0,2.0438456268554464,1.7941999999999998,1.7975999999999999,-0.1891410769915462,0.424459342201684,1100,acc,Mid Cap,Jan-2025
152367,6359,1,Abbott India Ltd.,Healthcare,Healthcare,Domestic Equities,684.0,671.0,1.9374068554396422,1.7903,1.9956,-10.287632792142714,0.423536707359088,1100,abbott-india,Mid Cap,Jan-2025
114654,92672,1,Indian Renewable Energy Development Agency Ltd.,Finance,Finance,Domestic Equities,88500.0,86726.0,2.0455226806263402,1.7887,1.8668,-4.1836297407328065,0.423158190500587,1100,indian-renewable-energy-development-agency,Mid Cap,Jan-2025
177212,94646,1,Hitachi Energy India Ltd.,Capital Goods,Capital Goods,Domestic Equities,1381.0,1354.0,1.9940915805022157,1.7765,1.9513999999999998,-8.962795941375413,0.420271999454516,1100,hitachi-energy-india,Mid Cap,Jan-2025
19805,15724,1,Syngene International Ltd.,Business Services,Healthcare,Domestic Equities,23752.0,23276.0,2.045024918370854,1.7734,1.9981,-11.245683399229268,0.41953862304117,1100,syngene-international,Mid Cap,Jan-2025
171433,6783,1,Berger Paints India Ltd.,Chemicals,Chemicals,Domestic Equities,37406.0,36656.0,2.0460497599301615,1.7684,1.6441999999999999,7.553825568665623,0.418355757858354,1100,berger-paints-india,Mid Cap,Jan-2025
133407,5997,1,Hindustan Zinc Ltd.,Non - Ferrous Metals,Non - Ferrous Metals,Domestic Equities,39168.0,38383.0,2.0451762499023007,1.7631000000000001,1.7042,3.4561671165356267,0.417101920764569,1100,hindustan-zinc,Large Cap,Jan-2025
133333,4917,1,CRISIL Ltd.,Ratings,Ratings,Domestic Equities,3201.0,3137.0,2.0401657634682815,1.7391999999999999,2.0871,-16.66906233529779,0.411447825190709,1100,crisil,Mid Cap,Jan-2025
171646,5397,1,Carborundum Universal Ltd.,Abrasives,Abrasives,Domestic Equities,14643.0,14349.0,2.04892326991428,1.7377,1.8362,-5.36433939657989,0.411092965635864,1100,carborundum-universal,Small Cap,Jan-2025
152079,6815,1,Linde India Ltd.,Inds. Gases & Fuels,Industrials Gases & Fuels,Domestic Equities,2762.0,2708.0,1.9940915805022157,1.7312,1.6237000000000001,6.620681160312865,0.409555240898203,1100,linde-india,Mid Cap,Jan-2025
134823,84770,1,Cochin Shipyard Ltd.,Ship Building,Ship Building,Domestic Equities,11118.0,10894.0,2.056177712502295,1.7036000000000002,1.6763,1.628586768478207,0.403025825089059,1100,cochin-shipyard,Mid Cap,Jan-2025
79346,86555,1,Aditya Birla Capital Ltd.,Finance,Finance,Domestic Equities,93501.0,91626.0,2.0463623862222513,1.6772999999999998,1.6293,2.9460504511139645,0.396803954227447,1100,aditya-birla-capital,Mid Cap,Jan-2025
57541,86814,1,General Insurance Corporation of India,Insurance,Finance,Domestic Equities,40616.0,39802.0,2.045123360635144,1.6711,1.7682,-5.491460242054055,0.395337201400755,1100,general-insurance-corporation-of-india,Mid Cap,Jan-2025
83342,79963,1,Bandhan Bank Ltd.,Bank,Banking,Domestic Equities,109271.0,107080.0,2.0461337317893165,1.6541,1.7031999999999998,-2.882808830436823,0.391315459779181,1100,bandhan-bank,Small Cap,Jan-2025
171580,109023,1,Tata Technologies Ltd.,IT,Information Technology,Domestic Equities,20256.0,19850.0,2.045340050377834,1.5954,1.7693,-9.828745831684856,0.377428622532921,1100,tata-technologies,Mid Cap,Jan-2025
97743,96921,1,Gland Pharma Ltd.,Healthcare,Healthcare,Domestic Equities,10453.0,10243.0,2.0501806111490777,1.5937999999999999,1.8226,-12.553495007132664,0.37705010567442,1100,gland-pharma,Small Cap,Jan-2025
152370,5063,1,Escorts Kubota Ltd.,Automobile & Ancillaries,Automobile & Ancillaries,Domestic Equities,4361.0,4273.0,2.0594430142756845,1.5802,1.4240000000000002,10.969101123595507,0.373832712377161,1100,escorts-kubota,Mid Cap,Jan-2025
57781,87827,1,Bharat Dynamics Ltd.,Capital Goods,Capital Goods,Domestic Equities,12105.0,11863.0,2.039956166231139,1.5796999999999999,1.3319999999999999,18.596096096096105,0.373714425858879,1100,bharat-dynamics,Mid Cap,Jan-2025
1704,6920,1,L&T Finance Ltd.,Finance,Finance,Domestic Equities,105742.0,103622.0,2.04589758931501,1.5382,1.4054,9.449267112565819,0.363896644841507,1100,lt-finance,Mid Cap,Jan-2025
95549,7450,1,Aditya Birla Fashion and Retail Ltd.,Retailing,Retailing,Domestic Equities,55972.0,51550.0,8.57807953443259,1.5328,1.4431,6.215785461852954,0.362619150444065,1100,aditya-birla-fashion-and-retail,Mid Cap,Jan-2025
171948,7104,1,Emami Ltd.,FMCG,Fast Moving Consumer Goods,Domestic Equities,25902.0,25382.0,2.0486959262469466,1.5272999999999999,1.5248,0.16395592864637987,0.361317998742968,1100,emami,Small Cap,Jan-2025
152318,6472,1,Sundram Fasteners Ltd.,Automobile & Ancillaries,Automobile & Ancillaries,Domestic Equities,14528.0,14236.0,2.051137960101152,1.517,1.5079,0.603488294979771,0.358881296466367,1100,sundram-fasteners,Small Cap,Jan-2025
115032,83788,1,Housing & Urban Development Corporation Ltd.,Finance,Finance,Domestic Equities,65920.0,64599.0,2.0449232960262544,1.5141999999999998,1.5162,-0.13190871916634814,0.35821889196399,1100,housing-urban-development-corporation,Mid Cap,Jan-2025
645,8087,1,IRB Infrastructure Developers Ltd.,Infrastructure,Infrastructure,Domestic Equities,260631.0,255405.0,2.046161978034886,1.4938999999999998,1.4619,2.188932211505567,0.353416459321757,1100,irb-infrastructure-developers,Mid Cap,Jan-2025
133495,5019,1,Ajanta Pharma Ltd.,Healthcare,Healthcare,Domestic Equities,5530.0,5419.0,2.048348403764532,1.49,1.589,-6.230333543108877,0.352493824479161,1100,ajanta-pharma,Mid Cap,Jan-2025
133170,6243,1,Timken India Ltd.,Automobile & Ancillaries,Automobile & Ancillaries,Domestic Equities,4718.0,4625.0,2.0108108108108107,1.3483,1.4438,-6.614489541487729,0.318971425198156,1100,timken-india,Small Cap,Jan-2025
76174,111823,1,Bharti Hexacom Ltd.,Telecom,Telecom,Domestic Equities,9879.0,9680.0,2.0557851239669422,1.3385,1.4103,-5.09111536552507,0.316653009439836,1100,bharti-hexacom,Mid Cap,Jan-2025
797,86851,1,Nippon Life India Asset Management Ltd.,Finance,Finance,Domestic Equities,22883.0,22424.0,2.0469140206921157,1.3359,1.6302,-18.052999631947003,0.316037919544772,1100,nippon-life-india-asset-management,Mid Cap,Jan-2025
58178,99657,1,Star Health and Allied Insurance Company Ltd.,Insurance,Finance,Domestic Equities,28890.0,28311.0,2.045141464448448,1.2517,1.3446,-6.909117953294665,0.296118469866151,1100,star-health-and-allied-insurance-company,Small Cap,Jan-2025
196533,104025,1,Motherson Sumi Wiring India Ltd.,Iron & Steel,Iron & Steel,Domestic Equities,222745.0,218278.0,2.0464728465534776,1.2503,1.2712999999999999,-1.6518524345158454,0.295787267614963,1100,motherson-sumi-wiring-india,Small Cap,Jan-2025
152363,7424,1,SKF India Ltd.,Automobile & Ancillaries,Automobile & Ancillaries,Domestic Equities,3058.0,2997.0,2.0353687020353686,1.2366,1.3421,-7.86081514045154,0.292546217014047,1100,skf-india,Small Cap,Jan-2025
509,8487,1,K.P.R. Mill Ltd.,Textile,Textile,Domestic Equities,13191.0,12927.0,2.0422371779995356,1.2294,1.2852000000000001,-4.341736694677881,0.290842891150792,1100,kpr-mill,Small Cap,Jan-2025
171405,6966,1,Poonawalla Fincorp Ltd.,Finance,Finance,Domestic Equities,38326.0,37557.0,2.047554384002982,1.1896,1.1806,0.7623242419108855,0.281427284295577,1100,poonawalla-fincorp,Small Cap,Jan-2025
19128,7053,1,Grindwell Norton Ltd.,Abrasives,Abrasives,Domestic Equities,6074.0,5953.0,2.032588610784478,1.1706999999999999,1.1429,2.4324087846705633,0.276956053904532,1100,grindwell-norton,Small Cap,Jan-2025
113787,7539,1,Honeywell Automation India Ltd.,Consumer Durables,Consumer Durables,Domestic Equities,289.0,283.0,2.1201413427561837,1.1696,1.1874,-1.4990736061984178,0.276695823564313,1100,honeywell-automation-india,Mid Cap,Jan-2025
102429,100653,1,Global Health Ltd.,Healthcare,Healthcare,Domestic Equities,10917.0,10699.0,2.037573605009814,1.1349,1.1539,-1.6465898258081337,0.26848673919557,1100,global-health,Small Cap,Jan-2025
152064,6806,1,3M India Ltd.,Diversified,Diversified,Domestic Equities,371.0,363.0,2.203856749311295,1.109,1.1033,0.5166319224145811,0.262359497548583,1100,3m-india,Mid Cap,Jan-2025
137768,15760,1,Gujarat Gas Ltd.,Gas Transmission,Gas Transmission,Domestic Equities,22654.0,22200.0,2.045045045045045,1.101,1.1071,-0.5509890705446657,0.260466913256078,1100,gujarat-gas,Mid Cap,Jan-2025
152386,5556,1,Glaxosmithkline Pharmaceuticals Ltd.,Healthcare,Healthcare,Domestic Equities,5437.0,5328.0,2.045795795795796,1.075,1.1998,-10.401733622270381,0.254316014305435,1100,glaxosmithkline-pharmaceuticals,Mid Cap,Jan-2025
133645,6755,1,Bank Of Maharashtra,Bank,Banking,Domestic Equities,206653.0,202510.0,2.0458248975359243,1.0598999999999998,1.0569,0.2838489923360745,0.25074376145333,1100,bank-of-maharashtra,Mid Cap,Jan-2025
13,7543,1,Tata Investment Corporation Ltd.,Finance,Finance,Domestic Equities,1740.0,1706.0,1.992966002344666,1.0484,1.1684999999999999,-10.278134360290963,0.248023171532854,1100,tata-investment-corporation,Mid Cap,Jan-2025
78882,109773,1,JSW Infrastructure Ltd.,Logistics,Logistics,Domestic Equities,35519.0,34807.0,2.045565547160054,0.9768000000000001,1.1069,-11.753545939109216,0.231084542114929,1100,jsw-infrastructure,Mid Cap,Jan-2025
171853,7249,1,NLC India Ltd.,Power,Power,Domestic Equities,42854.0,41995.0,2.045481604952971,0.951,1.0448,-8.977794793261877,0.224980957771598,1100,nlc-india,Mid Cap,Jan-2025
171394,82477,1,Endurance Technologies Ltd.,Automobile & Ancillaries,Automobile & Ancillaries,Domestic Equities,4632.0,4539.0,2.0489094514210175,0.9215000000000001,0.9759,-5.574341633364072,0.218002053192984,1100,endurance-technologies,Mid Cap,Jan-2025
1840,4901,1,SJVN Ltd.,Power,Power,Domestic Equities,93954.0,92071.0,2.045160799817532,0.9161,0.9612999999999999,-4.701966087589718,0.216724558795543,1100,sjvn,Mid Cap,Jan-2025
19510,6302,1,ZF Commercial Vehicle Control Systems India Ltd.,Automobile & Ancillaries,Automobile & Ancillaries,Domestic Equities,805.0,789.0,2.027883396704689,0.8881999999999999,0.9503,-6.534778491002849,0.21012417107543,1100,zf-commercial-vehicle-control-systems-india,Small Cap,Jan-2025
19174,6780,1,Bayer CropScience Ltd.,Chemicals,Chemicals,Domestic Equities,1674.0,1641.0,2.010968921389397,0.8564,0.9109,-5.983093643649141,0.20260114851272,1100,bayer-cropscience,Small Cap,Jan-2025
555,5663,1,The Fertilisers And Chemicals Travancore Ltd.,Chemicals,Chemicals,Domestic Equities,8182.0,8018.0,2.04539785482664,0.7535,0.7865000000000001,-4.19580419580421,0.178257783050367,1100,the-fertilisers-and-chemicals-travancore,Mid Cap,Jan-2025
133387,5868,1,Godrej Industries Ltd.,Chemicals,Chemicals,Domestic Equities,8386.0,8218.0,2.0442930153321974,0.7468,0.9584,-22.078464106844738,0.176672743705394,1100,godrej-industries,Mid Cap,Jan-2025
152532,6617,1,Sun TV Network Ltd.,Media & Entertainment,Media & Entertainment,Domestic Equities,11161.0,10937.0,2.0480936271372405,0.6907,0.7474,-7.586299170457589,0.163400996354199,1100,sun-tv-network,Small Cap,Jan-2025
133353,4920,1,IDBI Bank Ltd.,Bank,Banking,Domestic Equities,73753.0,72273.0,2.047791014625102,0.5982999999999999,0.5528,8.230824891461644,0.14154164777576,1100,idbi-bank,Mid Cap,Jan-2025
133909,100034,1,Metro Brands Ltd.,Retailing,Retailing,Domestic Equities,4874.0,4777.0,2.0305631149256853,0.5775,0.5813,-0.6537072079821135,0.136620928615245,1100,metro-brands,Mid Cap,Jan-2025
58164,86911,1,The New India Assurance Company Ltd.,Insurance,Finance,Domestic Equities,31611.0,30978.0,2.043385628510556,0.5748,0.6274000000000001,-8.383806184252478,0.135982181416524,1100,the-new-india-assurance-company,Mid Cap,Jan-2025
57345,99844,1,AWL Agri Business Ltd.,FMCG,Fast Moving Consumer Goods,Domestic Equities,20762.0,20346.0,2.0446279366951736,0.5536,0.6268,-11.67836630504148,0.130966833041385,1100,awl-agri-business,Mid Cap,Jan-2025
133551,7167,1,Indian Overseas Bank,Bank,Banking,Domestic Equities,90104.0,88298.0,2.0453464404629775,0.4595,0.457,0.5470459518599562,0.108705310300788,1100,indian-overseas-bank,Large Cap,Jan-2025
171883,5324,1,Mangalore Refinery And Petrochemicals Ltd.,Crude Oil,Crude Oil,Domestic Equities,24071.0,23588.0,2.0476513481431238,0.31170000000000003,0.35009999999999997,-10.968294772922011,0.0737398154967479,1100,mangalore-refinery-and-petrochemicals,Small Cap,Jan-2025
77009,96064,1,Max Healthcare Institute Ltd.,Healthcare,Healthcare,Domestic Equities,98005.0,97622.0,0.3923295978365532,9.5859,10.3601,-7.472900840725472,2.525443067878,1100,max-healthcare-institute,Mid Cap,Feb-2025
152406,5107,1,The Indian Hotels Company Ltd.,Hospitality,Hospitality,Domestic Equities,116096.0,115643.0,0.3917228020718937,8.313600000000001,8.843200000000001,-5.9887823412339465,2.19025062739133,1100,the-indian-hotels-company,Mid Cap,Feb-2025
76200,82667,1,BSE Ltd.,Finance,Finance,Domestic Equities,17900.0,17830.0,0.3925967470555244,8.2943,9.4605,-12.327044025157234,2.18516596646121,1100,bse,Mid Cap,Feb-2025
152473,5056,1,Suzlon Energy Ltd.,Capital Goods,Capital Goods,Domestic Equities,1565045.0,1556298.0,0.5620388897242045,7.7798,9.052999999999999,-14.063846238815856,2.04961891731369,1100,suzlon-energy,Mid Cap,Feb-2025
95548,5980,1,Persistent Systems Ltd.,IT,Information Technology,Domestic Equities,13918.0,13863.0,0.39673952246988387,7.382000000000001,8.363,-11.730240344374018,1.94481694228767,1100,persistent-systems,Mid Cap,Feb-2025
57445,86554,1,Dixon Technologies (India) Ltd.,Consumer Durables,Consumer Durables,Domestic Equities,5037.0,5017.0,0.39864460833167237,7.019500000000001,7.5185,-6.636962160005316,1.84931489113903,1100,dixon-technologies-india,Mid Cap,Feb-2025
133657,7260,1,Coforge Ltd.,IT,Information Technology,Domestic Equities,8788.0,8753.0,0.39986290414714953,6.4699,7.233300000000001,-10.553965686477822,1.70452060890098,1100,coforge,Mid Cap,Feb-2025
157113,99763,1,PB Fintech Ltd.,IT,Information Technology,Domestic Equities,43611.0,43441.0,0.3913353744158744,6.382899999999999,7.5014,-14.910550030660946,1.6816001166253,1100,pb-fintech,Mid Cap,Feb-2025
152211,6247,1,Lupin Ltd.,Healthcare,Healthcare,Domestic Equities,31832.0,31707.0,0.394234711577885,6.0629,6.5965,-8.08913817933753,1.59729485768029,1100,lupin,Mid Cap,Feb-2025
171685,5596,1,The Federal Bank Ltd.,Bank,Banking,Domestic Equities,323139.0,321876.0,0.39238713044775003,5.7396,6.0258,-4.749576819675396,1.51212020075241,1100,the-federal-bank,Mid Cap,Feb-2025
165,7447,1,SRF Ltd.,Chemicals,Chemicals,Domestic Equities,19145.0,19070.0,0.39328788673308857,5.3518,5.3584000000000005,-0.12317109584952259,1.40995276506843,1100,srf,Mid Cap,Feb-2025
38803,5403,1,Indus Towers Ltd.,Telecom,Telecom,Domestic Equities,163899.0,163258.0,0.3926300701956413,5.2997000000000005,5.6683,-6.502831536792339,1.39622681509645,1100,indus-towers,Large Cap,Feb-2025
171877,6125,1,Cummins India Ltd.,Automobile & Ancillaries,Automobile & Ancillaries,Domestic Equities,17881.0,17811.0,0.3930155521868508,4.86,5.1902,-6.3619899040499375,1.28038612022732,1100,cummins-india,Large Cap,Feb-2025
114530,88033,1,HDFC Asset Management Company Ltd.,Finance,Finance,Domestic Equities,13366.0,13314.0,0.3905663211656903,4.8496,5.1524,-5.876872913593671,1.27764619931161,1100,hdfc-asset-management-company,Mid Cap,Feb-2025
133334,5159,1,CG Power and Industrial Solutions Ltd.,Capital Goods,Capital Goods,Domestic Equities,84440.0,84110.0,0.3923433598858638,4.835,5.339700000000001,-9.451841863775122,1.27379977187224,1100,cg-power-and-industrial-solutions,Large Cap,Feb-2025
7737,15826,1,IDFC First Bank Ltd.,Bank,Banking,Domestic Equities,817295.0,814099.0,0.39258124626120416,4.772200000000001,5.1484000000000005,-7.307124543547511,1.25725486480428,1100,idfc-first-bank,Mid Cap,Feb-2025
171820,5969,1,Colgate-Palmolive (India) Ltd.,FMCG,Fast Moving Consumer Goods,Domestic Equities,17477.0,17409.0,0.3906025618932736,4.3074,4.912,-12.308631921824102,1.13480147618666,1100,colgate-palmolive-india,Mid Cap,Feb-2025
171635,7381,1,UPL Ltd.,Chemicals,Chemicals,Domestic Equities,66736.0,66476.0,0.39111859919369396,4.2241,4.0135000000000005,5.2472903949171545,1.11285576346754,1100,upl,Mid Cap,Feb-2025
152636,5140,1,Fortis Healthcare Ltd.,Healthcare,Healthcare,Domestic Equities,68717.0,68449.0,0.3915323817732911,4.2103,4.382099999999999,-3.920494739964859,1.10922009917553,1100,fortis-healthcare,Mid Cap,Feb-2025
141614,85778,1,AU Small Finance Bank Ltd.,Bank,Banking,Domestic Equities,73985.0,73696.0,0.39215154146765085,4.1853,4.4288,-5.498103323699427,1.10263375082045,1100,au-small-finance-bank,Mid Cap,Feb-2025
171327,5699,1,Marico Ltd.,FMCG,Fast Moving Consumer Goods,Domestic Equities,69585.0,69313.0,0.392422777833884,4.1793000000000005,4.6485,-10.093578573733465,1.10105302721524,1100,marico,Mid Cap,Feb-2025
152455,7030,1,Yes Bank Ltd.,Bank,Banking,Domestic Equities,2486310.0,2476591.0,0.3924346006264256,4.1646,4.7625,-12.554330708661421,1.09718025438245,1100,yes-bank,Mid Cap,Feb-2025
599,7495,1,Sundaram Finance Ltd.,Finance,Finance,Domestic Equities,9076.0,9041.0,0.3871253179957969,4.1185,4.1742,-1.3343874275310224,1.08503502801568,1100,sundaram-finance,Mid Cap,Feb-2025
171659,5756,1,Ashok Leyland Ltd.,Automobile & Ancillaries,Automobile & Ancillaries,Domestic Equities,188910.0,188172.0,0.3921943753587144,4.0226,4.0801,-1.4092791843337173,1.0597697957256,1100,ashok-leyland,Mid Cap,Feb-2025
152379,5838,1,Voltas Ltd.,Consumer Durables,Consumer Durables,Domestic Equities,30123.0,30005.0,0.393267788701883,3.9764999999999997,3.7832,5.109431169380414,1.04762456935884,1100,voltas,Mid Cap,Feb-2025
171465,6543,1,Aurobindo Pharma Ltd.,Healthcare,Healthcare,Domestic Equities,36886.0,36741.0,0.3946544732043222,3.9036,4.3057,-9.338783473070576,1.02841877755543,1100,aurobindo-pharma,Mid Cap,Feb-2025
171946,6864,1,Godrej Properties Ltd.,Realty,Realty,Domestic Equities,19896.0,19818.0,0.39358159249167424,3.8525,4.616499999999999,-16.549333910971512,1.01495628151765,1100,godrej-properties,Mid Cap,Feb-2025
122,5767,1,The Phoenix Mills Ltd.,Realty,Realty,Domestic Equities,24592.0,24496.0,0.3919007184846506,3.8070999999999997,4.0218,-5.3384056889949845,1.00299547290482,1100,the-phoenix-mills,Mid Cap,Feb-2025
171365,5279,1,Hindustan Petroleum Corporation Ltd.,Crude Oil,Crude Oil,Domestic Equities,126682.0,126187.0,0.39227495700824966,3.7213,4.5206,-17.681281245852322,0.980391125350192,1100,hindustan-petroleum-corporation,Mid Cap,Feb-2025
152369,6790,1,Bharat Forge Ltd.,Automobile & Ancillaries,Automobile & Ancillaries,Domestic Equities,34523.0,34387.0,0.39549829877570014,3.5093,4.2091,-16.625882017533442,0.924538891299123,1100,bharat-forge,Mid Cap,Feb-2025
101370,86936,1,Tube Investments of India Ltd.,Automobile & Ancillaries,Automobile & Ancillaries,Domestic Equities,14075.0,14020.0,0.39229671897289586,3.4655,4.6575999999999995,-25.594726897973203,0.912999608981025,1100,tube-investments-of-india,Mid Cap,Feb-2025
587,7648,1,APL Apollo Tubes Ltd.,Iron & Steel,Iron & Steel,Domestic Equities,23879.0,23786.0,0.3909862944589254,3.4361,3.5906000000000002,-4.302902021946189,0.905254063315453,1100,apl-apollo-tubes,Mid Cap,Feb-2025
152222,5634,1,Max Financial Services Ltd.,Finance,Finance,Domestic Equities,34022.0,33889.0,0.392457729646788,3.3956999999999997,3.7812,-10.19517613456046,0.894610524373645,1100,max-financial-services,Mid Cap,Feb-2025
19255,6350,1,Mphasis Ltd.,IT,Information Technology,Domestic Equities,14928.0,14870.0,0.39004707464694016,3.3547000000000002,4.2646,-21.336115931154144,0.883808913071316,1100,mphasis,Mid Cap,Feb-2025
171321,7864,1,Page Industries Ltd.,Textile,Textile,Domestic Equities,821.0,818.0,0.36674816625916873,3.3264,3.6584,-9.075005466870762,0.876353166733367,1100,page-industries,Mid Cap,Feb-2025
77639,92991,1,SBI Cards And Payment Services Ltd.,Finance,Finance,Domestic Equities,39491.0,39337.0,0.3914889289981442,3.3125,3.0612,8.209199006925386,0.872691157047943,1100,sbi-cards-and-payment-services,Mid Cap,Feb-2025
152551,7908,1,GMR Airports Ltd.,Infrastructure,Aviation,Domestic Equities,472928.0,471079.0,0.39250316825840253,3.2854,3.4233,-4.028276808927048,0.865551555431038,1100,gmr-airports,Mid Cap,Feb-2025
38931,15891,1,Alkem Laboratories Ltd.,Healthcare,Healthcare,Domestic Equities,7008.0,6981.0,0.3867640739149119,3.2561,3.5345,-7.876644504173144,0.857832355158885,1100,alkem-laboratories,Mid Cap,Feb-2025
152118,7308,1,PI Industries Ltd.,Chemicals,Chemicals,Domestic Equities,10709.0,10666.0,0.40315019688730547,3.2276,3.7157999999999998,-13.13848969266376,0.850323918034095,1100,pi-industries,Mid Cap,Feb-2025
152795,99590,1,One97 Communications Ltd.,IT,Information Technology,Domestic Equities,44808.0,44633.0,0.3920865727152555,3.2035,3.4624,-7.4774722735674635,0.8439746782198,1100,one97-communications,Mid Cap,Feb-2025
152574,8059,1,Torrent Power Ltd.,Power,Power,Domestic Equities,25088.0,24990.0,0.39215686274509803,3.1685000000000003,3.6572000000000005,-13.362681833096357,0.834753790522689,1100,torrent-power,Mid Cap,Feb-2025
96004,7992,1,Jubilant FoodWorks Ltd.,FMCG,Fast Moving Consumer Goods,Domestic Equities,50343.0,50147.0,0.390850898358825,3.1519999999999997,3.5298000000000003,-10.703155986174862,0.830406800608337,1100,jubilant-foodworks,Mid Cap,Feb-2025
1152,105806,1,Mankind Pharma Ltd.,Healthcare,Healthcare,Domestic Equities,13708.0,13655.0,0.3881362138410839,3.14,3.3255,-5.578108555104499,0.827245353397899,1100,mankind-pharma,Mid Cap,Feb-2025
134131,90516,1,Polycab India Ltd.,Electricals,Electricals,Domestic Equities,6634.0,6608.0,0.39346246973365623,3.1269,3.9899,-21.629614777312717,0.823794106859838,1100,polycab-india,Large Cap,Feb-2025
77293,6578,1,Muthoot Finance Ltd.,Finance,Finance,Domestic Equities,14138.0,14083.0,0.3905417879713129,3.0154,3.1811000000000003,-5.208890006601488,0.794418993196186,1100,muthoot-finance,Mid Cap,Feb-2025
1427,98308,1,Sona BLW Precision Forgings Ltd.,Automobile & Ancillaries,Automobile & Ancillaries,Domestic Equities,59090.0,58859.0,0.39246334460320426,2.9185000000000003,2.9682999999999997,-1.6777279924535802,0.768890306971901,1100,sona-blw-precision-forgings,Mid Cap,Feb-2025
191600,99819,1,FSN E-Commerce Ventures Ltd.,Retailing,Information Technology,Domestic Equities,179633.0,178930.0,0.3928910747219583,2.8526,3.0221,-5.608682704079941,0.751528692707913,1100,fsn-e-commerce-ventures,Mid Cap,Feb-2025
19275,7232,1,NMDC Ltd.,Mining,Mining,Domestic Equities,455770.0,453988.0,0.39252138823052596,2.8476999999999997,3.0008999999999997,-5.105135126128826,0.750237768430318,1100,nmdc,Mid Cap,Feb-2025
56674,5695,1,Supreme Industries Ltd.,Plastic Products,Plastic Products,Domestic Equities,8524.0,8490.0,0.4004711425206125,2.8376,3.3695,-15.785724884997773,0.747576883694866,1100,supreme-industries,Mid Cap,Feb-2025
152238,8313,1,MRF Ltd.,Automobile & Ancillaries,Automobile & Ancillaries,Domestic Equities,267.0,266.0,0.37593984962406013,2.8135000000000003,3.0225999999999997,-6.917885264341947,0.74122764388057,1100,mrf,Mid Cap,Feb-2025
133642,6320,1,Petronet LNG Ltd.,Inds. Gases & Fuels,Industrials Gases & Fuels,Domestic Equities,98852.0,98466.0,0.39201348688887533,2.8005,3.1135,-10.052995021679784,0.737802742735929,1100,petronet-lng,Mid Cap,Feb-2025
171839,6306,1,Solar Industries India Ltd.,Chemicals,Chemicals,Domestic Equities,3211.0,3199.0,0.3751172241325414,2.7969999999999997,3.2613,-14.236654094992796,0.736880653966218,1100,solar-industries-india,Mid Cap,Feb-2025
79,7951,1,Balkrishna Industries Ltd.,Automobile & Ancillaries,Automobile & Ancillaries,Domestic Equities,10598.0,10557.0,0.38836790754949324,2.7721,2.9256,-5.246786983866565,0.730320651004559,1100,balkrishna-industries,Mid Cap,Feb-2025
19182,5589,1,Coromandel International Ltd.,Chemicals,Chemicals,Domestic Equities,15512.0,15451.0,0.39479645330399327,2.5858,2.7958999999999996,-7.514574913265851,0.681239183062512,1100,coromandel-international,Mid Cap,Feb-2025
152616,7532,1,Vodafone Idea Ltd.,Telecom,Telecom,Domestic Equities,3423632.0,3410251.0,0.3923758104608722,2.5848,3.0863,-16.249230470142233,0.680975729128309,1100,vodafone-idea,Mid Cap,Feb-2025
123299,91366,1,KPIT Technologies Ltd.,IT,Information Technology,Domestic Equities,21505.0,21421.0,0.39213855562298683,2.575,3.0186,-14.695554230437955,0.678393880573118,1100,kpit-technologies,Mid Cap,Feb-2025
152296,7356,1,Patanjali Foods Ltd.,FMCG,Fast Moving Consumer Goods,Domestic Equities,14473.0,14416.0,0.39539400665926744,2.548,2.6302999999999996,-3.1289206554385287,0.671280624349633,1100,patanjali-foods,Mid Cap,Feb-2025
133630,5815,1,Jindal Stainless Ltd.,Iron & Steel,Iron & Steel,Domestic Equities,43026.0,42858.0,0.3919921601567969,2.5164,2.7999,-10.125361620057866,0.662955480028813,1100,jindal-stainless,Mid Cap,Feb-2025
153260,8051,1,Prestige Estates Projects Ltd.,Realty,Realty,Domestic Equities,22245.0,22159.0,0.38810415632474393,2.5061,3.0125,-16.809958506224064,0.660241904506521,1100,prestige-estates-projects,Mid Cap,Feb-2025
113892,8292,1,KEI Industries Ltd.,Electricals,Electricals,Domestic Equities,8128.0,8096.0,0.3952569169960474,2.4954,3.2575,-23.395241749808136,0.657422947410547,1100,kei-industries,Mid Cap,Feb-2025
756,88308,1,Rail Vikas Nigam Ltd.,Infrastructure,Infrastructure,Domestic Equities,74879.0,74586.0,0.39283511650980074,2.489,3.5525,-29.936664320900775,0.655736842231647,1100,rail-vikas-nigam,Large Cap,Feb-2025
152323,7533,1,Tata Elxsi Ltd.,IT,Information Technology,Domestic Equities,4571.0,4553.0,0.3953437294091808,2.4734,2.8848000000000003,-14.260953965612872,0.651626960858078,1100,tata-elxsi,Mid Cap,Feb-2025
677,6026,1,Oil India Ltd.,Crude Oil,Crude Oil,Domestic Equities,71921.0,71640.0,0.39223897264098273,2.4647,3.0120999999999998,-18.173367418080407,0.64933491163051,1100,oil-india,Mid Cap,Feb-2025
352,7184,1,Ipca Laboratories Ltd.,Healthcare,Healthcare,Domestic Equities,17909.0,17840.0,0.3867713004484305,2.4273,2.5748,-5.72860027963338,0.639481734491312,1100,ipca-laboratories,Mid Cap,Feb-2025
171336,8097,1,JK Cement Ltd.,Construction Materials,Construction Materials,Domestic Equities,5518.0,5497.0,0.3820265599417864,2.4219999999999997,2.6576999999999997,-8.868570568536702,0.638085428640036,1100,jk-cement,Mid Cap,Feb-2025
171698,8307,1,Oracle Financial Services Software Ltd.,IT,Information Technology,Domestic Equities,3113.0,3101.0,0.3869719445340213,2.4169,2.8287,-14.557924134761555,0.6367418135756,1100,oracle-financial-services-software,Mid Cap,Feb-2025
152608,7159,1,Indian Bank,Bank,Banking,Domestic Equities,46599.0,46417.0,0.39209772281707134,2.3803,2.5795999999999997,-7.726004031632804,0.627099399583764,1100,indian-bank,Mid Cap,Feb-2025
171444,98250,1,Kalyan Jewellers India Ltd.,Diamond  &  Jewellery,Diamond & Jewellery,Domestic Equities,50576.0,50378.0,0.3930287030052801,2.3379,2.5345,-7.756954034326297,0.615928952773551,1100,kalyan-jewellers-india,Mid Cap,Feb-2025
153691,5278,1,Oberoi Realty Ltd.,Realty,Realty,Domestic Equities,15521.0,15461.0,0.3880732164801759,2.3041,2.8025,-17.78412132024978,0.607024209797484,1100,oberoi-realty,Mid Cap,Feb-2025
75891,5355,1,Container Corporation Of India Ltd.,Logistics,Logistics,Domestic Equities,36350.0,36209.0,0.3894059487972603,2.2671,2.8247000000000004,-19.74014939639608,0.597276414231967,1100,container-corporation-of-india,Mid Cap,Feb-2025
171434,4916,1,Astral Ltd.,Plastic Products,Plastic Products,Domestic Equities,16302.0,16238.0,0.39413720901588867,2.18,2.4476,-10.933159012910602,0.574329576562873,1100,astral,Mid Cap,Feb-2025
152519,8782,1,Mahindra & Mahindra Financial Services Ltd.,Finance,Finance,Domestic Equities,78033.0,77727.0,0.39368559187926977,2.1116,2.2148,-4.659562940220333,0.556309327463377,1100,mahindra-mahindra-financial-services,Mid Cap,Feb-2025
171509,5522,1,Tata Communications Ltd.,Telecom,Telecom,Domestic Equities,15487.0,15426.0,0.3954362764164398,2.0946000000000002,2.5191,-16.851256401095625,0.551830610581924,1100,tata-communications,Mid Cap,Feb-2025
152367,6359,1,Abbott India Ltd.,Healthcare,Healthcare,Domestic Equities,687.0,684.0,0.43859649122807015,2.0882,1.7903,16.639669329162707,0.550144505403023,1100,abbott-india,Mid Cap,Feb-2025
171886,6139,1,Exide Industries Ltd.,Automobile & Ancillaries,Automobile & Ancillaries,Domestic Equities,60018.0,59783.0,0.3930883361490725,2.0874,2.2388999999999997,-6.766715797936477,0.549933742255661,1100,exide-industries,Mid Cap,Feb-2025
133351,5368,1,Steel Authority Of India Ltd.,Iron & Steel,Iron & Steel,Domestic Equities,190631.0,189886.0,0.3923406675584298,2.002,2.0399000000000003,-1.857934212461405,0.527434776274712,1100,steel-authority-of-india,Mid Cap,Feb-2025
152207,5372,1,LIC Housing Finance Ltd.,Finance,Finance,Domestic Equities,39660.0,39505.0,0.39235539805087966,1.9707,2.3628,-16.594718131030984,0.519188668134153,1100,lic-housing-finance,Mid Cap,Feb-2025
171840,6541,1,UNO Minda Ltd.,Automobile & Ancillaries,Automobile & Ancillaries,Domestic Equities,23577.0,23485.0,0.39173940813285074,1.9472,2.2207,-12.315936416445263,0.512997500680379,1100,uno-minda,Mid Cap,Feb-2025
171333,7587,1,United Breweries Ltd.,Alcohol,Alcohol,Domestic Equities,9927.0,9889.0,0.3842653453331985,1.9319,2.1222,-8.96710960324192,0.508966655487071,1100,united-breweries,Mid Cap,Feb-2025
173672,92657,1,Gujarat Fluorochemicals Ltd.,Chemicals,Chemicals,Domestic Equities,5386.0,5365.0,0.39142590866728794,1.9308,1.9194,0.5939356048765316,0.508676856159447,1100,gujarat-fluorochemicals,Mid Cap,Feb-2025
171433,6783,1,Berger Paints India Ltd.,Chemicals,Chemicals,Domestic Equities,37552.0,37406.0,0.39031171469817677,1.8346,1.7684,3.743496946392221,0.483332587689104,1100,berger-paints-india,Mid Cap,Feb-2025
133643,6434,1,Biocon Ltd.,Healthcare,Healthcare,Domestic Equities,59365.0,59133.0,0.39233592072108636,1.7955,2.1439,-16.25075796445729,0.473031538861761,1100,biocon,Mid Cap,Feb-2025
47051,90577,1,Dalmia Bharat Ltd.,Construction Materials,Construction Materials,Domestic Equities,10541.0,10500.0,0.3904761904761905,1.7811000000000001,1.9597,-9.113639842833079,0.469237802209235,1100,dalmia-bharat,Mid Cap,Feb-2025
133635,5732,1,Indraprastha Gas Ltd.,Gas Transmission,Gas Transmission,Domestic Equities,92502.0,92141.0,0.3917908422960463,1.7527000000000001,1.8594,-5.738410239862315,0.461755710477866,1100,indraprastha-gas,Mid Cap,Feb-2025
134830,88309,1,Mazagon Dock Shipbuilders Ltd.,Ship Building,Ship Building,Domestic Equities,8091.0,8060.0,0.38461538461538464,1.7242,2.0138,-14.380772668586756,0.454247273353076,1100,mazagon-dock-shipbuilders,Mid Cap,Feb-2025
171410,5631,1,Procter & Gamble Hygiene and Health Care Ltd.,FMCG,Fast Moving Consumer Goods,Domestic Equities,1248.0,1243.0,0.4022526146419952,1.69,1.8024,-6.236129604971154,0.445237148803328,1100,procter-gamble-hygiene-and-health-care,Mid Cap,Feb-2025
46521,101004,1,Delhivery Ltd.,Logistics,Logistics,Domestic Equities,67219.0,66956.0,0.39279526853456,1.6795,2.1496,-21.869184964644596,0.442470882494195,1100,delhivery,Small Cap,Feb-2025
19183,6082,1,Deepak Nitrite Ltd.,Chemicals,Chemicals,Domestic Equities,9063.0,9027.0,0.3988035892323031,1.6778,2.0993,-20.07812127852141,0.442023010806049,1100,deepak-nitrite,Mid Cap,Feb-2025
152325,5528,1,Thermax Ltd.,Capital Goods,Capital Goods,Domestic Equities,5107.0,5087.0,0.39315903282877923,1.659,1.9653999999999998,-15.589701841864246,0.43707007684303,1100,thermax,Mid Cap,Feb-2025
152079,6815,1,Linde India Ltd.,Inds. Gases & Fuels,Industrials Gases & Fuels,Domestic Equities,2773.0,2762.0,0.39826212889210716,1.6436000000000002,1.7312,-5.0600739371534145,0.433012886256302,1100,linde-india,Mid Cap,Feb-2025
171565,6678,1,Apollo Tyres Ltd.,Automobile & Ancillaries,Automobile & Ancillaries,Domestic Equities,43891.0,43720.0,0.3911253430924062,1.6428,1.9119,-14.07500392279931,0.432802123108939,1100,apollo-tyres,Small Cap,Feb-2025
44430,82482,1,L&T Technology Services Ltd.,IT,Information Technology,Domestic Equities,3621.0,3606.0,0.4159733777038269,1.6415,1.965,-16.463104325699742,0.432459632994475,1100,lt-technology-services,Mid Cap,Feb-2025
75659,6055,1,Lloyds Metals & Energy Ltd.,Iron & Steel,Iron & Steel,Domestic Equities,16007.0,15945.0,0.38883662590153656,1.6344999999999998,1.9757,-17.269828415245232,0.430615455455053,1100,lloyds-metals-energy,Mid Cap,Feb-2025
152324,4941,1,ACC Ltd.,Construction Materials,Construction Materials,Domestic Equities,8972.0,8937.0,0.39163030099585994,1.6316,1.7941999999999998,-9.062534834466609,0.429851439045864,1100,acc,Mid Cap,Feb-2025
97743,96921,1,Gland Pharma Ltd.,Healthcare,Healthcare,Domestic Equities,10494.0,10453.0,0.3922318951497178,1.6295,1.5937999999999999,2.2399297276948134,0.429298185784037,1100,gland-pharma,Small Cap,Feb-2025
19098,6973,1,Schaeffler India Ltd.,Automobile & Ancillaries,Automobile & Ancillaries,Domestic Equities,5310.0,5290.0,0.3780718336483932,1.6255000000000002,1.8122,-10.302394879152404,0.428244370047225,1100,schaeffler-india,Mid Cap,Feb-2025
152486,5772,1,AIA Engineering Ltd.,Automobile & Ancillaries,Automobile & Ancillaries,Domestic Equities,5119.0,5099.0,0.3922337713277113,1.608,1.8766999999999998,-14.317685298662534,0.423633926198669,1100,aia-engineering,Mid Cap,Feb-2025
152397,5267,1,Tata Chemicals Ltd.,Chemicals,Chemicals,Domestic Equities,20654.0,20573.0,0.39371992417245905,1.6055000000000001,2.0287,-20.860649677133136,0.422975291363162,1100,tata-chemicals,Small Cap,Feb-2025
177212,94646,1,Hitachi Energy India Ltd.,Capital Goods,Capital Goods,Domestic Equities,1386.0,1381.0,0.3620564808110065,1.564,1.7765,-11.961722488038278,0.412041953093731,1100,hitachi-energy-india,Mid Cap,Feb-2025
19805,15724,1,Syngene International Ltd.,Business Services,Healthcare,Domestic Equities,23845.0,23752.0,0.39154597507578304,1.5556,1.7734,-12.281493176948235,0.409828940046424,1100,syngene-international,Mid Cap,Feb-2025
83342,79963,1,Bandhan Bank Ltd.,Bank,Banking,Domestic Equities,109699.0,109271.0,0.391686723833405,1.5488,1.6541,-6.365999637264978,0.408037453293843,1100,bandhan-bank,Small Cap,Feb-2025
133407,5997,1,Hindustan Zinc Ltd.,Non - Ferrous Metals,Non - Ferrous Metals,Domestic Equities,39322.0,39168.0,0.3931781045751634,1.5367,1.7631000000000001,-12.841018660314226,0.404849660689985,1100,hindustan-zinc,Large Cap,Feb-2025
114414,5238,1,Bank Of India,Bank,Banking,Domestic Equities,160241.0,159614.0,0.3928226847269036,1.5249000000000001,1.796,-15.094654788418701,0.401740904266387,1100,bank-of-india,Mid Cap,Feb-2025
57541,86814,1,General Insurance Corporation of India,Insurance,Finance,Domestic Equities,40776.0,40616.0,0.3939334252511325,1.5042,1.6711,-9.987433427083973,0.396287407828382,1100,general-insurance-corporation-of-india,Mid Cap,Feb-2025
79346,86555,1,Aditya Birla Capital Ltd.,Finance,Finance,Domestic Equities,93868.0,93501.0,0.39250917102490884,1.4674,1.6772999999999998,-12.51415966136051,0.386592303049706,1100,aditya-birla-capital,Mid Cap,Feb-2025
1704,6920,1,L&T Finance Ltd.,Finance,Finance,Domestic Equities,106156.0,105742.0,0.39151898015925557,1.4302000000000001,1.5382,-7.021193602912485,0.376791816697349,1100,lt-finance,Mid Cap,Feb-2025
134823,84770,1,Cochin Shipyard Ltd.,Ship Building,Ship Building,Domestic Equities,11161.0,11118.0,0.3867602086706242,1.4158000000000002,1.7036000000000002,-16.893637003991547,0.372998080044824,1100,cochin-shipyard,Mid Cap,Feb-2025
133333,4917,1,CRISIL Ltd.,Ratings,Ratings,Domestic Equities,3214.0,3201.0,0.4061230865354577,1.4103999999999999,1.7391999999999999,-18.905243790248388,0.371575428800126,1100,crisil,Mid Cap,Feb-2025
114654,92672,1,Indian Renewable Energy Development Agency Ltd.,Finance,Finance,Domestic Equities,88848.0,88500.0,0.39322033898305087,1.3862,1.7887,-22.502376027282384,0.36519984359241,1100,indian-renewable-energy-development-agency,Mid Cap,Feb-2025
133495,5019,1,Ajanta Pharma Ltd.,Healthcare,Healthcare,Domestic Equities,5551.0,5530.0,0.37974683544303794,1.38,1.49,-7.38255033557047,0.363566429200351,1100,ajanta-pharma,Mid Cap,Feb-2025
171948,7104,1,Emami Ltd.,FMCG,Fast Moving Consumer Goods,Domestic Equities,26003.0,25902.0,0.38993127943788125,1.3780000000000001,1.5272999999999999,-9.775420677011706,0.363039521331944,1100,emami,Small Cap,Feb-2025
171580,109023,1,Tata Technologies Ltd.,IT,Information Technology,Domestic Equities,20335.0,20256.0,0.39000789889415477,1.3659999999999999,1.5954,-14.378839162592453,0.359878074121506,1100,tata-technologies,Mid Cap,Feb-2025
152318,6472,1,Sundram Fasteners Ltd.,Automobile & Ancillaries,Automobile & Ancillaries,Domestic Equities,14585.0,14528.0,0.3923458149779736,1.3621,1.517,-10.210942649967029,0.358850603778114,1100,sundram-fasteners,Small Cap,Feb-2025
95549,7450,1,Aditya Birla Fashion and Retail Ltd.,Retailing,Retailing,Domestic Equities,56192.0,55972.0,0.39305366969198885,1.3607,1.5328,-11.22781837160752,0.35848176827023,1100,aditya-birla-fashion-and-retail,Mid Cap,Feb-2025
152386,5556,1,Glaxosmithkline Pharmaceuticals Ltd.,Healthcare,Healthcare,Domestic Equities,5459.0,5437.0,0.4046349089571455,1.3513,1.075,25.702325581395346,0.35600530128872,1100,glaxosmithkline-pharmaceuticals,Mid Cap,Feb-2025
76174,111823,1,Bharti Hexacom Ltd.,Telecom,Telecom,Domestic Equities,9917.0,9879.0,0.3846543172385869,1.2936,1.3385,-3.35450130743368,0.340804009285198,1100,bharti-hexacom,Mid Cap,Feb-2025
102429,100653,1,Global Health Ltd.,Healthcare,Healthcare,Domestic Equities,10960.0,10917.0,0.39388110286708805,1.26,1.1349,11.02299762093577,0.331951957095972,1100,global-health,Small Cap,Feb-2025
152370,5063,1,Escorts Kubota Ltd.,Automobile & Ancillaries,Automobile & Ancillaries,Domestic Equities,4378.0,4361.0,0.3898188488878697,1.256,1.5802,-20.51639033033794,0.33089814135916,1100,escorts-kubota,Mid Cap,Feb-2025
171646,5397,1,Carborundum Universal Ltd.,Abrasives,Abrasives,Domestic Equities,14701.0,14643.0,0.39609369664686195,1.2226000000000001,1.7377,-29.642631064050185,0.322098779956774,1100,carborundum-universal,Small Cap,Feb-2025
57781,87827,1,Bharat Dynamics Ltd.,Capital Goods,Capital Goods,Domestic Equities,12153.0,12105.0,0.3965303593556382,1.1854,1.5796999999999999,-24.96043552573273,0.312298293604417,1100,bharat-dynamics,Mid Cap,Feb-2025
797,86851,1,Nippon Life India Asset Management Ltd.,Finance,Finance,Domestic Equities,22973.0,22883.0,0.39330507363544986,1.1792,1.3359,-11.729919904184447,0.310664879212358,1100,nippon-life-india-asset-management,Mid Cap,Feb-2025
133170,6243,1,Timken India Ltd.,Automobile & Ancillaries,Automobile & Ancillaries,Domestic Equities,4737.0,4718.0,0.4027130139889784,1.172,1.3483,-13.075724987020699,0.308768010886095,1100,timken-india,Small Cap,Feb-2025
152363,7424,1,SKF India Ltd.,Automobile & Ancillaries,Automobile & Ancillaries,Domestic Equities,3070.0,3058.0,0.3924133420536298,1.1329,1.2366,-8.385896813844404,0.298466962058752,1100,skf-india,Small Cap,Feb-2025
645,8087,1,IRB Infrastructure Developers Ltd.,Infrastructure,Infrastructure,Domestic Equities,261653.0,260631.0,0.39212526522171187,1.1319,1.4938999999999998,-24.23187629694089,0.298203508124548,1100,irb-infrastructure-developers,Mid Cap,Feb-2025
115032,83788,1,Housing & Urban Development Corporation Ltd.,Finance,Finance,Domestic Equities,66179.0,65920.0,0.3929004854368932,1.0929,1.5141999999999998,-27.823273015453694,0.287928804690625,1100,housing-urban-development-corporation,Mid Cap,Feb-2025
58178,99657,1,Star Health and Allied Insurance Company Ltd.,Insurance,Finance,Domestic Equities,29004.0,28890.0,0.3946002076843198,1.0885,1.2517,-13.038267955580416,0.286769607380132,1100,star-health-and-allied-insurance-company,Small Cap,Feb-2025
171405,6966,1,Poonawalla Fincorp Ltd.,Finance,Finance,Domestic Equities,38476.0,38326.0,0.39137922037259304,1.0823,1.1896,-9.019838601210482,0.285136192988072,1100,poonawalla-fincorp,Small Cap,Feb-2025
509,8487,1,K.P.R. Mill Ltd.,Textile,Textile,Domestic Equities,13243.0,13191.0,0.3942081722386475,1.0615999999999999,1.2294,-13.648934439564018,0.279682696550067,1100,kpr-mill,Small Cap,Feb-2025
13,7543,1,Tata Investment Corporation Ltd.,Finance,Finance,Domestic Equities,1747.0,1740.0,0.40229885057471265,1.0595999999999999,1.0484,1.0682945440671407,0.279155788681661,1100,tata-investment-corporation,Mid Cap,Feb-2025
196533,104025,1,Motherson Sumi Wiring India Ltd.,Iron & Steel,Iron & Steel,Domestic Equities,223618.0,222745.0,0.3919279894049249,1.051,1.2503,-15.94017435815405,0.276890084847513,1100,motherson-sumi-wiring-india,Small Cap,Feb-2025
152064,6806,1,3M India Ltd.,Diversified,Diversified,Domestic Equities,372.0,371.0,0.2695417789757413,0.9783,1.109,-11.785392245266012,0.257736983830944,1100,3m-india,Mid Cap,Feb-2025
113787,7539,1,Honeywell Automation India Ltd.,Consumer Durables,Consumer Durables,Domestic Equities,290.0,289.0,0.34602076124567477,0.9773000000000001,1.1696,-16.441518467852248,0.257473529896741,1100,honeywell-automation-india,Mid Cap,Feb-2025
133645,6755,1,Bank Of Maharashtra,Bank,Banking,Domestic Equities,207464.0,206653.0,0.392445306867067,0.9628,1.0598999999999998,-9.16124162656854,0.253653447850795,1100,bank-of-maharashtra,Mid Cap,Feb-2025
133387,5868,1,Godrej Industries Ltd.,Chemicals,Chemicals,Domestic Equities,8418.0,8386.0,0.38158836155497255,0.924,0.7468,23.72790573111944,0.243431435203713,1100,godrej-industries,Mid Cap,Feb-2025
78882,109773,1,JSW Infrastructure Ltd.,Logistics,Logistics,Domestic Equities,35658.0,35519.0,0.39133984627945606,0.9084,0.9768000000000001,-7.002457002457005,0.239321553830144,1100,jsw-infrastructure,Mid Cap,Feb-2025
171853,7249,1,NLC India Ltd.,Power,Power,Domestic Equities,43022.0,42854.0,0.3920287487749101,0.8906999999999999,0.951,-6.34069400630915,0.234658419194748,1100,nlc-india,Mid Cap,Feb-2025
19510,6302,1,ZF Commercial Vehicle Control Systems India Ltd.,Automobile & Ancillaries,Automobile & Ancillaries,Domestic Equities,808.0,805.0,0.37267080745341613,0.8841,0.8881999999999999,-0.46160774600314863,0.232919623229007,1100,zf-commercial-vehicle-control-systems-india,Small Cap,Feb-2025
19128,7053,1,Grindwell Norton Ltd.,Abrasives,Abrasives,Domestic Equities,6098.0,6074.0,0.39512676983865663,0.8768,1.1706999999999999,-25.104638250619278,0.230996409509324,1100,grindwell-norton,Small Cap,Feb-2025
137768,15760,1,Gujarat Gas Ltd.,Gas Transmission,Gas Transmission,Domestic Equities,22743.0,22654.0,0.39286660192460493,0.8423,1.101,-23.496821071752944,0.221907248779315,1100,gujarat-gas,Mid Cap,Feb-2025
171394,82477,1,Endurance Technologies Ltd.,Automobile & Ancillaries,Automobile & Ancillaries,Domestic Equities,4650.0,4632.0,0.38860103626943004,0.8210999999999999,0.9215000000000001,-10.895279435702665,0.216322025374209,1100,endurance-technologies,Mid Cap,Feb-2025
19174,6780,1,Bayer CropScience Ltd.,Chemicals,Chemicals,Domestic Equities,1680.0,1674.0,0.35842293906810035,0.7945,0.8564,-7.227930873423631,0.209314150724405,1100,bayer-cropscience,Small Cap,Feb-2025
1840,4901,1,SJVN Ltd.,Power,Power,Domestic Equities,94324.0,93954.0,0.39380973667965175,0.7934,0.9161,-13.393734308481603,0.209024351396781,1100,sjvn,Mid Cap,Feb-2025
152532,6617,1,Sun TV Network Ltd.,Media & Entertainment,Media & Entertainment,Domestic Equities,11205.0,11161.0,0.39422990771436256,0.6292,0.6907,-8.904010424207314,0.165765215400624,1100,sun-tv-network,Small Cap,Feb-2025
555,5663,1,The Fertilisers And Chemicals Travancore Ltd.,Chemicals,Chemicals,Domestic Equities,8214.0,8182.0,0.3911024199462234,0.5682,0.7535,-24.591904445919038,0.149694525414231,1100,the-fertilisers-and-chemicals-travancore,Mid Cap,Feb-2025
133909,100034,1,Metro Brands Ltd.,Retailing,Retailing,Domestic Equities,4894.0,4874.0,0.4103405826836274,0.5467,0.5775,-5.33333333333333,0.144030265828864,1100,metro-brands,Mid Cap,Feb-2025
57345,99844,1,AWL Agri Business Ltd.,FMCG,Fast Moving Consumer Goods,Domestic Equities,20844.0,20762.0,0.39495231673249204,0.5131,0.5536,-7.3157514450867005,0.135178213639638,1100,awl-agri-business,Mid Cap,Feb-2025
133353,4920,1,IDBI Bank Ltd.,Bank,Banking,Domestic Equities,74041.0,73753.0,0.39049259013192683,0.5127,0.5982999999999999,-14.30720374394116,0.135072832065956,1100,idbi-bank,Mid Cap,Feb-2025
58164,86911,1,The New India Assurance Company Ltd.,Insurance,Finance,Domestic Equities,31735.0,31611.0,0.39226851412483,0.451,0.5748,-21.53792623521224,0.118817724325622,1100,the-new-india-assurance-company,Mid Cap,Feb-2025
133551,7167,1,Indian Overseas Bank,Bank,Banking,Domestic Equities,90458.0,90104.0,0.392879339429992,0.39380000000000004,0.4595,-14.29815016322089,0.103748159289202,1100,indian-overseas-bank,Large Cap,Feb-2025
171883,5324,1,Mangalore Refinery And Petrochemicals Ltd.,Crude Oil,Crude Oil,Domestic Equities,24165.0,24071.0,0.39051140376386523,0.2557,0.31170000000000003,-17.965992941931347,0.0673651709757461,1100,mangalore-refinery-and-petrochemicals,Small Cap,Feb-2025
77009,96064,1,Max Healthcare Institute Ltd.,Healthcare,Healthcare,Domestic Equities,97134.0,98005.0,-0.888730166828223,10.6551,9.5859,11.153882264576092,2.58490765497411,1100,max-healthcare-institute,Mid Cap,Mar-2025
76200,82667,1,BSE Ltd.,Finance,Finance,Domestic Equities,17740.0,17900.0,-0.8938547486033519,9.7212,8.2943,17.20338063489385,2.35834523331873,1100,bse,Mid Cap,Mar-2025
152473,5056,1,Suzlon Energy Ltd.,Capital Goods,Capital Goods,Domestic Equities,1551307.0,1565045.0,-0.8778022357184617,8.7897,7.7798,12.981053497519218,2.13236504724742,1100,suzlon-energy,Mid Cap,Mar-2025
95548,5980,1,Persistent Systems Ltd.,IT,Information Technology,Domestic Equities,13916.0,13918.0,-0.014369880729989942,7.672899999999999,7.382000000000001,3.9406664860471308,1.86143142212188,1100,persistent-systems,Mid Cap,Mar-2025
133657,7260,1,Coforge Ltd.,IT,Information Technology,Domestic Equities,8705.0,8788.0,-0.9444697314519799,7.0591,6.4699,9.10678681277917,1.71252467149325,1100,coforge,Mid Cap,Mar-2025
157113,99763,1,PB Fintech Ltd.,IT,Information Technology,Domestic Equities,43251.0,43611.0,-0.8254798101396437,6.875800000000001,6.382899999999999,7.722195240407978,1.66805642875909,1100,pb-fintech,Mid Cap,Mar-2025
57445,86554,1,Dixon Technologies (India) Ltd.,Consumer Durables,Consumer Durables,Domestic Equities,5040.0,5037.0,0.05955926146515784,6.6425,7.019500000000001,-5.370752902628398,1.61145827802325,1100,dixon-technologies-india,Mid Cap,Mar-2025
152211,6247,1,Lupin Ltd.,Healthcare,Healthcare,Domestic Equities,31569.0,31832.0,-0.826212616235235,6.402,6.0629,5.593033036995511,1.55311342053517,1100,lupin,Mid Cap,Mar-2025
171685,5596,1,The Federal Bank Ltd.,Bank,Banking,Domestic Equities,320436.0,323139.0,-0.8364821330758591,6.175800000000001,5.7396,7.599832740957559,1.49823771673557,1100,the-federal-bank,Mid Cap,Mar-2025
38803,5403,1,Indus Towers Ltd.,Telecom,Telecom,Domestic Equities,172735.0,163899.0,5.391125022117279,5.774500000000001,5.2997000000000005,8.958997679113915,1.40088307511408,1100,indus-towers,Large Cap,Mar-2025
165,7447,1,SRF Ltd.,Chemicals,Chemicals,Domestic Equities,18964.0,19145.0,-0.9454165578480022,5.5738,5.3518,4.148137075376518,1.35219362439533,1100,srf,Mid Cap,Mar-2025
171877,6125,1,Cummins India Ltd.,Automobile & Ancillaries,Automobile & Ancillaries,Domestic Equities,17682.0,17881.0,-1.1129131480342263,5.3963,4.86,11.034979423868311,1.30913245098937,1100,cummins-india,Large Cap,Mar-2025
114530,88033,1,HDFC Asset Management Company Ltd.,Finance,Finance,Domestic Equities,13260.0,13366.0,-0.7930570103247044,5.3224,4.8496,9.749257670735737,1.29120444696288,1100,hdfc-asset-management-company,Mid Cap,Mar-2025
152636,5140,1,Fortis Healthcare Ltd.,Healthcare,Healthcare,Domestic Equities,68105.0,68717.0,-0.8906093106509307,4.7561,4.2103,12.963446785264718,1.15382110893585,1100,fortis-healthcare,Mid Cap,Mar-2025
171365,5279,1,Hindustan Petroleum Corporation Ltd.,Crude Oil,Crude Oil,Domestic Equities,125544.0,126682.0,-0.8983123095625267,4.524,3.7213,21.570418939617873,1.09751407599205,1100,hindustan-petroleum-corporation,Mid Cap,Mar-2025
171327,5699,1,Marico Ltd.,FMCG,Fast Moving Consumer Goods,Domestic Equities,68978.0,69585.0,-0.8723144355823812,4.495,4.1793000000000005,7.553896585552603,1.09047872935108,1100,marico,Mid Cap,Mar-2025
7737,15826,1,IDFC First Bank Ltd.,Bank,Banking,Domestic Equities,810289.0,817295.0,-0.8572180179739262,4.4533,4.772200000000001,-6.682452537613688,1.08036238607767,1100,idfc-first-bank,Mid Cap,Mar-2025
152379,5838,1,Voltas Ltd.,Consumer Durables,Consumer Durables,Domestic Equities,29751.0,30123.0,-1.2349367592869236,4.3398,3.9764999999999997,9.136175028291222,1.05282749491386,1100,voltas,Mid Cap,Mar-2025
171465,6543,1,Aurobindo Pharma Ltd.,Healthcare,Healthcare,Domestic Equities,36553.0,36886.0,-0.902781543132896,4.242,3.9036,8.668920996003681,1.02910139486257,1100,aurobindo-pharma,Mid Cap,Mar-2025
171635,7381,1,UPL Ltd.,Chemicals,Chemicals,Domestic Equities,66144.0,66736.0,-0.8870774394629586,4.2084,4.2241,-0.371676806893788,1.02095009668544,1100,upl,Mid Cap,Mar-2025
171946,6864,1,Godrej Properties Ltd.,Realty,Realty,Domestic Equities,19711.0,19896.0,-0.9298351427422598,4.1977,3.8525,8.960415314730689,1.01835429637308,1100,godrej-properties,Mid Cap,Mar-2025
152455,7030,1,Yes Bank Ltd.,Bank,Banking,Domestic Equities,2464159.0,2486310.0,-0.890918670640427,4.1594999999999995,4.1646,-0.12246074052729937,1.0090870466598,1100,yes-bank,Mid Cap,Mar-2025
599,7495,1,Sundaram Finance Ltd.,Finance,Finance,Domestic Equities,8997.0,9076.0,-0.8704275011018069,4.1156,4.1185,-0.07041398567440098,0.998436987434324,1100,sundaram-finance,Mid Cap,Mar-2025
171820,5969,1,Colgate-Palmolive (India) Ltd.,FMCG,Fast Moving Consumer Goods,Domestic Equities,17221.0,17477.0,-1.4647822852892372,4.1155,4.3074,-4.455123740539536,0.998412727618321,1100,colgate-palmolive-india,Mid Cap,Mar-2025
152369,6790,1,Bharat Forge Ltd.,Automobile & Ancillaries,Automobile & Ancillaries,Domestic Equities,34852.0,34523.0,0.952987863163688,4.0747,3.5093,16.111475222978946,0.988514722688949,1100,bharat-forge,Mid Cap,Mar-2025
122,5767,1,The Phoenix Mills Ltd.,Realty,Realty,Domestic Equities,24369.0,24592.0,-0.9067989590110604,4.0046,3.8070999999999997,5.187675658637809,0.971508591670593,1100,the-phoenix-mills,Mid Cap,Mar-2025
141614,85778,1,AU Small Finance Bank Ltd.,Bank,Banking,Domestic Equities,73369.0,73985.0,-0.8326012029465433,3.9223000000000003,4.1853,-6.283898406326896,0.951542763099827,1100,au-small-finance-bank,Mid Cap,Mar-2025
101370,86936,1,Tube Investments of India Ltd.,Automobile & Ancillaries,Automobile & Ancillaries,Domestic Equities,14055.0,14075.0,-0.14209591474245115,3.8923,3.4655,12.3156831626028,0.944264818298819,1100,tube-investments-of-india,Mid Cap,Mar-2025
152222,5634,1,Max Financial Services Ltd.,Finance,Finance,Domestic Equities,33718.0,34022.0,-0.8935394744577039,3.8698,3.3956999999999997,13.96177518626499,0.938806359698063,1100,max-financial-services,Mid Cap,Mar-2025
171659,5756,1,Ashok Leyland Ltd.,Automobile & Ancillaries,Automobile & Ancillaries,Domestic Equities,186942.0,188910.0,-1.0417659202794982,3.8177,4.0226,-5.093720479292003,0.926166995560312,1100,ashok-leyland,Mid Cap,Mar-2025
19255,6350,1,Mphasis Ltd.,IT,Information Technology,Domestic Equities,14854.0,14928.0,-0.49571275455519825,3.7138,3.3547000000000002,10.704384892836904,0.90096104673282,1100,mphasis,Mid Cap,Mar-2025
152574,8059,1,Torrent Power Ltd.,Power,Power,Domestic Equities,24864.0,25088.0,-0.8928571428571428,3.6969,3.1685000000000003,16.676660880542833,0.896861137828252,1100,torrent-power,Mid Cap,Mar-2025
133342,5963,1,Bharat Heavy Electricals Ltd.,Capital Goods,Capital Goods,Domestic Equities,167985.0,,,3.6357,,,0.882014130434195,1100,bharat-heavy-electricals,Mid Cap,Mar-2025
152118,7308,1,PI Industries Ltd.,Chemicals,Chemicals,Domestic Equities,10586.0,10709.0,-1.1485666262022598,3.6291,3.2276,12.439583591523123,0.880412982577973,1100,pi-industries,Mid Cap,Mar-2025
133317,6810,1,Blue Star Ltd.,Consumer Durables,Consumer Durables,Domestic Equities,16958.0,,,3.6229,,,0.878908873985765,1100,blue-star,Mid Cap,Mar-2025
587,7648,1,APL Apollo Tubes Ltd.,Iron & Steel,Iron & Steel,Domestic Equities,23675.0,23879.0,-0.8543071317894384,3.611,3.4361,5.090073047932251,0.876021955881365,1100,apl-apollo-tubes,Mid Cap,Mar-2025
171839,6306,1,Solar Industries India Ltd.,Chemicals,Chemicals,Domestic Equities,3183.0,3211.0,-0.8720024914356898,3.5789999999999997,2.7969999999999997,27.958526993207006,0.868258814760289,1100,solar-industries-india,Mid Cap,Mar-2025
1152,105806,1,Mankind Pharma Ltd.,Healthcare,Healthcare,Domestic Equities,14757.0,13708.0,7.652465713451999,3.5782,3.14,13.955414012738851,0.868064736232262,1100,mankind-pharma,Mid Cap,Mar-2025
152551,7908,1,GMR Airports Ltd.,Infrastructure,Aviation,Domestic Equities,468719.0,472928.0,-0.8899874822383111,3.5496,3.2854,8.041638765447116,0.861126428855301,1100,gmr-airports,Mid Cap,Mar-2025
171321,7864,1,Page Industries Ltd.,Textile,Textile,Domestic Equities,823.0,821.0,0.24360535931790497,3.5137,3.3264,5.630711880711886,0.852417154910094,1100,page-industries,Mid Cap,Mar-2025
152795,99590,1,One97 Communications Ltd.,IT,Information Technology,Domestic Equities,44490.0,44808.0,-0.7096946973754686,3.4856,3.2035,8.805993444669886,0.84560014661315,1100,one97-communications,Mid Cap,Mar-2025
77639,92991,1,SBI Cards And Payment Services Ltd.,Finance,Finance,Domestic Equities,39146.0,39491.0,-0.8736167734420501,3.4492000000000003,3.3125,4.126792452830194,0.836769573587927,1100,sbi-cards-and-payment-services,Mid Cap,Mar-2025
153586,8183,1,NHPC Ltd.,Power,Power,Domestic Equities,413510.0,,,3.3991000000000002,,,0.824615405770243,1100,nhpc,Mid Cap,Mar-2025
134131,90516,1,Polycab India Ltd.,Electricals,Electricals,Domestic Equities,6591.0,6634.0,-0.6481760627072657,3.3930000000000002,3.1269,8.51002590425022,0.823135556994038,1100,polycab-india,Large Cap,Mar-2025
38931,15891,1,Alkem Laboratories Ltd.,Healthcare,Healthcare,Domestic Equities,6946.0,7008.0,-0.8847031963470319,3.3908,3.2561,4.136850833819591,0.822601841041964,1100,alkem-laboratories,Mid Cap,Mar-2025
77293,6578,1,Muthoot Finance Ltd.,Finance,Finance,Domestic Equities,14013.0,14138.0,-0.8841420285754704,3.3392,3.0154,10.738210519334082,0.81008377598423,1100,muthoot-finance,Mid Cap,Mar-2025
96004,7992,1,Jubilant FoodWorks Ltd.,FMCG,Fast Moving Consumer Goods,Domestic Equities,49736.0,50343.0,-1.2057287011103828,3.3042000000000002,3.1519999999999997,4.828680203045694,0.801592840383053,1100,jubilant-foodworks,Mid Cap,Mar-2025
191600,99819,1,FSN E-Commerce Ventures Ltd.,Retailing,Information Technology,Domestic Equities,178114.0,179633.0,-0.8456129998385598,3.1897,2.8526,11.817289490289573,0.773815351059205,1100,fsn-e-commerce-ventures,Mid Cap,Mar-2025
133608,7612,1,Union Bank Of India,Bank,Banking,Domestic Equities,252532.0,,,3.1864,,,0.773014777131094,1100,union-bank-of-india,Mid Cap,Mar-2025
19275,7232,1,NMDC Ltd.,Mining,Mining,Domestic Equities,451711.0,455770.0,-0.8905807753910964,3.1118,2.8476999999999997,9.274151069283992,0.754916954392587,1100,nmdc,Mid Cap,Mar-2025
19182,5589,1,Coromandel International Ltd.,Chemicals,Chemicals,Domestic Equities,15433.0,15512.0,-0.5092831356369262,3.0589999999999997,2.5858,18.299945858148348,0.742107771542812,1100,coromandel-international,Mid Cap,Mar-2025
133463,8505,1,Glenmark Pharmaceuticals Ltd.,Healthcare,Healthcare,Domestic Equities,19679.0,,,3.0326,,,0.735703180117925,1100,glenmark-pharmaceuticals,Mid Cap,Mar-2025
152238,8313,1,MRF Ltd.,Automobile & Ancillaries,Automobile & Ancillaries,Domestic Equities,264.0,267.0,-1.1235955056179776,2.9747000000000003,2.8135000000000003,5.729518393460104,0.721656746651979,1100,mrf,Mid Cap,Mar-2025
56674,5695,1,Supreme Industries Ltd.,Plastic Products,Plastic Products,Domestic Equities,8449.0,8524.0,-0.8798686062881277,2.8948,2.8376,2.0157879898505877,0.702273153665293,1100,supreme-industries,Mid Cap,Mar-2025
133642,6320,1,Petronet LNG Ltd.,Inds. Gases & Fuels,Industrials Gases & Fuels,Domestic Equities,97954.0,98852.0,-0.9084287621899405,2.8758999999999997,2.8005,2.6923763613640292,0.697688048440658,1100,petronet-lng,Mid Cap,Mar-2025
114652,92620,1,Indian Railway Catering And Tourism Corporation Ltd.,Hospitality,Hospitality,Domestic Equities,39424.0,,,2.8681,,,0.695795782792396,1100,indian-railway-catering-and-tourism-corporation,Mid Cap,Mar-2025
123299,91366,1,KPIT Technologies Ltd.,IT,Information Technology,Domestic Equities,21334.0,21505.0,-0.7951639153685189,2.7893,2.575,8.32233009708738,0.676679047781747,1100,kpit-technologies,Mid Cap,Mar-2025
677,6026,1,Oil India Ltd.,Crude Oil,Crude Oil,Domestic Equities,71280.0,71921.0,-0.8912556833191974,2.7568,2.4647,11.851340933987913,0.668794607580655,1100,oil-india,Mid Cap,Mar-2025
352,7184,1,Ipca Laboratories Ltd.,Healthcare,Healthcare,Domestic Equities,18162.0,17909.0,1.4126975263833825,2.7278,2.4273,12.380010711490126,0.66175926093968,1100,ipca-laboratories,Mid Cap,Mar-2025
1427,98308,1,Sona BLW Precision Forgings Ltd.,Automobile & Ancillaries,Automobile & Ancillaries,Domestic Equities,58636.0,59090.0,-0.7683195126078863,2.7043,2.9185000000000003,-7.339386671235229,0.656058204178891,1100,sona-blw-precision-forgings,Mid Cap,Mar-2025
171336,8097,1,JK Cement Ltd.,Construction Materials,Construction Materials,Domestic Equities,5468.0,5518.0,-0.9061254077564335,2.6972000000000005,2.4219999999999997,11.36251032204791,0.654335757242652,1100,jk-cement,Mid Cap,Mar-2025
79,7951,1,Balkrishna Industries Ltd.,Automobile & Ancillaries,Automobile & Ancillaries,Domestic Equities,10468.0,10598.0,-1.2266465370824684,2.6744,2.7721,-3.524403881533849,0.648804519193886,1100,balkrishna-industries,Mid Cap,Mar-2025
152296,7356,1,Patanjali Foods Ltd.,FMCG,Fast Moving Consumer Goods,Domestic Equities,14482.0,14473.0,0.06218475782491536,2.6189,2.548,2.782574568288844,0.63534032131202,1100,patanjali-foods,Mid Cap,Mar-2025
153260,8051,1,Prestige Estates Projects Ltd.,Realty,Realty,Domestic Equities,22047.0,22245.0,-0.890087660148348,2.6112,2.5061,4.193767208012446,0.633472315479762,1100,prestige-estates-projects,Mid Cap,Mar-2025
756,88308,1,Rail Vikas Nigam Ltd.,Infrastructure,Infrastructure,Domestic Equities,74187.0,74879.0,-0.9241576409941372,2.6102999999999996,2.489,4.873443149859368,0.633253977135731,1100,rail-vikas-nigam,Large Cap,Mar-2025
151967,5716,1,GE Vernova T&D India Ltd.,Capital Goods,Capital Goods,Domestic Equities,16200.0,,,2.5252,,,0.612608873716871,1100,ge-vernova-td-india,Mid Cap,Mar-2025
153691,5278,1,Oberoi Realty Ltd.,Realty,Realty,Domestic Equities,15382.0,15521.0,-0.8955608530378196,2.5186,2.3041,9.309491775530583,0.611007725860649,1100,oberoi-realty,Mid Cap,Mar-2025
152608,7159,1,Indian Bank,Bank,Banking,Domestic Equities,46184.0,46599.0,-0.8905770510096783,2.4999000000000002,2.3803,5.024576734025126,0.606471140268021,1100,indian-bank,Mid Cap,Mar-2025
75891,5355,1,Container Corporation Of India Ltd.,Logistics,Logistics,Domestic Equities,36026.0,36350.0,-0.891334250343879,2.4916,2.2671,9.902518636143084,0.604457575539742,1100,container-corporation-of-india,Mid Cap,Mar-2025
133630,5815,1,Jindal Stainless Ltd.,Iron & Steel,Iron & Steel,Domestic Equities,42360.0,43026.0,-1.5479012690001395,2.4637000000000002,2.5164,-2.09426164361786,0.597689086874804,1100,jindal-stainless,Mid Cap,Mar-2025
171698,8307,1,Oracle Financial Services Software Ltd.,IT,Information Technology,Domestic Equities,3091.0,3113.0,-0.7067137809187279,2.4267,2.4169,0.40547809177044547,0.588712954953561,1100,oracle-financial-services-software,Mid Cap,Mar-2025
171509,5522,1,Tata Communications Ltd.,Telecom,Telecom,Domestic Equities,15349.0,15487.0,-0.8910699296183896,2.4224,2.0946000000000002,15.649766065119833,0.587669782865416,1100,tata-communications,Mid Cap,Mar-2025
152323,7533,1,Tata Elxsi Ltd.,IT,Information Technology,Domestic Equities,4530.0,4571.0,-0.8969590899146794,2.3622,2.4734,-4.495835691760332,0.573065373631393,1100,tata-elxsi,Mid Cap,Mar-2025
171444,98250,1,Kalyan Jewellers India Ltd.,Diamond  &  Jewellery,Diamond & Jewellery,Domestic Equities,50194.0,50576.0,-0.7552989560265738,2.3453,2.3379,0.3165233756790321,0.568965464726825,1100,kalyan-jewellers-india,Mid Cap,Mar-2025
113892,8292,1,KEI Industries Ltd.,Electricals,Electricals,Domestic Equities,8056.0,8128.0,-0.8858267716535433,2.3305000000000002,2.4954,-6.608159012583145,0.565375011958327,1100,kei-industries,Mid Cap,Mar-2025
152616,7532,1,Vodafone Idea Ltd.,Telecom,Telecom,Domestic Equities,3390713.0,3423632.0,-0.9615227337517583,2.3057,2.5848,-10.797740637573515,0.559358577589494,1100,vodafone-idea,Mid Cap,Mar-2025
152207,5372,1,LIC Housing Finance Ltd.,Finance,Finance,Domestic Equities,39297.0,39660.0,-0.9152798789712556,2.2158,1.9707,12.437205054041721,0.537549003002472,1100,lic-housing-finance,Mid Cap,Mar-2025
133407,5997,1,Hindustan Zinc Ltd.,Non - Ferrous Metals,Non - Ferrous Metals,Domestic Equities,47924.0,39322.0,21.87579472051269,2.2136,1.5367,44.048936031756384,0.537015287050398,1100,hindustan-zinc,Large Cap,Mar-2025
152519,8782,1,Mahindra & Mahindra Financial Services Ltd.,Finance,Finance,Domestic Equities,77366.0,78033.0,-0.8547665731165021,2.1895,2.1116,3.689145671528695,0.531168671393588,1100,mahindra-mahindra-financial-services,Mid Cap,Mar-2025
97125,90518,1,Adani Total Gas Ltd.,Gas Transmission,Gas Transmission,Domestic Equities,36253.0,,,2.1846,,,0.529979940409424,1100,adani-total-gas,Mid Cap,Mar-2025
133351,5368,1,Steel Authority Of India Ltd.,Iron & Steel,Iron & Steel,Domestic Equities,188935.0,190631.0,-0.8896769150872628,2.1762,2.002,8.70129870129871,0.527942115865141,1100,steel-authority-of-india,Mid Cap,Mar-2025
173672,92657,1,Gujarat Fluorochemicals Ltd.,Chemicals,Chemicals,Domestic Equities,5338.0,5386.0,-0.8911994058670627,2.1474,1.9308,11.218147917961465,0.520955288856173,1100,gujarat-fluorochemicals,Mid Cap,Mar-2025
171886,6139,1,Exide Industries Ltd.,Automobile & Ancillaries,Automobile & Ancillaries,Domestic Equities,59477.0,60018.0,-0.901396247792329,2.1438,2.0874,2.701925840758832,0.520081935480052,1100,exide-industries,Mid Cap,Mar-2025
134830,88309,1,Mazagon Dock Shipbuilders Ltd.,Ship Building,Ship Building,Domestic Equities,8020.0,8091.0,-0.8775182301322457,2.1203,1.7242,22.972972972972983,0.514380878719263,1100,mazagon-dock-shipbuilders,Mid Cap,Mar-2025
177212,94646,1,Hitachi Energy India Ltd.,Capital Goods,Capital Goods,Domestic Equities,1661.0,1386.0,19.841269841269842,2.1018,1.564,34.38618925831202,0.509892812758641,1100,hitachi-energy-india,Mid Cap,Mar-2025
152367,6359,1,Abbott India Ltd.,Healthcare,Healthcare,Domestic Equities,681.0,687.0,-0.8733624454148471,2.0921000000000003,2.0882,0.1867637199502034,0.507539610606315,1100,abbott-india,Mid Cap,Mar-2025
171434,4916,1,Astral Ltd.,Plastic Products,Plastic Products,Domestic Equities,16103.0,16302.0,-1.2207091154459575,2.0841,2.18,-4.399082568807341,0.505598825326046,1100,astral,Mid Cap,Mar-2025
133439,5473,1,National Aluminium Company Ltd.,Non - Ferrous Metals,Non - Ferrous Metals,Domestic Equities,117203.0,,,2.0572999999999997,,,0.499097194637145,1100,national-aluminium-company,Mid Cap,Mar-2025
171840,6541,1,UNO Minda Ltd.,Automobile & Ancillaries,Automobile & Ancillaries,Domestic Equities,23367.0,23577.0,-0.8906985621580354,2.0458000000000003,1.9472,5.063681183237477,0.496307315796759,1100,uno-minda,Mid Cap,Mar-2025
75659,6055,1,Lloyds Metals & Energy Ltd.,Iron & Steel,Iron & Steel,Domestic Equities,15887.0,16007.0,-0.7496720184919098,2.0450999999999997,1.6344999999999998,25.120832058733562,0.496137497084735,1100,lloyds-metals-energy,Mid Cap,Mar-2025
133643,6434,1,Biocon Ltd.,Healthcare,Healthcare,Domestic Equities,58860.0,59365.0,-0.8506695864566665,2.0112,1.7955,12.013366750208851,0.487913419459596,1100,biocon,Mid Cap,Mar-2025
135555,92715,1,360 One Wam Ltd.,Finance,Finance,Domestic Equities,20960.0,,,1.9758000000000002,,,0.479325444594406,1100,360-one-wam,Mid Cap,Mar-2025
47051,90577,1,Dalmia Bharat Ltd.,Construction Materials,Construction Materials,Domestic Equities,10409.0,10541.0,-1.2522531069158525,1.8961000000000001,1.7811000000000001,6.456684071641121,0.459990371239727,1100,dalmia-bharat,Mid Cap,Mar-2025
171333,7587,1,United Breweries Ltd.,Alcohol,Alcohol,Domestic Equities,9435.0,9927.0,-4.95618011483832,1.8862999999999999,1.9319,-2.360370619597289,0.457612909271398,1100,united-breweries,Mid Cap,Mar-2025
133635,5732,1,Indraprastha Gas Ltd.,Gas Transmission,Gas Transmission,Domestic Equities,91675.0,92502.0,-0.8940347235735443,1.8621,1.7527000000000001,6.241798368231869,0.451742033798585,1100,indraprastha-gas,Mid Cap,Mar-2025
171433,6783,1,Berger Paints India Ltd.,Chemicals,Chemicals,Domestic Equities,37213.0,37552.0,-0.9027481891776736,1.8614,1.8346,1.4608088956720693,0.451572215086561,1100,berger-paints-india,Mid Cap,Mar-2025
152325,5528,1,Thermax Ltd.,Capital Goods,Capital Goods,Domestic Equities,5063.0,5107.0,-0.8615625611905228,1.8500999999999999,1.659,11.518987341772142,0.448830855878181,1100,thermax,Mid Cap,Mar-2025
171565,6678,1,Apollo Tyres Ltd.,Automobile & Ancillaries,Automobile & Ancillaries,Domestic Equities,42152.0,43891.0,-3.962087899569388,1.7959,1.6428,9.319454589724861,0.43568203560436,1100,apollo-tyres,Small Cap,Mar-2025
19805,15724,1,Syngene International Ltd.,Business Services,Healthcare,Domestic Equities,24713.0,23845.0,3.6401761375550428,1.7947,1.5556,15.37027513499614,0.435390917812319,1100,syngene-international,Mid Cap,Mar-2025
19183,6082,1,Deepak Nitrite Ltd.,Chemicals,Chemicals,Domestic Equities,8984.0,9063.0,-0.8716760454595608,1.7821,1.6778,6.216473953987369,0.432334180995896,1100,deepak-nitrite,Mid Cap,Mar-2025
19098,6973,1,Schaeffler India Ltd.,Automobile & Ancillaries,Automobile & Ancillaries,Domestic Equities,5259.0,5310.0,-0.96045197740113,1.7756,1.6255000000000002,9.234081820978155,0.430757292955677,1100,schaeffler-india,Mid Cap,Mar-2025
79346,86555,1,Aditya Birla Capital Ltd.,Finance,Finance,Domestic Equities,93203.0,93868.0,-0.7084416414539566,1.7249,1.4674,17.54804415973831,0.418457566241973,1100,aditya-birla-capital,Mid Cap,Mar-2025
152079,6815,1,Linde India Ltd.,Inds. Gases & Fuels,Industrials Gases & Fuels,Domestic Equities,2749.0,2773.0,-0.865488640461594,1.7202000000000002,1.6436000000000002,4.660501338525186,0.417317354889815,1100,linde-india,Mid Cap,Mar-2025
152324,4941,1,ACC Ltd.,Construction Materials,Construction Materials,Domestic Equities,8808.0,8972.0,-1.8279090503789568,1.7111,1.6316,4.872517773964217,0.41510971163351,1100,acc,Mid Cap,Mar-2025
57541,86814,1,General Insurance Corporation of India,Insurance,Finance,Domestic Equities,40413.0,40776.0,-0.8902295467922308,1.7018,1.5042,13.136550990559781,0.412853548745197,1100,general-insurance-corporation-of-india,Mid Cap,Mar-2025
114414,5238,1,Bank Of India,Bank,Banking,Domestic Equities,158814.0,160241.0,-0.890533633714218,1.7012,1.5249000000000001,11.561413863204141,0.412707989849177,1100,bank-of-india,Mid Cap,Mar-2025
152486,5772,1,AIA Engineering Ltd.,Automobile & Ancillaries,Automobile & Ancillaries,Domestic Equities,5073.0,5119.0,-0.8986130103535847,1.7003,1.608,5.740049751243774,0.412489651505147,1100,aia-engineering,Mid Cap,Mar-2025
97743,96921,1,Gland Pharma Ltd.,Healthcare,Healthcare,Domestic Equities,10400.0,10494.0,-0.8957499523537259,1.6561000000000001,1.6295,1.6324025774777693,0.401766812831661,1100,gland-pharma,Small Cap,Mar-2025
44430,82482,1,L&T Technology Services Ltd.,IT,Information Technology,Domestic Equities,3591.0,3621.0,-0.8285004142502072,1.6166,1.6415,-1.5169052695705203,0.392184185510333,1100,lt-technology-services,Mid Cap,Mar-2025
1704,6920,1,L&T Finance Ltd.,Finance,Finance,Domestic Equities,104888.0,106156.0,-1.194468518030069,1.6071,1.4302000000000001,12.36889945462173,0.389879502990014,1100,lt-finance,Mid Cap,Mar-2025
83342,79963,1,Bandhan Bank Ltd.,Bank,Banking,Domestic Equities,108574.0,109699.0,-1.0255335053191004,1.5881999999999998,1.5488,2.5439049586776843,0.385294397765379,1100,bandhan-bank,Small Cap,Mar-2025
95549,7450,1,Aditya Birla Fashion and Retail Ltd.,Retailing,Retailing,Domestic Equities,61343.0,56192.0,9.166785307517085,1.5719999999999998,1.3607,15.528771955611079,0.381364307572834,1100,aditya-birla-fashion-and-retail,Mid Cap,Mar-2025
152386,5556,1,Glaxosmithkline Pharmaceuticals Ltd.,Healthcare,Healthcare,Domestic Equities,5409.0,5459.0,-0.9159186664224217,1.558,1.3513,15.296381262487987,0.377967933332364,1100,glaxosmithkline-pharmaceuticals,Mid Cap,Mar-2025
134823,84770,1,Cochin Shipyard Ltd.,Ship Building,Ship Building,Domestic Equities,11062.0,11161.0,-0.8870172923573156,1.5574000000000001,1.4158000000000002,10.001412628902385,0.377822374436344,1100,cochin-shipyard,Mid Cap,Mar-2025
57781,87827,1,Bharat Dynamics Ltd.,Capital Goods,Capital Goods,Domestic Equities,12045.0,12153.0,-0.8886694643297952,1.5434,1.1854,30.200776109330178,0.374426000195873,1100,bharat-dynamics,Mid Cap,Mar-2025
171948,7104,1,Emami Ltd.,FMCG,Fast Moving Consumer Goods,Domestic Equities,25768.0,26003.0,-0.9037418759373919,1.4943,1.3780000000000001,8.439767779390417,0.362514430538223,1100,emami,Small Cap,Mar-2025
133495,5019,1,Ajanta Pharma Ltd.,Healthcare,Healthcare,Domestic Equities,5501.0,5551.0,-0.9007386056566384,1.4428999999999998,1.38,4.557971014492748,0.350044885112495,1100,ajanta-pharma,Mid Cap,Mar-2025
76174,111823,1,Bharti Hexacom Ltd.,Telecom,Telecom,Domestic Equities,9829.0,9917.0,-0.8873651305838458,1.4387999999999999,1.2936,11.224489795918352,0.349050232656358,1100,bharti-hexacom,Mid Cap,Mar-2025
114654,92672,1,Indian Renewable Energy Development Agency Ltd.,Finance,Finance,Domestic Equities,88057.0,88848.0,-0.8902845308842068,1.4141,1.3862,2.012696580579997,0.343058058103527,1100,indian-renewable-energy-development-agency,Mid Cap,Mar-2025
152370,5063,1,Escorts Kubota Ltd.,Automobile & Ancillaries,Automobile & Ancillaries,Domestic Equities,4335.0,4378.0,-0.9821836455002284,1.4088999999999998,1.256,12.173566878980886,0.341796547671353,1100,escorts-kubota,Mid Cap,Mar-2025
171580,109023,1,Tata Technologies Ltd.,IT,Information Technology,Domestic Equities,20155.0,20335.0,-0.8851733464470126,1.3703,1.3659999999999999,0.31478770131772094,0.332432258694055,1100,tata-technologies,Mid Cap,Mar-2025
133333,4917,1,CRISIL Ltd.,Ratings,Ratings,Domestic Equities,3185.0,3214.0,-0.9023024268823895,1.331,1.4103999999999999,-5.629608621667611,0.322898151004735,1100,crisil,Mid Cap,Mar-2025
797,86851,1,Nippon Life India Asset Management Ltd.,Finance,Finance,Domestic Equities,22861.0,22973.0,-0.48752883820136683,1.3226,1.1792,12.1607869742198,0.320860326460452,1100,nippon-life-india-asset-management,Mid Cap,Mar-2025
115032,83788,1,Housing & Urban Development Corporation Ltd.,Finance,Finance,Domestic Equities,65589.0,66179.0,-0.8915214796234454,1.3082,1.0929,19.69988105041631,0.317366912955968,1100,housing-urban-development-corporation,Mid Cap,Mar-2025
102429,100653,1,Global Health Ltd.,Healthcare,Healthcare,Domestic Equities,10880.0,10960.0,-0.7299270072992701,1.3037999999999998,1.26,3.4761904761904723,0.31629948105182,1100,global-health,Small Cap,Mar-2025
133445,6416,1,Apar Industries Ltd.,Capital Goods,Capital Goods,Domestic Equities,2208.0,,,1.2231999999999998,,,0.296746069353111,1100,apar-industries,Mid Cap,Mar-2025
171485,6291,1,Motilal Oswal Financial Services Ltd.,Finance,Finance,Domestic Equities,19419.0,,,1.1948999999999999,,,0.28988054142416,1100,motilal-oswal-financial-services,Mid Cap,Mar-2025
509,8487,1,K.P.R. Mill Ltd.,Textile,Textile,Domestic Equities,13121.0,13243.0,-0.9212414105565204,1.1894,1.0615999999999999,12.038432554634515,0.288546251543975,1100,kpr-mill,Small Cap,Mar-2025
645,8087,1,IRB Infrastructure Developers Ltd.,Infrastructure,Infrastructure,Domestic Equities,259282.0,261653.0,-0.906161977886743,1.1709,1.1319,3.445534057778961,0.284058185583354,1100,irb-infrastructure-developers,Mid Cap,Mar-2025
196533,104025,1,Motherson Sumi Wiring India Ltd.,Iron & Steel,Iron & Steel,Domestic Equities,221628.0,223618.0,-0.8899104723233371,1.1549,1.051,9.88582302568982,0.280176615022816,1100,motherson-sumi-wiring-india,Small Cap,Mar-2025
78882,109773,1,JSW Infrastructure Ltd.,Logistics,Logistics,Domestic Equities,35499.0,35658.0,-0.4459027427225307,1.1353,0.9084,24.977983267283133,0.275421691086157,1100,jsw-infrastructure,Mid Cap,Mar-2025
57345,99844,1,AWL Agri Business Ltd.,FMCG,Fast Moving Consumer Goods,Domestic Equities,43096.0,20844.0,106.75494146996738,1.1133,0.5131,116.97524848957318,0.270084531565418,1100,awl-agri-business,Mid Cap,Mar-2025
13,7543,1,Tata Investment Corporation Ltd.,Finance,Finance,Domestic Equities,1698.0,1747.0,-2.8048082427017746,1.0727,1.0595999999999999,1.2363155907889791,0.260235046268053,1100,tata-investment-corporation,Mid Cap,Mar-2025
152064,6806,1,3M India Ltd.,Diversified,Diversified,Domestic Equities,369.0,372.0,-0.8064516129032258,1.0659999999999998,0.9783,8.96453030767658,0.258609638595828,1100,3m-india,Mid Cap,Mar-2025
58178,99657,1,Star Health and Allied Insurance Company Ltd.,Insurance,Finance,Domestic Equities,29483.0,29004.0,1.6514963453316784,1.0515,1.0885,-3.399173174092778,0.255091965275341,1100,star-health-and-allied-insurance-company,Small Cap,Mar-2025
171853,7249,1,NLC India Ltd.,Power,Power,Domestic Equities,42639.0,43022.0,-0.8902422016642647,1.0432,0.8906999999999999,17.121365218367576,0.253078400547062,1100,nlc-india,Mid Cap,Mar-2025
222979,112566,1,Vishal Mega Mart Ltd.,Retailing,Retailing,Domestic Equities,97611.0,,,1.0175,,,0.246843627834198,1100,vishal-mega-mart,Mid Cap,Mar-2025
222201,112407,1,NTPC Green Energy Ltd.,Power,Power,Domestic Equities,97375.0,,,0.9797,,,0.237673417384927,1100,ntpc-green-energy,Large Cap,Mar-2025
113787,7539,1,Honeywell Automation India Ltd.,Consumer Durables,Consumer Durables,Domestic Equities,287.0,290.0,-1.0344827586206897,0.9667,0.9773000000000001,-1.0846208943006264,0.23451964130449,1100,honeywell-automation-india,Mid Cap,Mar-2025
133645,6755,1,Bank Of Maharashtra,Bank,Banking,Domestic Equities,205617.0,207464.0,-0.8902749392665715,0.9528,0.9628,-1.038637307852098,0.231147526880023,1100,bank-of-maharashtra,Mid Cap,Mar-2025
137768,15760,1,Gujarat Gas Ltd.,Gas Transmission,Gas Transmission,Domestic Equities,22529.0,22743.0,-0.9409488633865365,0.929,0.8423,10.293244687166094,0.225373690671223,1100,gujarat-gas,Mid Cap,Mar-2025
133387,5868,1,Godrej Industries Ltd.,Chemicals,Chemicals,Domestic Equities,8102.0,8418.0,-3.753860774530767,0.9189,0.924,-0.5519480519480574,0.222923449254884,1100,godrej-industries,Mid Cap,Mar-2025
171394,82477,1,Endurance Technologies Ltd.,Automobile & Ancillaries,Automobile & Ancillaries,Domestic Equities,4608.0,4650.0,-0.903225806451613,0.907,0.8210999999999999,10.461575934721719,0.220036531150484,1100,endurance-technologies,Mid Cap,Mar-2025
1840,4901,1,SJVN Ltd.,Power,Power,Domestic Equities,93482.0,94324.0,-0.892667825791951,0.8562000000000001,0.7934,7.915301235190321,0.207712544620777,1100,sjvn,Mid Cap,Mar-2025
152532,6617,1,Sun TV Network Ltd.,Media & Entertainment,Media & Entertainment,Domestic Equities,12911.0,11205.0,15.225345827755465,0.8392000000000001,0.6292,33.37571519389701,0.203588375900205,1100,sun-tv-network,Small Cap,Mar-2025
77359,100627,1,Waaree Energies Ltd.,Capital Goods,Capital Goods,Domestic Equities,3446.0,,,0.8286,,,0.201016835403849,1100,waaree-energies,Mid Cap,Mar-2025
217845,112026,1,Premier Energies Ltd.,Electricals,Electricals,Domestic Equities,8616.0,,,0.8081,,,0.19604357312316,1100,premier-energies,Mid Cap,Mar-2025
176199,111753,1,OLA Electric Mobility Ltd.,Automobile & Ancillaries,Automobile & Ancillaries,Domestic Equities,116593.0,,,0.6185,,,0.150046961980788,1100,ola-electric-mobility,Mid Cap,Mar-2025
58164,86911,1,The New India Assurance Company Ltd.,Insurance,Finance,Domestic Equities,31453.0,31735.0,-0.8886087915550653,0.486,0.451,7.760532150776053,0.117902705776334,1100,the-new-india-assurance-company,Mid Cap,Mar-2025
171883,5324,1,Mangalore Refinery And Petrochemicals Ltd.,Crude Oil,Crude Oil,Domestic Equities,23330.0,24165.0,-3.45541071798055,0.3136,0.2557,22.64372311302307,0.07607878298654,1100,mangalore-refinery-and-petrochemicals,Small Cap,Mar-2025
76200,82667,1,BSE Ltd.,Finance,Finance,Domestic Equities,17944.0,17740.0,1.1499436302142052,11.410599999999999,9.7212,17.378512940789197,2.63230629196639,1100,bse,Mid Cap,Apr-2025
77009,96064,1,Max Healthcare Institute Ltd.,Healthcare,Healthcare,Domestic Equities,98249.0,97134.0,1.1478987790063213,10.7897,10.6551,1.2632448311137423,2.48907114423692,1100,max-healthcare-institute,Mid Cap,Apr-2025
152473,5056,1,Suzlon Energy Ltd.,Capital Goods,Capital Goods,Domestic Equities,1569119.0,1551307.0,1.1481931042662734,8.8498,8.7897,0.6837548494260317,2.04155646702576,1100,suzlon-energy,Mid Cap,Apr-2025
57445,86554,1,Dixon Technologies (India) Ltd.,Consumer Durables,Consumer Durables,Domestic Equities,5098.0,5040.0,1.150793650793651,8.3872,6.6425,26.26571321038766,1.93483947662529,1100,dixon-technologies-india,Mid Cap,Apr-2025
95548,5980,1,Persistent Systems Ltd.,IT,Information Technology,Domestic Equities,14076.0,13916.0,1.1497556769186548,7.4905,7.672899999999999,-2.3771976697207067,1.72798014828092,1100,persistent-systems,Mid Cap,Apr-2025
38803,5403,1,Indus Towers Ltd.,Telecom,Telecom,Domestic Equities,174719.0,172735.0,1.1485801950965353,7.132000000000001,5.774500000000001,23.50852887695904,1.64527794106395,1100,indus-towers,Large Cap,Apr-2025
157113,99763,1,PB Fintech Ltd.,IT,Information Technology,Domestic Equities,43747.0,43251.0,1.1467942937735545,7.1102,6.875800000000001,3.409057855085945,1.64024890865857,1100,pb-fintech,Mid Cap,Apr-2025
152211,6247,1,Lupin Ltd.,Healthcare,Healthcare,Domestic Equities,31931.0,31569.0,1.1466945421140993,6.6915,6.402,4.522024367385182,1.54365918993682,1100,lupin,Mid Cap,Apr-2025
133657,7260,1,Coforge Ltd.,IT,Information Technology,Domestic Equities,8805.0,8705.0,1.1487650775416427,6.4321,7.0591,-8.882152115708793,1.48381831810396,1100,coforge,Mid Cap,Apr-2025
171685,5596,1,The Federal Bank Ltd.,Bank,Banking,Domestic Equities,324115.0,320436.0,1.1481231821643012,6.374700000000001,6.175800000000001,3.220635383270181,1.47057673736685,1100,the-federal-bank,Mid Cap,Apr-2025
114530,88033,1,HDFC Asset Management Company Ltd.,Finance,Finance,Domestic Equities,13412.0,13260.0,1.1463046757164403,5.8669,5.3224,10.230347211784165,1.3534325788598,1100,hdfc-asset-management-company,Mid Cap,Apr-2025
165,7447,1,SRF Ltd.,Chemicals,Chemicals,Domestic Equities,19182.0,18964.0,1.1495465091752795,5.771699999999999,5.5738,3.550540026552794,1.33147093275923,1100,srf,Mid Cap,Apr-2025
7737,15826,1,IDFC First Bank Ltd.,Bank,Banking,Domestic Equities,819593.0,810289.0,1.148232297365508,5.318300000000001,4.4533,19.42379808232099,1.22687628630965,1100,idfc-first-bank,Mid Cap,Apr-2025
171877,6125,1,Cummins India Ltd.,Automobile & Ancillaries,Automobile & Ancillaries,Domestic Equities,17885.0,17682.0,1.1480601741884402,5.1784,5.3963,-4.037951930026122,1.19460281688244,1100,cummins-india,Large Cap,Apr-2025
141614,85778,1,AU Small Finance Bank Ltd.,Bank,Banking,Domestic Equities,74211.0,73369.0,1.1476236557674222,5.0360000000000005,3.9223000000000003,28.394054508834106,1.16175262355553,1100,au-small-finance-bank,Mid Cap,Apr-2025
171327,5699,1,Marico Ltd.,FMCG,Fast Moving Consumer Goods,Domestic Equities,69770.0,68978.0,1.1481921772159238,4.9568,4.495,10.273637374860959,1.14348201041304,1100,marico,Mid Cap,Apr-2025
171365,5279,1,Hindustan Petroleum Corporation Ltd.,Crude Oil,Crude Oil,Domestic Equities,126986.0,125544.0,1.148601287198114,4.809,4.524,6.299734748010611,1.10938609346278,1100,hindustan-petroleum-corporation,Mid Cap,Apr-2025
599,7495,1,Sundaram Finance Ltd.,Finance,Finance,Domestic Equities,9100.0,8997.0,1.1448260531288208,4.7835,4.1156,16.228496452522116,1.10350350968584,1100,sundaram-finance,Mid Cap,Apr-2025
152636,5140,1,Fortis Healthcare Ltd.,Healthcare,Healthcare,Domestic Equities,68887.0,68105.0,1.1482270024227297,4.7225,4.7561,-0.7064611761737586,1.08943144653316,1100,fortis-healthcare,Mid Cap,Apr-2025
171465,6543,1,Aurobindo Pharma Ltd.,Healthcare,Healthcare,Domestic Equities,36973.0,36553.0,1.1490164965939869,4.5443999999999996,4.242,7.128712871287131,1.04834563591854,1100,aurobindo-pharma,Mid Cap,Apr-2025
171820,5969,1,Colgate-Palmolive (India) Ltd.,FMCG,Fast Moving Consumer Goods,Domestic Equities,17418.0,17221.0,1.1439521514430058,4.5067,4.1155,9.505527882395821,1.03964863951106,1100,colgate-palmolive-india,Mid Cap,Apr-2025
171635,7381,1,UPL Ltd.,Chemicals,Chemicals,Domestic Equities,66904.0,66144.0,1.1490082244799227,4.4818999999999996,4.2084,6.4989069480087505,1.03392753842604,1100,upl,Mid Cap,Apr-2025
152222,5634,1,Max Financial Services Ltd.,Finance,Finance,Domestic Equities,34105.0,33718.0,1.147754908357554,4.4507,3.8698,15.011111685358408,1.02673002415779,1100,max-financial-services,Mid Cap,Apr-2025
152455,7030,1,Yes Bank Ltd.,Bank,Banking,Domestic Equities,2492454.0,2464159.0,1.1482619425126381,4.4166,4.1594999999999995,6.181031373963226,1.01886351016588,1100,yes-bank,Mid Cap,Apr-2025
171946,6864,1,Godrej Properties Ltd.,Realty,Realty,Domestic Equities,19938.0,19711.0,1.151641215564913,4.3096,4.1977,2.6657455273125756,0.994179727258722,1100,godrej-properties,Mid Cap,Apr-2025
171659,5756,1,Ashok Leyland Ltd.,Automobile & Ancillaries,Automobile & Ancillaries,Domestic Equities,189089.0,186942.0,1.148484556707428,4.260400000000001,3.8177,11.595987112659465,0.982829800912627,1100,ashok-leyland,Mid Cap,Apr-2025
171839,6306,1,Solar Industries India Ltd.,Chemicals,Chemicals,Domestic Equities,3220.0,3183.0,1.1624253848570532,4.2414,3.5789999999999997,18.50796311818944,0.978446699274908,1100,solar-industries-india,Mid Cap,Apr-2025
152551,7908,1,GMR Airports Ltd.,Infrastructure,Aviation,Domestic Equities,474101.0,468719.0,1.148235936669945,4.1337,3.5496,16.455375253549704,0.953601433675835,1100,gmr-airports,Mid Cap,Apr-2025
101370,86936,1,Tube Investments of India Ltd.,Automobile & Ancillaries,Automobile & Ancillaries,Domestic Equities,14217.0,14055.0,1.152614727854856,4.1209,3.8923,5.8731341366287175,0.950648607309371,1100,tube-investments-of-india,Mid Cap,Apr-2025
122,5767,1,The Phoenix Mills Ltd.,Realty,Realty,Domestic Equities,24649.0,24369.0,1.1490007796791004,4.102799999999999,4.0046,2.452179993008039,0.946473126275544,1100,the-phoenix-mills,Mid Cap,Apr-2025
152118,7308,1,PI Industries Ltd.,Chemicals,Chemicals,Domestic Equities,10708.0,10586.0,1.152465520498772,3.8979000000000004,3.6291,7.406795073158633,0.899204835456138,1100,pi-industries,Mid Cap,Apr-2025
152369,6790,1,Bharat Forge Ltd.,Automobile & Ancillaries,Automobile & Ancillaries,Domestic Equities,35252.0,34852.0,1.147710317915758,3.8925,4.0747,-4.471494833975513,0.897959111832786,1100,bharat-forge,Mid Cap,Apr-2025
152795,99590,1,One97 Communications Ltd.,IT,Information Technology,Domestic Equities,45001.0,44490.0,1.1485727129692065,3.8914999999999997,3.4856,11.645053936194621,0.897728422272906,1100,one97-communications,Mid Cap,Apr-2025
587,7648,1,APL Apollo Tubes Ltd.,Iron & Steel,Iron & Steel,Domestic Equities,23947.0,23675.0,1.1488912354804646,3.8789,3.611,7.418997507615608,0.894821733818418,1100,apl-apollo-tubes,Mid Cap,Apr-2025
152574,8059,1,Torrent Power Ltd.,Power,Power,Domestic Equities,25150.0,24864.0,1.1502574002574004,3.8708,3.6969,4.703941139873945,0.89295314838339,1100,torrent-power,Mid Cap,Apr-2025
133342,5963,1,Bharat Heavy Electricals Ltd.,Capital Goods,Capital Goods,Domestic Equities,169914.0,167985.0,1.14831681400125,3.8543000000000003,3.6357,6.012597299007073,0.889146770645371,1100,bharat-heavy-electricals,Mid Cap,Apr-2025
171321,7864,1,Page Industries Ltd.,Textile,Textile,Domestic Equities,833.0,823.0,1.2150668286755772,3.7997,3.5137,8.139567976776624,0.876551120675925,1100,page-industries,Mid Cap,Apr-2025
152379,5838,1,Voltas Ltd.,Consumer Durables,Consumer Durables,Domestic Equities,30093.0,29751.0,1.1495411918927094,3.7198,4.3398,-14.286372643900641,0.858119024841515,1100,voltas,Mid Cap,Apr-2025
19255,6350,1,Mphasis Ltd.,IT,Information Technology,Domestic Equities,15025.0,14854.0,1.1512050626093981,3.7097,3.7138,-0.11039905218373854,0.855789060286727,1100,mphasis,Mid Cap,Apr-2025
134131,90516,1,Polycab India Ltd.,Electricals,Electricals,Domestic Equities,6667.0,6591.0,1.153087543620088,3.6801999999999997,3.3930000000000002,8.464485705865007,0.848983718270268,1100,polycab-india,Large Cap,Apr-2025
1152,105806,1,Mankind Pharma Ltd.,Healthcare,Healthcare,Domestic Equities,14926.0,14757.0,1.1452192179982381,3.6797000000000004,3.5782,2.8366217651333168,0.848868373490328,1100,mankind-pharma,Mid Cap,Apr-2025
96004,7992,1,Jubilant FoodWorks Ltd.,FMCG,Fast Moving Consumer Goods,Domestic Equities,50307.0,49736.0,1.1480617661251409,3.5989999999999998,3.3042000000000002,8.921978088493422,0.830251726008014,1100,jubilant-foodworks,Mid Cap,Apr-2025
38931,15891,1,Alkem Laboratories Ltd.,Healthcare,Healthcare,Domestic Equities,7026.0,6946.0,1.151742009789807,3.5945,3.3908,6.007431874483899,0.829213622988555,1100,alkem-laboratories,Mid Cap,Apr-2025
152238,8313,1,MRF Ltd.,Automobile & Ancillaries,Automobile & Ancillaries,Domestic Equities,267.0,264.0,1.1363636363636365,3.5913,2.9747000000000003,20.728140652838928,0.828475416396939,1100,mrf,Mid Cap,Apr-2025
153586,8183,1,NHPC Ltd.,Power,Power,Domestic Equities,418258.0,413510.0,1.1482189064351527,3.5882,3.3991000000000002,5.563237327527865,0.827760278761311,1100,nhpc,Mid Cap,Apr-2025
191600,99819,1,FSN E-Commerce Ventures Ltd.,Retailing,Information Technology,Domestic Equities,180159.0,178114.0,1.148141078185881,3.5018000000000002,3.1897,9.784619243189008,0.807828700787681,1100,fsn-e-commerce-ventures,Mid Cap,Apr-2025
77639,92991,1,SBI Cards And Payment Services Ltd.,Finance,Finance,Domestic Equities,39595.0,39146.0,1.1469881980278958,3.4588,3.4492000000000003,0.2783254087904382,0.797909049712842,1100,sbi-cards-and-payment-services,Mid Cap,Apr-2025
19182,5589,1,Coromandel International Ltd.,Chemicals,Chemicals,Domestic Equities,15610.0,15433.0,1.1468930214475475,3.4564,3.0589999999999997,12.991173586139265,0.797355394769131,1100,coromandel-international,Mid Cap,Apr-2025
133608,7612,1,Union Bank Of India,Bank,Banking,Domestic Equities,255432.0,252532.0,1.148369315571888,3.2127999999999997,3.1864,0.8285212151644448,0.74115941798237,1100,union-bank-of-india,Mid Cap,Apr-2025
133642,6320,1,Petronet LNG Ltd.,Inds. Gases & Fuels,Industrials Gases & Fuels,Domestic Equities,99079.0,97954.0,1.1484982747003696,3.1086,2.8758999999999997,8.09138008971106,0.717121565842877,1100,petronet-lng,Mid Cap,Apr-2025
77293,6578,1,Muthoot Finance Ltd.,Finance,Finance,Domestic Equities,14174.0,14013.0,1.1489331335188753,3.0756,3.3392,-7.894106372783904,0.709508810366838,1100,muthoot-finance,Mid Cap,Apr-2025
153260,8051,1,Prestige Estates Projects Ltd.,Realty,Realty,Domestic Equities,22300.0,22047.0,1.1475484192860705,3.0664999999999996,2.6112,17.43642769607842,0.70740953537193,1100,prestige-estates-projects,Mid Cap,Apr-2025
56674,5695,1,Supreme Industries Ltd.,Plastic Products,Plastic Products,Domestic Equities,8546.0,8449.0,1.1480648597467156,3.0244,2.8948,4.476993229238627,0.697697504900983,1100,supreme-industries,Mid Cap,Apr-2025
114652,92620,1,Indian Railway Catering And Tourism Corporation Ltd.,Hospitality,Hospitality,Domestic Equities,39877.0,39424.0,1.1490462662337662,2.9968,2.8681,4.48729123810188,0.691330473048296,1100,indian-railway-catering-and-tourism-corporation,Mid Cap,Apr-2025
677,6026,1,Oil India Ltd.,Crude Oil,Crude Oil,Domestic Equities,72098.0,71280.0,1.1475869809203143,2.9614,2.7568,7.421648287869987,0.683164062628545,1100,oil-india,Mid Cap,Apr-2025
19275,7232,1,NMDC Ltd.,Mining,Mining,Domestic Equities,456898.0,451711.0,1.1483005727113134,2.9602,3.1118,-4.871778391927509,0.682887235156689,1100,nmdc,Mid Cap,Apr-2025
133317,6810,1,Blue Star Ltd.,Consumer Durables,Consumer Durables,Domestic Equities,17153.0,16958.0,1.1498997523292842,2.9268,3.6229,-19.21388942559828,0.675182203856698,1100,blue-star,Mid Cap,Apr-2025
1427,98308,1,Sona BLW Precision Forgings Ltd.,Automobile & Ancillaries,Automobile & Ancillaries,Domestic Equities,59309.0,58636.0,1.1477590558701138,2.8537,2.7043,5.524534999815108,0.658318797029472,1100,sona-blw-precision-forgings,Mid Cap,Apr-2025
79,7951,1,Balkrishna Industries Ltd.,Automobile & Ancillaries,Automobile & Ancillaries,Domestic Equities,10588.0,10468.0,1.146350783339702,2.8324000000000003,2.6744,5.907867185163031,0.653405109404029,1100,balkrishna-industries,Mid Cap,Apr-2025
171336,8097,1,JK Cement Ltd.,Construction Materials,Construction Materials,Domestic Equities,5530.0,5468.0,1.1338697878566204,2.8273,2.6972000000000005,4.823520688121011,0.652228592648641,1100,jk-cement,Mid Cap,Apr-2025
152296,7356,1,Patanjali Foods Ltd.,FMCG,Fast Moving Consumer Goods,Domestic Equities,14649.0,14482.0,1.1531556414859825,2.7920999999999996,2.6189,6.613463667952191,0.644108320140866,1100,patanjali-foods,Mid Cap,Apr-2025
133463,8505,1,Glenmark Pharmaceuticals Ltd.,Healthcare,Healthcare,Domestic Equities,19905.0,19679.0,1.148432339041618,2.7493,3.0326,-9.34181890127283,0.634234806978003,1100,glenmark-pharmaceuticals,Mid Cap,Apr-2025
171698,8307,1,Oracle Financial Services Software Ltd.,IT,Information Technology,Domestic Equities,3127.0,3091.0,1.1646716273050794,2.7272000000000003,2.4267,12.383071661103573,0.629136567704656,1100,oracle-financial-services-software,Mid Cap,Apr-2025
123299,91366,1,KPIT Technologies Ltd.,IT,Information Technology,Domestic Equities,21579.0,21334.0,1.148401612449611,2.7051,2.7893,-3.0186785214928533,0.624038328431309,1100,kpit-technologies,Mid Cap,Apr-2025
152608,7159,1,Indian Bank,Bank,Banking,Domestic Equities,46714.0,46184.0,1.147583578728564,2.6431,2.4999000000000002,5.728229129165164,0.60973557571875,1100,indian-bank,Mid Cap,Apr-2025
152323,7533,1,Tata Elxsi Ltd.,IT,Information Technology,Domestic Equities,4582.0,4530.0,1.1479028697571745,2.642,2.3622,11.844890356447376,0.609481817202883,1100,tata-elxsi,Mid Cap,Apr-2025
756,88308,1,Rail Vikas Nigam Ltd.,Infrastructure,Infrastructure,Domestic Equities,75039.0,74187.0,1.1484491892110478,2.6249000000000002,2.6102999999999996,0.5593226832165025,0.605537025728935,1100,rail-vikas-nigam,Large Cap,Apr-2025
171444,98250,1,Kalyan Jewellers India Ltd.,Diamond  &  Jewellery,Diamond & Jewellery,Domestic Equities,50771.0,50194.0,1.1495397856317489,2.6226,2.3453,11.823647294589174,0.605006439741211,1100,kalyan-jewellers-india,Mid Cap,Apr-2025
152616,7532,1,Vodafone Idea Ltd.,Telecom,Telecom,Domestic Equities,3649813.0,3390713.0,7.64146066033899,2.5987,2.3057,12.70763759378931,0.59949295926008,1100,vodafone-idea,Mid Cap,Apr-2025
352,7184,1,Ipca Laboratories Ltd.,Healthcare,Healthcare,Domestic Equities,18371.0,18162.0,1.1507543222112102,2.5741,2.7278,-5.634577315052405,0.593817996087033,1100,ipca-laboratories,Mid Cap,Apr-2025
151967,5716,1,GE Vernova T&D India Ltd.,Capital Goods,Capital Goods,Domestic Equities,16386.0,16200.0,1.1481481481481481,2.5662000000000003,2.5252,1.6236337715824465,0.591995548563981,1100,ge-vernova-td-india,Mid Cap,Apr-2025
153691,5278,1,Oberoi Realty Ltd.,Realty,Realty,Domestic Equities,15559.0,15382.0,1.1506956182551034,2.5542,2.5186,1.413483681410297,0.589227273845421,1100,oberoi-realty,Mid Cap,Apr-2025
133630,5815,1,Jindal Stainless Ltd.,Iron & Steel,Iron & Steel,Domestic Equities,42846.0,42360.0,1.1473087818696885,2.4984,2.4637000000000002,1.4084507042253516,0.576354796404119,1100,jindal-stainless,Mid Cap,Apr-2025
113892,8292,1,KEI Industries Ltd.,Electricals,Electricals,Domestic Equities,8149.0,8056.0,1.1544190665342602,2.4965,2.3305000000000002,7.122934992490879,0.575916486240347,1100,kei-industries,Mid Cap,Apr-2025
134830,88309,1,Mazagon Dock Shipbuilders Ltd.,Ship Building,Ship Building,Domestic Equities,8112.0,8020.0,1.14713216957606,2.4803,2.1203,16.978729425081358,0.572179315370291,1100,mazagon-dock-shipbuilders,Mid Cap,Apr-2025
171509,5522,1,Tata Communications Ltd.,Telecom,Telecom,Domestic Equities,15525.0,15349.0,1.1466545051794905,2.4706,2.4224,1.9897622192866549,0.569941626639455,1100,tata-communications,Mid Cap,Apr-2025
75891,5355,1,Container Corporation Of India Ltd.,Logistics,Logistics,Domestic Equities,36440.0,36026.0,1.1491700438572143,2.455,2.4916,-1.468935623695616,0.566342869505328,1100,container-corporation-of-india,Mid Cap,Apr-2025
177212,94646,1,Hitachi Energy India Ltd.,Capital Goods,Capital Goods,Domestic Equities,1681.0,1661.0,1.2040939193257074,2.4423,2.1018,16.200399657436474,0.563413112094852,1100,hitachi-energy-india,Mid Cap,Apr-2025
152207,5372,1,LIC Housing Finance Ltd.,Finance,Finance,Domestic Equities,39749.0,39297.0,1.1502150291370843,2.3887,2.2158,7.803050816860724,0.551048151685286,1100,lic-housing-finance,Mid Cap,Apr-2025
97125,90518,1,Adani Total Gas Ltd.,Gas Transmission,Gas Transmission,Domestic Equities,36669.0,36253.0,1.1474912421041017,2.2009,2.1846,0.7461320150141881,0.507724652339827,1100,adani-total-gas,Mid Cap,Apr-2025
171434,4916,1,Astral Ltd.,Plastic Products,Plastic Products,Domestic Equities,16288.0,16103.0,1.1488542507607278,2.1909,2.0841,5.124514178782212,0.505417756741028,1100,astral,Mid Cap,Apr-2025
133351,5368,1,Steel Authority Of India Ltd.,Iron & Steel,Iron & Steel,Domestic Equities,191104.0,188935.0,1.1480138672030062,2.173,2.1762,-0.1470453083356278,0.501288413619176,1100,steel-authority-of-india,Mid Cap,Apr-2025
133407,5997,1,Hindustan Zinc Ltd.,Non - Ferrous Metals,Non - Ferrous Metals,Domestic Equities,48474.0,47924.0,1.1476504465403556,2.129,2.2136,-3.8218286953379144,0.491138072984458,1100,hindustan-zinc,Large Cap,Apr-2025
171886,6139,1,Exide Industries Ltd.,Automobile & Ancillaries,Automobile & Ancillaries,Domestic Equities,60160.0,59477.0,1.148343056980009,2.1161000000000003,2.1438,-1.2920981434835255,0.488162177662006,1100,exide-industries,Mid Cap,Apr-2025
171840,6541,1,UNO Minda Ltd.,Automobile & Ancillaries,Automobile & Ancillaries,Domestic Equities,23635.0,23367.0,1.146916591774725,2.1134,2.0458000000000003,3.304330824127476,0.48753931585033,1100,uno-minda,Mid Cap,Apr-2025
173672,92657,1,Gujarat Fluorochemicals Ltd.,Chemicals,Chemicals,Domestic Equities,5399.0,5338.0,1.1427500936680406,2.1016999999999997,2.1474,-2.1281549781130766,0.484840247999734,1100,gujarat-fluorochemicals,Mid Cap,Apr-2025
135555,92715,1,360 One Wam Ltd.,Finance,Finance,Domestic Equities,21201.0,20960.0,1.1498091603053435,2.0905,1.9758000000000002,5.8052434456928825,0.482256524929079,1100,360-one-wam,Mid Cap,Apr-2025
152367,6359,1,Abbott India Ltd.,Healthcare,Healthcare,Domestic Equities,689.0,681.0,1.1747430249632893,2.066,2.0921000000000003,-1.2475503083026689,0.476604630712019,1100,abbott-india,Mid Cap,Apr-2025
171333,7587,1,United Breweries Ltd.,Alcohol,Alcohol,Domestic Equities,9543.0,9435.0,1.1446740858505564,2.0613,1.8862999999999999,9.277421406987225,0.475520389780584,1100,united-breweries,Mid Cap,Apr-2025
152519,8782,1,Mahindra & Mahindra Financial Services Ltd.,Finance,Finance,Domestic Equities,78254.0,77366.0,1.1477910193108085,2.0506,2.1895,-6.3439141356474025,0.473052011489868,1100,mahindra-mahindra-financial-services,Mid Cap,Apr-2025
171433,6783,1,Berger Paints India Ltd.,Chemicals,Chemicals,Domestic Equities,37640.0,37213.0,1.1474484723080645,2.0484,1.8614,10.046201783603749,0.472544494458132,1100,berger-paints-india,Mid Cap,Apr-2025
47051,90577,1,Dalmia Bharat Ltd.,Construction Materials,Construction Materials,Domestic Equities,10528.0,10409.0,1.1432414256893073,2.0453,1.8961000000000001,7.868783292020456,0.471829356822504,1100,dalmia-bharat,Mid Cap,Apr-2025
171565,6678,1,Apollo Tyres Ltd.,Automobile & Ancillaries,Automobile & Ancillaries,Domestic Equities,42636.0,42152.0,1.1482254697286012,2.012,1.7959,12.032963973495175,0.464147394478501,1100,apollo-tyres,Small Cap,Apr-2025
75659,6055,1,Lloyds Metals & Energy Ltd.,Iron & Steel,Iron & Steel,Domestic Equities,16070.0,15887.0,1.1518851891483601,1.9335,2.0450999999999997,-5.456945870617572,0.446038264027923,1100,lloyds-metals-energy,Mid Cap,Apr-2025
133643,6434,1,Biocon Ltd.,Healthcare,Healthcare,Domestic Equities,59536.0,58860.0,1.148487937478763,1.9159,2.0112,-4.738464598249801,0.441978127774036,1100,biocon,Mid Cap,Apr-2025
57781,87827,1,Bharat Dynamics Ltd.,Capital Goods,Capital Goods,Domestic Equities,12183.0,12045.0,1.145703611457036,1.8635,1.5434,20.73992484125955,0.429889994836325,1100,bharat-dynamics,Mid Cap,Apr-2025
133439,5473,1,National Aluminium Company Ltd.,Non - Ferrous Metals,Non - Ferrous Metals,Domestic Equities,118548.0,117203.0,1.1475815465474433,1.8549,2.0572999999999997,-9.838137364506869,0.427906064621358,1100,national-aluminium-company,Mid Cap,Apr-2025
79346,86555,1,Aditya Birla Capital Ltd.,Finance,Finance,Domestic Equities,94273.0,93203.0,1.1480317157173052,1.8511000000000002,1.7249,7.316366166154562,0.427029444293814,1100,aditya-birla-capital,Mid Cap,Apr-2025
114414,5238,1,Bank Of India,Bank,Banking,Domestic Equities,160637.0,158814.0,1.147883687836085,1.8497,1.7012,8.72913237714554,0.426706478909982,1100,bank-of-india,Mid Cap,Apr-2025
19098,6973,1,Schaeffler India Ltd.,Automobile & Ancillaries,Automobile & Ancillaries,Domestic Equities,5319.0,5259.0,1.1409013120365088,1.8472,1.7756,4.032439738679881,0.426129755010282,1100,schaeffler-india,Mid Cap,Apr-2025
83342,79963,1,Bandhan Bank Ltd.,Bank,Banking,Domestic Equities,109821.0,108574.0,1.1485254296608765,1.8189,1.5881999999999998,14.525878352852281,0.419601240465679,1100,bandhan-bank,Small Cap,Apr-2025
133635,5732,1,Indraprastha Gas Ltd.,Gas Transmission,Gas Transmission,Domestic Equities,92727.0,91675.0,1.1475320425415871,1.7858,1.8621,-4.097524300520915,0.411965416033652,1100,indraprastha-gas,Mid Cap,Apr-2025
134823,84770,1,Cochin Shipyard Ltd.,Ship Building,Ship Building,Domestic Equities,11189.0,11062.0,1.1480744892424515,1.7806,1.5574000000000001,14.331578271478099,0.410765830322276,1100,cochin-shipyard,Mid Cap,Apr-2025
152079,6815,1,Linde India Ltd.,Inds. Gases & Fuels,Industrials Gases & Fuels,Domestic Equities,2781.0,2749.0,1.1640596580574754,1.7619999999999998,1.7202000000000002,2.429950005813265,0.406475004508508,1100,linde-india,Mid Cap,Apr-2025
19183,6082,1,Deepak Nitrite Ltd.,Chemicals,Chemicals,Domestic Equities,9087.0,8984.0,1.1464826357969724,1.7589,1.7821,-1.3018349138656762,0.40575986687288,1100,deepak-nitrite,Mid Cap,Apr-2025
1704,6920,1,L&T Finance Ltd.,Finance,Finance,Domestic Equities,106092.0,104888.0,1.1478910838227443,1.7416999999999998,1.6071,8.375334453363187,0.401792006442945,1100,lt-finance,Mid Cap,Apr-2025
57541,86814,1,General Insurance Corporation of India,Insurance,Finance,Domestic Equities,40877.0,40413.0,1.1481453987578254,1.7052,1.7018,0.1997884592784131,0.393371837507326,1100,general-insurance-corporation-of-india,Mid Cap,Apr-2025
152325,5528,1,Thermax Ltd.,Capital Goods,Capital Goods,Domestic Equities,5121.0,5063.0,1.1455658700375273,1.6855000000000002,1.8500999999999999,-8.896816388303325,0.388827253177691,1100,thermax,Mid Cap,Apr-2025
152324,4941,1,ACC Ltd.,Construction Materials,Construction Materials,Domestic Equities,8909.0,8808.0,1.1466848319709355,1.682,1.7111,-1.7006603938986762,0.388019839718111,1100,acc,Mid Cap,Apr-2025
76174,111823,1,Bharti Hexacom Ltd.,Telecom,Telecom,Domestic Equities,9942.0,9829.0,1.1496591718384372,1.6793,1.4387999999999999,16.715318320822917,0.387396977906435,1100,bharti-hexacom,Mid Cap,Apr-2025
152486,5772,1,AIA Engineering Ltd.,Automobile & Ancillaries,Automobile & Ancillaries,Domestic Equities,5132.0,5073.0,1.1630199093238713,1.6391,1.7003,-3.5993648179733015,0.37812325759926,1100,aia-engineering,Mid Cap,Apr-2025
95549,7450,1,Aditya Birla Fashion and Retail Ltd.,Retailing,Retailing,Domestic Equities,62047.0,61343.0,1.1476452080922028,1.6352000000000002,1.5719999999999998,4.020356234096706,0.377223568315728,1100,aditya-birla-fashion-and-retail,Mid Cap,Apr-2025
171948,7104,1,Emami Ltd.,FMCG,Fast Moving Consumer Goods,Domestic Equities,26064.0,25768.0,1.1487115802545793,1.6281999999999999,1.4943,8.960717392759141,0.375608741396568,1100,emami,Small Cap,Apr-2025
152386,5556,1,Glaxosmithkline Pharmaceuticals Ltd.,Healthcare,Healthcare,Domestic Equities,5471.0,5409.0,1.1462377518949898,1.6219,1.558,4.101412066752237,0.374155397169324,1100,glaxosmithkline-pharmaceuticals,Mid Cap,Apr-2025
19805,15724,1,Syngene International Ltd.,Business Services,Healthcare,Domestic Equities,24997.0,24713.0,1.1491927325699025,1.5849000000000002,1.7947,-11.689976040563877,0.365619883453766,1100,syngene-international,Mid Cap,Apr-2025
44430,82482,1,L&T Technology Services Ltd.,IT,Information Technology,Domestic Equities,3633.0,3591.0,1.1695906432748537,1.5466,1.6166,-4.330075467029569,0.356784473310363,1100,lt-technology-services,Mid Cap,Apr-2025
133495,5019,1,Ajanta Pharma Ltd.,Healthcare,Healthcare,Domestic Equities,5564.0,5501.0,1.145246318851118,1.5057,1.4428999999999998,4.352345969921687,0.347349270311272,1100,ajanta-pharma,Mid Cap,Apr-2025
114654,92672,1,Indian Renewable Energy Development Agency Ltd.,Finance,Finance,Domestic Equities,89068.0,88057.0,1.148119967748163,1.4880000000000002,1.4141,5.225938759635114,0.343266065101396,1100,indian-renewable-energy-development-agency,Mid Cap,Apr-2025
115032,83788,1,Housing & Urban Development Corporation Ltd.,Finance,Finance,Domestic Equities,66342.0,65589.0,1.1480583634450898,1.4825,1.3082,13.323650817917757,0.341997272522056,1100,housing-urban-development-corporation,Mid Cap,Apr-2025
797,86851,1,Nippon Life India Asset Management Ltd.,Finance,Finance,Domestic Equities,23123.0,22861.0,1.1460566029482524,1.4768999999999999,1.3226,11.666414637834574,0.340705410986729,1100,nippon-life-india-asset-management,Mid Cap,Apr-2025
97743,96921,1,Gland Pharma Ltd.,Healthcare,Healthcare,Domestic Equities,10520.0,10400.0,1.153846153846154,1.4728,1.6561000000000001,-11.068172211822965,0.339759583791221,1100,gland-pharma,Small Cap,Apr-2025
133333,4917,1,CRISIL Ltd.,Ratings,Ratings,Domestic Equities,3222.0,3185.0,1.1616954474097332,1.4347,1.331,7.791134485349366,0.330970311559794,1100,crisil,Mid Cap,Apr-2025
152370,5063,1,Escorts Kubota Ltd.,Automobile & Ancillaries,Automobile & Ancillaries,Domestic Equities,4385.0,4335.0,1.1534025374855825,1.4291,1.4088999999999998,1.4337426360990917,0.329678450024466,1100,escorts-kubota,Mid Cap,Apr-2025
171580,109023,1,Tata Technologies Ltd.,IT,Information Technology,Domestic Equities,20386.0,20155.0,1.1461175886876707,1.3411000000000002,1.3703,-2.130920236444565,0.309377768755029,1100,tata-technologies,Mid Cap,Apr-2025
509,8487,1,K.P.R. Mill Ltd.,Textile,Textile,Domestic Equities,13272.0,13121.0,1.1508269186799787,1.3236,1.1894,11.282999831848004,0.305340701457129,1100,kpr-mill,Small Cap,Apr-2025
102429,100653,1,Global Health Ltd.,Healthcare,Healthcare,Domestic Equities,11005.0,10880.0,1.1488970588235294,1.3175,1.3037999999999998,1.0507746586899867,0.303933495141861,1100,global-health,Small Cap,Apr-2025
171485,6291,1,Motilal Oswal Financial Services Ltd.,Finance,Finance,Domestic Equities,19642.0,19419.0,1.1483598537514805,1.2821,1.1948999999999999,7.297681814377784,0.29576708472211,1100,motilal-oswal-financial-services,Mid Cap,Apr-2025
133445,6416,1,Apar Industries Ltd.,Capital Goods,Capital Goods,Domestic Equities,2233.0,2208.0,1.1322463768115942,1.2511,1.2231999999999998,2.2809025506867284,0.288615708365831,1100,apar-industries,Mid Cap,Apr-2025
196533,104025,1,Motherson Sumi Wiring India Ltd.,Iron & Steel,Iron & Steel,Domestic Equities,224173.0,221628.0,1.148320609309293,1.25,1.1549,8.23447917568621,0.288361949849963,1100,motherson-sumi-wiring-india,Small Cap,Apr-2025
645,8087,1,IRB Infrastructure Developers Ltd.,Infrastructure,Infrastructure,Domestic Equities,262260.0,259282.0,1.148556398053085,1.1959,1.1709,2.1351097446408747,0.275881644660457,1100,irb-infrastructure-developers,Mid Cap,Apr-2025
222979,112566,1,Vishal Mega Mart Ltd.,Retailing,Retailing,Domestic Equities,98721.0,97611.0,1.1371669176629682,1.1696,1.0175,14.948402948402942,0.269814509235614,1100,vishal-mega-mart,Mid Cap,Apr-2025
57345,99844,1,AWL Agri Business Ltd.,FMCG,Fast Moving Consumer Goods,Domestic Equities,43590.0,43096.0,1.14627807685168,1.1641,1.1133,4.563010868588878,0.268545716656274,1100,awl-agri-business,Mid Cap,Apr-2025
58178,99657,1,Star Health and Allied Insurance Company Ltd.,Insurance,Finance,Domestic Equities,29822.0,29483.0,1.149815147712241,1.1625,1.0515,10.556348074179738,0.268176613360466,1100,star-health-and-allied-insurance-company,Small Cap,Apr-2025
152064,6806,1,3M India Ltd.,Diversified,Diversified,Domestic Equities,373.0,369.0,1.084010840108401,1.1231,1.0659999999999998,5.356472795497194,0.259087444701195,1100,3m-india,Mid Cap,Apr-2025
78882,109773,1,JSW Infrastructure Ltd.,Logistics,Logistics,Domestic Equities,35906.0,35499.0,1.1465111693287133,1.0544,1.1353,-7.125869814146044,0.243239071937441,1100,jsw-infrastructure,Mid Cap,Apr-2025
133645,6755,1,Bank Of Maharashtra,Bank,Banking,Domestic Equities,207977.0,205617.0,1.1477650194293274,1.0536,0.9528,10.579345088161208,0.243054520289537,1100,bank-of-maharashtra,Mid Cap,Apr-2025
137768,15760,1,Gujarat Gas Ltd.,Gas Transmission,Gas Transmission,Domestic Equities,22788.0,22529.0,1.1496293665941675,1.0334,0.929,11.237890204520987,0.238394591179962,1100,gujarat-gas,Mid Cap,Apr-2025
13,7543,1,Tata Investment Corporation Ltd.,Finance,Finance,Domestic Equities,1718.0,1698.0,1.1778563015312131,1.0197,1.0727,-4.940803579752026,0.235234144209606,1100,tata-investment-corporation,Mid Cap,Apr-2025
113787,7539,1,Honeywell Automation India Ltd.,Consumer Durables,Consumer Durables,Domestic Equities,290.0,287.0,1.0452961672473868,1.0011,0.9667,3.5584979828281758,0.230943318395839,1100,honeywell-automation-india,Mid Cap,Apr-2025
222201,112407,1,NTPC Green Energy Ltd.,Power,Power,Domestic Equities,98493.0,97375.0,1.1481386392811297,0.9903,0.9797,1.081963866489744,0.228451871149135,1100,ntpc-green-energy,Large Cap,Apr-2025
171853,7249,1,NLC India Ltd.,Power,Power,Domestic Equities,43129.0,42639.0,1.149182673139614,0.9815,1.0432,-5.914493865030663,0.226421803022191,1100,nlc-india,Mid Cap,Apr-2025
77359,100627,1,Waaree Energies Ltd.,Capital Goods,Capital Goods,Domestic Equities,3486.0,3446.0,1.1607661056297156,0.9079,0.8286,9.570359642770947,0.209443051415025,1100,waaree-energies,Mid Cap,Apr-2025
1840,4901,1,SJVN Ltd.,Power,Power,Domestic Equities,94555.0,93482.0,1.1478145525341776,0.8891,0.8562000000000001,3.8425601494977717,0.205106087689282,1100,sjvn,Mid Cap,Apr-2025
133387,5868,1,Godrej Industries Ltd.,Chemicals,Chemicals,Domestic Equities,8195.0,8102.0,1.1478647247593188,0.8883,0.9189,-3.3300685602350657,0.204921536041378,1100,godrej-industries,Mid Cap,Apr-2025
171394,82477,1,Endurance Technologies Ltd.,Automobile & Ancillaries,Automobile & Ancillaries,Domestic Equities,4661.0,4608.0,1.1501736111111112,0.8739,0.907,-3.649393605292174,0.201599606379106,1100,endurance-technologies,Mid Cap,Apr-2025
217845,112026,1,Premier Energies Ltd.,Electricals,Electricals,Domestic Equities,8715.0,8616.0,1.149025069637883,0.8558,0.8081,5.902734810048256,0.197424125345279,1100,premier-energies,Mid Cap,Apr-2025
152532,6617,1,Sun TV Network Ltd.,Media & Entertainment,Media & Entertainment,Domestic Equities,13059.0,12911.0,1.146309348617458,0.8108,0.8392000000000001,-3.3841754051477637,0.18704309515068,1100,sun-tv-network,Small Cap,Apr-2025
176199,111753,1,OLA Electric Mobility Ltd.,Automobile & Ancillaries,Automobile & Ancillaries,Domestic Equities,117932.0,116593.0,1.1484394431912723,0.5742,0.6185,-7.162489894907033,0.132461945283079,1100,ola-electric-mobility,Mid Cap,Apr-2025
58164,86911,1,The New India Assurance Company Ltd.,Insurance,Finance,Domestic Equities,31814.0,31453.0,1.147744253330366,0.5474,0.486,12.63374485596708,0.126279465078296,1100,the-new-india-assurance-company,Mid Cap,Apr-2025
171883,5324,1,Mangalore Refinery And Petrochemicals Ltd.,Crude Oil,Crude Oil,Domestic Equities,23598.0,23330.0,1.148735533647664,0.31670000000000004,0.3136,0.9885204081632727,0.0730593836139867,1100,mangalore-refinery-and-petrochemicals,Small Cap,Apr-2025
76200,82667,1,BSE Ltd.,Finance,Finance,Domestic Equities,54351.0,17944.0,202.89233169861794,14.533499999999998,11.410599999999999,27.368411827598898,3.12144666289539,1100,bse,Mid Cap,May-2025
152473,5056,1,Suzlon Energy Ltd.,Capital Goods,Capital Goods,Domestic Equities,1584209.0,1569119.0,0.961686143625818,11.323900000000002,8.8498,27.956563990146677,2.43210168685872,1100,suzlon-energy,Mid Cap,May-2025
77009,96064,1,Max Healthcare Institute Ltd.,Healthcare,Healthcare,Domestic Equities,99194.0,98249.0,0.9618418508076418,11.1613,10.7897,3.4440253204445055,2.39717911298547,1100,max-healthcare-institute,Mid Cap,May-2025
95548,5980,1,Persistent Systems Ltd.,IT,Information Technology,Domestic Equities,14211.0,14076.0,0.9590792838874681,8.0122,7.4905,6.964822108003481,1.72082808356215,1100,persistent-systems,Mid Cap,May-2025
157113,99763,1,PB Fintech Ltd.,IT,Information Technology,Domestic Equities,44167.0,43747.0,0.9600658330856974,7.7805,7.1102,9.427301623020446,1.67106448967266,1100,pb-fintech,Mid Cap,May-2025
133657,7260,1,Coforge Ltd.,IT,Information Technology,Domestic Equities,8890.0,8805.0,0.9653605905735378,7.6014,6.4321,18.179132787114618,1.63259811217759,1100,coforge,Mid Cap,May-2025
57445,86554,1,Dixon Technologies (India) Ltd.,Consumer Durables,Consumer Durables,Domestic Equities,5147.0,5098.0,0.961161239701844,7.562,8.3872,-9.83880198397558,1.62413593868063,1100,dixon-technologies-india,Mid Cap,May-2025
38803,5403,1,Indus Towers Ltd.,Telecom,Telecom,Domestic Equities,176399.0,174719.0,0.9615439648807514,6.7764,7.132000000000001,-4.985978687605168,1.45540793108641,1100,indus-towers,Large Cap,May-2025
171685,5596,1,The Federal Bank Ltd.,Bank,Banking,Domestic Equities,327232.0,324115.0,0.9616956944294464,6.612,6.374700000000001,3.722528118970307,1.42009876045442,1100,the-federal-bank,Mid Cap,May-2025
114530,88033,1,HDFC Asset Management Company Ltd.,Finance,Finance,Domestic Equities,13541.0,13412.0,0.9618252311362959,6.476699999999999,5.8669,10.393904787877737,1.39103957075547,1100,hdfc-asset-management-company,Mid Cap,May-2025
152211,6247,1,Lupin Ltd.,Healthcare,Healthcare,Domestic Equities,32238.0,31931.0,0.9614481225141712,6.3112,6.6915,-5.683329597250239,1.35549414654869,1100,lupin,Mid Cap,May-2025
171877,6125,1,Cummins India Ltd.,Automobile & Ancillaries,Automobile & Ancillaries,Domestic Equities,18055.0,17885.0,0.9505171931786414,5.9006,5.1784,13.946392708172391,1.26730713035955,1100,cummins-india,Large Cap,May-2025
7737,15826,1,IDFC First Bank Ltd.,Bank,Banking,Domestic Equities,827475.0,819593.0,0.9616968422131472,5.6243,5.318300000000001,5.753718293439616,1.20796452789229,1100,idfc-first-bank,Mid Cap,May-2025
165,7447,1,SRF Ltd.,Chemicals,Chemicals,Domestic Equities,19367.0,19182.0,0.9644458346366385,5.540900000000001,5.771699999999999,-3.9988218375868336,1.1900522114038,1100,srf,Mid Cap,May-2025
152455,7030,1,Yes Bank Ltd.,Bank,Banking,Domestic Equities,2516425.0,2492454.0,0.9617429248443502,5.4052999999999995,4.4166,22.385998279219297,1.16092858891172,1100,yes-bank,Mid Cap,May-2025
171365,5279,1,Hindustan Petroleum Corporation Ltd.,Crude Oil,Crude Oil,Domestic Equities,128192.0,126986.0,0.9497109917628714,5.269299999999999,4.809,9.57163651486795,1.13171905602881,1100,hindustan-petroleum-corporation,Mid Cap,May-2025
171839,6306,1,Solar Industries India Ltd.,Chemicals,Chemicals,Domestic Equities,3251.0,3220.0,0.9627329192546583,5.235399999999999,4.2414,23.43565803744046,1.12443815040579,1100,solar-industries-india,Mid Cap,May-2025
141614,85778,1,AU Small Finance Bank Ltd.,Bank,Banking,Domestic Equities,74916.0,74211.0,0.9499939362089179,5.1921,5.0360000000000005,3.099682287529788,1.11513835059822,1100,au-small-finance-bank,Mid Cap,May-2025
152222,5634,1,Max Financial Services Ltd.,Finance,Finance,Domestic Equities,34430.0,34105.0,0.9529394516933002,5.1738,4.4507,16.246882512863145,1.11120795021765,1100,max-financial-services,Mid Cap,May-2025
171327,5699,1,Marico Ltd.,FMCG,Fast Moving Consumer Goods,Domestic Equities,70432.0,69770.0,0.9488318761645406,5.0461,4.9568,1.801565526145902,1.0837810579445,1100,marico,Mid Cap,May-2025
152636,5140,1,Fortis Healthcare Ltd.,Healthcare,Healthcare,Domestic Equities,69541.0,68887.0,0.9493808701206323,4.9117,4.7225,4.006352567496033,1.05491516662492,1100,fortis-healthcare,Mid Cap,May-2025
599,7495,1,Sundaram Finance Ltd.,Finance,Finance,Domestic Equities,9189.0,9100.0,0.9780219780219781,4.7199,4.7835,-1.3295703982439664,1.01372113422094,1100,sundaram-finance,Mid Cap,May-2025
171946,6864,1,Godrej Properties Ltd.,Realty,Realty,Domestic Equities,20126.0,19938.0,0.942923061490621,4.515899999999999,4.3096,4.786987191386671,0.969906834896571,1100,godrej-properties,Mid Cap,May-2025
171659,5756,1,Ashok Leyland Ltd.,Automobile & Ancillaries,Automobile & Ancillaries,Domestic Equities,190884.0,189089.0,0.949288430315883,4.5054,4.260400000000001,5.750633743310487,0.967651687137228,1100,ashok-leyland,Mid Cap,May-2025
133342,5963,1,Bharat Heavy Electricals Ltd.,Capital Goods,Capital Goods,Domestic Equities,171526.0,169914.0,0.9487152324116905,4.4568,3.8543000000000003,15.631891653477933,0.95721357465113,1100,bharat-heavy-electricals,Mid Cap,May-2025
152369,6790,1,Bharat Forge Ltd.,Automobile & Ancillaries,Automobile & Ancillaries,Domestic Equities,35587.0,35252.0,0.9503006921593102,4.416,3.8925,13.448940269749524,0.948450714786257,1100,bharat-forge,Mid Cap,May-2025
101370,86936,1,Tube Investments of India Ltd.,Automobile & Ancillaries,Automobile & Ancillaries,Domestic Equities,14351.0,14217.0,0.9425335865513118,4.3944,4.1209,6.636899706374827,0.943811553681324,1100,tube-investments-of-india,Mid Cap,May-2025
587,7648,1,APL Apollo Tubes Ltd.,Iron & Steel,Iron & Steel,Domestic Equities,24175.0,23947.0,0.9521025598196016,4.3798,3.8789,12.913454845445882,0.940675824415953,1100,apl-apollo-tubes,Mid Cap,May-2025
171820,5969,1,Colgate-Palmolive (India) Ltd.,FMCG,Fast Moving Consumer Goods,Domestic Equities,17583.0,17418.0,0.9472959007922839,4.3182,4.5067,-4.182661370847854,0.927445624227811,1100,colgate-palmolive-india,Mid Cap,May-2025
171465,6543,1,Aurobindo Pharma Ltd.,Healthcare,Healthcare,Domestic Equities,37324.0,36973.0,0.9493414113001379,4.284,4.5443999999999996,-5.730129390018488,0.920100285811667,1100,aurobindo-pharma,Mid Cap,May-2025
171635,7381,1,UPL Ltd.,Chemicals,Chemicals,Domestic Equities,67540.0,66904.0,0.9506158077245008,4.2408,4.4818999999999996,-5.379414980253913,0.910821963601802,1100,upl,Mid Cap,May-2025
152118,7308,1,PI Industries Ltd.,Chemicals,Chemicals,Domestic Equities,10814.0,10708.0,0.9899140829286515,4.1349,3.8979000000000004,6.0801970291695495,0.888077187629006,1100,pi-industries,Mid Cap,May-2025
152795,99590,1,One97 Communications Ltd.,IT,Information Technology,Domestic Equities,45429.0,45001.0,0.9510899757783161,4.0451999999999995,3.8914999999999997,3.9496338172941043,0.868811782484911,1100,one97-communications,Mid Cap,May-2025
134131,90516,1,Polycab India Ltd.,Electricals,Electricals,Domestic Equities,6730.0,6667.0,0.9449527523623819,4.0319,3.6801999999999997,9.55654583990001,0.865955261989744,1100,polycab-india,Large Cap,May-2025
152551,7908,1,GMR Airports Ltd.,Infrastructure,Aviation,Domestic Equities,478602.0,474101.0,0.9493757659232948,4.024100000000001,4.1337,-2.651377700365285,0.864280009368518,1100,gmr-airports,Mid Cap,May-2025
171321,7864,1,Page Industries Ltd.,Textile,Textile,Domestic Equities,840.0,833.0,0.8403361344537815,3.8958999999999997,3.7997,2.5317788246440367,0.836745729106834,1100,page-industries,Mid Cap,May-2025
19255,6350,1,Mphasis Ltd.,IT,Information Technology,Domestic Equities,15174.0,15025.0,0.9916805324459235,3.8827,3.7097,4.663449874652924,0.833910686209375,1100,mphasis,Mid Cap,May-2025
152379,5838,1,Voltas Ltd.,Consumer Durables,Consumer Durables,Domestic Equities,30379.0,30093.0,0.9503871332203503,3.8363,3.7198,3.1318888112264034,0.823945080872852,1100,voltas,Mid Cap,May-2025
122,5767,1,The Phoenix Mills Ltd.,Realty,Realty,Domestic Equities,24884.0,24649.0,0.9533855328816584,3.8249,4.102799999999999,-6.773423028175872,0.821496634734138,1100,the-phoenix-mills,Mid Cap,May-2025
133608,7612,1,Union Bank Of India,Bank,Banking,Domestic Equities,257857.0,255432.0,0.94937204422312,3.7851,3.2127999999999997,17.813122509960166,0.812948550846345,1100,union-bank-of-india,Mid Cap,May-2025
152238,8313,1,MRF Ltd.,Automobile & Ancillaries,Automobile & Ancillaries,Domestic Equities,270.0,267.0,1.1235955056179776,3.7494,3.5913,4.402305571798514,0.805281048464581,1100,mrf,Mid Cap,May-2025
1152,105806,1,Mankind Pharma Ltd.,Healthcare,Healthcare,Domestic Equities,15067.0,14926.0,0.9446603242663809,3.7181,3.6797000000000004,1.0435633339674362,0.79855856038197,1100,mankind-pharma,Mid Cap,May-2025
151967,5716,1,GE Vernova T&D India Ltd.,Capital Goods,Capital Goods,Domestic Equities,16514.0,16386.0,0.7811546442084707,3.7014,2.5662000000000003,44.236614449380404,0.794971801564731,1100,ge-vernova-td-india,Mid Cap,May-2025
191600,99819,1,FSN E-Commerce Ventures Ltd.,Retailing,Information Technology,Domestic Equities,181869.0,180159.0,0.949161573943017,3.6967000000000003,3.5018000000000002,5.565709063909992,0.793962354472454,1100,fsn-e-commerce-ventures,Mid Cap,May-2025
153586,8183,1,NHPC Ltd.,Power,Power,Domestic Equities,422229.0,418258.0,0.9494139980586146,3.6907,3.5882,2.856585474611226,0.792673698609972,1100,nhpc,Mid Cap,May-2025
77639,92991,1,SBI Cards And Payment Services Ltd.,Finance,Finance,Domestic Equities,39972.0,39595.0,0.9521404217704257,3.6816000000000004,3.4588,6.441540418642313,0.790719237218542,1100,sbi-cards-and-payment-services,Mid Cap,May-2025
38931,15891,1,Alkem Laboratories Ltd.,Healthcare,Healthcare,Domestic Equities,7095.0,7026.0,0.982066609735269,3.6174,3.5945,0.6370844345527947,0.776930619489992,1100,alkem-laboratories,Mid Cap,May-2025
19182,5589,1,Coromandel International Ltd.,Chemicals,Chemicals,Domestic Equities,15757.0,15610.0,0.9417040358744395,3.6074,3.4564,4.368707325541032,0.77478285971919,1100,coromandel-international,Mid Cap,May-2025
56674,5695,1,Supreme Industries Ltd.,Plastic Products,Plastic Products,Domestic Equities,8627.0,8546.0,0.9478118417973321,3.5769,3.0244,18.268086231979897,0.768232192418243,1100,supreme-industries,Mid Cap,May-2025
152574,8059,1,Torrent Power Ltd.,Power,Power,Domestic Equities,25389.0,25150.0,0.9502982107355865,3.4884,3.8708,-9.879094760772968,0.749224518446644,1100,torrent-power,Mid Cap,May-2025
96004,7992,1,Jubilant FoodWorks Ltd.,FMCG,Fast Moving Consumer Goods,Domestic Equities,50784.0,50307.0,0.9481781859383386,3.3291000000000004,3.5989999999999998,-7.49930536260071,0.715010705297764,1100,jubilant-foodworks,Mid Cap,May-2025
153260,8051,1,Prestige Estates Projects Ltd.,Realty,Realty,Domestic Equities,22512.0,22300.0,0.9506726457399103,3.3016,3.0664999999999996,7.6667210174466165,0.709104365928058,1100,prestige-estates-projects,Mid Cap,May-2025
19275,7232,1,NMDC Ltd.,Mining,Mining,Domestic Equities,461235.0,456898.0,0.9492271798081847,3.2826,2.9602,10.891156002972775,0.705023622363534,1100,nmdc,Mid Cap,May-2025
177212,94646,1,Hitachi Energy India Ltd.,Capital Goods,Capital Goods,Domestic Equities,1694.0,1681.0,0.7733491969066032,3.2691000000000003,2.4423,33.85333497113378,0.702124146672951,1100,hitachi-energy-india,Mid Cap,May-2025
1427,98308,1,Sona BLW Precision Forgings Ltd.,Automobile & Ancillaries,Automobile & Ancillaries,Domestic Equities,59872.0,59309.0,0.9492657100945894,3.2567000000000004,2.8537,14.122017030521782,0.699460924557156,1100,sona-blw-precision-forgings,Mid Cap,May-2025
77293,6578,1,Muthoot Finance Ltd.,Finance,Finance,Domestic Equities,14316.0,14174.0,1.001834344574573,3.1716,3.0756,3.1213421771361762,0.681183488907629,1100,muthoot-finance,Mid Cap,May-2025
677,6026,1,Oil India Ltd.,Crude Oil,Crude Oil,Domestic Equities,72783.0,72098.0,0.9500957030708203,3.1064,2.9614,4.896332815560208,0.667180095201999,1100,oil-india,Mid Cap,May-2025
133642,6320,1,Petronet LNG Ltd.,Inds. Gases & Fuels,Industrials Gases & Fuels,Domestic Equities,100020.0,99079.0,0.9497471714490456,3.0736000000000003,3.1086,-1.1259087692208711,0.660135443153768,1100,petronet-lng,Mid Cap,May-2025
756,88308,1,Rail Vikas Nigam Ltd.,Infrastructure,Infrastructure,Domestic Equities,75751.0,75039.0,0.9488399365663189,3.0721,2.6249000000000002,17.036839498647556,0.659813279188147,1100,rail-vikas-nigam,Large Cap,May-2025
171336,8097,1,JK Cement Ltd.,Construction Materials,Construction Materials,Domestic Equities,5586.0,5530.0,1.0126582278481013,3.0709,2.8273,8.615994057935117,0.659555548015651,1100,jk-cement,Mid Cap,May-2025
114652,92620,1,Indian Railway Catering And Tourism Corporation Ltd.,Hospitality,Hospitality,Domestic Equities,40256.0,39877.0,0.9504225493392181,3.0433999999999997,2.9968,1.554991991457544,0.653649208645945,1100,indian-railway-catering-and-tourism-corporation,Mid Cap,May-2025
152323,7533,1,Tata Elxsi Ltd.,IT,Information Technology,Domestic Equities,4626.0,4582.0,0.9602793539938891,2.9789,2.642,12.751703255109764,0.639796158124271,1100,tata-elxsi,Mid Cap,May-2025
113892,8292,1,KEI Industries Ltd.,Electricals,Electricals,Domestic Equities,8230.0,8149.0,0.9939869922689901,2.9712,2.4965,19.01462046865612,0.638142383100753,1100,kei-industries,Mid Cap,May-2025
133463,8505,1,Glenmark Pharmaceuticals Ltd.,Healthcare,Healthcare,Domestic Equities,20107.0,19905.0,1.0148203968852048,2.9298,2.7493,6.565307532826542,0.629250657649632,1100,glenmark-pharmaceuticals,Mid Cap,May-2025
123299,91366,1,KPIT Technologies Ltd.,IT,Information Technology,Domestic Equities,21784.0,21579.0,0.9499976829324807,2.9143,2.7051,7.733540349709814,0.625921630004889,1100,kpit-technologies,Mid Cap,May-2025
152608,7159,1,Indian Bank,Bank,Banking,Domestic Equities,47188.0,46714.0,1.0146851051076764,2.9095999999999997,2.6431,10.082857250955309,0.624912182912611,1100,indian-bank,Mid Cap,May-2025
75891,5355,1,Container Corporation Of India Ltd.,Logistics,Logistics,Domestic Equities,36813.0,36440.0,1.0236004390779363,2.8876,2.455,17.62118126272912,0.620187111416847,1100,container-corporation-of-india,Mid Cap,May-2025
171444,98250,1,Kalyan Jewellers India Ltd.,Diamond  &  Jewellery,Diamond & Jewellery,Domestic Equities,51286.0,50771.0,1.0143585905339663,2.8741000000000003,2.6226,9.58972012506674,0.617287635726264,1100,kalyan-jewellers-india,Mid Cap,May-2025
134830,88309,1,Mazagon Dock Shipbuilders Ltd.,Ship Building,Ship Building,Domestic Equities,8193.0,8112.0,0.9985207100591716,2.8497000000000003,2.4803,14.893359674232967,0.612047101885506,1100,mazagon-dock-shipbuilders,Mid Cap,May-2025
133630,5815,1,Jindal Stainless Ltd.,Iron & Steel,Iron & Steel,Domestic Equities,43282.0,42846.0,1.0175979087896188,2.7906,2.4984,11.6954851104707,0.599353841640065,1100,jindal-stainless,Mid Cap,May-2025
153691,5278,1,Oberoi Realty Ltd.,Realty,Realty,Domestic Equities,15718.0,15559.0,1.0219165756153994,2.7448,2.5542,7.462219090126079,0.589517101889791,1100,oberoi-realty,Mid Cap,May-2025
171698,8307,1,Oracle Financial Services Software Ltd.,IT,Information Technology,Domestic Equities,3158.0,3127.0,0.9913655260633194,2.6725,2.7272000000000003,-2.005720152537411,0.573988798746891,1100,oracle-financial-services-software,Mid Cap,May-2025
133317,6810,1,Blue Star Ltd.,Consumer Durables,Consumer Durables,Domestic Equities,17317.0,17153.0,0.9561009735906255,2.6535,2.9268,-9.337843378433778,0.569908055182367,1100,blue-star,Mid Cap,May-2025
352,7184,1,Ipca Laboratories Ltd.,Healthcare,Healthcare,Domestic Equities,18559.0,18371.0,1.0233520222089163,2.6443,2.5741,2.727166776737493,0.567932116193229,1100,ipca-laboratories,Mid Cap,May-2025
79,7951,1,Balkrishna Industries Ltd.,Automobile & Ancillaries,Automobile & Ancillaries,Domestic Equities,10694.0,10588.0,1.0011333585190783,2.6438,2.8324000000000003,-6.658664030504171,0.567824728204689,1100,balkrishna-industries,Mid Cap,May-2025
171509,5522,1,Tata Communications Ltd.,Telecom,Telecom,Domestic Equities,15684.0,15525.0,1.0241545893719806,2.6289999999999996,2.4706,6.411398040961699,0.564646043743901,1100,tata-communications,Mid Cap,May-2025
152616,7532,1,Vodafone Idea Ltd.,Telecom,Telecom,Domestic Equities,3686770.0,3649813.0,1.012572424943415,2.5512,2.5987,-1.8278369954207871,0.54793647272706,1100,vodafone-idea,Mid Cap,May-2025
97125,90518,1,Adani Total Gas Ltd.,Gas Transmission,Gas Transmission,Domestic Equities,37043.0,36669.0,1.0199350950394066,2.5328,2.2009,15.080194465900313,0.543984594748784,1100,adani-total-gas,Mid Cap,May-2025
133351,5368,1,Steel Authority Of India Ltd.,Iron & Steel,Iron & Steel,Domestic Equities,193039.0,191104.0,1.0125376758204958,2.4937,2.173,14.758398527381496,0.535586854044948,1100,steel-authority-of-india,Mid Cap,May-2025
57781,87827,1,Bharat Dynamics Ltd.,Capital Goods,Capital Goods,Domestic Equities,12309.0,12183.0,1.0342280226545186,2.4809,1.8635,33.13120472229676,0.532837721538321,1100,bharat-dynamics,Mid Cap,May-2025
152296,7356,1,Patanjali Foods Ltd.,FMCG,Fast Moving Consumer Goods,Domestic Equities,14800.0,14649.0,1.0307870844426241,2.4735,2.7920999999999996,-11.41076609003975,0.531248379307927,1100,patanjali-foods,Mid Cap,May-2025
171434,4916,1,Astral Ltd.,Plastic Products,Plastic Products,Domestic Equities,16454.0,16288.0,1.019155206286837,2.465,2.1909,12.510840293943126,0.529422783502745,1100,astral,Mid Cap,May-2025
171840,6541,1,UNO Minda Ltd.,Automobile & Ancillaries,Automobile & Ancillaries,Domestic Equities,23874.0,23635.0,1.0112121853183837,2.4033,2.1134,13.717232894861365,0.516171105716896,1100,uno-minda,Mid Cap,May-2025
152207,5372,1,LIC Housing Finance Ltd.,Finance,Finance,Domestic Equities,40153.0,39749.0,1.01637777050995,2.3949000000000003,2.3887,0.2595554067065787,0.514366987509422,1100,lic-housing-finance,Mid Cap,May-2025
171886,6139,1,Exide Industries Ltd.,Automobile & Ancillaries,Automobile & Ancillaries,Domestic Equities,60772.0,60160.0,1.0172872340425532,2.351,2.1161000000000003,11.100609612022106,0.5049383221156,1100,exide-industries,Mid Cap,May-2025
152519,8782,1,Mahindra & Mahindra Financial Services Ltd.,Finance,Finance,Domestic Equities,88871.0,78254.0,13.567357579165282,2.3204,2.0506,13.157124743977366,0.498366177216945,1100,mahindra-mahindra-financial-services,Mid Cap,May-2025
75659,6055,1,Lloyds Metals & Energy Ltd.,Iron & Steel,Iron & Steel,Domestic Equities,16234.0,16070.0,1.0205351586807716,2.2616,1.9335,16.969226790793897,0.485737349764628,1100,lloyds-metals-energy,Mid Cap,May-2025
19098,6973,1,Schaeffler India Ltd.,Automobile & Ancillaries,Automobile & Ancillaries,Domestic Equities,5370.0,5319.0,0.9588268471517203,2.2493,1.8472,21.76808142052837,0.483095605246541,1100,schaeffler-india,Mid Cap,May-2025
133407,5997,1,Hindustan Zinc Ltd.,Non - Ferrous Metals,Non - Ferrous Metals,Domestic Equities,48965.0,48474.0,1.0129141395387218,2.2436000000000003,2.129,5.3828088304368285,0.481871382177184,1100,hindustan-zinc,Large Cap,May-2025
134823,84770,1,Cochin Shipyard Ltd.,Ship Building,Ship Building,Domestic Equities,11300.0,11189.0,0.992045759227813,2.2002,1.7806,23.565090418959905,0.472550104771903,1100,cochin-shipyard,Mid Cap,May-2025
171433,6783,1,Berger Paints India Ltd.,Chemicals,Chemicals,Domestic Equities,38024.0,37640.0,1.0201912858661,2.1609,2.0484,5.492091388400703,0.46410940887265,1100,berger-paints-india,Mid Cap,May-2025
133439,5473,1,National Aluminium Company Ltd.,Non - Ferrous Metals,Non - Ferrous Metals,Domestic Equities,119751.0,118548.0,1.0147788237675879,2.1597,1.8549,16.432152676694155,0.463851677700154,1100,national-aluminium-company,Mid Cap,May-2025
47051,90577,1,Dalmia Bharat Ltd.,Construction Materials,Construction Materials,Domestic Equities,10633.0,10528.0,0.9973404255319149,2.144,2.0453,4.825697941622258,0.460479694859994,1100,dalmia-bharat,Mid Cap,May-2025
135555,92715,1,360 One Wam Ltd.,Finance,Finance,Domestic Equities,21416.0,21201.0,1.014103108343946,2.1361000000000003,2.0905,2.1812963405883767,0.45878296464106,1100,360-one-wam,Mid Cap,May-2025
79346,86555,1,Aditya Birla Capital Ltd.,Finance,Finance,Domestic Equities,95229.0,94273.0,1.014076140570471,2.1189,1.8511000000000002,14.467073631894534,0.455088817835281,1100,aditya-birla-capital,Mid Cap,May-2025
152367,6359,1,Abbott India Ltd.,Healthcare,Healthcare,Domestic Equities,695.0,689.0,0.8708272859216255,2.1166,2.066,2.449177153920621,0.454594833087996,1100,abbott-india,Mid Cap,May-2025
152079,6815,1,Linde India Ltd.,Inds. Gases & Fuels,Industrials Gases & Fuels,Domestic Equities,2807.0,2781.0,0.9349154980222941,2.1068000000000002,1.7619999999999998,19.56867196367765,0.45249002851261,1100,linde-india,Mid Cap,May-2025
171565,6678,1,Apollo Tyres Ltd.,Automobile & Ancillaries,Automobile & Ancillaries,Domestic Equities,43070.0,42636.0,1.0179191293742376,2.0267,2.012,0.7306163021868782,0.435286472748484,1100,apollo-tyres,Small Cap,May-2025
133643,6434,1,Biocon Ltd.,Healthcare,Healthcare,Domestic Equities,60142.0,59536.0,1.0178715399086267,2.0199000000000003,1.9159,5.428258259825673,0.433825996104339,1100,biocon,Mid Cap,May-2025
114414,5238,1,Bank Of India,Bank,Banking,Domestic Equities,162265.0,160637.0,1.0134651419037954,1.9787000000000001,1.8497,6.974103908741962,0.424977225848634,1100,bank-of-india,Mid Cap,May-2025
173672,92657,1,Gujarat Fluorochemicals Ltd.,Chemicals,Chemicals,Domestic Equities,5450.0,5399.0,0.9446193739581403,1.9365,2.1016999999999997,-7.8603035637816925,0.415913679615848,1100,gujarat-fluorochemicals,Mid Cap,May-2025
133635,5732,1,Indraprastha Gas Ltd.,Gas Transmission,Gas Transmission,Domestic Equities,93667.0,92727.0,1.0137284717504071,1.9357,1.7858,8.393997088139757,0.415741858834184,1100,indraprastha-gas,Mid Cap,May-2025
171333,7587,1,United Breweries Ltd.,Alcohol,Alcohol,Domestic Equities,9637.0,9543.0,0.9850151943833176,1.905,2.0613,-7.58259350895066,0.409148236337821,1100,united-breweries,Mid Cap,May-2025
83342,79963,1,Bandhan Bank Ltd.,Bank,Banking,Domestic Equities,110933.0,109821.0,1.012556796969614,1.8880000000000001,1.8189,3.7989993952388943,0.405497044727458,1100,bandhan-bank,Small Cap,May-2025
19183,6082,1,Deepak Nitrite Ltd.,Chemicals,Chemicals,Domestic Equities,9176.0,9087.0,0.9794211510949709,1.8603,1.7589,5.764966740576505,0.399547750162335,1100,deepak-nitrite,Mid Cap,May-2025
76174,111823,1,Bharti Hexacom Ltd.,Telecom,Telecom,Domestic Equities,10041.0,9942.0,0.9957754978877489,1.8381999999999998,1.6793,9.462275948311788,0.394801201068863,1100,bharti-hexacom,Mid Cap,May-2025
1704,6920,1,L&T Finance Ltd.,Finance,Finance,Domestic Equities,107167.0,106092.0,1.0132715002073671,1.8356999999999999,1.7416999999999998,5.397025894241262,0.394264261126162,1100,lt-finance,Mid Cap,May-2025
133445,6416,1,Apar Industries Ltd.,Capital Goods,Capital Goods,Domestic Equities,2253.0,2233.0,0.8956560680698611,1.8281,1.2511,46.11941491487491,0.392631963700352,1100,apar-industries,Mid Cap,May-2025
152386,5556,1,Glaxosmithkline Pharmaceuticals Ltd.,Healthcare,Healthcare,Domestic Equities,5527.0,5471.0,1.0235788704076039,1.8231,1.6219,12.405203773352245,0.391558083814951,1100,glaxosmithkline-pharmaceuticals,Mid Cap,May-2025
152486,5772,1,AIA Engineering Ltd.,Automobile & Ancillaries,Automobile & Ancillaries,Domestic Equities,5182.0,5132.0,0.9742790335151987,1.8126,1.6391,10.585077176499295,0.389302936055609,1100,aia-engineering,Mid Cap,May-2025
152325,5528,1,Thermax Ltd.,Capital Goods,Capital Goods,Domestic Equities,5171.0,5121.0,0.9763718023823472,1.7519999999999998,1.6855000000000002,3.945416790269936,0.376287511844547,1100,thermax,Mid Cap,May-2025
797,86851,1,Nippon Life India Asset Management Ltd.,Finance,Finance,Domestic Equities,23359.0,23123.0,1.020628811140423,1.7308000000000001,1.4768999999999999,17.191414449184112,0.371734261130447,1100,nippon-life-india-asset-management,Mid Cap,May-2025
133333,4917,1,CRISIL Ltd.,Ratings,Ratings,Domestic Equities,3253.0,3222.0,0.9621353196772191,1.7077,1.4347,19.028368299993037,0.366772936059894,1100,crisil,Mid Cap,May-2025
57541,86814,1,General Insurance Corporation of India,Insurance,Finance,Domestic Equities,41291.0,40877.0,1.0127944810039875,1.6994999999999998,1.7052,-0.33427163969037155,0.365011773047836,1100,general-insurance-corporation-of-india,Mid Cap,May-2025
152324,4941,1,ACC Ltd.,Construction Materials,Construction Materials,Domestic Equities,9001.0,8909.0,1.0326635986081492,1.6947,1.682,0.7550535077289003,0.363980848357851,1100,acc,Mid Cap,May-2025
97743,96921,1,Gland Pharma Ltd.,Healthcare,Healthcare,Domestic Equities,10625.0,10520.0,0.9980988593155894,1.6879,1.4728,14.604834329168922,0.362520371713705,1100,gland-pharma,Small Cap,May-2025
19805,15724,1,Syngene International Ltd.,Business Services,Healthcare,Domestic Equities,25249.0,24997.0,1.008120974516942,1.6325,1.5849000000000002,3.0033440595621115,0.350621782583461,1100,syngene-international,Mid Cap,May-2025
115032,83788,1,Housing & Urban Development Corporation Ltd.,Finance,Finance,Domestic Equities,67014.0,66342.0,1.0129329836302794,1.6166,1.4825,9.045531197301852,0.347206844547886,1100,housing-urban-development-corporation,Mid Cap,May-2025
171485,6291,1,Motilal Oswal Financial Services Ltd.,Finance,Finance,Domestic Equities,19840.0,19642.0,1.0080439873739946,1.6068,1.2821,25.32563762577022,0.345102039972499,1100,motilal-oswal-financial-services,Mid Cap,May-2025
44430,82482,1,L&T Technology Services Ltd.,IT,Information Technology,Domestic Equities,3665.0,3633.0,0.8808147536471236,1.6007,1.5466,3.4979956032587594,0.34379190651231,1100,lt-technology-services,Mid Cap,May-2025
171580,109023,1,Tata Technologies Ltd.,IT,Information Technology,Domestic Equities,20594.0,20386.0,1.0203080545472383,1.5932,1.3411000000000002,18.798001640444394,0.342181086684208,1100,tata-technologies,Mid Cap,May-2025
114654,92672,1,Indian Renewable Energy Development Agency Ltd.,Finance,Finance,Domestic Equities,89971.0,89068.0,1.013832128261553,1.5721,1.4880000000000002,5.651881720430104,0.337649313567816,1100,indian-renewable-energy-development-agency,Mid Cap,May-2025
171948,7104,1,Emami Ltd.,FMCG,Fast Moving Consumer Goods,Domestic Equities,26328.0,26064.0,1.0128913443830572,1.5381,1.6281999999999999,-5.533718216435322,0.330346930347088,1100,emami,Small Cap,May-2025
509,8487,1,K.P.R. Mill Ltd.,Textile,Textile,Domestic Equities,13407.0,13272.0,1.0171790235081375,1.5103,1.3236,14.105469930492584,0.324376158184258,1100,kpr-mill,Small Cap,May-2025
152370,5063,1,Escorts Kubota Ltd.,Automobile & Ancillaries,Automobile & Ancillaries,Domestic Equities,4429.0,4385.0,1.0034207525655643,1.4712,1.4291,2.9459100132950864,0.315978417480421,1100,escorts-kubota,Mid Cap,May-2025
58178,99657,1,Star Health and Allied Insurance Company Ltd.,Insurance,Finance,Domestic Equities,30123.0,29822.0,1.0093219770639126,1.4387999999999999,1.1625,23.767741935483865,0.309019675823022,1100,star-health-and-allied-insurance-company,Small Cap,May-2025
133495,5019,1,Ajanta Pharma Ltd.,Healthcare,Healthcare,Domestic Equities,5620.0,5564.0,1.00647016534867,1.4111000000000002,1.5057,-6.282792056850621,0.3030703812579,1100,ajanta-pharma,Mid Cap,May-2025
645,8087,1,IRB Infrastructure Developers Ltd.,Infrastructure,Infrastructure,Domestic Equities,264915.0,262260.0,1.0123541523678792,1.3581999999999999,1.1959,13.571368843548784,0.291708732070356,1100,irb-infrastructure-developers,Mid Cap,May-2025
102429,100653,1,Global Health Ltd.,Healthcare,Healthcare,Domestic Equities,11116.0,11005.0,1.008632439800091,1.3208000000000002,1.3175,0.2504743833017173,0.283676110527556,1100,global-health,Small Cap,May-2025
196533,104025,1,Motherson Sumi Wiring India Ltd.,Iron & Steel,Iron & Steel,Domestic Equities,226441.0,224173.0,1.0117186280238923,1.3106,1.25,4.848000000000002,0.281485395561338,1100,motherson-sumi-wiring-india,Small Cap,May-2025
222979,112566,1,Vishal Mega Mart Ltd.,Retailing,Retailing,Domestic Equities,99733.0,98721.0,1.0251111718884534,1.2433,1.1696,6.301299589603287,0.267030972303839,1100,vishal-mega-mart,Mid Cap,May-2025
57345,99844,1,AWL Agri Business Ltd.,FMCG,Fast Moving Consumer Goods,Domestic Equities,44032.0,43590.0,1.013994035329204,1.2109,1.1641,4.020273172407875,0.26007223064644,1100,awl-agri-business,Mid Cap,May-2025
13,7543,1,Tata Investment Corporation Ltd.,Finance,Finance,Domestic Equities,1732.0,1718.0,0.8149010477299184,1.1655,1.0197,14.298323036187114,0.250321401286998,1100,tata-investment-corporation,Mid Cap,May-2025
171394,82477,1,Endurance Technologies Ltd.,Automobile & Ancillaries,Automobile & Ancillaries,Domestic Equities,4706.0,4661.0,0.9654580562111135,1.1444,0.8739,30.95319830644238,0.245789628170605,1100,endurance-technologies,Mid Cap,May-2025
133645,6755,1,Bank Of Maharashtra,Bank,Banking,Domestic Equities,210084.0,207977.0,1.0130927939147116,1.1340000000000001,1.0536,7.630979498861054,0.243555958008971,1100,bank-of-maharashtra,Mid Cap,May-2025
113787,7539,1,Honeywell Automation India Ltd.,Consumer Durables,Consumer Durables,Domestic Equities,294.0,290.0,1.3793103448275863,1.1328,1.0011,13.155528918189994,0.243298226836475,1100,honeywell-automation-india,Mid Cap,May-2025
222201,112407,1,NTPC Green Energy Ltd.,Power,Power,Domestic Equities,99489.0,98493.0,1.0112393774176844,1.1069,0.9903,11.77420983540341,0.237735529030097,1100,ntpc-green-energy,Large Cap,May-2025
152064,6806,1,3M India Ltd.,Diversified,Diversified,Domestic Equities,377.0,373.0,1.0723860589812333,1.1037000000000001,1.1231,-1.7273617665390417,0.23704824590344,1100,3m-india,Mid Cap,May-2025
229270,113158,1,Aditya Birla Lifestyle Brands Ltd.,Others,,Domestic Equities,62574.0,,,1.0697,,,0.229745862682713,1100,aditya-birla-lifestyle-brands,,May-2025
137768,15760,1,Gujarat Gas Ltd.,Gas Transmission,Gas Transmission,Domestic Equities,23020.0,22788.0,1.018079691065473,1.0590000000000002,1.0334,2.477259531643122,0.227447759727954,1100,gujarat-gas,Mid Cap,May-2025
78882,109773,1,JSW Infrastructure Ltd.,Logistics,Logistics,Domestic Equities,36269.0,35906.0,1.010973096418426,1.0549,1.0544,0.04742033383914754,0.226567178221925,1100,jsw-infrastructure,Mid Cap,May-2025
171853,7249,1,NLC India Ltd.,Power,Power,Domestic Equities,43565.0,43129.0,1.0109207261935125,1.0531,0.9815,7.294956698930205,0.226180581463181,1100,nlc-india,Mid Cap,May-2025
77359,100627,1,Waaree Energies Ltd.,Capital Goods,Capital Goods,Domestic Equities,3518.0,3486.0,0.9179575444635685,1.048,0.9079,15.431214891507864,0.225085223980072,1100,waaree-energies,Mid Cap,May-2025
133387,5868,1,Godrej Industries Ltd.,Chemicals,Chemicals,Domestic Equities,8280.0,8195.0,1.0372178157413057,0.9809,0.8883,10.424406169087026,0.210673755917989,1100,godrej-industries,Mid Cap,May-2025
217845,112026,1,Premier Energies Ltd.,Electricals,Electricals,Domestic Equities,8802.0,8715.0,0.998278829604131,0.9344,0.8558,9.184388875905585,0.200686672983759,1100,premier-energies,Mid Cap,May-2025
1840,4901,1,SJVN Ltd.,Power,Power,Domestic Equities,95513.0,94555.0,1.0131669398762624,0.9198000000000001,0.8891,3.4529299291418374,0.197550943718387,1100,sjvn,Mid Cap,May-2025
152532,6617,1,Sun TV Network Ltd.,Media & Entertainment,Media & Entertainment,Domestic Equities,13193.0,13059.0,1.0261122597442376,0.8306999999999999,0.8108,2.454366058214103,0.17841440416054,1100,sun-tv-network,Small Cap,May-2025
176199,111753,1,OLA Electric Mobility Ltd.,Automobile & Ancillaries,Automobile & Ancillaries,Domestic Equities,119124.0,117932.0,1.0107519587558933,0.6071,0.5742,5.729710902124693,0.130390495685402,1100,ola-electric-mobility,Mid Cap,May-2025
58164,86911,1,The New India Assurance Company Ltd.,Insurance,Finance,Domestic Equities,32135.0,31814.0,1.0089897529389578,0.5992000000000001,0.5474,9.462915601023017,0.128693765466469,1100,the-new-india-assurance-company,Mid Cap,May-2025
95549,7450,1,Aditya Birla Fashion and Retail Ltd.,Retailing,Retailing,Domestic Equities,62676.0,62047.0,1.013747642915854,0.5381,1.6352000000000002,-67.09271037181996,0.115570953266867,1100,aditya-birla-fashion-and-retail,Mid Cap,May-2025
171883,5324,1,Mangalore Refinery And Petrochemicals Ltd.,Crude Oil,Crude Oil,Domestic Equities,23838.0,23598.0,1.0170353419781337,0.34340000000000004,0.31670000000000004,8.430691506157252,0.073754070529348,1100,mangalore-refinery-and-petrochemicals,Small Cap,May-2025
