CompanyID,SecurityID,MfSchemeAssetAllocationID,Name,SectorName,EquitySectorName,Type,NoOfShare,PrevNoOfShare,SharesZG,MarketValue,PrevMarketValue,MarketValueZG,HoldingPercentage,Priority,SecuritySlug,McapCategory,Month
171875,5051,1,HDFC Bank Ltd.,Bank,Banking,Domestic Equities,3047100.0,3047100.0,0.0,609.8771,592.6305,2.91017758957731,4.33967627745256,1100,hdfc-bank,Large Cap,Jun-2025
152686,7802,1,Multi Commodity Exchange Of India Ltd.,Finance,Finance,Domestic Equities,596611.0,596611.0,0.0,533.6089,393.8826,35.47409811959197,3.79697792353173,1100,multi-commodity-exchange-of-india,Mid Cap,Jun-2025
171888,8748,1,ICICI Bank Ltd.,Bank,Banking,Domestic Equities,3594000.0,3738600.0,-3.8677579842721874,519.6205,540.5268,-3.867763818556263,3.69744126665526,1100,icici-bank,Large Cap,Jun-2025
133386,8742,1,Godfrey Phillips India Ltd.,FMCG,Fast Moving Consumer Goods,Domestic Equities,464350.0,464350.0,0.0,416.82379999999995,404.1006,3.148522917313164,2.96597520506612,1100,godfrey-phillips-india,Mid Cap,Jun-2025
171531,4897,1,Reliance Industries Ltd.,Crude Oil,Crude Oil,Domestic Equities,2769911.0,2769911.0,0.0,415.6528,393.57669999999996,5.609097286500956,2.95764277067746,1100,reliance-industries,Large Cap,Jun-2025
56728,7719,1,Shriram Finance Ltd.,Finance,Finance,Domestic Equities,5810500.0,4264500.0,36.25278461718842,410.7152,272.6508,50.637812175867424,2.92250850249859,1100,shriram-finance,Large Cap,Jun-2025
133350,8843,1,State Bank Of India,Bank,Banking,Domestic Equities,4516900.0,4516900.0,0.0,370.5439,366.9078,0.9910119108942371,2.6366633090253,1100,state-bank-of-india,Large Cap,Jun-2025
543,5039,1,Karur Vysya Bank Ltd.,Bank,Banking,Domestic Equities,13164300.0,13164300.0,0.0,352.19769999999994,291.8394,20.682025799121018,2.50611804191919,1100,karur-vysya-bank,Small Cap,Jun-2025
171656,5311,1,Mahindra & Mahindra Ltd.,Automobile & Ancillaries,Automobile & Ancillaries,Domestic Equities,1092500.0,1092500.0,0.0,347.7646,325.2154,6.933619994625095,2.47457362271477,1100,mahindra-mahindra,Large Cap,Jun-2025
155709,99978,1,Paradeep Phosphates Ltd.,Chemicals,Chemicals,Domestic Equities,21041702.0,24824061.0,-15.236664943741477,336.62510000000003,427.6689,-21.288384542341042,2.39530876116696,1100,paradeep-phosphates,Small Cap,Jun-2025
171685,5596,1,The Federal Bank Ltd.,Bank,Banking,Domestic Equities,14033500.0,15016900.0,-6.548621886008431,299.082,303.4315,-1.4334372008179794,2.12816493751457,1100,the-federal-bank,Mid Cap,Jun-2025
171511,5199,1,Wipro Ltd.,IT,Information Technology,Domestic Equities,10851100.0,10851100.0,0.0,288.6176,270.9194,6.532644026230678,2.05370385603147,1100,wipro,Large Cap,Jun-2025
133664,7760,1,NTPC Ltd.,Power,Power,Domestic Equities,8459900.0,9497371.0,-10.923770378139382,283.3221,317.1172,-10.656974771472509,2.01602289419957,1100,ntpc,Large Cap,Jun-2025
133593,6508,1,Bharti Airtel Ltd.,Telecom,Telecom,Domestic Equities,1409300.0,1409300.0,0.0,283.2129,261.5943,8.264170893631858,2.01524586445129,1100,bharti-airtel,Large Cap,Jun-2025
137941,15743,1,Power Mech Projects Ltd.,Infrastructure,Infrastructure,Domestic Equities,839100.0,839100.0,0.0,281.6104,260.72520000000003,8.010426303249552,2.00384302405177,1100,power-mech-projects,Small Cap,Jun-2025
171400,5889,1,Axis Bank Ltd.,Bank,Banking,Domestic Equities,2309100.0,2309100.0,0.0,276.9073,275.2909,0.5871607089082836,1.97037737744775,1100,axis-bank,Large Cap,Jun-2025
58272,82478,1,PNB Housing Finance Ltd.,Finance,Finance,Domestic Equities,2462500.0,2462500.0,0.0,273.1898,257.3066,6.172869254033903,1.94392492241799,1100,pnb-housing-finance,Small Cap,Jun-2025
171383,5551,1,Hero MotoCorp Ltd.,Automobile & Ancillaries,Automobile & Ancillaries,Domestic Equities,629500.0,534700.0,17.729567982046007,266.72540000000004,230.41830000000002,15.757038394953868,1.8979264690772,1100,hero-motocorp,Mid Cap,Jun-2025
151967,5716,1,GE Vernova T&D India Ltd.,Capital Goods,Capital Goods,Domestic Equities,1084293.0,1103363.0,-1.7283523192276704,256.0124,247.3078,3.5197434128644662,1.82169643525506,1100,ge-vernova-td-india,Mid Cap,Jun-2025
152604,5456,1,Power Finance Corporation Ltd.,Finance,Finance,Domestic Equities,5879019.0,5879019.0,0.0,251.26930000000002,238.6588,5.28390321245225,1.78794616236962,1100,power-finance-corporation,Large Cap,Jun-2025
19182,5589,1,Coromandel International Ltd.,Chemicals,Chemicals,Domestic Equities,972513.0,972513.0,0.0,243.63400000000001,222.6471,9.426082800988661,1.73361598620587,1100,coromandel-international,Mid Cap,Jun-2025
171369,7531,1,Tech Mahindra Ltd.,IT,Information Technology,Domestic Equities,1420600.0,1420600.0,0.0,239.6552,223.5882,7.185978508704846,1.70530420999272,1100,tech-mahindra,Large Cap,Jun-2025
152513,6479,1,KEC International Ltd.,Infrastructure,Infrastructure,Domestic Equities,2598500.0,2598500.0,0.0,238.65919999999997,216.2991,10.337583466597867,1.69821701558528,1100,kec-international,Small Cap,Jun-2025
171687,7000,1,Zensar Technologies Ltd.,IT,Information Technology,Domestic Equities,2508911.0,2508911.0,0.0,211.38830000000002,209.0048,1.1404044309030328,1.50416664413375,1100,zensar-technologies,Small Cap,Jun-2025
133599,5561,1,Punjab National Bank,Bank,Banking,Domestic Equities,18604300.0,14659600.0,26.908646893503235,205.5775,155.1279,32.52129371956946,1.46281898423142,1100,punjab-national-bank,Large Cap,Jun-2025
171365,5279,1,Hindustan Petroleum Corporation Ltd.,Crude Oil,Crude Oil,Domestic Equities,4572300.0,4572300.0,0.0,200.28959999999998,187.94439999999997,6.5685383549603005,1.42519210139299,1100,hindustan-petroleum-corporation,Mid Cap,Jun-2025
152608,7159,1,Indian Bank,Bank,Banking,Domestic Equities,3099121.0,3099121.0,0.0,199.4129,191.0918,4.354503960923497,1.4189538048699,1100,indian-bank,Mid Cap,Jun-2025
152372,4964,1,Larsen & Toubro Ltd.,Infrastructure,Infrastructure,Domestic Equities,540463.0,540463.0,0.0,198.3391,198.62560000000002,-0.14424122570303854,1.4113130123451,1100,larsen-toubro,Large Cap,Jun-2025
133298,5393,1,Balrampur Chini Mills Ltd.,Agri,Agriculture,Domestic Equities,3257263.0,3257263.0,0.0,193.43259999999998,192.2762,0.6014264896019342,1.37640004110003,1100,balrampur-chini-mills,Small Cap,Jun-2025
171359,5112,1,Aditya Birla Real Estate Ltd.,Realty,Realty,Domestic Equities,788900.0,788900.0,0.0,192.16029999999998,171.8382,11.82629939093868,1.36734679065367,1100,aditya-birla-real-estate,Small Cap,Jun-2025
153691,5278,1,Oberoi Realty Ltd.,Realty,Realty,Domestic Equities,1008199.0,1008199.0,0.0,192.12240000000003,176.0618,9.12213779479706,1.36707710725202,1100,oberoi-realty,Mid Cap,Jun-2025
171752,6261,1,The Ramco Cements Ltd.,Construction Materials,Construction Materials,Domestic Equities,1775342.0,1775342.0,0.0,190.88479999999998,173.2645,10.16959619541221,1.35827077010479,1100,the-ramco-cements,Small Cap,Jun-2025
152579,7542,1,Sobha Ltd.,Realty,Realty,Domestic Equities,1211961.0,1211961.0,0.0,177.64919999999998,173.674,2.288886073908569,1.2640907798447,1100,sobha,Small Cap,Jun-2025
617,7969,1,Brigade Enterprises Ltd.,Realty,Realty,Domestic Equities,1579259.0,1579259.0,0.0,175.2662,172.8341,1.4071875862459962,1.24713416912892,1100,brigade-enterprises,Small Cap,Jun-2025
133630,5815,1,Jindal Stainless Ltd.,Iron & Steel,Iron & Steel,Domestic Equities,2472300.0,2472300.0,0.0,174.3219,159.4015,9.360263234662153,1.24041485419023,1100,jindal-stainless,Mid Cap,Jun-2025
133044,7653,1,Ratnamani Metals & Tubes Ltd.,Iron & Steel,Iron & Steel,Domestic Equities,531381.0,531381.0,0.0,155.7371,150.8591,3.2334807777588446,1.10817179131543,1100,ratnamani-metals-tubes,Small Cap,Jun-2025
152303,6239,1,Jindal Saw Ltd.,Iron & Steel,Iron & Steel,Domestic Equities,6284000.0,5687526.0,10.487407002622932,151.30620000000002,120.51870000000001,25.54582815778796,1.07664302655649,1100,jindal-saw,Small Cap,Jun-2025
133374,5879,1,Finolex Cables Ltd.,Electricals,Electricals,Domestic Equities,1511535.0,1511535.0,0.0,148.07,147.1933,0.5956113491578765,1.05361533725795,1100,finolex-cables,Small Cap,Jun-2025
56723,6834,1,Can Fin Homes Ltd.,Finance,Finance,Domestic Equities,1854100.0,1854100.0,0.0,147.0116,146.1309,0.6026788311027969,1.0460841258515,1100,can-fin-homes,Small Cap,Jun-2025
420,5071,1,Sun Pharmaceutical Industries Ltd.,Healthcare,Healthcare,Domestic Equities,852000.0,976000.0,-12.704918032786885,142.7696,163.7338,-12.803831585170563,1.01589950870658,1100,sun-pharmaceutical-industries,Large Cap,Jun-2025
171942,7813,1,Jindal Steel & Power Ltd.,Iron & Steel,Iron & Steel,Domestic Equities,1515300.0,1515300.0,0.0,142.6958,143.7868,-0.7587622785958125,1.01537437321735,1100,jindal-steel-power,Large Cap,Jun-2025
171889,4926,1,Infosys Ltd.,IT,Information Technology,Domestic Equities,865800.0,865800.0,0.0,138.6838,135.2986,2.5020214547674446,0.986826357190613,1100,infosys,Large Cap,Jun-2025
509,8487,1,K.P.R. Mill Ltd.,Textile,Textile,Domestic Equities,1181534.0,1214534.0,-2.7170914935275587,134.813,136.8173,-1.4649463189231209,0.9592830719373,1100,kpr-mill,Mid Cap,Jun-2025
96004,7992,1,Jubilant FoodWorks Ltd.,FMCG,Fast Moving Consumer Goods,Domestic Equities,1896500.0,1896500.0,0.0,133.0964,124.3251,7.055132069067302,0.947068335070028,1100,jubilant-foodworks,Mid Cap,Jun-2025
38605,83193,1,Varun Beverages Ltd.,FMCG,Fast Moving Consumer Goods,Domestic Equities,2730600.0,2730600.0,0.0,124.93860000000001,129.96290000000002,-3.865949436339142,0.889020228105194,1100,varun-beverages,Large Cap,Jun-2025
152343,5043,1,Hindalco Industries Ltd.,Non - Ferrous Metals,Non - Ferrous Metals,Domestic Equities,1781000.0,1781000.0,0.0,123.39659999999999,112.82639999999999,9.368552041011682,0.878047884956334,1100,hindalco-industries,Large Cap,Jun-2025
152275,6296,1,Birla Corporation Ltd.,Construction Materials,Construction Materials,Domestic Equities,915797.0,915797.0,0.0,122.9366,125.8671,-2.3282493995650912,0.874774682719968,1100,birla-corporation,Small Cap,Jun-2025
171492,5886,1,Kotak Mahindra Bank Ltd.,Bank,Banking,Domestic Equities,567657.0,567657.0,0.0,122.8126,117.7718,4.280141765685842,0.873892341247557,1100,kotak-mahindra-bank,Large Cap,Jun-2025
152408,5535,1,ITC Ltd.,FMCG,Fast Moving Consumer Goods,Domestic Equities,2926200.0,3743000.0,-21.822067860005344,121.8616,156.4761,-22.12126963798306,0.867125351406723,1100,itc,Large Cap,Jun-2025
133018,6609,1,CCL Products (India) Ltd.,Agri,Agriculture,Domestic Equities,1380800.0,1380800.0,0.0,117.30590000000001,122.0834,-3.9133084432445364,0.834708552649743,1100,ccl-products-india,Small Cap,Jun-2025
678,15637,1,PNC Infratech Ltd.,Infrastructure,Infrastructure,Domestic Equities,3696367.0,3696367.0,0.0,114.0699,107.9154,5.703078522620487,0.811682286482614,1100,pnc-infratech,Small Cap,Jun-2025
152377,4902,1,Siemens Ltd.,Capital Goods,Capital Goods,Domestic Equities,339800.0,339800.0,0.0,110.486,110.9651,-0.4317573723630209,0.786180483232808,1100,siemens,Large Cap,Jun-2025
133625,7239,1,Maruti Suzuki India Ltd.,Automobile & Ancillaries,Automobile & Ancillaries,Domestic Equities,87800.0,87800.0,0.0,108.87200000000001,108.1608,0.6575395152402793,0.774695812777386,1100,maruti-suzuki-india,Large Cap,Jun-2025
117,8100,1,Vardhman Textiles Ltd.,Textile,Textile,Domestic Equities,2096700.0,2096700.0,0.0,104.95030000000001,103.10520000000001,1.7895314688298962,0.746790340580962,1100,vardhman-textiles,Small Cap,Jun-2025
152647,6951,1,Time Technoplast Ltd.,Plastic Products,Plastic Products,Domestic Equities,2152725.0,2152725.0,0.0,95.581,81.3622,17.475928625332156,0.680121615117526,1100,time-technoplast,Small Cap,Jun-2025
133437,6005,1,Sonata Software Ltd.,IT,Information Technology,Domestic Equities,2326064.0,2326064.0,0.0,95.3803,95.1476,0.2445673879320176,0.678693502750486,1100,sonata-software,Small Cap,Jun-2025
644,7347,1,Globus Spirits Ltd.,Alcohol,Alcohol,Domestic Equities,981167.0,981167.0,0.0,93.4709,93.1127,0.3846951060381635,0.665106867206754,1100,globus-spirits,Small Cap,Jun-2025
643,7404,1,KNR Constructions Ltd.,Infrastructure,Infrastructure,Domestic Equities,4051771.0,4051771.0,0.0,90.2491,85.4113,5.6641217262821275,0.642181643369531,1100,knr-constructions,Small Cap,Jun-2025
133614,6833,1,Canara Bank,Bank,Banking,Domestic Equities,7737800.0,7737800.0,0.0,88.3657,88.79899999999999,-0.48795594544983534,0.628780014908725,1100,canara-bank,Mid Cap,Jun-2025
677,6026,1,Oil India Ltd.,Crude Oil,Crude Oil,Domestic Equities,1711300.0,,,74.3132,,,0.528787244416273,1100,oil-india,Mid Cap,Jun-2025
797,86851,1,Nippon Life India Asset Management Ltd.,Finance,Finance,Domestic Equities,908300.0,908300.0,0.0,72.66850000000001,67.3005,7.976166596087698,0.517084123289859,1100,nippon-life-india-asset-management,Mid Cap,Jun-2025
191898,99941,1,Sapphire Foods India Ltd.,FMCG,Fast Moving Consumer Goods,Domestic Equities,2097258.0,2097258.0,0.0,68.95779999999999,66.7138,3.3636219193030477,0.490680054727941,1100,sapphire-foods-india,Small Cap,Jun-2025
171754,5110,1,VIP Industries Ltd.,FMCG,Fast Moving Consumer Goods,Domestic Equities,1550763.0,632600.0,145.1411634524186,65.3104,22.8811,185.43382966727998,0.464726407256376,1100,vip-industries,Small Cap,Jun-2025
95548,5980,1,Persistent Systems Ltd.,IT,Information Technology,Domestic Equities,106100.0,106100.0,0.0,64.1003,59.8192,7.156732286623687,0.456115750677624,1100,persistent-systems,Mid Cap,Jun-2025
227975,113151,1,Siemens Energy India Ltd.,Capital Goods,Capital Goods,Domestic Equities,214313.0,339800.0,-36.92966450853443,63.7774,75.7868,-15.846295133189429,0.453818105020836,1100,siemens-energy-india,Large Cap,Jun-2025
114424,7958,1,JK Paper Ltd.,Paper,Paper,Domestic Equities,1703078.0,1703078.0,0.0,63.116099999999996,62.3412,1.2429982098515875,0.449112521023209,1100,jk-paper,Small Cap,Jun-2025
152406,5107,1,The Indian Hotels Company Ltd.,Hospitality,Hospitality,Domestic Equities,805000.0,805000.0,0.0,61.2042,61.9729,-1.240380876157157,0.435508096336888,1100,the-indian-hotels-company,Large Cap,Jun-2025
19174,6780,1,Bayer CropScience Ltd.,Chemicals,Chemicals,Domestic Equities,74462.0,74462.0,0.0,46.8701,42.281800000000004,10.851713976226176,0.333511556823218,1100,bayer-cropscience,Small Cap,Jun-2025
76446,99976,1,Epigral Ltd.,Chemicals,Chemicals,Domestic Equities,232151.0,232151.0,0.0,41.9775,41.3252,1.5784557606496656,0.298697493210952,1100,epigral,Small Cap,Jun-2025
152305,7945,1,JK Lakshmi Cement Ltd.,Construction Materials,Construction Materials,Domestic Equities,466283.0,466283.0,0.0,41.9398,39.4872,6.211126643570569,0.29842923294071,1100,jk-lakshmi-cement,Small Cap,Jun-2025
114606,112114,1,Hyundai Motor India Ltd.,Automobile & Ancillaries,Automobile & Ancillaries,Domestic Equities,177400.0,177400.0,0.0,39.3775,32.7693,20.165825940743325,0.28019678491845,1100,hyundai-motor-india,Large Cap,Jun-2025
171829,5244,1,Thangamayil Jewellery Ltd.,Diamond  &  Jewellery,Diamond & Jewellery,Domestic Equities,145144.0,145144.0,0.0,27.0287,27.9823,-3.407868545473393,0.192326959317512,1100,thangamayil-jewellery,Small Cap,Jun-2025
182,6786,1,Bharat Bijlee Ltd.,Capital Goods,Capital Goods,Domestic Equities,73839.0,,,22.917399999999997,,,0.163072358547142,1100,bharat-bijlee,Small Cap,Jun-2025
133553,7241,1,Taj GVK Hotels & Resorts Ltd.,Hospitality,Hospitality,Domestic Equities,507906.0,1532569.0,-66.85917567169895,20.722600000000003,69.0805,-70.00224375909265,0.147454914485457,1100,taj-gvk-hotels-resorts,Small Cap,Jun-2025
95054,6347,1,Somany Ceramics Ltd.,Construction Materials,Construction Materials,Domestic Equities,365300.0,365300.0,0.0,20.5445,17.4723,17.583260360685188,0.14618761596742,1100,somany-ceramics,Small Cap,Jun-2025
96369,112590,1,HDB Financial Services Ltd.,Finance,Finance,Domestic Equities,98880.0,,,7.3171,,,0.0520659740950236,1100,hdb-financial-services,,Jun-2025
171888,8748,1,ICICI Bank Ltd.,Bank,Banking,Domestic Equities,4382100.0,4382100.0,0.0,561.6318,569.7168,-1.4191261342477526,4.14019193568417,1100,icici-bank,Large Cap,Dec-2024
152686,7802,1,Multi Commodity Exchange Of India Ltd.,Finance,Finance,Domestic Equities,798650.0,798650.0,0.0,497.8864,493.99300000000005,0.7881488199225424,3.67027874519716,1100,multi-commodity-exchange-of-india,Small Cap,Dec-2024
171875,5051,1,HDFC Bank Ltd.,Bank,Banking,Domestic Equities,2691300.0,2691300.0,0.0,477.1271,483.3709,-1.2917202918090382,3.5172470143542,1100,hdfc-bank,Large Cap,Dec-2024
152513,6479,1,KEC International Ltd.,Infrastructure,Infrastructure,Domestic Equities,3887970.0,3887970.0,0.0,466.0898,409.9087,13.705759355680913,3.43588313778644,1100,kec-international,Small Cap,Dec-2024
171369,7531,1,Tech Mahindra Ltd.,IT,Information Technology,Domestic Equities,2284900.0,2284900.0,0.0,389.8496,391.2434,-0.3562488210663678,2.87386178996577,1100,tech-mahindra,Large Cap,Dec-2024
171685,5596,1,The Federal Bank Ltd.,Bank,Banking,Domestic Equities,16063900.0,16063900.0,0.0,321.3101,338.5949,-5.104861295902566,2.36860784035711,1100,the-federal-bank,Mid Cap,Dec-2024
171889,4926,1,Infosys Ltd.,IT,Information Technology,Domestic Equities,1702400.0,1556500.0,9.37359460327658,320.0512,289.1744,10.677570352009033,2.35932758302867,1100,infosys,Large Cap,Dec-2024
171531,4897,1,Reliance Industries Ltd.,Crude Oil,Crude Oil,Domestic Equities,2522806.0,2522806.0,0.0,306.6345,325.997,-5.939471835630389,2.26042343774435,1100,reliance-industries,Large Cap,Dec-2024
151967,5716,1,GE Vernova T&D India Ltd.,Capital Goods,Capital Goods,Domestic Equities,1472899.0,1472899.0,0.0,305.7591,258.6705,18.204085893057,2.25397023473751,1100,ge-vernova-td-india,Mid Cap,Dec-2024
155709,99978,1,Paradeep Phosphates Ltd.,Chemicals,Chemicals,Domestic Equities,26832297.0,26832297.0,0.0,295.7724,298.0532,-0.7652325155374883,2.18035108638427,1100,paradeep-phosphates,Small Cap,Dec-2024
171511,5199,1,Wipro Ltd.,IT,Information Technology,Domestic Equities,9706800.0,4853400.0,100.0,292.9998,280.4537,4.473501330166087,2.15991225766966,1100,wipro,Large Cap,Dec-2024
133350,8843,1,State Bank Of India,Bank,Banking,Domestic Equities,3682400.0,3682400.0,0.0,292.73240000000004,308.9349,-5.244632445217422,2.15794105994973,1100,state-bank-of-india,Large Cap,Dec-2024
543,5039,1,Karur Vysya Bank Ltd.,Bank,Banking,Domestic Equities,13164300.0,13164300.0,0.0,285.8364,311.41470000000004,-8.213581439797164,2.10710568419558,1100,karur-vysya-bank,Small Cap,Dec-2024
133593,6508,1,Bharti Airtel Ltd.,Telecom,Telecom,Domestic Equities,1771600.0,1683700.0,5.220645008018056,281.2858,273.9632,2.672840731893926,2.07355993870445,1100,bharti-airtel,Large Cap,Dec-2024
171656,5311,1,Mahindra & Mahindra Ltd.,Automobile & Ancillaries,Automobile & Ancillaries,Domestic Equities,883700.0,883700.0,0.0,265.73740000000004,262.1143,1.382259571492289,1.95894149955483,1100,mahindra-mahindra,Large Cap,Dec-2024
152604,5456,1,Power Finance Corporation Ltd.,Finance,Finance,Domestic Equities,5879019.0,5879019.0,0.0,263.67400000000004,291.1878,-9.448816193535572,1.94373069411238,1100,power-finance-corporation,Large Cap,Dec-2024
153691,5278,1,Oberoi Realty Ltd.,Realty,Realty,Domestic Equities,1102954.0,1102954.0,0.0,254.9478,221.40150000000003,15.151794364536814,1.87940359783833,1100,oberoi-realty,Mid Cap,Dec-2024
133664,7760,1,NTPC Ltd.,Power,Power,Domestic Equities,7583100.0,13014200.0,-41.73210800510212,252.7826,473.2614,-46.587108097131946,1.8634423513791,1100,ntpc,Large Cap,Dec-2024
420,5071,1,Sun Pharmaceutical Industries Ltd.,Healthcare,Healthcare,Domestic Equities,1329200.0,1329200.0,0.0,250.7336,236.7172,5.921158242831528,1.84833769869345,1100,sun-pharmaceutical-industries,Large Cap,Dec-2024
133630,5815,1,Jindal Stainless Ltd.,Iron & Steel,Iron & Steel,Domestic Equities,3538492.0,3538492.0,0.0,247.4114,241.7498,2.3419254121409816,1.82384737309449,1100,jindal-stainless,Mid Cap,Dec-2024
171687,7000,1,Zensar Technologies Ltd.,IT,Information Technology,Domestic Equities,3273995.0,3273995.0,0.0,246.0898,248.529,-0.9814548805169694,1.81410490897084,1100,zensar-technologies,Small Cap,Dec-2024
171400,5889,1,Axis Bank Ltd.,Bank,Banking,Domestic Equities,2309100.0,2309100.0,0.0,245.8499,262.383,-6.3011323142124205,1.81233643352951,1100,axis-bank,Large Cap,Dec-2024
152408,5535,1,ITC Ltd.,FMCG,Fast Moving Consumer Goods,Domestic Equities,4833376.0,3344200.0,44.53011183541654,233.7662,159.4347,46.621908530577095,1.72325878996797,1100,itc,Large Cap,Dec-2024
58272,82478,1,PNB Housing Finance Ltd.,Finance,Finance,Domestic Equities,2462500.0,2462500.0,0.0,216.1336,219.5811,-1.570034943808916,1.59327621361609,1100,pnb-housing-finance,Small Cap,Dec-2024
152372,4964,1,Larsen & Toubro Ltd.,Infrastructure,Infrastructure,Domestic Equities,598700.0,598700.0,0.0,215.99,223.0038,-3.1451481992683576,1.59221763473582,1100,larsen-toubro,Large Cap,Dec-2024
133386,8742,1,Godfrey Phillips India Ltd.,FMCG,Fast Moving Consumer Goods,Domestic Equities,380256.0,372835.0,1.990424718709349,198.7864,211.5149,-6.01777936211587,1.46539752593013,1100,godfrey-phillips-india,Small Cap,Dec-2024
137941,15743,1,Power Mech Projects Ltd.,Infrastructure,Infrastructure,Domestic Equities,765022.0,765022.0,0.0,196.6145,216.8837,-9.345653914978389,1.44938688895211,1100,power-mech-projects,Small Cap,Dec-2024
617,7969,1,Brigade Enterprises Ltd.,Realty,Realty,Domestic Equities,1579259.0,1803530.0,-12.43511336101978,196.3019,223.8,-12.286907953529944,1.44708248952335,1100,brigade-enterprises,Small Cap,Dec-2024
19182,5589,1,Coromandel International Ltd.,Chemicals,Chemicals,Domestic Equities,972513.0,972513.0,0.0,182.8276,173.9826,5.083841717505084,1.34775373321185,1100,coromandel-international,Mid Cap,Dec-2024
114424,7958,1,JK Paper Ltd.,Paper,Paper,Domestic Equities,4338180.0,4384971.0,-1.0670766123652813,179.9477,185.6597,-3.076596590428621,1.32652391902473,1100,jk-paper,Small Cap,Dec-2024
133374,5879,1,Finolex Cables Ltd.,Electricals,Electricals,Domestic Equities,1511535.0,1511535.0,0.0,178.6634,173.8039,2.795967179102429,1.31705642002806,1100,finolex-cables,Small Cap,Dec-2024
133044,7653,1,Ratnamani Metals & Tubes Ltd.,Iron & Steel,Iron & Steel,Domestic Equities,531381.0,531381.0,0.0,168.8862,182.4231,-7.420606271903077,1.2449816468518,1100,ratnamani-metals-tubes,Small Cap,Dec-2024
152608,7159,1,Indian Bank,Bank,Banking,Domestic Equities,3154963.0,3154963.0,0.0,167.19729999999998,181.1895,-7.722412170683186,1.23253155025796,1100,indian-bank,Mid Cap,Dec-2024
152579,7542,1,Sobha Ltd.,Realty,Realty,Domestic Equities,1053664.0,1053664.0,0.0,166.13119999999998,175.86180000000002,-5.533094736889997,1.2246725603955,1100,sobha,Small Cap,Dec-2024
152303,6239,1,Jindal Saw Ltd.,Iron & Steel,Iron & Steel,Domestic Equities,5687526.0,5687526.0,0.0,165.7345,175.2042,-5.404950337948506,1.22174819938018,1100,jindal-saw,Small Cap,Dec-2024
133599,5561,1,Punjab National Bank,Bank,Banking,Domestic Equities,14659600.0,14659600.0,0.0,150.6714,153.7792,-2.020949517229903,1.11070725556894,1100,punjab-national-bank,Large Cap,Dec-2024
133298,5393,1,Balrampur Chini Mills Ltd.,Agri,Agriculture,Domestic Equities,2809700.0,2809700.0,0.0,148.8579,164.3955,-9.45135359544512,1.09733864276004,1100,balrampur-chini-mills,Small Cap,Dec-2024
171359,5112,1,Aditya Birla Real Estate Ltd.,Diversified,Paper,Domestic Equities,583330.0,583330.0,0.0,146.3371,160.5791,-8.869149223030897,1.07875601294551,1100,aditya-birla-real-estate,Small Cap,Dec-2024
171942,7813,1,Jindal Steel & Power Ltd.,Iron & Steel,Iron & Steel,Domestic Equities,1515300.0,1515300.0,0.0,141.029,137.3544,2.675269230545211,1.0396261901438,1100,jindal-steel-power,Mid Cap,Dec-2024
509,8487,1,K.P.R. Mill Ltd.,Textile,Textile,Domestic Equities,1418500.0,1418500.0,0.0,141.0273,138.8428,1.5733621044807429,1.03961365822112,1100,kpr-mill,Small Cap,Dec-2024
56723,6834,1,Can Fin Homes Ltd.,Finance,Finance,Domestic Equities,1854100.0,1854100.0,0.0,140.7818,152.7686,-7.84637680779951,1.03780390115215,1100,can-fin-homes,Small Cap,Dec-2024
643,7404,1,KNR Constructions Ltd.,Infrastructure,Infrastructure,Domestic Equities,4051771.0,4051771.0,0.0,140.25209999999998,132.4119,5.921069027783746,1.03389910148031,1100,knr-constructions,Small Cap,Dec-2024
133437,6005,1,Sonata Software Ltd.,IT,Information Technology,Domestic Equities,2326064.0,2326064.0,0.0,139.42430000000002,145.5883,-4.233856704144492,1.02779679230843,1100,sonata-software,Small Cap,Dec-2024
152406,5107,1,The Indian Hotels Company Ltd.,Hospitality,Hospitality,Domestic Equities,1582300.0,1582300.0,0.0,138.85469999999998,125.5318,10.613167340865015,1.02359786103964,1100,the-indian-hotels-company,Mid Cap,Dec-2024
171528,8219,1,HCL Technologies Ltd.,IT,Information Technology,Domestic Equities,715800.0,715800.0,0.0,137.2475,132.2834,3.752625045924128,1.01175003390622,1100,hcl-technologies,Large Cap,Dec-2024
171752,6261,1,The Ramco Cements Ltd.,Construction Materials,Construction Materials,Domestic Equities,1413019.0,1208460.0,16.92724624728994,136.4482,122.6345,11.264122249448556,1.00585781873217,1100,the-ramco-cements,Small Cap,Dec-2024
96004,7992,1,Jubilant FoodWorks Ltd.,FMCG,Fast Moving Consumer Goods,Domestic Equities,1896500.0,1896500.0,0.0,136.1877,122.2389,11.411097449338966,1.00393748587486,1100,jubilant-foodworks,Mid Cap,Dec-2024
95548,5980,1,Persistent Systems Ltd.,IT,Information Technology,Domestic Equities,196000.0,196000.0,0.0,126.5709,115.7507,9.347848436337754,0.933045136461802,1100,persistent-systems,Mid Cap,Dec-2024
38605,83193,1,Varun Beverages Ltd.,FMCG,Fast Moving Consumer Goods,Domestic Equities,1979250.0,1979250.0,0.0,126.3751,122.951,2.784930582101812,0.931601753838156,1100,varun-beverages,Large Cap,Dec-2024
678,15637,1,PNC Infratech Ltd.,Infrastructure,Infrastructure,Domestic Equities,3775008.0,3775008.0,0.0,125.9154,111.7591,12.666798497840452,0.928212974511853,1100,pnc-infratech,Small Cap,Dec-2024
152370,5063,1,Escorts Kubota Ltd.,Automobile & Ancillaries,Automobile & Ancillaries,Domestic Equities,343300.0,343300.0,0.0,114.4064,122.0054,-6.228412840743126,0.843371857987132,1100,escorts-kubota,Mid Cap,Dec-2024
152275,6296,1,Birla Corporation Ltd.,Construction Materials,Construction Materials,Domestic Equities,915797.0,915797.0,0.0,113.3299,113.7924,-0.4064419064893613,0.835436202244768,1100,birla-corporation,Small Cap,Dec-2024
707,8442,1,Bajaj Auto Ltd.,Automobile & Ancillaries,Automobile & Ancillaries,Domestic Equities,126200.0,126200.0,0.0,111.0383,114.0047,-2.6019979878022523,0.818543170475887,1100,bajaj-auto,Large Cap,Dec-2024
152343,5043,1,Hindalco Industries Ltd.,Non - Ferrous Metals,Non - Ferrous Metals,Domestic Equities,1781000.0,1781000.0,0.0,107.2963,116.8692,-8.191123067497688,0.790958197147578,1100,hindalco-industries,Large Cap,Dec-2024
117,8100,1,Vardhman Textiles Ltd.,Textile,Textile,Domestic Equities,2096700.0,2096700.0,0.0,106.093,99.8239,6.280159360634076,0.782087807407879,1100,vardhman-textiles,Small Cap,Dec-2024
134937,5507,1,Kirloskar Oil Engines Ltd.,Capital Goods,Capital Goods,Domestic Equities,988250.0,988250.0,0.0,101.5081,110.8569,-8.433214351113923,0.74828921194744,1100,kirloskar-oil-engines,Small Cap,Dec-2024
171492,5886,1,Kotak Mahindra Bank Ltd.,Bank,Banking,Domestic Equities,567657.0,567657.0,0.0,101.3864,100.2057,1.1782762856803526,0.747392073718136,1100,kotak-mahindra-bank,Large Cap,Dec-2024
152374,6232,1,Bosch Ltd.,Automobile & Ancillaries,Automobile & Ancillaries,Domestic Equities,27042.0,27042.0,0.0,92.2138,94.5556,-2.4766380838363915,0.679774241983436,1100,bosch,Large Cap,Dec-2024
644,7347,1,Globus Spirits Ltd.,Alcohol,Alcohol,Domestic Equities,981167.0,981167.0,0.0,85.19959999999999,86.7057,-1.7370253628077574,0.628067529017261,1100,globus-spirits,Small Cap,Dec-2024
171365,5279,1,Hindustan Petroleum Corporation Ltd.,Crude Oil,Crude Oil,Domestic Equities,1901900.0,3614850.0,-47.38647523410376,77.7402,138.4849,-43.863771429231626,0.573078926653502,1100,hindustan-petroleum-corporation,Mid Cap,Dec-2024
133614,6833,1,Canara Bank,Bank,Banking,Domestic Equities,7737800.0,7737800.0,0.0,77.4709,78.9333,-1.8527034850943744,0.571093722667047,1100,canara-bank,Mid Cap,Dec-2024
134703,87891,1,Hindustan Aeronautics Ltd.,Capital Goods,Other,Domestic Equities,161600.0,161600.0,0.0,67.5221,72.3459,-6.6676895304364185,0.497753962472317,1100,hindustan-aeronautics,Large Cap,Dec-2024
133625,7239,1,Maruti Suzuki India Ltd.,Automobile & Ancillaries,Automobile & Ancillaries,Domestic Equities,61400.0,61400.0,0.0,66.67060000000001,67.99560000000001,-1.9486555012383155,0.491476943554879,1100,maruti-suzuki-india,Large Cap,Dec-2024
152519,8782,1,Mahindra & Mahindra Financial Services Ltd.,Finance,Finance,Domestic Equities,2400600.0,2400600.0,0.0,63.6039,65.6324,-3.09069910592938,0.468870092217111,1100,mahindra-mahindra-financial-services,Mid Cap,Dec-2024
171948,7104,1,Emami Ltd.,FMCG,Fast Moving Consumer Goods,Domestic Equities,1006411.0,1006411.0,0.0,60.4601,68.83850000000001,-12.171096116272146,0.445694881327336,1100,emami,Small Cap,Dec-2024
152320,7509,1,Supreme Petrochem Ltd.,Crude Oil,Chemicals,Domestic Equities,777400.0,777400.0,0.0,51.7282,55.5336,-6.852428079577049,0.381325766253723,1100,supreme-petrochem,Small Cap,Dec-2024
133018,6609,1,CCL Products (India) Ltd.,Agri,Agriculture,Domestic Equities,649388.0,649388.0,0.0,48.194300000000005,51.3958,-6.229108215068151,0.355274847695489,1100,ccl-products-india,Small Cap,Dec-2024
19174,6780,1,Bayer CropScience Ltd.,Chemicals,Chemicals,Domestic Equities,74579.0,74579.0,0.0,41.3984,42.4526,-2.483240131346492,0.305177381035453,1100,bayer-cropscience,Small Cap,Dec-2024
152305,7945,1,JK Lakshmi Cement Ltd.,Construction Materials,Construction Materials,Domestic Equities,466283.0,466283.0,0.0,38.9859,36.3584,7.226665639852138,0.287393108412646,1100,jk-lakshmi-cement,Small Cap,Dec-2024
76446,99976,1,Epigral Ltd.,Chemicals,Chemicals,Domestic Equities,202459.0,202459.0,0.0,38.3903,42.159,-8.939253777366623,0.283002512444089,1100,epigral,Small Cap,Dec-2024
114606,112114,1,Hyundai Motor India Ltd.,Automobile & Ancillaries,Automobile & Ancillaries,Domestic Equities,177400.0,177400.0,0.0,32.0402,33.9996,-5.763008976576196,0.236191358213171,1100,hyundai-motor-india,Large Cap,Dec-2024
133553,7241,1,Taj GVK Hotels & Resorts Ltd.,Hospitality,Hospitality,Domestic Equities,763619.0,,,29.1817,,,0.215119298817401,1100,taj-gvk-hotels-resorts,Small Cap,Dec-2024
95054,6347,1,Somany Ceramics Ltd.,Construction Materials,Construction Materials,Domestic Equities,365300.0,365300.0,0.0,23.3427,25.4121,-8.14336477504811,0.17207583028079,1100,somany-ceramics,Small Cap,Dec-2024
171818,5576,1,Nocil Ltd.,Chemicals,Chemicals,Domestic Equities,776500.0,776500.0,0.0,18.9233,20.4685,-7.549160905782054,0.139497254351574,1100,nocil,Small Cap,Dec-2024
171888,8748,1,ICICI Bank Ltd.,Bank,Banking,Domestic Equities,4382100.0,4382100.0,0.0,548.9895,561.6318,-2.2509943347225057,4.27263480333071,1100,icici-bank,Large Cap,Jan-2025
152686,7802,1,Multi Commodity Exchange Of India Ltd.,Finance,Finance,Domestic Equities,798650.0,798650.0,0.0,457.8621,497.8864,-8.038841792023241,3.56341522667753,1100,multi-commodity-exchange-of-india,Small Cap,Jan-2025
171875,5051,1,HDFC Bank Ltd.,Bank,Banking,Domestic Equities,2691300.0,2691300.0,0.0,457.1846,477.1271,-4.179703898604795,3.55814242987676,1100,hdfc-bank,Large Cap,Jan-2025
171369,7531,1,Tech Mahindra Ltd.,IT,Information Technology,Domestic Equities,2284900.0,2284900.0,0.0,382.5951,389.8496,-1.8608458236201784,2.97763279597113,1100,tech-mahindra,Large Cap,Jan-2025
171511,5199,1,Wipro Ltd.,IT,Information Technology,Domestic Equities,10851100.0,9706800.0,11.788643013145425,338.4458,292.9998,15.510590792212152,2.63403089516485,1100,wipro,Large Cap,Jan-2025
171889,4926,1,Infosys Ltd.,IT,Information Technology,Domestic Equities,1702400.0,1702400.0,0.0,320.0172,320.0512,-0.0106233002719496,2.49060615254835,1100,infosys,Large Cap,Jan-2025
171531,4897,1,Reliance Industries Ltd.,Crude Oil,Crude Oil,Domestic Equities,2522806.0,2522806.0,0.0,319.16020000000003,306.6345,4.08489586135937,2.4839363564476,1100,reliance-industries,Large Cap,Jan-2025
543,5039,1,Karur Vysya Bank Ltd.,Bank,Banking,Domestic Equities,13164300.0,13164300.0,0.0,313.6,285.8364,9.713108617376935,2.44066284386953,1100,karur-vysya-bank,Small Cap,Jan-2025
155709,99978,1,Paradeep Phosphates Ltd.,Chemicals,Chemicals,Domestic Equities,26832297.0,26832297.0,0.0,302.6951,295.7724,2.34054969293956,2.35579299614596,1100,paradeep-phosphates,Small Cap,Jan-2025
171685,5596,1,The Federal Bank Ltd.,Bank,Banking,Domestic Equities,16063900.0,16063900.0,0.0,300.7323,321.3101,-6.404342720630315,2.34051706173924,1100,the-federal-bank,Mid Cap,Jan-2025
152513,6479,1,KEC International Ltd.,Infrastructure,Infrastructure,Domestic Equities,3489079.0,3887970.0,-10.259621344814905,293.3618,466.0898,-37.05895301720828,2.28315448045499,1100,kec-international,Small Cap,Jan-2025
133593,6508,1,Bharti Airtel Ltd.,Telecom,Telecom,Domestic Equities,1771600.0,1771600.0,0.0,288.1153,281.2858,2.42795761463962,2.24232240899338,1100,bharti-airtel,Large Cap,Jan-2025
171687,7000,1,Zensar Technologies Ltd.,IT,Information Technology,Domestic Equities,3273995.0,3273995.0,0.0,284.8376,246.0898,15.7453905037917,2.21681296829391,1100,zensar-technologies,Small Cap,Jan-2025
133350,8843,1,State Bank Of India,Bank,Banking,Domestic Equities,3682400.0,3682400.0,0.0,284.6127,292.73240000000004,-2.7737619751008125,2.21506263323784,1100,state-bank-of-india,Large Cap,Jan-2025
171656,5311,1,Mahindra & Mahindra Ltd.,Automobile & Ancillaries,Automobile & Ancillaries,Domestic Equities,883700.0,883700.0,0.0,264.213,265.73740000000004,-0.5736490234344218,2.0562973595896,1100,mahindra-mahindra,Large Cap,Jan-2025
151967,5716,1,GE Vernova T&D India Ltd.,Capital Goods,Capital Goods,Domestic Equities,1472899.0,1472899.0,0.0,263.2807,305.7591,-13.892767214450854,2.04904152422819,1100,ge-vernova-td-india,Mid Cap,Jan-2025
152604,5456,1,Power Finance Corporation Ltd.,Finance,Finance,Domestic Equities,5879019.0,5879019.0,0.0,248.3886,263.67400000000004,-5.797082761288564,1.93314039177542,1100,power-finance-corporation,Large Cap,Jan-2025
133664,7760,1,NTPC Ltd.,Power,Power,Domestic Equities,7583100.0,7583100.0,0.0,245.6924,252.7826,-2.804860777600977,1.91215660618983,1100,ntpc,Large Cap,Jan-2025
420,5071,1,Sun Pharmaceutical Industries Ltd.,Healthcare,Healthcare,Domestic Equities,1329200.0,1329200.0,0.0,231.8058,250.7336,-7.548968307398764,1.80408100463473,1100,sun-pharmaceutical-industries,Large Cap,Jan-2025
133630,5815,1,Jindal Stainless Ltd.,Iron & Steel,Iron & Steel,Domestic Equities,3538492.0,3538492.0,0.0,231.1697,247.4114,-6.564653043473334,1.79913041268643,1100,jindal-stainless,Mid Cap,Jan-2025
171400,5889,1,Axis Bank Ltd.,Bank,Banking,Domestic Equities,2309100.0,2309100.0,0.0,227.7004,245.8499,-7.382349962314406,1.77212980170354,1100,axis-bank,Large Cap,Jan-2025
152408,5535,1,ITC Ltd.,FMCG,Fast Moving Consumer Goods,Domestic Equities,4833376.0,4833376.0,0.0,216.2936,233.7662,-7.47439107963426,1.68335380384815,1100,itc,Large Cap,Jan-2025
58272,82478,1,PNB Housing Finance Ltd.,Finance,Finance,Domestic Equities,2462500.0,2462500.0,0.0,216.2568,216.1336,0.0570017803802819,1.68306739953483,1100,pnb-housing-finance,Small Cap,Jan-2025
152372,4964,1,Larsen & Toubro Ltd.,Infrastructure,Infrastructure,Domestic Equities,598700.0,598700.0,0.0,213.5802,215.99,-1.1156998009167072,1.66223615537699,1100,larsen-toubro,Large Cap,Jan-2025
153691,5278,1,Oberoi Realty Ltd.,Realty,Realty,Domestic Equities,1102954.0,1102954.0,0.0,199.927,254.9478,-21.58120211274621,1.55597704204816,1100,oberoi-realty,Mid Cap,Jan-2025
617,7969,1,Brigade Enterprises Ltd.,Realty,Realty,Domestic Equities,1579259.0,1579259.0,0.0,184.9391,196.3019,-5.788430983092873,1.43933032445367,1100,brigade-enterprises,Small Cap,Jan-2025
19182,5589,1,Coromandel International Ltd.,Chemicals,Chemicals,Domestic Equities,972513.0,972513.0,0.0,175.9811,182.8276,-3.744784704278773,1.36961266579492,1100,coromandel-international,Mid Cap,Jan-2025
152608,7159,1,Indian Bank,Bank,Banking,Domestic Equities,3154963.0,3154963.0,0.0,175.3371,167.19729999999998,4.86838005159174,1.36460059031198,1100,indian-bank,Mid Cap,Jan-2025
133386,8742,1,Godfrey Phillips India Ltd.,FMCG,Fast Moving Consumer Goods,Domestic Equities,380256.0,380256.0,0.0,171.7768,198.7864,-13.587247417328344,1.33689175127171,1100,godfrey-phillips-india,Small Cap,Jan-2025
137941,15743,1,Power Mech Projects Ltd.,Infrastructure,Infrastructure,Domestic Equities,765022.0,765022.0,0.0,164.7857,196.6145,-16.188429642778132,1.28248193619589,1100,power-mech-projects,Small Cap,Jan-2025
171752,6261,1,The Ramco Cements Ltd.,Construction Materials,Construction Materials,Domestic Equities,1775342.0,1413019.0,25.64176419425358,162.8876,136.4482,19.37687708595644,1.26770954415524,1100,the-ramco-cements,Small Cap,Jan-2025
152579,7542,1,Sobha Ltd.,Realty,Realty,Domestic Equities,1211961.0,1053664.0,15.023479970844594,160.6818,166.13119999999998,-3.280178557670075,1.25054240735356,1100,sobha,Small Cap,Jan-2025
114424,7958,1,JK Paper Ltd.,Paper,Paper,Domestic Equities,4338180.0,4338180.0,0.0,159.7101,179.9477,-11.246378808953937,1.24297993259148,1100,jk-paper,Small Cap,Jan-2025
133044,7653,1,Ratnamani Metals & Tubes Ltd.,Iron & Steel,Iron & Steel,Domestic Equities,531381.0,531381.0,0.0,151.9006,168.8862,-10.057423282660157,1.18220073463485,1100,ratnamani-metals-tubes,Small Cap,Jan-2025
133374,5879,1,Finolex Cables Ltd.,Electricals,Electricals,Domestic Equities,1511535.0,1511535.0,0.0,151.3802,178.6634,-15.270726964784055,1.17815060407378,1100,finolex-cables,Small Cap,Jan-2025
133599,5561,1,Punjab National Bank,Bank,Banking,Domestic Equities,14659600.0,14659600.0,0.0,148.3552,150.6714,-1.537252590737187,1.15460785821056,1100,punjab-national-bank,Large Cap,Jan-2025
152303,6239,1,Jindal Saw Ltd.,Iron & Steel,Iron & Steel,Domestic Equities,5687526.0,5687526.0,0.0,142.2166,165.7345,-14.19010525871198,1.10683281696893,1100,jindal-saw,Small Cap,Jan-2025
133298,5393,1,Balrampur Chini Mills Ltd.,Agri,Agriculture,Domestic Equities,2809700.0,2809700.0,0.0,136.9307,148.8579,-8.012473640969011,1.06569410610665,1100,balrampur-chini-mills,Small Cap,Jan-2025
96004,7992,1,Jubilant FoodWorks Ltd.,FMCG,Fast Moving Consumer Goods,Domestic Equities,1896500.0,1896500.0,0.0,133.4946,136.1877,-1.977491359351845,1.03895188162381,1100,jubilant-foodworks,Mid Cap,Jan-2025
509,8487,1,K.P.R. Mill Ltd.,Textile,Textile,Domestic Equities,1418500.0,1418500.0,0.0,132.2042,141.0273,-6.256306403086491,1.02890905211574,1100,kpr-mill,Small Cap,Jan-2025
171359,5112,1,Aditya Birla Real Estate Ltd.,Diversified,Paper,Domestic Equities,583330.0,583330.0,0.0,125.6114,146.3371,-14.162983959638394,0.977599096767962,1100,aditya-birla-real-estate,Small Cap,Jan-2025
152370,5063,1,Escorts Kubota Ltd.,Automobile & Ancillaries,Automobile & Ancillaries,Domestic Equities,343300.0,343300.0,0.0,124.393,114.4064,8.729057115685833,0.968116623525071,1100,escorts-kubota,Mid Cap,Jan-2025
56723,6834,1,Can Fin Homes Ltd.,Finance,Finance,Domestic Equities,1854100.0,1854100.0,0.0,123.7983,140.7818,-12.063704257226432,0.963488236429251,1100,can-fin-homes,Small Cap,Jan-2025
133437,6005,1,Sonata Software Ltd.,IT,Information Technology,Domestic Equities,2326064.0,2326064.0,0.0,123.0488,139.42430000000002,-11.745083174166922,0.957655083363307,1100,sonata-software,Small Cap,Jan-2025
152406,5107,1,The Indian Hotels Company Ltd.,Hospitality,Hospitality,Domestic Equities,1582300.0,1582300.0,0.0,120.9985,138.85469999999998,-12.859629526404213,0.941698160439883,1100,the-indian-hotels-company,Mid Cap,Jan-2025
678,15637,1,PNC Infratech Ltd.,Infrastructure,Infrastructure,Domestic Equities,3775008.0,3775008.0,0.0,120.4228,125.9154,-4.362135211419733,0.937217645136261,1100,pnc-infratech,Small Cap,Jan-2025
643,7404,1,KNR Constructions Ltd.,Infrastructure,Infrastructure,Domestic Equities,4051771.0,4051771.0,0.0,120.2363,140.25209999999998,-14.271301463578798,0.935766166754942,1100,knr-constructions,Small Cap,Jan-2025
171942,7813,1,Jindal Steel & Power Ltd.,Iron & Steel,Iron & Steel,Domestic Equities,1515300.0,1515300.0,0.0,119.9436,141.029,-14.951109346304657,0.933488162882491,1100,jindal-steel-power,Mid Cap,Jan-2025
95548,5980,1,Persistent Systems Ltd.,IT,Information Technology,Domestic Equities,196000.0,196000.0,0.0,118.239,126.5709,-6.582792727238256,0.920221728304494,1100,persistent-systems,Mid Cap,Jan-2025
707,8442,1,Bajaj Auto Ltd.,Automobile & Ancillaries,Automobile & Ancillaries,Domestic Equities,126200.0,126200.0,0.0,111.6592,111.0383,0.5591764283134751,0.869012948393484,1100,bajaj-auto,Large Cap,Jan-2025
171492,5886,1,Kotak Mahindra Bank Ltd.,Bank,Banking,Domestic Equities,567657.0,567657.0,0.0,107.9286,101.3864,6.452739223406702,0.839978711131559,1100,kotak-mahindra-bank,Large Cap,Jan-2025
152275,6296,1,Birla Corporation Ltd.,Construction Materials,Construction Materials,Domestic Equities,915797.0,915797.0,0.0,106.9193,113.3299,-5.656583125900575,0.832123605875444,1100,birla-corporation,Small Cap,Jan-2025
38605,83193,1,Varun Beverages Ltd.,FMCG,Fast Moving Consumer Goods,Domestic Equities,1979250.0,1979250.0,0.0,106.2362,126.3751,-15.935813304994412,0.826807225809605,1100,varun-beverages,Large Cap,Jan-2025
152343,5043,1,Hindalco Industries Ltd.,Non - Ferrous Metals,Non - Ferrous Metals,Domestic Equities,1781000.0,1781000.0,0.0,105.8448,107.2963,-1.3527959491613375,0.823761066890311,1100,hindalco-industries,Large Cap,Jan-2025
117,8100,1,Vardhman Textiles Ltd.,Textile,Textile,Domestic Equities,2096700.0,2096700.0,0.0,95.7668,106.093,-9.733158643831349,0.745326755217744,1100,vardhman-textiles,Small Cap,Jan-2025
171528,8219,1,HCL Technologies Ltd.,IT,Information Technology,Domestic Equities,525189.0,715800.0,-26.629086336965635,90.6187,137.2475,-33.97424361099473,0.705260503985203,1100,hcl-technologies,Large Cap,Jan-2025
644,7347,1,Globus Spirits Ltd.,Alcohol,Alcohol,Domestic Equities,981167.0,981167.0,0.0,90.0957,85.19959999999999,5.746623223583216,0.701190138336785,1100,globus-spirits,Small Cap,Jan-2025
134937,5507,1,Kirloskar Oil Engines Ltd.,Capital Goods,Capital Goods,Domestic Equities,988250.0,988250.0,0.0,89.2834,101.5081,-12.043078335620502,0.694868230083995,1100,kirloskar-oil-engines,Small Cap,Jan-2025
152374,6232,1,Bosch Ltd.,Automobile & Ancillaries,Automobile & Ancillaries,Domestic Equities,27042.0,27042.0,0.0,77.68939999999999,92.2138,-15.750787843034336,0.60463530593915,1100,bosch,Large Cap,Jan-2025
133625,7239,1,Maruti Suzuki India Ltd.,Automobile & Ancillaries,Automobile & Ancillaries,Domestic Equities,61400.0,61400.0,0.0,75.5874,66.67060000000001,13.374410909756316,0.588276016086427,1100,maruti-suzuki-india,Large Cap,Jan-2025
133614,6833,1,Canara Bank,Bank,Banking,Domestic Equities,7737800.0,7737800.0,0.0,72.1705,77.4709,-6.841794790043745,0.561683219940962,1100,canara-bank,Mid Cap,Jan-2025
152519,8782,1,Mahindra & Mahindra Financial Services Ltd.,Finance,Finance,Domestic Equities,2400600.0,2400600.0,0.0,68.4051,63.6039,7.548593718309725,0.532378143817537,1100,mahindra-mahindra-financial-services,Mid Cap,Jan-2025
171365,5279,1,Hindustan Petroleum Corporation Ltd.,Crude Oil,Crude Oil,Domestic Equities,1901900.0,1901900.0,0.0,68.13560000000001,77.7402,-12.354740533211904,0.530280699186086,1100,hindustan-petroleum-corporation,Mid Cap,Jan-2025
134703,87891,1,Hindustan Aeronautics Ltd.,Capital Goods,Capital Goods,Domestic Equities,161600.0,161600.0,0.0,63.6187,67.5221,-5.780922098098254,0.495126904544906,1100,hindustan-aeronautics,Large Cap,Jan-2025
56728,7719,1,Shriram Finance Ltd.,Finance,Finance,Domestic Equities,1155700.0,,,62.8412,,,0.489075835153616,1100,shriram-finance,Large Cap,Jan-2025
171948,7104,1,Emami Ltd.,FMCG,Fast Moving Consumer Goods,Domestic Equities,1006411.0,1006411.0,0.0,59.343,60.4601,-1.847664823577864,0.461850303392058,1100,emami,Small Cap,Jan-2025
152320,7509,1,Supreme Petrochem Ltd.,Crude Oil,Chemicals,Domestic Equities,777400.0,777400.0,0.0,47.6158,51.7282,-7.950015658770261,0.370580720156641,1100,supreme-petrochem,Small Cap,Jan-2025
133553,7241,1,Taj GVK Hotels & Resorts Ltd.,Hospitality,Hospitality,Domestic Equities,1160742.0,763619.0,52.005384884346775,40.8175,29.1817,39.87361942587306,0.317671414635346,1100,taj-gvk-hotels-resorts,Small Cap,Jan-2025
133018,6609,1,CCL Products (India) Ltd.,Agri,Agriculture,Domestic Equities,649388.0,649388.0,0.0,40.3725,48.194300000000005,-16.22972011212945,0.314208101607534,1100,ccl-products-india,Small Cap,Jan-2025
19174,6780,1,Bayer CropScience Ltd.,Chemicals,Chemicals,Domestic Equities,74579.0,74579.0,0.0,38.1539,41.3984,-7.837259410991735,0.296941345914265,1100,bayer-cropscience,Small Cap,Jan-2025
152305,7945,1,JK Lakshmi Cement Ltd.,Construction Materials,Construction Materials,Domestic Equities,466283.0,466283.0,0.0,37.4938,38.9859,-3.82728114523456,0.291803968544245,1100,jk-lakshmi-cement,Small Cap,Jan-2025
76446,99976,1,Epigral Ltd.,Chemicals,Chemicals,Domestic Equities,202459.0,202459.0,0.0,37.382,38.3903,-2.6264447008749707,0.290933859788044,1100,epigral,Small Cap,Jan-2025
114606,112114,1,Hyundai Motor India Ltd.,Automobile & Ancillaries,Automobile & Ancillaries,Domestic Equities,177400.0,177400.0,0.0,29.7597,32.0402,-7.117620988633036,0.231611588120867,1100,hyundai-motor-india,Large Cap,Jan-2025
95054,6347,1,Somany Ceramics Ltd.,Construction Materials,Construction Materials,Domestic Equities,365300.0,365300.0,0.0,18.6303,23.3427,-20.18789600174787,0.144994518431577,1100,somany-ceramics,Small Cap,Jan-2025
171818,5576,1,Nocil Ltd.,Chemicals,Chemicals,Domestic Equities,776500.0,776500.0,0.0,18.1088,18.9233,-4.304217551906899,0.140935826872017,1100,nocil,Small Cap,Jan-2025
171875,5051,1,HDFC Bank Ltd.,Bank,Banking,Domestic Equities,3047100.0,2691300.0,13.220376769590905,527.8796,457.1846,15.4631192739213,4.5584667630156,1100,hdfc-bank,Large Cap,Feb-2025
171888,8748,1,ICICI Bank Ltd.,Bank,Banking,Domestic Equities,4382100.0,4382100.0,0.0,527.6487000000001,548.9895,-3.887287461782046,4.55647284247846,1100,icici-bank,Large Cap,Feb-2025
152686,7802,1,Multi Commodity Exchange Of India Ltd.,Finance,Finance,Domestic Equities,653800.0,798650.0,-18.136855944406182,326.3541,457.8621,-28.72218512954009,2.81820763261901,1100,multi-commodity-exchange-of-india,Small Cap,Feb-2025
171369,7531,1,Tech Mahindra Ltd.,IT,Information Technology,Domestic Equities,2061000.0,2284900.0,-9.799115935051862,306.6459,382.5951,-19.851064480438986,2.64801887241902,1100,tech-mahindra,Large Cap,Feb-2025
171531,4897,1,Reliance Industries Ltd.,Crude Oil,Crude Oil,Domestic Equities,2522806.0,2522806.0,0.0,302.7619,319.16020000000003,-5.137952664523966,2.61447886650186,1100,reliance-industries,Large Cap,Feb-2025
171511,5199,1,Wipro Ltd.,IT,Information Technology,Domestic Equities,10851100.0,10851100.0,0.0,301.2808,338.4458,-10.981078801982472,2.60168893273154,1100,wipro,Large Cap,Feb-2025
171685,5596,1,The Federal Bank Ltd.,Bank,Banking,Domestic Equities,16063900.0,16063900.0,0.0,285.327,300.7323,-5.122595743789407,2.46392102686096,1100,the-federal-bank,Mid Cap,Feb-2025
171656,5311,1,Mahindra & Mahindra Ltd.,Automobile & Ancillaries,Automobile & Ancillaries,Domestic Equities,1092500.0,883700.0,23.6279280298744,282.42220000000003,264.213,6.891863761434911,2.43883683294021,1100,mahindra-mahindra,Large Cap,Feb-2025
133593,6508,1,Bharti Airtel Ltd.,Telecom,Telecom,Domestic Equities,1771600.0,1771600.0,0.0,278.1766,288.1153,-3.449556479645472,2.40217425592632,1100,bharti-airtel,Large Cap,Feb-2025
133664,7760,1,NTPC Ltd.,Power,Power,Domestic Equities,8588200.0,7583100.0,13.254473764027903,267.47950000000003,245.6924,8.86763286125252,2.30980020924853,1100,ntpc,Large Cap,Feb-2025
543,5039,1,Karur Vysya Bank Ltd.,Bank,Banking,Domestic Equities,13164300.0,13164300.0,0.0,264.7472,313.6,-15.578061224489792,2.28620562681612,1100,karur-vysya-bank,Small Cap,Feb-2025
133350,8843,1,State Bank Of India,Bank,Banking,Domestic Equities,3682400.0,3682400.0,0.0,253.6437,284.6127,-10.8811026352654,2.19032214182609,1100,state-bank-of-india,Large Cap,Feb-2025
155709,99978,1,Paradeep Phosphates Ltd.,Chemicals,Chemicals,Domestic Equities,28401495.0,26832297.0,5.848168719957148,246.7806,302.6951,-18.472218413842832,2.13105632961957,1100,paradeep-phosphates,Small Cap,Feb-2025
171400,5889,1,Axis Bank Ltd.,Bank,Banking,Domestic Equities,2309100.0,2309100.0,0.0,234.5007,227.7004,2.986512100988838,2.02501412605051,1100,axis-bank,Large Cap,Feb-2025
171889,4926,1,Infosys Ltd.,IT,Information Technology,Domestic Equities,1366300.0,1702400.0,-19.742716165413533,230.5905,320.0172,-27.94434174163139,1.99124787189569,1100,infosys,Large Cap,Feb-2025
171687,7000,1,Zensar Technologies Ltd.,IT,Information Technology,Domestic Equities,2954292.0,3273995.0,-9.76492022742857,218.1597,284.8376,-23.40909346237996,1.88390258210292,1100,zensar-technologies,Small Cap,Feb-2025
152604,5456,1,Power Finance Corporation Ltd.,Finance,Finance,Domestic Equities,5879019.0,5879019.0,0.0,214.1727,248.3886,-13.7751491010457,1.8494731270072,1100,power-finance-corporation,Large Cap,Feb-2025
420,5071,1,Sun Pharmaceutical Industries Ltd.,Healthcare,Healthcare,Domestic Equities,1329200.0,1329200.0,0.0,211.7748,231.8058,-8.641285075696993,1.82876623200494,1100,sun-pharmaceutical-industries,Large Cap,Feb-2025
133386,8742,1,Godfrey Phillips India Ltd.,FMCG,Fast Moving Consumer Goods,Domestic Equities,380256.0,380256.0,0.0,197.33,171.7768,14.875815593258226,1.70402918837149,1100,godfrey-phillips-india,Small Cap,Feb-2025
152513,6479,1,KEC International Ltd.,Infrastructure,Infrastructure,Domestic Equities,2846044.0,3489079.0,-18.42993523505773,195.3667,293.3618,-33.40417873083681,1.68707525077696,1100,kec-international,Small Cap,Feb-2025
152408,5535,1,ITC Ltd.,FMCG,Fast Moving Consumer Goods,Domestic Equities,4833376.0,4833376.0,0.0,190.9184,216.2936,-11.731831177621531,1.64866227232141,1100,itc,Large Cap,Feb-2025
152372,4964,1,Larsen & Toubro Ltd.,Infrastructure,Infrastructure,Domestic Equities,598700.0,598700.0,0.0,189.4197,213.5802,-11.312144103245522,1.63572035500214,1100,larsen-toubro,Large Cap,Feb-2025
58272,82478,1,PNB Housing Finance Ltd.,Finance,Finance,Domestic Equities,2462500.0,2462500.0,0.0,187.9749,216.2568,-13.077924023660753,1.62324388730154,1100,pnb-housing-finance,Small Cap,Feb-2025
133630,5815,1,Jindal Stainless Ltd.,Iron & Steel,Iron & Steel,Domestic Equities,2953000.0,3538492.0,-16.54637060080961,172.7062,231.1697,-25.29029539771,1.49139211378262,1100,jindal-stainless,Mid Cap,Feb-2025
56728,7719,1,Shriram Finance Ltd.,Finance,Finance,Domestic Equities,2744600.0,1155700.0,137.48377606645323,169.42419999999998,62.8412,169.6068821091895,1.46305063607404,1100,shriram-finance,Large Cap,Feb-2025
151967,5716,1,GE Vernova T&D India Ltd.,Capital Goods,Capital Goods,Domestic Equities,1236525.0,1472899.0,-16.04821511861981,165.4841,263.2807,-37.14537373989055,1.42902618259457,1100,ge-vernova-td-india,Mid Cap,Feb-2025
153691,5278,1,Oberoi Realty Ltd.,Realty,Realty,Domestic Equities,1102954.0,1102954.0,0.0,163.7335,199.927,-18.10335772556984,1.41390900073088,1100,oberoi-realty,Mid Cap,Feb-2025
19182,5589,1,Coromandel International Ltd.,Chemicals,Chemicals,Domestic Equities,972513.0,972513.0,0.0,162.1131,175.9811,-7.880391701154278,1.39991615171229,1100,coromandel-international,Mid Cap,Feb-2025
152608,7159,1,Indian Bank,Bank,Banking,Domestic Equities,3154963.0,3154963.0,0.0,161.1555,175.3371,-8.088191261290394,1.3916468649805,1100,indian-bank,Mid Cap,Feb-2025
617,7969,1,Brigade Enterprises Ltd.,Realty,Realty,Domestic Equities,1579259.0,1579259.0,0.0,149.5637,184.9391,-19.128134612961777,1.29154670004985,1100,brigade-enterprises,Small Cap,Feb-2025
171752,6261,1,The Ramco Cements Ltd.,Construction Materials,Construction Materials,Domestic Equities,1775342.0,1775342.0,0.0,147.1759,162.8876,-9.64573116676776,1.27092702287966,1100,the-ramco-cements,Small Cap,Feb-2025
152579,7542,1,Sobha Ltd.,Realty,Realty,Domestic Equities,1211961.0,1211961.0,0.0,145.50799999999998,160.6818,-9.4433843783179,1.25652399098748,1100,sobha,Small Cap,Feb-2025
152303,6239,1,Jindal Saw Ltd.,Iron & Steel,Iron & Steel,Domestic Equities,5687526.0,5687526.0,0.0,140.1691,142.2166,-1.439705350852151,1.21042029953764,1100,jindal-saw,Small Cap,Feb-2025
137941,15743,1,Power Mech Projects Ltd.,Infrastructure,Infrastructure,Domestic Equities,765022.0,765022.0,0.0,137.8761,164.7857,-16.330057765934782,1.19061926102887,1100,power-mech-projects,Small Cap,Feb-2025
133044,7653,1,Ratnamani Metals & Tubes Ltd.,Iron & Steel,Iron & Steel,Domestic Equities,531381.0,531381.0,0.0,130.64530000000002,151.9006,-13.992900620537371,1.12817820160923,1100,ratnamani-metals-tubes,Small Cap,Feb-2025
171942,7813,1,Jindal Steel & Power Ltd.,Iron & Steel,Iron & Steel,Domestic Equities,1515300.0,1515300.0,0.0,129.73239999999998,119.9436,8.161169082802243,1.12029491855007,1100,jindal-steel-power,Mid Cap,Feb-2025
133599,5561,1,Punjab National Bank,Bank,Banking,Domestic Equities,14659600.0,14659600.0,0.0,128.1102,148.3552,-13.646302927029184,1.10628652575944,1100,punjab-national-bank,Large Cap,Feb-2025
133298,5393,1,Balrampur Chini Mills Ltd.,Agri,Agriculture,Domestic Equities,2809700.0,2809700.0,0.0,124.8209,136.9307,-8.843743587084559,1.07788200941975,1100,balrampur-chini-mills,Small Cap,Feb-2025
133374,5879,1,Finolex Cables Ltd.,Electricals,Electricals,Domestic Equities,1511535.0,1511535.0,0.0,123.4697,151.3802,-18.437351780483848,1.06621381786587,1100,finolex-cables,Small Cap,Feb-2025
171359,5112,1,Aditya Birla Real Estate Ltd.,Diversified,Paper,Domestic Equities,647600.0,583330.0,11.017777244441396,120.6544,125.6114,-3.946297867868672,1.04190249483327,1100,aditya-birla-real-estate,Small Cap,Feb-2025
96004,7992,1,Jubilant FoodWorks Ltd.,FMCG,Fast Moving Consumer Goods,Domestic Equities,1896500.0,1896500.0,0.0,118.7399,133.4946,-11.052656811586385,1.02536996616993,1100,jubilant-foodworks,Mid Cap,Feb-2025
509,8487,1,K.P.R. Mill Ltd.,Textile,Textile,Domestic Equities,1418500.0,1418500.0,0.0,113.707,132.2042,-13.99138605278803,0.981908715968973,1100,kpr-mill,Small Cap,Feb-2025
152406,5107,1,The Indian Hotels Company Ltd.,Hospitality,Hospitality,Domestic Equities,1582300.0,1582300.0,0.0,113.3085,120.9985,-6.355450687405216,0.978467497545185,1100,the-indian-hotels-company,Mid Cap,Feb-2025
152343,5043,1,Hindalco Industries Ltd.,Non - Ferrous Metals,Non - Ferrous Metals,Domestic Equities,1781000.0,1781000.0,0.0,112.9777,105.8448,6.739017882786881,0.97561089765914,1100,hindalco-industries,Large Cap,Feb-2025
171492,5886,1,Kotak Mahindra Bank Ltd.,Bank,Banking,Domestic Equities,567657.0,567657.0,0.0,108.0223,107.9286,0.0868166547143109,0.932818893199321,1100,kotak-mahindra-bank,Large Cap,Feb-2025
38605,83193,1,Varun Beverages Ltd.,FMCG,Fast Moving Consumer Goods,Domestic Equities,2477200.0,1979250.0,25.15851964127826,108.0183,106.2362,1.6774884643840715,0.932784351483649,1100,varun-beverages,Large Cap,Feb-2025
56723,6834,1,Can Fin Homes Ltd.,Finance,Finance,Domestic Equities,1854100.0,1854100.0,0.0,107.1021,123.7983,-13.486614921206517,0.924872571509059,1100,can-fin-homes,Small Cap,Feb-2025
707,8442,1,Bajaj Auto Ltd.,Automobile & Ancillaries,Automobile & Ancillaries,Domestic Equities,126200.0,126200.0,0.0,99.7346,111.6592,-10.679460357946333,0.861251048956345,1100,bajaj-auto,Large Cap,Feb-2025
114424,7958,1,JK Paper Ltd.,Paper,Paper,Domestic Equities,3426342.0,4338180.0,-21.018906546063096,98.4902,159.7101,-38.33189009336291,0.850505121210896,1100,jk-paper,Small Cap,Feb-2025
678,15637,1,PNC Infratech Ltd.,Infrastructure,Infrastructure,Domestic Equities,3696367.0,3775008.0,-2.0832008832828963,95.7174,120.4228,-20.51555021142176,0.82656080390731,1100,pnc-infratech,Small Cap,Feb-2025
643,7404,1,KNR Constructions Ltd.,Infrastructure,Infrastructure,Domestic Equities,4051771.0,4051771.0,0.0,89.301,120.2363,-25.728752464937788,0.771152437798423,1100,knr-constructions,Small Cap,Feb-2025
152275,6296,1,Birla Corporation Ltd.,Construction Materials,Construction Materials,Domestic Equities,915797.0,915797.0,0.0,89.0704,106.9193,-16.69380551500056,0.769161107889952,1100,birla-corporation,Small Cap,Feb-2025
644,7347,1,Globus Spirits Ltd.,Alcohol,Alcohol,Domestic Equities,981167.0,981167.0,0.0,84.9249,90.0957,-5.73923061810941,0.73336293731075,1100,globus-spirits,Small Cap,Feb-2025
133437,6005,1,Sonata Software Ltd.,IT,Information Technology,Domestic Equities,2326064.0,2326064.0,0.0,83.9709,123.0488,-31.75805046453114,0.725124738123062,1100,sonata-software,Small Cap,Feb-2025
117,8100,1,Vardhman Textiles Ltd.,Textile,Textile,Domestic Equities,2096700.0,2096700.0,0.0,79.6117,95.7668,-16.86920728269087,0.687481176384102,1100,vardhman-textiles,Small Cap,Feb-2025
95548,5980,1,Persistent Systems Ltd.,IT,Information Technology,Domestic Equities,141800.0,196000.0,-27.6530612244898,75.2093,118.239,-36.392137957865,0.649464564115888,1100,persistent-systems,Mid Cap,Feb-2025
133625,7239,1,Maruti Suzuki India Ltd.,Automobile & Ancillaries,Automobile & Ancillaries,Domestic Equities,61400.0,61400.0,0.0,73.3475,75.5874,-2.963324575259895,0.63338712255652,1100,maruti-suzuki-india,Large Cap,Feb-2025
133553,7241,1,Taj GVK Hotels & Resorts Ltd.,Hospitality,Hospitality,Domestic Equities,1532569.0,1160742.0,32.03356129096733,68.6974,40.8175,68.3037912660011,0.593231514545339,1100,taj-gvk-hotels-resorts,Small Cap,Feb-2025
152647,6951,1,Time Technoplast Ltd.,Plastic Products,Plastic Products,Domestic Equities,1883950.0,,,67.3418,,,0.581525327104218,1100,time-technoplast,Small Cap,Feb-2025
133614,6833,1,Canara Bank,Bank,Banking,Domestic Equities,7737800.0,7737800.0,0.0,62.5988,72.1705,-13.262621154072647,0.540567487746564,1100,canara-bank,Mid Cap,Feb-2025
171365,5279,1,Hindustan Petroleum Corporation Ltd.,Crude Oil,Crude Oil,Domestic Equities,1901900.0,1901900.0,0.0,55.8683,68.13560000000001,-18.00424447718961,0.48244673341456,1100,hindustan-petroleum-corporation,Mid Cap,Feb-2025
171948,7104,1,Emami Ltd.,FMCG,Fast Moving Consumer Goods,Domestic Equities,1006411.0,1006411.0,0.0,53.3348,59.343,-10.124530273157754,0.460568874251031,1100,emami,Small Cap,Feb-2025
134937,5507,1,Kirloskar Oil Engines Ltd.,Capital Goods,Capital Goods,Domestic Equities,788250.0,988250.0,-20.23779408044523,45.4111,89.2834,-49.13824966343128,0.392144326134175,1100,kirloskar-oil-engines,Small Cap,Feb-2025
133018,6609,1,CCL Products (India) Ltd.,Agri,Agriculture,Domestic Equities,649388.0,649388.0,0.0,37.6775,40.3725,-6.675335934113567,0.325361373054614,1100,ccl-products-india,Small Cap,Feb-2025
19174,6780,1,Bayer CropScience Ltd.,Chemicals,Chemicals,Domestic Equities,74462.0,74579.0,-0.1568806232317408,35.2138,38.1539,-7.705896382807518,0.304086266829555,1100,bayer-cropscience,Small Cap,Feb-2025
76446,99976,1,Epigral Ltd.,Chemicals,Chemicals,Domestic Equities,202459.0,202459.0,0.0,32.6637,37.382,-12.62185008827778,0.282065059545989,1100,epigral,Small Cap,Feb-2025
152305,7945,1,JK Lakshmi Cement Ltd.,Construction Materials,Construction Materials,Domestic Equities,466283.0,466283.0,0.0,31.3156,37.4938,-16.47792435015923,0.270423637821752,1100,jk-lakshmi-cement,Small Cap,Feb-2025
114606,112114,1,Hyundai Motor India Ltd.,Automobile & Ancillaries,Automobile & Ancillaries,Domestic Equities,177400.0,177400.0,0.0,30.6884,29.7597,3.120663178728292,0.265007496804438,1100,hyundai-motor-india,Large Cap,Feb-2025
95054,6347,1,Somany Ceramics Ltd.,Construction Materials,Construction Materials,Domestic Equities,365300.0,365300.0,0.0,16.2029,18.6303,-13.029312464104176,0.13991899121403,1100,somany-ceramics,Small Cap,Feb-2025
171818,5576,1,Nocil Ltd.,Chemicals,Chemicals,Domestic Equities,776500.0,776500.0,0.0,13.4342,18.1088,-25.813968899098786,0.116010079169008,1100,nocil,Small Cap,Feb-2025
171829,5244,1,Thangamayil Jewellery Ltd.,Diamond  &  Jewellery,Diamond & Jewellery,Domestic Equities,59072.0,,,11.1552,,,0.0963299366650873,1100,thangamayil-jewellery,Small Cap,Feb-2025
191898,99941,1,Sapphire Foods India Ltd.,FMCG,Fast Moving Consumer Goods,Domestic Equities,236726.0,,,7.3444,,,0.0634220441447099,1100,sapphire-foods-india,Small Cap,Feb-2025
171888,8748,1,ICICI Bank Ltd.,Bank,Banking,Domestic Equities,4382100.0,4382100.0,0.0,590.8605,527.6487000000001,11.97990253742689,4.68923317150548,1100,icici-bank,Large Cap,Mar-2025
171875,5051,1,HDFC Bank Ltd.,Bank,Banking,Domestic Equities,3047100.0,3047100.0,0.0,557.0708,527.8796,5.529897347804315,4.4210687196675,1100,hdfc-bank,Large Cap,Mar-2025
133350,8843,1,State Bank Of India,Bank,Banking,Domestic Equities,4516900.0,3682400.0,22.66185096676081,348.4788,253.6437,37.3891013259939,2.76562462463885,1100,state-bank-of-india,Large Cap,Mar-2025
133664,7760,1,NTPC Ltd.,Power,Power,Domestic Equities,9497371.0,8588200.0,10.586281176497986,339.626,267.47950000000003,26.972721273966783,2.69536634299589,1100,ntpc,Large Cap,Mar-2025
171685,5596,1,The Federal Bank Ltd.,Bank,Banking,Domestic Equities,17361100.0,16063900.0,8.075249472419523,334.6005,285.327,17.269133310201987,2.65548257804054,1100,the-federal-bank,Mid Cap,Mar-2025
171531,4897,1,Reliance Industries Ltd.,Crude Oil,Crude Oil,Domestic Equities,2522806.0,2522806.0,0.0,321.683,302.7619,6.249498368189658,2.55296570731907,1100,reliance-industries,Large Cap,Mar-2025
155709,99978,1,Paradeep Phosphates Ltd.,Chemicals,Chemicals,Domestic Equities,30715000.0,28401495.0,8.145715568845937,317.6545,246.7806,28.71939690559144,2.5209944115032,1100,paradeep-phosphates,Small Cap,Mar-2025
152686,7802,1,Multi Commodity Exchange Of India Ltd.,Finance,Finance,Domestic Equities,596611.0,653800.0,-8.747170388498011,316.9048,326.3541,-2.895413294945583,2.51504458390654,1100,multi-commodity-exchange-of-india,Small Cap,Mar-2025
133593,6508,1,Bharti Airtel Ltd.,Telecom,Telecom,Domestic Equities,1771600.0,1771600.0,0.0,307.0891,278.1766,10.393577317430726,2.43714446020298,1100,bharti-airtel,Large Cap,Mar-2025
171656,5311,1,Mahindra & Mahindra Ltd.,Automobile & Ancillaries,Automobile & Ancillaries,Domestic Equities,1092500.0,1092500.0,0.0,291.2387,282.42220000000003,3.1217446787115097,2.31135127981331,1100,mahindra-mahindra,Large Cap,Mar-2025
171511,5199,1,Wipro Ltd.,IT,Information Technology,Domestic Equities,10851100.0,10851100.0,0.0,284.5701,301.2808,-5.546553248663716,2.25842741651986,1100,wipro,Large Cap,Mar-2025
56728,7719,1,Shriram Finance Ltd.,Finance,Finance,Domestic Equities,4264500.0,2744600.0,55.37783283538585,279.7512,169.42419999999998,65.11879648834112,2.22018328659381,1100,shriram-finance,Large Cap,Mar-2025
543,5039,1,Karur Vysya Bank Ltd.,Bank,Banking,Domestic Equities,13164300.0,13164300.0,0.0,275.4498,264.7472,4.042573443647368,2.18604618051901,1100,karur-vysya-bank,Small Cap,Mar-2025
133386,8742,1,Godfrey Phillips India Ltd.,FMCG,Fast Moving Consumer Goods,Domestic Equities,399379.0,380256.0,5.028980476310696,270.3476,197.33,37.002787209243394,2.1455537030431,1100,godfrey-phillips-india,Small Cap,Mar-2025
171400,5889,1,Axis Bank Ltd.,Bank,Banking,Domestic Equities,2309100.0,2309100.0,0.0,254.4628,234.5007,8.512597190541433,2.01948751469114,1100,axis-bank,Large Cap,Mar-2025
137941,15743,1,Power Mech Projects Ltd.,Infrastructure,Infrastructure,Domestic Equities,929900.0,765022.0,21.552059940759875,252.7143,137.8761,83.29086767032139,2.00561093265464,1100,power-mech-projects,Small Cap,Mar-2025
152604,5456,1,Power Finance Corporation Ltd.,Finance,Finance,Domestic Equities,5879019.0,5879019.0,0.0,243.5384,214.1727,13.711224633204882,1.93278843959847,1100,power-finance-corporation,Large Cap,Mar-2025
420,5071,1,Sun Pharmaceutical Industries Ltd.,Healthcare,Healthcare,Domestic Equities,1329200.0,1329200.0,0.0,230.5763,211.7748,8.8780629234451,1.82991761087939,1100,sun-pharmaceutical-industries,Large Cap,Mar-2025
152513,6479,1,KEC International Ltd.,Infrastructure,Infrastructure,Domestic Equities,2846044.0,2846044.0,0.0,222.7741,195.3667,14.028695780806052,1.76799718287528,1100,kec-international,Small Cap,Mar-2025
58272,82478,1,PNB Housing Finance Ltd.,Finance,Finance,Domestic Equities,2462500.0,2462500.0,0.0,217.0694,187.9749,15.477864331886847,1.72272309792039,1100,pnb-housing-finance,Small Cap,Mar-2025
152372,4964,1,Larsen & Toubro Ltd.,Infrastructure,Infrastructure,Domestic Equities,598700.0,598700.0,0.0,209.084,189.4197,10.38133837188001,1.65934874379156,1100,larsen-toubro,Large Cap,Mar-2025
171369,7531,1,Tech Mahindra Ltd.,IT,Information Technology,Domestic Equities,1420600.0,2061000.0,-31.07229500242601,201.4766,306.6459,-34.29665943682926,1.59897430273667,1100,tech-mahindra,Large Cap,Mar-2025
152408,5535,1,ITC Ltd.,FMCG,Fast Moving Consumer Goods,Domestic Equities,4833376.0,4833376.0,0.0,198.0476,190.9184,3.7341607723509007,1.57176080556586,1100,itc,Large Cap,Mar-2025
19182,5589,1,Coromandel International Ltd.,Chemicals,Chemicals,Domestic Equities,972513.0,972513.0,0.0,192.7618,162.1131,18.9057516018138,1.52981122745404,1100,coromandel-international,Mid Cap,Mar-2025
153691,5278,1,Oberoi Realty Ltd.,Realty,Realty,Domestic Equities,1102954.0,1102954.0,0.0,180.5977,163.7335,10.299785932628328,1.43327354855773,1100,oberoi-realty,Mid Cap,Mar-2025
152377,4902,1,Siemens Ltd.,Capital Goods,Capital Goods,Domestic Equities,339800.0,,,179.2564,,,1.422628618912,1100,siemens,Large Cap,Mar-2025
171687,7000,1,Zensar Technologies Ltd.,IT,Information Technology,Domestic Equities,2546500.0,2954292.0,-13.803374886436412,178.47150000000002,218.1597,-18.192269241294333,1.41639943433068,1100,zensar-technologies,Small Cap,Mar-2025
151967,5716,1,GE Vernova T&D India Ltd.,Capital Goods,Capital Goods,Domestic Equities,1131263.0,1236525.0,-8.512727199207456,176.3356,165.4841,6.557427571591479,1.39944833820728,1100,ge-vernova-td-india,Mid Cap,Mar-2025
133630,5815,1,Jindal Stainless Ltd.,Iron & Steel,Iron & Steel,Domestic Equities,2953000.0,2953000.0,0.0,171.74650000000003,172.7062,-0.5556835828707801,1.36302796495952,1100,jindal-stainless,Mid Cap,Mar-2025
152608,7159,1,Indian Bank,Bank,Banking,Domestic Equities,3154963.0,3154963.0,0.0,170.77810000000002,161.1555,5.971003161542746,1.35534247337008,1100,indian-bank,Mid Cap,Mar-2025
171889,4926,1,Infosys Ltd.,IT,Information Technology,Domestic Equities,1044300.0,1366300.0,-23.56729854351168,164.023,230.5905,-28.868275145767065,1.30173212203192,1100,infosys,Large Cap,Mar-2025
171752,6261,1,The Ramco Cements Ltd.,Construction Materials,Construction Materials,Domestic Equities,1775342.0,1775342.0,0.0,159.2038,147.1759,8.172465736577788,1.26348561122249,1100,the-ramco-cements,Small Cap,Mar-2025
617,7969,1,Brigade Enterprises Ltd.,Realty,Realty,Domestic Equities,1579259.0,1579259.0,0.0,154.2383,149.5637,3.1254910115221746,1.22407802294554,1100,brigade-enterprises,Small Cap,Mar-2025
133298,5393,1,Balrampur Chini Mills Ltd.,Agri,Agriculture,Domestic Equities,2809700.0,2809700.0,0.0,153.8311,124.8209,23.24146036441013,1.22084637055477,1100,balrampur-chini-mills,Small Cap,Mar-2025
152303,6239,1,Jindal Saw Ltd.,Iron & Steel,Iron & Steel,Domestic Equities,5687526.0,5687526.0,0.0,153.61440000000002,140.1691,9.59219970735348,1.21912657911793,1100,jindal-saw,Small Cap,Mar-2025
152579,7542,1,Sobha Ltd.,Realty,Realty,Domestic Equities,1211961.0,1211961.0,0.0,148.4349,145.50799999999998,2.011504522088136,1.17802062735468,1100,sobha,Small Cap,Mar-2025
38605,83193,1,Varun Beverages Ltd.,FMCG,Fast Moving Consumer Goods,Domestic Equities,2730600.0,2477200.0,10.229291135152591,147.3568,108.0183,36.41836614721765,1.16946452607155,1100,varun-beverages,Large Cap,Mar-2025
171359,5112,1,Aditya Birla Real Estate Ltd.,Diversified,Paper,Domestic Equities,724541.0,647600.0,11.880945027794937,142.0028,120.6544,17.693842909997482,1.12697369380194,1100,aditya-birla-real-estate,Small Cap,Mar-2025
133599,5561,1,Punjab National Bank,Bank,Banking,Domestic Equities,14659600.0,14659600.0,0.0,140.9227,128.1102,10.001155255397306,1.11840171996286,1100,punjab-national-bank,Large Cap,Mar-2025
171942,7813,1,Jindal Steel & Power Ltd.,Iron & Steel,Iron & Steel,Domestic Equities,1515300.0,1515300.0,0.0,138.2408,129.73239999999998,6.558423339119604,1.09711741606598,1100,jindal-steel-power,Mid Cap,Mar-2025
133374,5879,1,Finolex Cables Ltd.,Electricals,Electricals,Domestic Equities,1511535.0,1511535.0,0.0,138.056,123.4697,11.813667644774394,1.0956507918965,1100,finolex-cables,Small Cap,Mar-2025
133044,7653,1,Ratnamani Metals & Tubes Ltd.,Iron & Steel,Iron & Steel,Domestic Equities,531381.0,531381.0,0.0,137.6755,130.64530000000002,5.381135027436874,1.09263103812762,1100,ratnamani-metals-tubes,Small Cap,Mar-2025
171365,5279,1,Hindustan Petroleum Corporation Ltd.,Crude Oil,Crude Oil,Domestic Equities,3721800.0,1901900.0,95.68852200431148,134.1151,55.8683,140.05580982417578,1.0643747140311,1100,hindustan-petroleum-corporation,Mid Cap,Mar-2025
509,8487,1,K.P.R. Mill Ltd.,Textile,Textile,Domestic Equities,1418500.0,1418500.0,0.0,128.58700000000002,113.707,13.08626557731714,1.02050217576632,1100,kpr-mill,Small Cap,Mar-2025
96004,7992,1,Jubilant FoodWorks Ltd.,FMCG,Fast Moving Consumer Goods,Domestic Equities,1896500.0,1896500.0,0.0,125.994,118.7399,6.10923539602105,0.999923406981279,1100,jubilant-foodworks,Mid Cap,Mar-2025
152406,5107,1,The Indian Hotels Company Ltd.,Hospitality,Hospitality,Domestic Equities,1582300.0,1582300.0,0.0,124.614,113.3085,9.977627450720814,0.988971343377979,1100,the-indian-hotels-company,Mid Cap,Mar-2025
56723,6834,1,Can Fin Homes Ltd.,Finance,Finance,Domestic Equities,1854100.0,1854100.0,0.0,124.1227,107.1021,15.891938626786978,0.985072250009645,1100,can-fin-homes,Small Cap,Mar-2025
171492,5886,1,Kotak Mahindra Bank Ltd.,Bank,Banking,Domestic Equities,567657.0,567657.0,0.0,123.2497,108.0223,14.096533771267596,0.978143879338861,1100,kotak-mahindra-bank,Large Cap,Mar-2025
152343,5043,1,Hindalco Industries Ltd.,Non - Ferrous Metals,Non - Ferrous Metals,Domestic Equities,1781000.0,1781000.0,0.0,121.5443,112.9777,7.582558327882404,0.964609350883015,1100,hindalco-industries,Large Cap,Mar-2025
644,7347,1,Globus Spirits Ltd.,Alcohol,Alcohol,Domestic Equities,981167.0,981167.0,0.0,103.2286,84.9249,21.55280724498941,0.819250864405508,1100,globus-spirits,Small Cap,Mar-2025
133625,7239,1,Maruti Suzuki India Ltd.,Automobile & Ancillaries,Automobile & Ancillaries,Domestic Equities,87800.0,61400.0,42.99674267100978,101.1645,73.3475,37.924946317188734,0.802869593040602,1100,maruti-suzuki-india,Large Cap,Mar-2025
707,8442,1,Bajaj Auto Ltd.,Automobile & Ancillaries,Automobile & Ancillaries,Domestic Equities,126200.0,126200.0,0.0,99.4311,99.7346,-0.3043076324565251,0.7891128488015,1100,bajaj-auto,Large Cap,Mar-2025
152275,6296,1,Birla Corporation Ltd.,Construction Materials,Construction Materials,Domestic Equities,915797.0,915797.0,0.0,96.6944,89.0704,8.559521457184424,0.767393636871681,1100,birla-corporation,Small Cap,Mar-2025
678,15637,1,PNC Infratech Ltd.,Infrastructure,Infrastructure,Domestic Equities,3696367.0,3696367.0,0.0,93.592,95.7174,-2.220494915240061,0.742772128086987,1100,pnc-infratech,Small Cap,Mar-2025
643,7404,1,KNR Constructions Ltd.,Infrastructure,Infrastructure,Domestic Equities,4051771.0,4051771.0,0.0,92.4331,89.301,3.5073515414161,0.733574775543607,1100,knr-constructions,Small Cap,Mar-2025
117,8100,1,Vardhman Textiles Ltd.,Textile,Textile,Domestic Equities,2096700.0,2096700.0,0.0,82.8511,79.6117,4.068999908304941,0.657529360002434,1100,vardhman-textiles,Small Cap,Mar-2025
152647,6951,1,Time Technoplast Ltd.,Plastic Products,Plastic Products,Domestic Equities,1970159.0,1883950.0,4.5759706998593375,82.29350000000001,67.3418,22.20270322444604,0.653104091404463,1100,time-technoplast,Small Cap,Mar-2025
133437,6005,1,Sonata Software Ltd.,IT,Information Technology,Domestic Equities,2326064.0,2326064.0,0.0,80.41199999999999,83.9709,-4.238253966552703,0.6381719843975,1100,sonata-software,Small Cap,Mar-2025
114424,7958,1,JK Paper Ltd.,Paper,Paper,Domestic Equities,2504890.0,3426342.0,-26.89317061752737,78.2402,98.4902,-20.5604212398797,0.620935975894857,1100,jk-paper,Small Cap,Mar-2025
95548,5980,1,Persistent Systems Ltd.,IT,Information Technology,Domestic Equities,141800.0,141800.0,0.0,78.185,75.2093,3.9565585639010026,0.620497893350725,1100,persistent-systems,Mid Cap,Mar-2025
133553,7241,1,Taj GVK Hotels & Resorts Ltd.,Hospitality,Hospitality,Domestic Equities,1532569.0,1532569.0,0.0,73.2261,68.6974,6.592243665699137,0.581142684508404,1100,taj-gvk-hotels-resorts,Small Cap,Mar-2025
133614,6833,1,Canara Bank,Bank,Banking,Domestic Equities,7737800.0,7737800.0,0.0,68.8664,62.5988,10.012332504776452,0.546542893427747,1100,canara-bank,Mid Cap,Mar-2025
171948,7104,1,Emami Ltd.,FMCG,Fast Moving Consumer Goods,Domestic Equities,1006411.0,1006411.0,0.0,58.3618,53.3348,9.425365802440448,0.463175467828309,1100,emami,Small Cap,Mar-2025
134937,5507,1,Kirloskar Oil Engines Ltd.,Capital Goods,Capital Goods,Domestic Equities,788250.0,788250.0,0.0,56.734300000000005,45.4111,24.93487275137578,0.450259175426591,1100,kirloskar-oil-engines,Small Cap,Mar-2025
76446,99976,1,Epigral Ltd.,Chemicals,Chemicals,Domestic Equities,219991.0,202459.0,8.659531065549073,41.8885,32.6637,28.241748485321644,0.332438779889005,1100,epigral,Small Cap,Mar-2025
19174,6780,1,Bayer CropScience Ltd.,Chemicals,Chemicals,Domestic Equities,74462.0,74462.0,0.0,36.5579,35.2138,3.8169694835547374,0.290133656523969,1100,bayer-cropscience,Small Cap,Mar-2025
152305,7945,1,JK Lakshmi Cement Ltd.,Construction Materials,Construction Materials,Domestic Equities,466283.0,466283.0,0.0,36.095,31.3156,15.262041921598184,0.286459953450079,1100,jk-lakshmi-cement,Small Cap,Mar-2025
133018,6609,1,CCL Products (India) Ltd.,Agri,Agriculture,Domestic Equities,649388.0,649388.0,0.0,36.041,37.6775,-4.343441045716942,0.286031394439515,1100,ccl-products-india,Small Cap,Mar-2025
797,86851,1,Nippon Life India Asset Management Ltd.,Finance,Finance,Domestic Equities,578000.0,,,33.4402,,,0.265390722686282,1100,nippon-life-india-asset-management,Mid Cap,Mar-2025
114606,112114,1,Hyundai Motor India Ltd.,Automobile & Ancillaries,Automobile & Ancillaries,Domestic Equities,177400.0,177400.0,0.0,30.2937,30.6884,-1.2861537258377842,0.24041922404296,1100,hyundai-motor-india,Large Cap,Mar-2025
171829,5244,1,Thangamayil Jewellery Ltd.,Diamond  &  Jewellery,Diamond & Jewellery,Domestic Equities,145144.0,59072.0,145.70693391115924,29.1536,11.1552,161.34538152610443,0.231371073525481,1100,thangamayil-jewellery,Small Cap,Mar-2025
191898,99941,1,Sapphire Foods India Ltd.,FMCG,Fast Moving Consumer Goods,Domestic Equities,663830.0,236726.0,180.4212465043975,19.5465,7.3444,166.14155002450846,0.155126457407175,1100,sapphire-foods-india,Small Cap,Mar-2025
95054,6347,1,Somany Ceramics Ltd.,Construction Materials,Construction Materials,Domestic Equities,365300.0,365300.0,0.0,15.328,16.2029,-5.399650679816577,0.121647268776363,1100,somany-ceramics,Small Cap,Mar-2025
171818,5576,1,Nocil Ltd.,Chemicals,Chemicals,Domestic Equities,776500.0,776500.0,0.0,13.5895,13.4342,1.1560048235101437,0.107850049519597,1100,nocil,Small Cap,Mar-2025
171888,8748,1,ICICI Bank Ltd.,Bank,Banking,Domestic Equities,4382100.0,4382100.0,0.0,625.3257,590.8605,5.8330519640422684,4.77520984000711,1100,icici-bank,Large Cap,Apr-2025
171875,5051,1,HDFC Bank Ltd.,Bank,Banking,Domestic Equities,3047100.0,3047100.0,0.0,586.5668000000001,557.0708,5.2948386452853,4.47923307035275,1100,hdfc-bank,Large Cap,Apr-2025
155709,99978,1,Paradeep Phosphates Ltd.,Chemicals,Chemicals,Domestic Equities,30715000.0,30715000.0,0.0,442.4189,317.6545,39.27676138697861,3.37846834807065,1100,paradeep-phosphates,Small Cap,Apr-2025
171531,4897,1,Reliance Industries Ltd.,Crude Oil,Crude Oil,Domestic Equities,2769911.0,2522806.0,9.794847483318176,389.1725,321.683,20.98012639772696,2.97185986672252,1100,reliance-industries,Large Cap,Apr-2025
133386,8742,1,Godfrey Phillips India Ltd.,FMCG,Fast Moving Consumer Goods,Domestic Equities,464350.0,399379.0,16.268006079438326,376.8665,270.3476,39.40071966608915,2.87788686626671,1100,godfrey-phillips-india,Small Cap,Apr-2025
152686,7802,1,Multi Commodity Exchange Of India Ltd.,Finance,Finance,Domestic Equities,596611.0,596611.0,0.0,365.6032,316.9048,15.366886206835616,2.79187629451034,1100,multi-commodity-exchange-of-india,Small Cap,Apr-2025
133350,8843,1,State Bank Of India,Bank,Banking,Domestic Equities,4516900.0,4516900.0,0.0,356.2253,348.4788,2.2229472782849387,2.72026330889564,1100,state-bank-of-india,Large Cap,Apr-2025
171685,5596,1,The Federal Bank Ltd.,Bank,Banking,Domestic Equities,17361100.0,17361100.0,0.0,341.4581,334.6005,2.0494888680680234,2.60749570834868,1100,the-federal-bank,Mid Cap,Apr-2025
133664,7760,1,NTPC Ltd.,Power,Power,Domestic Equities,9497371.0,9497371.0,0.0,336.7293,339.626,-0.8529087879019811,2.57138490674333,1100,ntpc,Large Cap,Apr-2025
133593,6508,1,Bharti Airtel Ltd.,Telecom,Telecom,Domestic Equities,1771600.0,1771600.0,0.0,330.31480000000005,307.0891,7.563179546261992,2.52240149934663,1100,bharti-airtel,Large Cap,Apr-2025
171656,5311,1,Mahindra & Mahindra Ltd.,Automobile & Ancillaries,Automobile & Ancillaries,Domestic Equities,1092500.0,1092500.0,0.0,319.9714,291.2387,9.865687492767965,2.44341561173777,1100,mahindra-mahindra,Large Cap,Apr-2025
543,5039,1,Karur Vysya Bank Ltd.,Bank,Banking,Domestic Equities,13164300.0,13164300.0,0.0,287.2055,275.4498,4.267819399396912,2.19320352530555,1100,karur-vysya-bank,Small Cap,Apr-2025
171400,5889,1,Axis Bank Ltd.,Bank,Banking,Domestic Equities,2309100.0,2309100.0,0.0,273.6284,254.4628,7.531788536477636,2.08952395237458,1100,axis-bank,Large Cap,Apr-2025
171511,5199,1,Wipro Ltd.,IT,Information Technology,Domestic Equities,10851100.0,10851100.0,0.0,262.0541,284.5701,-7.91228593587309,2.00113847381326,1100,wipro,Large Cap,Apr-2025
56728,7719,1,Shriram Finance Ltd.,Finance,Finance,Domestic Equities,4264500.0,4264500.0,0.0,260.8595,279.7512,-6.753036269370778,1.99201608259397,1100,shriram-finance,Large Cap,Apr-2025
58272,82478,1,PNB Housing Finance Ltd.,Finance,Finance,Domestic Equities,2462500.0,2462500.0,0.0,248.7618,217.0694,14.600123278545947,1.89963373515255,1100,pnb-housing-finance,Small Cap,Apr-2025
137941,15743,1,Power Mech Projects Ltd.,Infrastructure,Infrastructure,Domestic Equities,929900.0,929900.0,0.0,243.578,252.7143,-3.615268308916437,1.86004839143706,1100,power-mech-projects,Small Cap,Apr-2025
420,5071,1,Sun Pharmaceutical Industries Ltd.,Healthcare,Healthcare,Domestic Equities,1329200.0,1329200.0,0.0,243.5493,230.5763,5.626337138725876,1.85982922801165,1100,sun-pharmaceutical-industries,Large Cap,Apr-2025
152604,5456,1,Power Finance Corporation Ltd.,Finance,Finance,Domestic Equities,5879019.0,5879019.0,0.0,239.5112,243.5384,-1.6536201272571438,1.82899285769306,1100,power-finance-corporation,Large Cap,Apr-2025
19182,5589,1,Coromandel International Ltd.,Chemicals,Chemicals,Domestic Equities,972513.0,972513.0,0.0,215.3338,192.7618,11.709788972711404,1.64436561722335,1100,coromandel-international,Mid Cap,Apr-2025
171369,7531,1,Tech Mahindra Ltd.,IT,Information Technology,Domestic Equities,1420600.0,1420600.0,0.0,213.5162,201.4766,5.975681543166795,1.63048577603787,1100,tech-mahindra,Large Cap,Apr-2025
152408,5535,1,ITC Ltd.,FMCG,Fast Moving Consumer Goods,Domestic Equities,4833376.0,4833376.0,0.0,205.8052,198.0476,3.917038126187856,1.57160183271635,1100,itc,Large Cap,Apr-2025
171687,7000,1,Zensar Technologies Ltd.,IT,Information Technology,Domestic Equities,2546500.0,2546500.0,0.0,183.2079,178.47150000000002,2.653869105151239,1.39904079881418,1100,zensar-technologies,Small Cap,Apr-2025
152513,6479,1,KEC International Ltd.,Infrastructure,Infrastructure,Domestic Equities,2598500.0,2846044.0,-8.697827581021235,181.4273,222.7741,-18.55996724933464,1.38544350281129,1100,kec-international,Small Cap,Apr-2025
153691,5278,1,Oberoi Realty Ltd.,Realty,Realty,Domestic Equities,1102954.0,1102954.0,0.0,181.0609,180.5977,0.2564816716934917,1.38264554186809,1100,oberoi-realty,Mid Cap,Apr-2025
152372,4964,1,Larsen & Toubro Ltd.,Infrastructure,Infrastructure,Domestic Equities,540463.0,598700.0,-9.727242358443297,180.5687,209.084,-13.638202827571703,1.37888692730411,1100,larsen-toubro,Large Cap,Apr-2025
133298,5393,1,Balrampur Chini Mills Ltd.,Agri,Agriculture,Domestic Equities,3257263.0,2809700.0,15.929209524148485,179.44259999999997,153.8311,16.649104114837623,1.37028762649042,1100,balrampur-chini-mills,Small Cap,Apr-2025
152608,7159,1,Indian Bank,Bank,Banking,Domestic Equities,3099121.0,3154963.0,-1.7699732136319823,175.34830000000002,170.77810000000002,2.676104254585338,1.33902209294855,1100,indian-bank,Mid Cap,Apr-2025
151967,5716,1,GE Vernova T&D India Ltd.,Capital Goods,Capital Goods,Domestic Equities,1103363.0,1131263.0,-2.466270000875128,172.7977,176.3356,-2.006344719954455,1.31954480260542,1100,ge-vernova-td-india,Mid Cap,Apr-2025
133630,5815,1,Jindal Stainless Ltd.,Iron & Steel,Iron & Steel,Domestic Equities,2953000.0,2953000.0,0.0,172.18939999999998,171.74650000000003,0.2578800732474736,1.31489960707663,1100,jindal-stainless,Mid Cap,Apr-2025
171752,6261,1,The Ramco Cements Ltd.,Construction Materials,Construction Materials,Domestic Equities,1775342.0,1775342.0,0.0,167.5213,159.2038,5.224435597642781,1.27925233229785,1100,the-ramco-cements,Small Cap,Apr-2025
617,7969,1,Brigade Enterprises Ltd.,Realty,Realty,Domestic Equities,1579259.0,1579259.0,0.0,162.4426,154.2383,5.319236532041654,1.24046956962802,1100,brigade-enterprises,Small Cap,Apr-2025
152579,7542,1,Sobha Ltd.,Realty,Realty,Domestic Equities,1211961.0,1211961.0,0.0,160.2334,148.4349,7.948602383940706,1.22359933132093,1100,sobha,Small Cap,Apr-2025
171359,5112,1,Aditya Birla Real Estate Ltd.,Diversified,Paper,Domestic Equities,788900.0,724541.0,8.882727133454145,151.2874,142.0028,6.538321779570537,1.15528448798617,1100,aditya-birla-real-estate,Small Cap,Apr-2025
133599,5561,1,Punjab National Bank,Bank,Banking,Domestic Equities,14659600.0,14659600.0,0.0,146.9039,140.9227,4.244312662189973,1.12181052020638,1100,punjab-national-bank,Large Cap,Apr-2025
133044,7653,1,Ratnamani Metals & Tubes Ltd.,Iron & Steel,Iron & Steel,Domestic Equities,531381.0,531381.0,0.0,142.6439,137.6755,3.608775708096213,1.08927964242792,1100,ratnamani-metals-tubes,Small Cap,Apr-2025
38605,83193,1,Varun Beverages Ltd.,FMCG,Fast Moving Consumer Goods,Domestic Equities,2730600.0,2730600.0,0.0,142.6329,147.3568,-3.2057563682164614,1.08919564250878,1100,varun-beverages,Large Cap,Apr-2025
509,8487,1,K.P.R. Mill Ltd.,Textile,Textile,Domestic Equities,1418500.0,1418500.0,0.0,141.4599,128.58700000000002,10.011043107001475,1.08023819658527,1100,kpr-mill,Small Cap,Apr-2025
152303,6239,1,Jindal Saw Ltd.,Iron & Steel,Iron & Steel,Domestic Equities,5687526.0,5687526.0,0.0,141.0506,153.61440000000002,-8.178790530054481,1.0771126359574,1100,jindal-saw,Small Cap,Apr-2025
171365,5279,1,Hindustan Petroleum Corporation Ltd.,Crude Oil,Crude Oil,Domestic Equities,3721800.0,3721800.0,0.0,140.94459999999998,134.1151,5.092267761050015,1.07630318219108,1100,hindustan-petroleum-corporation,Mid Cap,Apr-2025
171942,7813,1,Jindal Steel & Power Ltd.,Iron & Steel,Iron & Steel,Domestic Equities,1515300.0,1515300.0,0.0,135.7178,138.2408,-1.825076243771732,1.03638947515529,1100,jindal-steel-power,Mid Cap,Apr-2025
96004,7992,1,Jubilant FoodWorks Ltd.,FMCG,Fast Moving Consumer Goods,Domestic Equities,1896500.0,1896500.0,0.0,135.6756,125.994,7.684175436925567,1.03606722092002,1100,jubilant-foodworks,Mid Cap,Apr-2025
56723,6834,1,Can Fin Homes Ltd.,Finance,Finance,Domestic Equities,1854100.0,1854100.0,0.0,132.596,124.1227,6.826551468828828,1.01255029810159,1100,can-fin-homes,Small Cap,Apr-2025
133374,5879,1,Finolex Cables Ltd.,Electricals,Electricals,Domestic Equities,1511535.0,1511535.0,0.0,130.9821,138.056,-5.123935214695495,1.00022598269157,1100,finolex-cables,Small Cap,Apr-2025
171889,4926,1,Infosys Ltd.,IT,Information Technology,Domestic Equities,865800.0,1044300.0,-17.092789428325194,129.8787,164.023,-20.8167756960914,0.991800027165574,1100,infosys,Large Cap,Apr-2025
171383,5551,1,Hero MotoCorp Ltd.,Automobile & Ancillaries,Automobile & Ancillaries,Domestic Equities,336400.0,,,128.7537,,,0.983209126343797,1100,hero-motocorp,Large Cap,Apr-2025
171492,5886,1,Kotak Mahindra Bank Ltd.,Bank,Banking,Domestic Equities,567657.0,567657.0,0.0,125.3443,123.2497,1.6994767532902797,0.957173733222228,1100,kotak-mahindra-bank,Large Cap,Apr-2025
152406,5107,1,The Indian Hotels Company Ltd.,Hospitality,Hospitality,Domestic Equities,1582300.0,1582300.0,0.0,124.6378,124.614,0.0190989776429696,0.951778647506153,1100,the-indian-hotels-company,Mid Cap,Apr-2025
152343,5043,1,Hindalco Industries Ltd.,Non - Ferrous Metals,Non - Ferrous Metals,Domestic Equities,1781000.0,1781000.0,0.0,111.2502,121.5443,-8.469422260031937,0.849546164091383,1100,hindalco-industries,Large Cap,Apr-2025
133625,7239,1,Maruti Suzuki India Ltd.,Automobile & Ancillaries,Automobile & Ancillaries,Domestic Equities,87800.0,87800.0,0.0,107.6165,101.1645,6.377731318792648,0.821797936254859,1100,maruti-suzuki-india,Large Cap,Apr-2025
644,7347,1,Globus Spirits Ltd.,Alcohol,Alcohol,Domestic Equities,981167.0,981167.0,0.0,102.895,103.2286,-0.3231662543132482,0.785742880050399,1100,globus-spirits,Small Cap,Apr-2025
707,8442,1,Bajaj Auto Ltd.,Automobile & Ancillaries,Automobile & Ancillaries,Domestic Equities,126200.0,126200.0,0.0,101.3386,99.4311,1.918413856429226,0.773857655126832,1100,bajaj-auto,Large Cap,Apr-2025
152377,4902,1,Siemens Ltd.,Capital Goods,Capital Goods,Domestic Equities,339800.0,339800.0,0.0,98.593,179.2564,-44.99889543692722,0.752891275307925,1100,siemens,Large Cap,Apr-2025
678,15637,1,PNC Infratech Ltd.,Infrastructure,Infrastructure,Domestic Equities,3696367.0,3696367.0,0.0,98.1201,93.592,4.838127190358144,0.749280042420265,1100,pnc-infratech,Small Cap,Apr-2025
133437,6005,1,Sonata Software Ltd.,IT,Information Technology,Domestic Equities,2326064.0,2326064.0,0.0,98.0552,80.41199999999999,21.9410038302741,0.748784442897302,1100,sonata-software,Small Cap,Apr-2025
152275,6296,1,Birla Corporation Ltd.,Construction Materials,Construction Materials,Domestic Equities,915797.0,915797.0,0.0,97.0745,96.6944,0.3930941192044236,0.741295468287598,1100,birla-corporation,Small Cap,Apr-2025
117,8100,1,Vardhman Textiles Ltd.,Textile,Textile,Domestic Equities,2096700.0,2096700.0,0.0,95.2321,82.8511,14.943676064650903,0.727226245466228,1100,vardhman-textiles,Small Cap,Apr-2025
643,7404,1,KNR Constructions Ltd.,Infrastructure,Infrastructure,Domestic Equities,4051771.0,4051771.0,0.0,88.6163,92.4331,-4.129256727297909,0.676705639549153,1100,knr-constructions,Small Cap,Apr-2025
227975,113151,1,Siemens Energy India Ltd.,Others,,Domestic Equities,339800.0,,,75.7868,,,0.578735006577614,1100,siemens-energy-india,,Apr-2025
133614,6833,1,Canara Bank,Bank,Banking,Domestic Equities,7737800.0,7737800.0,0.0,75.4049,68.8664,9.49447045293495,0.575818682111981,1100,canara-bank,Mid Cap,Apr-2025
152647,6951,1,Time Technoplast Ltd.,Plastic Products,Plastic Products,Domestic Equities,2152725.0,1970159.0,9.26656173435748,72.676,82.29350000000001,-11.686828242813831,0.554979829443051,1100,time-technoplast,Small Cap,Apr-2025
114424,7958,1,JK Paper Ltd.,Paper,Paper,Domestic Equities,2272506.0,2504890.0,-9.277213769866142,71.5158,78.2402,-8.594558807365017,0.546120128880007,1100,jk-paper,Small Cap,Apr-2025
133553,7241,1,Taj GVK Hotels & Resorts Ltd.,Hospitality,Hospitality,Domestic Equities,1532569.0,1532569.0,0.0,62.8813,73.2261,-14.127203278612402,0.480184010528336,1100,taj-gvk-hotels-resorts,Small Cap,Apr-2025
171948,7104,1,Emami Ltd.,FMCG,Fast Moving Consumer Goods,Domestic Equities,1006411.0,1006411.0,0.0,62.8705,58.3618,7.725429990164797,0.480101537880447,1100,emami,Small Cap,Apr-2025
134937,5507,1,Kirloskar Oil Engines Ltd.,Capital Goods,Capital Goods,Domestic Equities,788250.0,788250.0,0.0,58.8429,56.734300000000005,3.7166229247562703,0.449345349302858,1100,kirloskar-oil-engines,Small Cap,Apr-2025
797,86851,1,Nippon Life India Asset Management Ltd.,Finance,Finance,Domestic Equities,908300.0,578000.0,57.14532871972319,58.0131,33.4402,73.48311313927549,0.443008700856716,1100,nippon-life-india-asset-management,Mid Cap,Apr-2025
95548,5980,1,Persistent Systems Ltd.,IT,Information Technology,Domestic Equities,106100.0,141800.0,-25.17630465444288,56.4611,78.185,-27.785252925753024,0.431157075900807,1100,persistent-systems,Mid Cap,Apr-2025
133018,6609,1,CCL Products (India) Ltd.,Agri,Agriculture,Domestic Equities,649388.0,649388.0,0.0,38.4113,36.041,6.576676562803479,0.293322372209338,1100,ccl-products-india,Small Cap,Apr-2025
76446,99976,1,Epigral Ltd.,Chemicals,Chemicals,Domestic Equities,219991.0,219991.0,0.0,38.1728,41.8885,-8.870453704477367,0.291501101235122,1100,epigral,Small Cap,Apr-2025
152305,7945,1,JK Lakshmi Cement Ltd.,Construction Materials,Construction Materials,Domestic Equities,466283.0,466283.0,0.0,36.2279,36.095,0.3681950408643846,0.276649151894435,1100,jk-lakshmi-cement,Small Cap,Apr-2025
19174,6780,1,Bayer CropScience Ltd.,Chemicals,Chemicals,Domestic Equities,74462.0,74462.0,0.0,34.9257,36.5579,-4.464698464627339,0.266705088738775,1100,bayer-cropscience,Small Cap,Apr-2025
191898,99941,1,Sapphire Foods India Ltd.,FMCG,Fast Moving Consumer Goods,Domestic Equities,984069.0,663830.0,48.24111594836028,31.1458,19.5465,59.3420817026066,0.237840425613234,1100,sapphire-foods-india,Small Cap,Apr-2025
171829,5244,1,Thangamayil Jewellery Ltd.,Diamond  &  Jewellery,Diamond & Jewellery,Domestic Equities,145144.0,145144.0,0.0,30.4294,29.1536,4.37613193567861,0.232369739969927,1100,thangamayil-jewellery,Small Cap,Apr-2025
114606,112114,1,Hyundai Motor India Ltd.,Automobile & Ancillaries,Automobile & Ancillaries,Domestic Equities,177400.0,177400.0,0.0,30.292800000000003,30.2937,-0.0029709147446396,0.231326613701256,1100,hyundai-motor-india,Large Cap,Apr-2025
95054,6347,1,Somany Ceramics Ltd.,Construction Materials,Construction Materials,Domestic Equities,365300.0,365300.0,0.0,15.6604,15.328,2.1685803757828817,0.119588393981644,1100,somany-ceramics,Small Cap,Apr-2025
171818,5576,1,Nocil Ltd.,Chemicals,Chemicals,Domestic Equities,547389.0,776500.0,-29.50560206052801,9.6351,13.5895,-29.098936679053683,0.073577056451466,1100,nocil,Small Cap,Apr-2025
171875,5051,1,HDFC Bank Ltd.,Bank,Banking,Domestic Equities,3047100.0,3047100.0,0.0,592.6305,586.5668000000001,1.033761201622735,4.44734793773934,1100,hdfc-bank,Large Cap,May-2025
171888,8748,1,ICICI Bank Ltd.,Bank,Banking,Domestic Equities,3738600.0,4382100.0,-14.684740193058124,540.5268,625.3257,-13.560757218198452,4.05633991040428,1100,icici-bank,Large Cap,May-2025
155709,99978,1,Paradeep Phosphates Ltd.,Chemicals,Chemicals,Domestic Equities,24824061.0,30715000.0,-19.179355363828748,427.6689,442.4189,-3.333944368109048,3.20940687401383,1100,paradeep-phosphates,Small Cap,May-2025
133386,8742,1,Godfrey Phillips India Ltd.,FMCG,Fast Moving Consumer Goods,Domestic Equities,464350.0,464350.0,0.0,404.1006,376.8665,7.226458175507762,3.03254046163542,1100,godfrey-phillips-india,Small Cap,May-2025
152686,7802,1,Multi Commodity Exchange Of India Ltd.,Finance,Finance,Domestic Equities,596611.0,596611.0,0.0,393.8826,365.6032,7.734997943125231,2.95586030219742,1100,multi-commodity-exchange-of-india,Small Cap,May-2025
171531,4897,1,Reliance Industries Ltd.,Crude Oil,Crude Oil,Domestic Equities,2769911.0,2769911.0,0.0,393.5767,389.1725,1.131683251000516,2.95356470024283,1100,reliance-industries,Large Cap,May-2025
133350,8843,1,State Bank Of India,Bank,Banking,Domestic Equities,4516900.0,4516900.0,0.0,366.9078,356.2253,2.998804408333714,2.75343008446322,1100,state-bank-of-india,Large Cap,May-2025
171656,5311,1,Mahindra & Mahindra Ltd.,Automobile & Ancillaries,Automobile & Ancillaries,Domestic Equities,1092500.0,1092500.0,0.0,325.2154,319.9714,1.6388964763725804,2.44055282087418,1100,mahindra-mahindra,Large Cap,May-2025
133664,7760,1,NTPC Ltd.,Power,Power,Domestic Equities,9497371.0,9497371.0,0.0,317.1172,336.7293,-5.824292688518638,2.37978053009704,1100,ntpc,Large Cap,May-2025
171685,5596,1,The Federal Bank Ltd.,Bank,Banking,Domestic Equities,15016900.0,17361100.0,-13.502600641664412,303.4315,341.4581,-11.136534760780302,2.27707729482393,1100,the-federal-bank,Mid Cap,May-2025
543,5039,1,Karur Vysya Bank Ltd.,Bank,Banking,Domestic Equities,13164300.0,13164300.0,0.0,291.8394,287.2055,1.613444032234757,2.19008531241826,1100,karur-vysya-bank,Small Cap,May-2025
171400,5889,1,Axis Bank Ltd.,Bank,Banking,Domestic Equities,2309100.0,2309100.0,0.0,275.2909,273.6284,0.6075758218079702,2.06589842472402,1100,axis-bank,Large Cap,May-2025
56728,7719,1,Shriram Finance Ltd.,Finance,Finance,Domestic Equities,4264500.0,4264500.0,0.0,272.6508,260.8595,4.52017273666476,2.04608600654705,1100,shriram-finance,Large Cap,May-2025
171511,5199,1,Wipro Ltd.,IT,Information Technology,Domestic Equities,10851100.0,10851100.0,0.0,270.9194,262.0541,3.3830037385410066,2.03309285445751,1100,wipro,Large Cap,May-2025
133593,6508,1,Bharti Airtel Ltd.,Telecom,Telecom,Domestic Equities,1409300.0,1771600.0,-20.450440279972906,261.5943,330.31480000000005,-20.80454766180626,1.96311339127731,1100,bharti-airtel,Large Cap,May-2025
137941,15743,1,Power Mech Projects Ltd.,Infrastructure,Infrastructure,Domestic Equities,839100.0,929900.0,-9.764490805462952,260.72520000000003,243.578,7.039716230529856,1.95659130020591,1100,power-mech-projects,Small Cap,May-2025
58272,82478,1,PNB Housing Finance Ltd.,Finance,Finance,Domestic Equities,2462500.0,2462500.0,0.0,257.3066,248.7618,3.4349325338536687,1.93093669137299,1100,pnb-housing-finance,Small Cap,May-2025
151967,5716,1,GE Vernova T&D India Ltd.,Capital Goods,Capital Goods,Domestic Equities,1103363.0,1103363.0,0.0,247.3078,172.7977,43.11984476645232,1.85590150071057,1100,ge-vernova-td-india,Mid Cap,May-2025
152604,5456,1,Power Finance Corporation Ltd.,Finance,Finance,Domestic Equities,5879019.0,5879019.0,0.0,238.6588,239.5112,-0.3558914990196615,1.79099577561963,1100,power-finance-corporation,Large Cap,May-2025
171383,5551,1,Hero MotoCorp Ltd.,Automobile & Ancillaries,Automobile & Ancillaries,Domestic Equities,534700.0,336400.0,58.94768133174792,230.4183,128.7537,78.96052695961359,1.72915560593389,1100,hero-motocorp,Large Cap,May-2025
171369,7531,1,Tech Mahindra Ltd.,IT,Information Technology,Domestic Equities,1420600.0,1420600.0,0.0,223.5882,213.5162,4.717206469579361,1.67789966964719,1100,tech-mahindra,Large Cap,May-2025
19182,5589,1,Coromandel International Ltd.,Chemicals,Chemicals,Domestic Equities,972513.0,972513.0,0.0,222.6471,215.3338,3.396261989525092,1.67083726036484,1100,coromandel-international,Mid Cap,May-2025
152513,6479,1,KEC International Ltd.,Infrastructure,Infrastructure,Domestic Equities,2598500.0,2598500.0,0.0,216.2991,181.4273,19.220811862382345,1.62319920476566,1100,kec-international,Small Cap,May-2025
171687,7000,1,Zensar Technologies Ltd.,IT,Information Technology,Domestic Equities,2508911.0,2546500.0,-1.4761044570979776,209.0048,183.2079,14.080670102108034,1.56845971690222,1100,zensar-technologies,Small Cap,May-2025
152372,4964,1,Larsen & Toubro Ltd.,Infrastructure,Infrastructure,Domestic Equities,540463.0,540463.0,0.0,198.6256,180.5687,10.000016614175117,1.49056984502526,1100,larsen-toubro,Large Cap,May-2025
133298,5393,1,Balrampur Chini Mills Ltd.,Agri,Agriculture,Domestic Equities,3257263.0,3257263.0,0.0,192.2762,179.44259999999997,7.151924905234323,1.44292128323864,1100,balrampur-chini-mills,Small Cap,May-2025
152608,7159,1,Indian Bank,Bank,Banking,Domestic Equities,3099121.0,3099121.0,0.0,191.0918,175.34830000000002,8.978416100983006,1.43403304866843,1100,indian-bank,Mid Cap,May-2025
171365,5279,1,Hindustan Petroleum Corporation Ltd.,Crude Oil,Crude Oil,Domestic Equities,4572300.0,3721800.0,22.85184588102531,187.9444,140.94459999999998,33.34629350822947,1.41041363843011,1100,hindustan-petroleum-corporation,Mid Cap,May-2025
153691,5278,1,Oberoi Realty Ltd.,Realty,Realty,Domestic Equities,1008199.0,1102954.0,-8.591020115072794,176.0618,181.0609,-2.7610047227203656,1.32124162213163,1100,oberoi-realty,Mid Cap,May-2025
152579,7542,1,Sobha Ltd.,Realty,Realty,Domestic Equities,1211961.0,1211961.0,0.0,173.674,160.2334,8.38813880252183,1.30332256901888,1100,sobha,Small Cap,May-2025
171752,6261,1,The Ramco Cements Ltd.,Construction Materials,Construction Materials,Domestic Equities,1775342.0,1775342.0,0.0,173.2645,167.5213,3.428340157341184,1.30024950919407,1100,the-ramco-cements,Small Cap,May-2025
617,7969,1,Brigade Enterprises Ltd.,Realty,Realty,Domestic Equities,1579259.0,1579259.0,0.0,172.8341,162.4426,6.3970288581936,1.2970196069997,1100,brigade-enterprises,Small Cap,May-2025
171359,5112,1,Aditya Birla Real Estate Ltd.,Diversified,Paper,Domestic Equities,788900.0,788900.0,0.0,171.8382,151.2874,13.583946845540344,1.28954595552345,1100,aditya-birla-real-estate,Small Cap,May-2025
420,5071,1,Sun Pharmaceutical Industries Ltd.,Healthcare,Healthcare,Domestic Equities,976000.0,1329200.0,-26.572374360517603,163.7338,243.5493,-32.77180431230967,1.22872713734481,1100,sun-pharmaceutical-industries,Large Cap,May-2025
133630,5815,1,Jindal Stainless Ltd.,Iron & Steel,Iron & Steel,Domestic Equities,2472300.0,2953000.0,-16.278360988824925,159.4015,172.18939999999998,-7.426647633361863,1.19621574032649,1100,jindal-stainless,Mid Cap,May-2025
152408,5535,1,ITC Ltd.,FMCG,Fast Moving Consumer Goods,Domestic Equities,3743000.0,4833376.0,-22.55930430407235,156.4761,205.8052,-23.968830719534783,1.17426231123861,1100,itc,Large Cap,May-2025
133599,5561,1,Punjab National Bank,Bank,Banking,Domestic Equities,14659600.0,14659600.0,0.0,155.1279,146.9039,5.5982176102880965,1.16414485273849,1100,punjab-national-bank,Large Cap,May-2025
133044,7653,1,Ratnamani Metals & Tubes Ltd.,Iron & Steel,Iron & Steel,Domestic Equities,531381.0,531381.0,0.0,150.8591,142.6439,5.759236812790455,1.13210998636454,1100,ratnamani-metals-tubes,Small Cap,May-2025
133374,5879,1,Finolex Cables Ltd.,Electricals,Electricals,Domestic Equities,1511535.0,1511535.0,0.0,147.1933,130.9821,12.376652993042567,1.10460028500735,1100,finolex-cables,Small Cap,May-2025
56723,6834,1,Can Fin Homes Ltd.,Finance,Finance,Domestic Equities,1854100.0,1854100.0,0.0,146.1309,132.596,10.207623156052971,1.09662758962793,1100,can-fin-homes,Small Cap,May-2025
171942,7813,1,Jindal Steel & Power Ltd.,Iron & Steel,Iron & Steel,Domestic Equities,1515300.0,1515300.0,0.0,143.7868,135.7178,5.945424992152832,1.07903647965155,1100,jindal-steel-power,Mid Cap,May-2025
509,8487,1,K.P.R. Mill Ltd.,Textile,Textile,Domestic Equities,1214534.0,1418500.0,-14.378991892844551,136.8173,141.4599,-3.281919469757862,1.02673442727309,1100,kpr-mill,Small Cap,May-2025
171889,4926,1,Infosys Ltd.,IT,Information Technology,Domestic Equities,865800.0,865800.0,0.0,135.2986,129.8787,4.173047620587515,1.01533746523174,1100,infosys,Large Cap,May-2025
38605,83193,1,Varun Beverages Ltd.,FMCG,Fast Moving Consumer Goods,Domestic Equities,2730600.0,2730600.0,0.0,129.96290000000002,142.6329,-8.882943556500638,0.975296133590196,1100,varun-beverages,Large Cap,May-2025
152275,6296,1,Birla Corporation Ltd.,Construction Materials,Construction Materials,Domestic Equities,915797.0,915797.0,0.0,125.8671,97.0745,29.660312440445207,0.944559531806466,1100,birla-corporation,Small Cap,May-2025
96004,7992,1,Jubilant FoodWorks Ltd.,FMCG,Fast Moving Consumer Goods,Domestic Equities,1896500.0,1896500.0,0.0,124.3251,135.6756,-8.36591104074719,0.932987716788517,1100,jubilant-foodworks,Mid Cap,May-2025
133018,6609,1,CCL Products (India) Ltd.,Agri,Agriculture,Domestic Equities,1380800.0,649388.0,112.63096946663627,122.0834,38.4113,217.83199214814388,0.916165059378833,1100,ccl-products-india,Small Cap,May-2025
152303,6239,1,Jindal Saw Ltd.,Iron & Steel,Iron & Steel,Domestic Equities,5687526.0,5687526.0,0.0,120.5187,141.0506,-14.556407416912789,0.904422894036042,1100,jindal-saw,Small Cap,May-2025
171492,5886,1,Kotak Mahindra Bank Ltd.,Bank,Banking,Domestic Equities,567657.0,567657.0,0.0,117.7718,125.3443,-6.041359678900436,0.883809003846158,1100,kotak-mahindra-bank,Large Cap,May-2025
152343,5043,1,Hindalco Industries Ltd.,Non - Ferrous Metals,Non - Ferrous Metals,Domestic Equities,1781000.0,1781000.0,0.0,112.8264,111.2502,1.4168064416962751,0.846696647173161,1100,hindalco-industries,Large Cap,May-2025
152377,4902,1,Siemens Ltd.,Capital Goods,Capital Goods,Domestic Equities,339800.0,339800.0,0.0,110.9651,98.593,12.548659641151003,0.832728670978021,1100,siemens,Large Cap,May-2025
133625,7239,1,Maruti Suzuki India Ltd.,Automobile & Ancillaries,Automobile & Ancillaries,Domestic Equities,87800.0,87800.0,0.0,108.1608,107.6165,0.5057774597761523,0.811684027103292,1100,maruti-suzuki-india,Large Cap,May-2025
678,15637,1,PNC Infratech Ltd.,Infrastructure,Infrastructure,Domestic Equities,3696367.0,3696367.0,0.0,107.9154,98.1201,9.982969850214182,0.809842442534288,1100,pnc-infratech,Small Cap,May-2025
117,8100,1,Vardhman Textiles Ltd.,Textile,Textile,Domestic Equities,2096700.0,2096700.0,0.0,103.1052,95.2321,8.267275424988018,0.773744683390751,1100,vardhman-textiles,Small Cap,May-2025
133437,6005,1,Sonata Software Ltd.,IT,Information Technology,Domestic Equities,2326064.0,2326064.0,0.0,95.1476,98.0552,-2.9652685426168137,0.714027514008894,1100,sonata-software,Small Cap,May-2025
644,7347,1,Globus Spirits Ltd.,Alcohol,Alcohol,Domestic Equities,981167.0,981167.0,0.0,93.1127,102.895,-9.507070314398169,0.698756770571785,1100,globus-spirits,Small Cap,May-2025
133614,6833,1,Canara Bank,Bank,Banking,Domestic Equities,7737800.0,7737800.0,0.0,88.79899999999999,75.4049,17.7629040022598,0.666384955757957,1100,canara-bank,Mid Cap,May-2025
643,7404,1,KNR Constructions Ltd.,Infrastructure,Infrastructure,Domestic Equities,4051771.0,4051771.0,0.0,85.4113,88.6163,-3.6167161120471065,0.640962233490575,1100,knr-constructions,Small Cap,May-2025
152647,6951,1,Time Technoplast Ltd.,Plastic Products,Plastic Products,Domestic Equities,2152725.0,2152725.0,0.0,81.3622,72.676,11.951951125543506,0.610576088102006,1100,time-technoplast,Small Cap,May-2025
227975,113151,1,Siemens Energy India Ltd.,Others,,Domestic Equities,339800.0,339800.0,0.0,75.7868,75.7868,0.0,0.568735947083156,1100,siemens-energy-india,,May-2025
133553,7241,1,Taj GVK Hotels & Resorts Ltd.,Hospitality,Hospitality,Domestic Equities,1532569.0,1532569.0,0.0,69.0805,62.8813,9.858574806818565,0.518409057942517,1100,taj-gvk-hotels-resorts,Small Cap,May-2025
797,86851,1,Nippon Life India Asset Management Ltd.,Finance,Finance,Domestic Equities,908300.0,908300.0,0.0,67.3005,58.0131,16.00914276258293,0.505051191060579,1100,nippon-life-india-asset-management,Mid Cap,May-2025
191898,99941,1,Sapphire Foods India Ltd.,FMCG,Fast Moving Consumer Goods,Domestic Equities,2097258.0,984069.0,113.12103114720612,66.7138,31.1458,114.19838308857054,0.500648348083258,1100,sapphire-foods-india,Small Cap,May-2025
114424,7958,1,JK Paper Ltd.,Paper,Paper,Domestic Equities,1703078.0,2272506.0,-25.05727157596064,62.3412,71.5158,-12.828773501799605,0.46783452295519,1100,jk-paper,Small Cap,May-2025
152406,5107,1,The Indian Hotels Company Ltd.,Hospitality,Hospitality,Domestic Equities,805000.0,1582300.0,-49.1246919041901,61.9729,124.6378,-50.27760438647024,0.465070645217765,1100,the-indian-hotels-company,Mid Cap,May-2025
95548,5980,1,Persistent Systems Ltd.,IT,Information Technology,Domestic Equities,106100.0,106100.0,0.0,59.8192,56.4611,5.947634743212591,0.44890837673258,1100,persistent-systems,Mid Cap,May-2025
19174,6780,1,Bayer CropScience Ltd.,Chemicals,Chemicals,Domestic Equities,74462.0,74462.0,0.0,42.2818,34.9257,21.062140486804847,0.317300368499271,1100,bayer-cropscience,Small Cap,May-2025
76446,99976,1,Epigral Ltd.,Chemicals,Chemicals,Domestic Equities,232151.0,219991.0,5.527498852225773,41.3252,38.1728,8.25823623103362,0.310121640713169,1100,epigral,Small Cap,May-2025
152305,7945,1,JK Lakshmi Cement Ltd.,Construction Materials,Construction Materials,Domestic Equities,466283.0,466283.0,0.0,39.4872,36.2279,8.996657272433673,0.296328517494629,1100,jk-lakshmi-cement,Small Cap,May-2025
114606,112114,1,Hyundai Motor India Ltd.,Automobile & Ancillaries,Automobile & Ancillaries,Domestic Equities,177400.0,177400.0,0.0,32.7693,30.292800000000003,8.175209950879404,0.24591457708667,1100,hyundai-motor-india,Large Cap,May-2025
171829,5244,1,Thangamayil Jewellery Ltd.,Diamond  &  Jewellery,Diamond & Jewellery,Domestic Equities,145144.0,145144.0,0.0,27.9823,30.4294,-8.041893694913473,0.209990920477774,1100,thangamayil-jewellery,Small Cap,May-2025
171754,5110,1,VIP Industries Ltd.,FMCG,Fast Moving Consumer Goods,Domestic Equities,632600.0,,,22.8811,,,0.171709375231629,1100,vip-industries,Small Cap,May-2025
171948,7104,1,Emami Ltd.,FMCG,Fast Moving Consumer Goods,Domestic Equities,358556.0,1006411.0,-64.37280594111154,20.9468,62.8705,-66.68262539664867,0.157193576405937,1100,emami,Small Cap,May-2025
95054,6347,1,Somany Ceramics Ltd.,Construction Materials,Construction Materials,Domestic Equities,365300.0,365300.0,0.0,17.4723,15.6604,11.56994712778729,0.131119470517571,1100,somany-ceramics,Small Cap,May-2025
