CompanyID,SecurityID,MfSchemeAssetAllocationID,Name,SectorName,EquitySectorName,Type,NoOfShare,PrevNoOfShare,SharesZG,MarketValue,PrevMarketValue,MarketValueZG,HoldingPercentage,Priority,SecuritySlug,McapCategory,Month
77009,96064,1,Max Healthcare Institute Ltd.,Healthcare,Healthcare,Domestic Equities,376617.0,369283.0,1.9860107288989743,39.9685,41.6607,-4.061861658589506,2.45887320658293,1100,max-healthcare-institute,Mid Cap,Jan-2025
76200,82667,1,BSE Ltd.,Finance,Finance,Domestic Equities,68787.0,67447.0,1.9867451480421665,36.498000000000005,35.9182,1.6142234299046172,2.24536708392518,1100,bse,Mid Cap,Jan-2025
152473,5056,1,Suzlon Energy Ltd.,Capital Goods,Capital Goods,Domestic Equities,6001453.0,5897058.0,1.770289524030457,34.9105,36.6915,-4.853985255440631,2.14770364357965,1100,suzlon-energy,Mid Cap,Jan-2025
152406,5107,1,The Indian Hotels Company Ltd.,Hospitality,Hospitality,Domestic Equities,446135.0,437447.0,1.9860691695222508,34.1159,38.388200000000005,-11.129201160773363,2.09881963117111,1100,the-indian-hotels-company,Mid Cap,Jan-2025
95548,5980,1,Persistent Systems Ltd.,IT,Information Technology,Domestic Equities,53486.0,52444.0,1.9868812447563116,32.266,33.8668,-4.726753044279351,1.98501327004027,1100,persistent-systems,Mid Cap,Jan-2025
57445,86554,1,Dixon Technologies (India) Ltd.,Consumer Durables,Consumer Durables,Domestic Equities,19358.0,18981.0,1.9861967230388282,29.0098,34.0449,-14.789586692867355,1.78469094282571,1100,dixon-technologies-india,Mid Cap,Jan-2025
157113,99763,1,PB Fintech Ltd.,IT,Information Technology,Domestic Equities,167590.0,164327.0,1.9856749043066568,28.9394,34.6541,-16.490689413373882,1.78035991529795,1100,pb-fintech,Mid Cap,Jan-2025
133657,7260,1,Coforge Ltd.,IT,Information Technology,Domestic Equities,33774.0,33117.0,1.9838753510281728,27.910300000000003,32.0008,-12.782492937676551,1.71704939784309,1100,coforge,Mid Cap,Jan-2025
152211,6247,1,Lupin Ltd.,Healthcare,Healthcare,Domestic Equities,122326.0,119944.0,1.9859267658240511,25.449299999999997,28.2552,-9.930561454174812,1.56564799520349,1100,lupin,Mid Cap,Jan-2025
171685,5596,1,The Federal Bank Ltd.,Bank,Banking,Domestic Equities,1241762.0,1217581.0,1.9859869692447567,23.247,24.3541,-4.545846489913404,1.43016188832289,1100,the-federal-bank,Mid Cap,Jan-2025
38803,5403,1,Indus Towers Ltd.,Telecom,Telecom,Domestic Equities,629832.0,617567.0,1.9860193306961027,21.867800000000003,21.108400000000003,3.597619904871997,1.34531312175624,1100,indus-towers,Large Cap,Jan-2025
165,7447,1,SRF Ltd.,Chemicals,Chemicals,Domestic Equities,73572.0,72140.0,1.985029110063765,20.672600000000003,16.1446,28.046529489736514,1.27178408622806,1100,srf,Mid Cap,Jan-2025
133334,5159,1,CG Power and Industrial Solutions Ltd.,Capital Goods,Capital Goods,Domestic Equities,324489.0,318170.0,1.9860451959644216,20.6002,23.1628,-11.063429291795474,1.26733001814553,1100,cg-power-and-industrial-solutions,Large Cap,Jan-2025
171877,6125,1,Cummins India Ltd.,Automobile & Ancillaries,Automobile & Ancillaries,Domestic Equities,68714.0,67376.0,1.9858703395867965,20.0236,22.058899999999998,-9.226661347573994,1.23185742620648,1100,cummins-india,Large Cap,Jan-2025
114530,88033,1,HDFC Asset Management Company Ltd.,Finance,Finance,Domestic Equities,51368.0,50367.0,1.9874123930351224,19.8789,21.1494,-6.007262617379214,1.22295544206916,1100,hdfc-asset-management-company,Mid Cap,Jan-2025
7737,15826,1,IDFC First Bank Ltd.,Bank,Banking,Domestic Equities,3140707.0,3079548.0,1.985973266206599,19.861800000000002,19.444300000000002,2.147158807465427,1.22190344532591,1100,idfc-first-bank,Mid Cap,Jan-2025
171820,5969,1,Colgate-Palmolive (India) Ltd.,FMCG,Fast Moving Consumer Goods,Domestic Equities,67164.0,65856.0,1.9861516034985423,18.950699999999998,17.6537,7.346901782629141,1.16585232060225,1100,colgate-palmolive-india,Mid Cap,Jan-2025
152455,7030,1,Yes Bank Ltd.,Bank,Banking,Domestic Equities,9554416.0,9368363.0,1.9859712950917892,18.3731,18.3526,0.11170079443784285,1.13031820838582,1100,yes-bank,Mid Cap,Jan-2025
101370,86936,1,Tube Investments of India Ltd.,Automobile & Ancillaries,Automobile & Ancillaries,Domestic Equities,54094.0,53041.0,1.9852566882223186,17.9706,18.9688,-5.262325502931137,1.10555629673916,1100,tube-investments-of-india,Mid Cap,Jan-2025
171327,5699,1,Marico Ltd.,FMCG,Fast Moving Consumer Goods,Domestic Equities,267405.0,262198.0,1.9859037826375487,17.9335,16.7676,6.953290870488319,1.10327389444825,1100,marico,Mid Cap,Jan-2025
171946,6864,1,Godrej Properties Ltd.,Realty,Realty,Domestic Equities,76457.0,74969.0,1.9848203924288705,17.810299999999998,20.890100000000004,-14.742868631552755,1.09569459627466,1100,godrej-properties,Mid Cap,Jan-2025
171365,5279,1,Hindustan Petroleum Corporation Ltd.,Crude Oil,Crude Oil,Domestic Equities,486817.0,477338.0,1.9858046080555076,17.4402,19.5112,-10.614416335233093,1.07292594161521,1100,hindustan-petroleum-corporation,Mid Cap,Jan-2025
141614,85778,1,AU Small Finance Bank Ltd.,Bank,Banking,Domestic Equities,284308.0,278772.0,1.9858522376709282,17.0855,15.586099999999998,9.620110226419698,1.05110469922746,1100,au-small-finance-bank,Mid Cap,Jan-2025
152636,5140,1,Fortis Healthcare Ltd.,Healthcare,Healthcare,Domestic Equities,264067.0,258925.0,1.985903253837984,16.9056,18.6387,-9.29839527434853,1.04003720132625,1100,fortis-healthcare,Mid Cap,Jan-2025
171465,6543,1,Aurobindo Pharma Ltd.,Healthcare,Healthcare,Domestic Equities,141744.0,138984.0,1.9858400967017786,16.611,18.5474,-10.440277343455152,1.02191332760922,1100,aurobindo-pharma,Mid Cap,Jan-2025
19255,6350,1,Mphasis Ltd.,IT,Information Technology,Domestic Equities,57367.0,56250.0,1.9857777777777776,16.4526,16.0155,2.7292310574131333,1.01216851567175,1100,mphasis,Mid Cap,Jan-2025
152369,6790,1,Bharat Forge Ltd.,Automobile & Ancillaries,Automobile & Ancillaries,Domestic Equities,132663.0,130080.0,1.9857011070110704,16.238599999999998,16.9039,-3.9357781340400857,0.999003176311783,1100,bharat-forge,Mid Cap,Jan-2025
599,7495,1,Sundaram Finance Ltd.,Finance,Finance,Domestic Equities,34881.0,34202.0,1.9852640196479736,16.1046,14.1723,13.634343049469742,0.990759459142459,1100,sundaram-finance,Mid Cap,Jan-2025
171659,5756,1,Ashok Leyland Ltd.,Automobile & Ancillaries,Automobile & Ancillaries,Domestic Equities,725945.0,711809.0,1.9859259998117471,15.740699999999999,15.6954,0.2886195955502869,0.968372230202781,1100,ashok-leyland,Mid Cap,Jan-2025
122,5767,1,The Phoenix Mills Ltd.,Realty,Realty,Domestic Equities,94503.0,92662.0,1.986790701690013,15.5155,15.140999999999998,2.473416551086457,0.954517863736127,1100,the-phoenix-mills,Mid Cap,Jan-2025
171635,7381,1,UPL Ltd.,Chemicals,Chemicals,Domestic Equities,256454.0,251460.0,1.9860017497812774,15.4834,12.598099999999999,22.90265992490931,0.952543062832132,1100,upl,Mid Cap,Jan-2025
134131,90516,1,Polycab India Ltd.,Electricals,Electricals,Domestic Equities,25497.0,25000.0,1.9879999999999998,15.395,18.180899999999998,-15.323223822803048,0.947104670311474,1100,polycab-india,Large Cap,Jan-2025
152379,5838,1,Voltas Ltd.,Consumer Durables,Consumer Durables,Domestic Equities,115757.0,113503.0,1.9858505942574205,14.5952,20.3165,-28.160854477887437,0.897900752460541,1100,voltas,Mid Cap,Jan-2025
152222,5634,1,Max Financial Services Ltd.,Finance,Finance,Domestic Equities,130738.0,128192.0,1.9860833749375937,14.5871,14.279300000000001,2.1555678499646325,0.897402438213738,1100,max-financial-services,Mid Cap,Jan-2025
152118,7308,1,PI Industries Ltd.,Chemicals,Chemicals,Domestic Equities,41154.0,40352.0,1.9875099127676445,14.337,14.872300000000001,-3.5993087820982614,0.882016216840247,1100,pi-industries,Mid Cap,Jan-2025
171321,7864,1,Page Industries Ltd.,Textile,Textile,Domestic Equities,3157.0,3096.0,1.970284237726098,14.119200000000001,14.7105,-4.01957785255429,0.868617100426227,1100,page-industries,Mid Cap,Jan-2025
152574,8059,1,Torrent Power Ltd.,Power,Power,Domestic Equities,96406.0,94529.0,1.9856340382316535,14.1085,14.046500000000002,0.44139109386678654,0.867958833458229,1100,torrent-power,Mid Cap,Jan-2025
587,7648,1,APL Apollo Tubes Ltd.,Iron & Steel,Iron & Steel,Domestic Equities,91763.0,89976.0,1.9860851782697606,13.8521,14.1105,-1.831260408915341,0.852185034337224,1100,apl-apollo-tubes,Mid Cap,Jan-2025
756,88308,1,Rail Vikas Nigam Ltd.,Infrastructure,Infrastructure,Domestic Equities,287746.0,282143.0,1.9858724122165001,13.7053,11.9262,14.917576428367804,0.843153857617398,1100,rail-vikas-nigam,Large Cap,Jan-2025
38931,15891,1,Alkem Laboratories Ltd.,Healthcare,Healthcare,Domestic Equities,26937.0,26413.0,1.9838715783894294,13.6383,14.880799999999999,-8.349685500779529,0.839031999032736,1100,alkem-laboratories,Mid Cap,Jan-2025
96004,7992,1,Jubilant FoodWorks Ltd.,FMCG,Fast Moving Consumer Goods,Domestic Equities,193460.0,189693.0,1.9858402787662168,13.6176,13.6219,-0.031566815201995585,0.837758529290908,1100,jubilant-foodworks,Mid Cap,Jan-2025
152795,99590,1,One97 Communications Ltd.,IT,Information Technology,Domestic Equities,172189.0,168836.0,1.9859508635599044,13.3576,17.185,-22.271748617980798,0.821763257171325,1100,one97-communications,Mid Cap,Jan-2025
152551,7908,1,GMR Airports Ltd.,Infrastructure,Aviation,Domestic Equities,1817372.0,1781982.0,1.9859908798180903,13.206800000000001,13.9993,-5.660997335581064,0.812485999341966,1100,gmr-airports,Mid Cap,Jan-2025
56674,5695,1,Supreme Industries Ltd.,Plastic Products,Plastic Products,Domestic Equities,32758.0,32120.0,1.9863013698630139,13.001,15.098199999999999,-13.89039753083149,0.799825126256542,1100,supreme-industries,Mid Cap,Jan-2025
1152,105806,1,Mankind Pharma Ltd.,Healthcare,Healthcare,Domestic Equities,52681.0,51655.0,1.9862549607975997,12.8299,14.878699999999998,-13.770020230262045,0.789299006796309,1100,mankind-pharma,Mid Cap,Jan-2025
171839,6306,1,Solar Industries India Ltd.,Chemicals,Chemicals,Domestic Equities,12345.0,12104.0,1.991077329808328,12.5853,11.841700000000001,6.279503787462939,0.774251146948424,1100,solar-industries-india,Mid Cap,Jan-2025
113892,8292,1,KEI Industries Ltd.,Electricals,Electricals,Domestic Equities,31239.0,30631.0,1.984917240703862,12.5693,13.5899,-7.509989035975242,0.773266822510296,1100,kei-industries,Mid Cap,Jan-2025
77293,6578,1,Muthoot Finance Ltd.,Finance,Finance,Domestic Equities,54335.0,53277.0,1.985847551476247,12.2732,11.380799999999999,7.841276535920147,0.755050668377186,1100,muthoot-finance,Mid Cap,Jan-2025
133642,6320,1,Petronet LNG Ltd.,Inds. Gases & Fuels,Industrials Gases & Fuels,Domestic Equities,379869.0,372472.0,1.9859210893704762,12.011500000000002,12.895,-6.851492826677,0.738950811786052,1100,petronet-lng,Mid Cap,Jan-2025
152616,7532,1,Vodafone Idea Ltd.,Telecom,Telecom,Domestic Equities,13156375.0,12900181.0,1.9859721348095813,11.906500000000001,10.2427,16.243763851328275,0.732491182660836,1100,vodafone-idea,Mid Cap,Jan-2025
77639,92991,1,SBI Cards And Payment Services Ltd.,Finance,Finance,Domestic Equities,151756.0,148801.0,1.9858737508484485,11.8097,9.8782,19.553157457836445,0.72653601981016,1100,sbi-cards-and-payment-services,Mid Cap,Jan-2025
152238,8313,1,MRF Ltd.,Automobile & Ancillaries,Automobile & Ancillaries,Domestic Equities,1027.0,1007.0,1.9860973187686197,11.6701,13.1549,-11.287048932337001,0.717947789087491,1100,mrf,Mid Cap,Jan-2025
191600,99819,1,FSN E-Commerce Ventures Ltd.,Retailing,Information Technology,Domestic Equities,690295.0,676853.0,1.9859555915390785,11.6591,11.084100000000001,5.187611082541658,0.717271066036278,1100,fsn-e-commerce-ventures,Mid Cap,Jan-2025
123299,91366,1,KPIT Technologies Ltd.,IT,Information Technology,Domestic Equities,82639.0,81030.0,1.9856843144514378,11.6455,11.8685,-1.8789232000674017,0.716434390263869,1100,kpit-technologies,Mid Cap,Jan-2025
153260,8051,1,Prestige Estates Projects Ltd.,Realty,Realty,Domestic Equities,85485.0,83821.0,1.9851827107765359,11.6217,14.199300000000001,-18.15300754262534,0.714970207662154,1100,prestige-estates-projects,Mid Cap,Jan-2025
677,6026,1,Oil India Ltd.,Crude Oil,Crude Oil,Domestic Equities,276382.0,271000.0,1.9859778597785978,11.6205,11.6733,-0.45231425560895144,0.714896383329294,1100,oil-india,Mid Cap,Jan-2025
19275,7232,1,NMDC Ltd.,Mining,Mining,Domestic Equities,1751439.0,1717333.0,1.9859864103234492,11.577,11.320699999999999,2.2639942759723435,0.712220251263133,1100,nmdc,Mid Cap,Jan-2025
1427,98308,1,Sona BLW Precision Forgings Ltd.,Automobile & Ancillaries,Automobile & Ancillaries,Domestic Equities,227069.0,222648.0,1.9856455032158387,11.451099999999999,13.2431,-13.53157493336153,0.704474848340612,1100,sona-blw-precision-forgings,Mid Cap,Jan-2025
79,7951,1,Balkrishna Industries Ltd.,Automobile & Ancillaries,Automobile & Ancillaries,Domestic Equities,40731.0,39938.0,1.985577645350293,11.2876,11.6224,-2.880644273127755,0.694416282988489,1100,balkrishna-industries,Mid Cap,Jan-2025
152323,7533,1,Tata Elxsi Ltd.,IT,Information Technology,Domestic Equities,17569.0,17227.0,1.985255703256516,11.1317,11.7084,-4.9255235557377475,0.684825271744478,1100,tata-elxsi,Mid Cap,Jan-2025
171698,8307,1,Oracle Financial Services Software Ltd.,IT,Information Technology,Domestic Equities,11967.0,11734.0,1.9856826316686553,10.916400000000001,15.007100000000001,-27.258431009322248,0.671579956023915,1100,oracle-financial-services-software,Mid Cap,Jan-2025
75891,5355,1,Container Corporation Of India Ltd.,Logistics,Logistics,Domestic Equities,139689.0,136968.0,1.986595409146662,10.8971,10.793099999999999,0.9635785826129741,0.670392614670423,1100,container-corporation-of-india,Mid Cap,Jan-2025
153691,5278,1,Oberoi Realty Ltd.,Realty,Realty,Domestic Equities,59645.0,58484.0,1.9851583339032899,10.8116,13.5186,-20.024262867456677,0.665132630954176,1100,oberoi-realty,Mid Cap,Jan-2025
133630,5815,1,Jindal Stainless Ltd.,Iron & Steel,Iron & Steel,Domestic Equities,165339.0,162119.0,1.9861953256558453,10.8016,11.3354,-4.709141274238217,0.664517428180345,1100,jindal-stainless,Mid Cap,Jan-2025
19182,5589,1,Coromandel International Ltd.,Chemicals,Chemicals,Domestic Equities,59607.0,58446.0,1.9864490298737296,10.7862,10.9876,-1.8329753540354672,0.663570015908647,1100,coromandel-international,Mid Cap,Jan-2025
171336,8097,1,JK Cement Ltd.,Construction Materials,Construction Materials,Domestic Equities,21208.0,20795.0,1.9860543399855732,10.253699999999998,9.5561,7.300049183244198,0.630810468202193,1100,jk-cement,Mid Cap,Jan-2025
152296,7356,1,Patanjali Foods Ltd.,FMCG,Fast Moving Consumer Goods,Domestic Equities,55618.0,54535.0,1.985880627120198,10.1481,9.7179,4.426882351125242,0.624313926910547,1100,patanjali-foods,Mid Cap,Jan-2025
152608,7159,1,Indian Bank,Bank,Banking,Domestic Equities,179073.0,175586.0,1.9859214288155094,9.952,9.3052,6.950952155783869,0.612249800515738,1100,indian-bank,Mid Cap,Jan-2025
352,7184,1,Ipca Laboratories Ltd.,Healthcare,Healthcare,Domestic Equities,68823.0,67483.0,1.98568528370108,9.933200000000001,11.4397,-13.169051635969472,0.611093219300938,1100,ipca-laboratories,Mid Cap,Jan-2025
171444,98250,1,Kalyan Jewellers India Ltd.,Diamond  &  Jewellery,Diamond & Jewellery,Domestic Equities,194356.0,190572.0,1.9856012425749847,9.7781,14.6026,-33.0386369550628,0.601551424278832,1100,kalyan-jewellers-india,Mid Cap,Jan-2025
171509,5522,1,Tata Communications Ltd.,Telecom,Telecom,Domestic Equities,59516.0,58357.0,1.9860513734427747,9.719,9.9405,-2.2282581359086544,0.597915575885496,1100,tata-communications,Mid Cap,Jan-2025
171434,4916,1,Astral Ltd.,Plastic Products,Plastic Products,Domestic Equities,62649.0,61429.0,1.9860326555861236,9.4431,10.1496,-6.960865452825736,0.580942131355523,1100,astral,Mid Cap,Jan-2025
152207,5372,1,LIC Housing Finance Ltd.,Finance,Finance,Domestic Equities,152405.0,149437.0,1.986121241727283,9.1153,8.937100000000001,1.9939353929126828,0.560775784429372,1100,lic-housing-finance,Mid Cap,Jan-2025
171886,6139,1,Exide Industries Ltd.,Automobile & Ancillaries,Automobile & Ancillaries,Domestic Equities,230638.0,226147.0,1.9858764431984506,8.6374,9.4202,-8.309802339653082,0.53137524386803,1100,exide-industries,Mid Cap,Jan-2025
171840,6541,1,UNO Minda Ltd.,Automobile & Ancillaries,Automobile & Ancillaries,Domestic Equities,90603.0,88839.0,1.9856144260966466,8.5674,9.3565,-8.433709186127288,0.527068824451219,1100,uno-minda,Mid Cap,Jan-2025
152519,8782,1,Mahindra & Mahindra Financial Services Ltd.,Finance,Finance,Domestic Equities,299866.0,294027.0,1.9858720457645047,8.5447,7.7902,9.685245564940573,0.525672314154625,1100,mahindra-mahindra-financial-services,Mid Cap,Jan-2025
46521,101004,1,Delhivery Ltd.,Logistics,Logistics,Domestic Equities,258312.0,253282.0,1.985928727663237,8.293099999999999,8.7674,-5.409813627757381,0.510193812365059,1100,delhivery,Small Cap,Jan-2025
133643,6434,1,Biocon Ltd.,Healthcare,Healthcare,Domestic Equities,228129.0,223687.0,1.9858105298922155,8.270800000000001,8.1724,1.2040526650677932,0.508821910179418,1100,biocon,Mid Cap,Jan-2025
171333,7587,1,United Breweries Ltd.,Alcohol,Alcohol,Domestic Equities,38154.0,37411.0,1.9860468846061317,8.1878,7.6206,7.442983492113486,0.503715727156628,1100,united-breweries,Mid Cap,Jan-2025
19183,6082,1,Deepak Nitrite Ltd.,Chemicals,Chemicals,Domestic Equities,34830.0,34152.0,1.9852424455375965,8.1001,8.5185,-4.911662851440985,0.498320398830138,1100,deepak-nitrite,Mid Cap,Jan-2025
133351,5368,1,Steel Authority Of India Ltd.,Iron & Steel,Iron & Steel,Domestic Equities,732560.0,718295.0,1.985952846671632,7.8699,8.126100000000001,-3.152803928083583,0.484158430976568,1100,steel-authority-of-india,Mid Cap,Jan-2025
152397,5267,1,Tata Chemicals Ltd.,Chemicals,Chemicals,Domestic Equities,79370.0,77824.0,1.986533717105263,7.8267,8.188600000000001,-4.419558898957093,0.481500754993622,1100,tata-chemicals,Small Cap,Jan-2025
134830,88309,1,Mazagon Dock Shipbuilders Ltd.,Ship Building,Ship Building,Domestic Equities,31098.0,30492.0,1.9874065328610784,7.7698,6.792999999999999,14.379508317385554,0.478000251210529,1100,mazagon-dock-shipbuilders,Mid Cap,Jan-2025
75659,6055,1,Lloyds Metals & Energy Ltd.,Iron & Steel,Iron & Steel,Domestic Equities,61514.0,60316.0,1.9862059818290336,7.6222,7.43,2.586810228802157,0.468919858268796,1100,lloyds-metals-energy,Mid Cap,Jan-2025
152325,5528,1,Thermax Ltd.,Capital Goods,Capital Goods,Domestic Equities,19630.0,19247.0,1.9899205070920145,7.584199999999999,7.7753,-2.457782979434879,0.466582087728242,1100,thermax,Mid Cap,Jan-2025
44430,82482,1,L&T Technology Services Ltd.,IT,Information Technology,Domestic Equities,13915.0,13644.0,1.9862210495455879,7.5828,6.4637,17.31361294614539,0.466495959339905,1100,lt-technology-services,Mid Cap,Jan-2025
47051,90577,1,Dalmia Bharat Ltd.,Construction Materials,Construction Materials,Domestic Equities,40508.0,39719.0,1.9864548452881492,7.5602,7.019299999999999,7.705896599376011,0.465105601071049,1100,dalmia-bharat,Mid Cap,Jan-2025
173672,92657,1,Gujarat Fluorochemicals Ltd.,Chemicals,Chemicals,Domestic Equities,20698.0,20295.0,1.9857107661985711,7.4048,8.4541,-12.411729220141702,0.455545349965729,1100,gujarat-fluorochemicals,Mid Cap,Jan-2025
171565,6678,1,Apollo Tyres Ltd.,Automobile & Ancillaries,Automobile & Ancillaries,Domestic Equities,168667.0,165383.0,1.9856938137535296,7.375800000000001,8.7554,-15.757132740937013,0.453761261921622,1100,apollo-tyres,Small Cap,Jan-2025
152486,5772,1,AIA Engineering Ltd.,Automobile & Ancillaries,Automobile & Ancillaries,Domestic Equities,19677.0,19294.0,1.985073079713901,7.2423,6.5651,10.315151330520484,0.44554830489099,1100,aia-engineering,Mid Cap,Jan-2025
133635,5732,1,Indraprastha Gas Ltd.,Gas Transmission,Gas Transmission,Domestic Equities,355468.0,174273.0,103.9719290997458,7.1733,7.2437000000000005,-0.9718790121070674,0.441303405751562,1100,indraprastha-gas,Mid Cap,Jan-2025
19098,6973,1,Schaeffler India Ltd.,Automobile & Ancillaries,Automobile & Ancillaries,Domestic Equities,20412.0,20015.0,1.9835123657257057,6.9927,6.8167,2.581894465063744,0.43019284365619,1100,schaeffler-india,Mid Cap,Jan-2025
171410,5631,1,Procter & Gamble Hygiene and Health Care Ltd.,FMCG,Fast Moving Consumer Goods,Domestic Equities,4798.0,4705.0,1.9766206163655684,6.9574,6.922899999999999,0.4983460688439882,0.42802117786457,1100,procter-gamble-hygiene-and-health-care,Mid Cap,Jan-2025
114414,5238,1,Bank Of India,Bank,Banking,Domestic Equities,615774.0,603783.0,1.9859784061492292,6.9287,6.1525,12.61600975213328,0.426255545903677,1100,bank-of-india,Mid Cap,Jan-2025
152324,4941,1,ACC Ltd.,Construction Materials,Construction Materials,Domestic Equities,34480.0,33809.0,1.9846786358661894,6.9224,6.939299999999999,-0.24354041473923033,0.425867968156164,1100,acc,Mid Cap,Jan-2025
152367,6359,1,Abbott India Ltd.,Healthcare,Healthcare,Domestic Equities,2643.0,2591.0,2.0069471246622927,6.9176,7.705900000000001,-10.229823901166643,0.425572670824726,1100,abbott-india,Mid Cap,Jan-2025
114654,92672,1,Indian Renewable Energy Development Agency Ltd.,Finance,Finance,Domestic Equities,341427.0,334779.0,1.9857876390096154,6.9006,7.2061,-4.239463787624383,0.424526826109214,1100,indian-renewable-energy-development-agency,Mid Cap,Jan-2025
177212,94646,1,Hitachi Energy India Ltd.,Capital Goods,Capital Goods,Domestic Equities,5331.0,5227.0,1.9896690262100631,6.8576,7.5333000000000006,-8.969508714640337,0.421881454181745,1100,hitachi-energy-india,Mid Cap,Jan-2025
19805,15724,1,Syngene International Ltd.,Business Services,Healthcare,Domestic Equities,91636.0,89851.0,1.9866222969137795,6.8420000000000005,7.7133,-11.296073016737322,0.42092173785457,1100,syngene-international,Mid Cap,Jan-2025
171433,6783,1,Berger Paints India Ltd.,Chemicals,Chemicals,Domestic Equities,144308.0,141498.0,1.9858937935518524,6.8222000000000005,6.346900000000001,7.488695268556299,0.419703636362386,1100,berger-paints-india,Mid Cap,Jan-2025
133407,5997,1,Hindustan Zinc Ltd.,Non - Ferrous Metals,Non - Ferrous Metals,Domestic Equities,151108.0,148166.0,1.985610733906564,6.8021,6.5786,3.397379381631353,0.418467078786988,1100,hindustan-zinc,Large Cap,Jan-2025
133333,4917,1,CRISIL Ltd.,Ratings,Ratings,Domestic Equities,12353.0,12112.0,1.9897622192866578,6.711799999999999,8.058200000000001,-16.708446054950247,0.412911797739302,1100,crisil,Mid Cap,Jan-2025
171646,5397,1,Carborundum Universal Ltd.,Abrasives,Abrasives,Domestic Equities,56493.0,55393.0,1.9858104814687776,6.704,7.0884,-5.422944529089787,0.412431939575714,1100,carborundum-universal,Small Cap,Jan-2025
152079,6815,1,Linde India Ltd.,Inds. Gases & Fuels,Industrials Gases & Fuels,Domestic Equities,10662.0,10454.0,1.9896690262100631,6.682799999999999,6.2683,6.612638195363962,0.411127709695194,1100,linde-india,Mid Cap,Jan-2025
134823,84770,1,Cochin Shipyard Ltd.,Ship Building,Ship Building,Domestic Equities,42891.0,42056.0,1.9854479741297317,6.5722000000000005,6.4714,1.5576227709614676,0.404323567016633,1100,cochin-shipyard,Mid Cap,Jan-2025
79346,86555,1,Aditya Birla Capital Ltd.,Finance,Finance,Domestic Equities,360718.0,353694.0,1.9858974141489536,6.4709,6.2894000000000005,2.885807867205135,0.398091562917734,1100,aditya-birla-capital,Mid Cap,Jan-2025
57541,86814,1,General Insurance Corporation of India,Insurance,Finance,Domestic Equities,156696.0,153644.0,1.986410142927807,6.4473,6.8256,-5.542369901547106,0.396639684371495,1100,general-insurance-corporation-of-india,Mid Cap,Jan-2025
83342,79963,1,Bandhan Bank Ltd.,Bank,Banking,Domestic Equities,421558.0,413349.0,1.9859731123094526,6.3815,6.5747,-2.9385371195643986,0.392591650119693,1100,bandhan-bank,Small Cap,Jan-2025
171580,109023,1,Tata Technologies Ltd.,IT,Information Technology,Domestic Equities,78148.0,76626.0,1.9862709785190404,6.1549000000000005,6.8301,-9.885653211519594,0.378651155264702,1100,tata-technologies,Mid Cap,Jan-2025
97743,96921,1,Gland Pharma Ltd.,Healthcare,Healthcare,Domestic Equities,40326.0,39540.0,1.9878603945371776,6.1487,7.0355,-12.60464785729514,0.378269729544928,1100,gland-pharma,Small Cap,Jan-2025
152370,5063,1,Escorts Kubota Ltd.,Automobile & Ancillaries,Automobile & Ancillaries,Domestic Equities,16826.0,16498.0,1.988119772093587,6.096799999999999,5.497999999999999,10.891233175700254,0.375076827148749,1100,escorts-kubota,Mid Cap,Jan-2025
57781,87827,1,Bharat Dynamics Ltd.,Capital Goods,Capital Goods,Domestic Equities,46704.0,45795.0,1.9849328529315429,6.0949,5.1421,18.529394605316888,0.374959938621722,1100,bharat-dynamics,Mid Cap,Jan-2025
1704,6920,1,L&T Finance Ltd.,Finance,Finance,Domestic Equities,407943.0,399999.0,1.9860049650124125,5.9342999999999995,5.4252,9.383985843839852,0.36507978207401,1100,lt-finance,Mid Cap,Jan-2025
95549,7450,1,Aditya Birla Fashion and Retail Ltd.,Retailing,Retailing,Domestic Equities,215938.0,198992.0,8.515920237999518,5.9135,5.5708,6.151719681194797,0.363800160304443,1100,aditya-birla-fashion-and-retail,Mid Cap,Jan-2025
171948,7104,1,Emami Ltd.,FMCG,Fast Moving Consumer Goods,Domestic Equities,99927.0,97981.0,1.986099345791531,5.8922,5.8862,0.10193333559852243,0.362489778396185,1100,emami,Small Cap,Jan-2025
152318,6472,1,Sundram Fasteners Ltd.,Automobile & Ancillaries,Automobile & Ancillaries,Domestic Equities,56048.0,54957.0,1.9851884200374839,5.8525,5.821000000000001,0.5411441333104238,0.360047423384079,1100,sundram-fasteners,Small Cap,Jan-2025
115032,83788,1,Housing & Urban Development Corporation Ltd.,Finance,Finance,Domestic Equities,254316.0,249364.0,1.9858520075070982,5.8416,5.852799999999999,-0.19136139967195268,0.359376852360604,1100,housing-urban-development-corporation,Mid Cap,Jan-2025
645,8087,1,IRB Infrastructure Developers Ltd.,Infrastructure,Infrastructure,Domestic Equities,1005486.0,985906.0,1.9859905508233036,5.763400000000001,5.6433,2.128187408076833,0.354565966669253,1100,irb-infrastructure-developers,Mid Cap,Jan-2025
133495,5019,1,Ajanta Pharma Ltd.,Healthcare,Healthcare,Domestic Equities,21336.0,20921.0,1.9836527890636204,5.7489,6.1345,-6.285760860705854,0.353673922647199,1100,ajanta-pharma,Mid Cap,Jan-2025
133170,6243,1,Timken India Ltd.,Automobile & Ancillaries,Automobile & Ancillaries,Domestic Equities,18209.0,17854.0,1.9883499495911279,5.2038,5.5737,-6.636525108994028,0.320139219445719,1100,timken-india,Small Cap,Jan-2025
76174,111823,1,Bharti Hexacom Ltd.,Telecom,Telecom,Domestic Equities,38111.0,37369.0,1.985603039952902,5.1637,5.444299999999999,-5.154014290175036,0.31767225632266,1100,bharti-hexacom,Mid Cap,Jan-2025
58178,99657,1,Star Health and Allied Insurance Company Ltd.,Insurance,Finance,Domestic Equities,111457.0,109286.0,1.986530754167963,4.8289,5.190499999999999,-6.966573547827756,0.297075267454828,1100,star-health-and-allied-insurance-company,Small Cap,Jan-2025
196533,104025,1,Motherson Sumi Wiring India Ltd.,Iron & Steel,Iron & Steel,Domestic Equities,859325.0,842591.0,1.986016940603448,4.8233999999999995,4.9072000000000005,-1.7076948157809038,0.296736905929221,1100,motherson-sumi-wiring-india,Small Cap,Jan-2025
152363,7424,1,SKF India Ltd.,Automobile & Ancillaries,Automobile & Ancillaries,Domestic Equities,11801.0,11571.0,1.9877279405410078,4.7721,5.181799999999999,-7.906518970241996,0.293580915699473,1100,skf-india,Small Cap,Jan-2025
509,8487,1,K.P.R. Mill Ltd.,Textile,Textile,Domestic Equities,50891.0,49900.0,1.9859719438877754,4.743,4.9611,-4.396202455100684,0.291790675627627,1100,kpr-mill,Small Cap,Jan-2025
171405,6966,1,Poonawalla Fincorp Ltd.,Finance,Finance,Domestic Equities,147857.0,144978.0,1.9858185379850735,4.5895,4.5574,0.7043489709044586,0.282347313049335,1100,poonawalla-fincorp,Small Cap,Jan-2025
19128,7053,1,Grindwell Norton Ltd.,Abrasives,Abrasives,Domestic Equities,23438.0,22981.0,1.9885992776641572,4.5176,4.4121,2.3911516058112943,0.277924005105496,1100,grindwell-norton,Small Cap,Jan-2025
113787,7539,1,Honeywell Automation India Ltd.,Consumer Durables,Consumer Durables,Domestic Equities,1116.0,1094.0,2.010968921389397,4.5167,4.59,-1.5969498910675346,0.277868636855852,1100,honeywell-automation-india,Mid Cap,Jan-2025
102429,100653,1,Global Health Ltd.,Healthcare,Healthcare,Domestic Equities,42121.0,41300.0,1.9878934624697338,4.3789,4.4542,-1.6905392663104553,0.269391142632472,1100,global-health,Small Cap,Jan-2025
152064,6806,1,3M India Ltd.,Diversified,Diversified,Domestic Equities,1431.0,1403.0,1.9957234497505347,4.2776,4.2642,0.3142441724121699,0.263159138533573,1100,3m-india,Mid Cap,Jan-2025
137768,15760,1,Gujarat Gas Ltd.,Gas Transmission,Gas Transmission,Domestic Equities,87399.0,85698.0,1.9848771266540641,4.2476,4.2738,-0.6130375777996173,0.261313530212083,1100,gujarat-gas,Mid Cap,Jan-2025
152386,5556,1,Glaxosmithkline Pharmaceuticals Ltd.,Healthcare,Healthcare,Domestic Equities,20979.0,20570.0,1.9883325230918811,4.1479,4.632099999999999,-10.453142203320299,0.255179958556997,1100,glaxosmithkline-pharmaceuticals,Mid Cap,Jan-2025
133645,6755,1,Bank Of Maharashtra,Bank,Banking,Domestic Equities,797247.0,781723.0,1.9858696750639293,4.0891,4.0798000000000005,0.2279523506054235,0.251562566246875,1100,bank-of-maharashtra,Mid Cap,Jan-2025
13,7543,1,Tata Investment Corporation Ltd.,Finance,Finance,Domestic Equities,6717.0,6586.0,1.989067719404798,4.0472,4.5108999999999995,-10.279545101864363,0.248984866624527,1100,tata-investment-corporation,Mid Cap,Jan-2025
78882,109773,1,JSW Infrastructure Ltd.,Logistics,Logistics,Domestic Equities,137030.0,134362.0,1.9856804751343387,3.7683,4.2726999999999995,-11.805181735202565,0.231826861262405,1100,jsw-infrastructure,Mid Cap,Jan-2025
171853,7249,1,NLC India Ltd.,Power,Power,Domestic Equities,165328.0,162109.0,1.9857009789709394,3.6689999999999996,4.0333,-9.032306052116134,0.225717897718272,1100,nlc-india,Mid Cap,Jan-2025
171394,82477,1,Endurance Technologies Ltd.,Automobile & Ancillaries,Automobile & Ancillaries,Domestic Equities,17869.0,17521.0,1.9861880029678671,3.5549,3.7670999999999997,-5.6329802766053385,0.21869843406887,1100,endurance-technologies,Mid Cap,Jan-2025
1840,4901,1,SJVN Ltd.,Power,Power,Domestic Equities,362469.0,355411.0,1.9858698802231782,3.5343999999999998,3.7108,-4.753691926269265,0.217437268382519,1100,sjvn,Mid Cap,Jan-2025
19510,6302,1,ZF Commercial Vehicle Control Systems India Ltd.,Automobile & Ancillaries,Automobile & Ancillaries,Domestic Equities,3107.0,3047.0,1.9691499835904167,3.4282999999999997,3.6698000000000004,-6.580740094828065,0.210909966952181,1100,zf-commercial-vehicle-control-systems-india,Small Cap,Jan-2025
19174,6780,1,Bayer CropScience Ltd.,Chemicals,Chemicals,Domestic Equities,6462.0,6336.0,1.9886363636363635,3.3059,3.5170999999999997,-6.004947257683889,0.2033798850005,1100,bayer-cropscience,Small Cap,Jan-2025
555,5663,1,The Fertilisers And Chemicals Travancore Ltd.,Chemicals,Chemicals,Domestic Equities,31567.0,30953.0,1.9836526346396148,2.9072000000000005,3.0362,-4.24873196759106,0.178851750407893,1100,the-fertilisers-and-chemicals-travancore,Mid Cap,Jan-2025
133387,5868,1,Godrej Industries Ltd.,Chemicals,Chemicals,Domestic Equities,32353.0,31723.0,1.9859408000504366,2.8812,3.6995,-22.11920529801324,0.177252223195935,1100,godrej-industries,Mid Cap,Jan-2025
152532,6617,1,Sun TV Network Ltd.,Media & Entertainment,Media & Entertainment,Domestic Equities,43059.0,42221.0,1.9847942966770091,2.6647000000000003,2.8851999999999998,-7.642451129904323,0.163933083142513,1100,sun-tv-network,Small Cap,Jan-2025
133353,4920,1,IDBI Bank Ltd.,Bank,Banking,Domestic Equities,284529.0,278988.0,1.9861069293302935,2.3081,2.134,8.158388003748826,0.141994952227731,1100,idbi-bank,Mid Cap,Jan-2025
133909,100034,1,Metro Brands Ltd.,Retailing,Retailing,Domestic Equities,18808.0,18442.0,1.9846003687235658,2.2285,2.2441,-0.6951561873356813,0.137097938148043,1100,metro-brands,Mid Cap,Jan-2025
58164,86911,1,The New India Assurance Company Ltd.,Insurance,Finance,Domestic Equities,121956.0,119581.0,1.9861014709694684,2.2178,2.4218,-8.423486662812786,0.136439671180045,1100,the-new-india-assurance-company,Mid Cap,Jan-2025
57345,99844,1,AWL Agri Business Ltd.,FMCG,Fast Moving Consumer Goods,Domestic Equities,80100.0,78540.0,1.9862490450725745,2.1359,2.4194,-11.717781268082994,0.131401160462376,1100,awl-agri-business,Mid Cap,Jan-2025
133551,7167,1,Indian Overseas Bank,Bank,Banking,Domestic Equities,347614.0,340845.0,1.9859466913112997,1.7728,1.7641999999999998,0.48747307561501746,0.109063147744604,1100,indian-overseas-bank,Large Cap,Jan-2025
171883,5324,1,Mangalore Refinery And Petrochemicals Ltd.,Crude Oil,Crude Oil,Domestic Equities,92862.0,91054.0,1.9856348979726317,1.2026000000000001,1.3513,-11.004218160290085,0.0739842855808106,1100,mangalore-refinery-and-petrochemicals,Small Cap,Jan-2025
77009,96064,1,Max Healthcare Institute Ltd.,Healthcare,Healthcare,Domestic Equities,367049.0,376617.0,-2.540511979013162,35.9011,39.9685,-10.176514004778758,2.53428145113423,1100,max-healthcare-institute,Mid Cap,Feb-2025
152406,5107,1,The Indian Hotels Company Ltd.,Hospitality,Hospitality,Domestic Equities,434800.0,446135.0,-2.540710771403275,31.136,34.1159,-8.73463692882205,2.19791001564062,1100,the-indian-hotels-company,Mid Cap,Feb-2025
76200,82667,1,BSE Ltd.,Finance,Finance,Domestic Equities,67038.0,68787.0,-2.542631601901522,31.0634,36.498000000000005,-14.890130966080333,2.19278513552964,1100,bse,Mid Cap,Feb-2025
152473,5056,1,Suzlon Energy Ltd.,Capital Goods,Capital Goods,Domestic Equities,5861366.0,6001453.0,-2.3342180635256162,29.1369,34.9105,-16.53829077211727,2.05679227693728,1100,suzlon-energy,Mid Cap,Feb-2025
95548,5980,1,Persistent Systems Ltd.,IT,Information Technology,Domestic Equities,52126.0,53486.0,-2.5427214598212613,27.647100000000002,32.266,-14.315068493150681,1.95162634870946,1100,persistent-systems,Mid Cap,Feb-2025
57445,86554,1,Dixon Technologies (India) Ltd.,Consumer Durables,Consumer Durables,Domestic Equities,18867.0,19358.0,-2.5364190515549128,26.292800000000003,29.0098,-9.365800522582017,1.85602545154277,1100,dixon-technologies-india,Mid Cap,Feb-2025
133657,7260,1,Coforge Ltd.,IT,Information Technology,Domestic Equities,32916.0,33774.0,-2.5404157043879905,24.2333,27.910300000000003,-13.17434782141361,1.71064403847713,1100,coforge,Mid Cap,Feb-2025
157113,99763,1,PB Fintech Ltd.,IT,Information Technology,Domestic Equities,163332.0,167590.0,-2.540724386896593,23.9053,28.9394,-17.395315728729685,1.68749031015203,1100,pb-fintech,Mid Cap,Feb-2025
152211,6247,1,Lupin Ltd.,Healthcare,Healthcare,Domestic Equities,119217.0,122326.0,-2.541569249382797,22.7067,25.449299999999997,-10.776720774245256,1.60288037487625,1100,lupin,Mid Cap,Feb-2025
171685,5596,1,The Federal Bank Ltd.,Bank,Banking,Domestic Equities,1210211.0,1241762.0,-2.5408250534321395,21.4958,23.247,-7.533015012689806,1.51740217478827,1100,the-federal-bank,Mid Cap,Feb-2025
165,7447,1,SRF Ltd.,Chemicals,Chemicals,Domestic Equities,71703.0,73572.0,-2.540368618496167,20.0439,20.672600000000003,-3.0412236486944124,1.41491163163216,1100,srf,Mid Cap,Feb-2025
38803,5403,1,Indus Towers Ltd.,Telecom,Telecom,Domestic Equities,613829.0,629832.0,-2.5408362865017975,19.8482,21.867800000000003,-9.235496940707351,1.40109704433576,1100,indus-towers,Large Cap,Feb-2025
171877,6125,1,Cummins India Ltd.,Automobile & Ancillaries,Automobile & Ancillaries,Domestic Equities,66968.0,68714.0,-2.540966906307303,18.2016,20.0236,-9.09926286981361,1.28486250451838,1100,cummins-india,Large Cap,Feb-2025
114530,88033,1,HDFC Asset Management Company Ltd.,Finance,Finance,Domestic Equities,50062.0,51368.0,-2.5424388724497744,18.164,19.8789,-8.626734879696563,1.28220829663721,1100,hdfc-asset-management-company,Mid Cap,Feb-2025
133334,5159,1,CG Power and Industrial Solutions Ltd.,Capital Goods,Capital Goods,Domestic Equities,316244.0,324489.0,-2.540918182126359,18.1081,20.6002,-12.097455364511026,1.27826228013303,1100,cg-power-and-industrial-solutions,Large Cap,Feb-2025
7737,15826,1,IDFC First Bank Ltd.,Bank,Banking,Domestic Equities,3060909.0,3140707.0,-2.5407655027992107,17.8726,19.861800000000002,-10.015205067013063,1.26163818555815,1100,idfc-first-bank,Mid Cap,Feb-2025
171820,5969,1,Colgate-Palmolive (India) Ltd.,FMCG,Fast Moving Consumer Goods,Domestic Equities,65456.0,67164.0,-2.5430290036328986,16.1323,18.950699999999998,-14.872273847404049,1.13878930322839,1100,colgate-palmolive-india,Mid Cap,Feb-2025
171635,7381,1,UPL Ltd.,Chemicals,Chemicals,Domestic Equities,249937.0,256454.0,-2.541196471881897,15.8198,15.4834,2.1726494180864737,1.11672972974793,1100,upl,Mid Cap,Feb-2025
152636,5140,1,Fortis Healthcare Ltd.,Healthcare,Healthcare,Domestic Equities,257357.0,264067.0,-2.541021786137609,15.7683,16.9056,-6.727356615559342,1.11309431203835,1100,fortis-healthcare,Mid Cap,Feb-2025
141614,85778,1,AU Small Finance Bank Ltd.,Bank,Banking,Domestic Equities,277084.0,284308.0,-2.5409063410104538,15.6746,17.0855,-8.257879488455117,1.10647996952597,1100,au-small-finance-bank,Mid Cap,Feb-2025
171327,5699,1,Marico Ltd.,FMCG,Fast Moving Consumer Goods,Domestic Equities,260610.0,267405.0,-2.541089358837718,15.6522,17.9335,-12.720885493629236,1.10489873929889,1100,marico,Mid Cap,Feb-2025
152455,7030,1,Yes Bank Ltd.,Bank,Banking,Domestic Equities,9311659.0,9554416.0,-2.5407832357309963,15.597000000000001,18.3731,-15.109589563002428,1.1010021362393,1100,yes-bank,Mid Cap,Feb-2025
599,7495,1,Sundaram Finance Ltd.,Finance,Finance,Domestic Equities,33995.0,34881.0,-2.540064791720421,15.426099999999998,16.1046,-4.213081976578129,1.0889381966943,1100,sundaram-finance,Mid Cap,Feb-2025
171659,5756,1,Ashok Leyland Ltd.,Automobile & Ancillaries,Automobile & Ancillaries,Domestic Equities,707501.0,725945.0,-2.540688344158304,15.0655,15.740699999999999,-4.289516984632194,1.06348321366373,1100,ashok-leyland,Mid Cap,Feb-2025
152379,5838,1,Voltas Ltd.,Consumer Durables,Consumer Durables,Domestic Equities,112816.0,115757.0,-2.5406670870876056,14.8928,14.5952,2.039026529269896,1.05129221097548,1100,voltas,Mid Cap,Feb-2025
171465,6543,1,Aurobindo Pharma Ltd.,Healthcare,Healthcare,Domestic Equities,138143.0,141744.0,-2.5404955412574783,14.6197,16.611,-11.98783938354102,1.03201390851944,1100,aurobindo-pharma,Mid Cap,Feb-2025
171946,6864,1,Godrej Properties Ltd.,Realty,Realty,Domestic Equities,74515.0,76457.0,-2.5399897981872166,14.4283,17.810299999999998,-18.989011976216013,1.01850286095412,1100,godrej-properties,Mid Cap,Feb-2025
122,5767,1,The Phoenix Mills Ltd.,Realty,Realty,Domestic Equities,92100.0,94503.0,-2.542776419796197,14.258,15.5155,-8.104798427379073,1.00648127579021,1100,the-phoenix-mills,Mid Cap,Feb-2025
171365,5279,1,Hindustan Petroleum Corporation Ltd.,Crude Oil,Crude Oil,Domestic Equities,474449.0,486817.0,-2.540585065846098,13.936900000000001,17.4402,-20.08749899657114,0.983814622847564,1100,hindustan-petroleum-corporation,Mid Cap,Feb-2025
152369,6790,1,Bharat Forge Ltd.,Automobile & Ancillaries,Automobile & Ancillaries,Domestic Equities,129290.0,132663.0,-2.5425325825588145,13.1423,16.238599999999998,-19.067530452132566,0.927723304167322,1100,bharat-forge,Mid Cap,Feb-2025
101370,86936,1,Tube Investments of India Ltd.,Automobile & Ancillaries,Automobile & Ancillaries,Domestic Equities,52720.0,54094.0,-2.5400229230598588,12.9805,17.9706,-27.768132394021343,0.916301739402077,1100,tube-investments-of-india,Mid Cap,Feb-2025
587,7648,1,APL Apollo Tubes Ltd.,Iron & Steel,Iron & Steel,Domestic Equities,89431.0,91763.0,-2.541329293942003,12.868699999999999,13.8521,-7.099284585008782,0.908409706393707,1100,apl-apollo-tubes,Mid Cap,Feb-2025
152222,5634,1,Max Financial Services Ltd.,Finance,Finance,Domestic Equities,127416.0,130738.0,-2.540959782159739,12.7174,14.5871,-12.817489425588363,0.897729343297406,1100,max-financial-services,Mid Cap,Feb-2025
19255,6350,1,Mphasis Ltd.,IT,Information Technology,Domestic Equities,55909.0,57367.0,-2.54153084525947,12.564200000000001,16.4526,-23.633954511748897,0.886914857994344,1100,mphasis,Mid Cap,Feb-2025
171321,7864,1,Page Industries Ltd.,Textile,Textile,Domestic Equities,3077.0,3157.0,-2.5340513145391195,12.466800000000001,14.119200000000001,-11.703212646608874,0.880039330131953,1100,page-industries,Mid Cap,Feb-2025
77639,92991,1,SBI Cards And Payment Services Ltd.,Finance,Finance,Domestic Equities,147899.0,151756.0,-2.5415799045836738,12.4058,11.8097,5.047545661617137,0.875733301388567,1100,sbi-cards-and-payment-services,Mid Cap,Feb-2025
152551,7908,1,GMR Airports Ltd.,Infrastructure,Aviation,Domestic Equities,1771197.0,1817372.0,-2.540756653013252,12.3045,13.206800000000001,-6.832086500893481,0.86858247004914,1100,gmr-airports,Mid Cap,Feb-2025
38931,15891,1,Alkem Laboratories Ltd.,Healthcare,Healthcare,Domestic Equities,26253.0,26937.0,-2.5392582692950216,12.1977,13.6383,-10.562900068190313,0.861043390216457,1100,alkem-laboratories,Mid Cap,Feb-2025
152118,7308,1,PI Industries Ltd.,Chemicals,Chemicals,Domestic Equities,40108.0,41154.0,-2.5416727414103124,12.0884,14.337,-15.683894817604807,0.85332783379593,1100,pi-industries,Mid Cap,Feb-2025
152795,99590,1,One97 Communications Ltd.,IT,Information Technology,Domestic Equities,167814.0,172189.0,-2.5408127116134014,11.9979,13.3576,-10.17922381266096,0.846939381315988,1100,one97-communications,Mid Cap,Feb-2025
152574,8059,1,Torrent Power Ltd.,Power,Power,Domestic Equities,93955.0,96406.0,-2.5423728813559325,11.866,14.1085,-15.89467342382252,0.837628476541354,1100,torrent-power,Mid Cap,Feb-2025
96004,7992,1,Jubilant FoodWorks Ltd.,FMCG,Fast Moving Consumer Goods,Domestic Equities,188543.0,193460.0,-2.541610668872118,11.8047,13.6176,-13.31291857596052,0.833301270607426,1100,jubilant-foodworks,Mid Cap,Feb-2025
1152,105806,1,Mankind Pharma Ltd.,Healthcare,Healthcare,Domestic Equities,51341.0,52681.0,-2.5436115487557185,11.7602,12.8299,-8.337555242051772,0.830159987343809,1100,mankind-pharma,Mid Cap,Feb-2025
134131,90516,1,Polycab India Ltd.,Electricals,Electricals,Domestic Equities,24849.0,25497.0,-2.5414754677020825,11.7123,15.395,-23.921403052939265,0.826778695920723,1100,polycab-india,Large Cap,Feb-2025
77293,6578,1,Muthoot Finance Ltd.,Finance,Finance,Domestic Equities,52955.0,54335.0,-2.539799392656667,11.2942,12.2732,-7.976729785223077,0.797264751369742,1100,muthoot-finance,Mid Cap,Feb-2025
1427,98308,1,Sona BLW Precision Forgings Ltd.,Automobile & Ancillaries,Automobile & Ancillaries,Domestic Equities,221300.0,227069.0,-2.5406374273899126,10.93,11.451099999999999,-4.550654522272961,0.771555642052671,1100,sona-blw-precision-forgings,Mid Cap,Feb-2025
191600,99819,1,FSN E-Commerce Ventures Ltd.,Retailing,Information Technology,Domestic Equities,672756.0,690295.0,-2.5407977748643695,10.683399999999999,11.6591,-8.368570472849548,0.754147991427768,1100,fsn-e-commerce-ventures,Mid Cap,Feb-2025
19275,7232,1,NMDC Ltd.,Mining,Mining,Domestic Equities,1706938.0,1751439.0,-2.5408250016129594,10.6649,11.577,-7.878552301978063,0.752842064677725,1100,nmdc,Mid Cap,Feb-2025
56674,5695,1,Supreme Industries Ltd.,Plastic Products,Plastic Products,Domestic Equities,31926.0,32758.0,-2.539837596922889,10.6282,13.001,-18.250903776632565,0.75025138836818,1100,supreme-industries,Mid Cap,Feb-2025
152238,8313,1,MRF Ltd.,Automobile & Ancillaries,Automobile & Ancillaries,Domestic Equities,1001.0,1027.0,-2.5316455696202533,10.5479,11.6701,-9.61602728339946,0.74458296036664,1100,mrf,Mid Cap,Feb-2025
133642,6320,1,Petronet LNG Ltd.,Inds. Gases & Fuels,Industrials Gases & Fuels,Domestic Equities,370217.0,379869.0,-2.5408759335455118,10.488199999999999,12.011500000000002,-12.682013070807155,0.740368699448932,1100,petronet-lng,Mid Cap,Feb-2025
171839,6306,1,Solar Industries India Ltd.,Chemicals,Chemicals,Domestic Equities,12031.0,12345.0,-2.543539894694208,10.479700000000001,12.5853,-16.73063017965404,0.739768679050264,1100,solar-industries-india,Mid Cap,Feb-2025
79,7951,1,Balkrishna Industries Ltd.,Automobile & Ancillaries,Automobile & Ancillaries,Domestic Equities,39696.0,40731.0,-2.541062090299772,10.383099999999999,11.2876,-8.013218044579897,0.732949623695983,1100,balkrishna-industries,Mid Cap,Feb-2025
19182,5589,1,Coromandel International Ltd.,Chemicals,Chemicals,Domestic Equities,58093.0,59607.0,-2.539970137735501,9.6838,10.7862,-10.220466892881637,0.683585592544342,1100,coromandel-international,Mid Cap,Feb-2025
152616,7532,1,Vodafone Idea Ltd.,Telecom,Telecom,Domestic Equities,12822101.0,13156375.0,-2.5407758596117853,9.6807,11.906500000000001,-18.693990677361107,0.683366761575416,1100,vodafone-idea,Mid Cap,Feb-2025
123299,91366,1,KPIT Technologies Ltd.,IT,Information Technology,Domestic Equities,80539.0,82639.0,-2.5411730538849695,9.6437,11.6455,-17.189472328367177,0.680754908075329,1100,kpit-technologies,Mid Cap,Feb-2025
152296,7356,1,Patanjali Foods Ltd.,FMCG,Fast Moving Consumer Goods,Domestic Equities,54204.0,55618.0,-2.542342407134381,9.5429,10.1481,-5.96367792985879,0.673639372053471,1100,patanjali-foods,Mid Cap,Feb-2025
133630,5815,1,Jindal Stainless Ltd.,Iron & Steel,Iron & Steel,Domestic Equities,161135.0,165339.0,-2.542654788041539,9.424,10.8016,-12.753666123537263,0.665246145535625,1100,jindal-stainless,Mid Cap,Feb-2025
153260,8051,1,Prestige Estates Projects Ltd.,Realty,Realty,Domestic Equities,83313.0,85485.0,-2.5407966309878924,9.386000000000001,11.6217,-19.23728886479603,0.6625637014004,1100,prestige-estates-projects,Mid Cap,Feb-2025
113892,8292,1,KEI Industries Ltd.,Electricals,Electricals,Domestic Equities,30445.0,31239.0,-2.541694676526137,9.347100000000001,12.5693,-25.63547691597782,0.659817725693552,1100,kei-industries,Mid Cap,Feb-2025
756,88308,1,Rail Vikas Nigam Ltd.,Infrastructure,Infrastructure,Domestic Equities,280434.0,287746.0,-2.5411300243965167,9.3216,13.7053,-31.98543629106988,0.658017664497546,1100,rail-vikas-nigam,Large Cap,Feb-2025
152323,7533,1,Tata Elxsi Ltd.,IT,Information Technology,Domestic Equities,17123.0,17569.0,-2.5385622403096364,9.2654,11.1317,-16.765633281529336,0.65405047080282,1100,tata-elxsi,Mid Cap,Feb-2025
677,6026,1,Oil India Ltd.,Crude Oil,Crude Oil,Domestic Equities,269359.0,276382.0,-2.541048259293297,9.2309,11.6205,-20.563659050815364,0.651615093890577,1100,oil-india,Mid Cap,Feb-2025
352,7184,1,Ipca Laboratories Ltd.,Healthcare,Healthcare,Domestic Equities,67073.0,68823.0,-2.5427546023858305,9.0907,9.933200000000001,-8.481657471912374,0.641718286844302,1100,ipca-laboratories,Mid Cap,Feb-2025
171336,8097,1,JK Cement Ltd.,Construction Materials,Construction Materials,Domestic Equities,20669.0,21208.0,-2.54149377593361,9.0723,10.253699999999998,-11.5216946078001,0.640419419157772,1100,jk-cement,Mid Cap,Feb-2025
171698,8307,1,Oracle Financial Services Software Ltd.,IT,Information Technology,Domestic Equities,11663.0,11967.0,-2.5403192111640345,9.055,10.916400000000001,-17.05140888937746,0.639198201169894,1100,oracle-financial-services-software,Mid Cap,Feb-2025
152608,7159,1,Indian Bank,Bank,Banking,Domestic Equities,174522.0,179073.0,-2.5414216548558413,8.9146,9.952,-10.42403536977492,0.629287275996592,1100,indian-bank,Mid Cap,Feb-2025
171444,98250,1,Kalyan Jewellers India Ltd.,Diamond  &  Jewellery,Diamond & Jewellery,Domestic Equities,189418.0,194356.0,-2.5406985120088907,8.7558,9.7781,-10.454996369437817,0.618077483136759,1100,kalyan-jewellers-india,Mid Cap,Feb-2025
153691,5278,1,Oberoi Realty Ltd.,Realty,Realty,Domestic Equities,58129.0,59645.0,-2.541705088439936,8.629299999999999,10.8116,-20.18480150948982,0.609147767791868,1100,oberoi-realty,Mid Cap,Feb-2025
75891,5355,1,Container Corporation Of India Ltd.,Logistics,Logistics,Domestic Equities,136139.0,139689.0,-2.5413597348395363,8.491,10.8971,-22.080186471630068,0.599385082952354,1100,container-corporation-of-india,Mid Cap,Feb-2025
171434,4916,1,Astral Ltd.,Plastic Products,Plastic Products,Domestic Equities,61057.0,62649.0,-2.541141917668279,8.1648,9.4431,-13.53686818947167,0.576358417770508,1100,astral,Mid Cap,Feb-2025
152519,8782,1,Mahindra & Mahindra Financial Services Ltd.,Finance,Finance,Domestic Equities,292247.0,299866.0,-2.540801558029253,7.908200000000001,8.5447,-7.449061991643941,0.55824486079423,1100,mahindra-mahindra-financial-services,Mid Cap,Feb-2025
171509,5522,1,Tata Communications Ltd.,Telecom,Telecom,Domestic Equities,58003.0,59516.0,-2.5421735331675515,7.8449,9.719,-19.282848029632678,0.553776473590028,1100,tata-communications,Mid Cap,Feb-2025
152367,6359,1,Abbott India Ltd.,Healthcare,Healthcare,Domestic Equities,2576.0,2643.0,-2.534998108210367,7.8299,6.9176,13.188099919047072,0.552717614062965,1100,abbott-india,Mid Cap,Feb-2025
171886,6139,1,Exide Industries Ltd.,Automobile & Ancillaries,Automobile & Ancillaries,Domestic Equities,224777.0,230638.0,-2.5412117690926905,7.817699999999999,8.6374,-9.490124342973584,0.551856408314288,1100,exide-industries,Mid Cap,Feb-2025
133351,5368,1,Steel Authority Of India Ltd.,Iron & Steel,Iron & Steel,Domestic Equities,713948.0,732560.0,-2.5406792617669542,7.4979,7.8699,-4.726870735333365,0.529281523197322,1100,steel-authority-of-india,Mid Cap,Feb-2025
152207,5372,1,LIC Housing Finance Ltd.,Finance,Finance,Domestic Equities,148532.0,152405.0,-2.541255208162462,7.380599999999999,9.1153,-19.030640790758397,0.521001241695695,1100,lic-housing-finance,Mid Cap,Feb-2025
171840,6541,1,UNO Minda Ltd.,Automobile & Ancillaries,Automobile & Ancillaries,Domestic Equities,88300.0,90603.0,-2.5418584373585866,7.2927,8.5674,-14.878492891659084,0.51479632486711,1100,uno-minda,Mid Cap,Feb-2025
171333,7587,1,United Breweries Ltd.,Alcohol,Alcohol,Domestic Equities,37184.0,38154.0,-2.5423284583529906,7.236599999999999,8.1878,-11.617284252180074,0.510836190235898,1100,united-breweries,Mid Cap,Feb-2025
173672,92657,1,Gujarat Fluorochemicals Ltd.,Chemicals,Chemicals,Domestic Equities,20172.0,20698.0,-2.541308338969949,7.2314,7.4048,-2.3417242869490105,0.510469118933183,1100,gujarat-fluorochemicals,Mid Cap,Feb-2025
171433,6783,1,Berger Paints India Ltd.,Chemicals,Chemicals,Domestic Equities,140639.0,144308.0,-2.5424785874656983,6.870900000000001,6.8222000000000005,0.7138459734396535,0.485021194966121,1100,berger-paints-india,Mid Cap,Feb-2025
133643,6434,1,Biocon Ltd.,Healthcare,Healthcare,Domestic Equities,222333.0,228129.0,-2.5406677800718014,6.724500000000001,8.270800000000001,-18.695893988489626,0.474686725981994,1100,biocon,Mid Cap,Feb-2025
47051,90577,1,Dalmia Bharat Ltd.,Construction Materials,Construction Materials,Domestic Equities,39479.0,40508.0,-2.540238965142688,6.670599999999999,7.5602,-11.76688447395572,0.470881890748083,1100,dalmia-bharat,Mid Cap,Feb-2025
133635,5732,1,Indraprastha Gas Ltd.,Gas Transmission,Gas Transmission,Domestic Equities,346436.0,355468.0,-2.5408756906388197,6.564299999999999,7.1733,-8.48981640249259,0.463378106232969,1100,indraprastha-gas,Mid Cap,Feb-2025
134830,88309,1,Mazagon Dock Shipbuilders Ltd.,Ship Building,Ship Building,Domestic Equities,30307.0,31098.0,-2.5435719338864233,6.458600000000001,7.7698,-16.875595253417078,0.455916676098937,1100,mazagon-dock-shipbuilders,Mid Cap,Feb-2025
171410,5631,1,Procter & Gamble Hygiene and Health Care Ltd.,FMCG,Fast Moving Consumer Goods,Domestic Equities,4677.0,4798.0,-2.5218841183826597,6.3335,6.9574,-8.967430361916806,0.447085787643238,1100,procter-gamble-hygiene-and-health-care,Mid Cap,Feb-2025
46521,101004,1,Delhivery Ltd.,Logistics,Logistics,Domestic Equities,251743.0,258312.0,-2.543048716281086,6.2898000000000005,8.293099999999999,-24.156226260385132,0.44400097688773,1100,delhivery,Small Cap,Feb-2025
19183,6082,1,Deepak Nitrite Ltd.,Chemicals,Chemicals,Domestic Equities,33945.0,34830.0,-2.5409130060292853,6.284199999999999,8.1001,-22.418241750101856,0.44360566933096,1100,deepak-nitrite,Mid Cap,Feb-2025
152325,5528,1,Thermax Ltd.,Capital Goods,Capital Goods,Domestic Equities,19131.0,19630.0,-2.542027508914926,6.214700000000001,7.584199999999999,-18.057276970544017,0.438699620188906,1100,thermax,Mid Cap,Feb-2025
152079,6815,1,Linde India Ltd.,Inds. Gases & Fuels,Industrials Gases & Fuels,Domestic Equities,10391.0,10662.0,-2.5417370099418495,6.1588,6.682799999999999,-7.841024720177169,0.43475360368472,1100,linde-india,Mid Cap,Feb-2025
171565,6678,1,Apollo Tyres Ltd.,Automobile & Ancillaries,Automobile & Ancillaries,Domestic Equities,164381.0,168667.0,-2.541101697427475,6.1528,7.375800000000001,-16.581252203150854,0.434330059873895,1100,apollo-tyres,Small Cap,Feb-2025
44430,82482,1,L&T Technology Services Ltd.,IT,Information Technology,Domestic Equities,13562.0,13915.0,-2.5368307581746317,6.1479,7.5828,-18.92308909637601,0.433984165761722,1100,lt-technology-services,Mid Cap,Feb-2025
75659,6055,1,Lloyds Metals & Energy Ltd.,Iron & Steel,Iron & Steel,Domestic Equities,59951.0,61514.0,-2.5408850017882108,6.1216,7.6222,-19.687229408832103,0.432127632057606,1100,lloyds-metals-energy,Mid Cap,Feb-2025
152324,4941,1,ACC Ltd.,Construction Materials,Construction Materials,Domestic Equities,33604.0,34480.0,-2.540603248259861,6.1111,6.9224,-11.719923725875418,0.431386430388662,1100,acc,Mid Cap,Feb-2025
97743,96921,1,Gland Pharma Ltd.,Healthcare,Healthcare,Domestic Equities,39301.0,40326.0,-2.5417844566780734,6.1027,6.1487,-0.7481256200497703,0.430793469053508,1100,gland-pharma,Small Cap,Feb-2025
19098,6973,1,Schaeffler India Ltd.,Automobile & Ancillaries,Automobile & Ancillaries,Domestic Equities,19893.0,20412.0,-2.5426219870664313,6.089700000000001,6.9927,-12.913466901196957,0.42987579079672,1100,schaeffler-india,Mid Cap,Feb-2025
152486,5772,1,AIA Engineering Ltd.,Automobile & Ancillaries,Automobile & Ancillaries,Domestic Equities,19177.0,19677.0,-2.541037759821111,6.024,7.2423,-16.822004059483874,0.425237986068188,1100,aia-engineering,Mid Cap,Feb-2025
152397,5267,1,Tata Chemicals Ltd.,Chemicals,Chemicals,Domestic Equities,77353.0,79370.0,-2.541262441728613,6.013,7.8267,-23.173240318397283,0.424461489081675,1100,tata-chemicals,Small Cap,Feb-2025
177212,94646,1,Hitachi Energy India Ltd.,Capital Goods,Capital Goods,Domestic Equities,5196.0,5331.0,-2.5323579065841306,5.863300000000001,6.8576,-14.499241717218844,0.413894071001595,1100,hitachi-energy-india,Mid Cap,Feb-2025
19805,15724,1,Syngene International Ltd.,Business Services,Healthcare,Domestic Equities,89307.0,91636.0,-2.5415775459426424,5.8264,6.8420000000000005,-14.84361297866122,0.411289276565022,1100,syngene-international,Mid Cap,Feb-2025
83342,79963,1,Bandhan Bank Ltd.,Bank,Banking,Domestic Equities,410845.0,421558.0,-2.541287319894297,5.800700000000001,6.3815,-9.101308469795491,0.409475097241988,1100,bandhan-bank,Small Cap,Feb-2025
133407,5997,1,Hindustan Zinc Ltd.,Non - Ferrous Metals,Non - Ferrous Metals,Domestic Equities,147266.0,151108.0,-2.542552346665961,5.755199999999999,6.8021,-15.39083518325224,0.406263223343233,1100,hindustan-zinc,Large Cap,Feb-2025
114414,5238,1,Bank Of India,Bank,Banking,Domestic Equities,600128.0,615774.0,-2.540867266237288,5.710800000000001,6.9287,-17.577611961839878,0.403128999143129,1100,bank-of-india,Mid Cap,Feb-2025
57541,86814,1,General Insurance Corporation of India,Insurance,Finance,Domestic Equities,152715.0,156696.0,-2.540588145198346,5.6337,6.4473,-12.619235959238754,0.397686461174029,1100,general-insurance-corporation-of-india,Mid Cap,Feb-2025
79346,86555,1,Aditya Birla Capital Ltd.,Finance,Finance,Domestic Equities,351552.0,360718.0,-2.541043141733986,5.4958,6.4709,-15.069001220850268,0.38795201258857,1100,aditya-birla-capital,Mid Cap,Feb-2025
1704,6920,1,L&T Finance Ltd.,Finance,Finance,Domestic Equities,397577.0,407943.0,-2.541041272922933,5.356599999999999,5.9342999999999995,-9.734930825876681,0.378125796177433,1100,lt-finance,Mid Cap,Feb-2025
134823,84770,1,Cochin Shipyard Ltd.,Ship Building,Ship Building,Domestic Equities,41800.0,42891.0,-2.5436571774964447,5.3025,6.5722000000000005,-19.31925382672469,0.374306842816495,1100,cochin-shipyard,Mid Cap,Feb-2025
133333,4917,1,CRISIL Ltd.,Ratings,Ratings,Domestic Equities,12039.0,12353.0,-2.541892657654011,5.283200000000001,6.711799999999999,-21.284901218749056,0.372944443558342,1100,crisil,Mid Cap,Feb-2025
114654,92672,1,Indian Renewable Energy Development Agency Ltd.,Finance,Finance,Domestic Equities,332752.0,341427.0,-2.5408066731687886,5.191599999999999,6.9006,-24.76596238008289,0.366478341379748,1100,indian-renewable-energy-development-agency,Mid Cap,Feb-2025
133495,5019,1,Ajanta Pharma Ltd.,Healthcare,Healthcare,Domestic Equities,20794.0,21336.0,-2.5403074615673042,5.1693,5.7489,-10.081928716798002,0.364904170216182,1100,ajanta-pharma,Mid Cap,Feb-2025
171948,7104,1,Emami Ltd.,FMCG,Fast Moving Consumer Goods,Domestic Equities,97388.0,99927.0,-2.540854824021536,5.1611,5.8922,-12.407929126642003,0.364325327008055,1100,emami,Small Cap,Feb-2025
171580,109023,1,Tata Technologies Ltd.,IT,Information Technology,Domestic Equities,76163.0,78148.0,-2.5400522086297794,5.1162,6.1549000000000005,-16.87598498757088,0.361155807490382,1100,tata-technologies,Mid Cap,Feb-2025
152318,6472,1,Sundram Fasteners Ltd.,Automobile & Ancillaries,Automobile & Ancillaries,Domestic Equities,54624.0,56048.0,-2.5406794176420213,5.1013,5.8525,-12.835540367364375,0.360104007026834,1100,sundram-fasteners,Small Cap,Feb-2025
95549,7450,1,Aditya Birla Fashion and Retail Ltd.,Retailing,Retailing,Domestic Equities,210451.0,215938.0,-2.5410071409386026,5.0961,5.9135,-13.822609283842057,0.359736935724119,1100,aditya-birla-fashion-and-retail,Mid Cap,Feb-2025
152386,5556,1,Glaxosmithkline Pharmaceuticals Ltd.,Healthcare,Healthcare,Domestic Equities,20446.0,20979.0,-2.540635873969207,5.0611,4.1479,22.015959883314444,0.357266263494307,1100,glaxosmithkline-pharmaceuticals,Mid Cap,Feb-2025
76174,111823,1,Bharti Hexacom Ltd.,Telecom,Telecom,Domestic Equities,37143.0,38111.0,-2.5399490960615045,4.8449,5.1637,-6.173867575575652,0.342004568177584,1100,bharti-hexacom,Mid Cap,Feb-2025
102429,100653,1,Global Health Ltd.,Healthcare,Healthcare,Domestic Equities,41050.0,42121.0,-2.5426746753400917,4.7193000000000005,4.3789,7.773641782182746,0.333138384404316,1100,global-health,Small Cap,Feb-2025
152370,5063,1,Escorts Kubota Ltd.,Automobile & Ancillaries,Automobile & Ancillaries,Domestic Equities,16399.0,16826.0,-2.5377392131225482,4.7048000000000005,6.096799999999999,-22.831649389843843,0.332114820194822,1100,escorts-kubota,Mid Cap,Feb-2025
171646,5397,1,Carborundum Universal Ltd.,Abrasives,Abrasives,Domestic Equities,55057.0,56493.0,-2.5419078469898926,4.5788,6.704,-31.700477326968972,0.3232204001675,1100,carborundum-universal,Small Cap,Feb-2025
57781,87827,1,Bharat Dynamics Ltd.,Capital Goods,Capital Goods,Domestic Equities,45517.0,46704.0,-2.541538198013018,4.4397,6.0949,-27.157131372130795,0.313401242819876,1100,bharat-dynamics,Mid Cap,Feb-2025
133170,6243,1,Timken India Ltd.,Automobile & Ancillaries,Automobile & Ancillaries,Domestic Equities,17747.0,18209.0,-2.5372068757207975,4.391,5.2038,-15.61935508666743,0.309963478888681,1100,timken-india,Small Cap,Feb-2025
152363,7424,1,SKF India Ltd.,Automobile & Ancillaries,Automobile & Ancillaries,Domestic Equities,11501.0,11801.0,-2.5421574442843826,4.2442,4.7721,-11.062215795980798,0.299600773650498,1100,skf-india,Small Cap,Feb-2025
645,8087,1,IRB Infrastructure Developers Ltd.,Infrastructure,Infrastructure,Domestic Equities,979920.0,1005486.0,-2.5426510165233527,4.2391000000000005,5.763400000000001,-26.44793004129507,0.299240761411297,1100,irb-infrastructure-developers,Mid Cap,Feb-2025
115032,83788,1,Housing & Urban Development Corporation Ltd.,Finance,Finance,Domestic Equities,247854.0,254316.0,-2.5409333270419476,4.0931,5.8416,-29.93186798137496,0.288934528681225,1100,housing-urban-development-corporation,Mid Cap,Feb-2025
58178,99657,1,Star Health and Allied Insurance Company Ltd.,Insurance,Finance,Domestic Equities,108624.0,111457.0,-2.541787415774693,4.0767,4.8289,-15.577046532336553,0.28777684226497,1100,star-health-and-allied-insurance-company,Small Cap,Feb-2025
171405,6966,1,Poonawalla Fincorp Ltd.,Finance,Finance,Domestic Equities,144094.0,147857.0,-2.5450266135522837,4.0534,4.5895,-11.681011003377277,0.286132080466267,1100,poonawalla-fincorp,Small Cap,Feb-2025
509,8487,1,K.P.R. Mill Ltd.,Textile,Textile,Domestic Equities,49598.0,50891.0,-2.5407242930970115,3.9758,4.743,-16.175416403120394,0.280654247179598,1100,kpr-mill,Small Cap,Feb-2025
13,7543,1,Tata Investment Corporation Ltd.,Finance,Finance,Domestic Equities,6545.0,6717.0,-2.5606669644186395,3.9698,4.0472,-1.9124332872109133,0.280230703368774,1100,tata-investment-corporation,Mid Cap,Feb-2025
196533,104025,1,Motherson Sumi Wiring India Ltd.,Iron & Steel,Iron & Steel,Domestic Equities,837490.0,859325.0,-2.5409478369650595,3.9362,4.8233999999999995,-18.393664220259563,0.277858858028154,1100,motherson-sumi-wiring-india,Small Cap,Feb-2025
152064,6806,1,3M India Ltd.,Diversified,Diversified,Domestic Equities,1395.0,1431.0,-2.515723270440252,3.6685000000000003,4.2776,-14.239293061529823,0.25896174500185,1100,3m-india,Mid Cap,Feb-2025
113787,7539,1,Honeywell Automation India Ltd.,Consumer Durables,Consumer Durables,Domestic Equities,1088.0,1116.0,-2.5089605734767026,3.6667,4.5167,-18.81904930590918,0.258834681858603,1100,honeywell-automation-india,Mid Cap,Feb-2025
133645,6755,1,Bank Of Maharashtra,Bank,Banking,Domestic Equities,776976.0,797247.0,-2.5426248076192195,3.6058999999999997,4.0891,-11.816781198796813,0.254542771242244,1100,bank-of-maharashtra,Mid Cap,Feb-2025
133387,5868,1,Godrej Industries Ltd.,Chemicals,Chemicals,Domestic Equities,31531.0,32353.0,-2.5407226532315397,3.4608,2.8812,20.116618075801743,0.244300070083796,1100,godrej-industries,Mid Cap,Feb-2025
78882,109773,1,JSW Infrastructure Ltd.,Logistics,Logistics,Domestic Equities,133548.0,137030.0,-2.5410494052397286,3.4021,3.7683,-9.717909932860973,0.240156399801225,1100,jsw-infrastructure,Mid Cap,Feb-2025
171853,7249,1,NLC India Ltd.,Power,Power,Domestic Equities,161127.0,165328.0,-2.5410093873995936,3.3360000000000003,3.6689999999999996,-9.076042518397372,0.235490358818638,1100,nlc-india,Mid Cap,Feb-2025
19510,6302,1,ZF Commercial Vehicle Control Systems India Ltd.,Automobile & Ancillaries,Automobile & Ancillaries,Domestic Equities,3029.0,3107.0,-2.510460251046025,3.3143000000000002,3.4282999999999997,-3.3252632500072856,0.233958542036155,1100,zf-commercial-vehicle-control-systems-india,Small Cap,Feb-2025
19128,7053,1,Grindwell Norton Ltd.,Abrasives,Abrasives,Domestic Equities,22842.0,23438.0,-2.5428790852461813,3.2843,4.5176,-27.29989374889322,0.23184082298203,1100,grindwell-norton,Small Cap,Feb-2025
137768,15760,1,Gujarat Gas Ltd.,Gas Transmission,Gas Transmission,Domestic Equities,85179.0,87399.0,-2.5400748292314557,3.1546,4.2476,-25.732178171202563,0.222685217604699,1100,gujarat-gas,Mid Cap,Feb-2025
171394,82477,1,Endurance Technologies Ltd.,Automobile & Ancillaries,Automobile & Ancillaries,Domestic Equities,17416.0,17869.0,-2.535116682522805,3.0751999999999997,3.5549,-13.494050465554594,0.217080321174783,1100,endurance-technologies,Mid Cap,Feb-2025
19174,6780,1,Bayer CropScience Ltd.,Chemicals,Chemicals,Domestic Equities,6299.0,6462.0,-2.5224388734138037,2.9789,3.3059,-9.89140627363199,0.210282443011043,1100,bayer-cropscience,Small Cap,Feb-2025
1840,4901,1,SJVN Ltd.,Power,Power,Domestic Equities,353259.0,362469.0,-2.540906946525082,2.9713,3.5343999999999998,-15.931982797645993,0.209745954183998,1100,sjvn,Mid Cap,Feb-2025
152532,6617,1,Sun TV Network Ltd.,Media & Entertainment,Media & Entertainment,Domestic Equities,41965.0,43059.0,-2.540699969808867,2.3563,2.6647000000000003,-11.573535482418293,0.166332713574447,1100,sun-tv-network,Small Cap,Feb-2025
555,5663,1,The Fertilisers And Chemicals Travancore Ltd.,Chemicals,Chemicals,Domestic Equities,30765.0,31567.0,-2.5406278708778154,2.128,2.9072000000000005,-26.802421574023118,0.15021687157256,1100,the-fertilisers-and-chemicals-travancore,Mid Cap,Feb-2025
133909,100034,1,Metro Brands Ltd.,Retailing,Retailing,Domestic Equities,18331.0,18808.0,-2.53615482773288,2.0478,2.2285,-8.108593224141798,0.144555502634534,1100,metro-brands,Mid Cap,Feb-2025
57345,99844,1,AWL Agri Business Ltd.,FMCG,Fast Moving Consumer Goods,Domestic Equities,78065.0,80100.0,-2.540574282147316,1.9216,2.1359,-10.03324125661314,0.135646964480184,1100,awl-agri-business,Mid Cap,Feb-2025
133353,4920,1,IDBI Bank Ltd.,Bank,Banking,Domestic Equities,277299.0,284529.0,-2.541041510707169,1.92,2.3081,-16.814696070360906,0.135534019463964,1100,idbi-bank,Mid Cap,Feb-2025
58164,86911,1,The New India Assurance Company Ltd.,Insurance,Finance,Domestic Equities,118856.0,121956.0,-2.5419003575059858,1.6891,2.2178,-23.838939489584273,0.11923464181072,1100,the-new-india-assurance-company,Mid Cap,Feb-2025
133551,7167,1,Indian Overseas Bank,Bank,Banking,Domestic Equities,338783.0,347614.0,-2.5404615464279345,1.4747,1.7728,-16.815207581227437,0.104100009637244,1100,indian-overseas-bank,Large Cap,Feb-2025
171883,5324,1,Mangalore Refinery And Petrochemicals Ltd.,Crude Oil,Crude Oil,Domestic Equities,90502.0,92862.0,-2.5414055264801534,0.9575,1.2026000000000001,-20.380841510061536,0.0675905331441384,1100,mangalore-refinery-and-petrochemicals,Small Cap,Feb-2025
77009,96064,1,Max Healthcare Institute Ltd.,Healthcare,Healthcare,Domestic Equities,364219.0,367049.0,-0.7710142242588864,39.953,35.9011,11.286283707184461,2.58673328543108,1100,max-healthcare-institute,Mid Cap,Mar-2025
76200,82667,1,BSE Ltd.,Finance,Finance,Domestic Equities,66521.0,67038.0,-0.771204391539127,36.4522,31.0634,17.347746866086766,2.36007606605739,1100,bse,Mid Cap,Mar-2025
152473,5056,1,Suzlon Energy Ltd.,Capital Goods,Capital Goods,Domestic Equities,5816856.0,5861366.0,-0.7593792982727917,32.9583,29.1369,13.115327986161873,2.13386558309071,1100,suzlon-energy,Mid Cap,Mar-2025
95548,5980,1,Persistent Systems Ltd.,IT,Information Technology,Domestic Equities,52181.0,52126.0,0.10551356328895369,28.7713,27.647100000000002,4.066249263033015,1.8627807517614,1100,persistent-systems,Mid Cap,Mar-2025
133657,7260,1,Coforge Ltd.,IT,Information Technology,Domestic Equities,32643.0,32916.0,-0.8293838862559242,26.4709,24.2333,9.233575286898615,1.71384271832698,1100,coforge,Mid Cap,Mar-2025
157113,99763,1,PB Fintech Ltd.,IT,Information Technology,Domestic Equities,162176.0,163332.0,-0.7077608796806505,25.7819,23.9053,7.850142018715508,1.66923382203228,1100,pb-fintech,Mid Cap,Mar-2025
57445,86554,1,Dixon Technologies (India) Ltd.,Consumer Durables,Consumer Durables,Domestic Equities,18900.0,18867.0,0.17490857051995548,24.909299999999998,26.292800000000003,-5.261896793038412,1.61273785264657,1100,dixon-technologies-india,Mid Cap,Mar-2025
152211,6247,1,Lupin Ltd.,Healthcare,Healthcare,Domestic Equities,118373.0,119217.0,-0.7079527248630648,24.0055,22.7067,5.71989765135401,1.55422185776828,1100,lupin,Mid Cap,Mar-2025
171685,5596,1,The Federal Bank Ltd.,Bank,Banking,Domestic Equities,1201523.0,1210211.0,-0.7178913429145827,23.156999999999996,21.4958,7.728021287879488,1.49928622858678,1100,the-federal-bank,Mid Cap,Mar-2025
38803,5403,1,Indus Towers Ltd.,Telecom,Telecom,Domestic Equities,647698.0,613829.0,5.5176604559250215,21.6525,19.8482,9.090496871252812,1.40187826853544,1100,indus-towers,Large Cap,Mar-2025
165,7447,1,SRF Ltd.,Chemicals,Chemicals,Domestic Equities,71109.0,71703.0,-0.8284172210367767,20.9,20.0439,4.271124880886449,1.35315810240807,1100,srf,Mid Cap,Mar-2025
171877,6125,1,Cummins India Ltd.,Automobile & Ancillaries,Automobile & Ancillaries,Domestic Equities,66304.0,66968.0,-0.9915183371162347,20.235,18.2016,11.171545358649784,1.31010307187691,1100,cummins-india,Large Cap,Mar-2025
114530,88033,1,HDFC Asset Management Company Ltd.,Finance,Finance,Domestic Equities,49721.0,50062.0,-0.6811553673444928,19.9575,18.164,9.873926447918956,1.29213649898608,1100,hdfc-asset-management-company,Mid Cap,Mar-2025
152636,5140,1,Fortis Healthcare Ltd.,Healthcare,Healthcare,Domestic Equities,255370.0,257357.0,-0.7720792517786577,17.8338,15.7683,13.099065847301244,1.15463880223565,1100,fortis-healthcare,Mid Cap,Mar-2025
171365,5279,1,Hindustan Petroleum Corporation Ltd.,Crude Oil,Crude Oil,Domestic Equities,470749.0,474449.0,-0.7798519967372679,16.9634,13.936900000000001,21.715733053978994,1.09828527054493,1100,hindustan-petroleum-corporation,Mid Cap,Mar-2025
171327,5699,1,Marico Ltd.,FMCG,Fast Moving Consumer Goods,Domestic Equities,258643.0,260610.0,-0.754767660488853,16.8545,15.6522,7.681348308863931,1.09123460464291,1100,marico,Mid Cap,Mar-2025
7737,15826,1,IDFC First Bank Ltd.,Bank,Banking,Domestic Equities,3038301.0,3060909.0,-0.7386041205406629,16.6985,17.8726,-6.569273636740043,1.08113447717996,1100,idfc-first-bank,Mid Cap,Mar-2025
152379,5838,1,Voltas Ltd.,Consumer Durables,Consumer Durables,Domestic Equities,111558.0,112816.0,-1.1150900581477805,16.273,14.8928,9.267565535023635,1.0535857320807,1100,voltas,Mid Cap,Mar-2025
171465,6543,1,Aurobindo Pharma Ltd.,Healthcare,Healthcare,Domestic Equities,137063.0,138143.0,-0.7817985710459451,15.906199999999998,14.6197,8.799770173122559,1.0298374836614,1100,aurobindo-pharma,Mid Cap,Mar-2025
171635,7381,1,UPL Ltd.,Chemicals,Chemicals,Domestic Equities,248019.0,249937.0,-0.7673933831325493,15.7802,15.8198,-0.25031922021770414,1.02167968840286,1100,upl,Mid Cap,Mar-2025
171946,6864,1,Godrej Properties Ltd.,Realty,Realty,Domestic Equities,73912.0,74515.0,-0.8092330403274509,15.7403,14.4283,9.093240367888113,1.01909638657099,1100,godrej-properties,Mid Cap,Mar-2025
152455,7030,1,Yes Bank Ltd.,Bank,Banking,Domestic Equities,9239731.0,9311659.0,-0.7724509671155269,15.5967,15.597000000000001,-0.0019234468166937691,1.00979908975253,1100,yes-bank,Mid Cap,Mar-2025
599,7495,1,Sundaram Finance Ltd.,Finance,Finance,Domestic Equities,33737.0,33995.0,-0.7589351375202236,15.4328,15.426099999999998,0.04343288323037403,0.999187481475755,1100,sundaram-finance,Mid Cap,Mar-2025
171820,5969,1,Colgate-Palmolive (India) Ltd.,FMCG,Fast Moving Consumer Goods,Domestic Equities,64573.0,65456.0,-1.3489978000488878,15.431700000000001,16.1323,-4.342840140587514,0.99911626262826,1100,colgate-palmolive-india,Mid Cap,Mar-2025
152369,6790,1,Bharat Forge Ltd.,Automobile & Ancillaries,Automobile & Ancillaries,Domestic Equities,130676.0,129290.0,1.0720086626962642,15.277999999999999,13.1423,16.250580187638384,0.989165047300981,1100,bharat-forge,Mid Cap,Mar-2025
122,5767,1,The Phoenix Mills Ltd.,Realty,Realty,Domestic Equities,91378.0,92100.0,-0.7839305103148752,15.0161,14.258,5.317015009117684,0.972208487156452,1100,the-phoenix-mills,Mid Cap,Mar-2025
141614,85778,1,AU Small Finance Bank Ltd.,Bank,Banking,Domestic Equities,275109.0,277084.0,-0.7127802399272423,14.7073,15.6746,-6.171130363773239,0.952215414332355,1100,au-small-finance-bank,Mid Cap,Mar-2025
101370,86936,1,Tube Investments of India Ltd.,Automobile & Ancillaries,Automobile & Ancillaries,Domestic Equities,52704.0,52720.0,-0.030349013657056147,14.5956,12.9805,12.44250991872424,0.944983464091256,1100,tube-investments-of-india,Mid Cap,Mar-2025
152222,5634,1,Max Financial Services Ltd.,Finance,Finance,Domestic Equities,126432.0,127416.0,-0.772273497833867,14.5106,12.7174,14.100366427099873,0.939480189512084,1100,max-financial-services,Mid Cap,Mar-2025
171659,5756,1,Ashok Leyland Ltd.,Automobile & Ancillaries,Automobile & Ancillaries,Domestic Equities,700970.0,707501.0,-0.9231082358894191,14.315199999999999,15.0655,-4.980252895688824,0.926829132420671,1100,ashok-leyland,Mid Cap,Mar-2025
19255,6350,1,Mphasis Ltd.,IT,Information Technology,Domestic Equities,55698.0,55909.0,-0.3773989876406303,13.9256,12.564200000000001,10.83554862227598,0.901604711526021,1100,mphasis,Mid Cap,Mar-2025
152574,8059,1,Torrent Power Ltd.,Power,Power,Domestic Equities,93233.0,93955.0,-0.7684529828109201,13.8623,11.866,16.823697960559592,0.897506390574708,1100,torrent-power,Mid Cap,Mar-2025
133342,5963,1,Bharat Heavy Electricals Ltd.,Capital Goods,Capital Goods,Domestic Equities,629886.0,,,13.6326,,,0.882634600329582,1100,bharat-heavy-electricals,Mid Cap,Mar-2025
152118,7308,1,PI Industries Ltd.,Chemicals,Chemicals,Domestic Equities,39696.0,40108.0,-1.027226488481101,13.6086,12.0884,12.575692399324973,0.881080734566052,1100,pi-industries,Mid Cap,Mar-2025
133317,6810,1,Blue Star Ltd.,Consumer Durables,Consumer Durables,Domestic Equities,63589.0,,,13.5852,,,0.879565715446609,1100,blue-star,Mid Cap,Mar-2025
587,7648,1,APL Apollo Tubes Ltd.,Iron & Steel,Iron & Steel,Domestic Equities,88776.0,89431.0,-0.7324082253357337,13.5406,12.868699999999999,5.221195614164605,0.876678114902714,1100,apl-apollo-tubes,Mid Cap,Mar-2025
171839,6306,1,Solar Industries India Ltd.,Chemicals,Chemicals,Domestic Equities,11939.0,12031.0,-0.7646912143628958,13.4242,10.479700000000001,28.097178354342205,0.86914186594959,1100,solar-industries-india,Mid Cap,Mar-2025
1152,105806,1,Mankind Pharma Ltd.,Healthcare,Healthcare,Domestic Equities,55334.0,51341.0,7.7774098673574725,13.4171,11.7602,14.08904610465809,0.868682180661212,1100,mankind-pharma,Mid Cap,Mar-2025
152551,7908,1,GMR Airports Ltd.,Infrastructure,Aviation,Domestic Equities,1757532.0,1771197.0,-0.7715121468701674,13.309800000000001,12.3045,8.170181640863095,0.861735105810093,1100,gmr-airports,Mid Cap,Mar-2025
171321,7864,1,Page Industries Ltd.,Textile,Textile,Domestic Equities,3090.0,3077.0,0.42248943776405595,13.1924,12.466800000000001,5.820258606859815,0.854134112450155,1100,page-industries,Mid Cap,Mar-2025
152795,99590,1,One97 Communications Ltd.,IT,Information Technology,Domestic Equities,166824.0,167814.0,-0.5899388608816905,13.0698,11.9979,8.934063461105698,0.846196448174785,1100,one97-communications,Mid Cap,Mar-2025
77639,92991,1,SBI Cards And Payment Services Ltd.,Finance,Finance,Domestic Equities,146785.0,147899.0,-0.7532167222225978,12.9332,12.4058,4.251237324477262,0.837352362204022,1100,sbi-cards-and-payment-services,Mid Cap,Mar-2025
153586,8183,1,NHPC Ltd.,Power,Power,Domestic Equities,1550520.0,,,12.7453,,,0.825186888163712,1100,nhpc,Mid Cap,Mar-2025
134131,90516,1,Polycab India Ltd.,Electricals,Electricals,Domestic Equities,24716.0,24849.0,-0.5352328061491408,12.7237,11.7123,8.63536623891122,0.823788408976535,1100,polycab-india,Large Cap,Mar-2025
38931,15891,1,Alkem Laboratories Ltd.,Healthcare,Healthcare,Domestic Equities,26048.0,26253.0,-0.7808631394507295,12.7159,12.1977,4.248341900522225,0.823283402603387,1100,alkem-laboratories,Mid Cap,Mar-2025
77293,6578,1,Muthoot Finance Ltd.,Finance,Finance,Domestic Equities,52544.0,52955.0,-0.7761306769898971,12.5207,11.2942,10.85955623240246,0.810645294393337,1100,muthoot-finance,Mid Cap,Mar-2025
96004,7992,1,Jubilant FoodWorks Ltd.,FMCG,Fast Moving Consumer Goods,Domestic Equities,186493.0,188543.0,-1.0872851285913558,12.3897,11.8047,4.955653256753665,0.802163777100731,1100,jubilant-foodworks,Mid Cap,Mar-2025
191600,99819,1,FSN E-Commerce Ventures Ltd.,Retailing,Information Technology,Domestic Equities,667867.0,672756.0,-0.7267122106677607,11.9602,10.683399999999999,11.951251474249776,0.774356054374211,1100,fsn-e-commerce-ventures,Mid Cap,Mar-2025
133608,7612,1,Union Bank Of India,Bank,Banking,Domestic Equities,946909.0,,,11.9481,,,0.773572647051764,1100,union-bank-of-india,Mid Cap,Mar-2025
19275,7232,1,NMDC Ltd.,Mining,Mining,Domestic Equities,1693760.0,1706938.0,-0.7720256974770027,11.668299999999999,10.6649,9.408433271760627,0.755457162025268,1100,nmdc,Mid Cap,Mar-2025
19182,5589,1,Coromandel International Ltd.,Chemicals,Chemicals,Domestic Equities,57868.0,58093.0,-0.3873100029263422,11.47,9.6838,18.445238439455586,0.742618346154095,1100,coromandel-international,Mid Cap,Mar-2025
133463,8505,1,Glenmark Pharmaceuticals Ltd.,Healthcare,Healthcare,Domestic Equities,73790.0,,,11.371400000000001,,,0.736234547642256,1100,glenmark-pharmaceuticals,Mid Cap,Mar-2025
152238,8313,1,MRF Ltd.,Automobile & Ancillaries,Automobile & Ancillaries,Domestic Equities,993.0,1001.0,-0.7992007992007992,11.1889,10.5479,6.077039031465993,0.72441869339874,1100,mrf,Mid Cap,Mar-2025
56674,5695,1,Supreme Industries Ltd.,Plastic Products,Plastic Products,Domestic Equities,31683.0,31926.0,-0.7611351249765081,10.8554,10.6282,2.1377091134905277,0.702826433726343,1100,supreme-industries,Mid Cap,Mar-2025
133642,6320,1,Petronet LNG Ltd.,Inds. Gases & Fuels,Industrials Gases & Fuels,Domestic Equities,367295.0,370217.0,-0.7892668353965376,10.783800000000001,10.488199999999999,2.8184054461204187,0.698190734198477,1100,petronet-lng,Mid Cap,Mar-2025
114652,92620,1,Indian Railway Catering And Tourism Corporation Ltd.,Hospitality,Hospitality,Domestic Equities,147828.0,,,10.7545,,,0.696293723078833,1100,indian-railway-catering-and-tourism-corporation,Mid Cap,Mar-2025
123299,91366,1,KPIT Technologies Ltd.,IT,Information Technology,Domestic Equities,79997.0,80539.0,-0.6729658923006245,10.459200000000001,9.6437,8.45629789396187,0.677174699746722,1100,kpit-technologies,Mid Cap,Mar-2025
677,6026,1,Oil India Ltd.,Crude Oil,Crude Oil,Domestic Equities,267277.0,269359.0,-0.7729461425086965,10.3369,9.2309,11.981496928793511,0.669256458793397,1100,oil-india,Mid Cap,Mar-2025
352,7184,1,Ipca Laboratories Ltd.,Healthcare,Healthcare,Domestic Equities,68102.0,67073.0,1.5341493596529154,10.228200000000001,9.0907,12.512787794119266,0.662218741772738,1100,ipca-laboratories,Mid Cap,Mar-2025
1427,98308,1,Sona BLW Precision Forgings Ltd.,Automobile & Ancillaries,Automobile & Ancillaries,Domestic Equities,219866.0,221300.0,-0.6479891549932218,10.1402,10.93,-7.225983531564503,0.656521233973126,1100,sona-blw-precision-forgings,Mid Cap,Mar-2025
171336,8097,1,JK Cement Ltd.,Construction Materials,Construction Materials,Domestic Equities,20503.0,20669.0,-0.8031351299046882,10.1134,9.0723,11.475590533822738,0.654786083870516,1100,jk-cement,Mid Cap,Mar-2025
79,7951,1,Balkrishna Industries Ltd.,Automobile & Ancillaries,Automobile & Ancillaries,Domestic Equities,39252.0,39696.0,-1.1185006045949213,10.0281,10.383099999999999,-3.4190174418044705,0.6492633859693,1100,balkrishna-industries,Mid Cap,Mar-2025
152296,7356,1,Patanjali Foods Ltd.,FMCG,Fast Moving Consumer Goods,Domestic Equities,54305.0,54204.0,0.18633311194745775,9.8205,9.5429,2.9089689716962344,0.635822447114759,1100,patanjali-foods,Mid Cap,Mar-2025
153260,8051,1,Prestige Estates Projects Ltd.,Realty,Realty,Domestic Equities,82670.0,83313.0,-0.7717883163491892,9.7914,9.386000000000001,4.319198806733429,0.633938384876478,1100,prestige-estates-projects,Mid Cap,Mar-2025
756,88308,1,Rail Vikas Nigam Ltd.,Infrastructure,Infrastructure,Domestic Equities,278176.0,280434.0,-0.8051805415891082,9.7876,9.3216,4.999141778235499,0.633692356130586,1100,rail-vikas-nigam,Large Cap,Mar-2025
151967,5716,1,GE Vernova T&D India Ltd.,Capital Goods,Capital Goods,Domestic Equities,60745.0,,,9.4686,,,0.613038890356989,1100,ge-vernova-td-india,Mid Cap,Mar-2025
153691,5278,1,Oberoi Realty Ltd.,Realty,Realty,Domestic Equities,57679.0,58129.0,-0.7741402742176882,9.4444,8.629299999999999,9.445725609261482,0.611472075712095,1100,oberoi-realty,Mid Cap,Mar-2025
152608,7159,1,Indian Bank,Bank,Banking,Domestic Equities,173176.0,174522.0,-0.771249469980862,9.374,8.9146,5.153343952617048,0.606914069472405,1100,indian-bank,Mid Cap,Mar-2025
75891,5355,1,Container Corporation Of India Ltd.,Logistics,Logistics,Domestic Equities,135088.0,136139.0,-0.772005083040128,9.3427,8.491,10.030620657166406,0.604887569539133,1100,container-corporation-of-india,Mid Cap,Mar-2025
133630,5815,1,Jindal Stainless Ltd.,Iron & Steel,Iron & Steel,Domestic Equities,158835.0,161135.0,-1.4273745617029199,9.2378,9.424,-1.9758064516129037,0.598095881264368,1100,jindal-stainless,Mid Cap,Mar-2025
171698,8307,1,Oracle Financial Services Software Ltd.,IT,Information Technology,Domestic Equities,11593.0,11663.0,-0.6001886307125097,9.1015,9.055,0.5135284373274409,0.589271218615649,1100,oracle-financial-services-software,Mid Cap,Mar-2025
171509,5522,1,Tata Communications Ltd.,Telecom,Telecom,Domestic Equities,57553.0,58003.0,-0.7758219402444702,9.083,7.8449,15.78222794426952,0.588073447089594,1100,tata-communications,Mid Cap,Mar-2025
152323,7533,1,Tata Elxsi Ltd.,IT,Information Technology,Domestic Equities,16987.0,17123.0,-0.79425334345617,8.857999999999999,9.2654,-4.397003907008873,0.573505955556493,1100,tata-elxsi,Mid Cap,Mar-2025
171444,98250,1,Kalyan Jewellers India Ltd.,Diamond  &  Jewellery,Diamond & Jewellery,Domestic Equities,188212.0,189418.0,-0.6366871152688762,8.7942,8.7558,0.43856643596243844,0.569375262401773,1100,kalyan-jewellers-india,Mid Cap,Mar-2025
113892,8292,1,KEI Industries Ltd.,Electricals,Electricals,Domestic Equities,30210.0,30445.0,-0.7718837247495484,8.7393,9.347100000000001,-6.502551593542391,0.565820794467697,1100,kei-industries,Mid Cap,Mar-2025
152616,7532,1,Vodafone Idea Ltd.,Telecom,Telecom,Domestic Equities,12713987.0,12822101.0,-0.8431847479597923,8.6455,9.6807,-10.693441589967676,0.559747769108564,1100,vodafone-idea,Mid Cap,Mar-2025
134830,88309,1,Mazagon Dock Shipbuilders Ltd.,Ship Building,Ship Building,Domestic Equities,32142.0,30307.0,6.054706833404825,8.4977,6.458600000000001,31.571857678134574,0.550178545781486,1100,mazagon-dock-shipbuilders,Mid Cap,Mar-2025
152207,5372,1,LIC Housing Finance Ltd.,Finance,Finance,Domestic Equities,147352.0,148532.0,-0.794441601809711,8.3084,7.380599999999999,12.57079370240903,0.537922429571637,1100,lic-housing-finance,Mid Cap,Mar-2025
133407,5997,1,Hindustan Zinc Ltd.,Non - Ferrous Metals,Non - Ferrous Metals,Domestic Equities,179699.0,147266.0,22.02341341518069,8.3003,5.755199999999999,44.222616068946344,0.537397999876446,1100,hindustan-zinc,Large Cap,Mar-2025
152519,8782,1,Mahindra & Mahindra Financial Services Ltd.,Finance,Finance,Domestic Equities,290095.0,292247.0,-0.7363634186150756,8.2097,7.908200000000001,3.812498419362178,0.531532156619117,1100,mahindra-mahindra-financial-services,Mid Cap,Mar-2025
97125,90518,1,Adani Total Gas Ltd.,Gas Transmission,Gas Transmission,Domestic Equities,135937.0,,,8.1916,,,0.530360282855787,1100,adani-total-gas,Mid Cap,Mar-2025
133351,5368,1,Steel Authority Of India Ltd.,Iron & Steel,Iron & Steel,Domestic Equities,708439.0,713948.0,-0.7716248242168897,8.1598,7.4979,8.827805118766596,0.528301410719109,1100,steel-authority-of-india,Mid Cap,Mar-2025
173672,92657,1,Gujarat Fluorochemicals Ltd.,Chemicals,Chemicals,Domestic Equities,20017.0,20172.0,-0.768391830259766,8.0525,7.2314,11.354647786044199,0.52135433586799,1100,gujarat-fluorochemicals,Mid Cap,Mar-2025
171886,6139,1,Exide Industries Ltd.,Automobile & Ancillaries,Automobile & Ancillaries,Domestic Equities,223018.0,224777.0,-0.7825533751228997,8.0387,7.817699999999999,2.8269184031108923,0.52046086305396,1100,exide-industries,Mid Cap,Mar-2025
177212,94646,1,Hitachi Energy India Ltd.,Capital Goods,Capital Goods,Domestic Equities,6232.0,5196.0,19.93841416474211,7.885800000000001,5.863300000000001,34.494226800607166,0.510561443252132,1100,hitachi-energy-india,Mid Cap,Mar-2025
152367,6359,1,Abbott India Ltd.,Healthcare,Healthcare,Domestic Equities,2556.0,2576.0,-0.7763975155279503,7.8522,7.8299,0.28480568078775187,0.508386031183189,1100,abbott-india,Mid Cap,Mar-2025
171434,4916,1,Astral Ltd.,Plastic Products,Plastic Products,Domestic Equities,60382.0,61057.0,-1.105524346102822,7.8149,8.1648,-4.285469331765629,0.505971064809035,1100,astral,Mid Cap,Mar-2025
133439,5473,1,National Aluminium Company Ltd.,Non - Ferrous Metals,Non - Ferrous Metals,Domestic Equities,439470.0,,,7.7139999999999995,,,0.499438354161524,1100,national-aluminium-company,Mid Cap,Mar-2025
171840,6541,1,UNO Minda Ltd.,Automobile & Ancillaries,Automobile & Ancillaries,Domestic Equities,87619.0,88300.0,-0.7712344280860702,7.671,7.2927,5.187379159981906,0.496654344668532,1100,uno-minda,Mid Cap,Mar-2025
75659,6055,1,Lloyds Metals & Energy Ltd.,Iron & Steel,Iron & Steel,Domestic Equities,59574.0,59951.0,-0.628846891628163,7.6687,6.1216,25.272804495556723,0.49650543253286,1100,lloyds-metals-energy,Mid Cap,Mar-2025
133643,6434,1,Biocon Ltd.,Healthcare,Healthcare,Domestic Equities,220707.0,222333.0,-0.7313354292884997,7.5416,6.724500000000001,12.151089300319715,0.488276418426828,1100,biocon,Mid Cap,Mar-2025
135555,92715,1,360 One Wam Ltd.,Finance,Finance,Domestic Equities,78595.0,,,7.4088,,,0.479678361201958,1100,360-one-wam,Mid Cap,Mar-2025
47051,90577,1,Dalmia Bharat Ltd.,Construction Materials,Construction Materials,Domestic Equities,39030.0,39479.0,-1.137313508447529,7.109500000000001,6.670599999999999,6.57961802536505,0.460300360242592,1100,dalmia-bharat,Mid Cap,Mar-2025
171333,7587,1,United Breweries Ltd.,Alcohol,Alcohol,Domestic Equities,35379.0,37184.0,-4.854238382099828,7.073099999999999,7.236599999999999,-2.259348312743557,0.457943663834571,1100,united-breweries,Mid Cap,Mar-2025
133635,5732,1,Indraprastha Gas Ltd.,Gas Transmission,Gas Transmission,Domestic Equities,343749.0,346436.0,-0.7756122342943574,6.982200000000001,6.564299999999999,6.366253827521606,0.452058397255198,1100,indraprastha-gas,Mid Cap,Mar-2025
171433,6783,1,Berger Paints India Ltd.,Chemicals,Chemicals,Domestic Equities,139537.0,140639.0,-0.7835664360525886,6.9796000000000005,6.870900000000001,1.582034376864749,0.451890061797482,1100,berger-paints-india,Mid Cap,Mar-2025
152325,5528,1,Thermax Ltd.,Capital Goods,Capital Goods,Domestic Equities,18985.0,19131.0,-0.7631592702942868,6.9373000000000005,6.214700000000001,11.627270825623118,0.449151373389259,1100,thermax,Mid Cap,Mar-2025
171565,6678,1,Apollo Tyres Ltd.,Automobile & Ancillaries,Automobile & Ancillaries,Domestic Equities,158058.0,164381.0,-3.8465516087625695,6.7341,6.1528,9.447731114289429,0.435995309924698,1100,apollo-tyres,Small Cap,Mar-2025
19805,15724,1,Syngene International Ltd.,Business Services,Healthcare,Domestic Equities,92667.0,89307.0,3.7623030669488395,6.729500000000001,5.8264,15.500137306055208,0.435697485653355,1100,syngene-international,Mid Cap,Mar-2025
19183,6082,1,Deepak Nitrite Ltd.,Chemicals,Chemicals,Domestic Equities,33689.0,33945.0,-0.7541611430254824,6.6826,6.284199999999999,6.339709111740562,0.432660972973788,1100,deepak-nitrite,Mid Cap,Mar-2025
19098,6973,1,Schaeffler India Ltd.,Automobile & Ancillaries,Automobile & Ancillaries,Domestic Equities,19721.0,19893.0,-0.864625747750465,6.6586,6.089700000000001,9.342003711184455,0.431107107210258,1100,schaeffler-india,Mid Cap,Mar-2025
79346,86555,1,Aditya Birla Capital Ltd.,Finance,Finance,Domestic Equities,349479.0,351552.0,-0.5896709448388858,6.4677999999999995,5.4958,17.686233123476093,0.418753874390188,1100,aditya-birla-capital,Mid Cap,Mar-2025
152079,6815,1,Linde India Ltd.,Inds. Gases & Fuels,Industrials Gases & Fuels,Domestic Equities,10311.0,10391.0,-0.769897026272736,6.452000000000001,6.1588,4.76066766253167,0.41773091276253,1100,linde-india,Mid Cap,Mar-2025
152324,4941,1,ACC Ltd.,Construction Materials,Construction Materials,Domestic Equities,33029.0,33604.0,-1.7111058207356267,6.416399999999999,6.1111,4.995827265140478,0.415426011879959,1100,acc,Mid Cap,Mar-2025
57541,86814,1,General Insurance Corporation of India,Insurance,Finance,Domestic Equities,151532.0,152715.0,-0.7746455816390008,6.381,5.6337,13.264817082911767,0.413134059878751,1100,general-insurance-corporation-of-india,Mid Cap,Mar-2025
114414,5238,1,Bank Of India,Bank,Banking,Domestic Equities,595497.0,600128.0,-0.7716687106750559,6.379,5.710800000000001,11.70063738880716,0.413004571065124,1100,bank-of-india,Mid Cap,Mar-2025
152486,5772,1,AIA Engineering Ltd.,Automobile & Ancillaries,Automobile & Ancillaries,Domestic Equities,19026.0,19177.0,-0.7874015748031495,6.376900000000001,6.024,5.8582337317397215,0.412868607810815,1100,aia-engineering,Mid Cap,Mar-2025
97743,96921,1,Gland Pharma Ltd.,Healthcare,Healthcare,Domestic Equities,38998.0,39301.0,-0.7709727487850182,6.21,6.1027,1.7582381568813834,0.402062766313594,1100,gland-pharma,Small Cap,Mar-2025
44430,82482,1,L&T Technology Services Ltd.,IT,Information Technology,Domestic Equities,13469.0,13562.0,-0.6857395664356289,6.063300000000001,6.1479,-1.3760796369491897,0.392564761834012,1100,lt-technology-services,Mid Cap,Mar-2025
1704,6920,1,L&T Finance Ltd.,Finance,Finance,Domestic Equities,393293.0,397577.0,-1.0775271205326264,6.026,5.356599999999999,12.496733002277576,0.390149795459858,1100,lt-finance,Mid Cap,Mar-2025
83342,79963,1,Bandhan Bank Ltd.,Bank,Banking,Domestic Equities,407117.0,410845.0,-0.9073981671920066,5.955299999999999,5.800700000000001,2.6651955798437985,0.385572365898124,1100,bandhan-bank,Small Cap,Mar-2025
95549,7450,1,Aditya Birla Fashion and Retail Ltd.,Retailing,Retailing,Domestic Equities,230015.0,210451.0,9.29622572475303,5.8946000000000005,5.0961,15.668844802888488,0.381642380404527,1100,aditya-birla-fashion-and-retail,Mid Cap,Mar-2025
152386,5556,1,Glaxosmithkline Pharmaceuticals Ltd.,Healthcare,Healthcare,Domestic Equities,20285.0,20446.0,-0.7874400860804068,5.8427999999999995,5.0611,15.445258935804459,0.378288620131573,1100,glaxosmithkline-pharmaceuticals,Mid Cap,Mar-2025
134823,84770,1,Cochin Shipyard Ltd.,Ship Building,Ship Building,Domestic Equities,41478.0,41800.0,-0.7703349282296651,5.839700000000001,5.3025,10.131070249882136,0.37808791247045,1100,cochin-shipyard,Mid Cap,Mar-2025
57781,87827,1,Bharat Dynamics Ltd.,Capital Goods,Capital Goods,Domestic Equities,45166.0,45517.0,-0.7711404530175539,5.7876,4.4397,30.360159470234464,0.374714728875452,1100,bharat-dynamics,Mid Cap,Mar-2025
171948,7104,1,Emami Ltd.,FMCG,Fast Moving Consumer Goods,Domestic Equities,96623.0,97388.0,-0.7855177229227419,5.6032,5.1611,8.566003371374327,0.362775860258991,1100,emami,Small Cap,Mar-2025
133495,5019,1,Ajanta Pharma Ltd.,Healthcare,Healthcare,Domestic Equities,20629.0,20794.0,-0.7934981244589785,5.4110000000000005,5.1693,4.675681426885666,0.350331985269381,1100,ajanta-pharma,Mid Cap,Mar-2025
76174,111823,1,Bharti Hexacom Ltd.,Telecom,Telecom,Domestic Equities,36856.0,37143.0,-0.7726893358102469,5.395,4.8449,11.354207517183015,0.349296074760361,1100,bharti-hexacom,Mid Cap,Mar-2025
114654,92672,1,Indian Renewable Energy Development Agency Ltd.,Finance,Finance,Domestic Equities,330184.0,332752.0,-0.7717459248930134,5.3024000000000004,5.191599999999999,2.134216811772872,0.343300742689405,1100,indian-renewable-energy-development-agency,Mid Cap,Mar-2025
152370,5063,1,Escorts Kubota Ltd.,Automobile & Ancillaries,Automobile & Ancillaries,Domestic Equities,16258.0,16399.0,-0.8598085249100554,5.2839,4.7048000000000005,12.30870600238054,0.34210297116335,1100,escorts-kubota,Mid Cap,Mar-2025
171580,109023,1,Tata Technologies Ltd.,IT,Information Technology,Domestic Equities,75574.0,76163.0,-0.7733413862374119,5.1383,5.1162,0.43196122121888053,0.332676185531263,1100,tata-technologies,Mid Cap,Mar-2025
133333,4917,1,CRISIL Ltd.,Ratings,Ratings,Domestic Equities,11946.0,12039.0,-0.772489409419387,4.9921,5.283200000000001,-5.509918231374937,0.323210553255088,1100,crisil,Mid Cap,Mar-2025
115032,83788,1,Housing & Urban Development Corporation Ltd.,Finance,Finance,Domestic Equities,245938.0,247854.0,-0.7730357387817021,4.9052,4.0931,19.84070753218831,0.31758426430297,1100,housing-urban-development-corporation,Mid Cap,Mar-2025
102429,100653,1,Global Health Ltd.,Healthcare,Healthcare,Domestic Equities,40790.0,41050.0,-0.633373934226553,4.8879,4.7193000000000005,3.5725637276714792,0.316464186065091,1100,global-health,Small Cap,Mar-2025
133445,6416,1,Apar Industries Ltd.,Capital Goods,Capital Goods,Domestic Equities,8280.0,,,4.5870999999999995,,,0.296989068495505,1100,apar-industries,Mid Cap,Mar-2025
171485,6291,1,Motilal Oswal Financial Services Ltd.,Finance,Finance,Domestic Equities,72816.0,,,4.4807,,,0.290100263610519,1100,motilal-oswal-financial-services,Mid Cap,Mar-2025
509,8487,1,K.P.R. Mill Ltd.,Textile,Textile,Domestic Equities,49202.0,49598.0,-0.7984192911004476,4.4601999999999995,3.9758,12.183711454298505,0.288773003270836,1100,kpr-mill,Small Cap,Mar-2025
645,8087,1,IRB Infrastructure Developers Ltd.,Infrastructure,Infrastructure,Domestic Equities,972218.0,979920.0,-0.785982529186056,4.3905,4.2391000000000005,3.5715128211176865,0.284260318115916,1100,irb-infrastructure-developers,Mid Cap,Mar-2025
196533,104025,1,Motherson Sumi Wiring India Ltd.,Iron & Steel,Iron & Steel,Domestic Equities,831028.0,837490.0,-0.7715913025827175,4.3305,3.9362,10.017275544941825,0.280375653707089,1100,motherson-sumi-wiring-india,Small Cap,Mar-2025
78882,109773,1,JSW Infrastructure Ltd.,Logistics,Logistics,Domestic Equities,133109.0,133548.0,-0.3287207595770809,4.2568,3.4021,25.12271832103702,0.275603990924913,1100,jsw-infrastructure,Mid Cap,Mar-2025
57345,99844,1,AWL Agri Business Ltd.,FMCG,Fast Moving Consumer Goods,Domestic Equities,161595.0,78065.0,107.000576442708,4.1743,1.9216,117.23043297252292,0.270262577362776,1100,awl-agri-business,Mid Cap,Mar-2025
13,7543,1,Tata Investment Corporation Ltd.,Finance,Finance,Domestic Equities,6370.0,6545.0,-2.6737967914438503,4.0244,3.9698,1.3753841503350244,0.26055739078139,1100,tata-investment-corporation,Mid Cap,Mar-2025
152064,6806,1,3M India Ltd.,Diversified,Diversified,Domestic Equities,1385.0,1395.0,-0.7168458781362007,4.0011,3.6685000000000003,9.066375902957608,0.259048846102628,1100,3m-india,Mid Cap,Mar-2025
58178,99657,1,Star Health and Allied Insurance Company Ltd.,Insurance,Finance,Domestic Equities,110552.0,108624.0,1.7749300338783327,3.9427999999999996,4.0767,-3.284519341624363,0.255274247185385,1100,star-health-and-allied-insurance-company,Small Cap,Mar-2025
171853,7249,1,NLC India Ltd.,Power,Power,Domestic Equities,159884.0,161127.0,-0.7714411613199526,3.9119,3.3360000000000003,17.26318944844124,0.253273645014839,1100,nlc-india,Mid Cap,Mar-2025
222979,112566,1,Vishal Mega Mart Ltd.,Retailing,Retailing,Domestic Equities,366010.0,,,3.8152999999999997,,,0.247019335316627,1100,vishal-mega-mart,Mid Cap,Mar-2025
222201,112407,1,NTPC Green Energy Ltd.,Power,Power,Domestic Equities,365122.0,,,3.6735,,,0.237838578430433,1100,ntpc-green-energy,Large Cap,Mar-2025
113787,7539,1,Honeywell Automation India Ltd.,Consumer Durables,Consumer Durables,Domestic Equities,1079.0,1088.0,-0.8272058823529412,3.6345,3.6667,-0.8781738347833276,0.235313546564695,1100,honeywell-automation-india,Mid Cap,Mar-2025
133645,6755,1,Bank Of Maharashtra,Bank,Banking,Domestic Equities,770959.0,776976.0,-0.7744125944688124,3.5726,3.6058999999999997,-0.9234865082226308,0.231305867782922,1100,bank-of-maharashtra,Mid Cap,Mar-2025
137768,15760,1,Gujarat Gas Ltd.,Gas Transmission,Gas Transmission,Domestic Equities,84477.0,85179.0,-0.8241467967456768,3.4833999999999996,3.1546,10.422874532428834,0.225530666695133,1100,gujarat-gas,Mid Cap,Mar-2025
133387,5868,1,Godrej Industries Ltd.,Chemicals,Chemicals,Domestic Equities,30379.0,31531.0,-3.6535473026545304,3.4454000000000002,3.4608,-0.44498381877021603,0.223070379236209,1100,godrej-industries,Mid Cap,Mar-2025
171394,82477,1,Endurance Technologies Ltd.,Automobile & Ancillaries,Automobile & Ancillaries,Domestic Equities,17282.0,17416.0,-0.769407441433165,3.4016,3.0751999999999997,10.613943808532794,0.220234574217765,1100,endurance-technologies,Mid Cap,Mar-2025
1840,4901,1,SJVN Ltd.,Power,Power,Domestic Equities,350525.0,353259.0,-0.7739364036018899,3.2105,2.9713,8.050348332379773,0.207861918075651,1100,sjvn,Mid Cap,Mar-2025
152532,6617,1,Sun TV Network Ltd.,Media & Entertainment,Media & Entertainment,Domestic Equities,48412.0,41965.0,15.3628023352794,3.1464999999999996,2.3563,33.53562789118533,0.203718276039569,1100,sun-tv-network,Small Cap,Mar-2025
77359,100627,1,Waaree Energies Ltd.,Capital Goods,Capital Goods,Domestic Equities,12924.0,,,3.1077999999999997,,,0.201212667495876,1100,waaree-energies,Mid Cap,Mar-2025
217845,112026,1,Premier Energies Ltd.,Electricals,Electricals,Domestic Equities,32308.0,,,3.0302999999999995,,,0.196194975967808,1100,premier-energies,Mid Cap,Mar-2025
176199,111753,1,OLA Electric Mobility Ltd.,Automobile & Ancillaries,Automobile & Ancillaries,Domestic Equities,437184.0,,,2.3193,,,0.150161702723208,1100,ola-electric-mobility,Mid Cap,Mar-2025
58164,86911,1,The New India Assurance Company Ltd.,Insurance,Finance,Domestic Equities,117940.0,118856.0,-0.770680487312378,1.8224,1.6891,7.891776685809019,0.117990206977439,1100,the-new-india-assurance-company,Mid Cap,Mar-2025
171883,5324,1,Mangalore Refinery And Petrochemicals Ltd.,Crude Oil,Crude Oil,Domestic Equities,87482.0,90502.0,-3.3369428299927075,1.1761,0.9575,22.830287206266316,0.0761458968536906,1100,mangalore-refinery-and-petrochemicals,Small Cap,Mar-2025
76200,82667,1,BSE Ltd.,Finance,Finance,Domestic Equities,67016.0,66521.0,0.7441259151245472,42.615500000000004,36.4522,16.907895819731056,2.64087188507325,1100,bse,Mid Cap,Apr-2025
77009,96064,1,Max Healthcare Institute Ltd.,Healthcare,Healthcare,Domestic Equities,366925.0,364219.0,0.7429595929921284,40.295700000000004,39.953,0.8577578654919525,2.49711445880833,1100,max-healthcare-institute,Mid Cap,Apr-2025
152473,5056,1,Suzlon Energy Ltd.,Capital Goods,Capital Goods,Domestic Equities,5860083.0,5816856.0,0.7431334040244421,33.0509,32.9583,0.28096109326027796,2.04815601333711,1100,suzlon-energy,Mid Cap,Apr-2025
57445,86554,1,Dixon Technologies (India) Ltd.,Consumer Durables,Consumer Durables,Domestic Equities,19040.0,18900.0,0.7407407407407408,31.3246,24.909299999999998,25.754637826032855,1.94117763375217,1100,dixon-technologies-india,Mid Cap,Apr-2025
95548,5980,1,Persistent Systems Ltd.,IT,Information Technology,Domestic Equities,52569.0,52181.0,0.7435656656637474,27.9746,28.7713,-2.7690789084956213,1.7335789709418,1100,persistent-systems,Mid Cap,Apr-2025
38803,5403,1,Indus Towers Ltd.,Telecom,Telecom,Domestic Equities,652512.0,647698.0,0.7432476246645814,26.6355,21.6525,23.013508832698314,1.65059527859273,1100,indus-towers,Large Cap,Apr-2025
157113,99763,1,PB Fintech Ltd.,IT,Information Technology,Domestic Equities,163382.0,162176.0,0.743636543014996,26.554499999999997,25.7819,2.9966759625939035,1.64557572883523,1100,pb-fintech,Mid Cap,Apr-2025
152211,6247,1,Lupin Ltd.,Healthcare,Healthcare,Domestic Equities,119253.0,118373.0,0.7434127714934994,24.9907,24.0055,4.1040594863677065,1.54866743364034,1100,lupin,Mid Cap,Apr-2025
133657,7260,1,Coforge Ltd.,IT,Information Technology,Domestic Equities,32886.0,32643.0,0.7444168734491315,24.023200000000003,26.4709,-9.246757760408599,1.48871170042571,1100,coforge,Mid Cap,Apr-2025
171685,5596,1,The Federal Bank Ltd.,Bank,Banking,Domestic Equities,1210452.0,1201523.0,0.743140164607752,23.807199999999998,23.156999999999996,2.8077903009889016,1.4753262344057,1100,the-federal-bank,Mid Cap,Apr-2025
114530,88033,1,HDFC Asset Management Company Ltd.,Finance,Finance,Domestic Equities,50090.0,49721.0,0.7421411476036283,21.9114,19.9575,9.790304396843286,1.35784398218005,1100,hdfc-asset-management-company,Mid Cap,Apr-2025
165,7447,1,SRF Ltd.,Chemicals,Chemicals,Domestic Equities,71640.0,71109.0,0.746740918871029,21.555799999999998,20.9,3.1377990430621976,1.33580753904711,1100,srf,Mid Cap,Apr-2025
7737,15826,1,IDFC First Bank Ltd.,Bank,Banking,Domestic Equities,3060880.0,3038301.0,0.7431455935406005,19.8621,16.6985,18.945414258765766,1.23084937331519,1100,idfc-first-bank,Mid Cap,Apr-2025
171877,6125,1,Cummins India Ltd.,Automobile & Ancillaries,Automobile & Ancillaries,Domestic Equities,66797.0,66304.0,0.7435448841698842,19.3404,20.235,-4.42105263157895,1.19851975469185,1100,cummins-india,Large Cap,Apr-2025
141614,85778,1,AU Small Finance Bank Ltd.,Bank,Banking,Domestic Equities,277154.0,275109.0,0.7433417300051979,18.8077,14.7073,27.880032364880027,1.1655084688175,1100,au-small-finance-bank,Mid Cap,Apr-2025
171327,5699,1,Marico Ltd.,FMCG,Fast Moving Consumer Goods,Domestic Equities,260566.0,258643.0,0.7434958610903832,18.5119,16.8545,9.833575602954701,1.1471778167401,1100,marico,Mid Cap,Apr-2025
171365,5279,1,Hindustan Petroleum Corporation Ltd.,Crude Oil,Crude Oil,Domestic Equities,474248.0,470749.0,0.743283575748435,17.9598,16.9634,5.873822464836065,1.11296431771394,1100,hindustan-petroleum-corporation,Mid Cap,Apr-2025
599,7495,1,Sundaram Finance Ltd.,Finance,Finance,Domestic Equities,33988.0,33737.0,0.7439902777366096,17.8661,15.4328,15.767067544450775,1.10715775213026,1100,sundaram-finance,Mid Cap,Apr-2025
152636,5140,1,Fortis Healthcare Ltd.,Healthcare,Healthcare,Domestic Equities,257269.0,255370.0,0.7436268943102166,17.6371,17.8338,-1.1029617916540542,1.09296667935905,1100,fortis-healthcare,Mid Cap,Apr-2025
171465,6543,1,Aurobindo Pharma Ltd.,Healthcare,Healthcare,Domestic Equities,138082.0,137063.0,0.7434537402508336,16.971700000000002,15.906199999999998,6.698645811067394,1.0517320076474,1100,aurobindo-pharma,Mid Cap,Apr-2025
171820,5969,1,Colgate-Palmolive (India) Ltd.,FMCG,Fast Moving Consumer Goods,Domestic Equities,65053.0,64573.0,0.7433447416102705,16.8318,15.431700000000001,9.072882443282333,1.04306243960944,1100,colgate-palmolive-india,Mid Cap,Apr-2025
171635,7381,1,UPL Ltd.,Chemicals,Chemicals,Domestic Equities,249863.0,248019.0,0.7434914260601002,16.7383,15.7802,6.071532680194164,1.03726826797577,1100,upl,Mid Cap,Apr-2025
152222,5634,1,Max Financial Services Ltd.,Finance,Finance,Domestic Equities,127373.0,126432.0,0.7442736016198431,16.6222,14.5106,14.552120518793163,1.03007357999002,1100,max-financial-services,Mid Cap,Apr-2025
152455,7030,1,Yes Bank Ltd.,Bank,Banking,Domestic Equities,9308395.0,9239731.0,0.7431385177771951,16.494500000000002,15.5967,5.756345893682636,1.02216004290319,1100,yes-bank,Mid Cap,Apr-2025
171946,6864,1,Godrej Properties Ltd.,Realty,Realty,Domestic Equities,74462.0,73912.0,0.7441281523974456,16.095,15.7403,2.2534513319314136,0.997403127741174,1100,godrej-properties,Mid Cap,Apr-2025
171659,5756,1,Ashok Leyland Ltd.,Automobile & Ancillaries,Automobile & Ancillaries,Domestic Equities,706179.0,700970.0,0.7431131146839379,15.9109,14.315199999999999,11.146892813233482,0.985994496749117,1100,ashok-leyland,Mid Cap,Apr-2025
171839,6306,1,Solar Industries India Ltd.,Chemicals,Chemicals,Domestic Equities,12027.0,11939.0,0.7370801574671245,15.842,13.4242,18.010756693136273,0.981724780967734,1100,solar-industries-india,Mid Cap,Apr-2025
152551,7908,1,GMR Airports Ltd.,Infrastructure,Aviation,Domestic Equities,1770593.0,1757532.0,0.7431443638010574,15.4378,13.309800000000001,15.988219206900176,0.956676607980285,1100,gmr-airports,Mid Cap,Apr-2025
101370,86936,1,Tube Investments of India Ltd.,Automobile & Ancillaries,Automobile & Ancillaries,Domestic Equities,53097.0,52704.0,0.7456739526411658,15.390699999999999,14.5956,5.44753213297158,0.953757832750922,1100,tube-investments-of-india,Mid Cap,Apr-2025
122,5767,1,The Phoenix Mills Ltd.,Realty,Realty,Domestic Equities,92057.0,91378.0,0.7430672590776773,15.322899999999999,15.0161,2.043140362677397,0.94955628369464,1100,the-phoenix-mills,Mid Cap,Apr-2025
152118,7308,1,PI Industries Ltd.,Chemicals,Chemicals,Domestic Equities,39992.0,39696.0,0.7456670697299477,14.5579,13.6086,6.975735931690259,0.902149424873764,1100,pi-industries,Mid Cap,Apr-2025
152369,6790,1,Bharat Forge Ltd.,Automobile & Ancillaries,Automobile & Ancillaries,Domestic Equities,131654.0,130676.0,0.7484159294744253,14.5372,15.277999999999999,-4.848802199240733,0.900866651046846,1100,bharat-forge,Mid Cap,Apr-2025
152795,99590,1,One97 Communications Ltd.,IT,Information Technology,Domestic Equities,168064.0,166824.0,0.7432983263798973,14.533299999999999,13.0698,11.197569970466258,0.900624969021485,1100,one97-communications,Mid Cap,Apr-2025
587,7648,1,APL Apollo Tubes Ltd.,Iron & Steel,Iron & Steel,Domestic Equities,89436.0,88776.0,0.7434441741011084,14.4868,13.5406,6.9878735063438935,0.897743375642177,1100,apl-apollo-tubes,Mid Cap,Apr-2025
152574,8059,1,Torrent Power Ltd.,Power,Power,Domestic Equities,93926.0,93233.0,0.7432990464749606,14.456199999999999,13.8623,4.284281829133684,0.895847101289342,1100,torrent-power,Mid Cap,Apr-2025
133342,5963,1,Bharat Heavy Electricals Ltd.,Capital Goods,Capital Goods,Domestic Equities,634568.0,629886.0,0.743309106727249,14.3945,13.6326,5.588809177999798,0.892023567708625,1100,bharat-heavy-electricals,Mid Cap,Apr-2025
171321,7864,1,Page Industries Ltd.,Textile,Textile,Domestic Equities,3113.0,3090.0,0.7443365695792881,14.1999,13.1924,7.636972802522665,0.879964254340596,1100,page-industries,Mid Cap,Apr-2025
152379,5838,1,Voltas Ltd.,Consumer Durables,Consumer Durables,Domestic Equities,112388.0,111558.0,0.7440076014270603,13.8923,16.273,-14.629754808578625,0.860902359212097,1100,voltas,Mid Cap,Apr-2025
19255,6350,1,Mphasis Ltd.,IT,Information Technology,Domestic Equities,56114.0,55698.0,0.7468849868936047,13.8545,13.9256,-0.5105704601596986,0.858559902658595,1100,mphasis,Mid Cap,Apr-2025
134131,90516,1,Polycab India Ltd.,Electricals,Electricals,Domestic Equities,24900.0,24716.0,0.7444570318821816,13.7448,12.7237,8.025181354480232,0.851761821073432,1100,polycab-india,Large Cap,Apr-2025
1152,105806,1,Mankind Pharma Ltd.,Healthcare,Healthcare,Domestic Equities,55745.0,55334.0,0.742762135395959,13.742799999999999,13.4171,2.427499236049514,0.851637881573246,1100,mankind-pharma,Mid Cap,Apr-2025
152238,8313,1,MRF Ltd.,Automobile & Ancillaries,Automobile & Ancillaries,Domestic Equities,1000.0,993.0,0.7049345417925479,13.4505,11.1889,20.2128895601891,0.833524123621165,1100,mrf,Mid Cap,Apr-2025
96004,7992,1,Jubilant FoodWorks Ltd.,FMCG,Fast Moving Consumer Goods,Domestic Equities,187879.0,186493.0,0.7431914334586285,13.4409,12.3897,8.48446693624542,0.832929214020276,1100,jubilant-foodworks,Mid Cap,Apr-2025
38931,15891,1,Alkem Laboratories Ltd.,Healthcare,Healthcare,Domestic Equities,26242.0,26048.0,0.7447788697788698,13.4254,12.7159,5.5796286538900155,0.83196868289384,1100,alkem-laboratories,Mid Cap,Apr-2025
153586,8183,1,NHPC Ltd.,Power,Power,Domestic Equities,1562042.0,1550520.0,0.7431055387869876,13.400799999999998,12.7453,5.143072348238171,0.830444227041561,1100,nhpc,Mid Cap,Apr-2025
191600,99819,1,FSN E-Commerce Ventures Ltd.,Retailing,Information Technology,Domestic Equities,672830.0,667867.0,0.7431120267957543,13.0778,11.9602,9.344325345730004,0.810427997761635,1100,fsn-e-commerce-ventures,Mid Cap,Apr-2025
77639,92991,1,SBI Cards And Payment Services Ltd.,Finance,Finance,Domestic Equities,147876.0,146785.0,0.7432639574888442,12.9177,12.9332,-0.11984659635665997,0.800506640771802,1100,sbi-cards-and-payment-services,Mid Cap,Apr-2025
19182,5589,1,Coromandel International Ltd.,Chemicals,Chemicals,Domestic Equities,58299.0,57868.0,0.7447985069468446,12.9086,11.47,12.542284219703564,0.799942716045959,1100,coromandel-international,Mid Cap,Apr-2025
133608,7612,1,Union Bank Of India,Bank,Banking,Domestic Equities,953946.0,946909.0,0.7431548332521921,11.9987,11.9481,0.4234982968003236,0.743556440436659,1100,union-bank-of-india,Mid Cap,Apr-2025
133642,6320,1,Petronet LNG Ltd.,Inds. Gases & Fuels,Industrials Gases & Fuels,Domestic Equities,370025.0,367295.0,0.7432717570345363,11.6095,10.783800000000001,7.65685565385114,0.7194378137006,1100,petronet-lng,Mid Cap,Apr-2025
77293,6578,1,Muthoot Finance Ltd.,Finance,Finance,Domestic Equities,52935.0,52544.0,0.744138246041413,11.486400000000001,12.5207,-8.260720247270507,0.711809337464195,1100,muthoot-finance,Mid Cap,Apr-2025
153260,8051,1,Prestige Estates Projects Ltd.,Realty,Realty,Domestic Equities,83285.0,82670.0,0.7439216160638684,11.4525,9.7914,16.96488755438446,0.709708562936054,1100,prestige-estates-projects,Mid Cap,Apr-2025
56674,5695,1,Supreme Industries Ltd.,Plastic Products,Plastic Products,Domestic Equities,31919.0,31683.0,0.74487895716946,11.2961,10.8554,4.059730640971308,0.700016494021564,1100,supreme-industries,Mid Cap,Apr-2025
114652,92620,1,Indian Railway Catering And Tourism Corporation Ltd.,Hospitality,Hospitality,Domestic Equities,148927.0,147828.0,0.7434315555916335,11.1919,10.7545,4.067134687805106,0.69355924606191,1100,indian-railway-catering-and-tourism-corporation,Mid Cap,Apr-2025
677,6026,1,Oil India Ltd.,Crude Oil,Crude Oil,Domestic Equities,269263.0,267277.0,0.7430493458097778,11.06,10.3369,6.99532741924561,0.68538543602469,1100,oil-india,Mid Cap,Apr-2025
19275,7232,1,NMDC Ltd.,Mining,Mining,Domestic Equities,1706348.0,1693760.0,0.7431985641413188,11.055399999999999,11.668299999999999,-5.252693194381355,0.685100375174264,1100,nmdc,Mid Cap,Apr-2025
133317,6810,1,Blue Star Ltd.,Consumer Durables,Consumer Durables,Domestic Equities,64062.0,63589.0,0.7438393432826432,10.9309,13.5852,-19.538173895121165,0.677385141287729,1100,blue-star,Mid Cap,Apr-2025
1427,98308,1,Sona BLW Precision Forgings Ltd.,Automobile & Ancillaries,Automobile & Ancillaries,Domestic Equities,221500.0,219866.0,0.7431799368706393,10.6575,10.1402,5.101477288416404,0.660442611612399,1100,sona-blw-precision-forgings,Mid Cap,Apr-2025
79,7951,1,Balkrishna Industries Ltd.,Automobile & Ancillaries,Automobile & Ancillaries,Domestic Equities,39545.0,39252.0,0.7464587791704881,10.5787,10.0281,5.4905714941015695,0.655559395305098,1100,balkrishna-industries,Mid Cap,Apr-2025
171336,8097,1,JK Cement Ltd.,Construction Materials,Construction Materials,Domestic Equities,20656.0,20503.0,0.7462322586938497,10.560799999999999,10.1134,4.423833725552227,0.65445013677844,1100,jk-cement,Mid Cap,Apr-2025
152296,7356,1,Patanjali Foods Ltd.,FMCG,Fast Moving Consumer Goods,Domestic Equities,54709.0,54305.0,0.7439462296289476,10.4275,9.8205,6.180948016903421,0.64618956909109,1100,patanjali-foods,Mid Cap,Apr-2025
133463,8505,1,Glenmark Pharmaceuticals Ltd.,Healthcare,Healthcare,Domestic Equities,74339.0,73790.0,0.7440032524732348,10.2677,11.371400000000001,-9.705928909369128,0.636286803026284,1100,glenmark-pharmaceuticals,Mid Cap,Apr-2025
171698,8307,1,Oracle Financial Services Software Ltd.,IT,Information Technology,Domestic Equities,11679.0,11593.0,0.7418269645475718,10.1858,9.1015,11.913420864692641,0.631211480493697,1100,oracle-financial-services-software,Mid Cap,Apr-2025
123299,91366,1,KPIT Technologies Ltd.,IT,Information Technology,Domestic Equities,80591.0,79997.0,0.7425278447941798,10.1029,10.459200000000001,-3.4065702921829684,0.626074188211016,1100,kpit-technologies,Mid Cap,Apr-2025
152608,7159,1,Indian Bank,Bank,Banking,Domestic Equities,174463.0,173176.0,0.7431745738439507,9.8711,9.374,5.302965649669302,0.61170960013954,1100,indian-bank,Mid Cap,Apr-2025
152323,7533,1,Tata Elxsi Ltd.,IT,Information Technology,Domestic Equities,17113.0,16987.0,0.7417436863483841,9.8674,8.857999999999999,11.395348837209308,0.611480312064197,1100,tata-elxsi,Mid Cap,Apr-2025
756,88308,1,Rail Vikas Nigam Ltd.,Infrastructure,Infrastructure,Domestic Equities,280244.0,278176.0,0.7434142413436098,9.8029,9.7876,0.1563202419387769,0.607483263183222,1100,rail-vikas-nigam,Large Cap,Apr-2025
171444,98250,1,Kalyan Jewellers India Ltd.,Diamond  &  Jewellery,Diamond & Jewellery,Domestic Equities,189611.0,188212.0,0.7433107347034196,9.794400000000001,8.7942,11.373405198881093,0.606956520307434,1100,kalyan-jewellers-india,Mid Cap,Apr-2025
152616,7532,1,Vodafone Idea Ltd.,Telecom,Telecom,Domestic Equities,13610770.0,12713987.0,7.053515156181928,9.690900000000001,8.6455,12.091839685385471,0.600542651172845,1100,vodafone-idea,Mid Cap,Apr-2025
352,7184,1,Ipca Laboratories Ltd.,Healthcare,Healthcare,Domestic Equities,68609.0,68102.0,0.7444715280021145,9.6135,10.228200000000001,-6.009855106470349,0.595746192515674,1100,ipca-laboratories,Mid Cap,Apr-2025
151967,5716,1,GE Vernova T&D India Ltd.,Capital Goods,Capital Goods,Domestic Equities,61197.0,60745.0,0.7440941641287349,9.5841,9.4686,1.219821304099862,0.59392428186295,1100,ge-vernova-td-india,Mid Cap,Apr-2025
153691,5278,1,Oberoi Realty Ltd.,Realty,Realty,Domestic Equities,58109.0,57679.0,0.745505296555072,9.5392,9.4444,1.0037694295031876,0.59114184008379,1100,oberoi-realty,Mid Cap,Apr-2025
133630,5815,1,Jindal Stainless Ltd.,Iron & Steel,Iron & Steel,Domestic Equities,160016.0,158835.0,0.7435388925614631,9.330499999999999,9.2378,1.003485678408277,0.578208753239455,1100,jindal-stainless,Mid Cap,Apr-2025
113892,8292,1,KEI Industries Ltd.,Electricals,Electricals,Domestic Equities,30435.0,30210.0,0.7447864945382324,9.3241,8.7393,6.69161145629513,0.577812146838862,1100,kei-industries,Mid Cap,Apr-2025
134830,88309,1,Mazagon Dock Shipbuilders Ltd.,Ship Building,Ship Building,Domestic Equities,30297.0,32142.0,-5.740153070748553,9.2636,8.4977,9.013027054379425,0.574062976958256,1100,mazagon-dock-shipbuilders,Mid Cap,Apr-2025
171509,5522,1,Tata Communications Ltd.,Telecom,Telecom,Domestic Equities,57981.0,57553.0,0.7436623633867913,9.2271,9.083,1.5864802378069012,0.571801081079875,1100,tata-communications,Mid Cap,Apr-2025
75891,5355,1,Container Corporation Of India Ltd.,Logistics,Logistics,Domestic Equities,136092.0,135088.0,0.7432192348691223,9.1685,9.3427,-1.8645573549402166,0.568169653724446,1100,container-corporation-of-india,Mid Cap,Apr-2025
177212,94646,1,Hitachi Energy India Ltd.,Capital Goods,Capital Goods,Domestic Equities,6278.0,6232.0,0.7381258023106547,9.1213,7.885800000000001,15.667402165918478,0.565244681520073,1100,hitachi-energy-india,Mid Cap,Apr-2025
152207,5372,1,LIC Housing Finance Ltd.,Finance,Finance,Domestic Equities,148448.0,147352.0,0.7437971659699224,8.921,8.3084,7.373260796302536,0.552832140576515,1100,lic-housing-finance,Mid Cap,Apr-2025
97125,90518,1,Adani Total Gas Ltd.,Gas Transmission,Gas Transmission,Domestic Equities,136948.0,135937.0,0.7437268734781552,8.2196,8.1916,0.3418135651154925,0.509366557861532,1100,adani-total-gas,Mid Cap,Apr-2025
171434,4916,1,Astral Ltd.,Plastic Products,Plastic Products,Domestic Equities,60831.0,60382.0,0.7435990858202776,8.1824,7.8149,4.702555374988803,0.507061283158085,1100,astral,Mid Cap,Apr-2025
133351,5368,1,Steel Authority Of India Ltd.,Iron & Steel,Iron & Steel,Domestic Equities,713704.0,708439.0,0.7431832521924965,8.115499999999999,8.1598,-0.5429054633692081,0.502915506876887,1100,steel-authority-of-india,Mid Cap,Apr-2025
133407,5997,1,Hindustan Zinc Ltd.,Non - Ferrous Metals,Non - Ferrous Metals,Domestic Equities,181035.0,179699.0,0.7434654616887127,7.9511,8.3003,-4.207076852643875,0.492727679961656,1100,hindustan-zinc,Large Cap,Apr-2025
171886,6139,1,Exide Industries Ltd.,Automobile & Ancillaries,Automobile & Ancillaries,Domestic Equities,224676.0,223018.0,0.7434377494193294,7.903,8.0387,-1.6880838941619976,0.489746934982199,1100,exide-industries,Mid Cap,Apr-2025
171840,6541,1,UNO Minda Ltd.,Automobile & Ancillaries,Automobile & Ancillaries,Domestic Equities,88271.0,87619.0,0.744130839201543,7.8932,7.671,2.8966236475035885,0.489139631431291,1100,uno-minda,Mid Cap,Apr-2025
173672,92657,1,Gujarat Fluorochemicals Ltd.,Chemicals,Chemicals,Domestic Equities,20166.0,20017.0,0.7443672878053654,7.85,8.0525,-2.5147469729897547,0.486462538227289,1100,gujarat-fluorochemicals,Mid Cap,Apr-2025
135555,92715,1,360 One Wam Ltd.,Finance,Finance,Domestic Equities,79180.0,78595.0,0.7443221578980851,7.8075,7.4088,5.381438289601555,0.483828823848351,1100,360-one-wam,Mid Cap,Apr-2025
152367,6359,1,Abbott India Ltd.,Healthcare,Healthcare,Domestic Equities,2575.0,2556.0,0.7433489827856025,7.7211,7.8522,-1.6695957820738156,0.478474637440346,1100,abbott-india,Mid Cap,Apr-2025
171333,7587,1,United Breweries Ltd.,Alcohol,Alcohol,Domestic Equities,35643.0,35379.0,0.7462053760705504,7.6989,7.073099999999999,8.84760571743649,0.47709890898829,1100,united-breweries,Mid Cap,Apr-2025
152519,8782,1,Mahindra & Mahindra Financial Services Ltd.,Finance,Finance,Domestic Equities,292251.0,290095.0,0.7432048122166877,7.6584,8.2097,-6.715227109394983,0.474589134109537,1100,mahindra-mahindra-financial-services,Mid Cap,Apr-2025
171433,6783,1,Berger Paints India Ltd.,Chemicals,Chemicals,Domestic Equities,140574.0,139537.0,0.7431720618903946,7.65,6.9796000000000005,9.605134964754422,0.474068588208759,1100,berger-paints-india,Mid Cap,Apr-2025
47051,90577,1,Dalmia Bharat Ltd.,Construction Materials,Construction Materials,Domestic Equities,39320.0,39030.0,0.7430181911350243,7.6387,7.109500000000001,7.443561431886906,0.473368330032712,1100,dalmia-bharat,Mid Cap,Apr-2025
171565,6678,1,Apollo Tyres Ltd.,Automobile & Ancillaries,Automobile & Ancillaries,Domestic Equities,159233.0,158058.0,0.743397993141758,7.5142,6.7341,11.584324557104884,0.465653096146178,1100,apollo-tyres,Small Cap,Apr-2025
75659,6055,1,Lloyds Metals & Energy Ltd.,Iron & Steel,Iron & Steel,Domestic Equities,60017.0,59574.0,0.7436129855306006,7.2212,7.6687,-5.835408869821482,0.447495959369032,1100,lloyds-metals-energy,Mid Cap,Apr-2025
133643,6434,1,Biocon Ltd.,Healthcare,Healthcare,Domestic Equities,222347.0,220707.0,0.743066599609437,7.1551,7.5416,-5.124907181499944,0.443399758887908,1100,biocon,Mid Cap,Apr-2025
57781,87827,1,Bharat Dynamics Ltd.,Capital Goods,Capital Goods,Domestic Equities,45502.0,45166.0,0.7439224195191073,6.96,5.7876,20.257101389176864,0.431309460644832,1100,bharat-dynamics,Mid Cap,Apr-2025
133439,5473,1,National Aluminium Company Ltd.,Non - Ferrous Metals,Non - Ferrous Metals,Domestic Equities,442736.0,439470.0,0.7431679067968234,6.9275,7.7139999999999995,-10.195747990666318,0.429295443766821,1100,national-aluminium-company,Mid Cap,Apr-2025
79346,86555,1,Aditya Birla Capital Ltd.,Finance,Finance,Domestic Equities,352077.0,349479.0,0.743392306833887,6.9134,6.4677999999999995,6.889514208850005,0.428421670290514,1100,aditya-birla-capital,Mid Cap,Apr-2025
114414,5238,1,Bank Of India,Bank,Banking,Domestic Equities,599922.0,595497.0,0.743076791318848,6.908099999999999,6.379,8.294403511522178,0.428093230615023,1100,bank-of-india,Mid Cap,Apr-2025
19098,6973,1,Schaeffler India Ltd.,Automobile & Ancillaries,Automobile & Ancillaries,Domestic Equities,19867.0,19721.0,0.7403275695958623,6.8996,6.6586,3.619379449133455,0.427566487739236,1100,schaeffler-india,Mid Cap,Apr-2025
83342,79963,1,Bandhan Bank Ltd.,Bank,Banking,Domestic Equities,410143.0,407117.0,0.743275274675339,6.7928,5.955299999999999,14.063103454066125,0.420948118429341,1100,bandhan-bank,Small Cap,Apr-2025
133635,5732,1,Indraprastha Gas Ltd.,Gas Transmission,Gas Transmission,Domestic Equities,346304.0,343749.0,0.7432748895269513,6.6695,6.982200000000001,-4.478531121995929,0.413307248242918,1100,indraprastha-gas,Mid Cap,Apr-2025
134823,84770,1,Cochin Shipyard Ltd.,Ship Building,Ship Building,Domestic Equities,41787.0,41478.0,0.7449732388254015,6.65,5.839700000000001,13.87571279346541,0.412098838116111,1100,cochin-shipyard,Mid Cap,Apr-2025
152079,6815,1,Linde India Ltd.,Inds. Gases & Fuels,Industrials Gases & Fuels,Domestic Equities,10387.0,10311.0,0.7370769081563379,6.5812,6.452000000000001,2.0024798512089212,0.407835319309737,1100,linde-india,Mid Cap,Apr-2025
19183,6082,1,Deepak Nitrite Ltd.,Chemicals,Chemicals,Domestic Equities,33940.0,33689.0,0.7450503131585978,6.569400000000001,6.6826,-1.6939514560201023,0.407104076258643,1100,deepak-nitrite,Mid Cap,Apr-2025
1704,6920,1,L&T Finance Ltd.,Finance,Finance,Domestic Equities,396216.0,393293.0,0.7432118039222666,6.504700000000001,6.026,7.94390972452705,0.403094633427649,1100,lt-finance,Mid Cap,Apr-2025
57541,86814,1,General Insurance Corporation of India,Insurance,Finance,Domestic Equities,152662.0,151532.0,0.7457170762611197,6.3683000000000005,6.381,-0.1990283654599564,0.394641959515012,1100,general-insurance-corporation-of-india,Mid Cap,Apr-2025
152325,5528,1,Thermax Ltd.,Capital Goods,Capital Goods,Domestic Equities,19126.0,18985.0,0.7426915986304978,6.2949,6.9373000000000005,-9.260086777276463,0.390093379858212,1100,thermax,Mid Cap,Apr-2025
152324,4941,1,ACC Ltd.,Construction Materials,Construction Materials,Domestic Equities,33275.0,33029.0,0.744800024221139,6.2823,6.416399999999999,-2.0899569852253554,0.389312561007044,1100,acc,Mid Cap,Apr-2025
76174,111823,1,Bharti Hexacom Ltd.,Telecom,Telecom,Domestic Equities,37130.0,36856.0,0.7434339049272846,6.271599999999999,5.395,16.248378127896192,0.388649484681053,1100,bharti-hexacom,Mid Cap,Apr-2025
152486,5772,1,AIA Engineering Ltd.,Automobile & Ancillaries,Automobile & Ancillaries,Domestic Equities,19167.0,19026.0,0.7410911384421318,6.1217,6.376900000000001,-4.001944518496463,0.379360219142165,1100,aia-engineering,Mid Cap,Apr-2025
95549,7450,1,Aditya Birla Fashion and Retail Ltd.,Retailing,Retailing,Domestic Equities,231725.0,230015.0,0.7434297763189357,6.1071,5.8946000000000005,3.6049944016557527,0.378455460790812,1100,aditya-birla-fashion-and-retail,Mid Cap,Apr-2025
171948,7104,1,Emami Ltd.,FMCG,Fast Moving Consumer Goods,Domestic Equities,97341.0,96623.0,0.743094294319158,6.080900000000001,5.6032,8.5254854368932,0.376831853338385,1100,emami,Small Cap,Apr-2025
152386,5556,1,Glaxosmithkline Pharmaceuticals Ltd.,Healthcare,Healthcare,Domestic Equities,20436.0,20285.0,0.7443924081833867,6.0585,5.8427999999999995,3.6917231464366482,0.37544373093631,1100,glaxosmithkline-pharmaceuticals,Mid Cap,Apr-2025
19805,15724,1,Syngene International Ltd.,Business Services,Healthcare,Domestic Equities,93356.0,92667.0,0.7435225053147291,5.9192,6.729500000000001,-12.041013448250254,0.366811344748404,1100,syngene-international,Mid Cap,Apr-2025
44430,82482,1,L&T Technology Services Ltd.,IT,Information Technology,Domestic Equities,13568.0,13469.0,0.735021159700052,5.776,6.063300000000001,-4.738343806178157,0.357937276535136,1100,lt-technology-services,Mid Cap,Apr-2025
133495,5019,1,Ajanta Pharma Ltd.,Healthcare,Healthcare,Domestic Equities,20782.0,20629.0,0.7416743419458045,5.6238,5.4110000000000005,3.9327296248382875,0.348505480571035,1100,ajanta-pharma,Mid Cap,Apr-2025
114654,92672,1,Indian Renewable Energy Development Agency Ltd.,Finance,Finance,Domestic Equities,332638.0,330184.0,0.7432219610883629,5.5571,5.3024000000000004,4.803485214242612,0.344372098239856,1100,indian-renewable-energy-development-agency,Mid Cap,Apr-2025
115032,83788,1,Housing & Urban Development Corporation Ltd.,Finance,Finance,Domestic Equities,247765.0,245938.0,0.7428701542665225,5.5366,4.9052,12.87205414661991,0.343101718362956,1100,housing-urban-development-corporation,Mid Cap,Apr-2025
97743,96921,1,Gland Pharma Ltd.,Healthcare,Healthcare,Domestic Equities,39289.0,38998.0,0.7461921124160213,5.5005,6.21,-11.425120772946867,0.340864610384612,1100,gland-pharma,Small Cap,Apr-2025
133333,4917,1,CRISIL Ltd.,Ratings,Ratings,Domestic Equities,12034.0,11946.0,0.7366482504604052,5.3584000000000005,4.9921,7.337593397568168,0.332058708896446,1100,crisil,Mid Cap,Apr-2025
152370,5063,1,Escorts Kubota Ltd.,Automobile & Ancillaries,Automobile & Ancillaries,Domestic Equities,16379.0,16258.0,0.7442489851150204,5.337899999999999,5.2839,1.0219724067450136,0.330788329019547,1100,escorts-kubota,Mid Cap,Apr-2025
171580,109023,1,Tata Technologies Ltd.,IT,Information Technology,Domestic Equities,76136.0,75574.0,0.7436419932781115,5.0086,5.1383,-2.5241811494073967,0.310381690314038,1100,tata-technologies,Mid Cap,Apr-2025
509,8487,1,K.P.R. Mill Ltd.,Textile,Textile,Domestic Equities,49568.0,49202.0,0.7438722003170603,4.9432,4.4601999999999995,10.829110802206182,0.306328868657979,1100,kpr-mill,Small Cap,Apr-2025
102429,100653,1,Global Health Ltd.,Healthcare,Healthcare,Domestic Equities,41101.0,40790.0,0.7624417749448394,4.9206,4.8879,0.6689989566071282,0.304928352305885,1100,global-health,Small Cap,Apr-2025
171485,6291,1,Motilal Oswal Financial Services Ltd.,Finance,Finance,Domestic Equities,73358.0,72816.0,0.7443419028784882,4.788399999999999,4.4807,6.867230566652529,0.296735951343637,1100,motilal-oswal-financial-services,Mid Cap,Apr-2025
133445,6416,1,Apar Industries Ltd.,Capital Goods,Capital Goods,Domestic Equities,8341.0,8280.0,0.7367149758454106,4.673500000000001,4.5870999999999995,1.8835429792243559,0.289615627057992,1100,apar-industries,Mid Cap,Apr-2025
196533,104025,1,Motherson Sumi Wiring India Ltd.,Iron & Steel,Iron & Steel,Domestic Equities,837204.0,831028.0,0.7431759218702619,4.6682,4.3305,7.798175730285182,0.289287187382501,1100,motherson-sumi-wiring-india,Small Cap,Apr-2025
645,8087,1,IRB Infrastructure Developers Ltd.,Infrastructure,Infrastructure,Domestic Equities,979444.0,972218.0,0.7432489421096915,4.4663,4.3905,1.7264548456895532,0.276775494838795,1100,irb-infrastructure-developers,Mid Cap,Apr-2025
222979,112566,1,Vishal Mega Mart Ltd.,Retailing,Retailing,Domestic Equities,368730.0,366010.0,0.7431490942870413,4.3687000000000005,3.8152999999999997,14.504757161953197,0.270727247229752,1100,vishal-mega-mart,Mid Cap,Apr-2025
57345,99844,1,AWL Agri Business Ltd.,FMCG,Fast Moving Consumer Goods,Domestic Equities,162796.0,161595.0,0.7432160648534918,4.3475,4.1743,4.149198668040149,0.269413488527788,1100,awl-agri-business,Mid Cap,Apr-2025
58178,99657,1,Star Health and Allied Insurance Company Ltd.,Insurance,Finance,Domestic Equities,111375.0,110552.0,0.744446052536363,4.3414,3.9427999999999996,10.109566805316023,0.269035473052223,1100,star-health-and-allied-insurance-company,Small Cap,Apr-2025
152064,6806,1,3M India Ltd.,Diversified,Diversified,Domestic Equities,1394.0,1385.0,0.6498194945848376,4.1973,4.0011,4.903651495838646,0.260105632063873,1100,3m-india,Mid Cap,Apr-2025
78882,109773,1,JSW Infrastructure Ltd.,Logistics,Logistics,Domestic Equities,134099.0,133109.0,0.743751361666003,3.9377999999999997,4.2568,-7.49389212554032,0.24402448191483,1100,jsw-infrastructure,Mid Cap,Apr-2025
133645,6755,1,Bank Of Maharashtra,Bank,Banking,Domestic Equities,776721.0,770959.0,0.747380859423134,3.9349000000000003,3.5726,10.141073727817282,0.243844769639562,1100,bank-of-maharashtra,Mid Cap,Apr-2025
137768,15760,1,Gujarat Gas Ltd.,Gas Transmission,Gas Transmission,Domestic Equities,85105.0,84477.0,0.7433976111841093,3.8594999999999997,3.4833999999999996,10.796922546936907,0.239172250482576,1100,gujarat-gas,Mid Cap,Apr-2025
13,7543,1,Tata Investment Corporation Ltd.,Finance,Finance,Domestic Equities,6417.0,6370.0,0.7378335949764521,3.8087999999999997,4.0244,-5.357320345890071,0.236030384152879,1100,tata-investment-corporation,Mid Cap,Apr-2025
113787,7539,1,Honeywell Automation India Ltd.,Consumer Durables,Consumer Durables,Domestic Equities,1086.0,1079.0,0.6487488415199258,3.7489,3.6345,3.147613151740267,0.232318396122329,1100,honeywell-automation-india,Mid Cap,Apr-2025
222201,112407,1,NTPC Green Energy Ltd.,Power,Power,Domestic Equities,367836.0,365122.0,0.743313193946133,3.6986000000000003,3.6735,0.6832720838437432,0.229201317692669,1100,ntpc-green-energy,Large Cap,Apr-2025
171853,7249,1,NLC India Ltd.,Power,Power,Domestic Equities,161072.0,159884.0,0.7430387030597183,3.6656999999999997,3.9119,-6.293616912497764,0.227162512914621,1100,nlc-india,Mid Cap,Apr-2025
77359,100627,1,Waaree Energies Ltd.,Capital Goods,Capital Goods,Domestic Equities,13020.0,12924.0,0.7428040854224698,3.3911000000000002,3.1077999999999997,9.115773215779665,0.21014561953918,1100,waaree-energies,Mid Cap,Apr-2025
1840,4901,1,SJVN Ltd.,Power,Power,Domestic Equities,353131.0,350525.0,0.7434562442051209,3.3205,3.2105,3.4262575922753467,0.205770555182639,1100,sjvn,Mid Cap,Apr-2025
133387,5868,1,Godrej Industries Ltd.,Chemicals,Chemicals,Domestic Equities,30606.0,30379.0,0.7472267026564403,3.3174,3.4454000000000002,-3.7150983920589806,0.205578448957351,1100,godrej-industries,Mid Cap,Apr-2025
171394,82477,1,Endurance Technologies Ltd.,Automobile & Ancillaries,Automobile & Ancillaries,Domestic Equities,17409.0,17282.0,0.7348686494618678,3.2642,3.4016,-4.039275634995299,0.202281658252422,1100,endurance-technologies,Mid Cap,Apr-2025
217845,112026,1,Premier Energies Ltd.,Electricals,Electricals,Domestic Equities,32548.0,32308.0,0.7428500680945895,3.1962,3.0302999999999995,5.474705474705486,0.198067715246122,1100,premier-energies,Mid Cap,Apr-2025
152532,6617,1,Sun TV Network Ltd.,Media & Entertainment,Media & Entertainment,Domestic Equities,48772.0,48412.0,0.7436172849706684,3.0282999999999998,3.1464999999999996,-3.756554902272364,0.187662994205567,1100,sun-tv-network,Small Cap,Apr-2025
176199,111753,1,OLA Electric Mobility Ltd.,Automobile & Ancillaries,Automobile & Ancillaries,Domestic Equities,440434.0,437184.0,0.7433940857853901,2.1445,2.3193,-7.536756780062957,0.132894129073684,1100,ola-electric-mobility,Mid Cap,Apr-2025
58164,86911,1,The New India Assurance Company Ltd.,Insurance,Finance,Domestic Equities,118816.0,117940.0,0.7427505511276921,2.0444999999999998,1.8224,12.187225636523253,0.126697154064419,1100,the-new-india-assurance-company,Mid Cap,Apr-2025
171883,5324,1,Mangalore Refinery And Petrochemicals Ltd.,Crude Oil,Crude Oil,Domestic Equities,88132.0,87482.0,0.7430099906266432,1.1828,1.1761,0.5696794490264447,0.0732978204095844,1100,mangalore-refinery-and-petrochemicals,Small Cap,Apr-2025
76200,82667,1,BSE Ltd.,Finance,Finance,Domestic Equities,204212.0,67016.0,204.7212605944849,54.606300000000005,42.615500000000004,28.137180133988803,3.13285987007208,1100,bse,Mid Cap,May-2025
152473,5056,1,Suzlon Energy Ltd.,Capital Goods,Capital Goods,Domestic Equities,5952336.0,5860083.0,1.5742609788973978,42.54729999999999,33.0509,28.732651758348464,2.44101374291826,1100,suzlon-energy,Mid Cap,May-2025
77009,96064,1,Max Healthcare Institute Ltd.,Healthcare,Healthcare,Domestic Equities,372702.0,366925.0,1.5744361926824282,41.936400000000006,40.295700000000004,4.0716503249726435,2.40596533102024,1100,max-healthcare-institute,Mid Cap,May-2025
95548,5980,1,Persistent Systems Ltd.,IT,Information Technology,Domestic Equities,53397.0,52569.0,1.5750727615134394,30.1052,27.9746,7.616194690898171,1.72718849217936,1100,persistent-systems,Mid Cap,May-2025
157113,99763,1,PB Fintech Ltd.,IT,Information Technology,Domestic Equities,165954.0,163382.0,1.5742248228078979,29.234499999999997,26.554499999999997,10.092451373590164,1.67723489545386,1100,pb-fintech,Mid Cap,May-2025
133657,7260,1,Coforge Ltd.,IT,Information Technology,Domestic Equities,33404.0,32886.0,1.5751383567475523,28.5621,24.023200000000003,18.893819308002257,1.63865811994194,1100,coforge,Mid Cap,May-2025
57445,86554,1,Dixon Technologies (India) Ltd.,Consumer Durables,Consumer Durables,Domestic Equities,19339.0,19040.0,1.5703781512605042,28.4129,31.3246,-9.295250378296933,1.63009825244287,1100,dixon-technologies-india,Mid Cap,May-2025
38803,5403,1,Indus Towers Ltd.,Telecom,Telecom,Domestic Equities,662784.0,652512.0,1.57422392231867,25.4608,26.6355,-4.41027951418221,1.4607310617993,1100,indus-towers,Large Cap,May-2025
171685,5596,1,The Federal Bank Ltd.,Bank,Banking,Domestic Equities,1229508.0,1210452.0,1.5742879519386146,24.843400000000003,23.807199999999998,4.35246480056455,1.42530973342176,1100,the-federal-bank,Mid Cap,May-2025
114530,88033,1,HDFC Asset Management Company Ltd.,Finance,Finance,Domestic Equities,50879.0,50090.0,1.5751647035336394,24.3354,21.9114,11.06273446698979,1.39616487625333,1100,hdfc-asset-management-company,Mid Cap,May-2025
152211,6247,1,Lupin Ltd.,Healthcare,Healthcare,Domestic Equities,121131.0,119253.0,1.574803149606299,23.713800000000003,24.9907,-5.109500734273151,1.36050258645825,1100,lupin,Mid Cap,May-2025
171877,6125,1,Cummins India Ltd.,Automobile & Ancillaries,Automobile & Ancillaries,Domestic Equities,67849.0,66797.0,1.5749210293875473,22.1737,19.3404,14.649645302062,1.27214432951907,1100,cummins-india,Large Cap,May-2025
7737,15826,1,IDFC First Bank Ltd.,Bank,Banking,Domestic Equities,3109066.0,3060880.0,1.5742531559551503,21.1323,19.8621,6.395094174332018,1.21239737232378,1100,idfc-first-bank,Mid Cap,May-2025
165,7447,1,SRF Ltd.,Chemicals,Chemicals,Domestic Equities,72768.0,71640.0,1.574539363484087,20.8189,21.555799999999998,-3.4185694801399187,1.19441706083444,1100,srf,Mid Cap,May-2025
152455,7030,1,Yes Bank Ltd.,Bank,Banking,Domestic Equities,9454932.0,9308395.0,1.5742456137712246,20.3092,16.494500000000002,23.127102973718515,1.16517467166367,1100,yes-bank,Mid Cap,May-2025
171365,5279,1,Hindustan Petroleum Corporation Ltd.,Crude Oil,Crude Oil,Domestic Equities,481713.0,474248.0,1.574070950220138,19.8008,17.9598,10.250670942883545,1.1360068657888,1100,hindustan-petroleum-corporation,Mid Cap,May-2025
171839,6306,1,Solar Industries India Ltd.,Chemicals,Chemicals,Domestic Equities,12216.0,12027.0,1.5714642055375407,19.6726,15.842,24.180027774270922,1.1286518053774,1100,solar-industries-india,Mid Cap,May-2025
141614,85778,1,AU Small Finance Bank Ltd.,Bank,Banking,Domestic Equities,281517.0,277154.0,1.5742150573327465,19.5105,18.8077,3.7367673878251977,1.1193518420959,1100,au-small-finance-bank,Mid Cap,May-2025
152222,5634,1,Max Financial Services Ltd.,Finance,Finance,Domestic Equities,129378.0,127373.0,1.5741169635637067,19.4416,16.6222,16.961653692050394,1.11539892741301,1100,max-financial-services,Mid Cap,May-2025
171327,5699,1,Marico Ltd.,FMCG,Fast Moving Consumer Goods,Domestic Equities,264668.0,260566.0,1.5742652533331287,18.9621,18.5119,2.4319491786364438,1.08788916557785,1100,marico,Mid Cap,May-2025
152636,5140,1,Fortis Healthcare Ltd.,Healthcare,Healthcare,Domestic Equities,261319.0,257269.0,1.574227753829649,18.457,17.6371,4.648723429588765,1.05891068653105,1100,fortis-healthcare,Mid Cap,May-2025
599,7495,1,Sundaram Finance Ltd.,Finance,Finance,Domestic Equities,34523.0,33988.0,1.574084971166294,17.7327,17.8661,-0.7466654725989399,1.0173563163596,1100,sundaram-finance,Mid Cap,May-2025
171946,6864,1,Godrej Properties Ltd.,Realty,Realty,Domestic Equities,75635.0,74462.0,1.5753001530982247,16.971,16.095,5.442684063373713,0.973656242136772,1100,godrej-properties,Mid Cap,May-2025
171659,5756,1,Ashok Leyland Ltd.,Automobile & Ancillaries,Automobile & Ancillaries,Domestic Equities,717296.0,706179.0,1.5742467561340678,16.9303,15.9109,6.406928583549646,0.971321211257332,1100,ashok-leyland,Mid Cap,May-2025
133342,5963,1,Bharat Heavy Electricals Ltd.,Capital Goods,Capital Goods,Domestic Equities,644558.0,634568.0,1.5742993658678028,16.7476,14.3945,16.347215950536658,0.960839389594591,1100,bharat-heavy-electricals,Mid Cap,May-2025
152369,6790,1,Bharat Forge Ltd.,Automobile & Ancillaries,Automobile & Ancillaries,Domestic Equities,133727.0,131654.0,1.574581858507907,16.5942,14.5372,14.149905071127868,0.952038560677981,1100,bharat-forge,Mid Cap,May-2025
101370,86936,1,Tube Investments of India Ltd.,Automobile & Ancillaries,Automobile & Ancillaries,Domestic Equities,53932.0,53097.0,1.572593555191442,16.5145,15.390699999999999,7.301812133301287,0.947466030921438,1100,tube-investments-of-india,Mid Cap,May-2025
587,7648,1,APL Apollo Tubes Ltd.,Iron & Steel,Iron & Steel,Domestic Equities,90844.0,89436.0,1.5743101212039896,16.458199999999998,14.4868,13.608250269210581,0.944236000491156,1100,apl-apollo-tubes,Mid Cap,May-2025
171820,5969,1,Colgate-Palmolive (India) Ltd.,FMCG,Fast Moving Consumer Goods,Domestic Equities,66077.0,65053.0,1.5741011175503052,16.227899999999998,16.8318,-3.5878515666773665,0.931023282763026,1100,colgate-palmolive-india,Mid Cap,May-2025
171465,6543,1,Aurobindo Pharma Ltd.,Healthcare,Healthcare,Domestic Equities,140256.0,138082.0,1.5744267898784778,16.098599999999998,16.971700000000002,-5.144446343029877,0.923605113408935,1100,aurobindo-pharma,Mid Cap,May-2025
171635,7381,1,UPL Ltd.,Chemicals,Chemicals,Domestic Equities,253796.0,249863.0,1.574062586297291,15.935899999999998,16.7383,-4.793796263658795,0.914270727067785,1100,upl,Mid Cap,May-2025
152118,7308,1,PI Industries Ltd.,Chemicals,Chemicals,Domestic Equities,40621.0,39992.0,1.5728145629125827,15.5323,14.5579,6.693273068230998,0.891115482278061,1100,pi-industries,Mid Cap,May-2025
152795,99590,1,One97 Communications Ltd.,IT,Information Technology,Domestic Equities,170710.0,168064.0,1.574400228484387,15.200899999999999,14.533299999999999,4.593588517404856,0.872102478999284,1100,one97-communications,Mid Cap,May-2025
134131,90516,1,Polycab India Ltd.,Electricals,Electricals,Domestic Equities,25292.0,24900.0,1.5742971887550201,15.1524,13.7448,10.240963855421686,0.869319948344424,1100,polycab-india,Large Cap,May-2025
152551,7908,1,GMR Airports Ltd.,Infrastructure,Aviation,Domestic Equities,1798467.0,1770593.0,1.5742748333467937,15.121500000000001,15.4378,-2.048867066550926,0.867547160772565,1100,gmr-airports,Mid Cap,May-2025
171321,7864,1,Page Industries Ltd.,Textile,Textile,Domestic Equities,3162.0,3113.0,1.574044330228076,14.6654,14.1999,3.2781920999443623,0.841379898263662,1100,page-industries,Mid Cap,May-2025
19255,6350,1,Mphasis Ltd.,IT,Information Technology,Domestic Equities,56997.0,56114.0,1.5735823502156323,14.5844,13.8545,5.26832437114295,0.836732785211215,1100,mphasis,Mid Cap,May-2025
152379,5838,1,Voltas Ltd.,Consumer Durables,Consumer Durables,Domestic Equities,114157.0,112388.0,1.5740114602982525,14.4157,13.8923,3.7675546885684814,0.827054168273588,1100,voltas,Mid Cap,May-2025
122,5767,1,The Phoenix Mills Ltd.,Realty,Realty,Domestic Equities,93507.0,92057.0,1.575111072487698,14.373,15.322899999999999,-6.199218163663537,0.824604393861989,1100,the-phoenix-mills,Mid Cap,May-2025
133608,7612,1,Union Bank Of India,Bank,Banking,Domestic Equities,968964.0,953946.0,1.574302947965608,14.2234,11.9987,18.541175293990186,0.816021577656482,1100,union-bank-of-india,Mid Cap,May-2025
152238,8313,1,MRF Ltd.,Automobile & Ancillaries,Automobile & Ancillaries,Domestic Equities,1016.0,1000.0,1.6,14.108699999999999,13.4505,4.893498382959736,0.809441036087153,1100,mrf,Mid Cap,May-2025
1152,105806,1,Mankind Pharma Ltd.,Healthcare,Healthcare,Domestic Equities,56623.0,55745.0,1.5750291505964662,13.9729,13.742799999999999,1.6743312862007735,0.801649950253544,1100,mankind-pharma,Mid Cap,May-2025
151967,5716,1,GE Vernova T&D India Ltd.,Capital Goods,Capital Goods,Domestic Equities,62160.0,61197.0,1.573606549340654,13.9325,9.5841,45.37097901733079,0.799332130903929,1100,ge-vernova-td-india,Mid Cap,May-2025
191600,99819,1,FSN E-Commerce Ventures Ltd.,Retailing,Information Technology,Domestic Equities,683422.0,672830.0,1.5742460948530834,13.8912,13.0778,6.219700561256474,0.796962676964841,1100,fsn-e-commerce-ventures,Mid Cap,May-2025
153586,8183,1,NHPC Ltd.,Power,Power,Domestic Equities,1586633.0,1562042.0,1.5742854545524383,13.8688,13.400799999999998,3.492328816190092,0.795677549404659,1100,nhpc,Mid Cap,May-2025
77639,92991,1,SBI Cards And Payment Services Ltd.,Finance,Finance,Domestic Equities,150204.0,147876.0,1.5742919743568937,13.8345,12.9177,7.097238672519107,0.793709697828129,1100,sbi-cards-and-payment-services,Mid Cap,May-2025
38931,15891,1,Alkem Laboratories Ltd.,Healthcare,Healthcare,Domestic Equities,26655.0,26242.0,1.5738129715722886,13.5901,13.4254,1.2267790903809217,0.779688038198276,1100,alkem-laboratories,Mid Cap,May-2025
19182,5589,1,Coromandel International Ltd.,Chemicals,Chemicals,Domestic Equities,59217.0,58299.0,1.5746410744609685,13.5571,12.9086,5.023782594549381,0.777794769917649,1100,coromandel-international,Mid Cap,May-2025
56674,5695,1,Supreme Industries Ltd.,Plastic Products,Plastic Products,Domestic Equities,32421.0,31919.0,1.5727309752811804,13.4424,11.2961,19.000362957126807,0.77121422834832,1100,supreme-industries,Mid Cap,May-2025
152574,8059,1,Torrent Power Ltd.,Power,Power,Domestic Equities,95405.0,93926.0,1.5746438685773907,13.1086,14.456199999999999,-9.321951826897802,0.752063532830952,1100,torrent-power,Mid Cap,May-2025
96004,7992,1,Jubilant FoodWorks Ltd.,FMCG,Fast Moving Consumer Goods,Domestic Equities,190837.0,187879.0,1.5744175772704774,12.510299999999999,13.4409,-6.923643506015218,0.717738005185532,1100,jubilant-foodworks,Mid Cap,May-2025
153260,8051,1,Prestige Estates Projects Ltd.,Realty,Realty,Domestic Equities,84596.0,83285.0,1.5741129855316085,12.4068,11.4525,8.332678454485926,0.711800027396294,1100,prestige-estates-projects,Mid Cap,May-2025
19275,7232,1,NMDC Ltd.,Mining,Mining,Domestic Equities,1733210.0,1706348.0,1.5742392524854252,12.3353,11.055399999999999,11.577147819165296,0.707697946121603,1100,nmdc,Mid Cap,May-2025
177212,94646,1,Hitachi Energy India Ltd.,Capital Goods,Capital Goods,Domestic Equities,6377.0,6278.0,1.5769353297228415,12.3063,9.1213,34.918268229309426,0.706034164905295,1100,hitachi-energy-india,Mid Cap,May-2025
1427,98308,1,Sona BLW Precision Forgings Ltd.,Automobile & Ancillaries,Automobile & Ancillaries,Domestic Equities,224987.0,221500.0,1.5742663656884877,12.238199999999999,10.6575,14.831808585503161,0.702127147635274,1100,sona-blw-precision-forgings,Mid Cap,May-2025
77293,6578,1,Muthoot Finance Ltd.,Finance,Finance,Domestic Equities,53768.0,52935.0,1.573628034381789,11.911800000000001,11.486400000000001,3.7035102381947316,0.683401003186895,1100,muthoot-finance,Mid Cap,May-2025
677,6026,1,Oil India Ltd.,Crude Oil,Crude Oil,Domestic Equities,273502.0,269263.0,1.574297248415118,11.6731,11.06,5.543399638336342,0.669706362623696,1100,oil-india,Mid Cap,May-2025
133642,6320,1,Petronet LNG Ltd.,Inds. Gases & Fuels,Industrials Gases & Fuels,Domestic Equities,375850.0,370025.0,1.5742179582460645,11.549900000000001,11.6095,-0.5133726689349272,0.66263816104269,1100,petronet-lng,Mid Cap,May-2025
756,88308,1,Rail Vikas Nigam Ltd.,Infrastructure,Infrastructure,Domestic Equities,284655.0,280244.0,1.5739855268979888,11.5442,9.8029,17.763110916157476,0.662311141976037,1100,rail-vikas-nigam,Large Cap,May-2025
171336,8097,1,JK Cement Ltd.,Construction Materials,Construction Materials,Domestic Equities,20981.0,20656.0,1.5733927188226182,11.5343,10.560799999999999,9.218051662752835,0.661743161491849,1100,jk-cement,Mid Cap,May-2025
114652,92620,1,Indian Railway Catering And Tourism Corporation Ltd.,Hospitality,Hospitality,Domestic Equities,151271.0,148927.0,1.5739254802688567,11.4361,11.1919,2.1819351495277695,0.656109254062833,1100,indian-railway-catering-and-tourism-corporation,Mid Cap,May-2025
152323,7533,1,Tata Elxsi Ltd.,IT,Information Technology,Domestic Equities,17382.0,17113.0,1.5719044001636182,11.1931,9.8674,13.435150090195993,0.642167914905492,1100,tata-elxsi,Mid Cap,May-2025
113892,8292,1,KEI Industries Ltd.,Electricals,Electricals,Domestic Equities,30914.0,30435.0,1.5738459011007062,11.160599999999999,9.3241,19.696270953764973,0.640303332507905,1100,kei-industries,Mid Cap,May-2025
133463,8505,1,Glenmark Pharmaceuticals Ltd.,Healthcare,Healthcare,Domestic Equities,75509.0,74339.0,1.5738710501889992,11.0024,10.2677,7.155448639909623,0.631227119114113,1100,glenmark-pharmaceuticals,Mid Cap,May-2025
123299,91366,1,KPIT Technologies Ltd.,IT,Information Technology,Domestic Equities,81860.0,80591.0,1.5746175131218128,10.951199999999998,10.1029,8.39659899632778,0.628289684690838,1100,kpit-technologies,Mid Cap,May-2025
152608,7159,1,Indian Bank,Bank,Banking,Domestic Equities,177210.0,174463.0,1.5745458922522253,10.9268,9.8711,10.69485670290039,0.626889813598496,1100,indian-bank,Mid Cap,May-2025
75891,5355,1,Container Corporation Of India Ltd.,Logistics,Logistics,Domestic Equities,138235.0,136092.0,1.5746700761249743,10.8432,9.1685,18.2658013851775,0.622093533954242,1100,container-corporation-of-india,Mid Cap,May-2025
171444,98250,1,Kalyan Jewellers India Ltd.,Diamond  &  Jewellery,Diamond & Jewellery,Domestic Equities,192596.0,189611.0,1.5742757540438055,10.793099999999999,9.794400000000001,10.196642979661835,0.619219208473655,1100,kalyan-jewellers-india,Mid Cap,May-2025
134830,88309,1,Mazagon Dock Shipbuilders Ltd.,Ship Building,Ship Building,Domestic Equities,30774.0,30297.0,1.5744133082483414,10.703800000000001,9.2636,15.546871626581469,0.614095909762747,1100,mazagon-dock-shipbuilders,Mid Cap,May-2025
133630,5815,1,Jindal Stainless Ltd.,Iron & Steel,Iron & Steel,Domestic Equities,162535.0,160016.0,1.5742175782421757,10.4794,9.330499999999999,12.313380847757365,0.601221685454486,1100,jindal-stainless,Mid Cap,May-2025
153691,5278,1,Oberoi Realty Ltd.,Realty,Realty,Domestic Equities,59024.0,58109.0,1.5746269940972997,10.3074,9.5392,8.053086212680315,0.591353741688796,1100,oberoi-realty,Mid Cap,May-2025
171698,8307,1,Oracle Financial Services Software Ltd.,IT,Information Technology,Domestic Equities,11863.0,11679.0,1.5754773525130576,10.0391,10.1858,-1.440240334583447,0.575960896849641,1100,oracle-financial-services-software,Mid Cap,May-2025
133317,6810,1,Blue Star Ltd.,Consumer Durables,Consumer Durables,Domestic Equities,65071.0,64062.0,1.5750366832131373,9.9708,10.9309,-8.783357271587873,0.572042405226405,1100,blue-star,Mid Cap,May-2025
79,7951,1,Balkrishna Industries Ltd.,Automobile & Ancillaries,Automobile & Ancillaries,Domestic Equities,40167.0,39545.0,1.5728916424326715,9.9301,10.5787,-6.131188142210282,0.569707374346966,1100,balkrishna-industries,Mid Cap,May-2025
352,7184,1,Ipca Laboratories Ltd.,Healthcare,Healthcare,Domestic Equities,69689.0,68609.0,1.5741375038260286,9.9293,9.6135,3.284963852915164,0.569661476934102,1100,ipca-laboratories,Mid Cap,May-2025
171509,5522,1,Tata Communications Ltd.,Telecom,Telecom,Domestic Equities,58894.0,57981.0,1.5746537658888258,9.8718,9.2271,6.987027343368979,0.566362600384526,1100,tata-communications,Mid Cap,May-2025
152616,7532,1,Vodafone Idea Ltd.,Telecom,Telecom,Domestic Equities,13845298.0,13610770.0,1.7231060402901524,9.5809,9.690900000000001,-1.135085492575509,0.549673153631972,1100,vodafone-idea,Mid Cap,May-2025
97125,90518,1,Adani Total Gas Ltd.,Gas Transmission,Gas Transmission,Domestic Equities,139104.0,136948.0,1.574320179922306,9.5112,8.2196,15.713660032118346,0.545674341536224,1100,adani-total-gas,Mid Cap,May-2025
133351,5368,1,Steel Authority Of India Ltd.,Iron & Steel,Iron & Steel,Domestic Equities,724940.0,713704.0,1.5743221279409951,9.3648,8.115499999999999,15.39399913745303,0.537275114982172,1100,steel-authority-of-india,Mid Cap,May-2025
57781,87827,1,Bharat Dynamics Ltd.,Capital Goods,Capital Goods,Domestic Equities,46218.0,45502.0,1.5735572062766472,9.315199999999999,6.96,33.83908045977011,0.534429475384624,1100,bharat-dynamics,Mid Cap,May-2025
152296,7356,1,Patanjali Foods Ltd.,FMCG,Fast Moving Consumer Goods,Domestic Equities,55570.0,54709.0,1.5737812791314043,9.2874,10.4275,-10.933589067369933,0.532834540287611,1100,patanjali-foods,Mid Cap,May-2025
171434,4916,1,Astral Ltd.,Plastic Products,Plastic Products,Domestic Equities,61789.0,60831.0,1.574854925942365,9.256599999999999,8.1824,13.128177551818531,0.53106748989236,1100,astral,Mid Cap,May-2025
171840,6541,1,UNO Minda Ltd.,Automobile & Ancillaries,Automobile & Ancillaries,Domestic Equities,89660.0,88271.0,1.5735632314123553,9.025599999999999,7.8932,14.346526123752076,0.517814611927974,1100,uno-minda,Mid Cap,May-2025
152207,5372,1,LIC Housing Finance Ltd.,Finance,Finance,Domestic Equities,150785.0,148448.0,1.5742886397930589,8.9936,8.921,0.8138101109741049,0.515978715413427,1100,lic-housing-finance,Mid Cap,May-2025
171886,6139,1,Exide Industries Ltd.,Automobile & Ancillaries,Automobile & Ancillaries,Domestic Equities,228213.0,224676.0,1.574266944399936,8.8284,7.903,11.7094774136404,0.506500899657078,1100,exide-industries,Mid Cap,May-2025
75659,6055,1,Lloyds Metals & Energy Ltd.,Iron & Steel,Iron & Steel,Domestic Equities,60962.0,60017.0,1.5745538764016864,8.4926,7.2212,17.606491995790172,0.487235460607551,1100,lloyds-metals-energy,Mid Cap,May-2025
19098,6973,1,Schaeffler India Ltd.,Automobile & Ancillaries,Automobile & Ancillaries,Domestic Equities,20180.0,19867.0,1.5754769215281623,8.4528,6.8996,22.511449939126894,0.484952064317583,1100,schaeffler-india,Mid Cap,May-2025
133407,5997,1,Hindustan Zinc Ltd.,Non - Ferrous Metals,Non - Ferrous Metals,Domestic Equities,183885.0,181035.0,1.5742812163393818,8.4256,7.9511,5.967727735784977,0.483391552280218,1100,hindustan-zinc,Large Cap,May-2025
134823,84770,1,Cochin Shipyard Ltd.,Ship Building,Ship Building,Domestic Equities,42445.0,41787.0,1.574652403857659,8.2645,6.65,24.278195488721813,0.474148960764796,1100,cochin-shipyard,Mid Cap,May-2025
171433,6783,1,Berger Paints India Ltd.,Chemicals,Chemicals,Domestic Equities,142787.0,140574.0,1.574259820450439,8.114600000000001,7.65,6.07320261437909,0.465548933029465,1100,berger-paints-india,Mid Cap,May-2025
133439,5473,1,National Aluminium Company Ltd.,Non - Ferrous Metals,Non - Ferrous Metals,Domestic Equities,449706.0,442736.0,1.5743016154096345,8.1104,6.9275,17.075424034644527,0.465307971611931,1100,national-aluminium-company,Mid Cap,May-2025
47051,90577,1,Dalmia Bharat Ltd.,Construction Materials,Construction Materials,Domestic Equities,39939.0,39320.0,1.574262461851475,8.0533,7.6387,5.427625119457504,0.462032043768786,1100,dalmia-bharat,Mid Cap,May-2025
135555,92715,1,360 One Wam Ltd.,Finance,Finance,Domestic Equities,80427.0,79180.0,1.5748926496590048,8.0222,7.8075,2.7499199487672144,0.46024778184371,1100,360-one-wam,Mid Cap,May-2025
152367,6359,1,Abbott India Ltd.,Healthcare,Healthcare,Domestic Equities,2615.0,2575.0,1.5533980582524272,7.9639999999999995,7.7211,3.1459248034606415,0.456908745057878,1100,abbott-india,Mid Cap,May-2025
79346,86555,1,Aditya Birla Capital Ltd.,Finance,Finance,Domestic Equities,357619.0,352077.0,1.5740874865441365,7.9574,6.9134,15.101107993172674,0.456530091401753,1100,aditya-birla-capital,Mid Cap,May-2025
152079,6815,1,Linde India Ltd.,Inds. Gases & Fuels,Industrials Gases & Fuels,Domestic Equities,10551.0,10387.0,1.578896697795321,7.919099999999999,6.5812,20.329119309548403,0.454332752760904,1100,linde-india,Mid Cap,May-2025
152519,8782,1,Mahindra & Mahindra Financial Services Ltd.,Finance,Finance,Domestic Equities,297221.0,292251.0,1.7005929834286282,7.7604,7.6584,1.331870886869311,0.445227853484073,1100,mahindra-mahindra-financial-services,Mid Cap,May-2025
171565,6678,1,Apollo Tyres Ltd.,Automobile & Ancillaries,Automobile & Ancillaries,Domestic Equities,161740.0,159233.0,1.5744223873192114,7.6107000000000005,7.5142,1.284235181389914,0.436639300101958,1100,apollo-tyres,Small Cap,May-2025
133643,6434,1,Biocon Ltd.,Healthcare,Healthcare,Domestic Equities,225847.0,222347.0,1.5741161337908764,7.5851,7.1551,6.009699375270786,0.43517058289032,1100,biocon,Mid Cap,May-2025
114414,5238,1,Bank Of India,Bank,Banking,Domestic Equities,609367.0,599922.0,1.574371334940209,7.430599999999999,6.908099999999999,7.563584777290427,0.426306645031023,1100,bank-of-india,Mid Cap,May-2025
173672,92657,1,Gujarat Fluorochemicals Ltd.,Chemicals,Chemicals,Domestic Equities,20483.0,20166.0,1.571952791827829,7.278200000000001,7.85,-7.2840764331210135,0.417563187880493,1100,gujarat-fluorochemicals,Mid Cap,May-2025
133635,5732,1,Indraprastha Gas Ltd.,Gas Transmission,Gas Transmission,Domestic Equities,351756.0,346304.0,1.574339308815376,7.269400000000001,6.6695,8.99467726216358,0.417058316338993,1100,indraprastha-gas,Mid Cap,May-2025
171333,7587,1,United Breweries Ltd.,Alcohol,Alcohol,Domestic Equities,36204.0,35643.0,1.5739415874084672,7.1568,7.6989,-7.041265635350509,0.410598255478431,1100,united-breweries,Mid Cap,May-2025
83342,79963,1,Bandhan Bank Ltd.,Bank,Banking,Domestic Equities,416599.0,410143.0,1.5740851361598271,7.0901,6.7928,4.37669296902603,0.406771558680922,1100,bandhan-bank,Small Cap,May-2025
19183,6082,1,Deepak Nitrite Ltd.,Chemicals,Chemicals,Domestic Equities,34474.0,33940.0,1.5733647613435475,6.9889,6.569400000000001,6.38566687977592,0.400965535953667,1100,deepak-nitrite,Mid Cap,May-2025
76174,111823,1,Bharti Hexacom Ltd.,Telecom,Telecom,Domestic Equities,37715.0,37130.0,1.5755453810934554,6.9045000000000005,6.271599999999999,10.091523694113159,0.396123358896549,1100,bharti-hexacom,Mid Cap,May-2025
1704,6920,1,L&T Finance Ltd.,Finance,Finance,Domestic Equities,402454.0,396216.0,1.5743937650170614,6.8936,6.504700000000001,5.978753824157914,0.395498006646282,1100,lt-finance,Mid Cap,May-2025
133445,6416,1,Apar Industries Ltd.,Capital Goods,Capital Goods,Domestic Equities,8472.0,8341.0,1.5705550893178277,6.874199999999999,4.673500000000001,47.08890553118646,0.394384994384338,1100,apar-industries,Mid Cap,May-2025
152386,5556,1,Glaxosmithkline Pharmaceuticals Ltd.,Healthcare,Healthcare,Domestic Equities,20757.0,20436.0,1.570757486788021,6.846900000000001,6.0585,13.013122059915824,0.392818745170365,1100,glaxosmithkline-pharmaceuticals,Mid Cap,May-2025
152486,5772,1,AIA Engineering Ltd.,Automobile & Ancillaries,Automobile & Ancillaries,Domestic Equities,19468.0,19167.0,1.5704074711744145,6.8097,6.1217,11.238708201970054,0.390684515472204,1100,aia-engineering,Mid Cap,May-2025
152325,5528,1,Thermax Ltd.,Capital Goods,Capital Goods,Domestic Equities,19427.0,19126.0,1.5737739203178918,6.5823,6.2949,4.5656007243959404,0.377638175865705,1100,thermax,Mid Cap,May-2025
133333,4917,1,CRISIL Ltd.,Ratings,Ratings,Domestic Equities,12224.0,12034.0,1.5788598969586172,6.4172,5.3584000000000005,19.75962974022096,0.368166097285964,1100,crisil,Mid Cap,May-2025
57541,86814,1,General Insurance Corporation of India,Insurance,Finance,Domestic Equities,155065.0,152662.0,1.5740655827907402,6.3825,6.3683000000000005,0.22297944506382536,0.366175297003002,1100,general-insurance-corporation-of-india,Mid Cap,May-2025
152324,4941,1,ACC Ltd.,Construction Materials,Construction Materials,Domestic Equities,33799.0,33275.0,1.574755822689707,6.3637,6.2823,1.2957038027473993,0.365096707800706,1100,acc,Mid Cap,May-2025
97743,96921,1,Gland Pharma Ltd.,Healthcare,Healthcare,Domestic Equities,39907.0,39289.0,1.572959352490519,6.339600000000001,5.5005,15.254976820289082,0.363714048238187,1100,gland-pharma,Small Cap,May-2025
19805,15724,1,Syngene International Ltd.,Business Services,Healthcare,Domestic Equities,94826.0,93356.0,1.5746175928703028,6.131,5.9192,3.5781862413839822,0.351746297833984,1100,syngene-international,Mid Cap,May-2025
115032,83788,1,Housing & Urban Development Corporation Ltd.,Finance,Finance,Domestic Equities,251666.0,247765.0,1.5744758137751498,6.0712,5.5366,9.655745403316121,0.348315466222425,1100,housing-urban-development-corporation,Mid Cap,May-2025
171485,6291,1,Motilal Oswal Financial Services Ltd.,Finance,Finance,Domestic Equities,74513.0,73358.0,1.5744704054090897,6.034800000000001,4.788399999999999,26.029571464372243,0.346227133937127,1100,motilal-oswal-financial-services,Mid Cap,May-2025
44430,82482,1,L&T Technology Services Ltd.,IT,Information Technology,Domestic Equities,13782.0,13568.0,1.577240566037736,6.019400000000001,5.776,4.213988919667595,0.345343608739502,1100,lt-technology-services,Mid Cap,May-2025
171580,109023,1,Tata Technologies Ltd.,IT,Information Technology,Domestic Equities,77335.0,76136.0,1.5748134916465273,5.9826,5.0086,19.446551930679227,0.343232327747773,1100,tata-technologies,Mid Cap,May-2025
114654,92672,1,Indian Renewable Energy Development Agency Ltd.,Finance,Finance,Domestic Equities,337875.0,332638.0,1.5743841653689596,5.9037,5.5571,6.23706609562541,0.338705695404093,1100,indian-renewable-energy-development-agency,Mid Cap,May-2025
171948,7104,1,Emami Ltd.,FMCG,Fast Moving Consumer Goods,Domestic Equities,98873.0,97341.0,1.5738486352102403,5.7762,6.080900000000001,-5.0107714318604195,0.331390795228945,1100,emami,Small Cap,May-2025
509,8487,1,K.P.R. Mill Ltd.,Textile,Textile,Domestic Equities,50348.0,49568.0,1.5735958683021305,5.6716999999999995,4.9432,14.737417057776334,0.325395445673627,1100,kpr-mill,Small Cap,May-2025
152370,5063,1,Escorts Kubota Ltd.,Automobile & Ancillaries,Automobile & Ancillaries,Domestic Equities,16637.0,16379.0,1.5751877403992915,5.5263,5.337899999999999,3.529477884561351,0.317053590885654,1100,escorts-kubota,Mid Cap,May-2025
58178,99657,1,Star Health and Allied Insurance Company Ltd.,Insurance,Finance,Domestic Equities,113128.0,111375.0,1.5739618406285072,5.4036,4.3414,24.46676187404985,0.310014075187688,1100,star-health-and-allied-insurance-company,Small Cap,May-2025
133495,5019,1,Ajanta Pharma Ltd.,Healthcare,Healthcare,Domestic Equities,21109.0,20782.0,1.573477047444904,5.3,5.6238,-5.757672747964009,0.304070360221843,1100,ajanta-pharma,Mid Cap,May-2025
645,8087,1,IRB Infrastructure Developers Ltd.,Infrastructure,Infrastructure,Domestic Equities,994862.0,979444.0,1.5741584000718776,5.1007,4.4663,14.204151087029532,0.29263616724218,1100,irb-infrastructure-developers,Mid Cap,May-2025
102429,100653,1,Global Health Ltd.,Healthcare,Healthcare,Domestic Equities,41748.0,41101.0,1.5741709447458698,4.9605,4.9206,0.8108767223509346,0.284592645637821,1100,global-health,Small Cap,May-2025
196533,104025,1,Motherson Sumi Wiring India Ltd.,Iron & Steel,Iron & Steel,Domestic Equities,850383.0,837204.0,1.5741683030659193,4.922,4.6682,5.43678505633863,0.282383832643756,1100,motherson-sumi-wiring-india,Small Cap,May-2025
222979,112566,1,Vishal Mega Mart Ltd.,Retailing,Retailing,Domestic Equities,374535.0,368730.0,1.5743226751281425,4.669,4.3687000000000005,6.873898413715744,0.267868775825619,1100,vishal-mega-mart,Mid Cap,May-2025
57345,99844,1,AWL Agri Business Ltd.,FMCG,Fast Moving Consumer Goods,Domestic Equities,165359.0,162796.0,1.574363006462075,4.5474,4.3475,4.598044853364004,0.260892369070341,1100,awl-agri-business,Mid Cap,May-2025
13,7543,1,Tata Investment Corporation Ltd.,Finance,Finance,Domestic Equities,6518.0,6417.0,1.5739442106903538,4.3863,3.8087999999999997,15.162255828607435,0.251649777554919,1100,tata-investment-corporation,Mid Cap,May-2025
171394,82477,1,Endurance Technologies Ltd.,Automobile & Ancillaries,Automobile & Ancillaries,Domestic Equities,17683.0,17409.0,1.5738985582170142,4.3002,3.2642,31.738251332638917,0.246710068495466,1100,endurance-technologies,Mid Cap,May-2025
133645,6755,1,Bank Of Maharashtra,Bank,Banking,Domestic Equities,788948.0,776721.0,1.574181720334586,4.2587,3.9349000000000003,8.228925766855573,0.244329140203162,1100,bank-of-maharashtra,Mid Cap,May-2025
113787,7539,1,Honeywell Automation India Ltd.,Consumer Durables,Consumer Durables,Domestic Equities,1103.0,1086.0,1.5653775322283612,4.2499,3.7489,13.36392008322442,0.243824268661662,1100,honeywell-automation-india,Mid Cap,May-2025
222201,112407,1,NTPC Green Energy Ltd.,Power,Power,Domestic Equities,373626.0,367836.0,1.5740710534042346,4.157,3.6986000000000003,12.393878764938078,0.238494431592868,1100,ntpc-green-energy,Large Cap,May-2025
152064,6806,1,3M India Ltd.,Diversified,Diversified,Domestic Equities,1416.0,1394.0,1.5781922525107603,4.1453,4.1973,-1.2388916684535405,0.237823181929737,1100,3m-india,Mid Cap,May-2025
229270,113158,1,Aditya Birla Lifestyle Brands Ltd.,Others,,Domestic Equities,234290.0,,,4.005199999999999,,,0.229785397501986,1100,aditya-birla-lifestyle-brands,,May-2025
137768,15760,1,Gujarat Gas Ltd.,Gas Transmission,Gas Transmission,Domestic Equities,86445.0,85105.0,1.5745255860407732,3.9769,3.8594999999999997,3.0418447985490373,0.228161776521933,1100,gujarat-gas,Mid Cap,May-2025
78882,109773,1,JSW Infrastructure Ltd.,Logistics,Logistics,Domestic Equities,136210.0,134099.0,1.5742100985093104,3.9617,3.9377999999999997,0.6069378840977305,0.227289725677523,1100,jsw-infrastructure,Mid Cap,May-2025
171853,7249,1,NLC India Ltd.,Power,Power,Domestic Equities,163608.0,161072.0,1.5744511771133407,3.9547000000000003,3.6656999999999997,7.883896663665885,0.226888123314966,1100,nlc-india,Mid Cap,May-2025
77359,100627,1,Waaree Energies Ltd.,Capital Goods,Capital Goods,Domestic Equities,13225.0,13020.0,1.574500768049155,3.9396,3.3911000000000002,16.174692577629667,0.226021809647164,1100,waaree-energies,Mid Cap,May-2025
133387,5868,1,Godrej Industries Ltd.,Chemicals,Chemicals,Domestic Equities,31088.0,30606.0,1.5748546036724826,3.6830000000000003,3.3174,11.020678844878521,0.211300214471141,1100,godrej-industries,Mid Cap,May-2025
217845,112026,1,Premier Energies Ltd.,Electricals,Electricals,Domestic Equities,33060.0,32548.0,1.5730613248125844,3.5096,3.1962,9.805393905262491,0.201351950232939,1100,premier-energies,Mid Cap,May-2025
1840,4901,1,SJVN Ltd.,Power,Power,Domestic Equities,358690.0,353131.0,1.5742033409697815,3.4542,3.3205,4.026502032826383,0.19817355439213,1100,sjvn,Mid Cap,May-2025
152532,6617,1,Sun TV Network Ltd.,Media & Entertainment,Media & Entertainment,Domestic Equities,49540.0,48772.0,1.5746739932748297,3.1193,3.0282999999999998,3.004986295941625,0.178959749932074,1100,sun-tv-network,Small Cap,May-2025
176199,111753,1,OLA Electric Mobility Ltd.,Automobile & Ancillaries,Automobile & Ancillaries,Domestic Equities,447367.0,440434.0,1.5741291544249536,2.2798,2.1445,6.309162975052461,0.130796152308256,1100,ola-electric-mobility,Mid Cap,May-2025
58164,86911,1,The New India Assurance Company Ltd.,Insurance,Finance,Domestic Equities,120687.0,118816.0,1.574703743603555,2.2503,2.0444999999999998,10.066030814380051,0.129103685208908,1100,the-new-india-assurance-company,Mid Cap,May-2025
95549,7450,1,Aditya Birla Fashion and Retail Ltd.,Retailing,Retailing,Domestic Equities,235373.0,231725.0,1.5742798575898154,2.0206999999999997,6.1071,-66.91228242537375,0.115931127717033,1100,aditya-birla-fashion-and-retail,Mid Cap,May-2025
171883,5324,1,Mangalore Refinery And Petrochemicals Ltd.,Crude Oil,Crude Oil,Domestic Equities,89520.0,88132.0,1.574910361730132,1.2893999999999999,1.1828,9.012512681772062,0.0739751551830271,1100,mangalore-refinery-and-petrochemicals,Small Cap,May-2025
