CompanyID,SecurityID,MfSchemeAssetAllocationID,Name,SectorName,EquitySectorName,Type,NoOfShare,PrevNoOfShare,SharesZG,MarketValue,PrevMarketValue,MarketValueZG,HoldingPercentage,Priority,SecuritySlug,McapCategory,Month
77009,96064,1,Max Healthcare Institute Ltd.,Healthcare,Healthcare,Domestic Equities,220182.0,210540.0,4.57965232259903,23.36681475,23.7520701,-1.621986413723165,2.45099520508889,1100,max-healthcare-institute,Mid Cap,Jan-2025
76200,82667,1,BSE Ltd.,Finance,Finance,Domestic Equities,40215.0,38453.0,4.582217252229995,21.337877924999997,20.477760619999998,4.20025080359592,2.23817567950493,1100,bse,Mid Cap,Jan-2025
152473,5056,1,Suzlon Energy Ltd.,Capital Goods,Capital Goods,Domestic Equities,3501257.0,3362103.0,4.138897588800819,20.366811969,20.919004866,-2.639670962061336,2.13631849325831,1100,suzlon-energy,Mid Cap,Jan-2025
152406,5107,1,The Indian Hotels Company Ltd.,Hospitality,Hospitality,Domestic Equities,260825.0,249402.0,4.58015573251217,19.94528775,21.886272509999998,-8.868503118167558,2.09210391584793,1100,the-indian-hotels-company,Mid Cap,Jan-2025
95548,5980,1,Persistent Systems Ltd.,IT,Information Technology,Domestic Equities,31269.0,29900.0,4.578595317725752,18.86333694,19.308523,-2.3056453360000706,1.97861577996702,1100,persistent-systems,Mid Cap,Jan-2025
57445,86554,1,Dixon Technologies (India) Ltd.,Consumer Durables,Consumer Durables,Domestic Equities,11317.0,10821.0,4.583679881711487,16.959599615,19.40887023,-12.619336344545184,1.77892869787023,1100,dixon-technologies-india,Mid Cap,Jan-2025
157113,99763,1,PB Fintech Ltd.,IT,Information Technology,Domestic Equities,97978.0,93687.0,4.580144523786651,16.91884104,19.757182995,-14.366126768772183,1.77465344371343,1100,pb-fintech,Mid Cap,Jan-2025
133657,7260,1,Coforge Ltd.,IT,Information Technology,Domestic Equities,19745.0,18880.0,4.5815677966101696,16.316971825,18.2436496,-10.56081330897739,1.71152209372677,1100,coforge,Mid Cap,Jan-2025
152211,6247,1,Lupin Ltd.,Healthcare,Healthcare,Domestic Equities,71515.0,68383.0,4.58008569381279,14.878338175,16.10898331,-7.639495996224991,1.56062073144206,1100,lupin,Mid Cap,Jan-2025
171685,5596,1,The Federal Bank Ltd.,Bank,Banking,Domestic Equities,725974.0,694182.0,4.579778790000317,13.590959254,13.885028364,-2.1178862749927068,1.4255848013736,1100,the-federal-bank,Mid Cap,Jan-2025
38803,5403,1,Indus Towers Ltd.,Telecom,Telecom,Domestic Equities,368220.0,352094.0,4.580026924628082,12.7845984,12.03457292,6.232256723905407,1.34100388575157,1100,indus-towers,Large Cap,Jan-2025
165,7447,1,SRF Ltd.,Chemicals,Chemicals,Domestic Equities,43012.0,41129.0,4.578278100610275,12.08572682,9.204464555,31.3028775088808,1.26769775011095,1100,srf,Mid Cap,Jan-2025
133334,5159,1,CG Power and Industrial Solutions Ltd.,Capital Goods,Capital Goods,Domestic Equities,189706.0,181399.0,4.579407824739938,12.04348541,13.205847200000001,-8.801872173714079,1.26326695821766,1100,cg-power-and-industrial-solutions,Large Cap,Jan-2025
171877,6125,1,Cummins India Ltd.,Automobile & Ancillaries,Automobile & Ancillaries,Domestic Equities,40172.0,38413.0,4.579178923801838,11.70632166,12.5764162,-6.918461715667457,1.22790113093563,1100,cummins-india,Large Cap,Jan-2025
114530,88033,1,HDFC Asset Management Company Ltd.,Finance,Finance,Domestic Equities,30031.0,28716.0,4.579328597297674,11.62169669,12.057991979999999,-3.6183080128404455,1.21902463673135,1100,hdfc-asset-management-company,Mid Cap,Jan-2025
7737,15826,1,IDFC First Bank Ltd.,Bank,Banking,Domestic Equities,1836160.0,1755749.0,4.5798687625623025,11.61187584,11.085799186,4.745500483757373,1.21799450675782,1100,idfc-first-bank,Mid Cap,Jan-2025
171820,5969,1,Colgate-Palmolive (India) Ltd.,FMCG,Fast Moving Consumer Goods,Domestic Equities,39266.0,37546.0,4.581047248708251,11.07909823,10.06476849,10.078023563162946,1.16211032307854,1100,colgate-palmolive-india,Mid Cap,Jan-2025
152455,7030,1,Yes Bank Ltd.,Bank,Banking,Domestic Equities,5585823.0,5341206.0,4.579808380354549,10.741537629,10.463422554000001,2.6579742294138677,1.12670286924584,1100,yes-bank,Mid Cap,Jan-2025
101370,86936,1,Tube Investments of India Ltd.,Automobile & Ancillaries,Automobile & Ancillaries,Domestic Equities,31625.0,30240.0,4.580026455026455,10.50614125,10.814580000000001,-2.852064065363613,1.10201163929442,1100,tube-investments-of-india,Mid Cap,Jan-2025
171327,5699,1,Marico Ltd.,FMCG,Fast Moving Consumer Goods,Domestic Equities,156333.0,149487.0,4.579662445563828,10.484472645,9.55969365,9.673730444280505,1.09973877294425,1100,marico,Mid Cap,Jan-2025
171946,6864,1,Godrej Properties Ltd.,Realty,Realty,Domestic Equities,44699.0,42742.0,4.578634598287399,10.412408554999999,11.910058300000001,-12.574663425451082,1.09217981632398,1100,godrej-properties,Mid Cap,Jan-2025
171365,5279,1,Hindustan Petroleum Corporation Ltd.,Crude Oil,Crude Oil,Domestic Equities,284609.0,272145.0,4.579911444266843,10.196117425,11.123926875,-8.340664770865818,1.06949257682622,1100,hindustan-petroleum-corporation,Mid Cap,Jan-2025
141614,85778,1,AU Small Finance Bank Ltd.,Bank,Banking,Domestic Equities,166216.0,158936.0,4.5804600593949765,9.98875052,8.88611176,12.40856282005618,1.04774141838691,1100,au-small-finance-bank,Mid Cap,Jan-2025
152636,5140,1,Fortis Healthcare Ltd.,Healthcare,Healthcare,Domestic Equities,154382.0,147621.0,4.579971684245467,9.88353564,10.626497684999999,-6.9915984270973786,1.03670520445947,1100,fortis-healthcare,Mid Cap,Jan-2025
171465,6543,1,Aurobindo Pharma Ltd.,Healthcare,Healthcare,Domestic Equities,82868.0,79239.0,4.579815494895191,9.71130092,10.57444455,-8.162543440638693,1.01863913608916,1100,aurobindo-pharma,Mid Cap,Jan-2025
19255,6350,1,Mphasis Ltd.,IT,Information Technology,Domestic Equities,33538.0,32070.0,4.577486747739321,9.61853071,9.1309704,5.339633014252243,1.00890827023013,1100,mphasis,Mid Cap,Jan-2025
152369,6790,1,Bharat Forge Ltd.,Automobile & Ancillaries,Automobile & Ancillaries,Domestic Equities,77559.0,74162.0,4.580512931150724,9.493609395,9.6373519,-1.4915145414582212,0.995805006162934,1100,bharat-forge,Mid Cap,Jan-2025
599,7495,1,Sundaram Finance Ltd.,Finance,Finance,Domestic Equities,20392.0,19499.0,4.57972203702754,9.4149864,8.07980063,16.524984107188306,0.987558071960884,1100,sundaram-finance,Mid Cap,Jan-2025
171659,5756,1,Ashok Leyland Ltd.,Automobile & Ancillaries,Automobile & Ancillaries,Domestic Equities,424411.0,405825.0,4.579806566869956,9.202503713,8.94844125,2.8391812149406492,0.965270308199612,1100,ashok-leyland,Mid Cap,Jan-2025
122,5767,1,The Phoenix Mills Ltd.,Realty,Realty,Domestic Equities,55249.0,52829.0,4.580817354104753,9.07078082,8.6322586,5.080040350042338,0.951453612060339,1100,the-phoenix-mills,Mid Cap,Jan-2025
171635,7381,1,UPL Ltd.,Chemicals,Chemicals,Domestic Equities,149931.0,143365.0,4.579918390123113,9.052084125,7.1825865,26.028195065941777,0.949492475710079,1100,upl,Mid Cap,Jan-2025
134131,90516,1,Polycab India Ltd.,Electricals,Electricals,Domestic Equities,14906.0,14253.0,4.581491615800182,9.00016827,10.365280454999999,-13.17004581715391,0.944046910577027,1100,polycab-india,Large Cap,Jan-2025
152379,5838,1,Voltas Ltd.,Consumer Durables,Consumer Durables,Domestic Equities,67675.0,64711.0,4.580365007494862,8.532802375,11.582945445,-26.333052197156405,0.895023901667904,1100,voltas,Mid Cap,Jan-2025
152222,5634,1,Max Financial Services Ltd.,Finance,Finance,Domestic Equities,76433.0,73086.0,4.579536436526832,8.528011975,8.141049540000001,4.753225405381813,0.894521426360248,1100,max-financial-services,Mid Cap,Jan-2025
152118,7308,1,PI Industries Ltd.,Chemicals,Chemicals,Domestic Equities,24059.0,23006.0,4.577066852125532,8.381554125000001,8.47920639,-1.1516675088268538,0.87915914904782,1100,pi-industries,Mid Cap,Jan-2025
171321,7864,1,Page Industries Ltd.,Textile,Textile,Domestic Equities,1846.0,1765.0,4.589235127478754,8.255967329999999,8.3862916,-1.5540154840311042,0.865986081359273,1100,page-industries,Mid Cap,Jan-2025
152574,8059,1,Torrent Power Ltd.,Power,Power,Domestic Equities,56362.0,53893.0,4.5812999833002435,8.24829689,8.008230335,2.997747878838962,0.865181512492611,1100,torrent-power,Mid Cap,Jan-2025
587,7648,1,APL Apollo Tubes Ltd.,Iron & Steel,Iron & Steel,Domestic Equities,53647.0,51298.0,4.579125891847635,8.098282885,8.044808849999999,0.6647023689071296,0.849446222471912,1100,apl-apollo-tubes,Mid Cap,Jan-2025
756,88308,1,Rail Vikas Nigam Ltd.,Infrastructure,Infrastructure,Domestic Equities,168225.0,160858.0,4.579815738104416,8.01255675,6.79946766,17.840942124578024,0.840454224714246,1100,rail-vikas-nigam,Large Cap,Jan-2025
38931,15891,1,Alkem Laboratories Ltd.,Healthcare,Healthcare,Domestic Equities,15748.0,15058.0,4.582281843538318,7.97329114,8.48352662,-6.0144265805345,0.836335570851297,1100,alkem-laboratories,Mid Cap,Jan-2025
96004,7992,1,Jubilant FoodWorks Ltd.,FMCG,Fast Moving Consumer Goods,Domestic Equities,113103.0,108149.0,4.580717343664759,7.9613201700000005,7.76617969,2.5126959172895473,0.835079910189621,1100,jubilant-foodworks,Mid Cap,Jan-2025
152795,99590,1,One97 Communications Ltd.,IT,Information Technology,Domestic Equities,100667.0,96258.0,4.580398512331443,7.809242524999999,9.79762053,-20.29449904608625,0.819128160553046,1100,one97-communications,Mid Cap,Jan-2025
152551,7908,1,GMR Airports Ltd.,Infrastructure,Aviation,Domestic Equities,1062494.0,1015965.0,4.579783752393045,7.721143898,7.98142104,-3.261037610916463,0.809887307032268,1100,gmr-airports,Mid Cap,Jan-2025
56674,5695,1,Supreme Industries Ltd.,Plastic Products,Plastic Products,Domestic Equities,19151.0,18312.0,4.581695063346439,7.60064888,8.60764716,-11.698879627403318,0.797248326729867,1100,supreme-industries,Mid Cap,Jan-2025
1152,105806,1,Mankind Pharma Ltd.,Healthcare,Healthcare,Domestic Equities,30798.0,29450.0,4.577249575551782,7.500544919999999,8.482778,-11.579144002118172,0.786748208138804,1100,mankind-pharma,Mid Cap,Jan-2025
171839,6306,1,Solar Industries India Ltd.,Chemicals,Chemicals,Domestic Equities,7217.0,6901.0,4.5790465149978266,7.357478905000001,6.75145533,8.976191730205825,0.771741707658195,1100,solar-industries-india,Mid Cap,Jan-2025
113892,8292,1,KEI Industries Ltd.,Electricals,Electricals,Domestic Equities,18263.0,17463.0,4.581114356067113,7.3483006799999995,7.747721895,-5.155337535511784,0.770778983996159,1100,kei-industries,Mid Cap,Jan-2025
77293,6578,1,Muthoot Finance Ltd.,Finance,Finance,Domestic Equities,31766.0,30375.0,4.579423868312757,7.17530408,6.488555625,10.58399580260976,0.752633000402196,1100,muthoot-finance,Mid Cap,Jan-2025
133642,6320,1,Petronet LNG Ltd.,Inds. Gases & Fuels,Industrials Gases & Fuels,Domestic Equities,222083.0,212358.0,4.579530792341235,7.02226446,7.35183396,-4.482820229525424,0.736580347149205,1100,petronet-lng,Mid Cap,Jan-2025
152616,7532,1,Vodafone Idea Ltd.,Telecom,Telecom,Domestic Equities,7691646.0,7354809.0,4.579819815851098,6.96093963,5.839718346,19.199920570963798,0.730147854492802,1100,vodafone-idea,Mid Cap,Jan-2025
77639,92991,1,SBI Cards And Payment Services Ltd.,Finance,Finance,Domestic Equities,88721.0,84836.0,4.579423829506342,6.9042682200000005,5.631837860000001,22.593519054186682,0.724203469018713,1100,sbi-cards-and-payment-services,Mid Cap,Jan-2025
152238,8313,1,MRF Ltd.,Automobile & Ancillaries,Automobile & Ancillaries,Domestic Equities,600.0,574.0,4.529616724738676,6.81795,7.49844039,-9.075092347303437,0.71514936619831,1100,mrf,Mid Cap,Jan-2025
191600,99819,1,FSN E-Commerce Ventures Ltd.,Retailing,Information Technology,Domestic Equities,403569.0,385895.0,4.580002332240635,6.816280410000001,6.31941652,7.8624962989462945,0.714974239330218,1100,fsn-e-commerce-ventures,Mid Cap,Jan-2025
123299,91366,1,KPIT Technologies Ltd.,IT,Information Technology,Domestic Equities,48313.0,46197.0,4.580384007619543,6.808267959999999,6.7664745900000005,0.6176535423891866,0.714133796302739,1100,kpit-technologies,Mid Cap,Jan-2025
153260,8051,1,Prestige Estates Projects Ltd.,Realty,Realty,Domestic Equities,49977.0,47788.0,4.580647861387796,6.79437315,8.0952872,-16.07001725646003,0.712676339946365,1100,prestige-estates-projects,Mid Cap,Jan-2025
677,6026,1,Oil India Ltd.,Crude Oil,Crude Oil,Domestic Equities,161581.0,154505.0,4.579787061907382,6.7936731450000005,6.655302875,2.079098015505423,0.712602914923875,1100,oil-india,Mid Cap,Jan-2025
19275,7232,1,NMDC Ltd.,Mining,Mining,Domestic Equities,1023948.0,979106.0,4.579892269069948,6.7682962799999995,6.454266752,4.865456295290099,0.709941081246472,1100,nmdc,Mid Cap,Jan-2025
1427,98308,1,Sona BLW Precision Forgings Ltd.,Automobile & Ancillaries,Automobile & Ancillaries,Domestic Equities,132752.0,126938.0,4.580188753564732,6.69468336,7.550272240000001,-11.331894437756064,0.702219664532942,1100,sona-blw-precision-forgings,Mid Cap,Jan-2025
79,7951,1,Balkrishna Industries Ltd.,Automobile & Ancillaries,Automobile & Ancillaries,Domestic Equities,23812.0,22769.0,4.580789670165577,6.5989005,6.6260066900000005,-0.40908787552100484,0.692172795368214,1100,balkrishna-industries,Mid Cap,Jan-2025
152323,7533,1,Tata Elxsi Ltd.,IT,Information Technology,Domestic Equities,10271.0,9821.0,4.582018124427248,6.5077056,6.674891755,-2.504702115577594,0.682607167146312,1100,tata-elxsi,Mid Cap,Jan-2025
171698,8307,1,Oracle Financial Services Software Ltd.,IT,Information Technology,Domestic Equities,6996.0,6690.0,4.573991031390134,6.381786180000001,8.55614205,-25.412807048943275,0.669399209709683,1100,oracle-financial-services-software,Mid Cap,Jan-2025
75891,5355,1,Container Corporation Of India Ltd.,Logistics,Logistics,Domestic Equities,81666.0,78090.0,4.579331540530158,6.37076466,6.153492,3.5308839273700183,0.668243138890369,1100,container-corporation-of-india,Mid Cap,Jan-2025
153691,5278,1,Oberoi Realty Ltd.,Realty,Realty,Domestic Equities,34870.0,33343.0,4.5796718951504065,6.32071055,7.70723445,-17.98990168256786,0.662992856174579,1100,oberoi-realty,Mid Cap,Jan-2025
133630,5815,1,Jindal Stainless Ltd.,Iron & Steel,Iron & Steel,Domestic Equities,96662.0,92429.0,4.579731469560419,6.31492846,6.46263568,-2.2855569664418987,0.662386360380565,1100,jindal-stainless,Mid Cap,Jan-2025
19182,5589,1,Coromandel International Ltd.,Chemicals,Chemicals,Domestic Equities,34847.0,33321.0,4.579694486960175,6.305738884999999,6.2641813950000005,0.6634145370242588,0.66142244619274,1100,coromandel-international,Mid Cap,Jan-2025
171336,8097,1,JK Cement Ltd.,Construction Materials,Construction Materials,Domestic Equities,12398.0,11855.0,4.580345845634754,5.99424703,5.4478467,10.029656855065326,0.628749398916185,1100,jk-cement,Mid Cap,Jan-2025
152296,7356,1,Patanjali Foods Ltd.,FMCG,Fast Moving Consumer Goods,Domestic Equities,32516.0,31092.0,4.579956258844719,5.93286936,5.5404389400000005,7.083020393326443,0.622311363759103,1100,patanjali-foods,Mid Cap,Jan-2025
152608,7159,1,Indian Bank,Bank,Banking,Domestic Equities,104691.0,100107.0,4.579100362612005,5.818202325,5.305170465,9.670412353092972,0.610283693065699,1100,indian-bank,Mid Cap,Jan-2025
352,7184,1,Ipca Laboratories Ltd.,Healthcare,Healthcare,Domestic Equities,40236.0,38473.0,4.5824344345385075,5.8072618799999995,6.5219429600000005,-10.958100743647108,0.609136126376639,1100,ipca-laboratories,Mid Cap,Jan-2025
171444,98250,1,Kalyan Jewellers India Ltd.,Diamond  &  Jewellery,Diamond & Jewellery,Domestic Equities,113627.0,108651.0,4.579801382407893,5.71657437,8.325382875,-31.33559794389637,0.599623719377673,1100,kalyan-jewellers-india,Mid Cap,Jan-2025
171509,5522,1,Tata Communications Ltd.,Telecom,Telecom,Domestic Equities,34794.0,33271.0,4.577560037269694,5.6818602,5.66738214,0.2554629217220941,0.595982475796596,1100,tata-communications,Mid Cap,Jan-2025
171434,4916,1,Astral Ltd.,Plastic Products,Plastic Products,Domestic Equities,36626.0,35022.0,4.579978299354692,5.520636980000001,5.786509949999999,-4.594703410127191,0.579071427226359,1100,astral,Mid Cap,Jan-2025
152207,5372,1,LIC Housing Finance Ltd.,Finance,Finance,Domestic Equities,89100.0,85198.0,4.579919716425268,5.329071,5.09526639,4.5886631258154935,0.558977661624945,1100,lic-housing-finance,Mid Cap,Jan-2025
171886,6139,1,Exide Industries Ltd.,Automobile & Ancillaries,Automobile & Ancillaries,Domestic Equities,134838.0,128933.0,4.579898086603119,5.049683099999999,5.370704115,-5.977261232906331,0.529672066892148,1100,exide-industries,Mid Cap,Jan-2025
171840,6541,1,UNO Minda Ltd.,Automobile & Ancillaries,Automobile & Ancillaries,Domestic Equities,52969.0,50649.0,4.580544531974965,5.00874864,5.334352679999999,-6.103909125108681,0.52537836378129,1100,uno-minda,Mid Cap,Jan-2025
152519,8782,1,Mahindra & Mahindra Financial Services Ltd.,Finance,Finance,Domestic Equities,175311.0,167634.0,4.579619886180607,4.995486945,4.44146283,12.473910875890416,0.523987316212158,1100,mahindra-mahindra-financial-services,Mid Cap,Jan-2025
46521,101004,1,Delhivery Ltd.,Logistics,Logistics,Domestic Equities,151017.0,144403.0,4.580237252688656,4.848400785,4.998509845,-3.0030762098058803,0.508559134119221,1100,delhivery,Small Cap,Jan-2025
133643,6434,1,Biocon Ltd.,Healthcare,Healthcare,Domestic Equities,133371.0,127531.0,4.579278763594734,4.835365605,4.659345085,3.777795307900019,0.50719184619319,1100,biocon,Mid Cap,Jan-2025
171333,7587,1,United Breweries Ltd.,Alcohol,Alcohol,Domestic Equities,22306.0,21329.0,4.58061793801866,4.7868676,4.3447173,10.176733478148282,0.50210478666098,1100,united-breweries,Mid Cap,Jan-2025
19183,6082,1,Deepak Nitrite Ltd.,Chemicals,Chemicals,Domestic Equities,20362.0,19470.0,4.5814072932717,4.73538672,4.8564021,-2.491873150289595,0.496704846986542,1100,deepak-nitrite,Mid Cap,Jan-2025
133351,5368,1,Steel Authority Of India Ltd.,Iron & Steel,Iron & Steel,Domestic Equities,428278.0,409523.0,4.579718355257214,4.600990554,4.6329336990000005,-0.6894798647106688,0.482607745521383,1100,steel-authority-of-india,Mid Cap,Jan-2025
152397,5267,1,Tata Chemicals Ltd.,Chemicals,Chemicals,Domestic Equities,46402.0,44370.0,4.579670948839306,4.57570122,4.6686114,-1.9901030957513302,0.47995509315789,1100,tata-chemicals,Small Cap,Jan-2025
134830,88309,1,Mazagon Dock Shipbuilders Ltd.,Ship Building,Ship Building,Domestic Equities,18180.0,17384.0,4.578923147722043,4.542273,3.8728075200000003,17.286309132140914,0.4764487356243,1100,mazagon-dock-shipbuilders,Mid Cap,Jan-2025
75659,6055,1,Lloyds Metals & Energy Ltd.,Iron & Steel,Iron & Steel,Domestic Equities,35963.0,34388.0,4.580086076538327,4.45617533,4.23608578,5.195587658756041,0.467417766765383,1100,lloyds-metals-energy,Mid Cap,Jan-2025
152325,5528,1,Thermax Ltd.,Capital Goods,Capital Goods,Domestic Equities,11476.0,10973.0,4.583978857194933,4.43386736,4.432817675,0.02367985956020265,0.465077836052094,1100,thermax,Mid Cap,Jan-2025
44430,82482,1,L&T Technology Services Ltd.,IT,Information Technology,Domestic Equities,8135.0,7779.0,4.576423704846381,4.433046225,3.6852234600000005,20.29246728500962,0.464991705444681,1100,lt-technology-services,Mid Cap,Jan-2025
47051,90577,1,Dalmia Bharat Ltd.,Construction Materials,Construction Materials,Domestic Equities,23682.0,22645.0,4.5793773459924925,4.41989007,4.001937625,10.44375210620631,0.463611728192009,1100,dalmia-bharat,Mid Cap,Jan-2025
173672,92657,1,Gujarat Fluorochemicals Ltd.,Chemicals,Chemicals,Domestic Equities,12101.0,11571.0,4.580416558637975,4.329193255,4.82001576,-10.18300622734893,0.454098345171679,1100,gujarat-fluorochemicals,Mid Cap,Jan-2025
171565,6678,1,Apollo Tyres Ltd.,Automobile & Ancillaries,Automobile & Ancillaries,Domestic Equities,98608.0,94290.0,4.579488811114647,4.31212784,4.9917126000000005,-13.614260564600617,0.452308317271627,1100,apollo-tyres,Small Cap,Jan-2025
152486,5772,1,AIA Engineering Ltd.,Automobile & Ancillaries,Automobile & Ancillaries,Domestic Equities,11503.0,11000.0,4.572727272727272,4.23379418,3.742915,13.114889865252083,0.444091732036916,1100,aia-engineering,Mid Cap,Jan-2025
133635,5732,1,Indraprastha Gas Ltd.,Gas Transmission,Gas Transmission,Domestic Equities,207818.0,99358.0,109.16081241570885,4.193767240000001,4.12981527,1.5485431143751849,0.43989322064099,1100,indraprastha-gas,Mid Cap,Jan-2025
19098,6973,1,Schaeffler India Ltd.,Automobile & Ancillaries,Automobile & Ancillaries,Domestic Equities,11933.0,11411.0,4.574533345017965,4.08800714,3.88635838,5.188630082025542,0.42879981742095,1100,schaeffler-india,Mid Cap,Jan-2025
171410,5631,1,Procter & Gamble Hygiene and Health Care Ltd.,FMCG,Fast Moving Consumer Goods,Domestic Equities,2805.0,2682.0,4.586129753914989,4.0674183,3.9462948,3.069296799620746,0.426640209932371,1100,procter-gamble-hygiene-and-health-care,Mid Cap,Jan-2025
114414,5238,1,Bank Of India,Bank,Banking,Domestic Equities,360001.0,344236.0,4.5797069452352455,4.050731252,3.5077648399999997,15.478985529714134,0.42488986975667,1100,bank-of-india,Mid Cap,Jan-2025
152324,4941,1,ACC Ltd.,Construction Materials,Construction Materials,Domestic Equities,20158.0,19275.0,4.5810635538262,4.04702087,3.9561937499999997,2.295820825256603,0.424500679848317,1100,acc,Mid Cap,Jan-2025
152367,6359,1,Abbott India Ltd.,Healthcare,Healthcare,Domestic Equities,1544.0,1477.0,4.536222071767095,4.04115752,4.3927457,-8.00383641602563,0.423885660519003,1100,abbott-india,Mid Cap,Jan-2025
114654,92672,1,Indian Renewable Energy Development Agency Ltd.,Finance,Finance,Domestic Equities,199609.0,190868.0,4.579604753023032,4.034297499,4.1084337,-1.8044881921789324,0.423166098235581,1100,indian-renewable-energy-development-agency,Mid Cap,Jan-2025
177212,94646,1,Hitachi Energy India Ltd.,Capital Goods,Capital Goods,Domestic Equities,3116.0,2979.0,4.5988586774085265,4.00828218,4.29339438,-6.640717687807656,0.4204372957518,1100,hitachi-energy-india,Mid Cap,Jan-2025
19805,15724,1,Syngene International Ltd.,Business Services,Healthcare,Domestic Equities,53573.0,51227.0,4.579616218010034,4.0000280450000005,4.397581815,-9.04028138018848,0.419571501867455,1100,syngene-international,Mid Cap,Jan-2025
171433,6783,1,Berger Paints India Ltd.,Chemicals,Chemicals,Domestic Equities,84367.0,80672.0,4.580275684252281,3.988449925,3.6185425600000003,10.222551175410237,0.418357048082994,1100,berger-paints-india,Mid Cap,Jan-2025
133407,5997,1,Hindustan Zinc Ltd.,Non - Ferrous Metals,Non - Ferrous Metals,Domestic Equities,88342.0,84473.0,4.580161708474898,3.97671513,3.7506011999999997,6.02873827268013,0.417126160322492,1100,hindustan-zinc,Large Cap,Jan-2025
133333,4917,1,CRISIL Ltd.,Ratings,Ratings,Domestic Equities,7221.0,6905.0,4.576393917451123,3.9233859300000002,4.59396555,-14.596966666413069,0.411532346407772,1100,crisil,Mid Cap,Jan-2025
171646,5397,1,Carborundum Universal Ltd.,Abrasives,Abrasives,Domestic Equities,33027.0,31581.0,4.578702384345017,3.91931409,4.041262665,-3.017585965301271,0.411105242396264,1100,carborundum-universal,Small Cap,Jan-2025
152079,6815,1,Linde India Ltd.,Inds. Gases & Fuels,Industrials Gases & Fuels,Domestic Equities,6233.0,5960.0,4.580536912751678,3.906750905,3.5736458,9.321156142558957,0.409787463035872,1100,linde-india,Mid Cap,Jan-2025
134823,84770,1,Cochin Shipyard Ltd.,Ship Building,Ship Building,Domestic Equities,25075.0,23977.0,4.579388580723194,3.84224225,3.689460875,4.1410216878909205,0.403021012161701,1100,cochin-shipyard,Mid Cap,Jan-2025
79346,86555,1,Aditya Birla Capital Ltd.,Finance,Finance,Domestic Equities,210887.0,201652.0,4.579671910023208,3.783101893,3.585775864,5.503021841969769,0.396817653553132,1100,aditya-birla-capital,Mid Cap,Jan-2025
57541,86814,1,General Insurance Corporation of India,Insurance,Finance,Domestic Equities,91609.0,87597.0,4.580065527358243,3.769252305,3.891496725,-3.141321415348232,0.395364940629114,1100,general-insurance-corporation-of-india,Mid Cap,Jan-2025
83342,79963,1,Bandhan Bank Ltd.,Bank,Banking,Domestic Equities,246456.0,235663.0,4.579844948082643,3.7308509279999997,3.7484556780000005,-0.4696534122925388,0.391336938015031,1100,bandhan-bank,Small Cap,Jan-2025
171580,109023,1,Tata Technologies Ltd.,IT,Information Technology,Domestic Equities,45687.0,43687.0,4.578020921555612,3.59830812,3.894040745,-7.594492311867168,0.377434239236755,1100,tata-technologies,Mid Cap,Jan-2025
97743,96921,1,Gland Pharma Ltd.,Healthcare,Healthcare,Domestic Equities,23575.0,22543.0,4.577917757175176,3.594598125,4.011188705,-10.38571382794119,0.37704508992166,1100,gland-pharma,Small Cap,Jan-2025
152370,5063,1,Escorts Kubota Ltd.,Automobile & Ancillaries,Automobile & Ancillaries,Domestic Equities,9836.0,9406.0,4.571550074420583,3.5640254199999997,3.13459653,13.699654353920943,0.373838253467342,1100,escorts-kubota,Mid Cap,Jan-2025
57781,87827,1,Bharat Dynamics Ltd.,Capital Goods,Capital Goods,Domestic Equities,27304.0,26109.0,4.57696579723467,3.5631720000000002,2.9316490649999998,21.54155975009241,0.373748736417188,1100,bharat-dynamics,Mid Cap,Jan-2025
1704,6920,1,L&T Finance Ltd.,Finance,Finance,Domestic Equities,238496.0,228052.0,4.579657271148686,3.469401312,3.093069276,12.166944947533727,0.363912928279672,1100,lt-finance,Mid Cap,Jan-2025
95549,7450,1,Aditya Birla Fashion and Retail Ltd.,Retailing,Retailing,Domestic Equities,126244.0,113451.0,11.276233792562428,3.45719194,3.1760607449999996,8.851568580436595,0.362632261122024,1100,aditya-birla-fashion-and-retail,Mid Cap,Jan-2025
171948,7104,1,Emami Ltd.,FMCG,Fast Moving Consumer Goods,Domestic Equities,58420.0,55862.0,4.579141455730192,3.4447352999999996,3.3559096499999996,2.646842712228561,0.361325657494694,1100,emami,Small Cap,Jan-2025
152318,6472,1,Sundram Fasteners Ltd.,Automobile & Ancillaries,Automobile & Ancillaries,Domestic Equities,32767.0,31332.0,4.579982126899017,3.4215301399999998,3.31868544,3.0989589661140045,0.35889161860228,1100,sundram-fasteners,Small Cap,Jan-2025
115032,83788,1,Housing & Urban Development Corporation Ltd.,Finance,Finance,Domestic Equities,148681.0,142170.0,4.579728494056411,3.41520257,3.33687207,2.3474229265253235,0.358227906243716,1100,housing-urban-development-corporation,Mid Cap,Jan-2025
645,8087,1,IRB Infrastructure Developers Ltd.,Infrastructure,Infrastructure,Domestic Equities,587839.0,562096.0,4.579822663744271,3.369493148,3.2174375040000003,4.72598593790744,0.35343334715006,1100,irb-infrastructure-developers,Mid Cap,Jan-2025
133495,5019,1,Ajanta Pharma Ltd.,Healthcare,Healthcare,Domestic Equities,12473.0,11927.0,4.5778485788547,3.3607874850000004,3.4972349400000002,-3.9015810301838054,0.352520191527507,1100,ajanta-pharma,Mid Cap,Jan-2025
133170,6243,1,Timken India Ltd.,Automobile & Ancillaries,Automobile & Ancillaries,Domestic Equities,10645.0,10179.0,4.578052853914922,3.0421281,3.1776802199999996,-4.2657571125895055,0.319095326690438,1100,timken-india,Small Cap,Jan-2025
76174,111823,1,Bharti Hexacom Ltd.,Telecom,Telecom,Domestic Equities,22281.0,21305.0,4.581084252522881,3.01885269,3.1039254499999998,-2.7408119611893356,0.316653919125186,1100,bharti-hexacom,Mid Cap,Jan-2025
797,86851,1,Nippon Life India Asset Management Ltd.,Finance,Finance,Domestic Equities,51612.0,49352.0,4.5793483546766085,3.01310856,3.5878904,-16.020050110783764,0.316051405036808,1100,nippon-life-india-asset-management,Mid Cap,Jan-2025
58178,99657,1,Star Health and Allied Insurance Company Ltd.,Insurance,Finance,Domestic Equities,65161.0,62307.0,4.580544722101851,2.823100325,2.959270965,-4.601492786923629,0.296121034642084,1100,star-health-and-allied-insurance-company,Small Cap,Jan-2025
196533,104025,1,Motherson Sumi Wiring India Ltd.,Iron & Steel,Iron & Steel,Domestic Equities,502389.0,480388.0,4.579839629632714,2.819909457,2.797779712,0.7909752474464911,0.295786337668973,1100,motherson-sumi-wiring-india,Small Cap,Jan-2025
152363,7424,1,SKF India Ltd.,Automobile & Ancillaries,Automobile & Ancillaries,Domestic Equities,6898.0,6596.0,4.578532443905397,2.78944773,2.95388668,-5.566867243532848,0.292591141934572,1100,skf-india,Small Cap,Jan-2025
509,8487,1,K.P.R. Mill Ltd.,Textile,Textile,Domestic Equities,29752.0,28449.0,4.580125839221062,2.7728864,2.82839958,-1.9627064150532922,0.290853988588933,1100,kpr-mill,Small Cap,Jan-2025
171405,6966,1,Poonawalla Fincorp Ltd.,Finance,Finance,Domestic Equities,86441.0,82656.0,4.579219899341851,2.68312864,2.59829136,3.2651180428048625,0.28143910505717,1100,poonawalla-fincorp,Small Cap,Jan-2025
19128,7053,1,Grindwell Norton Ltd.,Abrasives,Abrasives,Domestic Equities,13702.0,13102.0,4.579453518546787,2.64099199,2.51545298,4.99071185182718,0.277019301664476,1100,grindwell-norton,Small Cap,Jan-2025
113787,7539,1,Honeywell Automation India Ltd.,Consumer Durables,Consumer Durables,Domestic Equities,652.0,624.0,4.487179487179487,2.6387907,2.61805752,0.7919298885381361,0.276788403645523,1100,honeywell-automation-india,Mid Cap,Jan-2025
102429,100653,1,Global Health Ltd.,Healthcare,Healthcare,Domestic Equities,24625.0,23546.0,4.582519323876666,2.5600150000000004,2.5394361,0.8103728225333232,0.268525451889229,1100,global-health,Small Cap,Jan-2025
152064,6806,1,3M India Ltd.,Diversified,Diversified,Domestic Equities,837.0,800.0,4.625,2.501981325,2.4314519999999997,2.900708095409667,0.262438175523986,1100,3m-india,Mid Cap,Jan-2025
137768,15760,1,Gujarat Gas Ltd.,Gas Transmission,Gas Transmission,Domestic Equities,51096.0,48858.0,4.5806213926071475,2.4832656,2.43654846,1.917349101277472,0.260475043076301,1100,gujarat-gas,Mid Cap,Jan-2025
152386,5556,1,Glaxosmithkline Pharmaceuticals Ltd.,Healthcare,Healthcare,Domestic Equities,12264.0,11727.0,4.579176259913021,2.42477676,2.6407444950000003,-8.178289698564727,0.254340023480136,1100,glaxosmithkline-pharmaceuticals,Mid Cap,Jan-2025
133645,6755,1,Bank Of Maharashtra,Bank,Banking,Domestic Equities,466096.0,445685.0,4.579691934886747,2.390606384,2.326030015,2.7762483107940388,0.250755819615461,1100,bank-of-maharashtra,Mid Cap,Jan-2025
13,7543,1,Tata Investment Corporation Ltd.,Finance,Finance,Domestic Equities,3927.0,3755.0,4.5805592543275635,2.366154945,2.5718745999999997,-7.998821365551795,0.248191055851649,1100,tata-investment-corporation,Mid Cap,Jan-2025
78882,109773,1,JSW Infrastructure Ltd.,Logistics,Logistics,Domestic Equities,80112.0,76604.0,4.579395331836458,2.20308,2.4360072,-9.561843659575391,0.231085775883392,1100,jsw-infrastructure,Mid Cap,Jan-2025
171853,7249,1,NLC India Ltd.,Power,Power,Domestic Equities,96656.0,92423.0,4.580028780714757,2.144989952,2.29948424,-6.718649569870499,0.224992586433539,1100,nlc-india,Mid Cap,Jan-2025
171394,82477,1,Endurance Technologies Ltd.,Automobile & Ancillaries,Automobile & Ancillaries,Domestic Equities,10447.0,9989.0,4.585043547902693,2.078378415,2.147684945,-3.227034307864931,0.218005559766132,1100,endurance-technologies,Mid Cap,Jan-2025
1840,4901,1,SJVN Ltd.,Power,Power,Domestic Equities,211911.0,202631.0,4.579753344749816,2.066344161,2.115670271,-2.3314649109610617,0.216743261110265,1100,sjvn,Mid Cap,Jan-2025
19510,6302,1,ZF Commercial Vehicle Control Systems India Ltd.,Automobile & Ancillaries,Automobile & Ancillaries,Domestic Equities,1817.0,1737.0,4.605641911341393,2.0048778,2.0920341149999997,-4.1661039069623405,0.21029592296439,1100,zf-commercial-vehicle-control-systems-india,Small Cap,Jan-2025
19174,6780,1,Bayer CropScience Ltd.,Chemicals,Chemicals,Domestic Equities,3778.0,3612.0,4.595791805094131,1.9327870200000001,2.00500314,-3.601795855541649,0.202734166772904,1100,bayer-cropscience,Small Cap,Jan-2025
555,5663,1,The Fertilisers And Chemicals Travancore Ltd.,Chemicals,Chemicals,Domestic Equities,18455.0,17647.0,4.578681928939763,1.699613225,1.73099423,-1.812889058561453,0.178276068413675,1100,the-fertilisers-and-chemicals-travancore,Mid Cap,Jan-2025
133387,5868,1,Godrej Industries Ltd.,Chemicals,Chemicals,Domestic Equities,18914.0,18086.0,4.578126727855801,1.68438627,2.10918932,-20.14058415581206,0.176678880517404,1100,godrej-industries,Mid Cap,Jan-2025
152532,6617,1,Sun TV Network Ltd.,Media & Entertainment,Media & Entertainment,Domestic Equities,25173.0,24071.0,4.578123052635952,1.557831105,1.644891785,-5.292790735166822,0.163404238427205,1100,sun-tv-network,Small Cap,Jan-2025
133353,4920,1,IDBI Bank Ltd.,Bank,Banking,Domestic Equities,166344.0,159060.0,4.579403998491135,1.3493825279999998,1.21664994,10.909677766474056,0.141539621096997,1100,idbi-bank,Mid Cap,Jan-2025
133909,100034,1,Metro Brands Ltd.,Retailing,Retailing,Domestic Equities,10995.0,10514.0,4.574852577515694,1.3027425750000001,1.27939609,1.824805092221284,0.136647456615376,1100,metro-brands,Mid Cap,Jan-2025
58164,86911,1,The New India Assurance Company Ltd.,Insurance,Finance,Domestic Equities,71299.0,68176.0,4.580790894156301,1.296572315,1.380700352,-6.093142286676271,0.136000244839362,1100,the-new-india-assurance-company,Mid Cap,Jan-2025
57345,99844,1,AWL Agri Business Ltd.,FMCG,Fast Moving Consumer Goods,Domestic Equities,46828.0,44778.0,4.578141051409174,1.24866862,1.37938629,-9.47650929602903,0.1309755237549,1100,awl-agri-business,Mid Cap,Jan-2025
133551,7167,1,Indian Overseas Bank,Bank,Banking,Domestic Equities,203226.0,194326.0,4.579932690427426,1.0364525999999998,1.005831376,3.044369536549427,0.108715731265936,1100,indian-overseas-bank,Large Cap,Jan-2025
171883,5324,1,Mangalore Refinery And Petrochemicals Ltd.,Crude Oil,Crude Oil,Domestic Equities,54290.0,51912.0,4.580829095392202,0.7030554999999999,0.770425992,-8.744576727624217,0.0737449959631907,1100,mangalore-refinery-and-petrochemicals,Small Cap,Jan-2025
77009,96064,1,Max Healthcare Institute Ltd.,Healthcare,Healthcare,Domestic Equities,229981.0,220182.0,4.450409206928813,22.49444161,23.36681475,-3.733384927870838,2.5254254910356,1100,max-healthcare-institute,Mid Cap,Feb-2025
152406,5107,1,The Indian Hotels Company Ltd.,Hospitality,Hospitality,Domestic Equities,272430.0,260825.0,4.44934342950254,19.5087123,19.94528775,-2.188865136829125,2.19022104188607,1100,the-indian-hotels-company,Mid Cap,Feb-2025
76200,82667,1,BSE Ltd.,Finance,Finance,Domestic Equities,42004.0,40215.0,4.448588835011812,19.46339348,21.337877924999997,-8.784774435342536,2.18513314927527,1100,bse,Mid Cap,Feb-2025
152473,5056,1,Suzlon Energy Ltd.,Capital Goods,Capital Goods,Domestic Equities,3672547.0,3501257.0,4.892242985876216,18.256231137,20.366811969,-10.362843410213056,2.04960639979263,1100,suzlon-energy,Mid Cap,Feb-2025
95548,5980,1,Persistent Systems Ltd.,IT,Information Technology,Domestic Equities,32658.0,31269.0,4.44209920368416,17.321476620000002,18.86333694,-8.173847103003602,1.94466256851108,1100,persistent-systems,Mid Cap,Feb-2025
57445,86554,1,Dixon Technologies (India) Ltd.,Consumer Durables,Consumer Durables,Domestic Equities,11824.0,11317.0,4.479985861977556,16.477749040000003,16.959599615,-2.841167161598694,1.84993822838456,1100,dixon-technologies-india,Mid Cap,Feb-2025
133657,7260,1,Coforge Ltd.,IT,Information Technology,Domestic Equities,20626.0,19745.0,4.4618890858445175,15.18517059,16.316971825,-6.936343625144431,1.70482190927833,1100,coforge,Mid Cap,Feb-2025
157113,99763,1,PB Fintech Ltd.,IT,Information Technology,Domestic Equities,102340.0,97978.0,4.4520198411888385,14.9784824,16.91884104,-11.468626222165861,1.68161726020227,1100,pb-fintech,Mid Cap,Feb-2025
152211,6247,1,Lupin Ltd.,Healthcare,Healthcare,Domestic Equities,74695.0,71515.0,4.446619590295742,14.226783175000001,14.878338175,-4.37921891770684,1.59722483929581,1100,lupin,Mid Cap,Feb-2025
171685,5596,1,The Federal Bank Ltd.,Bank,Banking,Domestic Equities,758281.0,725974.0,4.450159372098725,13.468587121999999,13.590959254,-0.900393634569868,1.5121030268656,1100,the-federal-bank,Mid Cap,Feb-2025
165,7447,1,SRF Ltd.,Chemicals,Chemicals,Domestic Equities,44925.0,43012.0,4.447596019715428,12.5583345,12.08572682,3.910461381750816,1.40990999559432,1100,srf,Mid Cap,Feb-2025
38803,5403,1,Indus Towers Ltd.,Telecom,Telecom,Domestic Equities,384607.0,368220.0,4.450328607897452,12.436267345000001,12.7845984,-2.7246147598973365,1.3962056543086,1100,indus-towers,Large Cap,Feb-2025
171877,6125,1,Cummins India Ltd.,Automobile & Ancillaries,Automobile & Ancillaries,Domestic Equities,41960.0,40172.0,4.450861296425371,11.4045182,11.70632166,-2.5781237588170027,1.28037234596015,1100,cummins-india,Large Cap,Feb-2025
114530,88033,1,HDFC Asset Management Company Ltd.,Finance,Finance,Domestic Equities,31365.0,30031.0,4.4420765209283735,11.380162949999999,11.62169669,-2.0783001522302,1.27763800961801,1100,hdfc-asset-management-company,Mid Cap,Feb-2025
133334,5159,1,CG Power and Industrial Solutions Ltd.,Capital Goods,Capital Goods,Domestic Equities,198147.0,189706.0,4.449516620454809,11.34589722,12.04348541,-5.792245070690058,1.27379103490704,1100,cg-power-and-industrial-solutions,Large Cap,Feb-2025
7737,15826,1,IDFC First Bank Ltd.,Bank,Banking,Domestic Equities,1917869.0,1836160.0,4.449993464621819,11.198437091,11.61187584,-3.5604819987465475,1.25723585318062,1100,idfc-first-bank,Mid Cap,Feb-2025
171820,5969,1,Colgate-Palmolive (India) Ltd.,FMCG,Fast Moving Consumer Goods,Domestic Equities,41012.0,39266.0,4.446595018591148,10.10781752,11.07909823,-8.76678489382795,1.13479322875907,1100,colgate-palmolive-india,Mid Cap,Feb-2025
171635,7381,1,UPL Ltd.,Chemicals,Chemicals,Domestic Equities,156605.0,149931.0,4.45138096857888,9.912313475,9.052084125,9.503108213767286,1.11284421097931,1100,upl,Mid Cap,Feb-2025
152636,5140,1,Fortis Healthcare Ltd.,Healthcare,Healthcare,Domestic Equities,161250.0,154382.0,4.448705159927971,9.879787499999999,9.88353564,-0.03792306859127336,1.10919255659242,1100,fortis-healthcare,Mid Cap,Feb-2025
141614,85778,1,AU Small Finance Bank Ltd.,Bank,Banking,Domestic Equities,173610.0,166216.0,4.448428550801367,9.8211177,9.98875052,-1.678216105851846,1.10260576457318,1100,au-small-finance-bank,Mid Cap,Feb-2025
171327,5699,1,Marico Ltd.,FMCG,Fast Moving Consumer Goods,Domestic Equities,163290.0,156333.0,4.450116098328568,9.8071974,10.484472645,-6.459793142986456,1.10104294825294,1100,marico,Mid Cap,Feb-2025
152455,7030,1,Yes Bank Ltd.,Bank,Banking,Domestic Equities,5834392.0,5585823.0,4.4499977890455895,9.7726066,10.741537629,-9.020412742250974,1.09715947830112,1100,yes-bank,Mid Cap,Feb-2025
599,7495,1,Sundaram Finance Ltd.,Finance,Finance,Domestic Equities,21298.0,20392.0,4.442918791683013,9.66449995,9.4149864,2.650174300835944,1.08502246710547,1100,sundaram-finance,Mid Cap,Feb-2025
171659,5756,1,Ashok Leyland Ltd.,Automobile & Ancillaries,Automobile & Ancillaries,Domestic Equities,443296.0,424411.0,4.449696167158721,9.439545024000001,9.202503713,2.575834994395513,1.05976703226055,1100,ashok-leyland,Mid Cap,Feb-2025
152379,5838,1,Voltas Ltd.,Consumer Durables,Consumer Durables,Domestic Equities,70685.0,67675.0,4.447728112301441,9.33112685,8.532802375,9.3559470841489,1.04759504661813,1100,voltas,Mid Cap,Feb-2025
171465,6543,1,Aurobindo Pharma Ltd.,Healthcare,Healthcare,Domestic Equities,86556.0,82868.0,4.450451320171839,9.16022148,9.71130092,-5.674620162012236,1.02840769422966,1100,aurobindo-pharma,Mid Cap,Feb-2025
171946,6864,1,Godrej Properties Ltd.,Realty,Realty,Domestic Equities,46690.0,44699.0,4.454238349851227,9.0405847,10.412408554999999,-13.174894624560753,1.01497620839348,1100,godrej-properties,Mid Cap,Feb-2025
122,5767,1,The Phoenix Mills Ltd.,Realty,Realty,Domestic Equities,57710.0,55249.0,4.454379264783073,8.934085099999999,9.07078082,-1.5069895603540795,1.00301961888181,1100,the-phoenix-mills,Mid Cap,Feb-2025
171365,5279,1,Hindustan Petroleum Corporation Ltd.,Crude Oil,Crude Oil,Domestic Equities,297273.0,284609.0,4.449613329163871,8.732394375,10.196117425,-14.355690396533461,0.980376029543098,1100,hindustan-petroleum-corporation,Mid Cap,Feb-2025
152369,6790,1,Bharat Forge Ltd.,Automobile & Ancillaries,Automobile & Ancillaries,Domestic Equities,81007.0,77559.0,4.445647829394397,8.23436155,9.493609395,-13.264163213447649,0.924462448160027,1100,bharat-forge,Mid Cap,Feb-2025
101370,86936,1,Tube Investments of India Ltd.,Automobile & Ancillaries,Automobile & Ancillaries,Domestic Equities,33034.0,31625.0,4.455335968379447,8.13346631,10.50614125,-22.583695417192306,0.913135053800219,1100,tube-investments-of-india,Mid Cap,Feb-2025
587,7648,1,APL Apollo Tubes Ltd.,Iron & Steel,Iron & Steel,Domestic Equities,56033.0,53647.0,4.4475925960445135,8.062868535,8.098282885,-0.4373069020050636,0.90520912153275,1100,apl-apollo-tubes,Mid Cap,Feb-2025
152222,5634,1,Max Financial Services Ltd.,Finance,Finance,Domestic Equities,79837.0,76433.0,4.453573718158387,7.968530970000001,8.528011975,-6.560509139059915,0.8946179499205,1100,max-financial-services,Mid Cap,Feb-2025
19255,6350,1,Mphasis Ltd.,IT,Information Technology,Domestic Equities,35029.0,33538.0,4.445703381239191,7.871892024999999,9.61853071,-18.159100778085474,0.883768404981306,1100,mphasis,Mid Cap,Feb-2025
171321,7864,1,Page Industries Ltd.,Textile,Textile,Domestic Equities,1931.0,1846.0,4.604550379198267,7.823629945,8.255967329999999,-5.2366654047794015,0.878350075902703,1100,page-industries,Mid Cap,Feb-2025
77639,92991,1,SBI Cards And Payment Services Ltd.,Finance,Finance,Domestic Equities,92670.0,88721.0,4.4510318864755805,7.7731596000000005,6.9042682200000005,12.584843930063888,0.872683827412778,1100,sbi-cards-and-payment-services,Mid Cap,Feb-2025
152551,7908,1,GMR Airports Ltd.,Infrastructure,Aviation,Domestic Equities,1109776.0,1062494.0,4.450095718187585,7.709613872,7.721143898,-0.14933054159224998,0.865549620477574,1100,gmr-airports,Mid Cap,Feb-2025
38931,15891,1,Alkem Laboratories Ltd.,Healthcare,Healthcare,Domestic Equities,16447.0,15748.0,4.438658877317755,7.64160514,7.97329114,-4.159963485291717,0.857914357136364,1100,alkem-laboratories,Mid Cap,Feb-2025
152118,7308,1,PI Industries Ltd.,Chemicals,Chemicals,Domestic Equities,25128.0,24059.0,4.443243692589052,7.573453560000001,8.381554125000001,-9.641416770067087,0.850263056411929,1100,pi-industries,Mid Cap,Feb-2025
152795,99590,1,One97 Communications Ltd.,IT,Information Technology,Domestic Equities,105147.0,100667.0,4.450316389680829,7.517484765000001,7.809242524999999,-3.7360571024140308,0.843979503165926,1100,one97-communications,Mid Cap,Feb-2025
152574,8059,1,Torrent Power Ltd.,Power,Power,Domestic Equities,58872.0,56362.0,4.453355097406054,7.43523924,8.24829689,-9.857279155236624,0.834745891193701,1100,torrent-power,Mid Cap,Feb-2025
96004,7992,1,Jubilant FoodWorks Ltd.,FMCG,Fast Moving Consumer Goods,Domestic Equities,118133.0,113103.0,4.447273723950735,7.39630713,7.9613201700000005,-7.096976731686951,0.830375027283477,1100,jubilant-foodworks,Mid Cap,Feb-2025
1152,105806,1,Mankind Pharma Ltd.,Healthcare,Healthcare,Domestic Equities,32169.0,30798.0,4.451587765439314,7.36863114,7.500544919999999,-1.7587226182494464,0.827267875221317,1100,mankind-pharma,Mid Cap,Feb-2025
134131,90516,1,Polycab India Ltd.,Electricals,Electricals,Domestic Equities,15572.0,14906.0,4.467999463303367,7.33970648,9.00016827,-18.449230505331435,0.824020536392019,1100,polycab-india,Large Cap,Feb-2025
77293,6578,1,Muthoot Finance Ltd.,Finance,Finance,Domestic Equities,33180.0,31766.0,4.4513001322168355,7.0766304,7.17530408,-1.375184645833148,0.794485282748809,1100,muthoot-finance,Mid Cap,Feb-2025
1427,98308,1,Sona BLW Precision Forgings Ltd.,Automobile & Ancillaries,Automobile & Ancillaries,Domestic Equities,138659.0,132752.0,4.44965047607569,6.848368010000001,6.69468336,2.295622387733064,0.768858522665356,1100,sona-blw-precision-forgings,Mid Cap,Feb-2025
191600,99819,1,FSN E-Commerce Ventures Ltd.,Retailing,Information Technology,Domestic Equities,421530.0,403569.0,4.450540056347242,6.6938964,6.816280410000001,-1.7954661874011821,0.751516169905558,1100,fsn-e-commerce-ventures,Mid Cap,Feb-2025
19275,7232,1,NMDC Ltd.,Mining,Mining,Domestic Equities,1069511.0,1023948.0,4.449737681991664,6.682304728,6.7682962799999995,-1.2705051381113488,0.75021478601437,1100,nmdc,Mid Cap,Feb-2025
56674,5695,1,Supreme Industries Ltd.,Plastic Products,Plastic Products,Domestic Equities,20002.0,19151.0,4.443632186308808,6.6586658,7.60064888,-12.393456070292777,0.747560870332132,1100,supreme-industries,Mid Cap,Feb-2025
152238,8313,1,MRF Ltd.,Automobile & Ancillaries,Automobile & Ancillaries,Domestic Equities,630.0,600.0,5.0,6.638543100000001,6.81795,-2.6313906672826737,0.745301717586333,1100,mrf,Mid Cap,Feb-2025
133642,6320,1,Petronet LNG Ltd.,Inds. Gases & Fuels,Industrials Gases & Fuels,Domestic Equities,231963.0,222083.0,4.448787165158972,6.57151179,7.02226446,-6.418907641083066,0.737776188306412,1100,petronet-lng,Mid Cap,Feb-2025
171839,6306,1,Solar Industries India Ltd.,Chemicals,Chemicals,Domestic Equities,7537.0,7217.0,4.433975336012193,6.56517922,7.357478905000001,-10.768630059701142,0.737065237842336,1100,solar-industries-india,Mid Cap,Feb-2025
79,7951,1,Balkrishna Industries Ltd.,Automobile & Ancillaries,Automobile & Ancillaries,Domestic Equities,24871.0,23812.0,4.447337476902402,6.505383115,6.5989005,-1.4171661627569638,0.730351996835966,1100,balkrishna-industries,Mid Cap,Feb-2025
19182,5589,1,Coromandel International Ltd.,Chemicals,Chemicals,Domestic Equities,36396.0,34847.0,4.445145923608919,6.0670312200000005,6.305738884999999,-3.785562157796191,0.681138725892418,1100,coromandel-international,Mid Cap,Feb-2025
152616,7532,1,Vodafone Idea Ltd.,Telecom,Telecom,Domestic Equities,8033921.0,7691646.0,4.449957785368698,6.0656103550000005,6.96093963,-12.862189913863686,0.680979206987591,1100,vodafone-idea,Mid Cap,Feb-2025
123299,91366,1,KPIT Technologies Ltd.,IT,Information Technology,Domestic Equities,50464.0,48313.0,4.452217829569681,6.04255936,6.808267959999999,-11.246745934482863,0.678391297877598,1100,kpit-technologies,Mid Cap,Feb-2025
152296,7356,1,Patanjali Foods Ltd.,FMCG,Fast Moving Consumer Goods,Domestic Equities,33960.0,32516.0,4.440890638454915,5.9788278,5.93286936,0.7746410246255712,0.671236227794155,1100,patanjali-foods,Mid Cap,Feb-2025
133630,5815,1,Jindal Stainless Ltd.,Iron & Steel,Iron & Steel,Domestic Equities,100966.0,96662.0,4.452628747594711,5.90499651,6.31492846,-6.491474172614778,0.662947272458666,1100,jindal-stainless,Mid Cap,Feb-2025
153260,8051,1,Prestige Estates Projects Ltd.,Realty,Realty,Domestic Equities,52200.0,49977.0,4.448046101206555,5.880852,6.79437315,-13.445260215064877,0.660236595657716,1100,prestige-estates-projects,Mid Cap,Feb-2025
113892,8292,1,KEI Industries Ltd.,Electricals,Electricals,Domestic Equities,19073.0,18263.0,4.435196846082243,5.855697095,7.3483006799999995,-20.312227955810858,0.657412482954098,1100,kei-industries,Mid Cap,Feb-2025
756,88308,1,Rail Vikas Nigam Ltd.,Infrastructure,Infrastructure,Domestic Equities,175711.0,168225.0,4.449992569475405,5.84063364,8.01255675,-27.10649269348389,0.655721325916301,1100,rail-vikas-nigam,Large Cap,Feb-2025
152323,7533,1,Tata Elxsi Ltd.,IT,Information Technology,Domestic Equities,10730.0,10271.0,4.468892999707916,5.8061103,6.5077056,-10.780993227474827,0.651845429622306,1100,tata-elxsi,Mid Cap,Feb-2025
677,6026,1,Oil India Ltd.,Crude Oil,Crude Oil,Domestic Equities,168769.0,161581.0,4.4485428361007795,5.783713629999999,6.7936731450000005,-14.866177595595827,0.649330980839227,1100,oil-india,Mid Cap,Feb-2025
352,7184,1,Ipca Laboratories Ltd.,Healthcare,Healthcare,Domestic Equities,42026.0,40236.0,4.448752361069689,5.695993909999999,5.8072618799999995,-1.9160143334193862,0.639482787192312,1100,ipca-laboratories,Mid Cap,Feb-2025
171336,8097,1,JK Cement Ltd.,Construction Materials,Construction Materials,Domestic Equities,12947.0,12398.0,4.428133569930634,5.682891445,5.99424703,-5.194240134611203,0.638011788281555,1100,jk-cement,Mid Cap,Feb-2025
171698,8307,1,Oracle Financial Services Software Ltd.,IT,Information Technology,Domestic Equities,7308.0,6996.0,4.459691252144083,5.67385812,6.381786180000001,-11.092945454966658,0.636997627111461,1100,oracle-financial-services-software,Mid Cap,Feb-2025
152608,7159,1,Indian Bank,Bank,Banking,Domestic Equities,109348.0,104691.0,4.448328891690785,5.58549584,5.818202325,-3.99962861380899,0.627077293980861,1100,indian-bank,Mid Cap,Feb-2025
171444,98250,1,Kalyan Jewellers India Ltd.,Diamond  &  Jewellery,Diamond & Jewellery,Domestic Equities,118684.0,113627.0,4.4505267234020085,5.486167900000001,5.71657437,-4.0304989507203635,0.615925858617534,1100,kalyan-jewellers-india,Mid Cap,Feb-2025
153691,5278,1,Oberoi Realty Ltd.,Realty,Realty,Domestic Equities,36419.0,34870.0,4.442213937482077,5.40640055,6.32071055,-14.465304063006023,0.606970468546735,1100,oberoi-realty,Mid Cap,Feb-2025
75891,5355,1,Container Corporation Of India Ltd.,Logistics,Logistics,Domestic Equities,85301.0,81666.0,4.451056743320354,5.32022337,6.37076466,-16.490034494540566,0.597295454119134,1100,container-corporation-of-india,Mid Cap,Feb-2025
171434,4916,1,Astral Ltd.,Plastic Products,Plastic Products,Domestic Equities,38257.0,36626.0,4.453120733904877,5.115917325,5.520636980000001,-7.331031844082612,0.574358245765125,1100,astral,Mid Cap,Feb-2025
152519,8782,1,Mahindra & Mahindra Financial Services Ltd.,Finance,Finance,Domestic Equities,183112.0,175311.0,4.449806344154103,4.955010720000001,4.995486945,-0.8102558458392665,0.556293443402467,1100,mahindra-mahindra-financial-services,Mid Cap,Feb-2025
171509,5522,1,Tata Communications Ltd.,Telecom,Telecom,Domestic Equities,36340.0,34794.0,4.44329482094614,4.914985,5.6818602,-13.496903707697703,0.551799801135743,1100,tata-communications,Mid Cap,Feb-2025
152367,6359,1,Abbott India Ltd.,Healthcare,Healthcare,Domestic Equities,1612.0,1544.0,4.404145077720207,4.89977878,4.04115752,21.246913928759696,0.550092616033037,1100,abbott-india,Mid Cap,Feb-2025
171886,6139,1,Exide Industries Ltd.,Automobile & Ancillaries,Automobile & Ancillaries,Domestic Equities,140840.0,134838.0,4.45126744686216,4.8984152,5.049683099999999,-2.995591941205176,0.549939528450301,1100,exide-industries,Mid Cap,Feb-2025
133351,5368,1,Steel Authority Of India Ltd.,Iron & Steel,Iron & Steel,Domestic Equities,447333.0,428278.0,4.449212894428385,4.697891166,4.600990554,2.106081524461222,0.527426922189216,1100,steel-authority-of-india,Mid Cap,Feb-2025
152207,5372,1,LIC Housing Finance Ltd.,Finance,Finance,Domestic Equities,93064.0,89100.0,4.448933782267115,4.6243501600000005,5.329071,-13.224084272849806,0.519170556709744,1100,lic-housing-finance,Mid Cap,Feb-2025
171840,6541,1,UNO Minda Ltd.,Automobile & Ancillaries,Automobile & Ancillaries,Domestic Equities,55328.0,52969.0,4.453548301836924,4.56953952,5.00874864,-8.76883931632073,0.513017028214312,1100,uno-minda,Mid Cap,Feb-2025
171333,7587,1,United Breweries Ltd.,Alcohol,Alcohol,Domestic Equities,23299.0,22306.0,4.4517170268089306,4.534334885,4.7868676,-5.275531644117331,0.509064643702038,1100,united-breweries,Mid Cap,Feb-2025
173672,92657,1,Gujarat Fluorochemicals Ltd.,Chemicals,Chemicals,Domestic Equities,12638.0,12101.0,4.437649781009833,4.53053343,4.329193255,4.650755074688845,0.508637858653249,1100,gujarat-fluorochemicals,Mid Cap,Feb-2025
171433,6783,1,Berger Paints India Ltd.,Chemicals,Chemicals,Domestic Equities,88120.0,84367.0,4.448421776286937,4.305102600000001,3.988449925,7.939241583934398,0.483328994605064,1100,berger-paints-india,Mid Cap,Feb-2025
133643,6434,1,Biocon Ltd.,Healthcare,Healthcare,Domestic Equities,139309.0,133371.0,4.452242241566758,4.213400705000001,4.835365605,-12.862830875846457,0.473033726679573,1100,biocon,Mid Cap,Feb-2025
47051,90577,1,Dalmia Bharat Ltd.,Construction Materials,Construction Materials,Domestic Equities,24736.0,23682.0,4.450637615066295,4.17951824,4.41989007,-5.438411955797812,0.46922978069622,1100,dalmia-bharat,Mid Cap,Feb-2025
133635,5732,1,Indraprastha Gas Ltd.,Gas Transmission,Gas Transmission,Domestic Equities,217063.0,207818.0,4.448604067020181,4.112909724,4.193767240000001,-1.9280401455947365,0.461751718019987,1100,indraprastha-gas,Mid Cap,Feb-2025
134830,88309,1,Mazagon Dock Shipbuilders Ltd.,Ship Building,Ship Building,Domestic Equities,18987.0,18180.0,4.438943894389439,4.046224635,4.542273,-10.920707870266721,0.45426505857974,1100,mazagon-dock-shipbuilders,Mid Cap,Feb-2025
171410,5631,1,Procter & Gamble Hygiene and Health Care Ltd.,FMCG,Fast Moving Consumer Goods,Domestic Equities,2927.0,2805.0,4.349376114081997,3.96371413,4.0674183,-2.54963129806442,0.44500169760293,1100,procter-gamble-hygiene-and-health-care,Mid Cap,Feb-2025
46521,101004,1,Delhivery Ltd.,Logistics,Logistics,Domestic Equities,157734.0,151017.0,4.447843620254673,3.94098399,4.848400785,-18.715795893098807,0.44244981052051,1100,delhivery,Small Cap,Feb-2025
19183,6082,1,Deepak Nitrite Ltd.,Chemicals,Chemicals,Domestic Equities,21267.0,20362.0,4.444553580198408,3.9371597100000004,4.73538672,-16.856638268394686,0.442020462934813,1100,deepak-nitrite,Mid Cap,Feb-2025
152325,5528,1,Thermax Ltd.,Capital Goods,Capital Goods,Domestic Equities,11988.0,11476.0,4.4614848379226215,3.8943018,4.43386736,-12.169185863963234,0.437208853903434,1100,thermax,Mid Cap,Feb-2025
152079,6815,1,Linde India Ltd.,Inds. Gases & Fuels,Industrials Gases & Fuels,Domestic Equities,6509.0,6233.0,4.428044280442804,3.8579168449999997,3.906750905,-1.249991647471068,0.433123956201135,1100,linde-india,Mid Cap,Feb-2025
171565,6678,1,Apollo Tyres Ltd.,Automobile & Ancillaries,Automobile & Ancillaries,Domestic Equities,102995.0,98608.0,4.4489290929742005,3.85510285,4.31212784,-10.598595564829077,0.432808032168529,1100,apollo-tyres,Small Cap,Feb-2025
44430,82482,1,L&T Technology Services Ltd.,IT,Information Technology,Domestic Equities,8498.0,8135.0,4.46220036877689,3.85231336,4.433046225,-13.100085934700578,0.432494859284528,1100,lt-technology-services,Mid Cap,Feb-2025
75659,6055,1,Lloyds Metals & Energy Ltd.,Iron & Steel,Iron & Steel,Domestic Equities,37561.0,35963.0,4.4434557739899345,3.83535371,4.45617533,-13.931714396883926,0.430590818580979,1100,lloyds-metals-energy,Mid Cap,Feb-2025
152324,4941,1,ACC Ltd.,Construction Materials,Construction Materials,Domestic Equities,21055.0,20158.0,4.449846214902272,3.8289570250000002,4.04702087,-5.388256003730462,0.429872669998445,1100,acc,Mid Cap,Feb-2025
97743,96921,1,Gland Pharma Ltd.,Healthcare,Healthcare,Domestic Equities,24625.0,23575.0,4.453870625662779,3.82377,3.594598125,6.375451915087173,0.429290328574517,1100,gland-pharma,Small Cap,Feb-2025
19098,6973,1,Schaeffler India Ltd.,Automobile & Ancillaries,Automobile & Ancillaries,Domestic Equities,12464.0,11933.0,4.449844967736529,3.8155419999999998,4.08800714,-6.664986891387876,0.428366580330373,1100,schaeffler-india,Mid Cap,Feb-2025
152486,5772,1,AIA Engineering Ltd.,Automobile & Ancillaries,Automobile & Ancillaries,Domestic Equities,12017.0,11503.0,4.468399547944014,3.774840125,4.23379418,-10.84025428463317,0.423797026907351,1100,aia-engineering,Mid Cap,Feb-2025
152397,5267,1,Tata Chemicals Ltd.,Chemicals,Chemicals,Domestic Equities,48466.0,46402.0,4.448084134304556,3.76750451,4.57570122,-17.662794643746434,0.422973465716786,1100,tata-chemicals,Small Cap,Feb-2025
177212,94646,1,Hitachi Energy India Ltd.,Capital Goods,Capital Goods,Domestic Equities,3257.0,3116.0,4.525032092426187,3.675312795,4.00828218,-8.307034536176296,0.412623206254475,1100,hitachi-energy-india,Mid Cap,Feb-2025
19805,15724,1,Syngene International Ltd.,Business Services,Healthcare,Domestic Equities,55955.0,53573.0,4.446269576092435,3.6505042,4.0000280450000005,-8.738034860453096,0.409837973382461,1100,syngene-international,Mid Cap,Feb-2025
83342,79963,1,Bandhan Bank Ltd.,Bank,Banking,Domestic Equities,257423.0,246456.0,4.449881520433667,3.634555337,3.7308509279999997,-2.5810624133304945,0.408047412590975,1100,bandhan-bank,Small Cap,Feb-2025
133407,5997,1,Hindustan Zinc Ltd.,Non - Ferrous Metals,Non - Ferrous Metals,Domestic Equities,92276.0,88342.0,4.453147993027099,3.60614608,3.97671513,-9.318471097023243,0.40485793747294,1100,hindustan-zinc,Large Cap,Feb-2025
114414,5238,1,Bank Of India,Bank,Banking,Domestic Equities,376022.0,360001.0,4.4502654159294,3.578225352,4.050731252,-11.664706212408086,0.401723308952616,1100,bank-of-india,Mid Cap,Feb-2025
57541,86814,1,General Insurance Corporation of India,Insurance,Finance,Domestic Equities,95684.0,91609.0,4.448252900915849,3.52978276,3.769252305,-6.353237343181781,0.396284713996152,1100,general-insurance-corporation-of-india,Mid Cap,Feb-2025
79346,86555,1,Aditya Birla Capital Ltd.,Finance,Finance,Domestic Equities,220271.0,210887.0,4.449776420547497,3.443496543,3.783101893,-8.976902013355312,0.386597458108014,1100,aditya-birla-capital,Mid Cap,Feb-2025
1704,6920,1,L&T Finance Ltd.,Finance,Finance,Domestic Equities,249107.0,238496.0,4.44913122232658,3.356218611,3.469401312,-3.262312163442223,0.376798863499661,1100,lt-finance,Mid Cap,Feb-2025
134823,84770,1,Cochin Shipyard Ltd.,Ship Building,Ship Building,Domestic Equities,26190.0,25075.0,4.44666001994018,3.32233245,3.84224225,-13.531416453504455,0.372994502570573,1100,cochin-shipyard,Mid Cap,Feb-2025
133333,4917,1,CRISIL Ltd.,Ratings,Ratings,Domestic Equities,7542.0,7221.0,4.4453676776069795,3.30973128,3.9233859300000002,-15.640945370877656,0.371579783481892,1100,crisil,Mid Cap,Feb-2025
114654,92672,1,Indian Renewable Energy Development Agency Ltd.,Finance,Finance,Domestic Equities,208489.0,199609.0,4.448697203031927,3.252845378,4.034297499,-19.370215537989004,0.36519326767136,1100,indian-renewable-energy-development-agency,Mid Cap,Feb-2025
133495,5019,1,Ajanta Pharma Ltd.,Healthcare,Healthcare,Domestic Equities,13031.0,12473.0,4.473663112322617,3.2394414449999998,3.3607874850000004,-3.6106430573666644,0.36368842328957,1100,ajanta-pharma,Mid Cap,Feb-2025
171948,7104,1,Emami Ltd.,FMCG,Fast Moving Consumer Goods,Domestic Equities,61018.0,58420.0,4.447107155083875,3.23364891,3.4447352999999996,-6.127797105339265,0.363038101943508,1100,emami,Small Cap,Feb-2025
171580,109023,1,Tata Technologies Ltd.,IT,Information Technology,Domestic Equities,47723.0,45687.0,4.456409919670803,3.205792525,3.59830812,-10.908337527248776,0.359910697138944,1100,tata-technologies,Mid Cap,Feb-2025
152318,6472,1,Sundram Fasteners Ltd.,Automobile & Ancillaries,Automobile & Ancillaries,Domestic Equities,34227.0,32767.0,4.4557023834955904,3.1964595300000003,3.4215301399999998,-6.57806889872961,0.35886289235724,1100,sundram-fasteners,Small Cap,Feb-2025
95549,7450,1,Aditya Birla Fashion and Retail Ltd.,Retailing,Retailing,Domestic Equities,131864.0,126244.0,4.451696714299294,3.19308676,3.45719194,-7.639297573972714,0.358484235288037,1100,aditya-birla-fashion-and-retail,Mid Cap,Feb-2025
152386,5556,1,Glaxosmithkline Pharmaceuticals Ltd.,Healthcare,Healthcare,Domestic Equities,12808.0,12264.0,4.435746901500326,3.17042828,2.42477676,30.751347187936585,0.355940393392683,1100,glaxosmithkline-pharmaceuticals,Mid Cap,Feb-2025
76174,111823,1,Bharti Hexacom Ltd.,Telecom,Telecom,Domestic Equities,23273.0,22281.0,4.452223867869485,3.03573012,3.01885269,0.5590676900501601,0.34081798347661,1100,bharti-hexacom,Mid Cap,Feb-2025
102429,100653,1,Global Health Ltd.,Healthcare,Healthcare,Domestic Equities,25722.0,24625.0,4.454822335025381,2.9571297299999997,2.5600150000000004,15.51220324880907,0.331993606683763,1100,global-health,Small Cap,Feb-2025
152370,5063,1,Escorts Kubota Ltd.,Automobile & Ancillaries,Automobile & Ancillaries,Domestic Equities,10272.0,9836.0,4.432696217974787,2.94698544,3.5640254199999997,-17.313007268057014,0.330854718730969,1100,escorts-kubota,Mid Cap,Feb-2025
171646,5397,1,Carborundum Universal Ltd.,Abrasives,Abrasives,Domestic Equities,34498.0,33027.0,4.453931631695279,2.86902617,3.91931409,-26.79774817434955,0.322102319754637,1100,carborundum-universal,Small Cap,Feb-2025
57781,87827,1,Bharat Dynamics Ltd.,Capital Goods,Capital Goods,Domestic Equities,28519.0,27304.0,4.449897450922942,2.7817432600000003,3.5631720000000002,-21.930705001049628,0.312303166271859,1100,bharat-dynamics,Mid Cap,Feb-2025
797,86851,1,Nippon Life India Asset Management Ltd.,Finance,Finance,Domestic Equities,53911.0,51612.0,4.454390451832907,2.76725163,3.01310856,-8.159577562648455,0.310676207379384,1100,nippon-life-india-asset-management,Mid Cap,Feb-2025
133170,6243,1,Timken India Ltd.,Automobile & Ancillaries,Automobile & Ancillaries,Domestic Equities,11119.0,10645.0,4.452794739314232,2.75106298,3.0421281,-9.567812742665245,0.308858725972898,1100,timken-india,Small Cap,Feb-2025
152363,7424,1,SKF India Ltd.,Automobile & Ancillaries,Automobile & Ancillaries,Domestic Equities,7207.0,6898.0,4.479559292548565,2.65959921,2.78944773,-4.654990255006496,0.298590192071549,1100,skf-india,Small Cap,Feb-2025
645,8087,1,IRB Infrastructure Developers Ltd.,Infrastructure,Infrastructure,Domestic Equities,613997.0,587839.0,4.449857869246512,2.6561510220000004,3.369493148,-21.17060622080244,0.298203067908875,1100,irb-infrastructure-developers,Mid Cap,Feb-2025
115032,83788,1,Housing & Urban Development Corporation Ltd.,Finance,Finance,Domestic Equities,155294.0,148681.0,4.447777456433573,2.564525116,3.41520257,-24.90855041725974,0.287916331182378,1100,housing-urban-development-corporation,Mid Cap,Feb-2025
58178,99657,1,Star Health and Allied Insurance Company Ltd.,Insurance,Finance,Domestic Equities,68060.0,65161.0,4.448980218228695,2.5542918,2.823100325,-9.521748930406847,0.28676744838136,1100,star-health-and-allied-insurance-company,Small Cap,Feb-2025
171405,6966,1,Poonawalla Fincorp Ltd.,Finance,Finance,Domestic Equities,90288.0,86441.0,4.450434400342431,2.5398014399999997,2.68312864,-5.341793824689671,0.285140632070347,1100,poonawalla-fincorp,Small Cap,Feb-2025
509,8487,1,K.P.R. Mill Ltd.,Textile,Textile,Domestic Equities,31076.0,29752.0,4.45012100026889,2.49105216,2.7728864,-10.163930264146405,0.279667605599359,1100,kpr-mill,Small Cap,Feb-2025
13,7543,1,Tata Investment Corporation Ltd.,Finance,Finance,Domestic Equities,4099.0,3927.0,4.379933791698497,2.486227955,2.366154945,5.074604697960718,0.279125997566041,1100,tata-investment-corporation,Mid Cap,Feb-2025
196533,104025,1,Motherson Sumi Wiring India Ltd.,Iron & Steel,Iron & Steel,Domestic Equities,524745.0,502389.0,4.449938195302843,2.4663014999999997,2.819909457,-12.539691872808955,0.2768888770242,1100,motherson-sumi-wiring-india,Small Cap,Feb-2025
113787,7539,1,Honeywell Automation India Ltd.,Consumer Durables,Consumer Durables,Domestic Equities,684.0,652.0,4.9079754601226995,2.30519286,2.6387907,-12.642072749460583,0.258801392420839,1100,honeywell-automation-india,Mid Cap,Feb-2025
152064,6806,1,3M India Ltd.,Diversified,Diversified,Domestic Equities,876.0,837.0,4.659498207885305,2.30364348,2.501981325,-7.927231231432155,0.258627445282468,1100,3m-india,Mid Cap,Feb-2025
133645,6755,1,Bank Of Maharashtra,Bank,Banking,Domestic Equities,486835.0,466096.0,4.449512546771481,2.259401235,2.390606384,-5.48836269651658,0.253660418528002,1100,bank-of-maharashtra,Mid Cap,Feb-2025
133387,5868,1,Godrej Industries Ltd.,Chemicals,Chemicals,Domestic Equities,19756.0,18914.0,4.451728878079729,2.16841856,1.68438627,28.73641863632622,0.2434458966176,1100,godrej-industries,Mid Cap,Feb-2025
78882,109773,1,JSW Infrastructure Ltd.,Logistics,Logistics,Domestic Equities,83679.0,80112.0,4.452516476932295,2.1317225250000003,2.20308,-3.2389870090963466,0.23932607431591,1100,jsw-infrastructure,Mid Cap,Feb-2025
171853,7249,1,NLC India Ltd.,Power,Power,Domestic Equities,100959.0,96656.0,4.45187055123324,2.090255136,2.144989952,-2.5517516270397826,0.234670577502834,1100,nlc-india,Mid Cap,Feb-2025
19510,6302,1,ZF Commercial Vehicle Control Systems India Ltd.,Automobile & Ancillaries,Automobile & Ancillaries,Domestic Equities,1900.0,1817.0,4.567969179966978,2.078961,2.0048778,3.695147903777479,0.233402597641491,1100,zf-commercial-vehicle-control-systems-india,Small Cap,Feb-2025
19128,7053,1,Grindwell Norton Ltd.,Abrasives,Abrasives,Domestic Equities,14314.0,13702.0,4.466501240694789,2.05813849,2.64099199,-22.06949139592051,0.231064878019326,1100,grindwell-norton,Small Cap,Feb-2025
137768,15760,1,Gujarat Gas Ltd.,Gas Transmission,Gas Transmission,Domestic Equities,53369.0,51096.0,4.448489118521998,1.976520915,2.4832656,-20.406382829126287,0.221901765282628,1100,gujarat-gas,Mid Cap,Feb-2025
171394,82477,1,Endurance Technologies Ltd.,Automobile & Ancillaries,Automobile & Ancillaries,Domestic Equities,10912.0,10447.0,4.451038575667656,1.9267864000000001,2.078378415,-7.293763922197005,0.216318127593686,1100,endurance-technologies,Mid Cap,Feb-2025
19174,6780,1,Bayer CropScience Ltd.,Chemicals,Chemicals,Domestic Equities,3945.0,3778.0,4.420328215987295,1.86562995,1.9327870200000001,-3.474623396425752,0.209452162194368,1100,bayer-cropscience,Small Cap,Feb-2025
1840,4901,1,SJVN Ltd.,Power,Power,Domestic Equities,221342.0,211911.0,4.450453256319871,1.861707562,2.066344161,-9.90331634305134,0.20901180013459,1100,sjvn,Mid Cap,Feb-2025
152532,6617,1,Sun TV Network Ltd.,Media & Entertainment,Media & Entertainment,Domestic Equities,26292.0,25173.0,4.445238946490288,1.4762958,1.557831105,-5.23389889560588,0.165742057983398,1100,sun-tv-network,Small Cap,Feb-2025
555,5663,1,The Fertilisers And Chemicals Travancore Ltd.,Chemicals,Chemicals,Domestic Equities,19279.0,18455.0,4.464914657274451,1.33352843,1.699613225,-21.539300213435318,0.149713726996697,1100,the-fertilisers-and-chemicals-travancore,Mid Cap,Feb-2025
133909,100034,1,Metro Brands Ltd.,Retailing,Retailing,Domestic Equities,11483.0,10995.0,4.438381082310141,1.282823345,1.3027425750000001,-1.529022723464775,0.144021124512748,1100,metro-brands,Mid Cap,Feb-2025
57345,99844,1,AWL Agri Business Ltd.,FMCG,Fast Moving Consumer Goods,Domestic Equities,48915.0,46828.0,4.456735286580678,1.204042725,1.24866862,-3.5738781519151117,0.13517651350186,1100,awl-agri-business,Mid Cap,Feb-2025
133353,4920,1,IDBI Bank Ltd.,Bank,Banking,Domestic Equities,173744.0,166344.0,4.4486125138267685,1.203003456,1.3493825279999998,-10.847855886866787,0.135059835947905,1100,idbi-bank,Mid Cap,Feb-2025
58164,86911,1,The New India Assurance Company Ltd.,Insurance,Finance,Domestic Equities,74471.0,71299.0,4.448870250634651,1.058307381,1.296572315,-18.376524875899413,0.11881497143456,1100,the-new-india-assurance-company,Mid Cap,Feb-2025
133551,7167,1,Indian Overseas Bank,Bank,Banking,Domestic Equities,212272.0,203226.0,4.451202109966244,0.924020016,1.0364525999999998,-10.847826904964094,0.103738681008029,1100,indian-overseas-bank,Large Cap,Feb-2025
171883,5324,1,Mangalore Refinery And Petrochemicals Ltd.,Crude Oil,Crude Oil,Domestic Equities,56707.0,54290.0,4.452016946030576,0.59996006,0.7030554999999999,-14.663912024015168,0.0673568366530902,1100,mangalore-refinery-and-petrochemicals,Small Cap,Feb-2025
77009,96064,1,Max Healthcare Institute Ltd.,Healthcare,Healthcare,Domestic Equities,218500.0,229981.0,-4.992151525560807,23.968400000000003,22.49444161,6.552544915561487,2.58430050703975,1100,max-healthcare-institute,Mid Cap,Mar-2025
76200,82667,1,BSE Ltd.,Finance,Finance,Domestic Equities,39907.0,42004.0,-4.992381677935435,21.8682,19.46339348,12.355535649377428,2.35785452295717,1100,bse,Mid Cap,Mar-2025
152473,5056,1,Suzlon Energy Ltd.,Capital Goods,Capital Goods,Domestic Equities,3489615.0,3672547.0,-4.981066273624273,19.7722,18.256231137,8.303843502110238,2.1318613877143,1100,suzlon-energy,Mid Cap,Mar-2025
95548,5980,1,Persistent Systems Ltd.,IT,Information Technology,Domestic Equities,31304.0,32658.0,-4.14599791781493,17.2602,17.321476620000002,-0.3537609485859238,1.86101465311024,1100,persistent-systems,Mid Cap,Mar-2025
133657,7260,1,Coforge Ltd.,IT,Information Technology,Domestic Equities,19583.0,20626.0,-5.0567245224473965,15.8802,15.18517059,4.577027343095522,1.71222146292171,1100,coforge,Mid Cap,Mar-2025
157113,99763,1,PB Fintech Ltd.,IT,Information Technology,Domestic Equities,97292.0,102340.0,-4.932577682235685,15.467,14.9784824,3.261462589828193,1.667669762787,1100,pb-fintech,Mid Cap,Mar-2025
57445,86554,1,Dixon Technologies (India) Ltd.,Consumer Durables,Consumer Durables,Domestic Equities,11337.0,11824.0,-4.118741542625169,14.941600000000001,16.477749040000003,-9.322566063307395,1.61102052936304,1100,dixon-technologies-india,Mid Cap,Mar-2025
152211,6247,1,Lupin Ltd.,Healthcare,Healthcare,Domestic Equities,71014.0,74695.0,-4.928040698841958,14.4013,14.226783175000001,1.2266780399568478,1.55276476076966,1100,lupin,Mid Cap,Mar-2025
171685,5596,1,The Federal Bank Ltd.,Bank,Banking,Domestic Equities,720811.0,758281.0,-4.9414399147545565,13.8922,13.468587121999999,3.1451916534590265,1.49787301212837,1100,the-federal-bank,Mid Cap,Mar-2025
38803,5403,1,Indus Towers Ltd.,Telecom,Telecom,Domestic Equities,388563.0,384607.0,1.0285824230968235,12.989700000000001,12.436267345000001,4.450150834225244,1.40056442216812,1100,indus-towers,Large Cap,Mar-2025
165,7447,1,SRF Ltd.,Chemicals,Chemicals,Domestic Equities,42660.0,44925.0,-5.041736227045075,12.5384,12.5583345,-0.15873522082089517,1.35190473613037,1100,srf,Mid Cap,Mar-2025
171877,6125,1,Cummins India Ltd.,Automobile & Ancillaries,Automobile & Ancillaries,Domestic Equities,39777.0,41960.0,-5.202573879885605,12.1393,11.4045182,6.442900849594863,1.30887331424324,1100,cummins-india,Large Cap,Mar-2025
114530,88033,1,HDFC Asset Management Company Ltd.,Finance,Finance,Domestic Equities,29828.0,31365.0,-4.900366650725331,11.9727,11.380162949999999,5.206753651976494,1.29091031026831,1100,hdfc-asset-management-company,Mid Cap,Mar-2025
152636,5140,1,Fortis Healthcare Ltd.,Healthcare,Healthcare,Domestic Equities,153200.0,161250.0,-4.992248062015504,10.698699999999999,9.879787499999999,8.288766332271813,1.15354616222469,1100,fortis-healthcare,Mid Cap,Mar-2025
171365,5279,1,Hindustan Petroleum Corporation Ltd.,Crude Oil,Crude Oil,Domestic Equities,282409.0,297273.0,-5.000117736895042,10.1766,8.732394375,16.538483753489427,1.09725273860336,1100,hindustan-petroleum-corporation,Mid Cap,Mar-2025
171327,5699,1,Marico Ltd.,FMCG,Fast Moving Consumer Goods,Domestic Equities,155164.0,163290.0,-4.976422316124686,10.1113,9.8071974,3.10081043132669,1.09021201735748,1100,marico,Mid Cap,Mar-2025
7737,15826,1,IDFC First Bank Ltd.,Bank,Banking,Domestic Equities,1822720.0,1917869.0,-4.961183480206417,10.0177,11.198437091,-10.5437667900009,1.08011995750122,1100,idfc-first-bank,Mid Cap,Mar-2025
152379,5838,1,Voltas Ltd.,Consumer Durables,Consumer Durables,Domestic Equities,66925.0,70685.0,-5.3193746905284005,9.7623,9.33112685,4.620804720921778,1.05258243520111,1100,voltas,Mid Cap,Mar-2025
171465,6543,1,Aurobindo Pharma Ltd.,Healthcare,Healthcare,Domestic Equities,82226.0,86556.0,-5.002541707102916,9.542300000000001,9.16022148,4.1710620298233225,1.02886178169279,1100,aurobindo-pharma,Mid Cap,Mar-2025
171635,7381,1,UPL Ltd.,Chemicals,Chemicals,Domestic Equities,148790.0,156605.0,-4.990262124453242,9.4668,9.912313475,-4.4945458607986595,1.02072128469334,1100,upl,Mid Cap,Mar-2025
171946,6864,1,Godrej Properties Ltd.,Realty,Realty,Domestic Equities,44341.0,46690.0,-5.031055900621118,9.4429,9.0405847,4.4501026576300875,1.01814435915312,1100,godrej-properties,Mid Cap,Mar-2025
152455,7030,1,Yes Bank Ltd.,Bank,Banking,Domestic Equities,5543047.0,5834392.0,-4.993579450952216,9.3567,9.7726066,-4.255841015845258,1.00885017582395,1100,yes-bank,Mid Cap,Mar-2025
599,7495,1,Sundaram Finance Ltd.,Finance,Finance,Domestic Equities,20239.0,21298.0,-4.972297868344445,9.2582,9.66449995,-4.20404523878133,0.998229792321366,1100,sundaram-finance,Mid Cap,Mar-2025
171820,5969,1,Colgate-Palmolive (India) Ltd.,FMCG,Fast Moving Consumer Goods,Domestic Equities,38738.0,41012.0,-5.544718618940798,9.2576,10.10781752,-8.411484658460672,0.99816509962998,1100,colgate-palmolive-india,Mid Cap,Mar-2025
152369,6790,1,Bharat Forge Ltd.,Automobile & Ancillaries,Automobile & Ancillaries,Domestic Equities,78398.0,81007.0,-3.2207093214166678,9.1659,8.23436155,11.312819389136495,0.988277899963104,1100,bharat-forge,Mid Cap,Mar-2025
122,5767,1,The Phoenix Mills Ltd.,Realty,Realty,Domestic Equities,54819.0,57710.0,-5.00953041067406,9.0084,8.934085099999999,0.8318132093906352,0.971296068474195,1100,the-phoenix-mills,Mid Cap,Mar-2025
141614,85778,1,AU Small Finance Bank Ltd.,Bank,Banking,Domestic Equities,165041.0,173610.0,-4.935775588963769,8.8231,9.8211177,-10.161956413576027,0.951316808951054,1100,au-small-finance-bank,Mid Cap,Mar-2025
101370,86936,1,Tube Investments of India Ltd.,Automobile & Ancillaries,Automobile & Ancillaries,Domestic Equities,31618.0,33034.0,-4.286492704486287,8.7561,8.13346631,7.655207094599745,0.944092791746248,1100,tube-investments-of-india,Mid Cap,Mar-2025
152222,5634,1,Max Financial Services Ltd.,Finance,Finance,Domestic Equities,75849.0,79837.0,-4.995177674511818,8.7052,7.968530970000001,9.244728203647796,0.938604695093642,1100,max-financial-services,Mid Cap,Mar-2025
171659,5756,1,Ashok Leyland Ltd.,Automobile & Ancillaries,Automobile & Ancillaries,Domestic Equities,420521.0,443296.0,-5.137650689381362,8.5879,9.439545024000001,-9.022098224381546,0.925957273927617,1100,ashok-leyland,Mid Cap,Mar-2025
19255,6350,1,Mphasis Ltd.,IT,Information Technology,Domestic Equities,33415.0,35029.0,-4.607610836735276,8.3544,7.871892024999999,6.129504488471447,0.900781034863108,1100,mphasis,Mid Cap,Mar-2025
152574,8059,1,Torrent Power Ltd.,Power,Power,Domestic Equities,55932.0,58872.0,-4.993885038728088,8.3162,7.43523924,11.848452101724174,0.896662266844845,1100,torrent-power,Mid Cap,Mar-2025
133342,5963,1,Bharat Heavy Electricals Ltd.,Capital Goods,Capital Goods,Domestic Equities,377878.0,,,8.1784,,,0.881804512056454,1100,bharat-heavy-electricals,Mid Cap,Mar-2025
152118,7308,1,PI Industries Ltd.,Chemicals,Chemicals,Domestic Equities,23814.0,25128.0,-5.229226361031518,8.1639,7.573453560000001,7.7962640864202974,0.880241105347951,1100,pi-industries,Mid Cap,Mar-2025
133317,6810,1,Blue Star Ltd.,Consumer Durables,Consumer Durables,Domestic Equities,38148.0,,,8.1499,,,0.878731609215604,1100,blue-star,Mid Cap,Mar-2025
587,7648,1,APL Apollo Tubes Ltd.,Iron & Steel,Iron & Steel,Domestic Equities,53258.0,56033.0,-4.952438741455928,8.1232,8.062868535,0.7482630373806589,0.875852784448913,1100,apl-apollo-tubes,Mid Cap,Mar-2025
171839,6306,1,Solar Industries India Ltd.,Chemicals,Chemicals,Domestic Equities,7161.0,7537.0,-4.988722303303702,8.0518,6.56517922,22.64402433175312,0.868154354173941,1100,solar-industries-india,Mid Cap,Mar-2025
1152,105806,1,Mankind Pharma Ltd.,Healthcare,Healthcare,Domestic Equities,33195.0,32169.0,3.189405949827474,8.049,7.36863114,9.233314126780945,0.867852454947471,1100,mankind-pharma,Mid Cap,Mar-2025
152551,7908,1,GMR Airports Ltd.,Infrastructure,Aviation,Domestic Equities,1054368.0,1109776.0,-4.992719251452545,7.9847,7.709613872,3.5680921582735317,0.860919554853904,1100,gmr-airports,Mid Cap,Mar-2025
171321,7864,1,Page Industries Ltd.,Textile,Textile,Domestic Equities,1853.0,1931.0,-4.0393578456758155,7.9112,7.823629945,1.11930210932286,0.85299470015908,1100,page-industries,Mid Cap,Mar-2025
152795,99590,1,One97 Communications Ltd.,IT,Information Technology,Domestic Equities,100080.0,105147.0,-4.818967730891038,7.840800000000001,7.517484765000001,4.300843235563246,0.845404091036418,1100,one97-communications,Mid Cap,Mar-2025
77639,92991,1,SBI Cards And Payment Services Ltd.,Finance,Finance,Domestic Equities,88058.0,92670.0,-4.976799395705191,7.7588,7.7731596000000005,-0.18473311676245818,0.836562756546955,1100,sbi-cards-and-payment-services,Mid Cap,Mar-2025
153586,8183,1,NHPC Ltd.,Power,Power,Domestic Equities,930179.0,,,7.646100000000001,,,0.824411312681558,1100,nhpc,Mid Cap,Mar-2025
134131,90516,1,Polycab India Ltd.,Electricals,Electricals,Domestic Equities,14827.0,15572.0,-4.7842281017210375,7.632899999999999,7.33970648,3.9946218666771514,0.822988073471059,1100,polycab-india,Large Cap,Mar-2025
38931,15891,1,Alkem Laboratories Ltd.,Healthcare,Healthcare,Domestic Equities,15626.0,16447.0,-4.991791816136681,7.6281,7.64160514,-0.1767317173889057,0.822470531939968,1100,alkem-laboratories,Mid Cap,Mar-2025
77293,6578,1,Muthoot Finance Ltd.,Finance,Finance,Domestic Equities,31522.0,33180.0,-4.996986136226642,7.5114,7.0766304,6.143737561876901,0.809887803465329,1100,muthoot-finance,Mid Cap,Mar-2025
96004,7992,1,Jubilant FoodWorks Ltd.,FMCG,Fast Moving Consumer Goods,Domestic Equities,111880.0,118133.0,-5.293186493189879,7.4327,7.39630713,0.49204108699579757,0.80140227877849,1100,jubilant-foodworks,Mid Cap,Mar-2025
191600,99819,1,FSN E-Commerce Ventures Ltd.,Retailing,Information Technology,Domestic Equities,400663.0,421530.0,-4.950300097264726,7.1751,6.6938964,7.1886920747682925,0.773627549943297,1100,fsn-e-commerce-ventures,Mid Cap,Mar-2025
133608,7612,1,Union Bank Of India,Bank,Banking,Domestic Equities,568064.0,,,7.1678,,,0.772840455531431,1100,union-bank-of-india,Mid Cap,Mar-2025
19275,7232,1,NMDC Ltd.,Mining,Mining,Domestic Equities,1016111.0,1069511.0,-4.992936024033414,7.0,6.682304728,4.754276928868601,0.754748066173723,1100,nmdc,Mid Cap,Mar-2025
19182,5589,1,Coromandel International Ltd.,Chemicals,Chemicals,Domestic Equities,34716.0,36396.0,-4.61589185624794,6.8811,6.0670312200000005,13.41790985542349,0.741928131164001,1100,coromandel-international,Mid Cap,Mar-2025
133463,8505,1,Glenmark Pharmaceuticals Ltd.,Healthcare,Healthcare,Domestic Equities,44267.0,,,6.8218,,,0.735534336831986,1100,glenmark-pharmaceuticals,Mid Cap,Mar-2025
152238,8313,1,MRF Ltd.,Automobile & Ancillaries,Automobile & Ancillaries,Domestic Equities,595.0,630.0,-5.555555555555555,6.7043,6.638543100000001,0.9905320943084477,0.722865351435499,1100,mrf,Mid Cap,Mar-2025
56674,5695,1,Supreme Industries Ltd.,Plastic Products,Plastic Products,Domestic Equities,19007.0,20002.0,-4.974502549745026,6.5123,6.6586658,-2.198125035799211,0.702163690191877,1100,supreme-industries,Mid Cap,Mar-2025
133642,6320,1,Petronet LNG Ltd.,Inds. Gases & Fuels,Industrials Gases & Fuels,Domestic Equities,220345.0,231963.0,-5.008557399240396,6.4693,6.57151179,-1.5553771075255132,0.697527380642524,1100,petronet-lng,Mid Cap,Mar-2025
114652,92620,1,Indian Railway Catering And Tourism Corporation Ltd.,Hospitality,Hospitality,Domestic Equities,88684.0,,,6.4517999999999995,,,0.69564051047709,1100,indian-railway-catering-and-tourism-corporation,Mid Cap,Mar-2025
123299,91366,1,KPIT Technologies Ltd.,IT,Information Technology,Domestic Equities,47991.0,50464.0,-4.9005231452124285,6.2746,6.04255936,3.840105262946067,0.676534602287663,1100,kpit-technologies,Mid Cap,Mar-2025
677,6026,1,Oil India Ltd.,Crude Oil,Crude Oil,Domestic Equities,160343.0,168769.0,-4.992623052811831,6.2013,5.783713629999999,7.2200388316943735,0.668631311823301,1100,oil-india,Mid Cap,Mar-2025
352,7184,1,Ipca Laboratories Ltd.,Healthcare,Healthcare,Domestic Equities,40855.0,42026.0,-2.7863703421691333,6.136,5.695993909999999,7.724834277429917,0.661590590577424,1100,ipca-laboratories,Mid Cap,Mar-2025
1427,98308,1,Sona BLW Precision Forgings Ltd.,Automobile & Ancillaries,Automobile & Ancillaries,Domestic Equities,131900.0,138659.0,-4.874548352432947,6.083200000000001,6.848368010000001,-11.172997842445092,0.655897633735428,1100,sona-blw-precision-forgings,Mid Cap,Mar-2025
171336,8097,1,JK Cement Ltd.,Construction Materials,Construction Materials,Domestic Equities,12300.0,12947.0,-4.997296671043485,6.067200000000001,5.682891445,6.762553160119357,0.654172495298459,1100,jk-cement,Mid Cap,Mar-2025
79,7951,1,Balkrishna Industries Ltd.,Automobile & Ancillaries,Automobile & Ancillaries,Domestic Equities,23548.0,24871.0,-5.3194483535040815,6.016,6.505383115,-7.522740880111861,0.64865205230016,1100,balkrishna-industries,Mid Cap,Mar-2025
152296,7356,1,Patanjali Foods Ltd.,FMCG,Fast Moving Consumer Goods,Domestic Equities,32578.0,33960.0,-4.069493521790342,5.8914,5.9788278,-1.4622899826618252,0.635217536722268,1100,patanjali-foods,Mid Cap,Mar-2025
153260,8051,1,Prestige Estates Projects Ltd.,Realty,Realty,Domestic Equities,49595.0,52200.0,-4.990421455938698,5.874,5.880852,-0.11651372964325728,0.633341448672064,1100,prestige-estates-projects,Mid Cap,Mar-2025
756,88308,1,Rail Vikas Nigam Ltd.,Infrastructure,Infrastructure,Domestic Equities,166881.0,175711.0,-5.025297221004946,5.8717,5.84063364,0.5319005079729637,0.63309346002175,1100,rail-vikas-nigam,Large Cap,Mar-2025
151967,5716,1,GE Vernova T&D India Ltd.,Capital Goods,Capital Goods,Domestic Equities,36442.0,,,5.6804,,,0.612467273584745,1100,ge-vernova-td-india,Mid Cap,Mar-2025
153691,5278,1,Oberoi Realty Ltd.,Realty,Realty,Domestic Equities,34603.0,36419.0,-4.9864081935253575,5.665900000000001,5.40640055,4.7998561630806424,0.610903866876243,1100,oberoi-realty,Mid Cap,Mar-2025
152608,7159,1,Indian Bank,Bank,Banking,Domestic Equities,103890.0,109348.0,-4.9914035922010465,5.6236,5.58549584,0.6821983417679947,0.606343032133507,1100,indian-bank,Mid Cap,Mar-2025
75891,5355,1,Container Corporation Of India Ltd.,Logistics,Logistics,Domestic Equities,81041.0,85301.0,-4.994079788044689,5.6048,5.32022337,5.348960188489234,0.604315994470069,1100,container-corporation-of-india,Mid Cap,Mar-2025
133630,5815,1,Jindal Stainless Ltd.,Iron & Steel,Iron & Steel,Domestic Equities,95288.0,100966.0,-5.623675296634511,5.542000000000001,5.90499651,-6.147277299576241,0.597544826104968,1100,jindal-stainless,Mid Cap,Mar-2025
171698,8307,1,Oracle Financial Services Software Ltd.,IT,Information Technology,Domestic Equities,6955.0,7308.0,-4.8303229337712095,5.4603,5.67385812,-3.7638960207203795,0.588735837961197,1100,oracle-financial-services-software,Mid Cap,Mar-2025
171509,5522,1,Tata Communications Ltd.,Telecom,Telecom,Domestic Equities,34527.0,36340.0,-4.988992845349477,5.4491,4.914985,10.867072839489843,0.587528241055319,1100,tata-communications,Mid Cap,Mar-2025
152323,7533,1,Tata Elxsi Ltd.,IT,Information Technology,Domestic Equities,10190.0,10730.0,-5.032618825722274,5.3137,5.8061103,-8.480898132438169,0.572929257032473,1100,tata-elxsi,Mid Cap,Mar-2025
171444,98250,1,Kalyan Jewellers India Ltd.,Diamond  &  Jewellery,Diamond & Jewellery,Domestic Equities,112911.0,118684.0,-4.864177142664555,5.2758,5.486167900000001,-3.8345144340186885,0.568842835359904,1100,kalyan-jewellers-india,Mid Cap,Mar-2025
113892,8292,1,KEI Industries Ltd.,Electricals,Electricals,Domestic Equities,18123.0,19073.0,-4.98086300005243,5.2427,5.855697095,-10.46838805107286,0.565273955218426,1100,kei-industries,Mid Cap,Mar-2025
152616,7532,1,Vodafone Idea Ltd.,Telecom,Telecom,Domestic Equities,7627303.0,8033921.0,-5.061264605414965,5.186599999999999,6.0656103550000005,-14.491704932470896,0.559225188573805,1100,vodafone-idea,Mid Cap,Mar-2025
152207,5372,1,LIC Housing Finance Ltd.,Finance,Finance,Domestic Equities,88399.0,93064.0,-5.012679446402476,4.9844,4.6243501600000005,7.785955378430939,0.537423751576615,1100,lic-housing-finance,Mid Cap,Mar-2025
133407,5997,1,Hindustan Zinc Ltd.,Non - Ferrous Metals,Non - Ferrous Metals,Domestic Equities,107804.0,92276.0,16.827777536954354,4.9795,3.60614608,38.08370181165817,0.536895427930294,1100,hindustan-zinc,Large Cap,Mar-2025
152519,8782,1,Mahindra & Mahindra Financial Services Ltd.,Finance,Finance,Domestic Equities,174032.0,183112.0,-4.9587137926514915,4.9251,4.955010720000001,-0.6036459190546475,0.531029957244601,1100,mahindra-mahindra-financial-services,Mid Cap,Mar-2025
97125,90518,1,Adani Total Gas Ltd.,Gas Transmission,Gas Transmission,Domestic Equities,81550.0,,,4.9142,,,0.529854706684416,1100,adani-total-gas,Mid Cap,Mar-2025
133351,5368,1,Steel Authority Of India Ltd.,Iron & Steel,Iron & Steel,Domestic Equities,425003.0,447333.0,-4.99180699836587,4.8952,4.697891166,4.19994476304562,0.527806104790516,1100,steel-authority-of-india,Mid Cap,Mar-2025
173672,92657,1,Gujarat Fluorochemicals Ltd.,Chemicals,Chemicals,Domestic Equities,12008.0,12638.0,-4.984965975629056,4.8306000000000004,4.53053343,6.6232061772911415,0.520840858351255,1100,gujarat-fluorochemicals,Mid Cap,Mar-2025
171886,6139,1,Exide Industries Ltd.,Automobile & Ancillaries,Automobile & Ancillaries,Domestic Equities,133792.0,140840.0,-5.004260153365521,4.8225,4.8984152,-1.5497910426212957,0.51996750701754,1100,exide-industries,Mid Cap,Mar-2025
134830,88309,1,Mazagon Dock Shipbuilders Ltd.,Ship Building,Ship Building,Domestic Equities,18041.0,18987.0,-4.98235634908095,4.7697,4.046224635,17.880257036198895,0.514274550175544,1100,mazagon-dock-shipbuilders,Mid Cap,Mar-2025
177212,94646,1,Hitachi Energy India Ltd.,Capital Goods,Capital Goods,Domestic Equities,3738.0,3257.0,14.768191587350321,4.7299,3.675312795,28.693808223199145,0.509983268313585,1100,hitachi-energy-india,Mid Cap,Mar-2025
152367,6359,1,Abbott India Ltd.,Healthcare,Healthcare,Domestic Equities,1533.0,1612.0,-4.900744416873449,4.7095,4.89977878,-3.883415732495578,0.50778371680645,1100,abbott-india,Mid Cap,Mar-2025
171434,4916,1,Astral Ltd.,Plastic Products,Plastic Products,Domestic Equities,36224.0,38257.0,-5.314060171994668,4.6883,5.115917325,-8.35856597819434,0.505497908377467,1100,astral,Mid Cap,Mar-2025
133439,5473,1,National Aluminium Company Ltd.,Non - Ferrous Metals,Non - Ferrous Metals,Domestic Equities,263644.0,,,4.6277,,,0.498963946547448,1100,national-aluminium-company,Mid Cap,Mar-2025
171840,6541,1,UNO Minda Ltd.,Automobile & Ancillaries,Automobile & Ancillaries,Domestic Equities,52564.0,55328.0,-4.995662232504338,4.602,4.56953952,0.7103665447672883,0.496192942933068,1100,uno-minda,Mid Cap,Mar-2025
75659,6055,1,Lloyds Metals & Energy Ltd.,Iron & Steel,Iron & Steel,Domestic Equities,35739.0,37561.0,-4.8507760709246295,4.6005,3.83535371,19.94982335019109,0.496031211204602,1100,lloyds-metals-energy,Mid Cap,Mar-2025
133643,6434,1,Biocon Ltd.,Healthcare,Healthcare,Domestic Equities,132405.0,139309.0,-4.955889425665248,4.5243,4.213400705000001,7.378820975442918,0.487815239398539,1100,biocon,Mid Cap,Mar-2025
135555,92715,1,360 One Wam Ltd.,Finance,Finance,Domestic Equities,47151.0,,,4.4447,,,0.479232675674621,1100,360-one-wam,Mid Cap,Mar-2025
47051,90577,1,Dalmia Bharat Ltd.,Construction Materials,Construction Materials,Domestic Equities,23414.0,24736.0,-5.344437257438551,4.265,4.17951824,2.045253904670126,0.459857214604419,1100,dalmia-bharat,Mid Cap,Mar-2025
171333,7587,1,United Breweries Ltd.,Alcohol,Alcohol,Domestic Equities,21224.0,23299.0,-8.905961629254474,4.2432,4.534334885,-6.420674528542242,0.457506713484049,1100,united-breweries,Mid Cap,Mar-2025
133635,5732,1,Indraprastha Gas Ltd.,Gas Transmission,Gas Transmission,Domestic Equities,206220.0,217063.0,-4.995323938211487,4.1887,4.112909724,1.8427410540460523,0.451630460683125,1100,indraprastha-gas,Mid Cap,Mar-2025
171433,6783,1,Berger Paints India Ltd.,Chemicals,Chemicals,Domestic Equities,83710.0,88120.0,-5.004539264639128,4.187200000000001,4.305102600000001,-2.7386710830074037,0.451468728954659,1100,berger-paints-india,Mid Cap,Mar-2025
152325,5528,1,Thermax Ltd.,Capital Goods,Capital Goods,Domestic Equities,11389.0,11988.0,-4.996663329996663,4.1617,3.8943018,6.866396435941356,0.448719289570741,1100,thermax,Mid Cap,Mar-2025
171565,6678,1,Apollo Tyres Ltd.,Automobile & Ancillaries,Automobile & Ancillaries,Domestic Equities,94821.0,102995.0,-7.936307587746978,4.0398000000000005,3.85510285,4.790978533815254,0.435575891104087,1100,apollo-tyres,Small Cap,Mar-2025
19805,15724,1,Syngene International Ltd.,Business Services,Healthcare,Domestic Equities,55592.0,55955.0,-0.648735591099991,4.0371,3.6505042,10.59020285471799,0.435284773992848,1100,syngene-international,Mid Cap,Mar-2025
19183,6082,1,Deepak Nitrite Ltd.,Chemicals,Chemicals,Domestic Equities,20211.0,21267.0,-4.965439413175342,4.0091,3.9371597100000004,1.8272128970861587,0.432265781728153,1100,deepak-nitrite,Mid Cap,Mar-2025
19098,6973,1,Schaeffler India Ltd.,Automobile & Ancillaries,Automobile & Ancillaries,Domestic Equities,11830.0,12464.0,-5.086649550706033,3.9943,3.8155419999999998,4.684996260033313,0.430670028673958,1100,schaeffler-india,Mid Cap,Mar-2025
79346,86555,1,Aditya Birla Capital Ltd.,Finance,Finance,Domestic Equities,209657.0,220271.0,-4.818609803378565,3.8801,3.443496543,12.679073480922613,0.418356853080095,1100,aditya-birla-capital,Mid Cap,Mar-2025
152079,6815,1,Linde India Ltd.,Inds. Gases & Fuels,Industrials Gases & Fuels,Domestic Equities,6185.0,6509.0,-4.977723152557997,3.8701999999999996,3.8579168449999997,0.31838827775459944,0.417289423672221,1100,linde-india,Mid Cap,Mar-2025
152324,4941,1,ACC Ltd.,Construction Materials,Construction Materials,Domestic Equities,19814.0,21055.0,-5.894086915222037,3.8492,3.8289570250000002,0.5286811752607719,0.415025179473699,1100,acc,Mid Cap,Mar-2025
57541,86814,1,General Insurance Corporation of India,Insurance,Finance,Domestic Equities,90908.0,95684.0,-4.991430124158689,3.8281,3.52978276,8.451433424758415,0.412750153159947,1100,general-insurance-corporation-of-india,Mid Cap,Mar-2025
114414,5238,1,Bank Of India,Bank,Banking,Domestic Equities,357247.0,376022.0,-4.993058916765508,3.8268,3.578225352,6.9468695665314275,0.412609985661943,1100,bank-of-india,Mid Cap,Mar-2025
152486,5772,1,AIA Engineering Ltd.,Automobile & Ancillaries,Automobile & Ancillaries,Domestic Equities,11413.0,12017.0,-5.026212865107764,3.8253,3.774840125,1.33674204281697,0.412448253933478,1100,aia-engineering,Mid Cap,Mar-2025
97743,96921,1,Gland Pharma Ltd.,Healthcare,Healthcare,Domestic Equities,23395.0,24625.0,-4.99492385786802,3.7254,3.82377,-2.572591970751376,0.401676920817656,1100,gland-pharma,Small Cap,Mar-2025
44430,82482,1,L&T Technology Services Ltd.,IT,Information Technology,Domestic Equities,8079.0,8498.0,-4.930571899270417,3.6369,3.85231336,-5.591792252331207,0.392134748838173,1100,lt-technology-services,Mid Cap,Mar-2025
1704,6920,1,L&T Finance Ltd.,Finance,Finance,Domestic Equities,235942.0,249107.0,-5.284877582725495,3.6151,3.356218611,7.713484102362009,0.389784247717804,1100,lt-finance,Mid Cap,Mar-2025
83342,79963,1,Bandhan Bank Ltd.,Bank,Banking,Domestic Equities,244235.0,257423.0,-5.123085349793919,3.5726999999999998,3.634555337,-1.7018680764138843,0.385212630859837,1100,bandhan-bank,Small Cap,Mar-2025
95549,7450,1,Aditya Birla Fashion and Retail Ltd.,Retailing,Retailing,Domestic Equities,137989.0,131864.0,4.644937208032519,3.5362,3.19308676,10.745503200796215,0.381277158800503,1100,aditya-birla-fashion-and-retail,Mid Cap,Mar-2025
152386,5556,1,Glaxosmithkline Pharmaceuticals Ltd.,Healthcare,Healthcare,Domestic Equities,12169.0,12808.0,-4.989069331667708,3.5051,3.17042828,10.556041343411184,0.377923920963645,1100,glaxosmithkline-pharmaceuticals,Mid Cap,Mar-2025
134823,84770,1,Cochin Shipyard Ltd.,Ship Building,Ship Building,Domestic Equities,24883.0,26190.0,-4.990454371897671,3.5033,3.32233245,5.447003053532458,0.377729842889486,1100,cochin-shipyard,Mid Cap,Mar-2025
57781,87827,1,Bharat Dynamics Ltd.,Capital Goods,Capital Goods,Domestic Equities,27095.0,28519.0,-4.993162453101442,3.472,2.7817432600000003,24.813819086956276,0.374355040822167,1100,bharat-dynamics,Mid Cap,Mar-2025
171948,7104,1,Emami Ltd.,FMCG,Fast Moving Consumer Goods,Domestic Equities,57965.0,61018.0,-5.003441607394539,3.3613999999999997,3.23364891,3.9506790488272228,0.362430021376622,1100,emami,Small Cap,Mar-2025
133495,5019,1,Ajanta Pharma Ltd.,Healthcare,Healthcare,Domestic Equities,12375.0,13031.0,-5.034149336198297,3.2460000000000004,3.2394414449999998,0.20245943973221892,0.349987460399987,1100,ajanta-pharma,Mid Cap,Mar-2025
76174,111823,1,Bharti Hexacom Ltd.,Telecom,Telecom,Domestic Equities,22110.0,23273.0,-4.997207063979719,3.2365,3.03573012,6.613561550721765,0.348963159453036,1100,bharti-hexacom,Mid Cap,Mar-2025
114654,92672,1,Indian Renewable Energy Development Agency Ltd.,Finance,Finance,Domestic Equities,198082.0,208489.0,-4.991630253874305,3.181,3.252845378,-2.2086933023596016,0.342979085499802,1100,indian-renewable-energy-development-agency,Mid Cap,Mar-2025
152370,5063,1,Escorts Kubota Ltd.,Automobile & Ancillaries,Automobile & Ancillaries,Domestic Equities,9753.0,10272.0,-5.052570093457944,3.1698000000000004,2.94698544,7.560762159720745,0.341771488593924,1100,escorts-kubota,Mid Cap,Mar-2025
171580,109023,1,Tata Technologies Ltd.,IT,Information Technology,Domestic Equities,45338.0,47723.0,-4.997590260461412,3.0825,3.205792525,-3.845929642624017,0.332358701997215,1100,tata-technologies,Mid Cap,Mar-2025
133333,4917,1,CRISIL Ltd.,Ratings,Ratings,Domestic Equities,7166.0,7542.0,-4.985415009281358,2.9945999999999997,3.30973128,-9.521355461824681,0.322881222709119,1100,crisil,Mid Cap,Mar-2025
797,86851,1,Nippon Life India Asset Management Ltd.,Finance,Finance,Domestic Equities,51425.0,53911.0,-4.611303815547847,2.9751999999999996,2.76725163,7.514617310027556,0.320789492354294,1100,nippon-life-india-asset-management,Mid Cap,Mar-2025
115032,83788,1,Housing & Urban Development Corporation Ltd.,Finance,Finance,Domestic Equities,147541.0,155294.0,-4.99246590338326,2.9427,2.564525116,14.746390341064613,0.317285304904202,1100,housing-urban-development-corporation,Mid Cap,Mar-2025
102429,100653,1,Global Health Ltd.,Healthcare,Healthcare,Domestic Equities,24475.0,25722.0,-4.8479900474302156,2.9328,2.9571297299999997,-0.8227481450399554,0.316217875496328,1100,global-health,Small Cap,Mar-2025
133445,6416,1,Apar Industries Ltd.,Capital Goods,Capital Goods,Domestic Equities,4966.0,,,2.7511,,,0.296626772121504,1100,apar-industries,Mid Cap,Mar-2025
171485,6291,1,Motilal Oswal Financial Services Ltd.,Finance,Finance,Domestic Equities,43683.0,,,2.688,,,0.28982325741071,1100,motilal-oswal-financial-services,Mid Cap,Mar-2025
509,8487,1,K.P.R. Mill Ltd.,Textile,Textile,Domestic Equities,29517.0,31076.0,-5.016733170292187,2.6757,2.49105216,7.412443744253022,0.28849705723729,1100,kpr-mill,Small Cap,Mar-2025
645,8087,1,IRB Infrastructure Developers Ltd.,Infrastructure,Infrastructure,Domestic Equities,583247.0,613997.0,-5.008167792350777,2.6338999999999997,2.6561510220000004,-0.8377167493754192,0.28399013307071,1100,irb-infrastructure-developers,Mid Cap,Mar-2025
196533,104025,1,Motherson Sumi Wiring India Ltd.,Iron & Steel,Iron & Steel,Domestic Equities,498545.0,524745.0,-4.992901313971548,2.5979,2.4663014999999997,5.335864248551945,0.280108571587531,1100,motherson-sumi-wiring-india,Small Cap,Mar-2025
78882,109773,1,JSW Infrastructure Ltd.,Logistics,Logistics,Domestic Equities,79854.0,83679.0,-4.571039328863873,2.5537,2.1317225250000003,19.795140786439823,0.275342876655405,1100,jsw-infrastructure,Mid Cap,Mar-2025
57345,99844,1,AWL Agri Business Ltd.,FMCG,Fast Moving Consumer Goods,Domestic Equities,96943.0,48915.0,98.1866503117653,2.5042,1.204042725,107.98265277504994,0.270005729616034,1100,awl-agri-business,Mid Cap,Mar-2025
13,7543,1,Tata Investment Corporation Ltd.,Finance,Finance,Domestic Equities,3821.0,4099.0,-6.782141985850207,2.414,2.486227955,-2.905121988301346,0.260280261677624,1100,tata-investment-corporation,Mid Cap,Mar-2025
152064,6806,1,3M India Ltd.,Diversified,Diversified,Domestic Equities,830.0,876.0,-5.251141552511415,2.3978,2.30364348,4.087286978972977,0.258533559010193,1100,3m-india,Mid Cap,Mar-2025
58178,99657,1,Star Health and Allied Insurance Company Ltd.,Insurance,Finance,Domestic Equities,66322.0,68060.0,-2.5536291507493387,2.3653999999999997,2.5542918,-7.395075222024364,0.255040153675332,1100,star-health-and-allied-insurance-company,Small Cap,Mar-2025
171853,7249,1,NLC India Ltd.,Power,Power,Domestic Equities,95916.0,100959.0,-4.995097019582206,2.3468,2.090255136,12.273375607675097,0.253034680242356,1100,nlc-india,Mid Cap,Mar-2025
222979,112566,1,Vishal Mega Mart Ltd.,Retailing,Retailing,Domestic Equities,219574.0,,,2.2888,,,0.246781053408345,1100,vishal-mega-mart,Mid Cap,Mar-2025
222201,112407,1,NTPC Green Energy Ltd.,Power,Power,Domestic Equities,219042.0,,,2.2037999999999998,,,0.23761625546195,1100,ntpc-green-energy,Large Cap,Mar-2025
113787,7539,1,Honeywell Automation India Ltd.,Consumer Durables,Consumer Durables,Domestic Equities,647.0,684.0,-5.409356725146199,2.1794,2.30519286,-5.456934306138705,0.234985419345573,1100,honeywell-automation-india,Mid Cap,Mar-2025
133645,6755,1,Bank Of Maharashtra,Bank,Banking,Domestic Equities,462528.0,486835.0,-4.992862057986793,2.1434,2.259401235,-5.134158254100448,0.231103857862394,1100,bank-of-maharashtra,Mid Cap,Mar-2025
137768,15760,1,Gujarat Gas Ltd.,Gas Transmission,Gas Transmission,Domestic Equities,50679.0,53369.0,-5.0403792463789845,2.0897,1.976520915,5.726176947639326,0.225313861983319,1100,gujarat-gas,Mid Cap,Mar-2025
133387,5868,1,Godrej Industries Ltd.,Chemicals,Chemicals,Domestic Equities,18225.0,19756.0,-7.749544442194776,2.0669999999999997,2.16841856,-4.677074890928815,0.222866321825869,1100,godrej-industries,Mid Cap,Mar-2025
171394,82477,1,Endurance Technologies Ltd.,Automobile & Ancillaries,Automobile & Ancillaries,Domestic Equities,10367.0,10912.0,-4.9945014662756595,2.0405,1.9267864000000001,5.901723200869599,0.22000906128964,1100,endurance-technologies,Mid Cap,Mar-2025
1840,4901,1,SJVN Ltd.,Power,Power,Domestic Equities,210285.0,221342.0,-4.995436925662549,1.926,1.861707562,3.4534123034302824,0.207663539350084,1100,sjvn,Mid Cap,Mar-2025
152532,6617,1,Sun TV Network Ltd.,Media & Entertainment,Media & Entertainment,Domestic Equities,29043.0,26292.0,10.463258785942491,1.8876,1.4762958,27.860554774998334,0.20352320710136,1100,sun-tv-network,Small Cap,Mar-2025
77359,100627,1,Waaree Energies Ltd.,Capital Goods,Capital Goods,Domestic Equities,7753.0,,,1.8643,,,0.201010974252525,1100,waaree-energies,Mid Cap,Mar-2025
217845,112026,1,Premier Energies Ltd.,Electricals,Electricals,Domestic Equities,19382.0,,,1.8178999999999998,,,0.196008072785316,1100,premier-energies,Mid Cap,Mar-2025
176199,111753,1,OLA Electric Mobility Ltd.,Automobile & Ancillaries,Automobile & Ancillaries,Domestic Equities,262273.0,,,1.3914,,,0.150022351324874,1100,ola-electric-mobility,Mid Cap,Mar-2025
58164,86911,1,The New India Assurance Company Ltd.,Insurance,Finance,Domestic Equities,70753.0,74471.0,-4.992547434571846,1.0933,1.058307381,3.306470277750045,0.117880865821105,1100,the-new-india-assurance-company,Mid Cap,Mar-2025
171883,5324,1,Mangalore Refinery And Petrochemicals Ltd.,Crude Oil,Crude Oil,Domestic Equities,52482.0,56707.0,-7.450579293561642,0.7056,0.59996006,17.607828761134535,0.0760786050703113,1100,mangalore-refinery-and-petrochemicals,Small Cap,Mar-2025
76200,82667,1,BSE Ltd.,Finance,Finance,Domestic Equities,41075.0,39907.0,2.9268048212093114,26.119600000000002,21.8682,19.441014806888536,2.6321249726278,1100,bse,Mid Cap,Apr-2025
77009,96064,1,Max Healthcare Institute Ltd.,Healthcare,Healthcare,Domestic Equities,224896.0,218500.0,2.927231121281465,24.6981,23.968400000000003,3.04442515979372,2.48887753971955,1100,max-healthcare-institute,Mid Cap,Apr-2025
152473,5056,1,Suzlon Energy Ltd.,Capital Goods,Capital Goods,Domestic Equities,3591766.0,3489615.0,2.9272856747807423,20.2576,19.7722,2.454962017377933,2.04139936467269,1100,suzlon-energy,Mid Cap,Apr-2025
57445,86554,1,Dixon Technologies (India) Ltd.,Consumer Durables,Consumer Durables,Domestic Equities,11670.0,11337.0,2.9372849960306957,19.1995,14.941600000000001,28.4969481180061,1.93477248548858,1100,dixon-technologies-india,Mid Cap,Apr-2025
95548,5980,1,Persistent Systems Ltd.,IT,Information Technology,Domestic Equities,32220.0,31304.0,2.9261436238180427,17.145899999999997,17.2602,-0.662217123787677,1.72782705585763,1100,persistent-systems,Mid Cap,Apr-2025
38803,5403,1,Indus Towers Ltd.,Telecom,Telecom,Domestic Equities,399937.0,388563.0,2.9271958472628636,16.3254,12.989700000000001,25.679576895540308,1.64514360970834,1100,indus-towers,Large Cap,Apr-2025
157113,99763,1,PB Fintech Ltd.,IT,Information Technology,Domestic Equities,100140.0,97292.0,2.9272704847263906,16.2758,15.467,5.229197646602437,1.64014531729029,1100,pb-fintech,Mid Cap,Apr-2025
152211,6247,1,Lupin Ltd.,Healthcare,Healthcare,Domestic Equities,73092.0,71014.0,2.926183569437012,15.3172,14.4013,6.35984251421746,1.54354525454963,1100,lupin,Mid Cap,Apr-2025
133657,7260,1,Coforge Ltd.,IT,Information Technology,Domestic Equities,20156.0,19583.0,2.9260072511872544,14.724,15.8802,-7.280764725885058,1.48376728958222,1100,coforge,Mid Cap,Apr-2025
171685,5596,1,The Federal Bank Ltd.,Bank,Banking,Domestic Equities,741911.0,720811.0,2.9272583243041517,14.5919,13.8922,5.036639265199178,1.47045530513819,1100,the-federal-bank,Mid Cap,Apr-2025
114530,88033,1,HDFC Asset Management Company Ltd.,Finance,Finance,Domestic Equities,30701.0,29828.0,2.9267802065173663,13.4298,11.9727,12.170187175825005,1.35334813540011,1100,hdfc-asset-management-company,Mid Cap,Apr-2025
165,7447,1,SRF Ltd.,Chemicals,Chemicals,Domestic Equities,43909.0,42660.0,2.9278012189404596,13.2118,12.5384,5.370701205895501,1.33137983404661,1100,srf,Mid Cap,Apr-2025
7737,15826,1,IDFC First Bank Ltd.,Bank,Banking,Domestic Equities,1876076.0,1822720.0,2.9272735252808992,12.173900000000001,10.0177,21.523902692234756,1.22678854975856,1100,idfc-first-bank,Mid Cap,Apr-2025
171877,6125,1,Cummins India Ltd.,Automobile & Ancillaries,Automobile & Ancillaries,Domestic Equities,40941.0,39777.0,2.9263142016743346,11.8541,12.1393,-2.349394116629458,1.19456165630512,1100,cummins-india,Large Cap,Apr-2025
141614,85778,1,AU Small Finance Bank Ltd.,Bank,Banking,Domestic Equities,169873.0,165041.0,2.92775734514454,11.5276,8.8231,30.65249175459873,1.16165959028715,1100,au-small-finance-bank,Mid Cap,Apr-2025
171327,5699,1,Marico Ltd.,FMCG,Fast Moving Consumer Goods,Domestic Equities,159706.0,155164.0,2.927225387332113,11.346300000000001,10.1113,12.214057539584438,1.1433896222349,1100,marico,Mid Cap,Apr-2025
171365,5279,1,Hindustan Petroleum Corporation Ltd.,Crude Oil,Crude Oil,Domestic Equities,290676.0,282409.0,2.927314639405968,11.0079,10.1766,8.168740050704558,1.1092883691247,1100,hindustan-petroleum-corporation,Mid Cap,Apr-2025
599,7495,1,Sundaram Finance Ltd.,Finance,Finance,Domestic Equities,20832.0,20239.0,2.929986659419932,10.9505,9.2582,18.27893110971894,1.10350405491511,1100,sundaram-finance,Mid Cap,Apr-2025
152636,5140,1,Fortis Healthcare Ltd.,Healthcare,Healthcare,Domestic Equities,157685.0,153200.0,2.927545691906005,10.8101,10.698699999999999,1.0412480020937218,1.08935566266726,1100,fortis-healthcare,Mid Cap,Apr-2025
171465,6543,1,Aurobindo Pharma Ltd.,Healthcare,Healthcare,Domestic Equities,84633.0,82226.0,2.927297934959745,10.4022,9.542300000000001,9.011454261551199,1.04825075385032,1100,aurobindo-pharma,Mid Cap,Apr-2025
171820,5969,1,Colgate-Palmolive (India) Ltd.,FMCG,Fast Moving Consumer Goods,Domestic Equities,39872.0,38738.0,2.927358149620528,10.316500000000001,9.2576,11.438169720013837,1.03961459134576,1100,colgate-palmolive-india,Mid Cap,Apr-2025
171635,7381,1,UPL Ltd.,Chemicals,Chemicals,Domestic Equities,153146.0,148790.0,2.927616103232744,10.259300000000001,9.4668,8.37136096674696,1.03385043154108,1100,upl,Mid Cap,Apr-2025
152222,5634,1,Max Financial Services Ltd.,Finance,Finance,Domestic Equities,78069.0,75849.0,2.926867855871534,10.187999999999999,8.7052,17.03349722005238,1.02666538619014,1100,max-financial-services,Mid Cap,Apr-2025
152455,7030,1,Yes Bank Ltd.,Bank,Banking,Domestic Equities,5705308.0,5543047.0,2.9272889080680717,10.1098,9.3567,8.048777881090562,1.01878501386976,1100,yes-bank,Mid Cap,Apr-2025
171946,6864,1,Godrej Properties Ltd.,Realty,Realty,Domestic Equities,45639.0,44341.0,2.927313321756388,9.8649,9.4429,4.468966101515429,0.994105945055666,1100,godrej-properties,Mid Cap,Apr-2025
171659,5756,1,Ashok Leyland Ltd.,Automobile & Ancillaries,Automobile & Ancillaries,Domestic Equities,432831.0,420521.0,2.9273211088150175,9.7521,8.5879,13.556282676789444,0.982738860685598,1100,ashok-leyland,Mid Cap,Apr-2025
171839,6306,1,Solar Industries India Ltd.,Chemicals,Chemicals,Domestic Equities,7371.0,7161.0,2.932551319648094,9.7091,8.0518,20.582975235351107,0.978405663629633,1100,solar-industries-india,Mid Cap,Apr-2025
152551,7908,1,GMR Airports Ltd.,Infrastructure,Aviation,Domestic Equities,1085233.0,1054368.0,2.9273460499559927,9.4621,7.9847,18.50288677094944,0.953514973563971,1100,gmr-airports,Mid Cap,Apr-2025
101370,86936,1,Tube Investments of India Ltd.,Automobile & Ancillaries,Automobile & Ancillaries,Domestic Equities,32543.0,31618.0,2.9255487380605985,9.4329,8.7561,7.729468599033811,0.950572430446897,1100,tube-investments-of-india,Mid Cap,Apr-2025
122,5767,1,The Phoenix Mills Ltd.,Realty,Realty,Domestic Equities,56423.0,54819.0,2.925992812710921,9.3916,9.0084,4.253807557390872,0.946410545832679,1100,the-phoenix-mills,Mid Cap,Apr-2025
152118,7308,1,PI Industries Ltd.,Chemicals,Chemicals,Domestic Equities,24511.0,23814.0,2.9268497522465777,8.9225,8.1639,9.292127537083994,0.899138389112832,1100,pi-industries,Mid Cap,Apr-2025
152369,6790,1,Bharat Forge Ltd.,Automobile & Ancillaries,Automobile & Ancillaries,Domestic Equities,80693.0,78398.0,2.9273705961886782,8.9101,9.1659,-2.7907788651414527,0.897888816008321,1100,bharat-forge,Mid Cap,Apr-2025
152795,99590,1,One97 Communications Ltd.,IT,Information Technology,Domestic Equities,103010.0,100080.0,2.927657873701039,8.9078,7.840800000000001,13.608305274971933,0.897657040351839,1100,one97-communications,Mid Cap,Apr-2025
587,7648,1,APL Apollo Tubes Ltd.,Iron & Steel,Iron & Steel,Domestic Equities,54817.0,53258.0,2.927259754403094,8.879299999999999,8.1232,9.307908213511903,0.894785037651955,1100,apl-apollo-tubes,Mid Cap,Apr-2025
152574,8059,1,Torrent Power Ltd.,Power,Power,Domestic Equities,57569.0,55932.0,2.9267682185510977,8.8604,8.3162,6.543854164161511,0.892880446387822,1100,torrent-power,Mid Cap,Apr-2025
133342,5963,1,Bharat Heavy Electricals Ltd.,Capital Goods,Capital Goods,Domestic Equities,388939.0,377878.0,2.9271352129523285,8.8227,8.1784,7.878069059962822,0.88908134106201,1100,bharat-heavy-electricals,Mid Cap,Apr-2025
171321,7864,1,Page Industries Ltd.,Textile,Textile,Domestic Equities,1907.0,1853.0,2.914193200215866,8.6988,7.9112,9.955506117908786,0.876595687219356,1100,page-industries,Mid Cap,Apr-2025
152379,5838,1,Voltas Ltd.,Consumer Durables,Consumer Durables,Domestic Equities,68884.0,66925.0,2.9271572655958162,8.514800000000001,9.7623,-12.778750909109535,0.858053634700806,1100,voltas,Mid Cap,Apr-2025
19255,6350,1,Mphasis Ltd.,IT,Information Technology,Domestic Equities,34393.0,33415.0,2.9268292682926833,8.4916,8.3544,1.642248396054763,0.855715723731076,1100,mphasis,Mid Cap,Apr-2025
134131,90516,1,Polycab India Ltd.,Electricals,Electricals,Domestic Equities,15261.0,14827.0,2.927092466446348,8.4241,7.632899999999999,10.365653945420483,0.848913612073456,1100,polycab-india,Large Cap,Apr-2025
1152,105806,1,Mankind Pharma Ltd.,Healthcare,Healthcare,Domestic Equities,34167.0,33195.0,2.928151830094894,8.423200000000001,8.049,4.6490247235681545,0.848822917251354,1100,mankind-pharma,Mid Cap,Apr-2025
152238,8313,1,MRF Ltd.,Automobile & Ancillaries,Automobile & Ancillaries,Domestic Equities,613.0,595.0,3.0252100840336134,8.2452,6.7043,22.98375669346539,0.830885496880148,1100,mrf,Mid Cap,Apr-2025
96004,7992,1,Jubilant FoodWorks Ltd.,FMCG,Fast Moving Consumer Goods,Domestic Equities,115155.0,111880.0,2.9272434751519487,8.2382,7.4327,10.837246222772354,0.830180092708247,1100,jubilant-foodworks,Mid Cap,Apr-2025
38931,15891,1,Alkem Laboratories Ltd.,Healthcare,Healthcare,Domestic Equities,16084.0,15626.0,2.931012415205427,8.2286,7.6281,7.872209331288273,0.829212681272497,1100,alkem-laboratories,Mid Cap,Apr-2025
153586,8183,1,NHPC Ltd.,Power,Power,Domestic Equities,957408.0,930179.0,2.9272860384936665,8.2136,7.646100000000001,7.422084461359385,0.827701100904137,1100,nhpc,Mid Cap,Apr-2025
191600,99819,1,FSN E-Commerce Ventures Ltd.,Retailing,Information Technology,Domestic Equities,412391.0,400663.0,2.9271482517726866,8.0156,7.1751,11.714122451255028,0.807748240041784,1100,fsn-e-commerce-ventures,Mid Cap,Apr-2025
77639,92991,1,SBI Cards And Payment Services Ltd.,Finance,Finance,Domestic Equities,90636.0,88058.0,2.927615889527357,7.9175,7.7588,2.0454193947517663,0.797862504432709,1100,sbi-cards-and-payment-services,Mid Cap,Apr-2025
19182,5589,1,Coromandel International Ltd.,Chemicals,Chemicals,Domestic Equities,35732.0,34716.0,2.9266044475169952,7.9117999999999995,6.8811,14.978709799305335,0.797288103892733,1100,coromandel-international,Mid Cap,Apr-2025
133608,7612,1,Union Bank Of India,Bank,Banking,Domestic Equities,584693.0,568064.0,2.9273110072104553,7.354299999999999,7.1678,2.6019141159072485,0.741107700202018,1100,union-bank-of-india,Mid Cap,Apr-2025
133642,6320,1,Petronet LNG Ltd.,Inds. Gases & Fuels,Industrials Gases & Fuels,Domestic Equities,226795.0,220345.0,2.927227756472804,7.1157,6.4693,9.991807459848841,0.717063495142637,1100,petronet-lng,Mid Cap,Apr-2025
77293,6578,1,Muthoot Finance Ltd.,Finance,Finance,Domestic Equities,32444.0,31522.0,2.924941310830531,7.04,7.5114,-6.275794126261413,0.709435052883647,1100,muthoot-finance,Mid Cap,Apr-2025
153260,8051,1,Prestige Estates Projects Ltd.,Realty,Realty,Domestic Equities,51046.0,49595.0,2.9256981550559535,7.019299999999999,5.874,19.497786857337417,0.70734907197531,1100,prestige-estates-projects,Mid Cap,Apr-2025
56674,5695,1,Supreme Industries Ltd.,Plastic Products,Plastic Products,Domestic Equities,19563.0,19007.0,2.9252380701846685,6.9233,6.5123,6.311134315065341,0.697674957617806,1100,supreme-industries,Mid Cap,Apr-2025
114652,92620,1,Indian Railway Catering And Tourism Corporation Ltd.,Hospitality,Hospitality,Domestic Equities,91280.0,88684.0,2.927247305038113,6.8597,6.4517999999999995,6.32226665426704,0.691265856855959,1100,indian-railway-catering-and-tourism-corporation,Mid Cap,Apr-2025
677,6026,1,Oil India Ltd.,Crude Oil,Crude Oil,Domestic Equities,165036.0,160343.0,2.9268505641032037,6.7789,6.2013,9.314176059858417,0.683123477271726,1100,oil-india,Mid Cap,Apr-2025
19275,7232,1,NMDC Ltd.,Mining,Mining,Domestic Equities,1045855.0,1016111.0,2.9272392484679335,6.7761000000000005,7.0,-3.198571428571426,0.682841315602966,1100,nmdc,Mid Cap,Apr-2025
133317,6810,1,Blue Star Ltd.,Consumer Durables,Consumer Durables,Domestic Equities,39265.0,38148.0,2.928069623571354,6.6998,8.1499,-17.79285635406569,0.675152410129241,1100,blue-star,Mid Cap,Apr-2025
1427,98308,1,Sona BLW Precision Forgings Ltd.,Automobile & Ancillaries,Automobile & Ancillaries,Domestic Equities,135761.0,131900.0,2.9272175890826384,6.532100000000001,6.083200000000001,7.379339821146762,0.658252941610976,1100,sona-blw-precision-forgings,Mid Cap,Apr-2025
79,7951,1,Balkrishna Industries Ltd.,Automobile & Ancillaries,Automobile & Ancillaries,Domestic Equities,24237.0,23548.0,2.925938508578223,6.4836,6.016,7.772606382978721,0.653365498419945,1100,balkrishna-industries,Mid Cap,Apr-2025
171336,8097,1,JK Cement Ltd.,Construction Materials,Construction Materials,Domestic Equities,12660.0,12300.0,2.9268292682926833,6.4727,6.067200000000001,6.683478375527418,0.65226708335227,1100,jk-cement,Mid Cap,Apr-2025
152296,7356,1,Patanjali Foods Ltd.,FMCG,Fast Moving Consumer Goods,Domestic Equities,33532.0,32578.0,2.928356559641476,6.3912,5.8914,8.483552296567883,0.644054163350847,1100,patanjali-foods,Mid Cap,Apr-2025
133463,8505,1,Glenmark Pharmaceuticals Ltd.,Healthcare,Healthcare,Domestic Equities,45563.0,44267.0,2.927688797524115,6.293200000000001,6.8218,-7.748688029552303,0.634178504944228,1100,glenmark-pharmaceuticals,Mid Cap,Apr-2025
171698,8307,1,Oracle Financial Services Software Ltd.,IT,Information Technology,Domestic Equities,7158.0,6955.0,2.918763479511143,6.2428,5.4603,14.330714429610095,0.629099594906538,1100,oracle-financial-services-software,Mid Cap,Apr-2025
123299,91366,1,KPIT Technologies Ltd.,IT,Information Technology,Domestic Equities,49396.0,47991.0,2.927632264382905,6.1923,6.2746,-1.3116373952124467,0.624010607666393,1100,kpit-technologies,Mid Cap,Apr-2025
152608,7159,1,Indian Bank,Bank,Banking,Domestic Equities,106932.0,103890.0,2.92809702570026,6.0502,5.6236,7.585888043246314,0.609690902976796,1100,indian-bank,Mid Cap,Apr-2025
152323,7533,1,Tata Elxsi Ltd.,IT,Information Technology,Domestic Equities,10488.0,10190.0,2.9244357212953878,6.0474,5.3137,13.807704612605153,0.609408741308035,1100,tata-elxsi,Mid Cap,Apr-2025
756,88308,1,Rail Vikas Nigam Ltd.,Infrastructure,Infrastructure,Domestic Equities,171767.0,166881.0,2.9278348044414884,6.0084,5.8717,2.3281162184716644,0.605478632350299,1100,rail-vikas-nigam,Large Cap,Apr-2025
171444,98250,1,Kalyan Jewellers India Ltd.,Diamond  &  Jewellery,Diamond & Jewellery,Domestic Equities,116216.0,112911.0,2.927084163633304,6.0031,5.2758,13.785587019977994,0.604944540620145,1100,kalyan-jewellers-india,Mid Cap,Apr-2025
152616,7532,1,Vodafone Idea Ltd.,Telecom,Telecom,Domestic Equities,8354548.0,7627303.0,9.534759534267879,5.9484,5.186599999999999,14.68784945821927,0.599432310876859,1100,vodafone-idea,Mid Cap,Apr-2025
352,7184,1,Ipca Laboratories Ltd.,Healthcare,Healthcare,Domestic Equities,42051.0,40855.0,2.9274262636152244,5.8922,6.136,-3.9732724902216416,0.593768923096736,1100,ipca-laboratories,Mid Cap,Apr-2025
151967,5716,1,GE Vernova T&D India Ltd.,Capital Goods,Capital Goods,Domestic Equities,37508.0,36442.0,2.925196202184293,5.874099999999999,5.6804,3.4099711287937478,0.591944949452249,1100,ge-vernova-td-india,Mid Cap,Apr-2025
153691,5278,1,Oberoi Realty Ltd.,Realty,Realty,Domestic Equities,35616.0,34603.0,2.9274918359679796,5.846699999999999,5.665900000000001,3.1910199615241934,0.589183795979378,1100,oberoi-realty,Mid Cap,Apr-2025
133630,5815,1,Jindal Stainless Ltd.,Iron & Steel,Iron & Steel,Domestic Equities,98077.0,95288.0,2.926916295860969,5.7189,5.542000000000001,3.191988451822436,0.57630513124095,1100,jindal-stainless,Mid Cap,Apr-2025
113892,8292,1,KEI Industries Ltd.,Electricals,Electricals,Domestic Equities,18654.0,18123.0,2.9299784803840425,5.7148,5.2427,9.004902054285013,0.575891965940265,1100,kei-industries,Mid Cap,Apr-2025
134830,88309,1,Mazagon Dock Shipbuilders Ltd.,Ship Building,Ship Building,Domestic Equities,18569.0,18041.0,2.926667036195333,5.6777,4.7697,19.036836698324834,0.572153323829188,1100,mazagon-dock-shipbuilders,Mid Cap,Apr-2025
171509,5522,1,Tata Communications Ltd.,Telecom,Telecom,Domestic Equities,35537.0,34527.0,2.925246908216758,5.655399999999999,5.4491,3.78594630305922,0.569906107681559,1100,tata-communications,Mid Cap,Apr-2025
75891,5355,1,Container Corporation Of India Ltd.,Logistics,Logistics,Domestic Equities,83413.0,81041.0,2.926913537592083,5.6195,5.6048,0.2622751926919832,0.566288391999951,1100,container-corporation-of-india,Mid Cap,Apr-2025
177212,94646,1,Hitachi Energy India Ltd.,Capital Goods,Capital Goods,Domestic Equities,3847.0,3738.0,2.9159978598180847,5.5893,4.7299,18.16951732594768,0.563245076858319,1100,hitachi-energy-india,Mid Cap,Apr-2025
152207,5372,1,LIC Housing Finance Ltd.,Finance,Finance,Domestic Equities,90986.0,88399.0,2.9265036934806954,5.4677999999999995,4.9844,9.698258566728187,0.551001275874603,1100,lic-housing-finance,Mid Cap,Apr-2025
97125,90518,1,Adani Total Gas Ltd.,Gas Transmission,Gas Transmission,Domestic Equities,83938.0,81550.0,2.9282648681790313,5.038,4.9142,2.519229986569532,0.50768945971986,1100,adani-total-gas,Mid Cap,Apr-2025
171434,4916,1,Astral Ltd.,Plastic Products,Plastic Products,Domestic Equities,37284.0,36224.0,2.9262367491166077,5.0151,4.6883,6.970543693876246,0.505381780357497,1100,astral,Mid Cap,Apr-2025
133351,5368,1,Steel Authority Of India Ltd.,Iron & Steel,Iron & Steel,Domestic Equities,437444.0,425003.0,2.927273454540321,4.9742,4.8952,1.6138257885275442,0.501260204553102,1100,steel-authority-of-india,Mid Cap,Apr-2025
133407,5997,1,Hindustan Zinc Ltd.,Non - Ferrous Metals,Non - Ferrous Metals,Domestic Equities,110960.0,107804.0,2.927535156394939,4.8734,4.9795,-2.1307360176724597,0.491102384477722,1100,hindustan-zinc,Large Cap,Apr-2025
171886,6139,1,Exide Industries Ltd.,Automobile & Ancillaries,Automobile & Ancillaries,Domestic Equities,137708.0,133792.0,2.926931356134896,4.8439,4.8225,0.44375324002073324,0.488129609753281,1100,exide-industries,Mid Cap,Apr-2025
171840,6541,1,UNO Minda Ltd.,Automobile & Ancillaries,Automobile & Ancillaries,Domestic Equities,54102.0,52564.0,2.925956928696446,4.8378,4.602,5.123859191655798,0.487514900403481,1100,uno-minda,Mid Cap,Apr-2025
173672,92657,1,Gujarat Fluorochemicals Ltd.,Chemicals,Chemicals,Domestic Equities,12359.0,12008.0,2.9230512991339106,4.811,4.8306000000000004,-0.40574669813273295,0.484814210145344,1100,gujarat-fluorochemicals,Mid Cap,Apr-2025
135555,92715,1,360 One Wam Ltd.,Finance,Finance,Domestic Equities,48531.0,47151.0,2.9267671947572693,4.7854,4.4447,7.665309244718427,0.482234446316677,1100,360-one-wam,Mid Cap,Apr-2025
152367,6359,1,Abbott India Ltd.,Healthcare,Healthcare,Domestic Equities,1578.0,1533.0,2.935420743639922,4.7316,4.7095,0.46926425310543296,0.476812911395492,1100,abbott-india,Mid Cap,Apr-2025
171333,7587,1,United Breweries Ltd.,Alcohol,Alcohol,Domestic Equities,21846.0,21224.0,2.930644553335846,4.7187,4.2432,11.206165158371045,0.475512952278702,1100,united-breweries,Mid Cap,Apr-2025
152519,8782,1,Mahindra & Mahindra Financial Services Ltd.,Finance,Finance,Domestic Equities,179126.0,174032.0,2.927047899236922,4.694,4.9251,-4.692290511867783,0.473023883272136,1100,mahindra-mahindra-financial-services,Mid Cap,Apr-2025
171433,6783,1,Berger Paints India Ltd.,Chemicals,Chemicals,Domestic Equities,86160.0,83710.0,2.9267709951021383,4.6888,4.187200000000001,11.979365685899877,0.472499868744438,1100,berger-paints-india,Mid Cap,Apr-2025
47051,90577,1,Dalmia Bharat Ltd.,Construction Materials,Construction Materials,Domestic Equities,24100.0,23414.0,2.929871017340053,4.6819,4.265,9.774912075029308,0.471804541774992,1100,dalmia-bharat,Mid Cap,Apr-2025
171565,6678,1,Apollo Tyres Ltd.,Automobile & Ancillaries,Automobile & Ancillaries,Domestic Equities,97597.0,94821.0,2.927621518440008,4.6056,4.0398000000000005,14.005643843754637,0.464115636301268,1100,apollo-tyres,Small Cap,Apr-2025
75659,6055,1,Lloyds Metals & Energy Ltd.,Iron & Steel,Iron & Steel,Domestic Equities,36785.0,35739.0,2.9267746719270264,4.426,4.6005,-3.7930659710900962,0.44601698069077,1100,lloyds-metals-energy,Mid Cap,Apr-2025
133643,6434,1,Biocon Ltd.,Healthcare,Healthcare,Domestic Equities,136281.0,132405.0,2.927381896454061,4.3855,4.5243,-3.067877903764117,0.441935713696198,1100,biocon,Mid Cap,Apr-2025
57781,87827,1,Bharat Dynamics Ltd.,Capital Goods,Capital Goods,Domestic Equities,27888.0,27095.0,2.9267392507842773,4.2657,3.472,22.860023041474655,0.429863225154229,1100,bharat-dynamics,Mid Cap,Apr-2025
133439,5473,1,National Aluminium Company Ltd.,Non - Ferrous Metals,Non - Ferrous Metals,Domestic Equities,271362.0,263644.0,2.9274324467843003,4.246,4.6277,-8.248157832184445,0.42787801627045,1100,national-aluminium-company,Mid Cap,Apr-2025
79346,86555,1,Aditya Birla Capital Ltd.,Finance,Finance,Domestic Equities,215795.0,209657.0,2.9276389531472833,4.2374,3.8801,9.208525553465122,0.427011376859256,1100,aditya-birla-capital,Mid Cap,Apr-2025
114414,5238,1,Bank Of India,Bank,Banking,Domestic Equities,367704.0,357247.0,2.927106455757501,4.234100000000001,3.8268,10.64335737430752,0.426678829178217,1100,bank-of-india,Mid Cap,Apr-2025
19098,6973,1,Schaeffler India Ltd.,Automobile & Ancillaries,Automobile & Ancillaries,Domestic Equities,12176.0,11830.0,2.9247675401521556,4.2286,3.9943,5.865858848859626,0.426124583043152,1100,schaeffler-india,Mid Cap,Apr-2025
83342,79963,1,Bandhan Bank Ltd.,Bank,Banking,Domestic Equities,251384.0,244235.0,2.927098900648965,4.163399999999999,3.5726999999999998,16.533713997816776,0.419554247042014,1100,bandhan-bank,Small Cap,Apr-2025
133635,5732,1,Indraprastha Gas Ltd.,Gas Transmission,Gas Transmission,Domestic Equities,212257.0,206220.0,2.9274561148288236,4.0879,4.1887,-2.4064745625134254,0.411945959187935,1100,indraprastha-gas,Mid Cap,Apr-2025
134823,84770,1,Cochin Shipyard Ltd.,Ship Building,Ship Building,Domestic Equities,25612.0,24883.0,2.9297110477032513,4.0759,3.5033,16.34458938714926,0.410736694893247,1100,cochin-shipyard,Mid Cap,Apr-2025
152079,6815,1,Linde India Ltd.,Inds. Gases & Fuels,Industrials Gases & Fuels,Domestic Equities,6366.0,6185.0,2.9264349232012936,4.0335,3.8701999999999996,4.2194201850033695,0.406463961052016,1100,linde-india,Mid Cap,Apr-2025
19183,6082,1,Deepak Nitrite Ltd.,Chemicals,Chemicals,Domestic Equities,20802.0,20211.0,2.9241502152293304,4.0264,4.0091,0.4315182958768704,0.405748479677659,1100,deepak-nitrite,Mid Cap,Apr-2025
1704,6920,1,L&T Finance Ltd.,Finance,Finance,Domestic Equities,242849.0,235942.0,2.9274143645472193,3.9869,3.6151,10.28463942906144,0.401767984707644,1100,lt-finance,Mid Cap,Apr-2025
57541,86814,1,General Insurance Corporation of India,Insurance,Finance,Domestic Equities,93569.0,90908.0,2.9271351256215072,3.9032,3.8281,1.96180873017946,0.393333366252195,1100,general-insurance-corporation-of-india,Mid Cap,Apr-2025
152325,5528,1,Thermax Ltd.,Capital Goods,Capital Goods,Domestic Equities,11722.0,11389.0,2.923873913425235,3.8581,4.1617,-7.295095754138936,0.388788547944659,1100,thermax,Mid Cap,Apr-2025
152324,4941,1,ACC Ltd.,Construction Materials,Construction Materials,Domestic Equities,20394.0,19814.0,2.927223175532452,3.8504,3.8492,0.031175309155150304,0.388012603355567,1100,acc,Mid Cap,Apr-2025
76174,111823,1,Bharti Hexacom Ltd.,Telecom,Telecom,Domestic Equities,22757.0,22110.0,2.9262777023971056,3.8438999999999997,3.2365,18.767186775838102,0.387357585195945,1100,bharti-hexacom,Mid Cap,Apr-2025
152486,5772,1,AIA Engineering Ltd.,Automobile & Ancillaries,Automobile & Ancillaries,Domestic Equities,11747.0,11413.0,2.9264873389993866,3.7519,3.8253,-1.9188037539539318,0.37808655893667,1100,aia-engineering,Mid Cap,Apr-2025
95549,7450,1,Aditya Birla Fashion and Retail Ltd.,Retailing,Retailing,Domestic Equities,142028.0,137989.0,2.9270449093768343,3.7431,3.5362,5.850913409875006,0.377199765120565,1100,aditya-birla-fashion-and-retail,Mid Cap,Apr-2025
171948,7104,1,Emami Ltd.,FMCG,Fast Moving Consumer Goods,Domestic Equities,59662.0,57965.0,2.9276287414819286,3.7270999999999996,3.3613999999999997,10.879395489974414,0.375587412727648,1100,emami,Small Cap,Apr-2025
152386,5556,1,Glaxosmithkline Pharmaceuticals Ltd.,Healthcare,Healthcare,Domestic Equities,12525.0,12169.0,2.925466348919385,3.7132,3.5051,5.937063136572424,0.374186681586301,1100,glaxosmithkline-pharmaceuticals,Mid Cap,Apr-2025
19805,15724,1,Syngene International Ltd.,Business Services,Healthcare,Domestic Equities,57219.0,55592.0,2.9266800978558067,3.628,4.0371,-10.133511679175639,0.365600905094016,1100,syngene-international,Mid Cap,Apr-2025
44430,82482,1,L&T Technology Services Ltd.,IT,Information Technology,Domestic Equities,8316.0,8079.0,2.9335313776457483,3.5402,3.6369,-2.65885781847178,0.356753121337882,1100,lt-technology-services,Mid Cap,Apr-2025
133495,5019,1,Ajanta Pharma Ltd.,Healthcare,Healthcare,Domestic Equities,12737.0,12375.0,2.9252525252525254,3.4468,3.2460000000000004,6.186075169439305,0.347341014244226,1100,ajanta-pharma,Mid Cap,Apr-2025
114654,92672,1,Indian Renewable Energy Development Agency Ltd.,Finance,Finance,Domestic Equities,203880.0,198082.0,2.9270706071223027,3.406,3.181,7.073247406475951,0.343229515642287,1100,indian-renewable-energy-development-agency,Mid Cap,Apr-2025
115032,83788,1,Housing & Urban Development Corporation Ltd.,Finance,Finance,Domestic Equities,151860.0,147541.0,2.9273218969642336,3.3935000000000004,2.9427,15.319264620926376,0.34196986533532,1100,housing-urban-development-corporation,Mid Cap,Apr-2025
797,86851,1,Nippon Life India Asset Management Ltd.,Finance,Finance,Domestic Equities,52930.0,51425.0,2.9265921244530873,3.3806,2.9751999999999996,13.625974724388284,0.340669906218531,1100,nippon-life-india-asset-management,Mid Cap,Apr-2025
97743,96921,1,Gland Pharma Ltd.,Healthcare,Healthcare,Domestic Equities,24080.0,23395.0,2.9279760632613807,3.3712,3.7254,-9.507703870725296,0.339722649187692,1100,gland-pharma,Small Cap,Apr-2025
133333,4917,1,CRISIL Ltd.,Ratings,Ratings,Domestic Equities,7376.0,7166.0,2.9305051632710017,3.2843,2.9945999999999997,9.67408001068591,0.330965560253659,1100,crisil,Mid Cap,Apr-2025
152370,5063,1,Escorts Kubota Ltd.,Automobile & Ancillaries,Automobile & Ancillaries,Domestic Equities,10039.0,9753.0,2.9324310468573773,3.2717,3.1698000000000004,3.214713862073316,0.329695832744237,1100,escorts-kubota,Mid Cap,Apr-2025
171580,109023,1,Tata Technologies Ltd.,IT,Information Technology,Domestic Equities,46665.0,45338.0,2.926904583351714,3.0699,3.0825,-0.4087591240875883,0.309360038188566,1100,tata-technologies,Mid Cap,Apr-2025
509,8487,1,K.P.R. Mill Ltd.,Textile,Textile,Domestic Equities,30381.0,29517.0,2.927126740522411,3.0297,2.6757,13.230182755914353,0.305309002801362,1100,kpr-mill,Small Cap,Apr-2025
102429,100653,1,Global Health Ltd.,Healthcare,Healthcare,Domestic Equities,25191.0,24475.0,2.925434116445352,3.0159,2.9328,2.833469721767595,0.30391834886247,1100,global-health,Small Cap,Apr-2025
171485,6291,1,Motilal Oswal Financial Services Ltd.,Finance,Finance,Domestic Equities,44962.0,43683.0,2.9279124602248014,2.9349000000000003,2.688,9.185267857142856,0.295755814873326,1100,motilal-oswal-financial-services,Mid Cap,Apr-2025
133445,6416,1,Apar Industries Ltd.,Capital Goods,Capital Goods,Domestic Equities,5112.0,4966.0,2.9399919452275474,2.8643,2.7511,4.114717749263928,0.288641309939578,1100,apar-industries,Mid Cap,Apr-2025
196533,104025,1,Motherson Sumi Wiring India Ltd.,Iron & Steel,Iron & Steel,Domestic Equities,513139.0,498545.0,2.9273184968257633,2.8613,2.5979,10.138958389468407,0.288338993865906,1100,motherson-sumi-wiring-india,Small Cap,Apr-2025
645,8087,1,IRB Infrastructure Developers Ltd.,Infrastructure,Infrastructure,Domestic Equities,600321.0,583247.0,2.9274046844647295,2.7375,2.6338999999999997,3.9333308022324363,0.275863417225708,1100,irb-infrastructure-developers,Mid Cap,Apr-2025
222979,112566,1,Vishal Mega Mart Ltd.,Retailing,Retailing,Domestic Equities,226002.0,219574.0,2.927486860921603,2.6776999999999997,2.2888,16.991436560643123,0.269837250157179,1100,vishal-mega-mart,Mid Cap,Apr-2025
57345,99844,1,AWL Agri Business Ltd.,FMCG,Fast Moving Consumer Goods,Domestic Equities,99781.0,96943.0,2.9274934755474864,2.6647000000000003,2.5042,6.4092324894177946,0.268527213837934,1100,awl-agri-business,Mid Cap,Apr-2025
58178,99657,1,Star Health and Allied Insurance Company Ltd.,Insurance,Finance,Domestic Equities,68263.0,66322.0,2.926630680618799,2.6609,2.3653999999999997,12.492601674135447,0.268144280144616,1100,star-health-and-allied-insurance-company,Small Cap,Apr-2025
152064,6806,1,3M India Ltd.,Diversified,Diversified,Domestic Equities,855.0,830.0,3.0120481927710845,2.5744,2.3978,7.365084660939194,0.259427500020406,1100,3m-india,Mid Cap,Apr-2025
78882,109773,1,JSW Infrastructure Ltd.,Logistics,Logistics,Domestic Equities,82191.0,79854.0,2.9265910286272447,2.4135,2.5537,-5.490073227082277,0.243213281269131,1100,jsw-infrastructure,Mid Cap,Apr-2025
133645,6755,1,Bank Of Maharashtra,Bank,Banking,Domestic Equities,476068.0,462528.0,2.9273903417739033,2.4118,2.1434,12.52216105253336,0.243041968827383,1100,bank-of-maharashtra,Mid Cap,Apr-2025
137768,15760,1,Gujarat Gas Ltd.,Gas Transmission,Gas Transmission,Domestic Equities,52162.0,50679.0,2.9262613705874227,2.3655,2.0897,13.19806670813993,0.238376224090379,1100,gujarat-gas,Mid Cap,Apr-2025
13,7543,1,Tata Investment Corporation Ltd.,Finance,Finance,Domestic Equities,3932.0,3821.0,2.904998691442031,2.3338,2.414,-3.3222866611433344,0.235181750911911,1100,tata-investment-corporation,Mid Cap,Apr-2025
113787,7539,1,Honeywell Automation India Ltd.,Consumer Durables,Consumer Durables,Domestic Equities,666.0,647.0,2.936630602782071,2.299,2.1794,5.487748921721578,0.231674884457316,1100,honeywell-automation-india,Mid Cap,Apr-2025
222201,112407,1,NTPC Green Energy Ltd.,Power,Power,Domestic Equities,225454.0,219042.0,2.927292482720209,2.2669,2.2037999999999998,2.8632362283328807,0.228440102469025,1100,ntpc-green-energy,Large Cap,Apr-2025
171853,7249,1,NLC India Ltd.,Power,Power,Domestic Equities,98724.0,95916.0,2.9275616164143625,2.2468,2.3468,-4.261121527185955,0.226414584775423,1100,nlc-india,Mid Cap,Apr-2025
77359,100627,1,Waaree Energies Ltd.,Capital Goods,Capital Goods,Domestic Equities,7980.0,7753.0,2.927898877853734,2.0784000000000002,1.8643,11.484203186182478,0.209444575839968,1100,waaree-energies,Mid Cap,Apr-2025
1840,4901,1,SJVN Ltd.,Power,Power,Domestic Equities,216441.0,210285.0,2.927455595976889,2.0352,1.926,5.669781931464183,0.205091224379091,1100,sjvn,Mid Cap,Apr-2025
133387,5868,1,Godrej Industries Ltd.,Chemicals,Chemicals,Domestic Equities,18758.0,18225.0,2.924554183813443,2.0332,2.0669999999999997,-1.6352201257861614,0.204889680329976,1100,godrej-industries,Mid Cap,Apr-2025
171394,82477,1,Endurance Technologies Ltd.,Automobile & Ancillaries,Automobile & Ancillaries,Domestic Equities,10670.0,10367.0,2.9227356033568053,2.0006,2.0405,-1.9554030874785637,0.201604512329407,1100,endurance-technologies,Mid Cap,Apr-2025
217845,112026,1,Premier Energies Ltd.,Electricals,Electricals,Domestic Equities,19949.0,19382.0,2.9253946961097927,1.959,1.8178999999999998,7.761703063974925,0.197412396107822,1100,premier-energies,Mid Cap,Apr-2025
152532,6617,1,Sun TV Network Ltd.,Media & Entertainment,Media & Entertainment,Domestic Equities,29893.0,29043.0,2.926694900664532,1.8561,1.8876,-1.6687857596948388,0.187042954780872,1100,sun-tv-network,Small Cap,Apr-2025
176199,111753,1,OLA Electric Mobility Ltd.,Automobile & Ancillaries,Automobile & Ancillaries,Domestic Equities,269950.0,262273.0,2.92710267545649,1.3144,1.3914,-5.533994537875513,0.132454749078163,1100,ola-electric-mobility,Mid Cap,Apr-2025
58164,86911,1,The New India Assurance Company Ltd.,Insurance,Finance,Domestic Equities,72825.0,70753.0,2.9284977315449523,1.2531,1.0933,14.616299277416998,0.126277423972798,1100,the-new-india-assurance-company,Mid Cap,Apr-2025
171883,5324,1,Mangalore Refinery And Petrochemicals Ltd.,Crude Oil,Crude Oil,Domestic Equities,54018.0,52482.0,2.9267177317937576,0.725,0.7056,2.7494331065759603,0.0730597178040688,1100,mangalore-refinery-and-petrochemicals,Small Cap,Apr-2025
76200,82667,1,BSE Ltd.,Finance,Finance,Domestic Equities,125224.0,41075.0,204.86670724284846,33.484899999999996,26.119600000000002,28.19836444662245,3.12167036759188,1100,bse,Mid Cap,May-2025
152473,5056,1,Suzlon Energy Ltd.,Capital Goods,Capital Goods,Domestic Equities,3650026.0,3591766.0,1.622043306830122,26.0904,20.2576,28.793144301397994,2.43230914706687,1100,suzlon-energy,Mid Cap,May-2025
77009,96064,1,Max Healthcare Institute Ltd.,Healthcare,Healthcare,Domestic Equities,228544.0,224896.0,1.6220830961866817,25.715799999999998,24.6981,4.120559881124458,2.39738660825982,1100,max-healthcare-institute,Mid Cap,May-2025
95548,5980,1,Persistent Systems Ltd.,IT,Information Technology,Domestic Equities,32743.0,32220.0,1.6232153941651148,18.4605,17.145899999999997,7.667139082812803,1.72100247636785,1100,persistent-systems,Mid Cap,May-2025
157113,99763,1,PB Fintech Ltd.,IT,Information Technology,Domestic Equities,101765.0,100140.0,1.6227281805472338,17.9269,16.2758,10.144509025670022,1.67125696994117,1100,pb-fintech,Mid Cap,May-2025
133657,7260,1,Coforge Ltd.,IT,Information Technology,Domestic Equities,20483.0,20156.0,1.6223457035126017,17.514,14.724,18.948655256723715,1.63276386723581,1100,coforge,Mid Cap,May-2025
57445,86554,1,Dixon Technologies (India) Ltd.,Consumer Durables,Consumer Durables,Domestic Equities,11859.0,11670.0,1.6195372750642671,17.423199999999998,19.1995,-9.251803432381058,1.62429892723666,1100,dixon-technologies-india,Mid Cap,May-2025
38803,5403,1,Indus Towers Ltd.,Telecom,Telecom,Domestic Equities,406425.0,399937.0,1.6222555052420755,15.6128,16.3254,-4.364977274676271,1.45552219403787,1100,indus-towers,Large Cap,May-2025
171685,5596,1,The Federal Bank Ltd.,Bank,Banking,Domestic Equities,753945.0,741911.0,1.6220274399489965,15.234200000000001,14.5919,4.401757139234782,1.42022675038505,1100,the-federal-bank,Mid Cap,May-2025
114530,88033,1,HDFC Asset Management Company Ltd.,Finance,Finance,Domestic Equities,31199.0,30701.0,1.6220970000977168,14.9225,13.4298,11.114834174745713,1.39116814027785,1100,hdfc-asset-management-company,Mid Cap,May-2025
152211,6247,1,Lupin Ltd.,Healthcare,Healthcare,Domestic Equities,74278.0,73092.0,1.6226125978219232,14.541400000000001,15.3172,-5.0648943671167,1.35563963109642,1100,lupin,Mid Cap,May-2025
171877,6125,1,Cummins India Ltd.,Automobile & Ancillaries,Automobile & Ancillaries,Domestic Equities,41605.0,40941.0,1.6218460711755942,13.5969,11.8541,14.702086198024308,1.26758747438726,1100,cummins-india,Large Cap,May-2025
7737,15826,1,IDFC First Bank Ltd.,Bank,Banking,Domestic Equities,1906507.0,1876076.0,1.6220558228984328,12.958499999999999,12.173900000000001,6.444935476716567,1.20807186100121,1100,idfc-first-bank,Mid Cap,May-2025
165,7447,1,SRF Ltd.,Chemicals,Chemicals,Domestic Equities,44621.0,43909.0,1.6215354483135576,12.7661,13.2118,-3.3734994474636433,1.19013513791932,1100,srf,Mid Cap,May-2025
152455,7030,1,Yes Bank Ltd.,Bank,Banking,Domestic Equities,5797850.0,5705308.0,1.622033376638036,12.453800000000001,10.1098,23.18542404399692,1.16102059208526,1100,yes-bank,Mid Cap,May-2025
171365,5279,1,Hindustan Petroleum Corporation Ltd.,Crude Oil,Crude Oil,Domestic Equities,295391.0,290676.0,1.6220809423550622,12.142000000000001,11.0079,10.302600859382814,1.13195265935692,1100,hindustan-petroleum-corporation,Mid Cap,May-2025
171839,6306,1,Solar Industries India Ltd.,Chemicals,Chemicals,Domestic Equities,7491.0,7371.0,1.6280016280016278,12.0635,9.7091,24.249415496801962,1.12463440175854,1100,solar-industries-india,Mid Cap,May-2025
141614,85778,1,AU Small Finance Bank Ltd.,Bank,Banking,Domestic Equities,172628.0,169873.0,1.6217998151560282,11.964,11.5276,3.7856969360491433,1.11535839371984,1100,au-small-finance-bank,Mid Cap,May-2025
152222,5634,1,Max Financial Services Ltd.,Finance,Finance,Domestic Equities,79335.0,78069.0,1.6216423932674942,11.921700000000001,10.187999999999999,17.017078916372213,1.11141492497574,1100,max-financial-services,Mid Cap,May-2025
171327,5699,1,Marico Ltd.,FMCG,Fast Moving Consumer Goods,Domestic Equities,162296.0,159706.0,1.6217299287440672,11.627699999999999,11.346300000000001,2.480103646122513,1.08400641881111,1100,marico,Mid Cap,May-2025
152636,5140,1,Fortis Healthcare Ltd.,Healthcare,Healthcare,Domestic Equities,160243.0,157685.0,1.622221517582522,11.318,10.8101,4.698383918742654,1.0551342611268,1100,fortis-healthcare,Mid Cap,May-2025
599,7495,1,Sundaram Finance Ltd.,Finance,Finance,Domestic Equities,21170.0,20832.0,1.6225038402457759,10.874,10.9505,-0.6985982375233883,1.01374182324553,1100,sundaram-finance,Mid Cap,May-2025
171946,6864,1,Godrej Properties Ltd.,Realty,Realty,Domestic Equities,46379.0,45639.0,1.6214202765178904,10.406500000000001,9.8649,5.490172226783858,0.970158569395308,1100,godrej-properties,Mid Cap,May-2025
171659,5756,1,Ashok Leyland Ltd.,Automobile & Ancillaries,Automobile & Ancillaries,Domestic Equities,439852.0,432831.0,1.6221111704106221,10.3818,9.7521,6.457070784754055,0.967855881972633,1100,ashok-leyland,Mid Cap,May-2025
133342,5963,1,Bharat Heavy Electricals Ltd.,Capital Goods,Capital Goods,Domestic Equities,395248.0,388939.0,1.622105265864313,10.2697,8.8227,16.400875015584802,0.957405223669725,1100,bharat-heavy-electricals,Mid Cap,May-2025
152369,6790,1,Bharat Forge Ltd.,Automobile & Ancillaries,Automobile & Ancillaries,Domestic Equities,82002.0,80693.0,1.6221977123170535,10.1756,8.9101,14.202983131502448,0.948632637172814,1100,bharat-forge,Mid Cap,May-2025
101370,86936,1,Tube Investments of India Ltd.,Automobile & Ancillaries,Automobile & Ancillaries,Domestic Equities,33071.0,32543.0,1.6224687336754449,10.1267,9.4329,7.355108185181651,0.944073875433187,1100,tube-investments-of-india,Mid Cap,May-2025
587,7648,1,APL Apollo Tubes Ltd.,Iron & Steel,Iron & Steel,Domestic Equities,55706.0,54817.0,1.621759673094113,10.0923,8.879299999999999,13.66098678949918,0.940866893759503,1100,apl-apollo-tubes,Mid Cap,May-2025
171820,5969,1,Colgate-Palmolive (India) Ltd.,FMCG,Fast Moving Consumer Goods,Domestic Equities,40519.0,39872.0,1.6226926163723916,9.9511,10.316500000000001,-3.5418988998206826,0.927703352703565,1100,colgate-palmolive-india,Mid Cap,May-2025
171465,6543,1,Aurobindo Pharma Ltd.,Healthcare,Healthcare,Domestic Equities,86006.0,84633.0,1.6222986305578204,9.8718,10.4022,-5.09892138201535,0.92031051413603,1100,aurobindo-pharma,Mid Cap,May-2025
171635,7381,1,UPL Ltd.,Chemicals,Chemicals,Domestic Equities,155630.0,153146.0,1.6219816384365247,9.772,10.259300000000001,-4.749836733500338,0.911006538233887,1100,upl,Mid Cap,May-2025
152118,7308,1,PI Industries Ltd.,Chemicals,Chemicals,Domestic Equities,24909.0,24511.0,1.6237607604748887,9.5245,8.9225,6.746987951807235,0.887933050901418,1100,pi-industries,Mid Cap,May-2025
152795,99590,1,One97 Communications Ltd.,IT,Information Technology,Domestic Equities,104680.0,103010.0,1.6212018250655276,9.3212,8.9078,4.640876535171427,0.868980162114788,1100,one97-communications,Mid Cap,May-2025
134131,90516,1,Polycab India Ltd.,Electricals,Electricals,Domestic Equities,15509.0,15261.0,1.6250573356922875,9.2914,8.4241,10.295461829750362,0.866202021013747,1100,polycab-india,Large Cap,May-2025
152551,7908,1,GMR Airports Ltd.,Infrastructure,Aviation,Domestic Equities,1102836.0,1085233.0,1.6220479841656124,9.2726,9.4621,-2.002726667441693,0.864449368238594,1100,gmr-airports,Mid Cap,May-2025
171321,7864,1,Page Industries Ltd.,Textile,Textile,Domestic Equities,1938.0,1907.0,1.6255899318300997,8.9884,8.6988,3.3291948314710114,0.837954478946119,1100,page-industries,Mid Cap,May-2025
19255,6350,1,Mphasis Ltd.,IT,Information Technology,Domestic Equities,34951.0,34393.0,1.6224231675050156,8.9433,8.4916,5.319374440623684,0.83374997680998,1100,mphasis,Mid Cap,May-2025
152379,5838,1,Voltas Ltd.,Consumer Durables,Consumer Durables,Domestic Equities,70002.0,68884.0,1.6230184077579697,8.8399,8.514800000000001,3.8180579696528385,0.824110386546637,1100,voltas,Mid Cap,May-2025
122,5767,1,The Phoenix Mills Ltd.,Realty,Realty,Domestic Equities,57339.0,56423.0,1.6234514293816351,8.813600000000001,9.3916,-6.154435878870475,0.821658537185652,1100,the-phoenix-mills,Mid Cap,May-2025
133608,7612,1,Union Bank Of India,Bank,Banking,Domestic Equities,594177.0,584693.0,1.622047809705264,8.7219,7.354299999999999,18.59592347334214,0.813109693596208,1100,union-bank-of-india,Mid Cap,May-2025
152238,8313,1,MRF Ltd.,Automobile & Ancillaries,Automobile & Ancillaries,Domestic Equities,623.0,613.0,1.631321370309951,8.651299999999999,8.2452,4.925289865618786,0.806527923068239,1100,mrf,Mid Cap,May-2025
1152,105806,1,Mankind Pharma Ltd.,Healthcare,Healthcare,Domestic Equities,34721.0,34167.0,1.6214475956332135,8.5681,8.423200000000001,1.720248836546668,0.798771502276071,1100,mankind-pharma,Mid Cap,May-2025
151967,5716,1,GE Vernova T&D India Ltd.,Capital Goods,Capital Goods,Domestic Equities,38117.0,37508.0,1.623653620560947,8.5435,5.874099999999999,45.44355731090721,0.796478137474541,1100,ge-vernova-td-india,Mid Cap,May-2025
191600,99819,1,FSN E-Commerce Ventures Ltd.,Retailing,Information Technology,Domestic Equities,419080.0,412391.0,1.6220043599399598,8.5182,8.0156,6.270272967712972,0.794119514325,1100,fsn-e-commerce-ventures,Mid Cap,May-2025
153586,8183,1,NHPC Ltd.,Power,Power,Domestic Equities,972937.0,957408.0,1.6219835221765435,8.5044,8.2136,3.540469465277106,0.792832992607068,1100,nhpc,Mid Cap,May-2025
77639,92991,1,SBI Cards And Payment Services Ltd.,Finance,Finance,Domestic Equities,92107.0,90636.0,1.622975418156141,8.4835,7.9175,7.148721187243451,0.790884564787882,1100,sbi-cards-and-payment-services,Mid Cap,May-2025
38931,15891,1,Alkem Laboratories Ltd.,Healthcare,Healthcare,Domestic Equities,16345.0,16084.0,1.6227306640139267,8.3335,8.2286,1.2748219624237427,0.776900633071234,1100,alkem-laboratories,Mid Cap,May-2025
19182,5589,1,Coromandel International Ltd.,Chemicals,Chemicals,Domestic Equities,36312.0,35732.0,1.6231948953319153,8.3133,7.9117999999999995,5.074698551530637,0.775017463600059,1100,coromandel-international,Mid Cap,May-2025
56674,5695,1,Supreme Industries Ltd.,Plastic Products,Plastic Products,Domestic Equities,19880.0,19563.0,1.6204058682206206,8.2426,6.9233,19.055941530772888,0.768426370450945,1100,supreme-industries,Mid Cap,May-2025
152574,8059,1,Torrent Power Ltd.,Power,Power,Domestic Equities,58503.0,57569.0,1.622400944953013,8.0383,8.8604,-9.278362150692962,0.749380255452871,1100,torrent-power,Mid Cap,May-2025
96004,7992,1,Jubilant FoodWorks Ltd.,FMCG,Fast Moving Consumer Goods,Domestic Equities,117023.0,115155.0,1.6221614345881639,7.6714,8.2382,-6.880143720715698,0.71517555847395,1100,jubilant-foodworks,Mid Cap,May-2025
153260,8051,1,Prestige Estates Projects Ltd.,Realty,Realty,Domestic Equities,51874.0,51046.0,1.6220663715080514,7.6078,7.019299999999999,8.384026897268962,0.709246371426092,1100,prestige-estates-projects,Mid Cap,May-2025
19275,7232,1,NMDC Ltd.,Mining,Mining,Domestic Equities,1062820.0,1045855.0,1.622117788794814,7.5641,6.7761000000000005,11.629108189076305,0.705172385985975,1100,nmdc,Mid Cap,May-2025
177212,94646,1,Hitachi Energy India Ltd.,Capital Goods,Capital Goods,Domestic Equities,3910.0,3847.0,1.6376397192617624,7.5455,5.5893,34.999015976955974,0.703438378453111,1100,hitachi-energy-india,Mid Cap,May-2025
1427,98308,1,Sona BLW Precision Forgings Ltd.,Automobile & Ancillaries,Automobile & Ancillaries,Domestic Equities,137963.0,135761.0,1.621968017324563,7.5045,6.532100000000001,14.886483672938258,0.699616103783893,1100,sona-blw-precision-forgings,Mid Cap,May-2025
77293,6578,1,Muthoot Finance Ltd.,Finance,Finance,Domestic Equities,32971.0,32444.0,1.6243373196893107,7.3044,7.04,3.755681818181826,0.680961538873885,1100,muthoot-finance,Mid Cap,May-2025
677,6026,1,Oil India Ltd.,Crude Oil,Crude Oil,Domestic Equities,167713.0,165036.0,1.622070336169078,7.1579999999999995,6.7789,5.592352741595239,0.667313221518437,1100,oil-india,Mid Cap,May-2025
133642,6320,1,Petronet LNG Ltd.,Inds. Gases & Fuels,Industrials Gases & Fuels,Domestic Equities,230474.0,226795.0,1.622169800921537,7.0825,7.1157,-0.4665739140211153,0.660274642554391,1100,petronet-lng,Mid Cap,May-2025
756,88308,1,Rail Vikas Nigam Ltd.,Infrastructure,Infrastructure,Domestic Equities,174553.0,171767.0,1.6219646381435318,7.079,6.0084,17.818387590706333,0.659948350814336,1100,rail-vikas-nigam,Large Cap,May-2025
171336,8097,1,JK Cement Ltd.,Construction Materials,Construction Materials,Domestic Equities,12865.0,12660.0,1.6192733017377565,7.0725,6.4727,9.266612078421682,0.659342380439948,1100,jk-cement,Mid Cap,May-2025
114652,92620,1,Indian Railway Catering And Tourism Corporation Ltd.,Hospitality,Hospitality,Domestic Equities,92760.0,91280.0,1.6213847502191059,7.0127,6.8597,2.2304182398647106,0.653767452995577,1100,indian-railway-catering-and-tourism-corporation,Mid Cap,May-2025
152323,7533,1,Tata Elxsi Ltd.,IT,Information Technology,Domestic Equities,10659.0,10488.0,1.6304347826086956,6.8639,6.0474,13.501670139233385,0.639895392732663,1100,tata-elxsi,Mid Cap,May-2025
113892,8292,1,KEI Industries Ltd.,Electricals,Electricals,Domestic Equities,18956.0,18654.0,1.6189557199528253,6.843500000000001,5.7148,19.750472457478825,0.637993578019198,1100,kei-industries,Mid Cap,May-2025
133463,8505,1,Glenmark Pharmaceuticals Ltd.,Healthcare,Healthcare,Domestic Equities,46302.0,45563.0,1.6219300748414285,6.7467,6.293200000000001,7.206190809127297,0.628969280751388,1100,glenmark-pharmaceuticals,Mid Cap,May-2025
123299,91366,1,KPIT Technologies Ltd.,IT,Information Technology,Domestic Equities,50197.0,49396.0,1.6215887926147865,6.7154,6.1923,8.447588133649846,0.626051300333181,1100,kpit-technologies,Mid Cap,May-2025
152608,7159,1,Indian Bank,Bank,Banking,Domestic Equities,108666.0,106932.0,1.6215912916619908,6.7002999999999995,6.0502,10.745099335559154,0.624643584540372,1100,indian-bank,Mid Cap,May-2025
75891,5355,1,Container Corporation Of India Ltd.,Logistics,Logistics,Domestic Equities,84766.0,83413.0,1.6220493208492681,6.649,5.6195,18.32013524334904,0.619861079893278,1100,container-corporation-of-india,Mid Cap,May-2025
171444,98250,1,Kalyan Jewellers India Ltd.,Diamond  &  Jewellery,Diamond & Jewellery,Domestic Equities,118101.0,116216.0,1.6219797618228127,6.6184,6.0031,10.249704319434974,0.617008357823082,1100,kalyan-jewellers-india,Mid Cap,May-2025
134830,88309,1,Mazagon Dock Shipbuilders Ltd.,Ship Building,Ship Building,Domestic Equities,18870.0,18569.0,1.6209812052345305,6.563400000000001,5.6777,15.59962660936648,0.611880916193645,1100,mazagon-dock-shipbuilders,Mid Cap,May-2025
133630,5815,1,Jindal Stainless Ltd.,Iron & Steel,Iron & Steel,Domestic Equities,99668.0,98077.0,1.6221948061217208,6.4261,5.7189,12.36601444333701,0.59908095736234,1100,jindal-stainless,Mid Cap,May-2025
153691,5278,1,Oberoi Realty Ltd.,Realty,Realty,Domestic Equities,36193.0,35616.0,1.6200584007187782,6.320399999999999,5.846699999999999,8.102006259941506,0.589226946812675,1100,oberoi-realty,Mid Cap,May-2025
171698,8307,1,Oracle Financial Services Software Ltd.,IT,Information Technology,Domestic Equities,7274.0,7158.0,1.6205644034646547,6.1556,6.2428,-1.3968091241109803,0.573863267166651,1100,oracle-financial-services-software,Mid Cap,May-2025
133317,6810,1,Blue Star Ltd.,Consumer Durables,Consumer Durables,Domestic Equities,39901.0,39265.0,1.619763147841589,6.114,6.6998,-8.743544583420407,0.569985056770568,1100,blue-star,Mid Cap,May-2025
79,7951,1,Balkrishna Industries Ltd.,Automobile & Ancillaries,Automobile & Ancillaries,Domestic Equities,24630.0,24237.0,1.621487807897017,6.0889999999999995,6.4836,-6.08612499228824,0.56765440148446,1100,balkrishna-industries,Mid Cap,May-2025
352,7184,1,Ipca Laboratories Ltd.,Healthcare,Healthcare,Domestic Equities,42733.0,42051.0,1.6218401464887875,6.0886000000000005,5.8922,3.333220189402937,0.567617110999882,1100,ipca-laboratories,Mid Cap,May-2025
171509,5522,1,Tata Communications Ltd.,Telecom,Telecom,Domestic Equities,36114.0,35537.0,1.6236598474829051,6.0534,5.655399999999999,7.037521660713667,0.564335548357042,1100,tata-communications,Mid Cap,May-2025
152616,7532,1,Vodafone Idea Ltd.,Telecom,Telecom,Domestic Equities,8490062.0,8354548.0,1.6220386788130248,5.8751,5.9484,-1.232264138255672,0.54771331485652,1100,vodafone-idea,Mid Cap,May-2025
97125,90518,1,Adani Total Gas Ltd.,Gas Transmission,Gas Transmission,Domestic Equities,85299.0,83938.0,1.6214348685934858,5.8323,5.038,15.766177054386663,0.543723233006703,1100,adani-total-gas,Mid Cap,May-2025
133351,5368,1,Steel Authority Of India Ltd.,Iron & Steel,Iron & Steel,Domestic Equities,444539.0,437444.0,1.6219218917164255,5.7425999999999995,4.9742,15.447710184552285,0.535360841840147,1100,steel-authority-of-india,Mid Cap,May-2025
57781,87827,1,Bharat Dynamics Ltd.,Capital Goods,Capital Goods,Domestic Equities,28341.0,27888.0,1.624354561101549,5.7121,4.2657,33.907682209250545,0.532517442391096,1100,bharat-dynamics,Mid Cap,May-2025
152296,7356,1,Patanjali Foods Ltd.,FMCG,Fast Moving Consumer Goods,Domestic Equities,34076.0,33532.0,1.622330907789574,5.6951,6.3912,-10.891538365252224,0.530932596796542,1100,patanjali-foods,Mid Cap,May-2025
171434,4916,1,Astral Ltd.,Plastic Products,Plastic Products,Domestic Equities,37889.0,37284.0,1.6226799699603045,5.6762,5.0151,13.182189786843734,0.529170621400245,1100,astral,Mid Cap,May-2025
171840,6541,1,UNO Minda Ltd.,Automobile & Ancillaries,Automobile & Ancillaries,Domestic Equities,54980.0,54102.0,1.6228605227163506,5.5346,4.8378,14.403241142668168,0.515969789859729,1100,uno-minda,Mid Cap,May-2025
152207,5372,1,LIC Housing Finance Ltd.,Finance,Finance,Domestic Equities,92462.0,90986.0,1.6222275954542458,5.5149,5.4677999999999995,0.861406781520911,0.514133233494276,1100,lic-housing-finance,Mid Cap,May-2025
171886,6139,1,Exide Industries Ltd.,Automobile & Ancillaries,Automobile & Ancillaries,Domestic Equities,139942.0,137708.0,1.6222732157899322,5.4137,4.8439,11.763248621978162,0.504698740896111,1100,exide-industries,Mid Cap,May-2025
152519,8782,1,Mahindra & Mahindra Financial Services Ltd.,Finance,Finance,Domestic Equities,204786.0,179126.0,14.325111932382791,5.347,4.694,13.911376224968059,0.498480552592775,1100,mahindra-mahindra-financial-services,Mid Cap,May-2025
75659,6055,1,Lloyds Metals & Energy Ltd.,Iron & Steel,Iron & Steel,Domestic Equities,37382.0,36785.0,1.6229441348375697,5.2077,4.426,17.661545413465873,0.485494141338581,1100,lloyds-metals-energy,Mid Cap,May-2025
19098,6973,1,Schaeffler India Ltd.,Automobile & Ancillaries,Automobile & Ancillaries,Domestic Equities,12374.0,12176.0,1.626149802890933,5.1831,4.2286,22.57248261836067,0.483200776537051,1100,schaeffler-india,Mid Cap,May-2025
133407,5997,1,Hindustan Zinc Ltd.,Non - Ferrous Metals,Non - Ferrous Metals,Domestic Equities,112759.0,110960.0,1.6213049747656811,5.1666,4.8734,6.01633356588829,0.48166254404822,1100,hindustan-zinc,Large Cap,May-2025
134823,84770,1,Cochin Shipyard Ltd.,Ship Building,Ship Building,Domestic Equities,26027.0,25612.0,1.6203342183351555,5.067699999999999,4.0759,24.333276086263158,0.472442471736376,1100,cochin-shipyard,Mid Cap,May-2025
171433,6783,1,Berger Paints India Ltd.,Chemicals,Chemicals,Domestic Equities,87558.0,86160.0,1.6225626740947074,4.975899999999999,4.6888,6.123101859750892,0.463884305525788,1100,berger-paints-india,Mid Cap,May-2025
133439,5473,1,National Aluminium Company Ltd.,Non - Ferrous Metals,Non - Ferrous Metals,Domestic Equities,275763.0,271362.0,1.621818825038141,4.9734,4.246,17.13141780499292,0.463651239997177,1100,national-aluminium-company,Mid Cap,May-2025
47051,90577,1,Dalmia Bharat Ltd.,Construction Materials,Construction Materials,Domestic Equities,24491.0,24100.0,1.6224066390041494,4.9384,4.6819,5.478545035135304,0.460388322596626,1100,dalmia-bharat,Mid Cap,May-2025
135555,92715,1,360 One Wam Ltd.,Finance,Finance,Domestic Equities,49318.0,48531.0,1.6216438977148626,4.9192,4.7854,2.7960045137292586,0.458598379336895,1100,360-one-wam,Mid Cap,May-2025
152367,6359,1,Abbott India Ltd.,Healthcare,Healthcare,Domestic Equities,1604.0,1578.0,1.6476552598225602,4.885,4.7316,3.24203229351593,0.455410042905499,1100,abbott-india,Mid Cap,May-2025
79346,86555,1,Aditya Birla Capital Ltd.,Finance,Finance,Domestic Equities,219295.0,215795.0,1.6219096828008064,4.8795,4.2374,15.153159956577142,0.454897298742556,1100,aditya-birla-capital,Mid Cap,May-2025
152079,6815,1,Linde India Ltd.,Inds. Gases & Fuels,Industrials Gases & Fuels,Domestic Equities,6469.0,6366.0,1.6179704681118443,4.8553,4.0335,20.37436469567372,0.452641224425603,1100,linde-india,Mid Cap,May-2025
171565,6678,1,Apollo Tyres Ltd.,Automobile & Ancillaries,Automobile & Ancillaries,Domestic Equities,99180.0,97597.0,1.6219760853304916,4.6669,4.6056,1.3309883619940932,0.435077406189493,1100,apollo-tyres,Small Cap,May-2025
133643,6434,1,Biocon Ltd.,Healthcare,Healthcare,Domestic Equities,138491.0,136281.0,1.6216493861947006,4.6512,4.3855,6.058602211834453,0.433613754669817,1100,biocon,Mid Cap,May-2025
114414,5238,1,Bank Of India,Bank,Banking,Domestic Equities,373669.0,367704.0,1.622228749211322,4.5565,4.234100000000001,7.614369051274167,0.42478523244604,1100,bank-of-india,Mid Cap,May-2025
173672,92657,1,Gujarat Fluorochemicals Ltd.,Chemicals,Chemicals,Domestic Equities,12560.0,12359.0,1.6263451735577312,4.4629,4.811,-7.235501974641447,0.416059259054852,1100,gujarat-fluorochemicals,Mid Cap,May-2025
133635,5732,1,Indraprastha Gas Ltd.,Gas Transmission,Gas Transmission,Domestic Equities,215699.0,212257.0,1.621619074989282,4.4576,4.0879,9.043763301450616,0.415565160134197,1100,indraprastha-gas,Mid Cap,May-2025
171333,7587,1,United Breweries Ltd.,Alcohol,Alcohol,Domestic Equities,22200.0,21846.0,1.6204339467179345,4.3885000000000005,4.7187,-6.997690041748783,0.409123228923395,1100,united-breweries,Mid Cap,May-2025
83342,79963,1,Bandhan Bank Ltd.,Bank,Banking,Domestic Equities,255462.0,251384.0,1.6222193934379274,4.3477,4.163399999999999,4.426670509679591,0.405319599496467,1100,bandhan-bank,Small Cap,May-2025
19183,6082,1,Deepak Nitrite Ltd.,Chemicals,Chemicals,Domestic Equities,21139.0,20802.0,1.6200365349485626,4.2855,4.0264,6.4350288098549635,0.39952092914463,1100,deepak-nitrite,Mid Cap,May-2025
76174,111823,1,Bharti Hexacom Ltd.,Telecom,Telecom,Domestic Equities,23126.0,22757.0,1.6214791053302282,4.2337,3.8438999999999997,10.14074247509041,0.394691811391814,1100,bharti-hexacom,Mid Cap,May-2025
1704,6920,1,L&T Finance Ltd.,Finance,Finance,Domestic Equities,246788.0,242849.0,1.6219955610276344,4.2272,3.9869,6.027239208407542,0.394085841017426,1100,lt-finance,Mid Cap,May-2025
133445,6416,1,Apar Industries Ltd.,Capital Goods,Capital Goods,Domestic Equities,5195.0,5112.0,1.6236306729264474,4.215199999999999,2.8643,47.16335579373668,0.392967126480094,1100,apar-industries,Mid Cap,May-2025
152386,5556,1,Glaxosmithkline Pharmaceuticals Ltd.,Healthcare,Healthcare,Domestic Equities,12728.0,12525.0,1.6207584830339323,4.1985,3.7132,13.069589572336538,0.391410248748974,1100,glaxosmithkline-pharmaceuticals,Mid Cap,May-2025
152486,5772,1,AIA Engineering Ltd.,Automobile & Ancillaries,Automobile & Ancillaries,Domestic Equities,11938.0,11747.0,1.6259470503107176,4.1758,3.7519,11.298275540392865,0.389294013749188,1100,aia-engineering,Mid Cap,May-2025
152325,5528,1,Thermax Ltd.,Capital Goods,Capital Goods,Domestic Equities,11912.0,11722.0,1.6208838082238524,4.0360000000000005,3.8581,4.611077991757606,0.376260989389272,1100,thermax,Mid Cap,May-2025
797,86851,1,Nippon Life India Asset Management Ltd.,Finance,Finance,Domestic Equities,53789.0,52930.0,1.6228981673908935,3.9855,3.3806,17.893273383423065,0.371553065711334,1100,nippon-life-india-asset-management,Mid Cap,May-2025
133333,4917,1,CRISIL Ltd.,Ratings,Ratings,Domestic Equities,7495.0,7376.0,1.6133405639913234,3.9347000000000003,3.2843,19.80330664068447,0.366817174169963,1100,crisil,Mid Cap,May-2025
57541,86814,1,General Insurance Corporation of India,Insurance,Finance,Domestic Equities,95087.0,93569.0,1.6223321826673365,3.9138,3.9032,0.2715720434515275,0.364868746350776,1100,general-insurance-corporation-of-india,Mid Cap,May-2025
152324,4941,1,ACC Ltd.,Construction Materials,Construction Materials,Domestic Equities,20725.0,20394.0,1.6230263803079337,3.9021,3.8504,1.342717639725732,0.363777999676878,1100,acc,Mid Cap,May-2025
97743,96921,1,Gland Pharma Ltd.,Healthcare,Healthcare,Domestic Equities,24471.0,24080.0,1.6237541528239203,3.8875,3.3712,15.315021357380159,0.362416896989791,1100,gland-pharma,Small Cap,May-2025
19805,15724,1,Syngene International Ltd.,Business Services,Healthcare,Domestic Equities,58147.0,57219.0,1.6218388996661948,3.7595,3.628,3.624586549062838,0.350483941924918,1100,syngene-international,Mid Cap,May-2025
115032,83788,1,Housing & Urban Development Corporation Ltd.,Finance,Finance,Domestic Equities,154323.0,151860.0,1.621888581588305,3.7229,3.3935000000000004,9.706792397229998,0.347071862586056,1100,housing-urban-development-corporation,Mid Cap,May-2025
171485,6291,1,Motilal Oswal Financial Services Ltd.,Finance,Finance,Domestic Equities,45691.0,44962.0,1.6213691561763266,3.7005,2.9349000000000003,26.08606766840437,0.344983595449703,1100,motilal-oswal-financial-services,Mid Cap,May-2025
44430,82482,1,L&T Technology Services Ltd.,IT,Information Technology,Domestic Equities,8451.0,8316.0,1.6233766233766231,3.6911,3.5402,4.262471046833522,0.344107269062127,1100,lt-technology-services,Mid Cap,May-2025
171580,109023,1,Tata Technologies Ltd.,IT,Information Technology,Domestic Equities,47422.0,46665.0,1.62220079288546,3.6686,3.0699,19.502263917391446,0.342009679304629,1100,tata-technologies,Mid Cap,May-2025
114654,92672,1,Indian Renewable Energy Development Agency Ltd.,Finance,Finance,Domestic Equities,207187.0,203880.0,1.6220325681773593,3.6201999999999996,3.406,6.288901937756887,0.337497530670724,1100,indian-renewable-energy-development-agency,Mid Cap,May-2025
171948,7104,1,Emami Ltd.,FMCG,Fast Moving Consumer Goods,Domestic Equities,60629.0,59662.0,1.620797157319567,3.5419,3.7270999999999996,-4.969010759035171,0.330197918314634,1100,emami,Small Cap,May-2025
509,8487,1,K.P.R. Mill Ltd.,Textile,Textile,Domestic Equities,30874.0,30381.0,1.622724729271584,3.478,3.0297,14.796844572069837,0.324240763403342,1100,kpr-mill,Small Cap,May-2025
152370,5063,1,Escorts Kubota Ltd.,Automobile & Ancillaries,Automobile & Ancillaries,Domestic Equities,10201.0,10039.0,1.6137065444765415,3.3885,3.2717,3.5700094751963833,0.315897017479076,1100,escorts-kubota,Mid Cap,May-2025
58178,99657,1,Star Health and Allied Insurance Company Ltd.,Insurance,Finance,Domestic Equities,69371.0,68263.0,1.623134055051785,3.3135000000000003,2.6609,24.525536472622065,0.308905051620752,1100,star-health-and-allied-insurance-company,Small Cap,May-2025
133495,5019,1,Ajanta Pharma Ltd.,Healthcare,Healthcare,Domestic Equities,12944.0,12737.0,1.6251864646306038,3.25,3.4468,-5.709643727515378,0.302985187194037,1100,ajanta-pharma,Mid Cap,May-2025
645,8087,1,IRB Infrastructure Developers Ltd.,Infrastructure,Infrastructure,Domestic Equities,610058.0,600321.0,1.6219655817470986,3.1277999999999997,2.7375,14.257534246575332,0.291592944155542,1100,irb-infrastructure-developers,Mid Cap,May-2025
102429,100653,1,Global Health Ltd.,Healthcare,Healthcare,Domestic Equities,25600.0,25191.0,1.623595728633242,3.0418000000000003,3.0159,0.8587817898471541,0.28357548997133,1100,global-health,Small Cap,May-2025
196533,104025,1,Motherson Sumi Wiring India Ltd.,Iron & Steel,Iron & Steel,Domestic Equities,521462.0,513139.0,1.6219776707675697,3.0181999999999998,2.8613,5.4835214762520526,0.281375351381244,1100,motherson-sumi-wiring-india,Small Cap,May-2025
222979,112566,1,Vishal Mega Mart Ltd.,Retailing,Retailing,Domestic Equities,229668.0,226002.0,1.6221095388536384,2.863,2.6776999999999997,6.920118011726493,0.266906643365086,1100,vishal-mega-mart,Mid Cap,May-2025
57345,99844,1,AWL Agri Business Ltd.,FMCG,Fast Moving Consumer Goods,Domestic Equities,101399.0,99781.0,1.6215511971216967,2.7885000000000004,2.6647000000000003,4.645926370698388,0.259961290612484,1100,awl-agri-business,Mid Cap,May-2025
13,7543,1,Tata Investment Corporation Ltd.,Finance,Finance,Domestic Equities,3996.0,3932.0,1.627670396744659,2.6891000000000003,2.3338,15.224098037535363,0.250694605194919,1100,tata-investment-corporation,Mid Cap,May-2025
171394,82477,1,Endurance Technologies Ltd.,Automobile & Ancillaries,Automobile & Ancillaries,Domestic Equities,10843.0,10670.0,1.62136832239925,2.6368,2.0006,31.800459862041393,0.245818874336381,1100,endurance-technologies,Mid Cap,May-2025
133645,6755,1,Bank Of Maharashtra,Bank,Banking,Domestic Equities,483790.0,476068.0,1.6220371879647446,2.6115,2.4118,8.280122729911257,0.24346025118684,1100,bank-of-maharashtra,Mid Cap,May-2025
113787,7539,1,Honeywell Automation India Ltd.,Consumer Durables,Consumer Durables,Domestic Equities,676.0,666.0,1.5015015015015014,2.6045999999999996,2.299,13.292735972161799,0.242816990327874,1100,honeywell-automation-india,Mid Cap,May-2025
222201,112407,1,NTPC Green Energy Ltd.,Power,Power,Domestic Equities,229111.0,225454.0,1.6220603759525225,2.5491,2.2669,12.448718514270588,0.237642935592714,1100,ntpc-green-energy,Large Cap,May-2025
152064,6806,1,3M India Ltd.,Diversified,Diversified,Domestic Equities,868.0,855.0,1.5204678362573099,2.5411,2.5744,-1.2935052827843319,0.23689712590116,1100,3m-india,Mid Cap,May-2025
229270,113158,1,Aditya Birla Lifestyle Brands Ltd.,Others,,Domestic Equities,143692.0,,,2.4564,,,0.229000865791826,1100,aditya-birla-lifestyle-brands,,May-2025
137768,15760,1,Gujarat Gas Ltd.,Gas Transmission,Gas Transmission,Domestic Equities,53008.0,52162.0,1.6218703270580115,2.4386,2.3655,3.0902557598816327,0.227341439228117,1100,gujarat-gas,Mid Cap,May-2025
78882,109773,1,JSW Infrastructure Ltd.,Logistics,Logistics,Domestic Equities,83524.0,82191.0,1.6218320740713703,2.4293,2.4135,0.6546509218976643,0.226474435461685,1100,jsw-infrastructure,Mid Cap,May-2025
171853,7249,1,NLC India Ltd.,Power,Power,Domestic Equities,100325.0,98724.0,1.6216928001296544,2.4251,2.2468,7.935730817162179,0.226082885373618,1100,nlc-india,Mid Cap,May-2025
77359,100627,1,Waaree Energies Ltd.,Capital Goods,Capital Goods,Domestic Equities,8109.0,7980.0,1.6165413533834587,2.4156,2.0784000000000002,16.224018475750576,0.225197236364897,1100,waaree-energies,Mid Cap,May-2025
133387,5868,1,Godrej Industries Ltd.,Chemicals,Chemicals,Domestic Equities,19063.0,18758.0,1.6259729182215588,2.2584,2.0332,11.076136140074764,0.21054207592585,1100,godrej-industries,Mid Cap,May-2025
217845,112026,1,Premier Energies Ltd.,Electricals,Electricals,Domestic Equities,20272.0,19949.0,1.6191287783848813,2.1521,1.959,9.857069933639613,0.200632129649319,1100,premier-energies,Mid Cap,May-2025
1840,4901,1,SJVN Ltd.,Power,Power,Domestic Equities,219952.0,216441.0,1.6221510711926113,2.1181,2.0352,4.073309748427669,0.197462438460212,1100,sjvn,Mid Cap,May-2025
152532,6617,1,Sun TV Network Ltd.,Media & Entertainment,Media & Entertainment,Domestic Equities,30378.0,29893.0,1.6224534171879703,1.9128,1.8561,3.054792306448999,0.178323097250694,1100,sun-tv-network,Small Cap,May-2025
176199,111753,1,OLA Electric Mobility Ltd.,Automobile & Ancillaries,Automobile & Ancillaries,Domestic Equities,274330.0,269950.0,1.6225226893869233,1.3980000000000001,1.3144,6.360316494217905,0.130330243599158,1100,ola-electric-mobility,Mid Cap,May-2025
58164,86911,1,The New India Assurance Company Ltd.,Insurance,Finance,Domestic Equities,74006.0,72825.0,1.6216958462066597,1.3799000000000001,1.2531,10.118905115314027,0.128642849172016,1100,the-new-india-assurance-company,Mid Cap,May-2025
95549,7450,1,Aditya Birla Fashion and Retail Ltd.,Retailing,Retailing,Domestic Equities,144332.0,142028.0,1.6222153378207114,1.2390999999999999,3.7431,-66.89642275119554,0.115516598600656,1100,aditya-birla-fashion-and-retail,Mid Cap,May-2025
171883,5324,1,Mangalore Refinery And Petrochemicals Ltd.,Crude Oil,Crude Oil,Domestic Equities,54894.0,54018.0,1.6216816616683327,0.7907,0.725,9.062068965517232,0.0737139653890232,1100,mangalore-refinery-and-petrochemicals,Small Cap,May-2025
