CompanyID,SecurityID,MfSchemeAssetAllocationID,Name,SectorName,EquitySectorName,Type,NoOfShare,PrevNoOfShare,SharesZG,MarketValue,PrevMarketValue,MarketValueZG,HoldingPercentage,Priority,SecuritySlug,McapCategory,Month
171875,5051.0,1,HDFC Bank Ltd.,Bank,Banking,Domestic Equities,12950.0,11024.0,17.470972423802614,2.19988125,1.9543898400000002,12.561025695876516,5.18837469896781,1100,hdfc-bank,Large Cap,Jan-2025
171888,8748.0,1,ICICI Bank Ltd.,Bank,Banking,Domestic Equities,12017.0,10229.0,17.479714537100403,1.5054897600000001,1.310999785,14.83524080059252,3.55066664636517,1100,icici-bank,Large Cap,Jan-2025
171531,4897.0,1,Reliance Industries Ltd.,Crude Oil,Crude Oil,Domestic Equities,11561.0,9841.0,17.477898587541915,1.4625821099999998,1.196124345,22.276761284379663,3.44946983601363,1100,reliance-industries,Large Cap,Jan-2025
171889,4926.0,1,Infosys Ltd.,IT,Information Technology,Domestic Equities,6134.0,5222.0,17.464572960551514,1.15306932,0.9817359999999999,17.452076729385507,2.71949028432513,1100,infosys,Large Cap,Jan-2025
133593,6508.0,1,Bharti Airtel Ltd.,Telecom,Telecom,Domestic Equities,4567.0,3888.0,17.463991769547324,0.7427312100000001,0.6173172,20.315975320305345,1.75171628836681,1100,bharti-airtel,Large Cap,Jan-2025
171915,6797.0,1,Tata Consultancy Services Ltd.,IT,Information Technology,Domestic Equities,1740.0,1481.0,17.488183659689398,0.7155576,0.60643988,17.99316364220639,1.68762788786628,1100,tata-consultancy-services,Large Cap,Jan-2025
152372,4964.0,1,Larsen & Toubro Ltd.,Infrastructure,Infrastructure,Domestic Equities,2004.0,1706.0,17.46776084407972,0.71490696,0.61546509,16.157190978939195,1.68609336680332,1100,larsen-toubro,Large Cap,Jan-2025
152408,5535.0,1,ITC Ltd.,FMCG,Fast Moving Consumer Goods,Domestic Equities,15834.0,13478.0,17.48033832912895,0.7085715,0.65186347,8.699372278063084,1.67115131464922,1100,itc,Large Cap,Jan-2025
133350,8843.0,1,State Bank Of India,Bank,Banking,Domestic Equities,6554.0,5579.0,17.47625022405449,0.50655866,0.443502605,14.217741742463962,1.19470818485636,1100,state-bank-of-india,Large Cap,Jan-2025
171400,5889.0,1,Axis Bank Ltd.,Bank,Banking,Domestic Equities,4856.0,4134.0,17.464925012094824,0.47885016,0.44014698,8.793239930897624,1.12935825728806,1100,axis-bank,Large Cap,Jan-2025
171492,5886.0,1,Kotak Mahindra Bank Ltd.,Bank,Banking,Domestic Equities,2500.0,2128.0,17.481203007518797,0.475325,0.38007144,25.06201465703396,1.12104423990471,1100,kotak-mahindra-bank,Large Cap,Jan-2025
171656,5311.0,1,Mahindra & Mahindra Ltd.,Automobile & Ancillaries,Automobile & Ancillaries,Domestic Equities,1507.0,1283.0,17.459080280592364,0.450570395,0.38581093000000005,16.78528521729542,1.06266101296237,1100,mahindra-mahindra,Large Cap,Jan-2025
171484,6114.0,1,Bajaj Finance Ltd.,Finance,Finance,Domestic Equities,476.0,405.0,17.530864197530864,0.37533076,0.2763315,35.82626663988724,0.885209880728044,1100,bajaj-finance,Large Cap,Jan-2025
171717,5016.0,1,Hindustan Unilever Ltd.,FMCG,Fast Moving Consumer Goods,Domestic Equities,1511.0,1286.0,17.49611197511664,0.37303568,0.29923290999999996,24.663988329358556,0.87979698173447,1100,hindustan-unilever,Large Cap,Jan-2025
420,5071.0,1,Sun Pharmaceutical Industries Ltd.,Healthcare,Healthcare,Domestic Equities,1838.0,1564.0,17.51918158567775,0.32053801,0.29502514,8.647693549098895,0.755982306381988,1100,sun-pharmaceutical-industries,Large Cap,Jan-2025
171528,8219.0,1,HCL Technologies Ltd.,IT,Information Technology,Domestic Equities,1802.0,1534.0,17.470664928292045,0.31092609,0.29412916,5.7107326590807945,0.73331279068131,1100,hcl-technologies,Large Cap,Jan-2025
133625,7239.0,1,Maruti Suzuki India Ltd.,Automobile & Ancillaries,Automobile & Ancillaries,Domestic Equities,224.0,190.0,17.894736842105264,0.27575856000000004,0.2063096,33.66249558915339,0.650370894214312,1100,maruti-suzuki-india,Large Cap,Jan-2025
133664,7760.0,1,NTPC Ltd.,Power,Power,Domestic Equities,8064.0,6864.0,17.482517482517483,0.2612736,0.22881143999999998,14.18729762812559,0.616208413862447,1100,ntpc,Large Cap,Jan-2025
156921,98676.0,1,Eternal Ltd.,Retailing,Information Technology,Domestic Equities,11806.0,10049.0,17.484326798686435,0.26014520999999996,0.279412445,-6.895625210967254,0.613547129246939,1100,eternal,Large Cap,Jan-2025
77009,96064.0,1,Max Healthcare Institute Ltd.,Healthcare,Healthcare,Domestic Equities,2428.0,2066.0,17.521781219748306,0.2576715,0.23307579,10.552666152070108,0.607712935070966,1100,max-healthcare-institute,Mid Cap,Jan-2025
152378,5539.0,1,Tata Motors Ltd.,Automobile & Ancillaries,Automobile & Ancillaries,Domestic Equities,3569.0,3038.0,17.47860434496379,0.25557609,0.22485757,13.6613234769014,0.602770953667213,1100,tata-motors,Large Cap,Jan-2025
171461,6050.0,1,Titan Company Ltd.,Diamond  &  Jewellery,Diamond & Jewellery,Domestic Equities,704.0,599.0,17.529215358931552,0.24571359999999998,0.194863685,26.09512131519014,0.579510473773208,1100,titan-company,Large Cap,Jan-2025
76200,82667.0,1,BSE Ltd.,Finance,Finance,Domestic Equities,443.0,377.0,17.50663129973475,0.235053585,0.20076758000000003,17.077460912762895,0.554369047563672,1100,bse,Mid Cap,Jan-2025
517,7825.0,1,Power Grid Corporation Of India Ltd.,Power,Power,Domestic Equities,7714.0,6566.0,17.48400852878465,0.23269281,0.20269241999999998,14.800943222247783,0.548801208263275,1100,power-grid-corporation-of-india,Large Cap,Jan-2025
152473,5056.0,1,Suzlon Energy Ltd.,Capital Goods,Capital Goods,Domestic Equities,38743.0,33007.0,17.37813191141273,0.225368031,0.205369554,9.737800277834758,0.531525867587895,1100,suzlon-energy,Mid Cap,Jan-2025
133654,6850.0,1,Ultratech Cement Ltd.,Construction Materials,Construction Materials,Domestic Equities,194.0,165.0,17.575757575757574,0.22285653,0.18853477500000002,18.20446917551417,0.525602544115398,1100,ultratech-cement,Large Cap,Jan-2025
152406,5107.0,1,The Indian Hotels Company Ltd.,Hospitality,Hospitality,Domestic Equities,2876.0,2448.0,17.483660130718953,0.21992772,0.21482424000000003,2.375653697180527,0.518695005946197,1100,the-indian-hotels-company,Mid Cap,Jan-2025
152205,8185.0,1,Trent Ltd.,Retailing,Retailing,Domestic Equities,378.0,321.0,17.75700934579439,0.21747096,0.228659535,-4.8931154347007695,0.512900787996734,1100,trent,Large Cap,Jan-2025
95548,5980.0,1,Persistent Systems Ltd.,IT,Information Technology,Domestic Equities,344.0,293.0,17.4061433447099,0.20752144,0.18921061000000003,9.677485845006258,0.489435049637051,1100,persistent-systems,Mid Cap,Jan-2025
152362,5226.0,1,Tata Steel Ltd.,Iron & Steel,Iron & Steel,Domestic Equities,14112.0,12012.0,17.482517482517483,0.189975744,0.16582565999999999,14.563538598308618,0.44805388635736,1100,tata-steel,Large Cap,Jan-2025
157113,99763.0,1,PB Fintech Ltd.,IT,Information Technology,Domestic Equities,1080.0,919.0,17.51904243743199,0.18649439999999998,0.193803315,-3.771305459867918,0.439843208109157,1100,pb-fintech,Mid Cap,Jan-2025
57445,86554.0,1,Dixon Technologies (India) Ltd.,Consumer Durables,Consumer Durables,Domestic Equities,124.0,106.0,16.9811320754717,0.18582578000000002,0.19012478000000002,-2.2611466006693073,0.438266281585862,1100,dixon-technologies-india,Mid Cap,Jan-2025
171369,7531.0,1,Tech Mahindra Ltd.,IT,Information Technology,Domestic Equities,1081.0,920.0,17.5,0.18100804499999998,0.15697039999999998,15.313489039971865,0.426903752640115,1100,tech-mahindra,Large Cap,Jan-2025
133657,7260.0,1,Coforge Ltd.,IT,Information Technology,Domestic Equities,217.0,185.0,17.2972972972973,0.17932554499999998,0.178764575,0.31380378355162153,0.422935610982008,1100,coforge,Mid Cap,Jan-2025
133309,5981.0,1,Bharat Electronics Ltd.,Capital Goods,Capital Goods,Domestic Equities,6090.0,5184.0,17.47685185185185,0.17822385000000002,0.15196896000000001,17.276481986847838,0.420337285975156,1100,bharat-electronics,Large Cap,Jan-2025
171658,4978.0,1,Asian Paints Ltd.,Chemicals,Chemicals,Domestic Equities,770.0,655.0,17.557251908396946,0.17716159999999997,0.149428425,18.559504324562074,0.417831991189823,1100,asian-paints,Large Cap,Jan-2025
152256,5774.0,1,Oil & Natural Gas Corporation Ltd.,Crude Oil,Crude Oil,Domestic Equities,6605.0,5623.0,17.46398719544727,0.17345390500000002,0.134530275,28.93298924721593,0.409087468761855,1100,oil-natural-gas-corporation,Large Cap,Jan-2025
152686,7802.0,1,Multi Commodity Exchange Of India Ltd.,Finance,Finance,Domestic Equities,291.0,247.0,17.813765182186234,0.166828845,0.15398227,8.342892334292772,0.393462400961881,1100,multi-commodity-exchange-of-india,Small Cap,Jan-2025
707,8442.0,1,Bajaj Auto Ltd.,Automobile & Ancillaries,Automobile & Ancillaries,Domestic Equities,188.0,160.0,17.5,0.16633863999999998,0.1407776,18.157036346691516,0.392306262547906,1100,bajaj-auto,Large Cap,Jan-2025
152211,6247.0,1,Lupin Ltd.,Healthcare,Healthcare,Domestic Equities,788.0,671.0,17.436661698956783,0.16393946,0.15806747,3.7148630265291147,0.386647845844609,1100,lupin,Mid Cap,Jan-2025
171708,8443.0,1,Bajaj Finserv Ltd.,Finance,Finance,Domestic Equities,931.0,792.0,17.55050505050505,0.16163091000000002,0.12419352,30.144398838200264,0.381203178132976,1100,bajaj-finserv,Large Cap,Jan-2025
152245,5078.0,1,Grasim Industries Ltd.,Diversified,Construction Materials,Domestic Equities,632.0,538.0,17.472118959107807,0.15855932,0.13141726,20.653344925925246,0.373958896269306,1100,grasim-industries,Large Cap,Jan-2025
133434,4968.0,1,JSW Steel Ltd.,Iron & Steel,Iron & Steel,Domestic Equities,1634.0,1391.0,17.46944644140906,0.154413,0.12539865,23.13768928134393,0.364179885796889,1100,jsw-steel,Large Cap,Jan-2025
115643,7007.0,1,Coal India Ltd.,Mining,Mining,Domestic Equities,3862.0,3288.0,17.457420924574212,0.15289658,0.12630852,21.050092266143235,0.360603440404207,1100,coal-india,Large Cap,Jan-2025
171511,5199.0,1,Wipro Ltd.,IT,Information Technology,Domestic Equities,4822.0,4105.0,17.46650426309379,0.15039818,0.12390942499999999,21.377514260920837,0.354711015370856,1100,wipro,Large Cap,Jan-2025
171685,5596.0,1,The Federal Bank Ltd.,Bank,Banking,Domestic Equities,8006.0,6815.0,17.47615553925165,0.149880326,0.13631363,9.952560136502857,0.353489667358839,1100,the-federal-bank,Mid Cap,Jan-2025
152343,5043.0,1,Hindalco Industries Ltd.,Non - Ferrous Metals,Non - Ferrous Metals,Domestic Equities,2475.0,2107.0,17.4655908875178,0.14708925,0.12693621500000002,15.876505377129762,0.346906971996853,1100,hindalco-industries,Large Cap,Jan-2025
96486,15829.0,1,Interglobe Aviation Ltd.,Aviation,Aviation,Domestic Equities,334.0,284.0,17.6056338028169,0.14443329,0.1293407,11.66886370647445,0.340642944942906,1100,interglobe-aviation,Large Cap,Jan-2025
38803,5403.0,1,Indus Towers Ltd.,Telecom,Telecom,Domestic Equities,4060.0,3456.0,17.47685185185185,0.1409632,0.11812608000000001,19.332834882864134,0.332458809022323,1100,indus-towers,Large Cap,Jan-2025
152400,5891.0,1,Nestle India Ltd.,FMCG,Fast Moving Consumer Goods,Domestic Equities,609.0,519.0,17.341040462427745,0.14087388,0.112625595,25.081585584520116,0.332248149638726,1100,nestle-india,Large Cap,Jan-2025
133330,5128.0,1,Cipla Ltd.,Healthcare,Healthcare,Domestic Equities,936.0,796.0,17.587939698492463,0.13847184,0.1217084,13.773445382570145,0.32658298768423,1100,cipla,Large Cap,Jan-2025
539,7794.0,1,Adani Ports and Special Economic Zone Ltd.,Logistics,Logistics,Domestic Equities,1255.0,1068.0,17.50936329588015,0.137968425,0.13148148,4.933732872492761,0.325395693756851,1100,adani-ports-and-special-economic-zone,Large Cap,Jan-2025
2469,110949.0,1,JIO Financial Services Ltd.,Finance,Finance,Domestic Equities,5587.0,4756.0,17.472666105971406,0.135009855,0.14206172,-4.963944544666924,0.31841796723951,1100,jio-financial-services,Large Cap,Jan-2025
133317,6810.0,1,Blue Star Ltd.,Consumer Durables,Consumer Durables,Domestic Equities,741.0,630.0,17.61904761904762,0.134680455,0.13476644999999998,-0.06381039197811461,0.317641084111914,1100,blue-star,Mid Cap,Jan-2025
165,7447.0,1,SRF Ltd.,Chemicals,Chemicals,Domestic Equities,474.0,403.0,17.617866004962778,0.13318689,0.09018938500000001,47.674684775819216,0.314118541766838,1100,srf,Mid Cap,Jan-2025
95265,83775.0,1,Central Depository Services (India) Ltd.,Business Services,Finance,Domestic Equities,1016.0,865.0,17.45664739884393,0.13306552,0.152123225,-12.52780763752544,0.313832293117183,1100,central-depository-services-india,Small Cap,Jan-2025
133334,5159.0,1,CG Power and Industrial Solutions Ltd.,Capital Goods,Capital Goods,Domestic Equities,2092.0,1780.0,17.528089887640448,0.13281062,0.129584,2.489983331275475,0.313231116707881,1100,cg-power-and-industrial-solutions,Large Cap,Jan-2025
139924,82380.0,1,Laurus Labs Ltd.,Healthcare,Healthcare,Domestic Equities,2246.0,1912.0,17.468619246861923,0.13117763,0.11523624,13.83366031380406,0.309379743366857,1100,laurus-labs,Small Cap,Jan-2025
56728,7719.0,1,Shriram Finance Ltd.,Finance,Finance,Domestic Equities,2380.0,405.0,487.65432098765433,0.1294125,0.11701057499999999,10.59897791289378,0.305216720552608,1100,shriram-finance,Large Cap,Jan-2025
171877,6125.0,1,Cummins India Ltd.,Automobile & Ancillaries,Automobile & Ancillaries,Domestic Equities,443.0,377.0,17.50663129973475,0.12909241500000002,0.1234298,4.587721117590723,0.304461806660997,1100,cummins-india,Large Cap,Jan-2025
114530,88033.0,1,HDFC Asset Management Company Ltd.,Finance,Finance,Domestic Equities,331.0,281.0,17.793594306049823,0.12809369,0.11799330499999999,8.56013398387307,0.302106334282101,1100,hdfc-asset-management-company,Mid Cap,Jan-2025
7737,15826.0,1,IDFC First Bank Ltd.,Bank,Banking,Domestic Equities,20249.0,17237.0,17.474038405755064,0.128054676,0.108834418,17.660091681659015,0.302014320565222,1100,idfc-first-bank,Mid Cap,Jan-2025
152242,5741.0,1,Vedanta Ltd.,Non - Ferrous Metals,Non - Ferrous Metals,Domestic Equities,2886.0,2457.0,17.46031746031746,0.12738804,0.109201365,16.654256107512943,0.300442073265136,1100,vedanta,Large Cap,Jan-2025
134703,87891.0,1,Hindustan Aeronautics Ltd.,Capital Goods,Capital Goods,Domestic Equities,323.0,275.0,17.454545454545457,0.12715864,0.114904625,10.664509805414712,0.299901038081558,1100,hindustan-aeronautics,Large Cap,Jan-2025
171585,5257.0,1,Dr. Reddy's Laboratories Ltd.,Healthcare,Healthcare,Domestic Equities,1038.0,884.0,17.420814479638008,0.12636093,0.1227434,2.94722974921666,0.298019655447331,1100,dr-reddy's-laboratories,Large Cap,Jan-2025
26837,16127.0,1,Crompton Greaves Consumer Electricals Ltd.,Consumer Durables,Consumer Durables,Domestic Equities,3677.0,3130.0,17.47603833865815,0.12626818,0.1238854,1.9233743443537277,0.297800906479254,1100,crompton-greaves-consumer-electricals,Small Cap,Jan-2025
133463,8505.0,1,Glenmark Pharmaceuticals Ltd.,Healthcare,Healthcare,Domestic Equities,859.0,732.0,17.349726775956285,0.12482988,0.11778612000000001,5.980127369846293,0.294408705500439,1100,glenmark-pharmaceuticals,Mid Cap,Jan-2025
38605,83193.0,1,Varun Beverages Ltd.,FMCG,Fast Moving Consumer Goods,Domestic Equities,2281.0,1941.0,17.51674394641937,0.122432675,0.12393285000000001,-1.2104740591376748,0.288754946794037,1100,varun-beverages,Large Cap,Jan-2025
171820,5969.0,1,Colgate-Palmolive (India) Ltd.,FMCG,Fast Moving Consumer Goods,Domestic Equities,433.0,368.0,17.66304347826087,0.122173115,0.09864792,23.84763409101783,0.288142779870543,1100,colgate-palmolive-india,Mid Cap,Jan-2025
171572,5156.0,1,Eicher Motors Ltd.,Automobile & Ancillaries,Automobile & Ancillaries,Domestic Equities,234.0,199.0,17.587939698492463,0.12154662,0.09595580999999999,26.669369994375547,0.286665204293666,1100,eicher-motors,Large Cap,Jan-2025
171462,6372.0,1,Divi's Laboratories Ltd.,Healthcare,Healthcare,Domestic Equities,216.0,184.0,17.391304347826086,0.12047832,0.11221792000000001,7.36103467253714,0.284145640707719,1100,divi's-laboratories,Large Cap,Jan-2025
152455,7030.0,1,Yes Bank Ltd.,Bank,Banking,Domestic Equities,61602.0,52437.0,17.47811659705933,0.118460646,0.10272408300000001,15.319253811202186,0.279386998061728,1100,yes-bank,Mid Cap,Jan-2025
38020,6672.0,1,Apollo Hospitals Enterprise Ltd.,Healthcare,Healthcare,Domestic Equities,172.0,146.0,17.80821917808219,0.1171406,0.10652671,9.96359504578711,0.276273696710633,1100,apollo-hospitals-enterprise,Mid Cap,Jan-2025
58168,86912.0,1,HDFC Life Insurance Company Ltd.,Insurance,Finance,Domestic Equities,1820.0,1549.0,17.495158166559072,0.11612510000000001,0.095581045,21.49385895498422,0.273878660839128,1100,hdfc-life-insurance-company,Large Cap,Jan-2025
171327,5699.0,1,Marico Ltd.,FMCG,Fast Moving Consumer Goods,Domestic Equities,1724.0,1467.0,17.518745739604636,0.11562006,0.09381465,23.24307557508342,0.272687534382658,1100,marico,Mid Cap,Jan-2025
101370,86936.0,1,Tube Investments of India Ltd.,Automobile & Ancillaries,Automobile & Ancillaries,Domestic Equities,348.0,296.0,17.56756756756757,0.11560907999999999,0.10585699999999999,9.212503660598735,0.272661638278405,1100,tube-investments-of-india,Mid Cap,Jan-2025
171946,6864.0,1,Godrej Properties Ltd.,Realty,Realty,Domestic Equities,492.0,419.0,17.42243436754177,0.11460893999999999,0.11675435,-1.8375418132172423,0.270302828651101,1100,godrej-properties,Mid Cap,Jan-2025
152401,5684.0,1,Tata Consumer Products Ltd.,Agri,Agriculture,Domestic Equities,1107.0,942.0,17.51592356687898,0.11342875499999999,0.08616474,31.641730712586142,0.267519386592989,1100,tata-consumer-products,Large Cap,Jan-2025
152907,86648.0,1,SBI Life Insurance Company Ltd.,Insurance,Finance,Domestic Equities,762.0,648.0,17.59259259259259,0.11305032000000001,0.09009792,25.474949921152472,0.266626855426044,1100,sbi-life-insurance-company,Large Cap,Jan-2025
171365,5279.0,1,Hindustan Petroleum Corporation Ltd.,Crude Oil,Crude Oil,Domestic Equities,3138.0,2671.0,17.484088356420816,0.11241885,0.109177125,2.969234626759035,0.265137546413952,1100,hindustan-petroleum-corporation,Mid Cap,Jan-2025
135555,92715.0,1,360 One Wam Ltd.,Finance,Finance,Domestic Equities,1110.0,945.0,17.46031746031746,0.11186025000000001,0.1185786,-5.665735638639684,0.263820099798666,1100,360-one-wam,Mid Cap,Jan-2025
114442,5285.0,1,IndusInd Bank Ltd.,Bank,Banking,Domestic Equities,1124.0,957.0,17.450365726227794,0.11141088,0.091886355,21.248557525216878,0.262760269892631,1100,indusind-bank,Mid Cap,Jan-2025
141614,85778.0,1,AU Small Finance Bank Ltd.,Bank,Banking,Domestic Equities,1833.0,1560.0,17.5,0.11015413499999999,0.0872196,26.295161867286716,0.259796262648579,1100,au-small-finance-bank,Mid Cap,Jan-2025
152636,5140.0,1,Fortis Healthcare Ltd.,Healthcare,Healthcare,Domestic Equities,1702.0,1449.0,17.46031746031746,0.10896204,0.10430626500000001,4.463562183920577,0.256984731100335,1100,fortis-healthcare,Mid Cap,Jan-2025
171465,6543.0,1,Aurobindo Pharma Ltd.,Healthcare,Healthcare,Domestic Equities,913.0,777.0,17.503217503217503,0.10699447,0.10369065000000001,3.186227494957341,0.252344257708215,1100,aurobindo-pharma,Mid Cap,Jan-2025
543,5039.0,1,Karur Vysya Bank Ltd.,Bank,Banking,Domestic Equities,4486.0,3818.0,17.49607124148769,0.106865492,0.082900234,28.908552899862734,0.252040065746979,1100,karur-vysya-bank,Small Cap,Jan-2025
19255,6350.0,1,Mphasis Ltd.,IT,Information Technology,Domestic Equities,369.0,314.0,17.51592356687898,0.105827355,0.08940208,18.372363372306324,0.249591640976387,1100,mphasis,Mid Cap,Jan-2025
152316,5915.0,1,Tata Power Company Ltd.,Power,Power,Domestic Equities,2874.0,2447.0,17.44993870044953,0.1047573,0.09602028000000001,9.099140306610225,0.247067938259022,1100,tata-power-company,Large Cap,Jan-2025
152369,6790.0,1,Bharat Forge Ltd.,Automobile & Ancillaries,Automobile & Ancillaries,Domestic Equities,855.0,728.0,17.445054945054945,0.104656275,0.0946036,10.626101966521363,0.246829672873578,1100,bharat-forge,Mid Cap,Jan-2025
152604,5456.0,1,Power Finance Corporation Ltd.,Finance,Finance,Domestic Equities,2476.0,2107.0,17.513051732320836,0.104611,0.09449895,10.700700907258762,0.246722892716924,1100,power-finance-corporation,Large Cap,Jan-2025
151967,5716.0,1,GE Vernova T&D India Ltd.,Capital Goods,Capital Goods,Domestic Equities,584.0,497.0,17.50503018108652,0.10439,0.10317223,1.1803273031900134,0.246201668760643,1100,ge-vernova-td-india,Mid Cap,Jan-2025
133439,5473.0,1,National Aluminium Company Ltd.,Non - Ferrous Metals,Non - Ferrous Metals,Domestic Equities,5117.0,4356.0,17.470156106519745,0.10348620800000001,0.09221652000000001,12.220899248854762,0.244070093910442,1100,national-aluminium-company,Mid Cap,Jan-2025
599,7495.0,1,Sundaram Finance Ltd.,Finance,Finance,Domestic Equities,224.0,191.0,17.277486910994764,0.1034208,0.07914467,30.673107866897404,0.243915830487218,1100,sundaram-finance,Mid Cap,Jan-2025
152572,7512.0,1,Info Edge (India) Ltd.,IT,Information Technology,Domestic Equities,133.0,113.0,17.699115044247787,0.10272521,0.098052925,4.765064377222802,0.242275295773422,1100,info-edge-india,Large Cap,Jan-2025
171628,5788.0,1,Britannia Industries Ltd.,FMCG,Fast Moving Consumer Goods,Domestic Equities,200.0,170.0,17.647058823529413,0.10259299999999999,0.08096674999999999,26.710038379952266,0.241963481206635,1100,britannia-industries,Large Cap,Jan-2025
171659,5756.0,1,Ashok Leyland Ltd.,Automobile & Ancillaries,Automobile & Ancillaries,Domestic Equities,4680.0,3984.0,17.46987951807229,0.10147644,0.0878472,15.514711908859924,0.239330097402905,1100,ashok-leyland,Mid Cap,Jan-2025
122,5767.0,1,The Phoenix Mills Ltd.,Realty,Realty,Domestic Equities,609.0,518.0,17.56756756756757,0.09998562,0.0846412,18.128783618379707,0.235814029083893,1100,the-phoenix-mills,Mid Cap,Jan-2025
171635,7381.0,1,UPL Ltd.,Chemicals,Chemicals,Domestic Equities,1653.0,1407.0,17.48400852878465,0.099799875,0.0704907,41.57878273304137,0.235375953320276,1100,upl,Mid Cap,Jan-2025
134131,90516.0,1,Polycab India Ltd.,Electricals,Electricals,Domestic Equities,164.0,139.0,17.985611510791365,0.09902238000000001,0.101085665,-2.0411252179030495,0.233542247347931,1100,polycab-india,Large Cap,Jan-2025
57412,93539.0,1,Computer Age Management Services Ltd.,Business Services,Finance,Domestic Equities,273.0,232.0,17.67241379310345,0.09837555,0.11774928,-16.45337449197141,0.232016712091638,1100,computer-age-management-services,Small Cap,Jan-2025
133507,6902.0,1,TVS Motor Company Ltd.,Automobile & Ancillaries,Automobile & Ancillaries,Domestic Equities,399.0,339.0,17.699115044247787,0.09807021,0.08029215,22.1417162200788,0.231296573979373,1100,tvs-motor-company,Large Cap,Jan-2025
133623,8531.0,1,Radico Khaitan Ltd.,Alcohol,Alcohol,Domestic Equities,446.0,379.0,17.678100263852244,0.09715664,0.09876360999999999,-1.6270871427239142,0.229141937917205,1100,radico-khaitan,Small Cap,Jan-2025
75697,6614.0,1,Adani Enterprises Ltd.,Trading,Trading,Domestic Equities,424.0,360.0,17.77777777777778,0.09700272,0.0910314,6.559626678267063,0.228778920761772,1100,adani-enterprises,Large Cap,Jan-2025
171943,4973.0,1,REC Ltd.,Finance,Finance,Domestic Equities,2124.0,1808.0,17.47787610619469,0.09554814,0.09052656,5.547079221832793,0.225348323737672,1100,rec,Large Cap,Jan-2025
171383,5551.0,1,Hero MotoCorp Ltd.,Automobile & Ancillaries,Automobile & Ancillaries,Domestic Equities,220.0,187.0,17.647058823529413,0.0954613,0.07780322,22.69582158681864,0.225143513383086,1100,hero-motocorp,Large Cap,Jan-2025
152379,5838.0,1,Voltas Ltd.,Consumer Durables,Consumer Durables,Domestic Equities,746.0,635.0,17.480314960629922,0.09405941000000001,0.11366182500000001,-17.246261002759724,0.221837184640689,1100,voltas,Mid Cap,Jan-2025
152222,5634.0,1,Max Financial Services Ltd.,Finance,Finance,Domestic Equities,842.0,717.0,17.433751743375176,0.09394615,0.07986663,17.628789395521004,0.221570063259294,1100,max-financial-services,Mid Cap,Jan-2025
153405,17058.0,1,LTIMindtree Ltd.,IT,Information Technology,Domestic Equities,157.0,134.0,17.16417910447761,0.09285215499999999,0.07485106,24.049218541460863,0.218989898544132,1100,ltimindtree,Large Cap,Jan-2025
152118,7308.0,1,PI Industries Ltd.,Chemicals,Chemicals,Domestic Equities,265.0,225.0,17.77777777777778,0.09231937500000001,0.082927125,11.325908139224655,0.217733347867991,1100,pi-industries,Mid Cap,Jan-2025
617,7969.0,1,Brigade Enterprises Ltd.,Realty,Realty,Domestic Equities,788.0,671.0,17.436661698956783,0.09227874,0.08340529999999999,10.638940211233587,0.21763751105594,1100,brigade-enterprises,Small Cap,Jan-2025
171619,82976.0,1,Avenue Supermarts Ltd.,Retailing,Retailing,Domestic Equities,251.0,214.0,17.289719626168225,0.091982715,0.07622359000000001,20.674865878135627,0.21693934217966,1100,avenue-supermarts,Large Cap,Jan-2025
171514,5399.0,1,Cholamandalam Investment and Finance Company Ltd.,Finance,Finance,Domestic Equities,711.0,605.0,17.520661157024794,0.09142393500000001,0.071749975,27.420162864168258,0.215621471038074,1100,cholamandalam-investment-and-finance-company,Large Cap,Jan-2025
152377,4902.0,1,Siemens Ltd.,Capital Goods,Capital Goods,Domestic Equities,150.0,128.0,17.1875,0.09110025000000001,0.08366144,8.891563425157397,0.214858066620479,1100,siemens,Large Cap,Jan-2025
152574,8059.0,1,Torrent Power Ltd.,Power,Power,Domestic Equities,621.0,529.0,17.391304347826086,0.090880245,0.078606755,15.613785354706467,0.214339189351242,1100,torrent-power,Mid Cap,Jan-2025
171321,7864.0,1,Page Industries Ltd.,Textile,Textile,Domestic Equities,20.0,17.0,17.647058823529413,0.0894471,0.08077448000000001,10.736831732002486,0.210959146333941,1100,page-industries,Mid Cap,Jan-2025
587,7648.0,1,APL Apollo Tubes Ltd.,Iron & Steel,Iron & Steel,Domestic Equities,591.0,503.0,17.495029821073558,0.089214405,0.07888297500000001,13.097160699124228,0.210410339960608,1100,apl-apollo-tubes,Mid Cap,Jan-2025
756,88308.0,1,Rail Vikas Nigam Ltd.,Infrastructure,Infrastructure,Domestic Equities,1855.0,1579.0,17.479417352754908,0.08835364999999999,0.06674432999999999,32.37626327210116,0.208380266990074,1100,rail-vikas-nigam,Large Cap,Jan-2025
96004,7992.0,1,Jubilant FoodWorks Ltd.,FMCG,Fast Moving Consumer Goods,Domestic Equities,1247.0,1061.0,17.530631479736098,0.08777633,0.07619041,15.20653321067572,0.207018669639668,1100,jubilant-foodworks,Mid Cap,Jan-2025
38931,15891.0,1,Alkem Laboratories Ltd.,Healthcare,Healthcare,Domestic Equities,173.0,147.0,17.687074829931973,0.08759076500000001,0.08281833000000001,5.76253469491597,0.20658101840235,1100,alkem-laboratories,Mid Cap,Jan-2025
152795,99590.0,1,One97 Communications Ltd.,IT,Information Technology,Domestic Equities,1110.0,945.0,17.46031746031746,0.08610825,0.096186825,-10.47812421295744,0.203084537255088,1100,one97-communications,Mid Cap,Jan-2025
152376,5012.0,1,Bharat Petroleum Corporation Ltd.,Crude Oil,Crude Oil,Domestic Equities,3296.0,2805.0,17.50445632798574,0.08605855999999999,0.08203222500000001,4.908235757350218,0.202967344411706,1100,bharat-petroleum-corporation,Large Cap,Jan-2025
58504,98271.0,1,Krishna Institute of Medical Sciences Ltd,Healthcare,Healthcare,Domestic Equities,1400.0,1192.0,17.449664429530202,0.085288,0.0712816,19.6493905860699,0.201149994494279,1100,krishna-institute-of-medical-sciences,Small Cap,Jan-2025
152551,7908.0,1,GMR Airports Ltd.,Infrastructure,Aviation,Domestic Equities,11717.0,9974.0,17.475436133948268,0.08514743899999999,0.07835574399999999,8.667769142744653,0.200818484265687,1100,gmr-airports,Mid Cap,Jan-2025
171404,5514.0,1,Cholamandalam Financial Holdings Ltd.,Finance,Finance,Domestic Equities,560.0,477.0,17.40041928721174,0.08505280000000001,0.066725145,27.467388793235305,0.200595280129948,1100,cholamandalam-financial-holdings,Small Cap,Jan-2025
171335,5389.0,1,Bajaj Holdings & Investment Ltd.,Finance,Finance,Domestic Equities,73.0,62.0,17.741935483870968,0.08438580999999999,0.07369785000000001,14.502404072846073,0.19902219792814,1100,bajaj-holdings-investment,Large Cap,Jan-2025
26622,79332.0,1,Five-Star Business Finance Ltd.,Finance,Finance,Domestic Equities,1063.0,905.0,17.458563535911605,0.08390259,0.0700289,19.81137787399203,0.197882533493056,1100,five-star-business-finance,Small Cap,Jan-2025
56674,5695.0,1,Supreme Industries Ltd.,Plastic Products,Plastic Products,Domestic Equities,211.0,179.0,17.877094972067038,0.08374167999999999,0.08413984499999999,-0.4732181286999113,0.197503030566336,1100,supreme-industries,Mid Cap,Jan-2025
1152,105806.0,1,Mankind Pharma Ltd.,Healthcare,Healthcare,Domestic Equities,339.0,289.0,17.301038062283737,0.08256005999999999,0.08324356,-0.8210845379510507,0.194716204090227,1100,mankind-pharma,Mid Cap,Jan-2025
133627,5088.0,1,Navin Fluorine International Ltd.,Chemicals,Chemicals,Domestic Equities,199.0,169.0,17.75147928994083,0.08255913,0.054854019999999996,50.50698198600577,0.194714010704348,1100,navin-fluorine-international,Small Cap,Jan-2025
57031,5903.0,1,Indian Oil Corporation Ltd.,Crude Oil,Crude Oil,Domestic Equities,6379.0,5430.0,17.476979742173114,0.08196377099999999,0.07407063,10.656235811684057,0.19330986874332,1100,indian-oil-corporation,Large Cap,Jan-2025
201928,105635.0,1,Piramal Pharma Ltd.,Healthcare,Healthcare,Domestic Equities,3516.0,2993.0,17.474106247911795,0.08188764000000001,0.079688625,2.75950927751609,0.19313031534506,1100,piramal-pharma,Small Cap,Jan-2025
171741,5431.0,1,GAIL (India) Ltd.,Inds. Gases & Fuels,Industrials Gases & Fuels,Domestic Equities,4599.0,3914.0,17.50127746550843,0.081457488,0.074749572,8.973852050952203,0.192115810696907,1100,gail-india,Large Cap,Jan-2025
171837,6012.0,1,DLF Ltd.,Realty,Realty,Domestic Equities,1091.0,928.0,17.564655172413794,0.08128495499999999,0.07655072,6.184442158088128,0.191708895163654,1100,dlf,Large Cap,Jan-2025
113892,8292.0,1,KEI Industries Ltd.,Electricals,Electricals,Domestic Equities,201.0,171.0,17.543859649122805,0.08087436,0.075866715,6.600582350244119,0.190740515297912,1100,kei-industries,Mid Cap,Jan-2025
171839,6306.0,1,Solar Industries India Ltd.,Chemicals,Chemicals,Domestic Equities,79.0,67.0,17.91044776119403,0.080537735,0.06554810999999999,22.868126937603545,0.18994659215636,1100,solar-industries-india,Mid Cap,Jan-2025
77293,6578.0,1,Muthoot Finance Ltd.,Finance,Finance,Domestic Equities,350.0,298.0,17.449664429530202,0.079058,0.06365727,24.193198985756073,0.186456667581942,1100,muthoot-finance,Mid Cap,Jan-2025
133642,6320.0,1,Petronet LNG Ltd.,Inds. Gases & Fuels,Industrials Gases & Fuels,Domestic Equities,2449.0,2084.0,17.51439539347409,0.07743738,0.07214808,7.331172222462468,0.182634468631594,1100,petronet-lng,Mid Cap,Jan-2025
38741,90008.0,1,Angel One Ltd.,Finance,Finance,Domestic Equities,330.0,281.0,17.437722419928825,0.0774213,0.082379365,-6.018576375285238,0.182596544282196,1100,angel-one,Small Cap,Jan-2025
152616,7532.0,1,Vodafone Idea Ltd.,Telecom,Telecom,Domestic Equities,84825.0,72205.0,17.478013987950973,0.076766625,0.057330769999999996,33.90126279483077,0.181052506754694,1100,vodafone-idea,Mid Cap,Jan-2025
178941,94376.0,1,Cohance Lifesciences Ltd.,Healthcare,Healthcare,Domestic Equities,724.0,617.0,17.3419773095624,0.0763639,0.070260875,8.686235404839456,0.180102688122147,1100,cohance-lifesciences,Small Cap,Jan-2025
77639,92991.0,1,SBI Cards And Payment Services Ltd.,Finance,Finance,Domestic Equities,978.0,832.0,17.548076923076923,0.07610796,0.05523232,37.79605853963765,0.179499058894226,1100,sbi-cards-and-payment-services,Mid Cap,Jan-2025
58595,86782.0,1,Indian Energy Exchange Ltd.,Power,Power,Domestic Equities,4324.0,3681.0,17.468079326270036,0.07549704,0.066913218,12.828290518025906,0.17805821663463,1100,indian-energy-exchange,Small Cap,Jan-2025
171636,86629.0,1,ICICI Lombard General Insurance Company Ltd.,Insurance,Finance,Domestic Equities,406.0,346.0,17.341040462427745,0.0754551,0.061856150000000006,21.98479860127085,0.177959302006909,1100,icici-lombard-general-insurance-company,Mid Cap,Jan-2025
191600,99819.0,1,FSN E-Commerce Ventures Ltd.,Retailing,Information Technology,Domestic Equities,4450.0,3788.0,17.47624076029567,0.0751605,0.062032288,21.16351407189753,0.177264493963831,1100,fsn-e-commerce-ventures,Mid Cap,Jan-2025
123299,91366.0,1,KPIT Technologies Ltd.,IT,Information Technology,Domestic Equities,532.0,453.0,17.439293598233995,0.07496944,0.06635091,12.989316951342492,0.17681388288199,1100,kpit-technologies,Mid Cap,Jan-2025
171387,6208.0,1,Pidilite Industries Ltd.,Chemicals,Chemicals,Domestic Equities,261.0,222.0,17.56756756756757,0.07495137,0.06447435,16.24990403160327,0.176771265158506,1100,pidilite-industries,Large Cap,Jan-2025
153260,8051.0,1,Prestige Estates Projects Ltd.,Realty,Realty,Domestic Equities,551.0,469.0,17.48400852878465,0.07490845,0.07944860000000001,-5.714575209632391,0.176670039220933,1100,prestige-estates-projects,Mid Cap,Jan-2025
677,6026.0,1,Oil India Ltd.,Crude Oil,Crude Oil,Domestic Equities,1781.0,1516.0,17.480211081794195,0.074882145,0.0653017,14.671049911411185,0.176607999419259,1100,oil-india,Mid Cap,Jan-2025
19275,7232.0,1,NMDC Ltd.,Mining,Mining,Domestic Equities,11292.0,9612.0,17.478152309612984,0.07464012,0.063362304,17.798936099293368,0.176037188432749,1100,nmdc,Mid Cap,Jan-2025
1427,98308.0,1,Sona BLW Precision Forgings Ltd.,Automobile & Ancillaries,Automobile & Ancillaries,Domestic Equities,1464.0,1246.0,17.49598715890851,0.07382952000000001,0.07411208,-0.3812603829227278,0.174125404998537,1100,sona-blw-precision-forgings,Mid Cap,Jan-2025
153885,104233.0,1,Kaynes Technology India Ltd.,Electricals,Electricals,Domestic Equities,154.0,131.0,17.557251908396946,0.07380219,0.09716663,-24.045744922922612,0.174060947755437,1100,kaynes-technology-india,Mid Cap,Jan-2025
79,7951.0,1,Balkrishna Industries Ltd.,Automobile & Ancillaries,Automobile & Ancillaries,Domestic Equities,262.0,223.0,17.48878923766816,0.07260675,0.06489523,11.883030540149097,0.171241527093465,1100,balkrishna-industries,Mid Cap,Jan-2025
133275,8322.0,1,Amara Raja Energy & Mobility Ltd.,Automobile & Ancillaries,Automobile & Ancillaries,Domestic Equities,699.0,595.0,17.478991596638654,0.07232203499999999,0.071397025,1.2955861956432988,0.170570032619654,1100,amara-raja-energy-mobility,Small Cap,Jan-2025
37877,7189.0,1,JB Chemicals & Pharmaceuticals Ltd.,Healthcare,Healthcare,Domestic Equities,408.0,347.0,17.579250720461097,0.07196712,0.063992005,12.4626740481096,0.169732972889141,1100,jb-chemicals-pharmaceuticals,Small Cap,Jan-2025
133445,6416.0,1,Apar Industries Ltd.,Capital Goods,Capital Goods,Domestic Equities,96.0,82.0,17.073170731707318,0.07192272,0.08460432000000001,-14.9893055106406,0.169628256401997,1100,apar-industries,Mid Cap,Jan-2025
171402,5320.0,1,Godrej Consumer Products Ltd.,FMCG,Fast Moving Consumer Goods,Domestic Equities,640.0,545.0,17.431192660550458,0.07176,0.058971725,21.685434841867018,0.169244484627491,1100,godrej-consumer-products,Large Cap,Jan-2025
198435,104143.0,1,KFin Technologies Ltd.,Business Services,Finance,Domestic Equities,658.0,560.0,17.5,0.07173845,0.086086,-16.66653114327532,0.169193659395555,1100,kfin-technologies,Small Cap,Jan-2025
152323,7533.0,1,Tata Elxsi Ltd.,IT,Information Technology,Domestic Equities,113.0,96.0,17.708333333333336,0.0715968,0.06524688000000001,9.732143513988706,0.168859580782853,1100,tata-elxsi,Mid Cap,Jan-2025
114451,6891.0,1,City Union Bank Ltd.,Bank,Banking,Domestic Equities,4115.0,3503.0,17.470739366257494,0.07148578,0.060367198999999996,18.418248956689215,0.168597742395404,1100,city-union-bank,Small Cap,Jan-2025
133583,8200.0,1,United Spirits Ltd.,Alcohol,Alcohol,Domestic Equities,502.0,427.0,17.56440281030445,0.0714848,0.069406715,2.9940690897127245,0.168595431085553,1100,united-spirits,Large Cap,Jan-2025
113818,7906.0,1,Samvardhana Motherson International Ltd.,Automobile & Ancillaries,Automobile & Ancillaries,Domestic Equities,5020.0,4273.0,17.48186285981746,0.07091251999999999,0.06671007600000001,6.299564101830728,0.167245720471525,1100,samvardhana-motherson-international,Large Cap,Jan-2025
171698,8307.0,1,Oracle Financial Services Software Ltd.,IT,Information Technology,Domestic Equities,77.0,65.0,18.461538461538463,0.070239785,0.083131425,-15.507541221625873,0.165659088805334,1100,oracle-financial-services-software,Mid Cap,Jan-2025
96732,87407.0,1,Amber Enterprises India Ltd.,Consumer Durables,Consumer Durables,Domestic Equities,108.0,92.0,17.391304347826086,0.07021944000000001,0.06796546,3.3163609868895203,0.165611105541123,1100,amber-enterprises-india,Small Cap,Jan-2025
75891,5355.0,1,Container Corporation Of India Ltd.,Logistics,Logistics,Domestic Equities,900.0,766.0,17.4934725848564,0.07020900000000001,0.0603608,16.31555579117573,0.165586483015768,1100,container-corporation-of-india,Mid Cap,Jan-2025
114433,5462.0,1,Cyient Ltd.,IT,Information Technology,Domestic Equities,482.0,410.0,17.560975609756095,0.07010449,0.07533134999999999,-6.938492407211597,0.165339998329474,1100,cyient,Small Cap,Jan-2025
152599,8349.0,1,Redington Ltd.,Trading,Trading,Domestic Equities,3393.0,2888.0,17.486149584487535,0.069973839,0.057780215999999995,21.103456934117386,0.165031860632135,1100,redington,Small Cap,Jan-2025
171470,5477.0,1,Piramal Enterprises Ltd.,Finance,Finance,Domestic Equities,681.0,580.0,17.413793103448274,0.06967311,0.0640726,8.740881437619196,0.164322597468568,1100,piramal-enterprises,Small Cap,Jan-2025
133630,5815.0,1,Jindal Stainless Ltd.,Iron & Steel,Iron & Steel,Domestic Equities,1066.0,907.0,17.5303197353914,0.06964178,0.06341744,9.814871114318082,0.164248706307708,1100,jindal-stainless,Mid Cap,Jan-2025
153691,5278.0,1,Oberoi Realty Ltd.,Realty,Realty,Domestic Equities,384.0,327.0,17.431192660550458,0.06960576,0.07558605,-7.911896441208402,0.164163753878272,1100,oberoi-realty,Mid Cap,Jan-2025
19182,5589.0,1,Coromandel International Ltd.,Chemicals,Chemicals,Domestic Equities,384.0,327.0,17.431192660550458,0.06948672,0.061474365,13.033652319954825,0.163883000485713,1100,coromandel-international,Mid Cap,Jan-2025
38708,8062.0,1,Adani Power Ltd.,Power,Power,Domestic Equities,1338.0,1139.0,17.471466198419666,0.06866615999999999,0.060304355000000004,13.866005199790285,0.161947726596277,1100,adani-power,Large Cap,Jan-2025
171520,5812.0,1,Kalpataru Projects International Ltd.,Infrastructure,Infrastructure,Domestic Equities,648.0,552.0,17.391304347826086,0.06860052,0.07160543999999999,-4.19649680247758,0.161792916005823,1100,kalpataru-projects-international,Small Cap,Jan-2025
152238,8313.0,1,MRF Ltd.,Automobile & Ancillaries,Automobile & Ancillaries,Domestic Equities,6.0,5.0,20.0,0.0681795,0.065317425,4.38179398529565,0.160799948991918,1100,mrf,Mid Cap,Jan-2025
58272,82478.0,1,PNB Housing Finance Ltd.,Finance,Finance,Domestic Equities,773.0,658.0,17.477203647416413,0.06788485999999999,0.057752660000000004,17.54412697181393,0.160105046609662,1100,pnb-housing-finance,Small Cap,Jan-2025
114405,5008.0,1,Bank Of Baroda,Bank,Banking,Domestic Equities,3172.0,2700.0,17.48148148148148,0.067687308,0.06494849999999999,4.216891845077263,0.159639124279295,1100,bank-of-baroda,Large Cap,Jan-2025
171639,5614.0,1,Havells India Ltd.,Capital Goods,Capital Goods,Domestic Equities,430.0,366.0,17.48633879781421,0.06734659999999999,0.06130866,9.848429243111816,0.15883557146619,1100,havells-india,Large Cap,Jan-2025
133403,4970.0,1,Himadri Speciality Chemical Ltd.,Chemicals,Chemicals,Domestic Equities,1357.0,1155.0,17.48917748917749,0.06699509,0.06753285,-0.7962939517582932,0.158006542358171,1100,himadri-speciality-chemical,Small Cap,Jan-2025
171802,6070.0,1,Elgi Equipments Ltd.,Capital Goods,Capital Goods,Domestic Equities,1232.0,1049.0,17.44518589132507,0.06663888,0.060821019999999996,9.565541649909854,0.157166428396784,1100,elgi-equipments,Small Cap,Jan-2025
171752,6261.0,1,The Ramco Cements Ltd.,Construction Materials,Construction Materials,Domestic Equities,724.0,616.0,17.532467532467532,0.066427,0.05948404,11.671971170754366,0.156666713772998,1100,the-ramco-cements,Small Cap,Jan-2025
171336,8097.0,1,JK Cement Ltd.,Construction Materials,Construction Materials,Domestic Equities,136.0,116.0,17.24137931034483,0.06575396,0.053306639999999995,23.350411881146517,0.155079362770578,1100,jk-cement,Mid Cap,Jan-2025
152296,7356.0,1,Patanjali Foods Ltd.,FMCG,Fast Moving Consumer Goods,Domestic Equities,358.0,305.0,17.37704918032787,0.06532067999999999,0.054349475,20.18640474448005,0.154057480798735,1100,patanjali-foods,Mid Cap,Jan-2025
171359,5112.0,1,Aditya Birla Real Estate Ltd.,Diversified,Paper,Domestic Equities,298.0,254.0,17.322834645669293,0.06416983,0.06371971,0.7064062281513809,0.151343224735001,1100,aditya-birla-real-estate,Small Cap,Jan-2025
152608,7159.0,1,Indian Bank,Bank,Banking,Domestic Equities,1154.0,982.0,17.515274949083505,0.06413355,0.05204109,23.236369568738862,0.151257659100912,1100,indian-bank,Mid Cap,Jan-2025
352,7184.0,1,Ipca Laboratories Ltd.,Healthcare,Healthcare,Domestic Equities,443.0,377.0,17.50663129973475,0.06393818999999999,0.06390904,0.04561170062951624,0.150796906557477,1100,ipca-laboratories,Mid Cap,Jan-2025
77309,15532.0,1,Inox Wind Ltd.,Capital Goods,Capital Goods,Domestic Equities,3791.0,3227.0,17.47753331267431,0.063912469,0.058415154,9.410768650888091,0.150736244107797,1100,inox-wind,Small Cap,Jan-2025
171444,98250.0,1,Kalyan Jewellers India Ltd.,Diamond  &  Jewellery,Diamond & Jewellery,Domestic Equities,1253.0,1066.0,17.5422138836773,0.06303842999999999,0.08168225,-22.824812000159152,0.148674841096379,1100,kalyan-jewellers-india,Mid Cap,Jan-2025
171509,5522.0,1,Tata Communications Ltd.,Telecom,Telecom,Domestic Equities,383.0,326.0,17.484662576687114,0.0625439,0.05553084,12.629126445773192,0.147508502258826,1100,tata-communications,Mid Cap,Jan-2025
152513,6479.0,1,KEC International Ltd.,Infrastructure,Infrastructure,Domestic Equities,740.0,630.0,17.46031746031746,0.0622192,0.07552439999999999,-17.61708798745836,0.146742703984598,1100,kec-international,Small Cap,Jan-2025
20865,87606.0,1,Aster DM Healthcare Ltd.,Healthcare,Healthcare,Domestic Equities,1251.0,1065.0,17.464788732394364,0.061492905,0.054735675,12.34520264891226,0.145029752159591,1100,aster-dm-healthcare,Small Cap,Jan-2025
75798,7006.0,1,Manappuram Finance Ltd.,Finance,Finance,Domestic Equities,3132.0,2666.0,17.479369842460617,0.061396596,0.050240770000000004,22.204727355890437,0.144802609363186,1100,manappuram-finance,Small Cap,Jan-2025
152308,5173.0,1,Shree Cement Ltd.,Construction Materials,Construction Materials,Domestic Equities,22.0,19.0,15.789473684210526,0.061150979999999994,0.04881898,25.260667060229448,0.144223329077007,1100,shree-cement,Mid Cap,Jan-2025
171576,15890.0,1,Dr. Lal Pathlabs Ltd.,Healthcare,Healthcare,Domestic Equities,213.0,181.0,17.67955801104972,0.060769965,0.05430724,11.900300954347898,0.143324713033106,1100,dr-lal-pathlabs,Small Cap,Jan-2025
171434,4916.0,1,Astral Ltd.,Plastic Products,Plastic Products,Domestic Equities,403.0,343.0,17.49271137026239,0.060744189999999997,0.056672175,7.185210378814652,0.143263923225535,1100,astral,Mid Cap,Jan-2025
171771,7580.0,1,Firstsource Solutions Ltd.,IT,Information Technology,Domestic Equities,1802.0,1534.0,17.470664928292045,0.06039403,0.0576784,4.708226996587985,0.142438078064761,1100,firstsource-solutions,Small Cap,Jan-2025
453,8676.0,1,Natco Pharma Ltd.,Healthcare,Healthcare,Domestic Equities,510.0,434.0,17.51152073732719,0.05986635,0.06020882,-0.5688037068323308,0.141193555633765,1100,natco-pharma,Small Cap,Jan-2025
133599,5561.0,1,Punjab National Bank,Bank,Banking,Domestic Equities,5863.0,4991.0,17.47144860749349,0.05933356,0.051297498,15.665602248281191,0.13993698137283,1100,punjab-national-bank,Large Cap,Jan-2025
152719,5290.0,1,NBCC (India) Ltd.,Realty,Realty,Domestic Equities,5908.0,5029.0,17.47862398091072,0.058979564,0.04674455499999999,26.174190769384808,0.139102089084923,1100,nbcc-india,Small Cap,Jan-2025
152241,8254.0,1,NCC Ltd.,Infrastructure,Infrastructure,Domestic Equities,2330.0,1983.0,17.498739283913263,0.0587859,0.05431437,8.23268317390039,0.13864533652262,1100,ncc,Small Cap,Jan-2025
133437,6005.0,1,Sonata Software Ltd.,IT,Information Technology,Domestic Equities,1111.0,945.0,17.566137566137566,0.058771899999999995,0.056643299999999994,3.7579025233346233,0.138612317810457,1100,sonata-software,Small Cap,Jan-2025
152207,5372.0,1,LIC Housing Finance Ltd.,Finance,Finance,Domestic Equities,982.0,836.0,17.464114832535884,0.05873342,0.04999698,17.473935425699704,0.138521563521599,1100,lic-housing-finance,Mid Cap,Jan-2025
152334,5218.0,1,Ambuja Cements Ltd.,Construction Materials,Construction Materials,Domestic Equities,1142.0,972.0,17.48971193415638,0.05856176,0.05207976,12.446293915332927,0.138116706940897,1100,ambuja-cements,Large Cap,Jan-2025
134667,88599.0,1,Macrotech Developers Ltd.,Realty,Realty,Domestic Equities,474.0,403.0,17.617866004962778,0.05709329999999999,0.05599282,1.9653948488395463,0.134653374222167,1100,macrotech-developers,Large Cap,Jan-2025
171687,7000.0,1,Zensar Technologies Ltd.,IT,Information Technology,Domestic Equities,653.0,556.0,17.446043165467625,0.056811,0.041791739999999994,35.93834571137742,0.133987575476204,1100,zensar-technologies,Small Cap,Jan-2025
152503,5921.0,1,Gujarat State Petronet Ltd.,Gas Transmission,Gas Transmission,Domestic Equities,1643.0,1398.0,17.525035765379112,0.05679851,0.05059362,12.26417481097419,0.133958118067996,1100,gujarat-state-petronet,Small Cap,Jan-2025
133287,5307.0,1,Atul Ltd.,Chemicals,Chemicals,Domestic Equities,90.0,77.0,16.883116883116884,0.056571300000000005,0.053591615,5.55998359071658,0.133422247954392,1100,atul,Small Cap,Jan-2025
787,70906.0,1,RBL Bank Ltd.,Bank,Banking,Domestic Equities,3397.0,2892.0,17.461964038727523,0.055972369,0.045693599999999994,22.494986168741374,0.132009681504804,1100,rbl-bank,Small Cap,Jan-2025
139601,89162.0,1,Aavas Financiers Ltd.,Finance,Finance,Domestic Equities,326.0,278.0,17.26618705035971,0.055837279999999996,0.04669149,19.587702170138492,0.131691076875709,1100,aavas-financiers,Small Cap,Jan-2025
19065,5958.0,1,Zee Entertainment Enterprises Ltd.,Media & Entertainment,Media & Entertainment,Domestic Equities,5274.0,4489.0,17.487190911116063,0.055688166,0.054447080999999994,2.2794334924952206,0.131339394572466,1100,zee-entertainment-enterprises,Small Cap,Jan-2025
171886,6139.0,1,Exide Industries Ltd.,Automobile & Ancillaries,Automobile & Ancillaries,Domestic Equities,1487.0,1265.0,17.549407114624508,0.05568815,0.052693575,5.68299835416367,0.131339356836795,1100,exide-industries,Mid Cap,Jan-2025
152380,4958.0,1,The Great Eastern Shipping Company Ltd.,Logistics,Logistics,Domestic Equities,565.0,481.0,17.463617463617464,0.055596,0.046272200000000006,20.149895617671067,0.131122022956382,1100,the-great-eastern-shipping-company,Small Cap,Jan-2025
114411,5677.0,1,Welspun Corp Ltd.,Iron & Steel,Iron & Steel,Domestic Equities,745.0,634.0,17.50788643533123,0.055278999999999995,0.05159492,7.140392891393176,0.130374384973844,1100,welspun-corp,Small Cap,Jan-2025
171840,6541.0,1,UNO Minda Ltd.,Automobile & Ancillaries,Automobile & Ancillaries,Domestic Equities,584.0,497.0,17.50503018108652,0.05522304,0.052344039999999994,5.500148632012365,0.130242404464372,1100,uno-minda,Mid Cap,Jan-2025
152519,8782.0,1,Mahindra & Mahindra Financial Services Ltd.,Finance,Finance,Domestic Equities,1933.0,1645.0,17.507598784194528,0.055080834999999995,0.043584275000000006,26.377770422933484,0.129907016895581,1100,mahindra-mahindra-financial-services,Mid Cap,Jan-2025
20668,5513.0,1,Sammaan Capital Ltd.,Finance,Finance,Domestic Equities,3913.0,3331.0,17.472230561392976,0.05505591,0.05032141700000001,9.408504931409215,0.129848231795534,1100,sammaan-capital,Small Cap,Jan-2025
154545,89466.0,1,Affle 3i Ltd.,IT,Information Technology,Domestic Equities,360.0,306.0,17.647058823529413,0.05428619999999999,0.054567449999999997,-0.5154171580310273,0.128032886585631,1100,affle-3i,Small Cap,Jan-2025
96304,15914.0,1,Narayana Hrudayalaya Ltd.,Healthcare,Healthcare,Domestic Equities,387.0,329.0,17.62917933130699,0.053682705000000004,0.04187512,28.19713710671159,0.126609556035878,1100,narayana-hrudayalaya,Small Cap,Jan-2025
171485,6291.0,1,Motilal Oswal Financial Services Ltd.,Finance,Finance,Domestic Equities,841.0,716.0,17.45810055865922,0.053584315,0.06829208,-21.536560315632507,0.126377505243759,1100,motilal-oswal-financial-services,Mid Cap,Jan-2025
133614,6833.0,1,Canara Bank,Bank,Banking,Domestic Equities,5733.0,4880.0,17.479508196721312,0.053471691,0.04885856,9.44180712653013,0.126111883855288,1100,canara-bank,Mid Cap,Jan-2025
46521,101004.0,1,Delhivery Ltd.,Logistics,Logistics,Domestic Equities,1665.0,1417.0,17.50176429075512,0.053454825000000004,0.049049455,8.981486134759294,0.126072105741049,1100,delhivery,Small Cap,Jan-2025
133643,6434.0,1,Biocon Ltd.,Healthcare,Healthcare,Domestic Equities,1470.0,1252.0,17.412140575079874,0.05329485,0.04574182,16.512307555755314,0.125694807992606,1100,biocon,Mid Cap,Jan-2025
171799,4956.0,1,Dabur India Ltd.,FMCG,Fast Moving Consumer Goods,Domestic Equities,1005.0,855.0,17.543859649122805,0.053249925,0.043348500000000005,22.84144780096195,0.125588853303756,1100,dabur-india,Large Cap,Jan-2025
171333,7587.0,1,United Breweries Ltd.,Alcohol,Alcohol,Domestic Equities,245.0,209.0,17.22488038277512,0.052577,0.042573299999999994,23.497591213272177,0.124001773526471,1100,united-breweries,Mid Cap,Jan-2025
133272,5382.0,1,ABB India Ltd.,Capital Goods,Capital Goods,Domestic Equities,89.0,75.0,18.666666666666668,0.052284385,0.051841875,0.8535763800981357,0.123311647065082,1100,abb-india,Large Cap,Jan-2025
171371,111171.0,1,Jyoti CNC Automation Ltd.,Capital Goods,Capital Goods,Domestic Equities,486.0,414.0,17.391304347826086,0.05228388,0.05591484,-6.493732254263815,0.123310456032965,1100,jyoti-cnc-automation,Small Cap,Jan-2025
19183,6082.0,1,Deepak Nitrite Ltd.,Chemicals,Chemicals,Domestic Equities,224.0,191.0,17.277486910994764,0.05209344,0.047641130000000004,9.345517203307304,0.122861307208377,1100,deepak-nitrite,Mid Cap,Jan-2025
152331,7581.0,1,Torrent Pharmaceuticals Ltd.,Healthcare,Healthcare,Domestic Equities,159.0,136.0,16.911764705882355,0.05197869,0.04569668,13.747191262034786,0.122590671692616,1100,torrent-pharmaceuticals,Large Cap,Jan-2025
84351,88646.0,1,Adani Green Energy Ltd.,Power,Power,Domestic Equities,521.0,443.0,17.607223476297968,0.051972355,0.04610301,12.73093665684735,0.122575730725362,1100,adani-green-energy,Large Cap,Jan-2025
171810,7890.0,1,Aarti Industries Ltd.,Chemicals,Chemicals,Domestic Equities,1163.0,990.0,17.474747474747474,0.05171861,0.04059495,27.401585665212046,0.121977278359813,1100,aarti-industries,Small Cap,Jan-2025
133327,6870.0,1,CESC Ltd.,Power,Power,Domestic Equities,3599.0,3063.0,17.499183806725433,0.051458501999999996,0.056950359,-9.643235084786731,0.121363818989586,1100,cesc,Small Cap,Jan-2025
133402,7102.0,1,HFCL Ltd.,Telecom,Telecom,Domestic Equities,5234.0,4455.0,17.485970819304153,0.051308901999999997,0.050176664999999995,2.256501104646947,0.121010990465335,1100,hfcl,Small Cap,Jan-2025
171942,7813.0,1,Jindal Steel & Power Ltd.,Iron & Steel,Iron & Steel,Domestic Equities,646.0,550.0,17.454545454545457,0.05113413000000001,0.0511885,-0.10621526319387542,0.120598794296615,1100,jindal-steel-power,Mid Cap,Jan-2025
133351,5368.0,1,Steel Authority Of India Ltd.,Iron & Steel,Iron & Steel,Domestic Equities,4723.0,4020.0,17.487562189054724,0.050739189,0.04547826,11.568008538585252,0.11966733406803,1100,steel-authority-of-india,Mid Cap,Jan-2025
95205,5743.0,1,Poly Medicure Ltd.,Healthcare,Healthcare,Domestic Equities,217.0,184.0,17.934782608695652,0.050560999999999995,0.0481206,5.071424712077572,0.119247078975064,1100,poly-medicure,Small Cap,Jan-2025
152397,5267.0,1,Tata Chemicals Ltd.,Chemicals,Chemicals,Domestic Equities,511.0,435.0,17.47126436781609,0.050389710000000004,0.0457707,10.09163067202381,0.118843095031755,1100,tata-chemicals,Small Cap,Jan-2025
171697,5757.0,1,Aegis Logistics Ltd.,Logistics,Logistics,Domestic Equities,717.0,610.0,17.54098360655738,0.050222265,0.050019999999999995,0.4043682526989323,0.118448179441893,1100,aegis-logistics,Small Cap,Jan-2025
134830,88309.0,1,Mazagon Dock Shipbuilders Ltd.,Ship Building,Ship Building,Domestic Equities,200.0,170.0,17.647058823529413,0.04997,0.0378726,31.942354102966263,0.117853217625916,1100,mazagon-dock-shipbuilders,Mid Cap,Jan-2025
133561,8133.0,1,Birlasoft Ltd.,IT,Information Technology,Domestic Equities,934.0,795.0,17.48427672955975,0.04993164,0.044547825000000006,12.085472186352527,0.11776274635459,1100,birlasoft,Small Cap,Jan-2025
75659,6055.0,1,Lloyds Metals & Energy Ltd.,Iron & Steel,Iron & Steel,Domestic Equities,396.0,337.0,17.50741839762611,0.049068360000000005,0.041513345,18.199003236188275,0.11572671822347,1100,lloyds-metals-energy,Mid Cap,Jan-2025
152407,5597.0,1,Castrol India Ltd.,Automobile & Ancillaries,Automobile & Ancillaries,Domestic Equities,2761.0,2350.0,17.48936170212766,0.048974618000000004,0.0463937,5.563078607655777,0.115505629643788,1100,castrol-india,Small Cap,Jan-2025
47051,90577.0,1,Dalmia Bharat Ltd.,Construction Materials,Construction Materials,Domestic Equities,261.0,222.0,17.56756756756757,0.048711735000000006,0.03923295,24.160265796989528,0.114885625493115,1100,dalmia-bharat,Mid Cap,Jan-2025
152325,5528.0,1,Thermax Ltd.,Capital Goods,Capital Goods,Domestic Equities,126.0,107.0,17.75700934579439,0.04868136,0.043225325,12.622311110442766,0.114813986680119,1100,thermax,Mid Cap,Jan-2025
44430,82482.0,1,L&T Technology Services Ltd.,IT,Information Technology,Domestic Equities,89.0,76.0,17.105263157894736,0.048499215,0.03600424,34.704176508100154,0.114384401442487,1100,lt-technology-services,Mid Cap,Jan-2025
173672,92657.0,1,Gujarat Fluorochemicals Ltd.,Chemicals,Chemicals,Domestic Equities,133.0,113.0,17.699115044247787,0.047581414999999995,0.04707128,1.0837500063733092,0.112219789012288,1100,gujarat-fluorochemicals,Mid Cap,Jan-2025
171565,6678.0,1,Apollo Tyres Ltd.,Automobile & Ancillaries,Automobile & Ancillaries,Domestic Equities,1087.0,925.0,17.513513513513512,0.04753451,0.048969500000000006,-2.930375029355012,0.112109164534146,1100,apollo-tyres,Small Cap,Jan-2025
171535,5421.0,1,E.I.D. - Parry (India) Ltd.,Agri,Agriculture,Domestic Equities,578.0,492.0,17.479674796747968,0.047390220000000004,0.04396758,7.7844630066062335,0.111768859535722,1100,eid-parry-india,Small Cap,Jan-2025
171884,5613.0,1,Bata India Ltd.,FMCG,Retailing,Domestic Equities,364.0,310.0,17.419354838709676,0.04720352,0.042621900000000004,10.749450399911776,0.11132853142424,1100,bata-india,Small Cap,Jan-2025
152190,5796.0,1,Kajaria Ceramics Ltd.,Construction Materials,Construction Materials,Domestic Equities,475.0,404.0,17.574257425742573,0.0470915,0.04682158,0.5764863125080338,0.111064334557351,1100,kajaria-ceramics,Small Cap,Jan-2025
152444,7037.0,1,IIFL Finance Ltd.,Finance,Finance,Domestic Equities,1321.0,1124.0,17.526690391459073,0.047087044999999994,0.046477399999999995,1.3117020315249965,0.111053827531445,1100,iifl-finance,Small Cap,Jan-2025
695,7346.0,1,Titagarh Rail Systems Ltd.,Automobile & Ancillaries,Automobile & Ancillaries,Domestic Equities,457.0,389.0,17.480719794344473,0.046566014999999995,0.04297672,8.35171925637879,0.109824988988726,1100,titagarh-rail-systems,Small Cap,Jan-2025
152486,5772.0,1,AIA Engineering Ltd.,Automobile & Ancillaries,Automobile & Ancillaries,Domestic Equities,126.0,107.0,17.75700934579439,0.04637556,0.036408355,27.376147590298984,0.109375804786946,1100,aia-engineering,Mid Cap,Jan-2025
133635,5732.0,1,Indraprastha Gas Ltd.,Gas Transmission,Gas Transmission,Domestic Equities,2290.0,975.0,134.8717948717949,0.0462122,0.040525874999999996,14.0313441720876,0.108990523585598,1100,indraprastha-gas,Mid Cap,Jan-2025
114697,5402.0,1,JSW Energy Ltd.,Power,Power,Domestic Equities,908.0,773.0,17.46442432082794,0.04618088,0.049676845,-7.037413507238627,0.108916656009532,1100,jsw-energy,Large Cap,Jan-2025
94723,5905.0,1,Anant Raj Ltd.,Realty,Realty,Domestic Equities,771.0,656.0,17.53048780487805,0.04612893,0.05611096,-17.789804344819625,0.108794133002614,1100,anant-raj,Small Cap,Jan-2025
139932,15713.0,1,Adani Energy Solutions Ltd.,Power,Power,Domestic Equities,615.0,523.0,17.590822179732314,0.046023525,0.04216426,9.152929518981242,0.108545537477222,1100,adani-energy-solutions,Large Cap,Jan-2025
133613,5313.0,1,Granules India Ltd.,Healthcare,Healthcare,Domestic Equities,826.0,703.0,17.496443812233288,0.04595451,0.04163869,10.36492742687149,0.108382767018658,1100,granules-india,Small Cap,Jan-2025
133647,6517.0,1,Ramkrishna Forgings Ltd.,Automobile & Ancillaries,Automobile & Ancillaries,Domestic Equities,586.0,499.0,17.43486973947896,0.04593654,0.044603115000000006,2.9895333543408227,0.108340385143118,1100,ramkrishna-forgings,Small Cap,Jan-2025
58145,71025.0,1,Indian Railway Finance Corporation Ltd.,Finance,Finance,Domestic Equities,3038.0,2586.0,17.478731631863884,0.045855572000000004,0.038541743999999996,18.976380518743536,0.108149423779805,1100,indian-railway-finance-corporation,Large Cap,Jan-2025
133342,5963.0,1,Bharat Heavy Electricals Ltd.,Capital Goods,Capital Goods,Domestic Equities,2185.0,1860.0,17.473118279569892,0.045467665000000004,0.0426684,6.56051082299782,0.107234553095602,1100,bharat-heavy-electricals,Mid Cap,Jan-2025
152405,5856.0,1,EIH Ltd.,Hospitality,Hospitality,Domestic Equities,1219.0,1038.0,17.4373795761079,0.04516395,0.04358043,3.633557539473562,0.106518247512427,1100,eih,Small Cap,Jan-2025
19098,6973.0,1,Schaeffler India Ltd.,Automobile & Ancillaries,Automobile & Ancillaries,Domestic Equities,131.0,112.0,16.964285714285715,0.04487798,0.03814496,17.651139233072982,0.105843793146918,1100,schaeffler-india,Mid Cap,Jan-2025
133850,17036.0,1,Mahanagar Gas Ltd.,Gas Transmission,Gas Transmission,Domestic Equities,325.0,276.0,17.753623188405797,0.044845125,0.03544944,26.504466643196622,0.105766305304911,1100,mahanagar-gas,Small Cap,Jan-2025
171807,7041.0,1,Hindustan Copper Ltd.,Non - Ferrous Metals,Non - Ferrous Metals,Domestic Equities,1872.0,1594.0,17.44040150564617,0.044737056,0.03952323,13.191801378581658,0.10551142679029,1100,hindustan-copper,Small Cap,Jan-2025
114414,5238.0,1,Bank Of India,Bank,Banking,Domestic Equities,3970.0,3379.0,17.490381769754364,0.04467044,0.03443201,29.735208603854357,0.105354314323903,1100,bank-of-india,Mid Cap,Jan-2025
152324,4941.0,1,ACC Ltd.,Construction Materials,Construction Materials,Domestic Equities,222.0,189.0,17.46031746031746,0.044569830000000005,0.03879225,14.893644993523198,0.105117027707426,1100,acc,Mid Cap,Jan-2025
152367,6359.0,1,Abbott India Ltd.,Healthcare,Healthcare,Domestic Equities,17.0,14.0,21.428571428571427,0.044494610000000004,0.0416374,6.862123955866614,0.104939622883935,1100,abbott-india,Mid Cap,Jan-2025
114654,92672.0,1,Indian Renewable Energy Development Agency Ltd.,Finance,Finance,Domestic Equities,2201.0,1873.0,17.512012813667912,0.044484411,0.040316325,10.338457188248196,0.104915568752125,1100,indian-renewable-energy-development-agency,Mid Cap,Jan-2025
152438,6334.0,1,Jaiprakash Power Ventures Ltd.,Power,Power,Domestic Equities,27216.0,23167.0,17.477446367678162,0.044443728,0.041005589999999995,8.384559275942632,0.10481961873306,1100,jaiprakash-power-ventures,Small Cap,Jan-2025
133191,5194.0,1,Praj Industries Ltd.,Capital Goods,Capital Goods,Domestic Equities,703.0,598.0,17.558528428093645,0.04440148,0.04910477,-9.578071539689534,0.104719977693671,1100,praj-industries,Small Cap,Jan-2025
152491,5679.0,1,PVR Inox Ltd.,Media & Entertainment,Media & Entertainment,Domestic Equities,407.0,346.0,17.63005780346821,0.04438335,0.04514954,-1.6970051079147201,0.104677218461421,1100,pvr-inox,Small Cap,Jan-2025
19805,15724.0,1,Syngene International Ltd.,Business Services,Healthcare,Domestic Equities,590.0,502.0,17.52988047808765,0.044052350000000004,0.043094190000000004,2.223408770416618,0.10389656176672,1100,syngene-international,Mid Cap,Jan-2025
171433,6783.0,1,Berger Paints India Ltd.,Chemicals,Chemicals,Domestic Equities,930.0,792.0,17.424242424242426,0.043965750000000005,0.03552516,23.75947075255961,0.1036923174472,1100,berger-paints-india,Mid Cap,Jan-2025
133328,5242.0,1,Chambal Fertilisers and Chemicals Ltd.,Chemicals,Chemicals,Domestic Equities,871.0,741.0,17.543859649122805,0.04390711,0.036601695,19.959225932023088,0.103554016212828,1100,chambal-fertilisers-and-chemicals,Small Cap,Jan-2025
131,7518.0,1,Swan Energy Ltd.,Textile,Textile,Domestic Equities,796.0,677.0,17.57754800590842,0.04388746,0.048689840000000005,-9.863207601421568,0.103507672091829,1100,swan-energy,Small Cap,Jan-2025
133407,5997.0,1,Hindustan Zinc Ltd.,Non - Ferrous Metals,Non - Ferrous Metals,Domestic Equities,974.0,829.0,17.490952955367913,0.04384461,0.036807599999999996,19.11836142535781,0.103406611247817,1100,hindustan-zinc,Large Cap,Jan-2025
177212,94646.0,1,Hitachi Energy India Ltd.,Capital Goods,Capital Goods,Domestic Equities,34.0,29.0,17.24137931034483,0.043736069999999995,0.04179538,4.643312251258388,0.103150621889379,1100,hitachi-energy-india,Mid Cap,Jan-2025
152383,6925.0,1,Deepak Fertilisers And Petrochemicals Corporation Ltd.,Chemicals,Chemicals,Domestic Equities,384.0,327.0,17.431192660550458,0.043616640000000005,0.039123915,11.483321646108275,0.102868948689838,1100,deepak-fertilisers-and-petrochemicals-corporation,Small Cap,Jan-2025
171410,5631.0,1,Procter & Gamble Hygiene and Health Care Ltd.,FMCG,Fast Moving Consumer Goods,Domestic Equities,30.0,26.0,15.384615384615385,0.0435018,0.038256399999999996,13.711169895756004,0.102598100910928,1100,procter-gamble-hygiene-and-health-care,Mid Cap,Jan-2025
153586,8183.0,1,NHPC Ltd.,Power,Power,Domestic Equities,5381.0,4581.0,17.46343593101943,0.043343955,0.036964089000000006,17.259632720828048,0.102225826723692,1100,nhpc,Mid Cap,Jan-2025
133374,5879.0,1,Finolex Cables Ltd.,Electricals,Electricals,Domestic Equities,432.0,367.0,17.71117166212534,0.0432648,0.0433794,-0.2641806940621489,0.102039141283605,1100,finolex-cables,Small Cap,Jan-2025
171646,5397.0,1,Carborundum Universal Ltd.,Abrasives,Abrasives,Domestic Equities,364.0,310.0,17.419354838709676,0.043195880000000006,0.03966915,8.890359385063713,0.101876594880587,1100,carborundum-universal,Small Cap,Jan-2025
171403,76579.0,1,Equitas Small Finance Bank Ltd.,Bank,Banking,Domestic Equities,6494.0,5528.0,17.47467438494935,0.0431851,0.035390256,22.0253959168874,0.101851170472222,1100,equitas-small-finance-bank,Small Cap,Jan-2025
154120,5531.0,1,Triveni Turbine Ltd.,Capital Goods,Capital Goods,Domestic Equities,642.0,547.0,17.36745886654479,0.04303647,0.040551845,6.127033184310099,0.101500629673028,1100,triveni-turbine,Small Cap,Jan-2025
133333,4917.0,1,CRISIL Ltd.,Ratings,Ratings,Domestic Equities,79.0,67.0,17.91044776119403,0.04292307,0.044575769999999994,-3.7076196328184476,0.101233178104511,1100,crisil,Mid Cap,Jan-2025
134937,5507.0,1,Kirloskar Oil Engines Ltd.,Capital Goods,Capital Goods,Domestic Equities,474.0,403.0,17.617866004962778,0.04282353,0.041394145,3.453109129322508,0.100998415061035,1100,kirloskar-oil-engines,Small Cap,Jan-2025
152079,6815.0,1,Linde India Ltd.,Inds. Gases & Fuels,Industrials Gases & Fuels,Domestic Equities,68.0,58.0,17.24137931034483,0.04262138,0.03477709,22.555912527471396,0.100521648442202,1100,linde-india,Mid Cap,Jan-2025
94718,6682.0,1,Asahi India Glass Ltd.,Construction Materials,Construction Materials,Domestic Equities,628.0,534.0,17.60299625468165,0.042477919999999995,0.040728179999999996,4.296140902932558,0.100183300981714,1100,asahi-india-glass,Small Cap,Jan-2025
133044,7653.0,1,Ratnamani Metals & Tubes Ltd.,Iron & Steel,Iron & Steel,Domestic Equities,148.0,126.0,17.46031746031746,0.04230728,0.040045950000000004,5.646838194623924,0.0997808500500411,1100,ratnamani-metals-tubes,Small Cap,Jan-2025
134823,84770.0,1,Cochin Shipyard Ltd.,Ship Building,Ship Building,Domestic Equities,276.0,235.0,17.4468085106383,0.042291480000000006,0.036160625,16.954505072852044,0.0997435860748862,1100,cochin-shipyard,Mid Cap,Jan-2025
38130,7638.0,1,Jubilant Pharmova Ltd.,Healthcare,Healthcare,Domestic Equities,433.0,368.0,17.66304347826087,0.042172035000000004,0.04067136,3.6897585917953197,0.0994618774981536,1100,jubilant-pharmova,Small Cap,Jan-2025
114652,92620.0,1,Indian Railway Catering And Tourism Corporation Ltd.,Hospitality,Hospitality,Domestic Equities,512.0,436.0,17.431192660550458,0.042101759999999995,0.03430884,22.714029387178343,0.0992961353554948,1100,indian-railway-catering-and-tourism-corporation,Mid Cap,Jan-2025
133308,5965.0,1,BEML Ltd.,Capital Goods,Capital Goods,Domestic Equities,109.0,92.0,18.478260869565215,0.041907230000000004,0.0374325,11.954130768717024,0.0988373403499961,1100,beml,Small Cap,Jan-2025
101649,14929.0,1,Intellect Design Arena Ltd.,IT,Information Technology,Domestic Equities,515.0,438.0,17.579908675799086,0.041766500000000005,0.04187061,-0.2486469626308168,0.0985054315383792,1100,intellect-design-arena,Small Cap,Jan-2025
79346,86555.0,1,Aditya Birla Capital Ltd.,Finance,Finance,Domestic Equities,2325.0,1979.0,17.48357756442648,0.041708175,0.035190578,18.52085805467588,0.0983678732250306,1100,aditya-birla-capital,Mid Cap,Jan-2025
57541,86814.0,1,General Insurance Corporation of India,Insurance,Finance,Domestic Equities,1010.0,859.0,17.57857974388824,0.041556449999999995,0.038161075,8.897482578779544,0.0980100329319689,1100,general-insurance-corporation-of-india,Mid Cap,Jan-2025
171968,4931.0,1,Zydus Lifesciences Ltd.,Healthcare,Healthcare,Domestic Equities,425.0,362.0,17.403314917127073,0.041235625000000005,0.03517554,17.228122155338628,0.0972533737655724,1100,zydus-lifesciences,Large Cap,Jan-2025
98869,15650.0,1,PTC Industries Ltd.,Automobile & Ancillaries,Automobile & Ancillaries,Domestic Equities,29.0,25.0,16.0,0.041190005,0.0336465,22.419880225283464,0.0971457799335113,1100,ptc-industries,Small Cap,Jan-2025
152106,69868.0,1,Ircon International Ltd.,Infrastructure,Infrastructure,Domestic Equities,1860.0,1583.0,17.49842072015161,0.041185980000000004,0.034036083,21.006815032152794,0.0971362870537646,1100,ircon-international,Small Cap,Jan-2025
83342,79963.0,1,Bandhan Bank Ltd.,Bank,Banking,Domestic Equities,2717.0,2313.0,17.46649373108517,0.041129946,0.036790578,11.794780718041467,0.0970041320168134,1100,bandhan-bank,Small Cap,Jan-2025
57620,82559.0,1,ICICI Prudential Life Insurance Company Ltd.,Insurance,Finance,Domestic Equities,664.0,565.0,17.52212389380531,0.0409024,0.036999025,10.549940167342243,0.0964674694541176,1100,icici-prudential-life-insurance-company,Large Cap,Jan-2025
114727,84195.0,1,Tejas Networks Ltd.,Telecom,Telecom,Domestic Equities,445.0,378.0,17.724867724867725,0.040768675,0.04481946,-9.038004920184227,0.0961520817909792,1100,tejas-networks,Small Cap,Jan-2025
57415,105415.0,1,Concord Biotech Ltd.,Healthcare,Healthcare,Domestic Equities,188.0,160.0,17.5,0.040507419999999995,0.035372,14.518319574804922,0.0955359172448343,1100,concord-biotech,Small Cap,Jan-2025
152194,7698.0,1,Whirlpool Of India Ltd.,Consumer Durables,Consumer Durables,Domestic Equities,355.0,302.0,17.549668874172188,0.040462899999999996,0.05557253,-27.18902666479284,0.0954309177401574,1100,whirlpool-of-india,Small Cap,Jan-2025
140194,102059.0,1,Rainbow Children's Medicare Ltd.,Healthcare,Healthcare,Domestic Equities,284.0,242.0,17.355371900826448,0.0404345,0.03628911,11.423234132774267,0.0953639369240563,1100,rainbow-children's-medicare,Small Cap,Jan-2025
152374,6232.0,1,Bosch Ltd.,Automobile & Ancillaries,Automobile & Ancillaries,Domestic Equities,14.0,12.0,16.666666666666664,0.04022081,0.040920240000000004,-1.7092519496464416,0.0948599534524837,1100,bosch,Large Cap,Jan-2025
171580,109023.0,1,Tata Technologies Ltd.,IT,Information Technology,Domestic Equities,503.0,428.0,17.523364485981308,0.039616280000000004,0.03814978,3.844058864821767,0.0934341818765102,1100,tata-technologies,Mid Cap,Jan-2025
37962,6229.0,1,Gillette India Ltd.,FMCG,Fast Moving Consumer Goods,Domestic Equities,46.0,39.0,17.94871794871795,0.03959335,0.037257285,6.270089191952651,0.0933801019429468,1100,gillette-india,Small Cap,Jan-2025
97743,96921.0,1,Gland Pharma Ltd.,Healthcare,Healthcare,Domestic Equities,259.0,221.0,17.194570135746606,0.039491025,0.039323635,0.4256727538031475,0.0931387705342301,1100,gland-pharma,Small Cap,Jan-2025
57781,87827.0,1,Bharat Dynamics Ltd.,Capital Goods,Capital Goods,Domestic Equities,301.0,256.0,17.578125,0.039280499999999996,0.02874496,36.651781738433435,0.0926422516500857,1100,bharat-dynamics,Mid Cap,Jan-2025
152370,5063.0,1,Escorts Kubota Ltd.,Automobile & Ancillaries,Automobile & Ancillaries,Domestic Equities,108.0,92.0,17.391304347826086,0.03913326,0.03065946,27.638451557855237,0.0922949891373133,1100,escorts-kubota,Mid Cap,Jan-2025
171612,88005.0,1,ICICI Securities Ltd.,Finance,Finance,Domestic Equities,472.0,402.0,17.412935323383085,0.03910992,0.03442527,13.608172136340531,0.0922399422271794,1100,icici-securities,Small Cap,Jan-2025
152391,5643.0,1,Pfizer Ltd.,Healthcare,Healthcare,Domestic Equities,86.0,73.0,17.80821917808219,0.039028520000000004,0.03855495,1.228298830630057,0.0920479620007486,1100,pfizer,Small Cap,Jan-2025
191898,99941.0,1,Sapphire Foods India Ltd.,FMCG,Fast Moving Consumer Goods,Domestic Equities,1344.0,1144.0,17.482517482517483,0.038922240000000004,0.0376948,3.256258157623862,0.091797302805846,1100,sapphire-foods-india,Small Cap,Jan-2025
95355,98927.0,1,Devyani International Ltd.,FMCG,Fast Moving Consumer Goods,Domestic Equities,2293.0,1951.0,17.529472065607383,0.038671445,0.035595995,8.639876480486082,0.0912058079546454,1100,devyani-international,Small Cap,Jan-2025
113807,6098.0,1,HBL Engineering Ltd.,Automobile & Ancillaries,Automobile & Ancillaries,Domestic Equities,643.0,547.0,17.550274223034734,0.038377455,0.034015195,12.824445075208299,0.0905124385840262,1100,hbl-engineering,Small Cap,Jan-2025
115131,88043.0,1,Lemon Tree Hotels Ltd.,Hospitality,Hospitality,Domestic Equities,2813.0,2394.0,17.50208855472013,0.03831306,0.036618624,4.627251968834224,0.0903605643004756,1100,lemon-tree-hotels,Small Cap,Jan-2025
1704,6920.0,1,L&T Finance Ltd.,Finance,Finance,Domestic Equities,2630.0,2238.0,17.515638963360143,0.03825861,0.030353994000000002,26.041436260414358,0.0902321450949577,1100,lt-finance,Mid Cap,Jan-2025
95549,7450.0,1,Aditya Birla Fashion and Retail Ltd.,Retailing,Retailing,Domestic Equities,1392.0,1113.0,25.067385444743934,0.03811992,0.031158434999999998,22.342216481668608,0.0899050475813988,1100,aditya-birla-fashion-and-retail,Mid Cap,Jan-2025
19203,7298.0,1,PCBL Chemical Ltd.,Chemicals,Chemicals,Domestic Equities,1003.0,854.0,17.447306791569087,0.038108985,0.03843,-0.8353239656518346,0.0898792576087204,1100,pcbl-chemical,Small Cap,Jan-2025
650,8558.0,1,V-Guard Industries Ltd.,Capital Goods,Capital Goods,Domestic Equities,1044.0,889.0,17.435320584926885,0.03804858,0.03756025,1.300124466690176,0.0897367936581362,1100,v-guard-industries,Small Cap,Jan-2025
95396,111416.0,1,Nuvama Wealth Management Ltd.,Finance,Finance,Domestic Equities,68.0,58.0,17.24137931034483,0.0380477,0.040161230000000006,-5.262612723763698,0.0897347181962288,1100,nuvama-wealth-management,Small Cap,Jan-2025
171948,7104.0,1,Emami Ltd.,FMCG,Fast Moving Consumer Goods,Domestic Equities,644.0,548.0,17.51824817518248,0.03797346,0.0329211,15.34687480065976,0.0895596246825897,1100,emami,Small Cap,Jan-2025
133608,7612.0,1,Union Bank Of India,Bank,Banking,Domestic Equities,3285.0,2797.0,17.447264926707188,0.037938465,0.033667489,12.6857574676864,0.0894770896945805,1100,union-bank-of-india,Mid Cap,Jan-2025
152318,6472.0,1,Sundram Fasteners Ltd.,Automobile & Ancillaries,Automobile & Ancillaries,Domestic Equities,361.0,307.0,17.58957654723127,0.03769562,0.03251744,15.924316305342614,0.0889043447549294,1100,sundram-fasteners,Small Cap,Jan-2025
115032,83788.0,1,Housing & Urban Development Corporation Ltd.,Finance,Finance,Domestic Equities,1639.0,1395.0,17.491039426523297,0.03764783,0.032742045000000004,14.98313559828043,0.0887916330224831,1100,housing-urban-development-corporation,Mid Cap,Jan-2025
46444,92584.0,1,Ujjivan Small Finance Bank Ltd.,Bank,Banking,Domestic Equities,10464.0,8907.0,17.480633209834963,0.037586688,0.030114567000000002,24.81231425309884,0.0886474308725515,1100,ujjivan-small-finance-bank,Small Cap,Jan-2025
134343,87380.0,1,Newgen Software Technologies Ltd.,IT,Information Technology,Domestic Equities,356.0,303.0,17.491749174917494,0.03731414,0.05156454,-27.636046011464472,0.0880046320180886,1100,newgen-software-technologies,Small Cap,Jan-2025
645,8087.0,1,IRB Infrastructure Developers Ltd.,Infrastructure,Infrastructure,Domestic Equities,6482.0,5518.0,17.470097861544037,0.037154824,0.031585032,17.634276894194688,0.0876288885075965,1100,irb-infrastructure-developers,Mid Cap,Jan-2025
115768,100528.0,1,Data Patterns (India) Ltd.,Capital Goods,Capital Goods,Domestic Equities,168.0,143.0,17.482517482517483,0.037084320000000004,0.035331009999999996,4.962524422596477,0.0874626062731459,1100,data-patterns-india,Small Cap,Jan-2025
614,7779.0,1,eClerx Services Ltd.,IT,Information Technology,Domestic Equities,121.0,103.0,17.475728155339805,0.037003615000000004,0.035879020000000005,3.1344083534054143,0.087272265189926,1100,eclerx-services,Small Cap,Jan-2025
133495,5019.0,1,Ajanta Pharma Ltd.,Healthcare,Healthcare,Domestic Equities,137.0,117.0,17.094017094017094,0.036913965,0.034306739999999995,7.599745705945842,0.0870608275081136,1100,ajanta-pharma,Mid Cap,Jan-2025
154192,90218.0,1,Anand Rathi Wealth Ltd.,Finance,Finance,Domestic Equities,100.0,85.0,17.647058823529413,0.036622,0.033524425,9.239755789994904,0.0863722340583608,1100,anand-rathi-wealth,Small Cap,Jan-2025
96608,84153.0,1,Eris Lifesciences Ltd.,Healthcare,Healthcare,Domestic Equities,296.0,252.0,17.46031746031746,0.03635028,0.03461724,5.006291662766886,0.0857313880248744,1100,eris-lifesciences,Small Cap,Jan-2025
19777,93855.0,1,Sumitomo Chemical India Ltd.,Chemicals,Chemicals,Domestic Equities,701.0,597.0,17.42043551088777,0.03587017,0.03180219,12.79150901242964,0.0845990584608484,1100,sumitomo-chemical-india,Small Cap,Jan-2025
171385,89248.0,1,Indiamart Intermesh Ltd.,Retailing,Information Technology,Domestic Equities,173.0,148.0,16.89189189189189,0.03574872,0.03328224,7.410799273125847,0.0843126211328383,1100,indiamart-intermesh,Small Cap,Jan-2025
9438,105416.0,1,Go Digit General Insurance Ltd.,Insurance,Finance,Domestic Equities,1172.0,997.0,17.552657973921765,0.034890439999999995,0.031709585,10.031209806120138,0.0822883853989185,1100,go-digit-general-insurance,Small Cap,Jan-2025
133386,8742.0,1,Godfrey Phillips India Ltd.,FMCG,Fast Moving Consumer Goods,Domestic Equities,77.0,66.0,16.666666666666664,0.03478398,0.034502820000000003,0.814889913346208,0.0820373016777167,1100,godfrey-phillips-india,Small Cap,Jan-2025
118743,98929.0,1,Aptus Value Housing Finance India Ltd.,Finance,Finance,Domestic Equities,1141.0,971.0,17.507723995880536,0.0345723,0.028105595,23.00860380290828,0.0815380587498188,1100,aptus-value-housing-finance-india,Small Cap,Jan-2025
171765,6852.0,1,Ceat Ltd.,Automobile & Ancillaries,Automobile & Ancillaries,Domestic Equities,120.0,102.0,17.647058823529413,0.0342798,0.03296997,3.9727970635096006,0.0808482035135655,1100,ceat,Small Cap,Jan-2025
133585,5972.0,1,Olectra Greentech Ltd.,Automobile & Ancillaries,Automobile & Ancillaries,Domestic Equities,233.0,198.0,17.67676767676768,0.03416246,0.02864169,19.27529416036554,0.0805714595360545,1100,olectra-greentech,Small Cap,Jan-2025
113780,5843.0,1,Usha Martin Ltd.,Iron & Steel,Iron & Steel,Domestic Equities,989.0,842.0,17.458432304038006,0.033813909999999996,0.03168446,6.720802563780476,0.0797494115271789,1100,usha-martin,Small Cap,Jan-2025
152553,7055.0,1,CIE Automotive India Ltd.,Automobile & Ancillaries,Automobile & Ancillaries,Domestic Equities,727.0,618.0,17.637540453074433,0.033765515,0.02909235,16.063209056676424,0.0796352729146713,1100,cie-automotive-india,Small Cap,Jan-2025
133170,6243.0,1,Timken India Ltd.,Automobile & Ancillaries,Automobile & Ancillaries,Domestic Equities,117.0,99.0,18.181818181818183,0.03343626,0.03090582,8.187584086104174,0.078858731766594,1100,timken-india,Small Cap,Jan-2025
152413,5645.0,1,Finolex Industries Ltd.,Plastic Products,Plastic Products,Domestic Equities,1620.0,1379.0,17.476432197244378,0.0332424,0.034688745,-4.169493592229987,0.0784015169423202,1100,finolex-industries,Small Cap,Jan-2025
797,86851.0,1,Nippon Life India Asset Management Ltd.,Finance,Finance,Domestic Equities,569.0,484.0,17.56198347107438,0.03321822,0.0351868,-5.5946548137369625,0.0783444889094566,1100,nippon-life-india-asset-management,Mid Cap,Jan-2025
76174,111823.0,1,Bharti Hexacom Ltd.,Telecom,Telecom,Domestic Equities,245.0,209.0,17.22488038277512,0.03319505,0.03044921,9.01777090440113,0.0782898429408276,1100,bharti-hexacom,Mid Cap,Jan-2025
152303,6239.0,1,Jindal Saw Ltd.,Iron & Steel,Iron & Steel,Domestic Equities,1321.0,1125.0,17.42222222222222,0.033031605,0.0327825,0.7598718828643417,0.077904361268727,1100,jindal-saw,Small Cap,Jan-2025
77334,87528.0,1,CreditAccess Grameen Ltd.,Finance,Finance,Domestic Equities,303.0,258.0,17.441860465116278,0.032810355,0.02287299,43.445850323897325,0.0773825476925866,1100,creditaccess-grameen,Small Cap,Jan-2025
153943,100386.0,1,Vedant Fashions Ltd.,Textile,Textile,Domestic Equities,348.0,296.0,17.56756756756757,0.032496239999999996,0.03817364,-14.872566514484866,0.0766417139232337,1100,vedant-fashions,Small Cap,Jan-2025
56723,6834.0,1,Can Fin Homes Ltd.,Finance,Finance,Domestic Equities,482.0,410.0,17.560975609756095,0.03218314,0.0311313,3.3787217366444686,0.0759032740105126,1100,can-fin-homes,Small Cap,Jan-2025
133298,5393.0,1,Balrampur Chini Mills Ltd.,Agri,Agriculture,Domestic Equities,655.0,557.0,17.594254937163374,0.031921425,0.02950986,8.172065201258164,0.0752860245638253,1100,balrampur-chini-mills,Small Cap,Jan-2025
141321,96164.0,1,Happiest Minds Technologies Ltd.,IT,Information Technology,Domestic Equities,463.0,394.0,17.512690355329948,0.03188218,0.02894915,10.13166189680871,0.0751934660381953,1100,happiest-minds-technologies,Small Cap,Jan-2025
58155,95800.0,1,Life Insurance Corporation of India,Insurance,Finance,Domestic Equities,377.0,321.0,17.445482866043612,0.031873465,0.028633199999999998,11.316461310646384,0.0751729118898741,1100,life-insurance-corporation-of-india,Large Cap,Jan-2025
95274,89247.0,1,Chalet Hotels Ltd.,Hospitality,Hospitality,Domestic Equities,405.0,345.0,17.391304347826086,0.031223475,0.0336099,-7.100363285817574,0.0736399238385499,1100,chalet-hotels,Small Cap,Jan-2025
58178,99657.0,1,Star Health and Allied Insurance Company Ltd.,Insurance,Finance,Domestic Equities,718.0,611.0,17.51227495908347,0.03110735,0.029019444999999998,7.194848144063407,0.0733660454135587,1100,star-health-and-allied-insurance-company,Small Cap,Jan-2025
196533,104025.0,1,Motherson Sumi Wiring India Ltd.,Iron & Steel,Iron & Steel,Domestic Equities,5540.0,4716.0,17.472434266327397,0.031096020000000002,0.027465984,13.216478972681275,0.0733393238415015,1100,motherson-sumi-wiring-india,Small Cap,Jan-2025
1896,5762.0,1,Jupiter Wagons Ltd.,Automobile & Ancillaries,Automobile & Ancillaries,Domestic Equities,774.0,659.0,17.450682852807283,0.03101031,0.033012605,-6.065243866698804,0.0731371785686834,1100,jupiter-wagons,Small Cap,Jan-2025
607,7527.0,1,Jyothy Labs Ltd.,FMCG,Fast Moving Consumer Goods,Domestic Equities,776.0,661.0,17.39788199697428,0.03091584,0.02624831,17.782211502378637,0.0729143730159694,1100,jyothy-labs,Small Cap,Jan-2025
20766,6076.0,1,Techno Electric & Engineering Company Ltd.,Infrastructure,Infrastructure,Domestic Equities,286.0,243.0,17.695473251028808,0.030823649999999998,0.03816801,-19.242187371047116,0.072696944796379,1100,techno-electric-engineering-company,Small Cap,Jan-2025
152363,7424.0,1,SKF India Ltd.,Automobile & Ancillaries,Automobile & Ancillaries,Domestic Equities,76.0,64.0,18.75,0.03073326,0.02866112,7.229794229953315,0.0724837618397809,1100,skf-india,Small Cap,Jan-2025
152579,7542.0,1,Sobha Ltd.,Realty,Realty,Domestic Equities,231.0,197.0,17.258883248730964,0.03062598,0.03106099,-1.4005026884204275,0.0722307441654381,1100,sobha,Small Cap,Jan-2025
509,8487.0,1,K.P.R. Mill Ltd.,Textile,Textile,Domestic Equities,328.0,279.0,17.562724014336915,0.030569600000000002,0.027738179999999998,10.207663228084908,0.0720977730946007,1100,kpr-mill,Small Cap,Jan-2025
139455,98272.0,1,Shyam Metalics And Energy Ltd.,Iron & Steel,Iron & Steel,Domestic Equities,399.0,340.0,17.352941176470587,0.03045966,0.0247996,22.82319069662413,0.071838481864947,1100,shyam-metalics-and-energy,Small Cap,Jan-2025
97125,90518.0,1,Adani Total Gas Ltd.,Gas Transmission,Gas Transmission,Domestic Equities,471.0,401.0,17.45635910224439,0.03029001,0.030518105000000004,-0.7474087922562737,0.07143836582792,1100,adani-total-gas,Mid Cap,Jan-2025
152559,7752.0,1,Action Construction Equipment Ltd.,Capital Goods,Capital Goods,Domestic Equities,234.0,199.0,17.587939698492463,0.0301392,0.029997259999999998,0.47317655012492016,0.0710826835435461,1100,action-construction-equipment,Small Cap,Jan-2025
83618,17010.0,1,BLS International Services Ltd.,Business Services,Hospitality,Domestic Equities,690.0,587.0,17.54684838160136,0.03010125,0.0283521,6.1693842784132364,0.0709931792487912,1100,bls-international-services,Small Cap,Jan-2025
133302,6421.0,1,BASF India Ltd.,Chemicals,Chemicals,Domestic Equities,65.0,55.0,18.181818181818183,0.029994575000000002,0.030596225,-1.9664190598676805,0.0707415884545098,1100,basf-india,Small Cap,Jan-2025
171405,6966.0,1,Poonawalla Fincorp Ltd.,Finance,Finance,Domestic Equities,953.0,811.0,17.50924784217016,0.02958112,0.025493785,16.032672276792162,0.0697664633375691,1100,poonawalla-fincorp,Small Cap,Jan-2025
188402,98309.0,1,Jubilant Ingrevia Ltd.,Chemicals,Chemicals,Domestic Equities,423.0,360.0,17.5,0.029472525,0.029629799999999998,-0.5308000728995848,0.0695103442627625,1100,jubilant-ingrevia,Small Cap,Jan-2025
58780,8388.0,1,Alembic Pharmaceuticals Ltd.,Healthcare,Healthcare,Domestic Equities,319.0,271.0,17.712177121771216,0.029352785,0.028895374999999997,1.5829868966919458,0.0692279399345951,1100,alembic-pharmaceuticals,Small Cap,Jan-2025
76822,89008.0,1,Craftsman Automation Ltd.,Automobile & Ancillaries,Automobile & Ancillaries,Domestic Equities,70.0,59.0,18.64406779661017,0.029240400000000003,0.03177209,-7.968282854543084,0.0689628822227102,1100,craftsman-automation,Small Cap,Jan-2025
19128,7053.0,1,Grindwell Norton Ltd.,Abrasives,Abrasives,Domestic Equities,151.0,128.0,17.96875,0.029104494999999998,0.02457472,18.432661694619505,0.0686423530743922,1100,grindwell-norton,Small Cap,Jan-2025
152271,6134.0,1,Raymond Ltd.,Textile,Textile,Domestic Equities,190.0,162.0,17.28395061728395,0.0287166,0.0271593,5.733947487600921,0.0677275106919426,1100,raymond,Small Cap,Jan-2025
152305,7945.0,1,JK Lakshmi Cement Ltd.,Construction Materials,Construction Materials,Domestic Equities,354.0,301.0,17.60797342192691,0.02846514,0.02516661,13.10677123378953,0.0671344474519144,1100,jk-lakshmi-cement,Small Cap,Jan-2025
113787,7539.0,1,Honeywell Automation India Ltd.,Consumer Durables,Consumer Durables,Domestic Equities,7.0,6.0,16.666666666666664,0.028330574999999997,0.02517363,12.540682452232744,0.0668170786660462,1100,honeywell-automation-india,Mid Cap,Jan-2025
38814,98613.0,1,Aditya Birla Sun Life AMC Ltd.,Finance,Finance,Domestic Equities,413.0,351.0,17.663817663817664,0.028212030000000003,0.029369925,-3.942451334145388,0.0665374927208098,1100,aditya-birla-sun-life-amc,Small Cap,Jan-2025
152389,5123.0,1,Sanofi India Ltd.,Healthcare,Healthcare,Domestic Equities,51.0,44.0,15.909090909090908,0.028178264999999997,0.02693966,4.597700936091981,0.066457858662512,1100,sanofi-india,Small Cap,Jan-2025
102429,100653.0,1,Global Health Ltd.,Healthcare,Healthcare,Domestic Equities,271.0,231.0,17.316017316017316,0.02817316,0.024913349999999997,13.084591193075202,0.0664458186249699,1100,global-health,Small Cap,Jan-2025
19064,6023.0,1,Westlife Foodworld Ltd,Hospitality,Hospitality,Domestic Equities,387.0,329.0,17.62917933130699,0.028090395,0.026071605,7.743251710050068,0.0662506190741032,1100,westlife-foodworld,Small Cap,Jan-2025
190355,99127.0,1,Vijaya Diagnostic Centre Ltd.,Healthcare,Healthcare,Domestic Equities,270.0,230.0,17.391304347826086,0.027939600000000002,0.02430755,14.942065325382453,0.0658949721669209,1100,vijaya-diagnostic-centre,Small Cap,Jan-2025
133662,6324.0,1,Century Plyboards (India) Ltd.,Construction Materials,Construction Materials,Domestic Equities,347.0,295.0,17.627118644067796,0.027921355000000002,0.021781324999999997,28.189423737995757,0.0658519417095347,1100,century-plyboards-india,Small Cap,Jan-2025
203281,106367.0,1,NMDC Steel Ltd.,Iron & Steel,Iron & Steel,Domestic Equities,6574.0,5596.0,17.476769120800572,0.027702835999999998,0.024146740000000003,14.72702319236467,0.0653365691407455,1100,nmdc-steel,Small Cap,Jan-2025
137768,15760.0,1,Gujarat Gas Ltd.,Gas Transmission,Gas Transmission,Domestic Equities,563.0,479.0,17.536534446764094,0.027361800000000002,0.02388773,14.543324124979645,0.0645322427463835,1100,gujarat-gas,Mid Cap,Jan-2025
95495,88229.0,1,Garden Reach Shipbuilders & Engineers Ltd.,Ship Building,Ship Building,Domestic Equities,167.0,142.0,17.6056338028169,0.027124139999999998,0.022952880000000002,18.173144285161584,0.0639717265226297,1100,garden-reach-shipbuilders-engineers,Small Cap,Jan-2025
200656,105054.0,1,Signatureglobal (India) Ltd.,Realty,Realty,Domestic Equities,223.0,190.0,17.36842105263158,0.02690718,0.02593025,3.76753020121287,0.0634600308232877,1100,signatureglobal-india,Small Cap,Jan-2025
152064,6806.0,1,3M India Ltd.,Diversified,Diversified,Domestic Equities,9.0,7.0,28.57142857142857,0.026903025,0.021275205000000002,26.452483066555637,0.0634502313412138,1100,3m-india,Mid Cap,Jan-2025
117072,93022.0,1,Home First Finance Company India Ltd.,Finance,Finance,Domestic Equities,270.0,230.0,17.391304347826086,0.02689065,0.024277649999999998,10.762985709078098,0.0634210451581415,1100,home-first-finance-company-india,Small Cap,Jan-2025
133388,7039.0,1,Kansai Nerolac Paints Ltd.,Chemicals,Chemicals,Domestic Equities,1150.0,979.0,17.466802860061286,0.0268065,0.025943499999999998,3.3264594214350436,0.0632225791132502,1100,kansai-nerolac-paints,Small Cap,Jan-2025
19084,5742.0,1,Elecon Engineering Company Ltd.,Capital Goods,Capital Goods,Domestic Equities,503.0,428.0,17.523364485981308,0.02677972,0.027156600000000003,-1.387802596790473,0.0631594190338421,1100,elecon-engineering-company,Small Cap,Jan-2025
152197,7753.0,1,Kirloskar Brothers Ltd.,Capital Goods,Capital Goods,Domestic Equities,144.0,123.0,17.073170731707318,0.026753040000000002,0.025390275,5.3672715242351705,0.063096494802378,1100,kirloskar-brothers,Small Cap,Jan-2025
114436,6959.0,1,Engineers India Ltd.,Capital Goods,Capital Goods,Domestic Equities,1563.0,1331.0,17.430503380916605,0.026735115,0.024225531,10.359252806470993,0.0630542190584127,1100,engineers-india,Small Cap,Jan-2025
117,8100.0,1,Vardhman Textiles Ltd.,Textile,Textile,Domestic Equities,585.0,498.0,17.46987951807229,0.026719875,0.0251988,6.036299347587983,0.0630182758317444,1100,vardhman-textiles,Small Cap,Jan-2025
152386,5556.0,1,Glaxosmithkline Pharmaceuticals Ltd.,Healthcare,Healthcare,Domestic Equities,135.0,115.0,17.391304347826086,0.026691525,0.025896275000000003,3.0709049853695114,0.0629514129396152,1100,glaxosmithkline-pharmaceuticals,Mid Cap,Jan-2025
97859,90258.0,1,Metropolis Healthcare Ltd.,Healthcare,Healthcare,Domestic Equities,148.0,126.0,17.46031746031746,0.026594120000000002,0.02616579,1.6369847805092028,0.0627216852497442,1100,metropolis-healthcare,Small Cap,Jan-2025
152387,5364.0,1,Gujarat Narmada Valley Fertilizers & Chemicals Ltd.,Chemicals,Chemicals,Domestic Equities,476.0,405.0,17.530864197530864,0.02639182,0.0226395,16.574217628481193,0.0622445648589953,1100,gujarat-narmada-valley-fertilizers-chemicals,Small Cap,Jan-2025
133645,6755.0,1,Bank Of Maharashtra,Bank,Banking,Domestic Equities,5140.0,4375.0,17.485714285714284,0.026363059999999997,0.022833125,15.459710398817494,0.0621767349902957,1100,bank-of-maharashtra,Mid Cap,Jan-2025
152392,4998.0,1,Gujarat State Fertilizers & Chemicals Ltd.,Chemicals,Chemicals,Domestic Equities,1273.0,1084.0,17.43542435424354,0.026106683999999998,0.021424176,21.85618714110638,0.0615720774653395,1100,gujarat-state-fertilizers-chemicals,Small Cap,Jan-2025
134271,8157.0,1,Minda Corporation Ltd.,Automobile & Ancillaries,Automobile & Ancillaries,Domestic Equities,457.0,389.0,17.480719794344473,0.026067279999999998,0.01904155,36.89683875524838,0.0614791439414785,1100,minda-corporation,Small Cap,Jan-2025
13,7543.0,1,Tata Investment Corporation Ltd.,Finance,Finance,Domestic Equities,43.0,36.0,19.444444444444446,0.025909005,0.024657119999999998,5.077174463197655,0.0611058556080836,1100,tata-investment-corporation,Mid Cap,Jan-2025
225180,112809.0,1,ITC Hotels Ltd.,Hospitality,Hospitality,Domestic Equities,1583.0,,,0.025794985000000003,,,0.060836941782314,1100,itc-hotels,,Jan-2025
133018,6609.0,1,CCL Products (India) Ltd.,Agri,Agriculture,Domestic Equities,408.0,348.0,17.24137931034483,0.02536536,0.02582682,-1.7867472650523852,0.0598236800528257,1100,ccl-products-india,Small Cap,Jan-2025
171937,5730.0,1,Astrazeneca Pharma India Ltd.,Healthcare,Healthcare,Domestic Equities,35.0,29.0,20.689655172413794,0.025322849999999997,0.021184935000000002,19.53234692483125,0.0597234210918235,1100,astrazeneca-pharma-india,Small Cap,Jan-2025
114450,5588.0,1,The Jammu & Kashmir Bank Ltd.,Bank,Banking,Domestic Equities,2544.0,2165.0,17.505773672055426,0.025317888,0.021827529999999998,15.990622851050954,0.0597117183168413,1100,the-jammu-kashmir-bank,Small Cap,Jan-2025
95082,5635.0,1,Capri Global Capital Ltd.,Finance,Finance,Domestic Equities,1421.0,1209.0,17.535153019023987,0.025312273,0.022563567,12.182054371101868,0.0596984754547847,1100,capri-global-capital,Small Cap,Jan-2025
152067,7924.0,1,JM Financial Ltd.,Finance,Finance,Domestic Equities,2297.0,1955.0,17.493606138107417,0.025283079,0.025415,-0.5190674798347404,0.059629622006008,1100,jm-financial,Small Cap,Jan-2025
152533,5624.0,1,Godawari Power And Ispat Ltd.,Iron & Steel,Iron & Steel,Domestic Equities,1395.0,1188.0,17.424242424242426,0.025142085,0.024007103999999998,4.727688104321127,0.0592970905558189,1100,godawari-power-and-ispat,Small Cap,Jan-2025
171468,102668.0,1,Bikaji Foods International Ltd.,FMCG,Fast Moving Consumer Goods,Domestic Equities,358.0,304.0,17.763157894736842,0.0247378,0.02369528,4.399694791536552,0.0583435926953448,1100,bikaji-foods-international,Small Cap,Jan-2025
94609,5685.0,1,Welspun Living Ltd.,Textile,Textile,Domestic Equities,1778.0,1514.0,17.437252311756936,0.024484838,0.023738006,3.1461446256269356,0.0577469870191974,1100,welspun-living,Small Cap,Jan-2025
171411,6555.0,1,Vinati Organics Ltd.,Chemicals,Chemicals,Domestic Equities,146.0,124.0,17.741935483870968,0.02443529,0.02236402,9.261617544609594,0.0576301290798952,1100,vinati-organics,Small Cap,Jan-2025
643,7404.0,1,KNR Constructions Ltd.,Infrastructure,Infrastructure,Domestic Equities,823.0,701.0,17.4037089871612,0.024422525,0.024265115,0.6487090623720424,0.0576000230898413,1100,knr-constructions,Small Cap,Jan-2025
38127,7192.0,1,JK Tyre & Industries Ltd.,Automobile & Ancillaries,Automobile & Ancillaries,Domestic Equities,769.0,654.0,17.584097859327215,0.02441575,0.025411169999999997,-3.9172537116551513,0.057584044391634,1100,jk-tyre-industries,Small Cap,Jan-2025
152132,7850.0,1,Mastek Ltd.,IT,Information Technology,Domestic Equities,94.0,80.0,17.5,0.02437702,0.023824,2.321272666218928,0.0574927004829158,1100,mastek,Small Cap,Jan-2025
19913,93142.0,1,UTI Asset Management Company Ltd.,Finance,Finance,Domestic Equities,234.0,199.0,17.587939698492463,0.0243009,0.026716745,-9.042437617307051,0.0573131730279291,1100,uti-asset-management-company,Small Cap,Jan-2025
78882,109773.0,1,JSW Infrastructure Ltd.,Logistics,Logistics,Domestic Equities,883.0,752.0,17.420212765957448,0.0242825,0.0239136,1.5426368259065821,0.0572697770062297,1100,jsw-infrastructure,Mid Cap,Jan-2025
28396,92035.0,1,Sterling and Wilson Renewable Energy Ltd.,Infrastructure,Infrastructure,Domestic Equities,724.0,616.0,17.532467532467532,0.02395716,0.028268239999999997,-15.25061340925362,0.0565024693051608,1100,sterling-and-wilson-renewable-energy,Small Cap,Jan-2025
430,6832.0,1,Caplin Point Laboratories Ltd.,Healthcare,Healthcare,Domestic Equities,115.0,98.0,17.346938775510203,0.023855025,0.02450637,-2.6578599768141955,0.0562615860075377,1100,caplin-point-laboratories,Small Cap,Jan-2025
171853,7249.0,1,NLC India Ltd.,Power,Power,Domestic Equities,1065.0,907.0,17.420066152149946,0.02363448,0.022566160000000002,4.73416832992409,0.0557414351594027,1100,nlc-india,Mid Cap,Jan-2025
114515,6989.0,1,Gujarat Pipavav Port Ltd.,Logistics,Logistics,Domestic Equities,1548.0,1317.0,17.539863325740317,0.023492448000000003,0.024006276,-2.140390287939697,0.0554064556075547,1100,gujarat-pipavav-port,Small Cap,Jan-2025
171394,82477.0,1,Endurance Technologies Ltd.,Automobile & Ancillaries,Automobile & Ancillaries,Domestic Equities,115.0,98.0,17.346938775510203,0.022878675,0.02107049,8.581599193943758,0.0539588846061156,1100,endurance-technologies,Mid Cap,Jan-2025
1840,4901.0,1,SJVN Ltd.,Power,Power,Domestic Equities,2337.0,1989.0,17.49622926093514,0.022788087,0.020767149,9.731417634649809,0.0537452346705884,1100,sjvn,Mid Cap,Jan-2025
152585,6859.0,1,Tanla Platforms Ltd.,IT,Information Technology,Domestic Equities,412.0,351.0,17.37891737891738,0.02276712,0.023592464999999996,-3.4983415255675894,0.0536957844321661,1100,tanla-platforms,Small Cap,Jan-2025
40249,8148.0,1,Schneider Electric Infrastructure Ltd.,Capital Goods,Capital Goods,Domestic Equities,333.0,284.0,17.253521126760564,0.022737240000000002,0.02177286,4.4292757129747775,0.0536253130664934,1100,schneider-electric-infrastructure,Small Cap,Jan-2025
58513,104175.0,1,Aadhar Housing Finance Ltd.,Finance,Finance,Domestic Equities,564.0,480.0,17.5,0.0224754,0.020284800000000002,10.799219119734964,0.0530077688098761,1100,aadhar-housing-finance,Small Cap,Jan-2025
745,109745.0,1,RR Kabel Ltd.,Electricals,Electricals,Domestic Equities,183.0,156.0,17.307692307692307,0.022435800000000002,0.02245854,-0.10125324264176955,0.0529143730240448,1100,rr-kabel,Small Cap,Jan-2025
19510,6302.0,1,ZF Commercial Vehicle Control Systems India Ltd.,Automobile & Ancillaries,Automobile & Ancillaries,Domestic Equities,20.0,17.0,17.647058823529413,0.022067999999999997,0.020474714999999998,7.781720038593944,0.0520469242859457,1100,zf-commercial-vehicle-control-systems-india,Small Cap,Jan-2025
120445,17045.0,1,Quess Corp Ltd.,IT,Information Technology,Domestic Equities,366.0,312.0,17.307692307692307,0.02180628,0.020652840000000002,5.584897767086749,0.0514296630468612,1100,quess-corp,Small Cap,Jan-2025
171624,5869.0,1,Blue Dart Express Ltd.,Logistics,Logistics,Domestic Equities,33.0,28.0,17.857142857142858,0.021714,0.01950886,11.303274512196014,0.0512120225641212,1100,blue-dart-express,Small Cap,Jan-2025
133081,5148.0,1,Trident Ltd.,Textile,Textile,Domestic Equities,6908.0,5881.0,17.463016493793575,0.02148388,0.019666064,9.24341545923984,0.0506692892753464,1100,trident,Small Cap,Jan-2025
133589,7782.0,1,Cera Sanitaryware Ltd.,Construction Materials,Construction Materials,Domestic Equities,32.0,28.0,14.285714285714285,0.02140224,0.021243599999999998,0.7467660848443815,0.0504767430138499,1100,cera-sanitaryware,Small Cap,Jan-2025
211056,110999.0,1,DOMS Industries Ltd.,FMCG,Fast Moving Consumer Goods,Domestic Equities,86.0,74.0,16.216216216216218,0.02134735,0.01939836,10.047189556230535,0.0503472860773783,1100,doms-industries,Small Cap,Jan-2025
152203,8715.0,1,KSB Ltd.,Capital Goods,Capital Goods,Domestic Equities,299.0,254.0,17.716535433070867,0.021006245,0.01951482,7.642525014322446,0.0495427969479349,1100,ksb,Small Cap,Jan-2025
19174,6780.0,1,Bayer CropScience Ltd.,Chemicals,Chemicals,Domestic Equities,41.0,35.0,17.142857142857142,0.02097519,0.019428325,7.9619061344712,0.04946955436892,1100,bayer-cropscience,Small Cap,Jan-2025
30,5093.0,1,Bombay Burmah Trading Corporation Ltd.,Agri,Agriculture,Domestic Equities,98.0,84.0,16.666666666666664,0.02075787,0.01781346,16.52913021950817,0.0489570096169795,1100,bombay-burmah-trading-corporation,Small Cap,Jan-2025
133345,5047.0,1,IFCI Ltd.,Finance,Finance,Domestic Equities,3685.0,3136.0,17.506377551020407,0.020720755,0.019524736,6.12566029061801,0.0488694746525572,1100,ifci,Small Cap,Jan-2025
171516,6987.0,1,Tata Teleservices (Maharashtra) Ltd.,Telecom,Telecom,Domestic Equities,2868.0,2441.0,17.492830807046293,0.020589371999999998,0.018427109,11.734141258946263,0.0485596105482677,1100,tata-teleservices-maharashtra,Small Cap,Jan-2025
114425,8654.0,1,Saregama India Ltd.,Media & Entertainment,Media & Entertainment,Domestic Equities,432.0,368.0,17.391304347826086,0.020565359999999998,0.01703104,20.752226522866483,0.04850297873995,1100,saregama-india,Small Cap,Jan-2025
678,15637.0,1,PNC Infratech Ltd.,Infrastructure,Infrastructure,Domestic Equities,644.0,548.0,17.51824817518248,0.0205436,0.01827854,12.391908762953708,0.0484516582273317,1100,pnc-infratech,Small Cap,Jan-2025
757,97957.0,1,Railtel Corporation Of India Ltd.,Telecom,Telecom,Domestic Equities,498.0,424.0,17.452830188679243,0.02024868,0.01713172,18.19408675836403,0.0477560954708331,1100,railtel-corporation-of-india,Small Cap,Jan-2025
153397,98823.0,1,Nuvoco Vistas Corporation Ltd.,Construction Materials,Construction Materials,Domestic Equities,571.0,486.0,17.48971193415638,0.02001355,0.01702215,17.57357325602231,0.047201546200063,1100,nuvoco-vistas-corporation,Small Cap,Jan-2025
815,89011.0,1,Rites Ltd.,Capital Goods,Capital Goods,Domestic Equities,764.0,650.0,17.53846153846154,0.01992894,0.018957250000000002,5.125690698809153,0.0470019952546291,1100,rites,Small Cap,Jan-2025
134702,8301.0,1,Valor Estate Ltd.,Realty,Realty,Domestic Equities,1265.0,1077.0,17.45589600742804,0.01978966,0.018634254,6.200441402161853,0.0466735062382005,1100,valor-estate,Small Cap,Jan-2025
152593,8261.0,1,Network 18 Media & Investments Ltd.,Media & Entertainment,Media & Entertainment,Domestic Equities,3727.0,3172.0,17.4968474148802,0.019633836,0.022686144000000002,-13.454503330314758,0.0463059985379135,1100,network-18-media-investments,Small Cap,Jan-2025
19178,16203.0,1,Chemplast Sanmar Ltd.,Chemicals,Chemicals,Domestic Equities,407.0,346.0,17.63005780346821,0.01931622,0.017305189999999998,11.620964577678722,0.0455569077320406,1100,chemplast-sanmar,Small Cap,Jan-2025
160595,87624.0,1,Fine Organic Industries Ltd.,Chemicals,Chemicals,Domestic Equities,43.0,37.0,16.216216216216218,0.019155855,0.01650163,16.08462315540949,0.0451786901766157,1100,fine-organic-industries,Small Cap,Jan-2025
65893,102659.0,1,Archean Chemical Industries Ltd.,Chemicals,Chemicals,Domestic Equities,327.0,279.0,17.20430107526882,0.01914912,0.018680445,2.5089070415613675,0.0451628058175861,1100,archean-chemical-industries,Small Cap,Jan-2025
56649,7087.0,1,HEG Ltd.,Capital Goods,Capital Goods,Domestic Equities,481.0,409.0,17.6039119804401,0.0189995,0.02086718,-8.950322947326846,0.044809930123746,1100,heg,Small Cap,Jan-2025
38126,6453.0,1,The India Cements Ltd.,Construction Materials,Construction Materials,Domestic Equities,719.0,612.0,17.483660130718953,0.01898879,0.02303262,-17.556969202808894,0.0447846708089416,1100,the-india-cements,Small Cap,Jan-2025
152107,5346.0,1,Shipping Corporation Of India Ltd.,Logistics,Logistics,Domestic Equities,965.0,821.0,17.53958587088916,0.01886189,0.017152332,9.96691295387706,0.0444853797679825,1100,shipping-corporation-of-india,Small Cap,Jan-2025
152275,6296.0,1,Birla Corporation Ltd.,Construction Materials,Construction Materials,Domestic Equities,161.0,137.0,17.51824817518248,0.01879675,0.01695375,10.870751308707508,0.044331748417249,1100,birla-corporation,Small Cap,Jan-2025
133520,5959.0,1,Triveni Engineering & Industries Ltd.,Agri,Agriculture,Domestic Equities,488.0,415.0,17.59036144578313,0.01870016,0.01880365,-0.5503718692913431,0.0441039428881218,1100,triveni-engineering-industries,Small Cap,Jan-2025
555,5663.0,1,The Fertilisers And Chemicals Travancore Ltd.,Chemicals,Chemicals,Domestic Equities,203.0,173.0,17.341040462427745,0.018695285,0.01696957,10.169468053698466,0.0440924453008509,1100,the-fertilisers-and-chemicals-travancore,Mid Cap,Jan-2025
133387,5868.0,1,Godrej Industries Ltd.,Chemicals,Chemicals,Domestic Equities,208.0,177.0,17.51412429378531,0.01852344,0.02064174,-10.262216266651937,0.0436871524014527,1100,godrej-industries,Mid Cap,Jan-2025
133666,8476.0,1,JBM Auto Ltd.,Automobile & Ancillaries,Automobile & Ancillaries,Domestic Equities,230.0,97.0,137.11340206185568,0.018435649999999998,0.01481675,24.424384564766214,0.0434801014913991,1100,jbm-auto,Small Cap,Jan-2025
189226,98548.0,1,Clean Science And Technology Ltd.,Chemicals,Chemicals,Domestic Equities,128.0,109.0,17.431192660550458,0.01838656,0.015511790000000001,18.532806336341583,0.0433643237356806,1100,clean-science-and-technology,Small Cap,Jan-2025
195442,101899.0,1,Syrma SGS Technology Ltd.,Electricals,Electricals,Domestic Equities,344.0,292.0,17.80821917808219,0.01830252,0.017232380000000002,6.210053399472385,0.0431661171235276,1100,syrma-sgs-technology,Small Cap,Jan-2025
56633,6412.0,1,Graphite India Ltd.,Capital Goods,Capital Goods,Domestic Equities,380.0,324.0,17.28395061728395,0.018084199999999998,0.01831572,-1.2640507716868385,0.042651213892147,1100,graphite-india,Small Cap,Jan-2025
133479,8056.0,1,Mahindra Lifespace Developers Ltd.,Realty,Realty,Domestic Equities,430.0,366.0,17.48633879781421,0.01798045,0.0169641,5.9911813771434925,0.0424065216502281,1100,mahindra-lifespace-developers,Small Cap,Jan-2025
505,6857.0,1,Central Bank Of India,Bank,Banking,Domestic Equities,3436.0,2925.0,17.47008547008547,0.01788438,0.015593174999999999,14.693640005964154,0.0421799425304097,1100,central-bank-of-india,Mid Cap,Jan-2025
152110,5928.0,1,ITI Ltd.,Telecom,Telecom,Domestic Equities,549.0,468.0,17.307692307692307,0.017845245,0.018118620000000002,-1.5088069621196325,0.0420876434375182,1100,iti,Small Cap,Jan-2025
137807,98607.0,1,GR Infraprojects Ltd.,Infrastructure,Infrastructure,Domestic Equities,139.0,119.0,16.80672268907563,0.01779339,0.017504305,1.6515080147426593,0.0419653444861476,1100,gr-infraprojects,Small Cap,Jan-2025
59494,100957.0,1,Latent View Analytics Ltd.,Business Services,Other,Domestic Equities,406.0,345.0,17.681159420289855,0.017788889999999998,0.01688775,5.336057201225743,0.0419547313286667,1100,latent-view-analytics,Small Cap,Jan-2025
204790,107779.0,1,Honasa Consumer Ltd.,Trading,Trading,Domestic Equities,784.0,667.0,17.541229385307346,0.01725584,0.01702184,1.374704497281145,0.0406975438630775,1100,honasa-consumer,Small Cap,Jan-2025
152476,5252.0,1,Shree Renuka Sugars Ltd.,Agri,Agriculture,Domestic Equities,4547.0,3870.0,17.493540051679588,0.017201301,0.015274890000000001,12.61161946174407,0.0405689147528894,1100,shree-renuka-sugars,Small Cap,Jan-2025
152532,6617.0,1,Sun TV Network Ltd.,Media & Entertainment,Media & Entertainment,Domestic Equities,277.0,236.0,17.372881355932204,0.017142145,0.01612706,6.2942966665963915,0.0404293965431259,1100,sun-tv-network,Small Cap,Jan-2025
207271,109317.0,1,Netweb Technologies India Ltd.,Consumer Durables,Consumer Durables,Domestic Equities,92.0,78.0,17.94871794871795,0.01650526,0.02126007,-22.364978102141716,0.0389273163648654,1100,netweb-technologies-india,Small Cap,Jan-2025
65311,106730.0,1,SBFC Finance Ltd.,Finance,Finance,Domestic Equities,1925.0,1639.0,17.449664429530202,0.016410625,0.014867368999999998,10.38015535902823,0.0387041216630437,1100,sbfc-finance,Small Cap,Jan-2025
40702,7798.0,1,RHI Magnesita India Ltd.,Capital Goods,Capital Goods,Domestic Equities,346.0,294.0,17.687074829931973,0.0163485,0.014791140000000001,10.529005877843078,0.0385576011278224,1100,rhi-magnesita-india,Small Cap,Jan-2025
75687,8264.0,1,Avanti Feeds Ltd.,FMCG,Fast Moving Consumer Goods,Domestic Equities,228.0,194.0,17.525773195876287,0.01613898,0.01322595,22.025109727467598,0.0380634525155154,1100,avanti-feeds,Small Cap,Jan-2025
210775,110911.0,1,Cello World Ltd.,Trading,Fast Moving Consumer Goods,Domestic Equities,246.0,210.0,17.142857142857142,0.01606134,0.015889649999999998,1.0805146746467034,0.0378803401717796,1100,cello-world,Small Cap,Jan-2025
76268,106949.0,1,Indegene Ltd.,Healthcare,Healthcare,Domestic Equities,267.0,227.0,17.62114537444934,0.01601199,0.01370399,16.841810304882017,0.0377639492114066,1100,indegene,Small Cap,Jan-2025
171894,86746.0,1,Godrej Agrovet Ltd.,FMCG,Fast Moving Consumer Goods,Domestic Equities,217.0,184.0,17.934782608695652,0.015838829999999998,0.013679479999999999,15.78532224909134,0.0373555549115446,1100,godrej-agrovet,Small Cap,Jan-2025
195742,102041.0,1,TBO Tek Ltd.,Hospitality,Hospitality,Domestic Equities,98.0,83.0,18.072289156626507,0.015269379999999999,0.014393445,6.085652184032376,0.0360125187943327,1100,tbo-tek,Small Cap,Jan-2025
114439,5439.0,1,Gujarat Mineral Development Corporation Ltd.,Mining,Mining,Domestic Equities,472.0,401.0,17.70573566084788,0.01520076,0.012904180000000001,17.797178898620437,0.0358506799351474,1100,gujarat-mineral-development-corporation,Small Cap,Jan-2025
133348,5626.0,1,Chennai Petroleum Corporation Ltd.,Crude Oil,Crude Oil,Domestic Equities,275.0,234.0,17.52136752136752,0.014889874999999999,0.01464372,1.680959482972899,0.0351174640543863,1100,chennai-petroleum-corporation,Small Cap,Jan-2025
133353,4920.0,1,IDBI Bank Ltd.,Bank,Banking,Domestic Equities,1834.0,1561.0,17.48878923766816,0.014877408000000002,0.011940089000000001,24.600478271141867,0.0350880608912055,1100,idbi-bank,Mid Cap,Jan-2025
152217,6011.0,1,Maharashtra Seamless Ltd.,Iron & Steel,Iron & Steel,Domestic Equities,238.0,203.0,17.24137931034483,0.01476314,0.014229285000000001,3.751804816615864,0.0348185621625348,1100,maharashtra-seamless,Small Cap,Jan-2025
133909,100034.0,1,Metro Brands Ltd.,Retailing,Retailing,Domestic Equities,121.0,103.0,17.475728155339805,0.014336685,0.012533555,14.386421091222717,0.0338127768128718,1100,metro-brands,Mid Cap,Jan-2025
76000,6304.0,1,Rajesh Exports Ltd.,Diamond  &  Jewellery,Diamond & Jewellery,Domestic Equities,767.0,653.0,17.457886676875958,0.014326792999999999,0.015059486,-4.865325416817014,0.0337894467342495,1100,rajesh-exports,Small Cap,Jan-2025
58164,86911.0,1,The New India Assurance Company Ltd.,Insurance,Finance,Domestic Equities,786.0,669.0,17.48878923766816,0.01429341,0.013548587999999999,5.497414195486648,0.0337107136150979,1100,the-new-india-assurance-company,Mid Cap,Jan-2025
171754,5110.0,1,VIP Industries Ltd.,FMCG,Fast Moving Consumer Goods,Domestic Equities,380.0,323.0,17.647058823529413,0.014139800000000001,0.015508845,-8.827511010652307,0.0333484275882915,1100,vip-industries,Small Cap,Jan-2025
176637,93115.0,1,Easy Trip Planners Ltd.,Hospitality,Hospitality,Domestic Equities,10366.0,8565.0,21.027437244600115,0.0139941,0.01358409,3.0183103910530678,0.0330047971338569,1100,easy-trip-planners,Small Cap,Jan-2025
57345,99844.0,1,AWL Agri Business Ltd.,FMCG,Fast Moving Consumer Goods,Domestic Equities,516.0,439.0,17.539863325740317,0.013759140000000001,0.013523395,1.7432382918638443,0.0324506488045916,1100,awl-agri-business,Mid Cap,Jan-2025
133628,7605.0,1,UCO Bank,Bank,Banking,Domestic Equities,3153.0,2684.0,17.473919523099852,0.013718703,0.011774708,16.509921095283218,0.032355278971469,1100,uco-bank,Mid Cap,Jan-2025
192488,100187.0,1,CE Info Systems Ltd.,IT,Information Technology,Domestic Equities,80.0,68.0,17.647058823529413,0.0136112,0.010804860000000001,25.972941805817012,0.032101735356211,1100,ce-info-systems,Small Cap,Jan-2025
37858,5520.0,1,Alkyl Amines Chemicals Ltd.,Chemicals,Chemicals,Domestic Equities,79.0,67.0,17.91044776119403,0.013428025,0.011805735,13.741541716801194,0.0316697208847556,1100,alkyl-amines-chemicals,Small Cap,Jan-2025
133083,6007.0,1,Alok Industries Ltd.,Textile,Textile,Domestic Equities,7084.0,6030.0,17.47927031509121,0.013239996,0.01267506,4.457067658851321,0.0312262583540975,1100,alok-industries,Small Cap,Jan-2025
289,5004.0,1,Rashtriya Chemicals and Fertilizers Ltd.,Chemicals,Chemicals,Domestic Equities,788.0,670.0,17.611940298507463,0.012859372,0.0116446,10.43206293045703,0.0303285644756575,1100,rashtriya-chemicals-and-fertilizers,Small Cap,Jan-2025
195761,102061.0,1,Campus Activewear Ltd.,FMCG,Retailing,Domestic Equities,456.0,388.0,17.525773195876287,0.01243512,0.0125227,-0.6993699441813701,0.0293279748562013,1100,campus-activewear,Small Cap,Jan-2025
39045,88307.0,1,Varroc Engineering Ltd.,Automobile & Ancillaries,Automobile & Ancillaries,Domestic Equities,218.0,186.0,17.20430107526882,0.012110989999999999,0.010954470000000001,10.557516703227071,0.0285635209152549,1100,varroc-engineering,Small Cap,Jan-2025
114673,111130.0,1,Inox India Ltd.,Capital Goods,Capital Goods,Domestic Equities,128.0,108.0,18.51851851851852,0.011731199999999999,0.01195398,-1.8636470865770245,0.0276677940086681,1100,inox-india,Small Cap,Jan-2025
95406,100018.0,1,Emcure Pharmaceuticals Ltd.,Healthcare,Healthcare,Domestic Equities,94.0,80.0,17.5,0.0115479,0.0115768,-0.24963720544537862,0.0272354847272826,1100,emcure-pharmaceuticals,Small Cap,Jan-2025
133551,7167.0,1,Indian Overseas Bank,Bank,Banking,Domestic Equities,2241.0,1907.0,17.51442055584688,0.011429100000000001,0.009870632,15.788938337484373,0.026955297369789,1100,indian-overseas-bank,Large Cap,Jan-2025
114765,102573.0,1,TVS Supply Chain Solutions Ltd.,Logistics,Logistics,Domestic Equities,798.0,680.0,17.352941176470587,0.011388258,0.0121618,-6.360423621503399,0.026858972352493,1100,tvs-supply-chain-solutions,Small Cap,Jan-2025
153043,7287.0,1,Just Dial Ltd.,Business Services,Information Technology,Domestic Equities,125.0,107.0,16.822429906542055,0.01114125,0.01063045,4.805064696226408,0.0262764090629324,1100,just-dial,Small Cap,Jan-2025
40323,8128.0,1,RattanIndia Enterprises Ltd.,Business Services,Other,Domestic Equities,1980.0,1686.0,17.437722419928825,0.01079892,0.010726332,0.6767271421395505,0.0254690307961748,1100,rattanindia-enterprises,Small Cap,Jan-2025
63725,92864.0,1,Route Mobile Ltd.,IT,Information Technology,Domestic Equities,90.0,77.0,16.883116883116884,0.010773,0.010724945,0.4480675658476587,0.0254078990090853,1100,route-mobile,Small Cap,Jan-2025
57043,5095.0,1,Balaji Amines Ltd.,Chemicals,Chemicals,Domestic Equities,62.0,52.0,19.230769230769234,0.01066214,0.00929084,14.759698800108492,0.0251464379783466,1100,balaji-amines,Small Cap,Jan-2025
171515,5866.0,1,Sun Pharma Advanced Research Company Ltd.,Business Services,Healthcare,Domestic Equities,568.0,483.0,17.598343685300208,0.00908232,0.009686565000000001,-6.237969806634239,0.0214204649891576,1100,sun-pharma-advanced-research-company,Small Cap,Jan-2025
171614,5038.0,1,Gujarat Ambuja Exports Ltd.,Agri,Agriculture,Domestic Equities,795.0,677.0,17.429837518463813,0.00904392,0.00842865,7.299745510846933,0.0213298993786546,1100,gujarat-ambuja-exports,Small Cap,Jan-2025
171883,5324.0,1,Mangalore Refinery And Petrochemicals Ltd.,Crude Oil,Crude Oil,Domestic Equities,598.0,509.0,17.4852652259332,0.0077441,0.007554069,2.5156111229590374,0.0182643006327167,1100,mangalore-refinery-and-petrochemicals,Small Cap,Jan-2025
39219,111883.0,1,Akums Drugs & Pharmaceuticals Ltd.,Healthcare,Healthcare,Domestic Equities,121.0,103.0,17.475728155339805,0.006855255,0.0065755200000000005,4.2541882619169265,0.0161679779747078,1100,akums-drugs-pharmaceuticals,Small Cap,Jan-2025
94495,5412.0,1,MMTC Ltd.,Trading,Trading,Domestic Equities,864.0,735.0,17.551020408163264,0.005992704,0.00533316,12.36685192268748,0.014133669175099,1100,mmtc,Small Cap,Jan-2025
171875,5051.0,1,HDFC Bank Ltd.,Bank,Banking,Domestic Equities,13525.0,12950.0,4.440154440154441,2.343071,2.19988125,6.508976336790904,5.81930550570079,1100,hdfc-bank,Large Cap,Feb-2025
171888,8748.0,1,ICICI Bank Ltd.,Bank,Banking,Domestic Equities,12550.0,12017.0,4.435383207123242,1.5111455,1.5054897600000001,0.3756744250455732,3.75311602937554,1100,icici-bank,Large Cap,Feb-2025
171531,4897.0,1,Reliance Industries Ltd.,Crude Oil,Crude Oil,Domestic Equities,12074.0,11561.0,4.437332410691116,1.4490007399999998,1.4625821099999998,-0.9285885494661216,3.59877186139324,1100,reliance-industries,Large Cap,Feb-2025
171889,4926.0,1,Infosys Ltd.,IT,Information Technology,Domestic Equities,6406.0,6134.0,4.434300619497881,1.08114062,1.15306932,-6.238020451363669,2.68514593130245,1100,infosys,Large Cap,Feb-2025
133593,6508.0,1,Bharti Airtel Ltd.,Telecom,Telecom,Domestic Equities,4770.0,4567.0,4.444931026932341,0.7489854,0.7427312100000001,0.8420529413325631,1.86019751937074,1100,bharti-airtel,Large Cap,Feb-2025
152372,4964.0,1,Larsen & Toubro Ltd.,Infrastructure,Infrastructure,Domestic Equities,2093.0,2004.0,4.441117764471058,0.662193805,0.71490696,-7.373428704624725,1.6446399000617,1100,larsen-toubro,Large Cap,Feb-2025
152408,5535.0,1,ITC Ltd.,FMCG,Fast Moving Consumer Goods,Domestic Equities,16536.0,15834.0,4.433497536945813,0.653172,0.7085715,-7.818477034427724,1.62223313581603,1100,itc,Large Cap,Feb-2025
171915,6797.0,1,Tata Consultancy Services Ltd.,IT,Information Technology,Domestic Equities,1817.0,1740.0,4.42528735632184,0.632906525,0.7155576,-11.550583069762666,1.57190133185313,1100,tata-consultancy-services,Large Cap,Feb-2025
171400,5889.0,1,Axis Bank Ltd.,Bank,Banking,Domestic Equities,5072.0,4856.0,4.448105436573312,0.51508696,0.47885016,7.567461186605848,1.27928192625946,1100,axis-bank,Large Cap,Feb-2025
171492,5886.0,1,Kotak Mahindra Bank Ltd.,Bank,Banking,Domestic Equities,2611.0,2500.0,4.44,0.49686024500000003,0.475325,4.530635880713203,1.23401363394124,1100,kotak-mahindra-bank,Large Cap,Feb-2025
133350,8843.0,1,State Bank Of India,Bank,Banking,Domestic Equities,6844.0,6554.0,4.424778761061947,0.47141472,0.50655866,-6.93778288184828,1.1708165375972,1100,state-bank-of-india,Large Cap,Feb-2025
171484,6114.0,1,Bajaj Finance Ltd.,Finance,Finance,Domestic Equities,497.0,476.0,4.411764705882353,0.42395591000000005,0.37533076,12.95527976444031,1.05294673581696,1100,bajaj-finance,Large Cap,Feb-2025
171656,5311.0,1,Mahindra & Mahindra Ltd.,Automobile & Ancillaries,Automobile & Ancillaries,Domestic Equities,1574.0,1507.0,4.445919044459191,0.40689474,0.450570395,-9.69341427769573,1.01057321810679,1100,mahindra-mahindra,Large Cap,Feb-2025
171717,5016.0,1,Hindustan Unilever Ltd.,FMCG,Fast Moving Consumer Goods,Domestic Equities,1578.0,1511.0,4.434149569821311,0.34562145,0.37303568,-7.348956539492408,0.85839345323863,1100,hindustan-unilever,Large Cap,Feb-2025
420,5071.0,1,Sun Pharmaceutical Industries Ltd.,Healthcare,Healthcare,Domestic Equities,1919.0,1838.0,4.4069640914037,0.305744675,0.32053801,-4.615157809209582,0.759354569522733,1100,sun-pharmaceutical-industries,Large Cap,Feb-2025
171528,8219.0,1,HCL Technologies Ltd.,IT,Information Technology,Domestic Equities,1882.0,1802.0,4.439511653718091,0.29642441,0.31092609,-4.664028033157327,0.736206543095412,1100,hcl-technologies,Large Cap,Feb-2025
133625,7239.0,1,Maruti Suzuki India Ltd.,Automobile & Ancillaries,Automobile & Ancillaries,Domestic Equities,234.0,224.0,4.464285714285714,0.27953289000000003,0.27575856000000004,1.3687081916876846,0.694254372061902,1100,maruti-suzuki-india,Large Cap,Feb-2025
156921,98676.0,1,Eternal Ltd.,Retailing,Information Technology,Domestic Equities,12330.0,11806.0,4.438421141792309,0.2738493,0.26014520999999996,5.267861745369067,0.680138476052287,1100,eternal,Large Cap,Feb-2025
133664,7760.0,1,NTPC Ltd.,Power,Power,Domestic Equities,8421.0,8064.0,4.427083333333334,0.262272045,0.2612736,0.38214538323045144,0.651384936888343,1100,ntpc,Large Cap,Feb-2025
77009,96064.0,1,Max Healthcare Institute Ltd.,Healthcare,Healthcare,Domestic Equities,2535.0,2428.0,4.406919275123559,0.24794834999999998,0.2576715,-3.7734673799780025,0.615810275610268,1100,max-healthcare-institute,Mid Cap,Feb-2025
152378,5539.0,1,Tata Motors Ltd.,Automobile & Ancillaries,Automobile & Ancillaries,Domestic Equities,3728.0,3569.0,4.455029420005604,0.23137832,0.25557609,-9.467931839789864,0.574656564600816,1100,tata-motors,Large Cap,Feb-2025
171461,6050.0,1,Titan Company Ltd.,Diamond  &  Jewellery,Diamond & Jewellery,Domestic Equities,735.0,704.0,4.403409090909091,0.22617787499999997,0.24571359999999998,-7.950607943557052,0.561740618724403,1100,titan-company,Large Cap,Feb-2025
152406,5107.0,1,The Indian Hotels Company Ltd.,Hospitality,Hospitality,Domestic Equities,3004.0,2876.0,4.450625869262865,0.21511644,0.21992772,-2.1876642016749788,0.534268182081872,1100,the-indian-hotels-company,Mid Cap,Feb-2025
76200,82667.0,1,BSE Ltd.,Finance,Finance,Domestic Equities,463.0,443.0,4.514672686230249,0.21454031,0.235053585,-8.727063235389494,0.532837292244987,1100,bse,Mid Cap,Feb-2025
133654,6850.0,1,Ultratech Cement Ltd.,Construction Materials,Construction Materials,Domestic Equities,202.0,194.0,4.123711340206185,0.20459469,0.22285653,-8.19443791931967,0.508136119628533,1100,ultratech-cement,Large Cap,Feb-2025
152362,5226.0,1,Tata Steel Ltd.,Iron & Steel,Iron & Steel,Domestic Equities,14738.0,14112.0,4.435941043083901,0.20220536,0.189975744,6.437461826705612,0.502201924197009,1100,tata-steel,Large Cap,Feb-2025
517,7825.0,1,Power Grid Corporation Of India Ltd.,Power,Power,Domestic Equities,8056.0,7714.0,4.433497536945813,0.20208476,0.23269281,-13.153844332362477,0.501902399238531,1100,power-grid-corporation-of-india,Large Cap,Feb-2025
152473,5056.0,1,Suzlon Energy Ltd.,Capital Goods,Capital Goods,Domestic Equities,40496.0,38743.0,4.52468833079524,0.201305616,0.225368031,-10.676942463059458,0.499967299120381,1100,suzlon-energy,Mid Cap,Feb-2025
152205,8185.0,1,Trent Ltd.,Retailing,Retailing,Domestic Equities,394.0,378.0,4.232804232804233,0.19115106999999998,0.21747096,-12.10271477166423,0.474747233042275,1100,trent,Large Cap,Feb-2025
95548,5980.0,1,Persistent Systems Ltd.,IT,Information Technology,Domestic Equities,360.0,344.0,4.651162790697675,0.1909404,0.20752144,-7.990037077614734,0.474224008141756,1100,persistent-systems,Mid Cap,Feb-2025
171708,8443.0,1,Bajaj Finserv Ltd.,Finance,Finance,Domestic Equities,972.0,931.0,4.403866809881848,0.18198756,0.16163091000000002,12.594527865987995,0.451988526970396,1100,bajaj-finserv,Large Cap,Feb-2025
57445,86554.0,1,Dixon Technologies (India) Ltd.,Consumer Durables,Consumer Durables,Domestic Equities,130.0,124.0,4.838709677419355,0.18116605,0.18582578000000002,-2.5075799493482642,0.449948205671559,1100,dixon-technologies-india,Mid Cap,Feb-2025
171658,4978.0,1,Asian Paints Ltd.,Chemicals,Chemicals,Domestic Equities,804.0,770.0,4.415584415584416,0.1752519,0.17716159999999997,-1.077942398352691,0.435259685495883,1100,asian-paints,Large Cap,Feb-2025
171369,7531.0,1,Tech Mahindra Ltd.,IT,Information Technology,Domestic Equities,1129.0,1081.0,4.440333024976873,0.167978265,0.18100804499999998,-7.198453527300401,0.417194716827858,1100,tech-mahindra,Large Cap,Feb-2025
133657,7260.0,1,Coforge Ltd.,IT,Information Technology,Domestic Equities,227.0,217.0,4.6082949308755765,0.16712080499999998,0.17932554499999998,-6.805912676858165,0.415065109274814,1100,coforge,Mid Cap,Feb-2025
157113,99763.0,1,PB Fintech Ltd.,IT,Information Technology,Domestic Equities,1128.0,1080.0,4.444444444444445,0.16509408,0.18649439999999998,-11.47504697191979,0.410031488035406,1100,pb-fintech,Mid Cap,Feb-2025
152343,5043.0,1,Hindalco Industries Ltd.,Non - Ferrous Metals,Non - Ferrous Metals,Domestic Equities,2585.0,2475.0,4.444444444444445,0.163979475,0.14708925,11.482977172023109,0.407263229193407,1100,hindalco-industries,Large Cap,Feb-2025
133434,4968.0,1,JSW Steel Ltd.,Iron & Steel,Iron & Steel,Domestic Equities,1706.0,1634.0,4.406364749082008,0.16218941999999997,0.154413,5.036117425346301,0.402817407057839,1100,jsw-steel,Large Cap,Feb-2025
152211,6247.0,1,Lupin Ltd.,Healthcare,Healthcare,Domestic Equities,823.0,788.0,4.441624365482234,0.156752695,0.16393946,-4.383792041281575,0.389314630690635,1100,lupin,Mid Cap,Feb-2025
133309,5981.0,1,Bharat Electronics Ltd.,Capital Goods,Capital Goods,Domestic Equities,6361.0,6090.0,4.44991789819376,0.156639625,0.17822385000000002,-12.110738826481418,0.389033807414887,1100,bharat-electronics,Large Cap,Feb-2025
96486,15829.0,1,Interglobe Aviation Ltd.,Aviation,Aviation,Domestic Equities,348.0,334.0,4.191616766467066,0.15581004,0.14443329,7.87681981072369,0.386973430858672,1100,interglobe-aviation,Large Cap,Feb-2025
707,8442.0,1,Bajaj Auto Ltd.,Automobile & Ancillaries,Automobile & Ancillaries,Domestic Equities,197.0,188.0,4.787234042553192,0.15568713,0.16633863999999998,-6.4035091305303355,0.386668168730591,1100,bajaj-auto,Large Cap,Feb-2025
152256,5774.0,1,Oil & Natural Gas Corporation Ltd.,Crude Oil,Crude Oil,Domestic Equities,6898.0,6605.0,4.436033308099924,0.15537745,0.17345390500000002,-10.421474800466449,0.385899040296581,1100,oil-natural-gas-corporation,Large Cap,Feb-2025
56728,7719.0,1,Shriram Finance Ltd.,Finance,Finance,Domestic Equities,2485.0,2380.0,4.411764705882353,0.15339905,0.1294125,18.53495605138607,0.380985440148536,1100,shriram-finance,Large Cap,Feb-2025
152245,5078.0,1,Grasim Industries Ltd.,Diversified,Construction Materials,Domestic Equities,660.0,632.0,4.430379746835443,0.1522389,0.15855932,-3.9861548346700686,0.378104064687682,1100,grasim-industries,Large Cap,Feb-2025
152686,7802.0,1,Multi Commodity Exchange Of India Ltd.,Finance,Finance,Domestic Equities,304.0,291.0,4.4673539518900345,0.15174616,0.166828845,-9.040813655456285,0.376880284189832,1100,multi-commodity-exchange-of-india,Small Cap,Feb-2025
115643,7007.0,1,Coal India Ltd.,Mining,Mining,Domestic Equities,4034.0,3862.0,4.4536509580528225,0.14899579,0.15289658,-2.5512604663884573,0.370049401436507,1100,coal-india,Large Cap,Feb-2025
171685,5596.0,1,The Federal Bank Ltd.,Bank,Banking,Domestic Equities,8361.0,8006.0,4.434174369223083,0.14850808199999999,0.149880326,-0.915559791349806,0.368838118530623,1100,the-federal-bank,Mid Cap,Feb-2025
133317,6810.0,1,Blue Star Ltd.,Consumer Durables,Consumer Durables,Domestic Equities,773.0,741.0,4.318488529014845,0.148234345,0.134680455,10.06373938965382,0.368158258965456,1100,blue-star,Mid Cap,Feb-2025
539,7794.0,1,Adani Ports and Special Economic Zone Ltd.,Logistics,Logistics,Domestic Equities,1310.0,1255.0,4.382470119521913,0.1400914,0.137968425,1.5387397515047374,0.347934251809412,1100,adani-ports-and-special-economic-zone,Large Cap,Feb-2025
171511,5199.0,1,Wipro Ltd.,IT,Information Technology,Domestic Equities,5036.0,4822.0,4.437992534218167,0.13982454,0.15039818,-7.030430820372957,0.347271472121024,1100,wipro,Large Cap,Feb-2025
152400,5891.0,1,Nestle India Ltd.,FMCG,Fast Moving Consumer Goods,Domestic Equities,636.0,609.0,4.433497536945813,0.13926174,0.14087388,-1.1443853182719257,0.345873688981457,1100,nestle-india,Large Cap,Feb-2025
165,7447.0,1,SRF Ltd.,Chemicals,Chemicals,Domestic Equities,495.0,474.0,4.430379746835443,0.1383723,0.13318689,3.893333645676394,0.343664655158329,1100,srf,Mid Cap,Feb-2025
133330,5128.0,1,Cipla Ltd.,Healthcare,Healthcare,Domestic Equities,977.0,936.0,4.38034188034188,0.13751275,0.13847184,-0.6926245798423758,0.341529856832788,1100,cipla,Large Cap,Feb-2025
38803,5403.0,1,Indus Towers Ltd.,Telecom,Telecom,Domestic Equities,4240.0,4060.0,4.433497536945813,0.13710039999999998,0.1409632,-2.7402896642528054,0.340505734804358,1100,indus-towers,Large Cap,Feb-2025
171877,6125.0,1,Cummins India Ltd.,Automobile & Ancillaries,Automobile & Ancillaries,Domestic Equities,462.0,443.0,4.288939051918736,0.12556929,0.12909241500000002,-2.729149501153883,0.311866802433191,1100,cummins-india,Large Cap,Feb-2025
114530,88033.0,1,HDFC Asset Management Company Ltd.,Finance,Finance,Domestic Equities,345.0,331.0,4.229607250755287,0.12517635,0.12809369,-2.27750484820915,0.310890887531163,1100,hdfc-asset-management-company,Mid Cap,Feb-2025
133334,5159.0,1,CG Power and Industrial Solutions Ltd.,Capital Goods,Capital Goods,Domestic Equities,2184.0,2092.0,4.397705544933078,0.12505584,0.13281062,-5.838975828890789,0.310591586098773,1100,cg-power-and-industrial-solutions,Large Cap,Feb-2025
139924,82380.0,1,Laurus Labs Ltd.,Healthcare,Healthcare,Domestic Equities,2346.0,2246.0,4.452359750667854,0.12368112,0.13117763,-5.714777740686427,0.307177299606901,1100,laurus-labs,Small Cap,Feb-2025
7737,15826.0,1,IDFC First Bank Ltd.,Bank,Banking,Domestic Equities,21147.0,20249.0,4.434786903056941,0.123477333,0.128054676,-3.5745223391920518,0.306671169484898,1100,idfc-first-bank,Mid Cap,Feb-2025
26837,16127.0,1,Crompton Greaves Consumer Electricals Ltd.,Consumer Durables,Consumer Durables,Domestic Equities,3840.0,3677.0,4.432961653521892,0.1233216,0.12626818,-2.3335887157001873,0.306284387392371,1100,crompton-greaves-consumer-electricals,Small Cap,Feb-2025
171462,6372.0,1,Divi's Laboratories Ltd.,Healthcare,Healthcare,Domestic Equities,225.0,216.0,4.166666666666666,0.12330562499999999,0.12047832,2.3467334205855424,0.306244711511677,1100,divi's-laboratories,Large Cap,Feb-2025
2469,110949.0,1,JIO Financial Services Ltd.,Finance,Finance,Domestic Equities,5835.0,5587.0,4.43887596205477,0.12114043499999999,0.135009855,-10.272894523144263,0.30086719538524,1100,jio-financial-services,Large Cap,Feb-2025
171585,5257.0,1,Dr. Reddy's Laboratories Ltd.,Healthcare,Healthcare,Domestic Equities,1084.0,1038.0,4.431599229287091,0.1210286,0.12636093,-4.219919875550147,0.30058943938415,1100,dr-reddy's-laboratories,Large Cap,Feb-2025
152242,5741.0,1,Vedanta Ltd.,Non - Ferrous Metals,Non - Ferrous Metals,Domestic Equities,3015.0,2886.0,4.46985446985447,0.119017125,0.12738804,-6.571193810659145,0.295593693398612,1100,vedanta,Large Cap,Feb-2025
95265,83775.0,1,Central Depository Services (India) Ltd.,Business Services,Finance,Domestic Equities,1061.0,1016.0,4.429133858267717,0.11754819,0.13306552,-11.66142062947637,0.291945412346516,1100,central-depository-services-india,Small Cap,Feb-2025
171572,5156.0,1,Eicher Motors Ltd.,Automobile & Ancillaries,Automobile & Ancillaries,Domestic Equities,244.0,234.0,4.273504273504273,0.11647584,0.12154662,-4.171880715399571,0.289282099003028,1100,eicher-motors,Large Cap,Feb-2025
114442,5285.0,1,IndusInd Bank Ltd.,Bank,Banking,Domestic Equities,1174.0,1124.0,4.448398576512456,0.11623773999999999,0.11141088,4.332485301256029,0.288690748318005,1100,indusind-bank,Mid Cap,Feb-2025
135555,92715.0,1,360 One Wam Ltd.,Finance,Finance,Domestic Equities,1159.0,1110.0,4.414414414414415,0.11570297,0.11186025000000001,3.4352864399999037,0.287362581136864,1100,360-one-wam,Mid Cap,Feb-2025
58168,86912.0,1,HDFC Life Insurance Company Ltd.,Insurance,Finance,Domestic Equities,1901.0,1820.0,4.450549450549451,0.11567585,0.11612510000000001,-0.3868672664221688,0.287295225275555,1100,hdfc-life-insurance-company,Large Cap,Feb-2025
133463,8505.0,1,Glenmark Pharmaceuticals Ltd.,Healthcare,Healthcare,Domestic Equities,898.0,859.0,4.540162980209546,0.11484971,0.12482988,-7.995016898197778,0.28524340480128,1100,glenmark-pharmaceuticals,Mid Cap,Feb-2025
152907,86648.0,1,SBI Life Insurance Company Ltd.,Insurance,Finance,Domestic Equities,795.0,762.0,4.330708661417323,0.11372475,0.11305032000000001,0.5965750472886678,0.282449428040997,1100,sbi-life-insurance-company,Large Cap,Feb-2025
152401,5684.0,1,Tata Consumer Products Ltd.,Agri,Agriculture,Domestic Equities,1156.0,1107.0,4.426377597109305,0.11140372,0.11342875499999999,-1.7852924507546664,0.276684864074349,1100,tata-consumer-products,Large Cap,Feb-2025
171820,5969.0,1,Colgate-Palmolive (India) Ltd.,FMCG,Fast Moving Consumer Goods,Domestic Equities,452.0,433.0,4.387990762124711,0.11139992,0.122173115,-8.81797521492351,0.276675426306172,1100,colgate-palmolive-india,Mid Cap,Feb-2025
171635,7381.0,1,UPL Ltd.,Chemicals,Chemicals,Domestic Equities,1726.0,1653.0,4.4162129461585,0.10924716999999999,0.099799875,9.466239311421978,0.2713288064524,1100,upl,Mid Cap,Feb-2025
38020,6672.0,1,Apollo Hospitals Enterprise Ltd.,Healthcare,Healthcare,Domestic Equities,180.0,172.0,4.651162790697675,0.1089468,0.1171406,-6.994842095737948,0.270582800550424,1100,apollo-hospitals-enterprise,Mid Cap,Feb-2025
152636,5140.0,1,Fortis Healthcare Ltd.,Healthcare,Healthcare,Domestic Equities,1778.0,1702.0,4.465334900117509,0.10893806,0.10896204,-0.022007664320523517,0.270561093683616,1100,fortis-healthcare,Mid Cap,Feb-2025
141614,85778.0,1,AU Small Finance Bank Ltd.,Bank,Banking,Domestic Equities,1914.0,1833.0,4.4189852700491,0.10827498,0.11015413499999999,-1.705932328368781,0.268914252809088,1100,au-small-finance-bank,Mid Cap,Feb-2025
171327,5699.0,1,Marico Ltd.,FMCG,Fast Moving Consumer Goods,Domestic Equities,1800.0,1724.0,4.408352668213457,0.10810800000000001,0.11562006,-6.497194344995148,0.268499537406379,1100,marico,Mid Cap,Feb-2025
152455,7030.0,1,Yes Bank Ltd.,Bank,Banking,Domestic Equities,64334.0,61602.0,4.434920944125191,0.10775945,0.118460646,-9.033545199474938,0.267633870538404,1100,yes-bank,Mid Cap,Feb-2025
599,7495.0,1,Sundaram Finance Ltd.,Finance,Finance,Domestic Equities,234.0,224.0,4.464285714285714,0.10618335,0.1034208,2.67117446393763,0.263719432005583,1100,sundaram-finance,Mid Cap,Feb-2025
171659,5756.0,1,Ashok Leyland Ltd.,Automobile & Ancillaries,Automobile & Ancillaries,Domestic Equities,4888.0,4680.0,4.444444444444445,0.104085072,0.10147644,2.5706774892773248,0.258508100075014,1100,ashok-leyland,Mid Cap,Feb-2025
171514,5399.0,1,Cholamandalam Investment and Finance Company Ltd.,Finance,Finance,Domestic Equities,743.0,711.0,4.50070323488045,0.10407572500000001,0.09142393500000001,13.838597080731645,0.25848488564892,1100,cholamandalam-investment-and-finance-company,Large Cap,Feb-2025
134703,87891.0,1,Hindustan Aeronautics Ltd.,Capital Goods,Capital Goods,Domestic Equities,337.0,323.0,4.3343653250774,0.10407234000000001,0.12715864,-18.155510313730936,0.258476478584373,1100,hindustan-aeronautics,Large Cap,Feb-2025
38605,83193.0,1,Varun Beverages Ltd.,FMCG,Fast Moving Consumer Goods,Domestic Equities,2382.0,2281.0,4.427882507672074,0.10386711,0.122432675,-15.163897219431005,0.257966764594086,1100,varun-beverages,Large Cap,Feb-2025
152379,5838.0,1,Voltas Ltd.,Consumer Durables,Consumer Durables,Domestic Equities,779.0,746.0,4.423592493297587,0.10283579,0.09405941000000001,9.330677281518131,0.255405354310685,1100,voltas,Mid Cap,Feb-2025
152316,5915.0,1,Tata Power Company Ltd.,Power,Power,Domestic Equities,3002.0,2874.0,4.453723034098817,0.10182784,0.1047573,-2.7964256428907635,0.252901986301576,1100,tata-power-company,Large Cap,Feb-2025
171465,6543.0,1,Aurobindo Pharma Ltd.,Healthcare,Healthcare,Domestic Equities,954.0,913.0,4.490690032858708,0.10096182000000001,0.10699447,-5.638282053268721,0.2507511189339,1100,aurobindo-pharma,Mid Cap,Feb-2025
171946,6864.0,1,Godrej Properties Ltd.,Realty,Realty,Domestic Equities,514.0,492.0,4.471544715447155,0.09952582,0.11460893999999999,-13.160509119096645,0.247184636012048,1100,godrej-properties,Mid Cap,Feb-2025
122,5767.0,1,The Phoenix Mills Ltd.,Realty,Realty,Domestic Equities,636.0,609.0,4.433497536945813,0.09845916,0.09998562,-1.5266795365173407,0.244535454484595,1100,the-phoenix-mills,Mid Cap,Feb-2025
152572,7512.0,1,Info Edge (India) Ltd.,IT,Information Technology,Domestic Equities,139.0,133.0,4.511278195488721,0.097197835,0.10272521,-5.38073857429933,0.241402798446013,1100,info-edge-india,Large Cap,Feb-2025
133623,8531.0,1,Radico Khaitan Ltd.,Alcohol,Alcohol,Domestic Equities,466.0,446.0,4.484304932735426,0.09660413,0.09715664,-0.5686796085167226,0.239928258931306,1100,radico-khaitan,Small Cap,Feb-2025
171365,5279.0,1,Hindustan Petroleum Corporation Ltd.,Crude Oil,Crude Oil,Domestic Equities,3277.0,3138.0,4.429572976418101,0.096261875,0.11241885,-14.372122646691366,0.239078226471405,1100,hindustan-petroleum-corporation,Mid Cap,Feb-2025
171404,5514.0,1,Cholamandalam Financial Holdings Ltd.,Finance,Finance,Domestic Equities,585.0,560.0,4.464285714285714,0.09605115,0.08505280000000001,12.931202735242092,0.238554864971609,1100,cholamandalam-financial-holdings,Small Cap,Feb-2025
171628,5788.0,1,Britannia Industries Ltd.,FMCG,Fast Moving Consumer Goods,Domestic Equities,209.0,200.0,4.5,0.09604490500000001,0.10259299999999999,-6.38259432904778,0.238539354744696,1100,britannia-industries,Large Cap,Feb-2025
133439,5473.0,1,National Aluminium Company Ltd.,Non - Ferrous Metals,Non - Ferrous Metals,Domestic Equities,5344.0,5117.0,4.436193081883917,0.09490944000000001,0.10348620800000001,-8.287836771446878,0.235719287522648,1100,national-aluminium-company,Mid Cap,Feb-2025
543,5039.0,1,Karur Vysya Bank Ltd.,Bank,Banking,Domestic Equities,4685.0,4486.0,4.4360231832367365,0.09422003500000001,0.106865492,-11.833059262947101,0.234007065267259,1100,karur-vysya-bank,Small Cap,Feb-2025
152604,5456.0,1,Power Finance Corporation Ltd.,Finance,Finance,Domestic Equities,2586.0,2476.0,4.44264943457189,0.09420798,0.104611,-9.944480026001095,0.233977125189527,1100,power-finance-corporation,Large Cap,Feb-2025
133507,6902.0,1,TVS Motor Company Ltd.,Automobile & Ancillaries,Automobile & Ancillaries,Domestic Equities,417.0,399.0,4.511278195488721,0.09280334999999999,0.09807021,-5.370499359591475,0.230488553527604,1100,tvs-motor-company,Large Cap,Feb-2025
75697,6614.0,1,Adani Enterprises Ltd.,Trading,Trading,Domestic Equities,442.0,424.0,4.245283018867925,0.0926432,0.09700272,-4.494224491849304,0.230090801271383,1100,adani-enterprises,Large Cap,Feb-2025
178941,94376.0,1,Cohance Lifesciences Ltd.,Healthcare,Healthcare,Domestic Equities,757.0,724.0,4.558011049723757,0.09195278999999999,0.0763639,20.413952142308077,0.228376082974672,1100,cohance-lifesciences,Small Cap,Feb-2025
152369,6790.0,1,Bharat Forge Ltd.,Automobile & Ancillaries,Automobile & Ancillaries,Domestic Equities,893.0,855.0,4.444444444444445,0.09077344999999999,0.104656275,-13.26516255236488,0.225447046784521,1100,bharat-forge,Mid Cap,Feb-2025
101370,86936.0,1,Tube Investments of India Ltd.,Automobile & Ancillaries,Automobile & Ancillaries,Domestic Equities,364.0,348.0,4.597701149425287,0.08962226,0.11560907999999999,-22.47818250953991,0.222587924587581,1100,tube-investments-of-india,Mid Cap,Feb-2025
57412,93539.0,1,Computer Age Management Services Ltd.,Business Services,Finance,Domestic Equities,285.0,273.0,4.395604395604396,0.08957834999999999,0.09837555,-8.942465887103053,0.222478868692666,1100,computer-age-management-services,Small Cap,Feb-2025
171619,82976.0,1,Avenue Supermarts Ltd.,Retailing,Retailing,Domestic Equities,263.0,251.0,4.780876494023905,0.089523885,0.091982715,-2.6731435357175632,0.222343598154825,1100,avenue-supermarts,Large Cap,Feb-2025
587,7648.0,1,APL Apollo Tubes Ltd.,Iron & Steel,Iron & Steel,Domestic Equities,617.0,591.0,4.39932318104907,0.088783215,0.089214405,-0.4833188093335266,0.22050405295585,1100,apl-apollo-tubes,Mid Cap,Feb-2025
171335,5389.0,1,Bajaj Holdings & Investment Ltd.,Finance,Finance,Domestic Equities,76.0,73.0,4.10958904109589,0.08796506000000001,0.08438580999999999,4.2415306554502665,0.218472064212864,1100,bajaj-holdings-investment,Large Cap,Feb-2025
152222,5634.0,1,Max Financial Services Ltd.,Finance,Finance,Domestic Equities,880.0,842.0,4.513064133016627,0.08783279999999999,0.09394615,-6.507291677200187,0.21814358020782,1100,max-financial-services,Mid Cap,Feb-2025
19255,6350.0,1,Mphasis Ltd.,IT,Information Technology,Domestic Equities,386.0,369.0,4.607046070460704,0.08674385,0.105827355,-18.032676900977076,0.215439038719136,1100,mphasis,Mid Cap,Feb-2025
77639,92991.0,1,SBI Cards And Payment Services Ltd.,Finance,Finance,Domestic Equities,1021.0,978.0,4.396728016359918,0.08564147999999999,0.07610796,12.526311308304674,0.212701167007045,1100,sbi-cards-and-payment-services,Mid Cap,Feb-2025
171321,7864.0,1,Page Industries Ltd.,Textile,Textile,Domestic Equities,21.0,20.0,5.0,0.085083495,0.0894471,-4.878419758717733,0.211315342513208,1100,page-industries,Mid Cap,Feb-2025
152551,7908.0,1,GMR Airports Ltd.,Infrastructure,Aviation,Domestic Equities,12237.0,11717.0,4.437996074080396,0.08501043900000001,0.08514743899999999,-0.16089738177560772,0.211133898936371,1100,gmr-airports,Mid Cap,Feb-2025
171383,5551.0,1,Hero MotoCorp Ltd.,Automobile & Ancillaries,Automobile & Ancillaries,Domestic Equities,230.0,220.0,4.545454545454546,0.0846653,0.0954613,-11.309294970841579,0.210276703707147,1100,hero-motocorp,Large Cap,Feb-2025
26622,79332.0,1,Five-Star Business Finance Ltd.,Finance,Finance,Domestic Equities,1110.0,1063.0,4.421448730009407,0.0845265,0.08390259,0.7436123247208443,0.209931976806344,1100,five-star-business-finance,Small Cap,Feb-2025
38931,15891.0,1,Alkem Laboratories Ltd.,Healthcare,Healthcare,Domestic Equities,181.0,173.0,4.624277456647398,0.08409622,0.08759076500000001,-3.98962721697887,0.208863323413855,1100,alkem-laboratories,Mid Cap,Feb-2025
152118,7308.0,1,PI Industries Ltd.,Chemicals,Chemicals,Domestic Equities,277.0,265.0,4.528301886792453,0.083486415,0.09231937500000001,-9.567829071633135,0.207348797565554,1100,pi-industries,Mid Cap,Feb-2025
152795,99590.0,1,One97 Communications Ltd.,IT,Information Technology,Domestic Equities,1159.0,1110.0,4.414414414414415,0.08286270500000001,0.08610825,-3.7691452328899913,0.205799736936593,1100,one97-communications,Mid Cap,Feb-2025
152574,8059.0,1,Torrent Power Ltd.,Power,Power,Domestic Equities,649.0,621.0,4.508856682769726,0.08196545499999999,0.090880245,-9.809381565817747,0.203571306016237,1100,torrent-power,Mid Cap,Feb-2025
152376,5012.0,1,Bharat Petroleum Corporation Ltd.,Crude Oil,Crude Oil,Domestic Equities,3442.0,3296.0,4.429611650485437,0.08167866,0.08605855999999999,-5.089441422212959,0.202859015299265,1100,bharat-petroleum-corporation,Large Cap,Feb-2025
151967,5716.0,1,GE Vernova T&D India Ltd.,Capital Goods,Capital Goods,Domestic Equities,610.0,584.0,4.4520547945205475,0.0816363,0.10439,-21.79681961873743,0.202753809020316,1100,ge-vernova-td-india,Mid Cap,Feb-2025
96004,7992.0,1,Jubilant FoodWorks Ltd.,FMCG,Fast Moving Consumer Goods,Domestic Equities,1302.0,1247.0,4.410585404971933,0.08151821999999999,0.08777633,-7.129609998504159,0.202460542792313,1100,jubilant-foodworks,Mid Cap,Feb-2025
1152,105806.0,1,Mankind Pharma Ltd.,Healthcare,Healthcare,Domestic Equities,354.0,339.0,4.424778761061947,0.08108724,0.08256005999999999,-1.783937657022037,0.201390150863581,1100,mankind-pharma,Mid Cap,Feb-2025
134131,90516.0,1,Polycab India Ltd.,Electricals,Electricals,Domestic Equities,171.0,164.0,4.2682926829268295,0.08059913999999999,0.09902238000000001,-18.605127446946852,0.2001778943774,1100,polycab-india,Large Cap,Feb-2025
171943,4973.0,1,REC Ltd.,Finance,Finance,Domestic Equities,2218.0,2124.0,4.425612052730696,0.07991454,0.09554814,-16.362013954431767,0.198477605931509,1100,rec,Large Cap,Feb-2025
152599,8349.0,1,Redington Ltd.,Trading,Trading,Domestic Equities,3543.0,3393.0,4.420866489832007,0.07947657600000001,0.069973839,13.580413960137308,0.197389868378315,1100,redington,Small Cap,Feb-2025
133627,5088.0,1,Navin Fluorine International Ltd.,Chemicals,Chemicals,Domestic Equities,208.0,199.0,4.522613065326634,0.0782548,0.08255913,-5.213632944048706,0.194355437153853,1100,navin-fluorine-international,Small Cap,Feb-2025
617,7969.0,1,Brigade Enterprises Ltd.,Realty,Realty,Domestic Equities,823.0,788.0,4.441624365482234,0.077942215,0.09227874,-15.536108317040306,0.193579093794433,1100,brigade-enterprises,Small Cap,Feb-2025
77293,6578.0,1,Muthoot Finance Ltd.,Finance,Finance,Domestic Equities,365.0,350.0,4.285714285714286,0.0778472,0.079058,-1.531533810620052,0.193343112335644,1100,muthoot-finance,Mid Cap,Feb-2025
153405,17058.0,1,LTIMindtree Ltd.,IT,Information Technology,Domestic Equities,164.0,157.0,4.45859872611465,0.07652158,0.09285215499999999,-17.587717807949634,0.19005077174312,1100,ltimindtree,Large Cap,Feb-2025
58504,98271.0,1,Krishna Institute of Medical Sciences Ltd,Healthcare,Healthcare,Domestic Equities,1463.0,1400.0,4.5,0.076229615,0.085288,-10.620937294812876,0.189325640694179,1100,krishna-institute-of-medical-sciences,Small Cap,Feb-2025
57031,5903.0,1,Indian Oil Corporation Ltd.,Crude Oil,Crude Oil,Domestic Equities,6662.0,6379.0,4.436432042639912,0.075607038,0.08196377099999999,-7.7555399445933215,0.187779394010309,1100,indian-oil-corporation,Large Cap,Feb-2025
1427,98308.0,1,Sona BLW Precision Forgings Ltd.,Automobile & Ancillaries,Automobile & Ancillaries,Domestic Equities,1528.0,1464.0,4.371584699453552,0.07546792,0.07382952000000001,2.2191665339284277,0.187433877317327,1100,sona-blw-precision-forgings,Mid Cap,Feb-2025
171741,5431.0,1,GAIL (India) Ltd.,Inds. Gases & Fuels,Industrials Gases & Fuels,Domestic Equities,4803.0,4599.0,4.435746901500326,0.074946012,0.081457488,-7.993710780769471,0.186137654497844,1100,gail-india,Large Cap,Feb-2025
38741,90008.0,1,Angel One Ltd.,Finance,Finance,Domestic Equities,345.0,330.0,4.545454545454546,0.074835675,0.0774213,-3.3396817154968983,0.185863618964314,1100,angel-one,Small Cap,Feb-2025
191600,99819.0,1,FSN E-Commerce Ventures Ltd.,Retailing,Information Technology,Domestic Equities,4648.0,4450.0,4.449438202247191,0.07381024,0.0751605,-1.7965021520612536,0.183316824803472,1100,fsn-e-commerce-ventures,Mid Cap,Feb-2025
19275,7232.0,1,NMDC Ltd.,Mining,Mining,Domestic Equities,11793.0,11292.0,4.436769394261424,0.07368266400000001,0.07464012,-1.2827632109916205,0.182999974089518,1100,nmdc,Mid Cap,Feb-2025
56674,5695.0,1,Supreme Industries Ltd.,Plastic Products,Plastic Products,Domestic Equities,220.0,211.0,4.265402843601896,0.073238,0.08374167999999999,-12.542953520875136,0.181895596260854,1100,supreme-industries,Mid Cap,Feb-2025
152377,4902.0,1,Siemens Ltd.,Capital Goods,Capital Goods,Domestic Equities,157.0,150.0,4.666666666666667,0.07258895,0.09110025000000001,-20.319702745052844,0.180283600619887,1100,siemens,Large Cap,Feb-2025
171387,6208.0,1,Pidilite Industries Ltd.,Chemicals,Chemicals,Domestic Equities,273.0,261.0,4.597701149425287,0.07256067,0.07495137,-3.189668180848461,0.18021336375566,1100,pidilite-industries,Large Cap,Feb-2025
133642,6320.0,1,Petronet LNG Ltd.,Inds. Gases & Fuels,Industrials Gases & Fuels,Domestic Equities,2557.0,2449.0,4.409963250306247,0.07243981,0.07743738,-6.453692002492851,0.179913193055148,1100,petronet-lng,Mid Cap,Feb-2025
171837,6012.0,1,DLF Ltd.,Realty,Realty,Domestic Equities,1139.0,1091.0,4.399633363886343,0.072389145,0.08128495499999999,-10.943980961790528,0.179787360285486,1100,dlf,Large Cap,Feb-2025
171839,6306.0,1,Solar Industries India Ltd.,Chemicals,Chemicals,Domestic Equities,83.0,79.0,5.063291139240507,0.07229798,0.080537735,-10.230924671521995,0.179560940776035,1100,solar-industries-india,Mid Cap,Feb-2025
171636,86629.0,1,ICICI Lombard General Insurance Company Ltd.,Insurance,Finance,Domestic Equities,424.0,406.0,4.433497536945813,0.07169628,0.0754551,-4.981532063439049,0.178066544693808,1100,icici-lombard-general-insurance-company,Mid Cap,Feb-2025
79,7951.0,1,Balkrishna Industries Ltd.,Automobile & Ancillaries,Automobile & Ancillaries,Domestic Equities,274.0,262.0,4.580152671755725,0.07166881,0.07260675,-1.2918082685149788,0.177998319564377,1100,balkrishna-industries,Mid Cap,Feb-2025
133275,8322.0,1,Amara Raja Energy & Mobility Ltd.,Automobile & Ancillaries,Automobile & Ancillaries,Domestic Equities,730.0,699.0,4.434907010014307,0.07147795,0.07232203499999999,-1.167120090025114,0.177524295239541,1100,amara-raja-energy-mobility,Small Cap,Feb-2025
58595,86782.0,1,Indian Energy Exchange Ltd.,Power,Power,Domestic Equities,4516.0,4324.0,4.440333024976873,0.070417988,0.07549704,-6.72748494510514,0.174891749020312,1100,indian-energy-exchange,Small Cap,Feb-2025
37877,7189.0,1,JB Chemicals & Pharmaceuticals Ltd.,Healthcare,Healthcare,Domestic Equities,426.0,408.0,4.411764705882353,0.07004931,0.07196712,-2.6648419444879794,0.173976091784475,1100,jb-chemicals-pharmaceuticals,Small Cap,Feb-2025
201928,105635.0,1,Piramal Pharma Ltd.,Healthcare,Healthcare,Domestic Equities,3672.0,3516.0,4.436860068259386,0.069727608,0.08188764000000001,-14.849654966244003,0.173177105232298,1100,piramal-pharma,Small Cap,Feb-2025
133583,8200.0,1,United Spirits Ltd.,Alcohol,Alcohol,Domestic Equities,524.0,502.0,4.382470119521913,0.06730518,0.0714848,-5.8468653475983725,0.167160706839948,1100,united-spirits,Large Cap,Feb-2025
171402,5320.0,1,Godrej Consumer Products Ltd.,FMCG,Fast Moving Consumer Goods,Domestic Equities,669.0,640.0,4.53125,0.067244535,0.07176,-6.2924540133779265,0.167010087510703,1100,godrej-consumer-products,Large Cap,Feb-2025
38708,8062.0,1,Adani Power Ltd.,Power,Power,Domestic Equities,1398.0,1338.0,4.484304932735426,0.06695721,0.06866615999999999,-2.488780499739607,0.166296480473432,1100,adani-power,Large Cap,Feb-2025
152616,7532.0,1,Vodafone Idea Ltd.,Telecom,Telecom,Domestic Equities,88588.0,84825.0,4.436192160330092,0.06688394,0.076766625,-12.873673943592026,0.166114505401228,1100,vodafone-idea,Mid Cap,Feb-2025
19182,5589.0,1,Coromandel International Ltd.,Chemicals,Chemicals,Domestic Equities,401.0,384.0,4.427083333333334,0.066844695,0.06948672,-3.8022013414937494,0.166017035608563,1100,coromandel-international,Mid Cap,Feb-2025
153885,104233.0,1,Kaynes Technology India Ltd.,Electricals,Electricals,Domestic Equities,161.0,154.0,4.545454545454546,0.066720815,0.07380219,-9.59507434670977,0.165709364365973,1100,kaynes-technology-india,Mid Cap,Feb-2025
123299,91366.0,1,KPIT Technologies Ltd.,IT,Information Technology,Domestic Equities,556.0,532.0,4.511278195488721,0.06657544,0.07496944,-11.196562225888314,0.165348307642599,1100,kpit-technologies,Mid Cap,Feb-2025
152296,7356.0,1,Patanjali Foods Ltd.,FMCG,Fast Moving Consumer Goods,Domestic Equities,374.0,358.0,4.4692737430167595,0.06584456999999999,0.06532067999999999,0.8020277804823801,0.16353310195103,1100,patanjali-foods,Mid Cap,Feb-2025
75798,7006.0,1,Manappuram Finance Ltd.,Finance,Finance,Domestic Equities,3271.0,3132.0,4.438058748403576,0.065734016,0.061396596,7.064593613626406,0.163258527471265,1100,manappuram-finance,Small Cap,Feb-2025
114405,5008.0,1,Bank Of Baroda,Bank,Banking,Domestic Equities,3313.0,3172.0,4.44514501891551,0.065289291,0.067687308,-3.542786780647269,0.162153998141585,1100,bank-of-baroda,Large Cap,Feb-2025
171771,7580.0,1,Firstsource Solutions Ltd.,IT,Information Technology,Domestic Equities,1882.0,1802.0,4.439511653718091,0.0651172,0.06039403,7.820590876283638,0.161726588940676,1100,firstsource-solutions,Small Cap,Feb-2025
133630,5815.0,1,Jindal Stainless Ltd.,Iron & Steel,Iron & Steel,Domestic Equities,1113.0,1066.0,4.409005628517824,0.065093805,0.06964178,-6.530526646504449,0.161668484575804,1100,jindal-stainless,Mid Cap,Feb-2025
153260,8051.0,1,Prestige Estates Projects Ltd.,Realty,Realty,Domestic Equities,575.0,551.0,4.3557168784029034,0.0647795,0.07490845,-13.521772243318347,0.160887869384472,1100,prestige-estates-projects,Mid Cap,Feb-2025
113892,8292.0,1,KEI Industries Ltd.,Electricals,Electricals,Domestic Equities,210.0,201.0,4.477611940298507,0.06447314999999999,0.08087436,-20.27986372936986,0.160127011415733,1100,kei-industries,Mid Cap,Feb-2025
756,88308.0,1,Rail Vikas Nigam Ltd.,Infrastructure,Infrastructure,Domestic Equities,1937.0,1855.0,4.420485175202157,0.06438588,0.08835364999999999,-27.127085298683184,0.159910265618665,1100,rail-vikas-nigam,Large Cap,Feb-2025
152323,7533.0,1,Tata Elxsi Ltd.,IT,Information Technology,Domestic Equities,118.0,113.0,4.424778761061947,0.06385098,0.0715968,-10.818667873424506,0.158581775566507,1100,tata-elxsi,Mid Cap,Feb-2025
171639,5614.0,1,Havells India Ltd.,Capital Goods,Capital Goods,Domestic Equities,449.0,430.0,4.4186046511627906,0.06383882,0.06734659999999999,-5.208548018756701,0.158551574708339,1100,havells-india,Large Cap,Feb-2025
677,6026.0,1,Oil India Ltd.,Crude Oil,Crude Oil,Domestic Equities,1861.0,1781.0,4.491858506457047,0.06377647,0.074882145,-14.830871898768393,0.15839672080153,1100,oil-india,Mid Cap,Feb-2025
114433,5462.0,1,Cyient Ltd.,IT,Information Technology,Domestic Equities,503.0,482.0,4.356846473029045,0.063737645,0.07010449,-9.081936121352573,0.15830029413061,1100,cyient,Small Cap,Feb-2025
96732,87407.0,1,Amber Enterprises India Ltd.,Consumer Durables,Consumer Durables,Domestic Equities,113.0,108.0,4.62962962962963,0.063603745,0.07021944000000001,-9.421457932447206,0.15796773698351,1100,amber-enterprises-india,Small Cap,Feb-2025
114451,6891.0,1,City Union Bank Ltd.,Bank,Banking,Domestic Equities,4298.0,4115.0,4.447144592952612,0.06352444,0.07148578,-11.13695618904906,0.157770773245266,1100,city-union-bank,Small Cap,Feb-2025
152238,8313.0,1,MRF Ltd.,Automobile & Ancillaries,Automobile & Ancillaries,Domestic Equities,6.0,6.0,0.0,0.06322422,0.0681795,-7.267991111697787,0.157025139886772,1100,mrf,Mid Cap,Feb-2025
152308,5173.0,1,Shree Cement Ltd.,Construction Materials,Construction Materials,Domestic Equities,23.0,22.0,4.545454545454546,0.0627532,0.061150979999999994,2.6201051888293545,0.155855303684926,1100,shree-cement,Mid Cap,Feb-2025
352,7184.0,1,Ipca Laboratories Ltd.,Healthcare,Healthcare,Domestic Equities,463.0,443.0,4.514672686230249,0.062752705,0.06393818999999999,-1.8541109781180745,0.15585407429144,1100,ipca-laboratories,Mid Cap,Feb-2025
171752,6261.0,1,The Ramco Cements Ltd.,Construction Materials,Construction Materials,Domestic Equities,756.0,724.0,4.41988950276243,0.0626724,0.066427,-5.6522197299290875,0.155654626929992,1100,the-ramco-cements,Small Cap,Feb-2025
171336,8097.0,1,JK Cement Ltd.,Construction Materials,Construction Materials,Domestic Equities,142.0,136.0,4.411764705882353,0.062328770000000006,0.06575396,-5.209100714238342,0.154801179488184,1100,jk-cement,Mid Cap,Feb-2025
113818,7906.0,1,Samvardhana Motherson International Ltd.,Automobile & Ancillaries,Automobile & Ancillaries,Domestic Equities,5242.0,5020.0,4.422310756972111,0.06216487800000001,0.07091251999999999,-12.33582165744497,0.15439413351393,1100,samvardhana-motherson-international,Large Cap,Feb-2025
171698,8307.0,1,Oracle Financial Services Software Ltd.,IT,Information Technology,Domestic Equities,80.0,77.0,3.896103896103896,0.062111200000000005,0.070239785,-11.572622268134788,0.154260817587552,1100,oracle-financial-services-software,Mid Cap,Feb-2025
171470,5477.0,1,Piramal Enterprises Ltd.,Finance,Finance,Domestic Equities,711.0,681.0,4.405286343612335,0.06202764,0.06967311,-10.973343948619481,0.154053286032573,1100,piramal-enterprises,Small Cap,Feb-2025
58272,82478.0,1,PNB Housing Finance Ltd.,Finance,Finance,Domestic Equities,807.0,773.0,4.3984476067270375,0.061602344999999996,0.06788485999999999,-9.254662969033157,0.152997013501759,1100,pnb-housing-finance,Small Cap,Feb-2025
152608,7159.0,1,Indian Bank,Bank,Banking,Domestic Equities,1205.0,1154.0,4.419410745233969,0.061551400000000006,0.06413355,-4.026207811667994,0.152870485317599,1100,indian-bank,Mid Cap,Feb-2025
152407,5597.0,1,Castrol India Ltd.,Automobile & Ancillaries,Automobile & Ancillaries,Domestic Equities,2883.0,2761.0,4.418688880840276,0.061301229,0.048974618000000004,25.169386721913778,0.152249154816873,1100,castrol-india,Small Cap,Feb-2025
171444,98250.0,1,Kalyan Jewellers India Ltd.,Diamond  &  Jewellery,Diamond & Jewellery,Domestic Equities,1308.0,1253.0,4.389465283320032,0.060462300000000004,0.06303842999999999,-4.086602410624745,0.150165571285434,1100,kalyan-jewellers-india,Mid Cap,Feb-2025
198435,104143.0,1,KFin Technologies Ltd.,Business Services,Finance,Domestic Equities,687.0,658.0,4.407294832826747,0.059813655,0.07173845,-16.622599177986146,0.148554581511865,1100,kfin-technologies,Small Cap,Feb-2025
153691,5278.0,1,Oberoi Realty Ltd.,Realty,Realty,Domestic Equities,401.0,384.0,4.427083333333334,0.05952845,0.06960576,-14.477695524048581,0.147846239755788,1100,oberoi-realty,Mid Cap,Feb-2025
171520,5812.0,1,Kalpataru Projects International Ltd.,Infrastructure,Infrastructure,Domestic Equities,677.0,648.0,4.4753086419753085,0.059518455,0.06860052,-13.239061453178483,0.147821415941858,1100,kalpataru-projects-international,Small Cap,Feb-2025
77309,15532.0,1,Inox Wind Ltd.,Capital Goods,Capital Goods,Domestic Equities,3959.0,3791.0,4.431548404115009,0.05946022100000001,0.063912469,-6.966164927848418,0.147676784628159,1100,inox-wind,Small Cap,Feb-2025
75891,5355.0,1,Container Corporation Of India Ltd.,Logistics,Logistics,Domestic Equities,940.0,900.0,4.444444444444445,0.0586278,0.07020900000000001,-16.495321112677868,0.145609364516536,1100,container-corporation-of-india,Mid Cap,Feb-2025
96304,15914.0,1,Narayana Hrudayalaya Ltd.,Healthcare,Healthcare,Domestic Equities,404.0,387.0,4.3927648578811365,0.058357799999999994,0.053682705000000004,8.70875452345405,0.144938786251285,1100,narayana-hrudayalaya,Small Cap,Feb-2025
133445,6416.0,1,Apar Industries Ltd.,Capital Goods,Capital Goods,Domestic Equities,100.0,96.0,4.166666666666666,0.057974,0.07192272,-19.39403849020171,0.143985571665348,1100,apar-industries,Mid Cap,Feb-2025
171359,5112.0,1,Aditya Birla Real Estate Ltd.,Diversified,Paper,Domestic Equities,311.0,298.0,4.3624161073825505,0.05794241000000001,0.06416983,-9.704591706102379,0.143907114008313,1100,aditya-birla-real-estate,Small Cap,Feb-2025
133403,4970.0,1,Himadri Speciality Chemical Ltd.,Chemicals,Chemicals,Domestic Equities,1417.0,1357.0,4.421518054532056,0.057849025000000005,0.06699509,-13.651843739593449,0.143675180855349,1100,himadri-speciality-chemical,Small Cap,Feb-2025
171942,7813.0,1,Jindal Steel & Power Ltd.,Iron & Steel,Iron & Steel,Domestic Equities,674.0,646.0,4.3343653250774,0.05770451000000001,0.05113413000000001,12.849304368725937,0.143316260047931,1100,jindal-steel-power,Mid Cap,Feb-2025
139601,89162.0,1,Aavas Financiers Ltd.,Finance,Finance,Domestic Equities,341.0,326.0,4.601226993865031,0.057477255,0.055837279999999996,2.937061045953524,0.142751844256563,1100,aavas-financiers,Small Cap,Feb-2025
114411,5677.0,1,Welspun Corp Ltd.,Iron & Steel,Iron & Steel,Domestic Equities,778.0,745.0,4.429530201342282,0.05733082,0.055278999999999995,3.7117531069664746,0.142388154892592,1100,welspun-corp,Small Cap,Feb-2025
171697,5757.0,1,Aegis Logistics Ltd.,Logistics,Logistics,Domestic Equities,749.0,717.0,4.463040446304045,0.05693898,0.050222265,13.373978652695165,0.141414971976089,1100,aegis-logistics,Small Cap,Feb-2025
171434,4916.0,1,Astral Ltd.,Plastic Products,Plastic Products,Domestic Equities,421.0,403.0,4.466501240694789,0.05629822500000001,0.060744189999999997,-7.319160894235307,0.139823577989605,1100,astral,Mid Cap,Feb-2025
787,70906.0,1,RBL Bank Ltd.,Bank,Banking,Domestic Equities,3548.0,3397.0,4.445098616426259,0.056179032,0.055972369,0.36922325013614055,0.139527547488975,1100,rbl-bank,Small Cap,Feb-2025
134667,88599.0,1,Macrotech Developers Ltd.,Realty,Realty,Domestic Equities,495.0,474.0,4.430379746835443,0.055979549999999996,0.05709329999999999,-1.950754291659438,0.139032109364869,1100,macrotech-developers,Large Cap,Feb-2025
152334,5218.0,1,Ambuja Cements Ltd.,Construction Materials,Construction Materials,Domestic Equities,1193.0,1142.0,4.46584938704028,0.055468535,0.05856176,-5.281987768127179,0.137762940652954,1100,ambuja-cements,Large Cap,Feb-2025
171802,6070.0,1,Elgi Equipments Ltd.,Capital Goods,Capital Goods,Domestic Equities,1287.0,1232.0,4.464285714285714,0.05509647,0.06663888,-17.320834323746134,0.136838871385322,1100,elgi-equipments,Small Cap,Feb-2025
152519,8782.0,1,Mahindra & Mahindra Financial Services Ltd.,Finance,Finance,Domestic Equities,2019.0,1933.0,4.449042938437662,0.054634140000000005,0.055080834999999995,-0.810980806663506,0.135690617869125,1100,mahindra-mahindra-financial-services,Mid Cap,Feb-2025
171509,5522.0,1,Tata Communications Ltd.,Telecom,Telecom,Domestic Equities,400.0,383.0,4.43864229765013,0.0541,0.0625439,-13.500757068235266,0.134364015370602,1100,tata-communications,Mid Cap,Feb-2025
171886,6139.0,1,Exide Industries Ltd.,Automobile & Ancillaries,Automobile & Ancillaries,Domestic Equities,1553.0,1487.0,4.438466711499664,0.05401334,0.05568815,-3.0074800473709318,0.134148784583689,1100,exide-industries,Mid Cap,Feb-2025
133599,5561.0,1,Punjab National Bank,Bank,Banking,Domestic Equities,6123.0,5863.0,4.434589800443459,0.053508897,0.05933356,-9.81681025038781,0.132895938243475,1100,punjab-national-bank,Large Cap,Feb-2025
152513,6479.0,1,KEC International Ltd.,Infrastructure,Infrastructure,Domestic Equities,773.0,740.0,4.45945945945946,0.053062585,0.0622192,-14.716703204155626,0.131787467403769,1100,kec-international,Small Cap,Feb-2025
20865,87606.0,1,Aster DM Healthcare Ltd.,Healthcare,Healthcare,Domestic Equities,1307.0,1251.0,4.476418864908074,0.052665565,0.061492905,-14.355054457095498,0.130801419319066,1100,aster-dm-healthcare,Small Cap,Feb-2025
154545,89466.0,1,Affle 3i Ltd.,IT,Information Technology,Domestic Equities,376.0,360.0,4.444444444444445,0.0526494,0.05428619999999999,-3.0151309172496763,0.130761271549963,1100,affle-3i,Small Cap,Feb-2025
171799,4956.0,1,Dabur India Ltd.,FMCG,Fast Moving Consumer Goods,Domestic Equities,1050.0,1005.0,4.477611940298507,0.051796499999999995,0.053249925,-2.7294404640006524,0.128642989318732,1100,dabur-india,Large Cap,Feb-2025
133351,5368.0,1,Steel Authority Of India Ltd.,Iron & Steel,Iron & Steel,Domestic Equities,4932.0,4723.0,4.4251535041287315,0.051795864,0.050739189,2.082561863572554,0.128641409734374,1100,steel-authority-of-india,Mid Cap,Feb-2025
152367,6359.0,1,Abbott India Ltd.,Healthcare,Healthcare,Domestic Equities,17.0,17.0,0.0,0.051672605,0.044494610000000004,16.132279842434844,0.128335280821794,1100,abbott-india,Mid Cap,Feb-2025
171485,6291.0,1,Motilal Oswal Financial Services Ltd.,Finance,Finance,Domestic Equities,878.0,841.0,4.399524375743162,0.051670299999999995,0.053584315,-3.5719687748177886,0.128329556070308,1100,motilal-oswal-financial-services,Mid Cap,Feb-2025
171576,15890.0,1,Dr. Lal Pathlabs Ltd.,Healthcare,Healthcare,Domestic Equities,223.0,213.0,4.694835680751173,0.051523035,0.060769965,-15.21628324123602,0.127963805299077,1100,dr-lal-pathlabs,Small Cap,Feb-2025
19065,5958.0,1,Zee Entertainment Enterprises Ltd.,Media & Entertainment,Media & Entertainment,Domestic Equities,5508.0,5274.0,4.436860068259386,0.051273972,0.055688166,-7.926628433049851,0.127345226652862,1100,zee-entertainment-enterprises,Small Cap,Feb-2025
152207,5372.0,1,LIC Housing Finance Ltd.,Finance,Finance,Domestic Equities,1026.0,982.0,4.480651731160896,0.05098194,0.05873342,-13.197733079394997,0.126619929201167,1100,lic-housing-finance,Mid Cap,Feb-2025
20668,5513.0,1,Sammaan Capital Ltd.,Finance,Finance,Domestic Equities,4609.0,3913.0,17.786864298492205,0.05088336,0.05505591,-7.578750401183088,0.126375093625654,1100,sammaan-capital,Small Cap,Feb-2025
171840,6541.0,1,UNO Minda Ltd.,Automobile & Ancillaries,Automobile & Ancillaries,Domestic Equities,610.0,584.0,4.4520547945205475,0.0503799,0.05522304,-8.770143766080253,0.12512468868705,1100,uno-minda,Mid Cap,Feb-2025
171687,7000.0,1,Zensar Technologies Ltd.,IT,Information Technology,Domestic Equities,682.0,653.0,4.44104134762634,0.05036229,0.056811,-11.351164387178542,0.125080952082417,1100,zensar-technologies,Small Cap,Feb-2025
133287,5307.0,1,Atul Ltd.,Chemicals,Chemicals,Domestic Equities,94.0,90.0,4.444444444444445,0.04990789,0.056571300000000005,-11.778781820463733,0.123952393698232,1100,atul,Small Cap,Feb-2025
173672,92657.0,1,Gujarat Fluorochemicals Ltd.,Chemicals,Chemicals,Domestic Equities,139.0,133.0,4.511278195488721,0.049829415,0.047581414999999995,4.724533728137343,0.123757491367248,1100,gujarat-fluorochemicals,Mid Cap,Feb-2025
171333,7587.0,1,United Breweries Ltd.,Alcohol,Alcohol,Domestic Equities,256.0,245.0,4.489795918367347,0.04982144,0.052577,-5.240998915875761,0.123737684472191,1100,united-breweries,Mid Cap,Feb-2025
152331,7581.0,1,Torrent Pharmaceuticals Ltd.,Healthcare,Healthcare,Domestic Equities,167.0,159.0,5.031446540880504,0.049233269999999996,0.05197869,-5.28181837595369,0.122276891811923,1100,torrent-pharmaceuticals,Large Cap,Feb-2025
133327,6870.0,1,CESC Ltd.,Power,Power,Domestic Equities,3759.0,3599.0,4.445679355376494,0.049163961,0.051458501999999996,-4.459012429083145,0.122104754371233,1100,cesc,Small Cap,Feb-2025
133328,5242.0,1,Chambal Fertilisers and Chemicals Ltd.,Chemicals,Chemicals,Domestic Equities,910.0,871.0,4.477611940298507,0.048566700000000004,0.04390711,10.61238145712621,0.120621383092411,1100,chambal-fertilisers-and-chemicals,Small Cap,Feb-2025
133614,6833.0,1,Canara Bank,Bank,Banking,Domestic Equities,5987.0,5733.0,4.430490144775859,0.04843483,0.053471691,-9.419677788009366,0.120293867700416,1100,canara-bank,Mid Cap,Feb-2025
152380,4958.0,1,The Great Eastern Shipping Company Ltd.,Logistics,Logistics,Domestic Equities,591.0,565.0,4.601769911504425,0.047912369999999996,0.055596,-13.8204726958774,0.118996273920924,1100,the-great-eastern-shipping-company,Small Cap,Feb-2025
171433,6783.0,1,Berger Paints India Ltd.,Chemicals,Chemicals,Domestic Equities,971.0,930.0,4.408602150537634,0.047438205,0.043965750000000005,7.898091127752845,0.1178186267241,1100,berger-paints-india,Mid Cap,Feb-2025
152503,5921.0,1,Gujarat State Petronet Ltd.,Gas Transmission,Gas Transmission,Domestic Equities,1716.0,1643.0,4.443091905051735,0.0467181,0.05679851,-17.74766626800598,0.116030157236328,1100,gujarat-state-petronet,Small Cap,Feb-2025
133643,6434.0,1,Biocon Ltd.,Healthcare,Healthcare,Domestic Equities,1536.0,1470.0,4.489795918367347,0.04645632,0.05329485,-12.831502481008956,0.115379994353819,1100,biocon,Mid Cap,Feb-2025
171884,5613.0,1,Bata India Ltd.,FMCG,Retailing,Domestic Equities,380.0,364.0,4.395604395604396,0.0464018,0.04720352,-1.6984326592593122,0.115244587216703,1100,bata-india,Small Cap,Feb-2025
95205,5743.0,1,Poly Medicure Ltd.,Healthcare,Healthcare,Domestic Equities,226.0,217.0,4.147465437788019,0.046002299999999996,0.050560999999999995,-9.016237811752141,0.114252379746452,1100,poly-medicure,Small Cap,Feb-2025
47051,90577.0,1,Dalmia Bharat Ltd.,Construction Materials,Construction Materials,Domestic Equities,272.0,261.0,4.21455938697318,0.04595848,0.048711735000000006,-5.652139058483549,0.114143547377625,1100,dalmia-bharat,Mid Cap,Feb-2025
133272,5382.0,1,ABB India Ltd.,Capital Goods,Capital Goods,Domestic Equities,93.0,89.0,4.49438202247191,0.04589922,0.052284385,-12.212374688924822,0.113996367866519,1100,abb-india,Large Cap,Feb-2025
171810,7890.0,1,Aarti Industries Ltd.,Chemicals,Chemicals,Domestic Equities,1215.0,1163.0,4.471195184866724,0.045683999999999995,0.05171861,-11.66815968178573,0.113461842480418,1100,aarti-industries,Small Cap,Feb-2025
133635,5732.0,1,Indraprastha Gas Ltd.,Gas Transmission,Gas Transmission,Domestic Equities,2393.0,2290.0,4.497816593886463,0.045342564,0.0462122,-1.881832070319089,0.112613844107921,1100,indraprastha-gas,Mid Cap,Feb-2025
152719,5290.0,1,NBCC (India) Ltd.,Realty,Realty,Domestic Equities,6170.0,5908.0,4.434664861205145,0.04495462,0.058979564,-23.779328039793583,0.111650337387423,1100,nbcc-india,Small Cap,Feb-2025
134830,88309.0,1,Mazagon Dock Shipbuilders Ltd.,Ship Building,Ship Building,Domestic Equities,209.0,200.0,4.5,0.044538944999999996,0.04997,-10.86863117870723,0.110617957311838,1100,mazagon-dock-shipbuilders,Mid Cap,Feb-2025
114697,5402.0,1,JSW Energy Ltd.,Power,Power,Domestic Equities,949.0,908.0,4.5154185022026425,0.04404308999999999,0.04618088,-4.629166875988517,0.109386440327705,1100,jsw-energy,Large Cap,Feb-2025
191898,99941.0,1,Sapphire Foods India Ltd.,FMCG,Fast Moving Consumer Goods,Domestic Equities,1404.0,1344.0,4.464285714285714,0.043559099999999996,0.038922240000000004,11.913137578926587,0.108184391532895,1100,sapphire-foods-india,Small Cap,Feb-2025
46521,101004.0,1,Delhivery Ltd.,Logistics,Logistics,Domestic Equities,1739.0,1665.0,4.444444444444445,0.043448915000000005,0.053454825000000004,-18.718441225838827,0.107910733510092,1100,delhivery,Small Cap,Feb-2025
171410,5631.0,1,Procter & Gamble Hygiene and Health Care Ltd.,FMCG,Fast Moving Consumer Goods,Domestic Equities,32.0,30.0,6.666666666666667,0.043334080000000004,0.0435018,-0.3855472647108755,0.107625526639388,1100,procter-gamble-hygiene-and-health-care,Mid Cap,Feb-2025
19183,6082.0,1,Deepak Nitrite Ltd.,Chemicals,Chemicals,Domestic Equities,234.0,224.0,4.464285714285714,0.043320420000000005,0.05209344,-16.840930451127807,0.107591600346413,1100,deepak-nitrite,Mid Cap,Feb-2025
133402,7102.0,1,HFCL Ltd.,Telecom,Telecom,Domestic Equities,5466.0,5234.0,4.432556362246848,0.043285254,0.051308901999999997,-15.637925754092329,0.107504261252799,1100,hfcl,Small Cap,Feb-2025
152325,5528.0,1,Thermax Ltd.,Capital Goods,Capital Goods,Domestic Equities,132.0,126.0,4.761904761904762,0.04288020000000001,0.04868136,-11.916593948895418,0.10649825973927,1100,thermax,Mid Cap,Feb-2025
152241,8254.0,1,NCC Ltd.,Infrastructure,Infrastructure,Domestic Equities,2433.0,2330.0,4.420600858369099,0.0425775,0.0587859,-27.571917755788384,0.105746466995228,1100,ncc,Small Cap,Feb-2025
171565,6678.0,1,Apollo Tyres Ltd.,Automobile & Ancillaries,Automobile & Ancillaries,Domestic Equities,1135.0,1087.0,4.415823367065317,0.04248305,0.04753451,-10.62693188590773,0.10551188878355,1100,apollo-tyres,Small Cap,Feb-2025
152190,5796.0,1,Kajaria Ceramics Ltd.,Construction Materials,Construction Materials,Domestic Equities,496.0,475.0,4.421052631578947,0.04227408,0.0470915,-10.229914103394467,0.104992886042478,1100,kajaria-ceramics,Small Cap,Feb-2025
75659,6055.0,1,Lloyds Metals & Energy Ltd.,Iron & Steel,Iron & Steel,Domestic Equities,414.0,396.0,4.545454545454546,0.04227354,0.049068360000000005,-13.847660692144595,0.104991544885948,1100,lloyds-metals-energy,Mid Cap,Feb-2025
152324,4941.0,1,ACC Ltd.,Construction Materials,Construction Materials,Domestic Equities,232.0,222.0,4.504504504504505,0.04219036,0.044569830000000005,-5.338745963356829,0.104784957107787,1100,acc,Mid Cap,Feb-2025
44430,82482.0,1,L&T Technology Services Ltd.,IT,Information Technology,Domestic Equities,93.0,89.0,4.49438202247191,0.042158759999999997,0.048499215,-13.073314691794497,0.10470647461452,1100,lt-technology-services,Mid Cap,Feb-2025
84351,88646.0,1,Adani Green Energy Ltd.,Power,Power,Domestic Equities,544.0,521.0,4.414587332053743,0.042127359999999996,0.051972355,-18.942753315681003,0.104628488845895,1100,adani-green-energy,Large Cap,Feb-2025
152079,6815.0,1,Linde India Ltd.,Inds. Gases & Fuels,Industrials Gases & Fuels,Domestic Equities,71.0,68.0,4.411764705882353,0.042082055,0.04262138,-1.2653860574200122,0.104515968296609,1100,linde-india,Mid Cap,Feb-2025
97743,96921.0,1,Gland Pharma Ltd.,Healthcare,Healthcare,Domestic Equities,271.0,259.0,4.633204633204633,0.04208088,0.039491025,6.5580850332448986,0.104513050039343,1100,gland-pharma,Small Cap,Feb-2025
133386,8742.0,1,Godfrey Phillips India Ltd.,FMCG,Fast Moving Consumer Goods,Domestic Equities,81.0,77.0,5.194805194805195,0.042034140000000005,0.03478398,20.843388249418282,0.104396965490759,1100,godfrey-phillips-india,Small Cap,Feb-2025
154192,90218.0,1,Anand Rathi Wealth Ltd.,Finance,Finance,Domestic Equities,105.0,100.0,5.0,0.042011025,0.036622,14.715266779531438,0.104339556540384,1100,anand-rathi-wealth,Small Cap,Feb-2025
133850,17036.0,1,Mahanagar Gas Ltd.,Gas Transmission,Gas Transmission,Domestic Equities,339.0,325.0,4.3076923076923075,0.04195125,0.044845125,-6.453042554792749,0.104191097963327,1100,mahanagar-gas,Small Cap,Feb-2025
19098,6973.0,1,Schaeffler India Ltd.,Automobile & Ancillaries,Automobile & Ancillaries,Domestic Equities,137.0,131.0,4.580152671755725,0.041939124999999994,0.04487798,-6.54854563418407,0.104160984031971,1100,schaeffler-india,Mid Cap,Feb-2025
133437,6005.0,1,Sonata Software Ltd.,IT,Information Technology,Domestic Equities,1160.0,1111.0,4.41044104410441,0.041876,0.058771899999999995,-28.74826234986448,0.104004205317178,1100,sonata-software,Small Cap,Feb-2025
139932,15713.0,1,Adani Energy Solutions Ltd.,Power,Power,Domestic Equities,642.0,615.0,4.390243902439024,0.041787780000000004,0.046023525,-9.203434547875244,0.103785100078066,1100,adani-energy-solutions,Large Cap,Feb-2025
152444,7037.0,1,IIFL Finance Ltd.,Finance,Finance,Domestic Equities,1379.0,1321.0,4.390613171839516,0.04163201,0.047087044999999994,-11.58500177702805,0.10339822609148,1100,iifl-finance,Small Cap,Feb-2025
152397,5267.0,1,Tata Chemicals Ltd.,Chemicals,Chemicals,Domestic Equities,534.0,511.0,4.500978473581213,0.041510490000000004,0.050389710000000004,-17.621097640768316,0.103096416199653,1100,tata-chemicals,Small Cap,Feb-2025
152486,5772.0,1,AIA Engineering Ltd.,Automobile & Ancillaries,Automobile & Ancillaries,Domestic Equities,132.0,126.0,4.761904761904762,0.041464499999999994,0.04637556,-10.589758916118756,0.102982194368472,1100,aia-engineering,Mid Cap,Feb-2025
133561,8133.0,1,Birlasoft Ltd.,IT,Information Technology,Domestic Equities,975.0,934.0,4.389721627408994,0.041344874999999996,0.04993164,-17.197041795542876,0.102685090942618,1100,birlasoft,Small Cap,Feb-2025
453,8676.0,1,Natco Pharma Ltd.,Healthcare,Healthcare,Domestic Equities,533.0,510.0,4.509803921568627,0.04107831,0.05986635,-31.383306314816252,0.102023043923075,1100,natco-pharma,Small Cap,Feb-2025
153586,8183.0,1,NHPC Ltd.,Power,Power,Domestic Equities,5620.0,5381.0,4.4415536145697825,0.0409698,0.043343955,-5.477476616981537,0.101753545969141,1100,nhpc,Mid Cap,Feb-2025
133342,5963.0,1,Bharat Heavy Electricals Ltd.,Capital Goods,Capital Goods,Domestic Equities,2282.0,2185.0,4.439359267734553,0.040886594,0.045467665000000004,-10.075448123408147,0.101546893616776,1100,bharat-heavy-electricals,Mid Cap,Feb-2025
38130,7638.0,1,Jubilant Pharmova Ltd.,Healthcare,Healthcare,Domestic Equities,452.0,433.0,4.387990762124711,0.040802040000000005,0.042172035000000004,-3.2485864151445365,0.101336893340332,1100,jubilant-pharmova,Small Cap,Feb-2025
152405,5856.0,1,EIH Ltd.,Hospitality,Hospitality,Domestic Equities,1274.0,1219.0,4.5118949958982775,0.04067245,0.04516395,-9.9448786033994,0.101015040609243,1100,eih,Small Cap,Feb-2025
171371,111171.0,1,Jyoti CNC Automation Ltd.,Capital Goods,Capital Goods,Domestic Equities,507.0,486.0,4.320987654320987,0.040491555000000005,0.05228388,-22.55441830254372,0.100565765589641,1100,jyoti-cnc-automation,Small Cap,Feb-2025
94718,6682.0,1,Asahi India Glass Ltd.,Construction Materials,Construction Materials,Domestic Equities,656.0,628.0,4.45859872611465,0.04038992,0.042477919999999995,-4.915494920655231,0.100313342545239,1100,asahi-india-glass,Small Cap,Feb-2025
19805,15724.0,1,Syngene International Ltd.,Business Services,Healthcare,Domestic Equities,617.0,590.0,4.576271186440678,0.04025308,0.044052350000000004,-8.624443417888044,0.0999734835459166,1100,syngene-international,Mid Cap,Feb-2025
171535,5421.0,1,E.I.D. - Parry (India) Ltd.,Agri,Agriculture,Domestic Equities,604.0,578.0,4.498269896193772,0.04011164,0.047390220000000004,-15.358822980775363,0.0996221998798534,1100,eid-parry-india,Small Cap,Feb-2025
83342,79963.0,1,Bandhan Bank Ltd.,Bank,Banking,Domestic Equities,2838.0,2717.0,4.4534412955465585,0.040069722,0.041129946,-2.57774226107665,0.0995180913623617,1100,bandhan-bank,Small Cap,Feb-2025
133613,5313.0,1,Granules India Ltd.,Healthcare,Healthcare,Domestic Equities,863.0,826.0,4.479418886198547,0.03985334,0.04595451,-13.276542389419447,0.0989806800060969,1100,granules-india,Small Cap,Feb-2025
152374,6232.0,1,Bosch Ltd.,Automobile & Ancillaries,Automobile & Ancillaries,Domestic Equities,15.0,14.0,7.142857142857142,0.039816,0.04022081,-1.0064690392858873,0.098887941515636,1100,bosch,Large Cap,Feb-2025
133407,5997.0,1,Hindustan Zinc Ltd.,Non - Ferrous Metals,Non - Ferrous Metals,Domestic Equities,1017.0,974.0,4.414784394250513,0.03974436,0.04384461,-9.351776649398866,0.0987100147492561,1100,hindustan-zinc,Large Cap,Feb-2025
133647,6517.0,1,Ramkrishna Forgings Ltd.,Automobile & Ancillaries,Automobile & Ancillaries,Domestic Equities,612.0,586.0,4.436860068259386,0.0396576,0.04593654,-13.668726464814284,0.0984945356000222,1100,ramkrishna-forgings,Small Cap,Feb-2025
171807,7041.0,1,Hindustan Copper Ltd.,Non - Ferrous Metals,Non - Ferrous Metals,Domestic Equities,1956.0,1872.0,4.487179487179487,0.039573792,0.044737056,-11.541358465787281,0.0982863881064884,1100,hindustan-copper,Small Cap,Feb-2025
171612,88005.0,1,ICICI Securities Ltd.,Finance,Finance,Domestic Equities,493.0,472.0,4.4491525423728815,0.03953367,0.03910992,1.0834847015795552,0.0981867401762722,1100,icici-securities,Small Cap,Feb-2025
95355,98927.0,1,Devyani International Ltd.,FMCG,Fast Moving Consumer Goods,Domestic Equities,2394.0,2293.0,4.404709986916703,0.039505788,0.038671445,2.1575169999466004,0.0981174917940806,1100,devyani-international,Small Cap,Feb-2025
177212,94646.0,1,Hitachi Energy India Ltd.,Capital Goods,Capital Goods,Domestic Equities,35.0,34.0,2.941176470588235,0.039495225,0.043736069999999995,-9.696447348835864,0.0980912572821701,1100,hitachi-energy-india,Mid Cap,Feb-2025
114414,5238.0,1,Bank Of India,Bank,Banking,Domestic Equities,4146.0,3970.0,4.433249370277078,0.039453336,0.04467044,-11.679096959868753,0.0979872207897513,1100,bank-of-india,Mid Cap,Feb-2025
171968,4931.0,1,Zydus Lifesciences Ltd.,Healthcare,Healthcare,Domestic Equities,444.0,425.0,4.470588235294118,0.03892104,0.041235625000000005,-5.613071221789422,0.0966651980924183,1100,zydus-lifesciences,Large Cap,Feb-2025
57541,86814.0,1,General Insurance Corporation of India,Insurance,Finance,Domestic Equities,1055.0,1010.0,4.455445544554455,0.03891895,0.041556449999999995,-6.346788525006346,0.0966600073199207,1100,general-insurance-corporation-of-india,Mid Cap,Feb-2025
171403,76579.0,1,Equitas Small Finance Bank Ltd.,Bank,Banking,Domestic Equities,6782.0,6494.0,4.434862950415768,0.038569234,0.0431851,-10.688561564057974,0.0957914445472895,1100,equitas-small-finance-bank,Small Cap,Feb-2025
133608,7612.0,1,Union Bank Of India,Bank,Banking,Domestic Equities,3431.0,3285.0,4.444444444444445,0.03846151,0.037938465,1.3786667436334068,0.0955238987211937,1100,union-bank-of-india,Mid Cap,Feb-2025
152491,5679.0,1,PVR Inox Ltd.,Media & Entertainment,Media & Entertainment,Domestic Equities,425.0,407.0,4.422604422604422,0.038417875000000004,0.04438335,-13.440794802555466,0.0954155258226596,1100,pvr-inox,Small Cap,Feb-2025
95396,111416.0,1,Nuvama Wealth Management Ltd.,Finance,Finance,Domestic Equities,71.0,68.0,4.411764705882353,0.03834355,0.0380477,0.7775765683602418,0.0952309305279753,1100,nuvama-wealth-management,Small Cap,Feb-2025
57620,82559.0,1,ICICI Prudential Life Insurance Company Ltd.,Insurance,Finance,Domestic Equities,693.0,664.0,4.367469879518072,0.038225880000000004,0.0409024,-6.543674698795171,0.0949386825854862,1100,icici-prudential-life-insurance-company,Large Cap,Feb-2025
152383,6925.0,1,Deepak Fertilisers And Petrochemicals Corporation Ltd.,Chemicals,Chemicals,Domestic Equities,401.0,384.0,4.427083333333334,0.038221315,0.043616640000000005,-12.36987764302799,0.0949273448455571,1100,deepak-fertilisers-and-petrochemicals-corporation,Small Cap,Feb-2025
152438,6334.0,1,Jaiprakash Power Ventures Ltd.,Power,Power,Domestic Equities,28423.0,27216.0,4.434891240446796,0.037973127999999995,0.044443728,-14.559084692445246,0.094310941853269,1100,jaiprakash-power-ventures,Small Cap,Feb-2025
79346,86555.0,1,Aditya Birla Capital Ltd.,Finance,Finance,Domestic Equities,2428.0,2325.0,4.430107526881721,0.037956924,0.041708175,-8.994042534826805,0.0942706972228612,1100,aditya-birla-capital,Mid Cap,Feb-2025
133044,7653.0,1,Ratnamani Metals & Tubes Ltd.,Iron & Steel,Iron & Steel,Domestic Equities,154.0,148.0,4.054054054054054,0.03786244,0.04230728,-10.506087841146963,0.0940360345679947,1100,ratnamani-metals-tubes,Small Cap,Feb-2025
37962,6229.0,1,Gillette India Ltd.,FMCG,Fast Moving Consumer Goods,Domestic Equities,48.0,46.0,4.3478260869565215,0.03784944,0.03959335,-4.404552784747943,0.0940037474663345,1100,gillette-india,Small Cap,Feb-2025
19203,7298.0,1,PCBL Chemical Ltd.,Chemicals,Chemicals,Domestic Equities,1047.0,1003.0,4.3868394815553335,0.037482600000000005,0.038108985,-1.6436674973106686,0.0930926551299472,1100,pcbl-chemical,Small Cap,Feb-2025
9438,105416.0,1,Go Digit General Insurance Ltd.,Insurance,Finance,Domestic Equities,1224.0,1172.0,4.436860068259386,0.03731364,0.034890439999999995,6.945168934527633,0.0926730221532925,1100,go-digit-general-insurance,Small Cap,Feb-2025
94723,5905.0,1,Anant Raj Ltd.,Realty,Realty,Domestic Equities,805.0,771.0,4.409857328145266,0.037291625,0.04612893,-19.157836524714526,0.0926183451884426,1100,anant-raj,Small Cap,Feb-2025
1704,6920.0,1,L&T Finance Ltd.,Finance,Finance,Domestic Equities,2746.0,2630.0,4.410646387832699,0.036996858,0.03825861,-3.297955675859631,0.0918862550272827,1100,lt-finance,Mid Cap,Feb-2025
133374,5879.0,1,Finolex Cables Ltd.,Electricals,Electricals,Domestic Equities,451.0,432.0,4.398148148148148,0.036839935000000004,0.0432648,-14.850097538876868,0.0914965174231422,1100,finolex-cables,Small Cap,Feb-2025
140194,102059.0,1,Rainbow Children's Medicare Ltd.,Healthcare,Healthcare,Domestic Equities,297.0,284.0,4.577464788732395,0.03681612,0.0404345,-8.948744265416911,0.0914373699365239,1100,rainbow-children's-medicare,Small Cap,Feb-2025
118743,98929.0,1,Aptus Value Housing Finance India Ltd.,Finance,Finance,Domestic Equities,1191.0,1141.0,4.382120946538125,0.036629205,0.0345723,5.949575237979532,0.0909731435052301,1100,aptus-value-housing-finance-india,Small Cap,Feb-2025
96608,84153.0,1,Eris Lifesciences Ltd.,Healthcare,Healthcare,Domestic Equities,309.0,296.0,4.391891891891892,0.03654852,0.03635028,0.545360310842168,0.0907727523669643,1100,eris-lifesciences,Small Cap,Feb-2025
134823,84770.0,1,Cochin Shipyard Ltd.,Ship Building,Ship Building,Domestic Equities,288.0,276.0,4.3478260869565215,0.036534239999999996,0.042291480000000006,-13.61323841114098,0.0907372862276022,1100,cochin-shipyard,Mid Cap,Feb-2025
152391,5643.0,1,Pfizer Ltd.,Healthcare,Healthcare,Domestic Equities,90.0,86.0,4.651162790697675,0.03645675,0.039028520000000004,-6.589463295046801,0.0905448302654752,1100,pfizer,Small Cap,Feb-2025
133333,4917.0,1,CRISIL Ltd.,Ratings,Ratings,Domestic Equities,83.0,79.0,5.063291139240507,0.03642372,0.04292307,-15.141857280944727,0.0904627961910262,1100,crisil,Mid Cap,Feb-2025
614,7779.0,1,eClerx Services Ltd.,IT,Information Technology,Domestic Equities,127.0,121.0,4.958677685950414,0.03599053,0.037003615000000004,-2.7378000771005757,0.0893869154550116,1100,eclerx-services,Small Cap,Feb-2025
114652,92620.0,1,Indian Railway Catering And Tourism Corporation Ltd.,Hospitality,Hospitality,Domestic Equities,535.0,512.0,4.4921875,0.035895825,0.042101759999999995,-14.740322019792037,0.0891517039194169,1100,indian-railway-catering-and-tourism-corporation,Mid Cap,Feb-2025
114654,92672.0,1,Indian Renewable Energy Development Agency Ltd.,Finance,Finance,Domestic Equities,2298.0,2201.0,4.407087687414812,0.035853396,0.044484411,-19.402336247635155,0.0890463262704676,1100,indian-renewable-energy-development-agency,Mid Cap,Feb-2025
133191,5194.0,1,Praj Industries Ltd.,Capital Goods,Capital Goods,Domestic Equities,734.0,703.0,4.409672830725462,0.03585223,0.04440148,-19.254425753375784,0.089043430365811,1100,praj-industries,Small Cap,Feb-2025
101649,14929.0,1,Intellect Design Arena Ltd.,IT,Information Technology,Domestic Equities,538.0,515.0,4.466019417475728,0.03581466,0.041766500000000005,-14.250272347455509,0.0889501206420129,1100,intellect-design-arena,Small Cap,Feb-2025
115131,88043.0,1,Lemon Tree Hotels Ltd.,Hospitality,Hospitality,Domestic Equities,2938.0,2813.0,4.443654461429079,0.035758398,0.03831306,-6.66786208149389,0.0888103870332739,1100,lemon-tree-hotels,Small Cap,Feb-2025
58145,71025.0,1,Indian Railway Finance Corporation Ltd.,Finance,Finance,Domestic Equities,3173.0,3038.0,4.443712969058591,0.035670866,0.045855572000000004,-22.210400079623913,0.0885929905269261,1100,indian-railway-finance-corporation,Large Cap,Feb-2025
171948,7104.0,1,Emami Ltd.,FMCG,Fast Moving Consumer Goods,Domestic Equities,672.0,644.0,4.3478260869565215,0.03561264,0.03797346,-6.217026312587795,0.0884483790822131,1100,emami,Small Cap,Feb-2025
171385,89248.0,1,Indiamart Intermesh Ltd.,Retailing,Information Technology,Domestic Equities,181.0,173.0,4.624277456647398,0.035565595,0.03574872,-0.5122561031555802,0.0883315370285512,1100,indiamart-intermesh,Small Cap,Feb-2025
133495,5019.0,1,Ajanta Pharma Ltd.,Healthcare,Healthcare,Domestic Equities,143.0,137.0,4.37956204379562,0.035549085,0.036913965,-3.697462464408805,0.0882905324094427,1100,ajanta-pharma,Mid Cap,Feb-2025
171580,109023.0,1,Tata Technologies Ltd.,IT,Information Technology,Domestic Equities,526.0,503.0,4.572564612326044,0.03533405,0.039616280000000004,-10.809268310906527,0.0877564664936347,1100,tata-technologies,Mid Cap,Feb-2025
95549,7450.0,1,Aditya Birla Fashion and Retail Ltd.,Retailing,Retailing,Domestic Equities,1454.0,1392.0,4.454022988505748,0.03520861,0.03811992,-7.637240581827035,0.0874449207988456,1100,aditya-birla-fashion-and-retail,Mid Cap,Feb-2025
152318,6472.0,1,Sundram Fasteners Ltd.,Automobile & Ancillaries,Automobile & Ancillaries,Domestic Equities,377.0,361.0,4.43213296398892,0.03520803,0.03769562,-6.599148654406008,0.0874434802973869,1100,sundram-fasteners,Small Cap,Feb-2025
46444,92584.0,1,Ujjivan Small Finance Bank Ltd.,Bank,Banking,Domestic Equities,10928.0,10464.0,4.434250764525994,0.035111664,0.037586688,-6.58484195255512,0.0872041434636493,1100,ujjivan-small-finance-bank,Small Cap,Feb-2025
152386,5556.0,1,Glaxosmithkline Pharmaceuticals Ltd.,Healthcare,Healthcare,Domestic Equities,141.0,135.0,4.444444444444445,0.034902435,0.026691525,30.762236327823157,0.0866844974641673,1100,glaxosmithkline-pharmaceuticals,Mid Cap,Feb-2025
134343,87380.0,1,Newgen Software Technologies Ltd.,IT,Information Technology,Domestic Equities,372.0,356.0,4.49438202247191,0.0348285,0.03731414,-6.661388953356556,0.0865008707825329,1100,newgen-software-technologies,Small Cap,Feb-2025
152194,7698.0,1,Whirlpool Of India Ltd.,Consumer Durables,Consumer Durables,Domestic Equities,371.0,355.0,4.507042253521127,0.034430655,0.040462899999999996,-14.9080886441654,0.085512773708686,1100,whirlpool-of-india,Small Cap,Feb-2025
152303,6239.0,1,Jindal Saw Ltd.,Iron & Steel,Iron & Steel,Domestic Equities,1380.0,1321.0,4.466313398940197,0.0340101,0.033031605,2.9622992888174733,0.0844682735518618,1100,jindal-saw,Small Cap,Feb-2025
131,7518.0,1,Swan Energy Ltd.,Textile,Textile,Domestic Equities,831.0,796.0,4.396984924623116,0.0339048,0.04388746,-22.74604180784215,0.0842067480284141,1100,swan-energy,Small Cap,Feb-2025
650,8558.0,1,V-Guard Industries Ltd.,Capital Goods,Capital Goods,Domestic Equities,1090.0,1044.0,4.406130268199234,0.03373005,0.03804858,-11.350042498300853,0.0837727348734046,1100,v-guard-industries,Small Cap,Feb-2025
19777,93855.0,1,Sumitomo Chemical India Ltd.,Chemicals,Chemicals,Domestic Equities,732.0,701.0,4.42225392296719,0.03371592,0.03587017,-6.005686619271661,0.0837376412775231,1100,sumitomo-chemical-india,Small Cap,Feb-2025
76174,111823.0,1,Bharti Hexacom Ltd.,Telecom,Telecom,Domestic Equities,256.0,245.0,4.489795918367347,0.03339264,0.03319505,0.5952393504453249,0.0829347355679296,1100,bharti-hexacom,Mid Cap,Feb-2025
695,7346.0,1,Titagarh Rail Systems Ltd.,Automobile & Ancillaries,Automobile & Ancillaries,Domestic Equities,477.0,457.0,4.3763676148796495,0.033246899999999996,0.046566014999999995,-28.602651526010973,0.0825727723220865,1100,titagarh-rail-systems,Small Cap,Feb-2025
141321,96164.0,1,Happiest Minds Technologies Ltd.,IT,Information Technology,Domestic Equities,483.0,463.0,4.319654427645788,0.03314829,0.03188218,3.9712152682156625,0.0823278622378778,1100,happiest-minds-technologies,Small Cap,Feb-2025
114727,84195.0,1,Tejas Networks Ltd.,Telecom,Telecom,Domestic Equities,464.0,445.0,4.269662921348314,0.03297648,0.040768675,-19.113191684547008,0.0819011509350899,1100,tejas-networks,Small Cap,Feb-2025
76822,89008.0,1,Craftsman Automation Ltd.,Automobile & Ancillaries,Automobile & Ancillaries,Domestic Equities,73.0,70.0,4.285714285714286,0.032863505,0.029240400000000003,12.39075046852984,0.0816205636035466,1100,craftsman-automation,Small Cap,Feb-2025
154120,5531.0,1,Triveni Turbine Ltd.,Capital Goods,Capital Goods,Domestic Equities,671.0,642.0,4.517133956386292,0.0326106,0.04303647,-24.225662560149562,0.0809924428769791,1100,triveni-turbine,Small Cap,Feb-2025
102429,100653.0,1,Global Health Ltd.,Healthcare,Healthcare,Domestic Equities,283.0,271.0,4.428044280442804,0.032535095,0.02817316,15.48259052232692,0.0808049169069133,1100,global-health,Small Cap,Feb-2025
152370,5063.0,1,Escorts Kubota Ltd.,Automobile & Ancillaries,Automobile & Ancillaries,Domestic Equities,113.0,108.0,4.62962962962963,0.032419135,0.03913326,-17.157080703217677,0.0805169159601042,1100,escorts-kubota,Mid Cap,Feb-2025
152579,7542.0,1,Sobha Ltd.,Realty,Realty,Domestic Equities,265.0,231.0,14.71861471861472,0.0318159,0.03062598,3.8853287307051074,0.0790187075162579,1100,sobha,Small Cap,Feb-2025
171765,6852.0,1,Ceat Ltd.,Automobile & Ancillaries,Automobile & Ancillaries,Domestic Equities,125.0,120.0,4.166666666666666,0.03165625,0.0342798,-7.653341034661809,0.0786221970716383,1100,ceat,Small Cap,Feb-2025
171646,5397.0,1,Carborundum Universal Ltd.,Abrasives,Abrasives,Domestic Equities,380.0,364.0,4.395604395604396,0.031602700000000004,0.043195880000000006,-26.838624424366404,0.0784891990490303,1100,carborundum-universal,Small Cap,Feb-2025
95274,89247.0,1,Chalet Hotels Ltd.,Hospitality,Hospitality,Domestic Equities,423.0,405.0,4.444444444444445,0.031177215,0.031223475,-0.14815775630355105,0.0774324546298073,1100,chalet-hotels,Small Cap,Feb-2025
57781,87827.0,1,Bharat Dynamics Ltd.,Capital Goods,Capital Goods,Domestic Equities,314.0,301.0,4.318936877076411,0.030627559999999998,0.039280499999999996,-22.02858924911852,0.0760673187172652,1100,bharat-dynamics,Mid Cap,Feb-2025
98869,15650.0,1,PTC Industries Ltd.,Automobile & Ancillaries,Automobile & Ancillaries,Domestic Equities,30.0,29.0,3.4482758620689653,0.0306144,0.041190005,-25.675172896920017,0.0760346342358923,1100,ptc-industries,Small Cap,Feb-2025
153943,100386.0,1,Vedant Fashions Ltd.,Textile,Textile,Domestic Equities,363.0,348.0,4.310344827586207,0.030606345,0.032496239999999996,-5.815734374192212,0.076014628650979,1100,vedant-fashions,Small Cap,Feb-2025
113780,5843.0,1,Usha Martin Ltd.,Iron & Steel,Iron & Steel,Domestic Equities,1033.0,989.0,4.448938321536906,0.030550975,0.033813909999999996,-9.649682630609705,0.0758771104341385,1100,usha-martin,Small Cap,Feb-2025
797,86851.0,1,Nippon Life India Asset Management Ltd.,Finance,Finance,Domestic Equities,594.0,569.0,4.393673110720562,0.030490020000000003,0.03321822,-8.212962645198925,0.0757257211817001,1100,nippon-life-india-asset-management,Mid Cap,Feb-2025
133298,5393.0,1,Balrampur Chini Mills Ltd.,Agri,Agriculture,Domestic Equities,684.0,655.0,4.427480916030534,0.030386700000000003,0.031921425,-4.807821079416094,0.0754691132321975,1100,balrampur-chini-mills,Small Cap,Feb-2025
133170,6243.0,1,Timken India Ltd.,Automobile & Ancillaries,Automobile & Ancillaries,Domestic Equities,122.0,117.0,4.273504273504273,0.030185240000000002,0.03343626,-9.723037205716183,0.0749687625013923,1100,timken-india,Small Cap,Feb-2025
139455,98272.0,1,Shyam Metalics And Energy Ltd.,Iron & Steel,Iron & Steel,Domestic Equities,417.0,399.0,4.511278195488721,0.029663295,0.03045966,-2.6144907723855053,0.0736724477878506,1100,shyam-metalics-and-energy,Small Cap,Feb-2025
57415,105415.0,1,Concord Biotech Ltd.,Healthcare,Healthcare,Domestic Equities,196.0,188.0,4.25531914893617,0.02932356,0.040507419999999995,-27.609410819054876,0.0728286740584248,1100,concord-biotech,Small Cap,Feb-2025
645,8087.0,1,IRB Infrastructure Developers Ltd.,Infrastructure,Infrastructure,Domestic Equities,6770.0,6482.0,4.4430731255785245,0.02928702,0.037154824,-21.175726737394854,0.0727379224665276,1100,irb-infrastructure-developers,Mid Cap,Feb-2025
58155,95800.0,1,Life Insurance Corporation of India,Insurance,Finance,Domestic Equities,394.0,377.0,4.509283819628647,0.0291757,0.031873465,-8.463984069507344,0.0724614455313879,1100,life-insurance-corporation-of-india,Large Cap,Feb-2025
152363,7424.0,1,SKF India Ltd.,Automobile & Ancillaries,Automobile & Ancillaries,Domestic Equities,79.0,76.0,3.9473684210526314,0.02915337,0.03073326,-5.140652179430354,0.0724059862252285,1100,skf-india,Small Cap,Feb-2025
77334,87528.0,1,CreditAccess Grameen Ltd.,Finance,Finance,Domestic Equities,317.0,303.0,4.62046204620462,0.02913547,0.032810355,-11.20038170876238,0.0723615293698655,1100,creditaccess-grameen,Small Cap,Feb-2025
113807,6098.0,1,HBL Engineering Ltd.,Automobile & Ancillaries,Automobile & Ancillaries,Domestic Equities,671.0,643.0,4.354587869362364,0.02906101,0.038377455,-24.275828087089153,0.0721765987860486,1100,hbl-engineering,Small Cap,Feb-2025
56723,6834.0,1,Can Fin Homes Ltd.,Finance,Finance,Domestic Equities,503.0,482.0,4.356846473029045,0.029055795,0.03218314,-9.717339575939448,0.0721636466910365,1100,can-fin-homes,Small Cap,Feb-2025
20766,6076.0,1,Techno Electric & Engineering Company Ltd.,Infrastructure,Infrastructure,Domestic Equities,298.0,286.0,4.195804195804196,0.02902669,0.030823649999999998,-5.829809253608832,0.0720913608376657,1100,techno-electric-engineering-company,Small Cap,Feb-2025
152413,5645.0,1,Finolex Industries Ltd.,Plastic Products,Plastic Products,Domestic Equities,1692.0,1620.0,4.444444444444445,0.028897667999999998,0.0332424,-13.0698505523067,0.0717709188045576,1100,finolex-industries,Small Cap,Feb-2025
117072,93022.0,1,Home First Finance Company India Ltd.,Finance,Finance,Domestic Equities,282.0,270.0,4.444444444444445,0.02872593,0.02689065,6.824974479977255,0.0713443863226405,1100,home-first-finance-company-india,Small Cap,Feb-2025
133302,6421.0,1,BASF India Ltd.,Chemicals,Chemicals,Domestic Equities,67.0,65.0,3.076923076923077,0.028718544999999998,0.029994575000000002,-4.254202634976496,0.0713260447652743,1100,basf-india,Small Cap,Feb-2025
152553,7055.0,1,CIE Automotive India Ltd.,Automobile & Ancillaries,Automobile & Ancillaries,Domestic Equities,759.0,727.0,4.401650618982118,0.028542195000000003,0.033765515,-15.469392366738669,0.0708880578131374,1100,cie-automotive-india,Small Cap,Feb-2025
134937,5507.0,1,Kirloskar Oil Engines Ltd.,Capital Goods,Capital Goods,Domestic Equities,495.0,474.0,4.430379746835443,0.02851695,0.04282353,-33.40822206856838,0.0708253587453364,1100,kirloskar-oil-engines,Small Cap,Feb-2025
115032,83788.0,1,Housing & Urban Development Corporation Ltd.,Finance,Finance,Domestic Equities,1712.0,1639.0,4.453935326418548,0.028271967999999998,0.03764783,-24.90412329209944,0.0702169157654192,1100,housing-urban-development-corporation,Mid Cap,Feb-2025
58178,99657.0,1,Star Health and Allied Insurance Company Ltd.,Insurance,Finance,Domestic Equities,750.0,718.0,4.456824512534819,0.028147500000000002,0.03110735,-9.514953861386456,0.0699077841523851,1100,star-health-and-allied-insurance-company,Small Cap,Feb-2025
171405,6966.0,1,Poonawalla Fincorp Ltd.,Finance,Finance,Domestic Equities,995.0,953.0,4.4071353620146905,0.027989350000000003,0.02958112,-5.3810335781741765,0.0695149991425725,1100,poonawalla-fincorp,Small Cap,Feb-2025
133308,5965.0,1,BEML Ltd.,Capital Goods,Capital Goods,Domestic Equities,113.0,109.0,3.669724770642202,0.02773698,0.041907230000000004,-33.81337778707875,0.0688882071544195,1100,beml,Small Cap,Feb-2025
19064,6023.0,1,Westlife Foodworld Ltd,Hospitality,Hospitality,Domestic Equities,404.0,387.0,4.3927648578811365,0.02759522,0.028090395,-1.7627911604660553,0.0685361287289308,1100,westlife-foodworld,Small Cap,Feb-2025
152106,69868.0,1,Ircon International Ltd.,Infrastructure,Infrastructure,Domestic Equities,1943.0,1860.0,4.46236559139785,0.027524538,0.041185980000000004,-33.170127310312886,0.068360581273581,1100,ircon-international,Small Cap,Feb-2025
509,8487.0,1,K.P.R. Mill Ltd.,Textile,Textile,Domestic Equities,342.0,328.0,4.2682926829268295,0.02741472,0.030569600000000002,-10.32031822464148,0.0680878347404947,1100,kpr-mill,Small Cap,Feb-2025
97125,90518.0,1,Adani Total Gas Ltd.,Gas Transmission,Gas Transmission,Domestic Equities,492.0,471.0,4.45859872611465,0.02741178,0.03029001,-9.50224182824634,0.0680805328882731,1100,adani-total-gas,Mid Cap,Feb-2025
13,7543.0,1,Tata Investment Corporation Ltd.,Finance,Finance,Domestic Equities,45.0,43.0,4.651162790697675,0.027294525,0.025909005,5.3476387842759605,0.0677893156494139,1100,tata-investment-corporation,Mid Cap,Feb-2025
188402,98309.0,1,Jubilant Ingrevia Ltd.,Chemicals,Chemicals,Domestic Equities,442.0,423.0,4.491725768321513,0.02723604,0.029472525,-7.588372560545794,0.067644060946291,1100,jubilant-ingrevia,Small Cap,Feb-2025
133388,7039.0,1,Kansai Nerolac Paints Ltd.,Chemicals,Chemicals,Domestic Equities,1201.0,1150.0,4.434782608695651,0.027221866,0.0268065,1.5494973234103724,0.0676088580709885,1100,kansai-nerolac-paints,Small Cap,Feb-2025
196533,104025.0,1,Motherson Sumi Wiring India Ltd.,Iron & Steel,Iron & Steel,Domestic Equities,5786.0,5540.0,4.44043321299639,0.027194199999999998,0.031096020000000002,-12.54765079260948,0.0675401461514092,1100,motherson-sumi-wiring-india,Small Cap,Feb-2025
152389,5123.0,1,Sanofi India Ltd.,Healthcare,Healthcare,Domestic Equities,54.0,51.0,5.88235294117647,0.02706237,0.028178264999999997,-3.960126714685947,0.0672127301043425,1100,sanofi-india,Small Cap,Feb-2025
38814,98613.0,1,Aditya Birla Sun Life AMC Ltd.,Finance,Finance,Domestic Equities,431.0,413.0,4.358353510895883,0.026528049999999997,0.028212030000000003,-5.969013927746436,0.0658856805536434,1100,aditya-birla-sun-life-amc,Small Cap,Feb-2025
607,7527.0,1,Jyothy Labs Ltd.,FMCG,Fast Moving Consumer Goods,Domestic Equities,811.0,776.0,4.510309278350515,0.02614664,0.03091584,-15.426396306876999,0.0649384018271647,1100,jyothy-labs,Small Cap,Feb-2025
133662,6324.0,1,Century Plyboards (India) Ltd.,Construction Materials,Construction Materials,Domestic Equities,362.0,347.0,4.322766570605188,0.02611649,0.027921355000000002,-6.464102476402029,0.064863520587545,1100,century-plyboards-india,Small Cap,Feb-2025
133585,5972.0,1,Olectra Greentech Ltd.,Automobile & Ancillaries,Automobile & Ancillaries,Domestic Equities,243.0,233.0,4.291845493562231,0.026041095,0.03416246,-23.77277573102172,0.0646762678160318,1100,olectra-greentech,Small Cap,Feb-2025
190355,99127.0,1,Vijaya Diagnostic Centre Ltd.,Healthcare,Healthcare,Domestic Equities,282.0,270.0,4.444444444444445,0.02582415,0.027939600000000002,-7.571511403169698,0.0641374581799028,1100,vijaya-diagnostic-centre,Small Cap,Feb-2025
152271,6134.0,1,Raymond Ltd.,Textile,Textile,Domestic Equities,199.0,190.0,4.736842105263158,0.025737665,0.0287166,-10.37356441918611,0.0639226620270502,1100,raymond,Small Cap,Feb-2025
152559,7752.0,1,Action Construction Equipment Ltd.,Capital Goods,Capital Goods,Domestic Equities,245.0,234.0,4.700854700854701,0.02573235,0.0301392,-14.621655518394656,0.0639094615697176,1100,action-construction-equipment,Small Cap,Feb-2025
115768,100528.0,1,Data Patterns (India) Ltd.,Capital Goods,Capital Goods,Domestic Equities,176.0,168.0,4.761904761904762,0.0253044,0.037084320000000004,-31.765231235195902,0.0628465950192952,1100,data-patterns-india,Small Cap,Feb-2025
114450,5588.0,1,The Jammu & Kashmir Bank Ltd.,Bank,Banking,Domestic Equities,2657.0,2544.0,4.441823899371069,0.02518836,0.025317888,-0.5116066553418799,0.0625583953826297,1100,the-jammu-kashmir-bank,Small Cap,Feb-2025
133645,6755.0,1,Bank Of Maharashtra,Bank,Banking,Domestic Equities,5368.0,5140.0,4.43579766536965,0.024912888,0.026363059999999997,-5.500772672064618,0.0618742267312033,1100,bank-of-maharashtra,Mid Cap,Feb-2025
152305,7945.0,1,JK Lakshmi Cement Ltd.,Construction Materials,Construction Materials,Domestic Equities,370.0,354.0,4.519774011299435,0.0248492,0.02846514,-12.70304660367032,0.0617160497365467,1100,jk-lakshmi-cement,Small Cap,Feb-2025
133018,6609.0,1,CCL Products (India) Ltd.,Agri,Agriculture,Domestic Equities,427.0,408.0,4.6568627450980395,0.024774539999999998,0.02536536,-2.3292395613545436,0.0615306224280888,1100,ccl-products-india,Small Cap,Feb-2025
58780,8388.0,1,Alembic Pharmaceuticals Ltd.,Healthcare,Healthcare,Domestic Equities,333.0,319.0,4.38871473354232,0.024763544999999998,0.029352785,-15.63476855773652,0.0615033149909539,1100,alembic-pharmaceuticals,Small Cap,Feb-2025
114436,6959.0,1,Engineers India Ltd.,Capital Goods,Capital Goods,Domestic Equities,1633.0,1563.0,4.478566858605246,0.024524393999999998,0.026735115,-8.26897883177238,0.0609093540179429,1100,engineers-india,Small Cap,Feb-2025
83618,17010.0,1,BLS International Services Ltd.,Business Services,Hospitality,Domestic Equities,721.0,690.0,4.492753623188406,0.024445505,0.03010125,-18.789070221336317,0.0607134234669527,1100,bls-international-services,Small Cap,Feb-2025
97859,90258.0,1,Metropolis Healthcare Ltd.,Healthcare,Healthcare,Domestic Equities,154.0,148.0,4.054054054054054,0.0244013,0.026594120000000002,-8.245506901525609,0.0606036349031919,1100,metropolis-healthcare,Small Cap,Feb-2025
200656,105054.0,1,Signatureglobal (India) Ltd.,Realty,Realty,Domestic Equities,233.0,223.0,4.484304932735426,0.024351995,0.02690718,-9.496294297655867,0.0604811798610875,1100,signatureglobal-india,Small Cap,Feb-2025
203281,106367.0,1,NMDC Steel Ltd.,Iron & Steel,Iron & Steel,Domestic Equities,6866.0,6574.0,4.441740188621844,0.02430564,0.027702835999999998,-12.26298996969119,0.0603660515074368,1100,nmdc-steel,Small Cap,Feb-2025
171937,5730.0,1,Astrazeneca Pharma India Ltd.,Healthcare,Healthcare,Domestic Equities,36.0,35.0,2.857142857142857,0.02411514,0.025322849999999997,-4.769249906704813,0.0598929212869543,1100,astrazeneca-pharma-india,Small Cap,Feb-2025
152197,7753.0,1,Kirloskar Brothers Ltd.,Capital Goods,Capital Goods,Domestic Equities,150.0,144.0,4.166666666666666,0.02394375,0.026753040000000002,-10.500825326766602,0.0594672531059124,1100,kirloskar-brothers,Small Cap,Feb-2025
133387,5868.0,1,Godrej Industries Ltd.,Chemicals,Chemicals,Domestic Equities,217.0,208.0,4.326923076923077,0.02381792,0.01852344,28.582595889316455,0.0591547387980736,1100,godrej-industries,Mid Cap,Feb-2025
171468,102668.0,1,Bikaji Foods International Ltd.,FMCG,Fast Moving Consumer Goods,Domestic Equities,374.0,358.0,4.4692737430167595,0.02371721,0.0247378,-4.125629603279197,0.058904613105135,1100,bikaji-foods-international,Small Cap,Feb-2025
95082,5635.0,1,Capri Global Capital Ltd.,Finance,Finance,Domestic Equities,1484.0,1421.0,4.433497536945813,0.023702448,0.025312273,-6.35985950372769,0.0588679498593883,1100,capri-global-capital,Small Cap,Feb-2025
152064,6806.0,1,3M India Ltd.,Diversified,Diversified,Domestic Equities,9.0,9.0,0.0,0.023667570000000002,0.026903025,-12.02636134784099,0.0587813260492571,1100,3m-india,Mid Cap,Feb-2025
113787,7539.0,1,Honeywell Automation India Ltd.,Consumer Durables,Consumer Durables,Domestic Equities,7.0,7.0,0.0,0.023591155000000003,0.028330574999999997,-16.728993322585218,0.0585915399820751,1100,honeywell-automation-india,Mid Cap,Feb-2025
78882,109773.0,1,JSW Infrastructure Ltd.,Logistics,Logistics,Domestic Equities,922.0,883.0,4.416761041902604,0.02348795,0.0242825,-3.272109543910217,0.0583352176492411,1100,jsw-infrastructure,Mid Cap,Feb-2025
1896,5762.0,1,Jupiter Wagons Ltd.,Automobile & Ancillaries,Automobile & Ancillaries,Domestic Equities,809.0,774.0,4.521963824289406,0.023473135,0.03101031,-24.305384241563534,0.0582984227714644,1100,jupiter-wagons,Small Cap,Feb-2025
152387,5364.0,1,Gujarat Narmada Valley Fertilizers & Chemicals Ltd.,Chemicals,Chemicals,Domestic Equities,497.0,476.0,4.411764705882353,0.023301845,0.02639182,-11.708078487955731,0.057873002952743,1100,gujarat-narmada-valley-fertilizers-chemicals,Small Cap,Feb-2025
117,8100.0,1,Vardhman Textiles Ltd.,Textile,Textile,Domestic Equities,611.0,585.0,4.444444444444445,0.023199670000000002,0.026719875,-13.174481542297636,0.0576192387518097,1100,vardhman-textiles,Small Cap,Feb-2025
171411,6555.0,1,Vinati Organics Ltd.,Chemicals,Chemicals,Domestic Equities,152.0,146.0,4.10958904109589,0.023176199999999997,0.02443529,-5.15275243305891,0.057560948115197,1100,vinati-organics,Small Cap,Feb-2025
19913,93142.0,1,UTI Asset Management Company Ltd.,Finance,Finance,Domestic Equities,245.0,234.0,4.700854700854701,0.02305205,0.0243009,-5.139110074112478,0.0572526062943419,1100,uti-asset-management-company,Small Cap,Feb-2025
171853,7249.0,1,NLC India Ltd.,Power,Power,Domestic Equities,1113.0,1065.0,4.507042253521127,0.023043552,0.02363448,-2.500279253023556,0.0572315004643489,1100,nlc-india,Mid Cap,Feb-2025
134271,8157.0,1,Minda Corporation Ltd.,Automobile & Ancillaries,Automobile & Ancillaries,Domestic Equities,478.0,457.0,4.595185995623632,0.02295834,0.026067279999999998,-11.926599169533599,0.0570198659638358,1100,minda-corporation,Small Cap,Feb-2025
120445,17045.0,1,Quess Corp Ltd.,IT,Information Technology,Domestic Equities,383.0,366.0,4.644808743169399,0.022874675,0.02180628,4.899483084689363,0.0568120736284202,1100,quess-corp,Small Cap,Feb-2025
152533,5624.0,1,Godawari Power And Ispat Ltd.,Iron & Steel,Iron & Steel,Domestic Equities,1457.0,1395.0,4.444444444444445,0.022692775,0.025142085,-9.741873038771455,0.0563603025674976,1100,godawari-power-and-ispat,Small Cap,Feb-2025
19128,7053.0,1,Grindwell Norton Ltd.,Abrasives,Abrasives,Domestic Equities,157.0,151.0,3.9735099337748347,0.022574245,0.029104494999999998,-22.43725582594716,0.0560659187090526,1100,grindwell-norton,Small Cap,Feb-2025
58513,104175.0,1,Aadhar Housing Finance Ltd.,Finance,Finance,Domestic Equities,589.0,564.0,4.432624113475177,0.02242323,0.0224754,-0.23212045169385317,0.0556908543508051,1100,aadhar-housing-finance,Small Cap,Feb-2025
152392,4998.0,1,Gujarat State Fertilizers & Chemicals Ltd.,Chemicals,Chemicals,Domestic Equities,1330.0,1273.0,4.477611940298507,0.02228149,0.026106683999999998,-14.652163407654516,0.0553388255977805,1100,gujarat-state-fertilizers-chemicals,Small Cap,Feb-2025
152067,7924.0,1,JM Financial Ltd.,Finance,Finance,Domestic Equities,2399.0,2297.0,4.440574662603396,0.022140371000000002,0.025283079,-12.430084168150566,0.054988339174766,1100,jm-financial,Small Cap,Feb-2025
19510,6302.0,1,ZF Commercial Vehicle Control Systems India Ltd.,Automobile & Ancillaries,Automobile & Ancillaries,Domestic Equities,20.0,20.0,0.0,0.0218838,0.022067999999999997,-0.8346927678085863,0.0543511134855303,1100,zf-commercial-vehicle-control-systems-india,Small Cap,Feb-2025
430,6832.0,1,Caplin Point Laboratories Ltd.,Healthcare,Healthcare,Domestic Equities,120.0,115.0,4.3478260869565215,0.021869999999999997,0.023855025,-8.321202765455078,0.0543168394853064,1100,caplin-point-laboratories,Small Cap,Feb-2025
95495,88229.0,1,Garden Reach Shipbuilders & Engineers Ltd.,Ship Building,Ship Building,Domestic Equities,174.0,167.0,4.191616766467066,0.0218544,0.027124139999999998,-19.428228876565306,0.0542780949633141,1100,garden-reach-shipbuilders-engineers,Small Cap,Feb-2025
152132,7850.0,1,Mastek Ltd.,IT,Information Technology,Domestic Equities,98.0,94.0,4.25531914893617,0.02181235,0.02437702,-10.520851195100951,0.0541736586075593,1100,mastek,Small Cap,Feb-2025
137768,15760.0,1,Gujarat Gas Ltd.,Gas Transmission,Gas Transmission,Domestic Equities,588.0,563.0,4.440497335701599,0.02177658,0.027361800000000002,-20.41247286362739,0.0540848194055296,1100,gujarat-gas,Mid Cap,Feb-2025
19084,5742.0,1,Elecon Engineering Company Ltd.,Capital Goods,Capital Goods,Domestic Equities,525.0,503.0,4.3737574552683895,0.0217455,0.02677972,-18.798628215679628,0.0540076283963297,1100,elecon-engineering-company,Small Cap,Feb-2025
211056,110999.0,1,DOMS Industries Ltd.,FMCG,Fast Moving Consumer Goods,Domestic Equities,90.0,86.0,4.651162790697675,0.02165895,0.02134735,1.4596659538537502,0.0537926708079688,1100,doms-industries,Small Cap,Feb-2025
40249,8148.0,1,Schneider Electric Infrastructure Ltd.,Capital Goods,Capital Goods,Domestic Equities,348.0,333.0,4.504504504504505,0.02129934,0.022737240000000002,-6.3239865524575585,0.052899535067351,1100,schneider-electric-infrastructure,Small Cap,Feb-2025
38127,7192.0,1,JK Tyre & Industries Ltd.,Automobile & Ancillaries,Automobile & Ancillaries,Domestic Equities,803.0,769.0,4.421326397919375,0.021267455,0.02441575,-12.894525050428502,0.0528203447414713,1100,jk-tyre-industries,Small Cap,Feb-2025
171394,82477.0,1,Endurance Technologies Ltd.,Automobile & Ancillaries,Automobile & Ancillaries,Domestic Equities,120.0,115.0,4.3478260869565215,0.021189,0.022878675,-7.385370874843056,0.0526254920829519,1100,endurance-technologies,Mid Cap,Feb-2025
171624,5869.0,1,Blue Dart Express Ltd.,Logistics,Logistics,Domestic Equities,35.0,33.0,6.0606060606060606,0.020990725000000002,0.021714,-3.3309155383623517,0.0521330516920534,1100,blue-dart-express,Small Cap,Feb-2025
1840,4901.0,1,SJVN Ltd.,Power,Power,Domestic Equities,2440.0,2337.0,4.4073598630723145,0.02052284,0.022788087,-9.940487764506065,0.0509710016489541,1100,sjvn,Mid Cap,Feb-2025
19174,6780.0,1,Bayer CropScience Ltd.,Chemicals,Chemicals,Domestic Equities,43.0,41.0,4.878048780487805,0.02033513,0.02097519,-3.0515099028900337,0.0505048007372126,1100,bayer-cropscience,Small Cap,Feb-2025
114515,6989.0,1,Gujarat Pipavav Port Ltd.,Logistics,Logistics,Domestic Equities,1616.0,1548.0,4.3927648578811365,0.02019192,0.023492448000000003,-14.049314911753779,0.0501491210580772,1100,gujarat-pipavav-port,Small Cap,Feb-2025
114425,8654.0,1,Saregama India Ltd.,Media & Entertainment,Media & Entertainment,Domestic Equities,452.0,432.0,4.62962962962963,0.0200575,0.020565359999999998,-2.4694923891436864,0.0498152724269105,1100,saregama-india,Small Cap,Feb-2025
94609,5685.0,1,Welspun Living Ltd.,Textile,Textile,Domestic Equities,1857.0,1778.0,4.443194600674916,0.019855044,0.024484838,-18.908820225806682,0.0493124480073935,1100,welspun-living,Small Cap,Feb-2025
28396,92035.0,1,Sterling and Wilson Renewable Energy Ltd.,Infrastructure,Infrastructure,Domestic Equities,756.0,724.0,4.41988950276243,0.01931202,0.02395716,-19.389360007613593,0.0479637810003213,1100,sterling-and-wilson-renewable-energy,Small Cap,Feb-2025
152203,8715.0,1,KSB Ltd.,Capital Goods,Capital Goods,Domestic Equities,312.0,299.0,4.3478260869565215,0.0192504,0.021006245,-8.35868095416386,0.0478107401384519,1100,ksb,Small Cap,Feb-2025
38126,6453.0,1,The India Cements Ltd.,Construction Materials,Construction Materials,Domestic Equities,751.0,719.0,4.450625869262865,0.01903034,0.01898879,0.21881331037943486,0.0472641940160405,1100,the-india-cements,Small Cap,Feb-2025
643,7404.0,1,KNR Constructions Ltd.,Infrastructure,Infrastructure,Domestic Equities,860.0,823.0,4.495747266099635,0.0189544,0.024422525,-22.389679199837033,0.0470755876698807,1100,knr-constructions,Small Cap,Feb-2025
152585,6859.0,1,Tanla Platforms Ltd.,IT,Information Technology,Domestic Equities,430.0,412.0,4.368932038834951,0.0187609,0.02276712,-17.596516379761685,0.0465950065797844,1100,tanla-platforms,Small Cap,Feb-2025
153397,98823.0,1,Nuvoco Vistas Corporation Ltd.,Construction Materials,Construction Materials,Domestic Equities,597.0,571.0,4.553415061295972,0.018712964999999998,0.02001355,-6.498522251174843,0.0464759541014703,1100,nuvoco-vistas-corporation,Small Cap,Feb-2025
133081,5148.0,1,Trident Ltd.,Textile,Textile,Domestic Equities,7215.0,6908.0,4.444122756224667,0.018607485,0.02148388,-13.388619746526246,0.0462139815258457,1100,trident,Small Cap,Feb-2025
56649,7087.0,1,HEG Ltd.,Capital Goods,Capital Goods,Domestic Equities,502.0,481.0,4.365904365904366,0.01799168,0.0189995,-5.304455380404743,0.0446845539383172,1100,heg,Small Cap,Feb-2025
133589,7782.0,1,Cera Sanitaryware Ltd.,Construction Materials,Construction Materials,Domestic Equities,34.0,32.0,6.25,0.01799025,0.02140224,-15.942209787386732,0.0446810023571346,1100,cera-sanitaryware,Small Cap,Feb-2025
171516,6987.0,1,Tata Teleservices (Maharashtra) Ltd.,Telecom,Telecom,Domestic Equities,2995.0,2868.0,4.4281729428172945,0.01782624,0.020589371999999998,-13.420185909507095,0.0442736633153428,1100,tata-teleservices-maharashtra,Small Cap,Feb-2025
133520,5959.0,1,Triveni Engineering & Industries Ltd.,Agri,Agriculture,Domestic Equities,509.0,488.0,4.30327868852459,0.017756465,0.01870016,-5.0464541479859,0.0441003685062396,1100,triveni-engineering-industries,Small Cap,Feb-2025
65311,106730.0,1,SBFC Finance Ltd.,Finance,Finance,Domestic Equities,2010.0,1925.0,4.415584415584416,0.01774227,0.016410625,8.114529458810978,0.0440651134748499,1100,sbfc-finance,Small Cap,Feb-2025
204790,107779.0,1,Honasa Consumer Ltd.,Trading,Trading,Domestic Equities,818.0,784.0,4.336734693877551,0.017622174,0.01725584,2.122956633812085,0.0437668402624664,1100,honasa-consumer,Small Cap,Feb-2025
678,15637.0,1,PNC Infratech Ltd.,Infrastructure,Infrastructure,Domestic Equities,672.0,644.0,4.3478260869565215,0.01740144,0.0205436,-15.295079732860845,0.0432186201780151,1100,pnc-infratech,Small Cap,Feb-2025
65893,102659.0,1,Archean Chemical Industries Ltd.,Chemicals,Chemicals,Domestic Equities,342.0,327.0,4.587155963302752,0.017211149999999998,0.01914912,-10.120412844036696,0.0427460115184056,1100,archean-chemical-industries,Small Cap,Feb-2025
19178,16203.0,1,Chemplast Sanmar Ltd.,Chemicals,Chemicals,Domestic Equities,425.0,407.0,4.422604422604422,0.0171955,0.01931622,-10.978959651526026,0.0427071428152531,1100,chemplast-sanmar,Small Cap,Feb-2025
30,5093.0,1,Bombay Burmah Trading Corporation Ltd.,Agri,Agriculture,Domestic Equities,103.0,98.0,5.1020408163265305,0.017078945,0.02075787,-17.723037093882944,0.0424176641126372,1100,bombay-burmah-trading-corporation,Small Cap,Feb-2025
745,109745.0,1,RR Kabel Ltd.,Electricals,Electricals,Domestic Equities,191.0,183.0,4.371584699453552,0.017003775000000002,0.022435800000000002,-24.21141657529484,0.042230970156345,1100,rr-kabel,Small Cap,Feb-2025
75687,8264.0,1,Avanti Feeds Ltd.,FMCG,Fast Moving Consumer Goods,Domestic Equities,238.0,228.0,4.385964912280701,0.01648507,0.01613898,2.144435398023908,0.0409427023819863,1100,avanti-feeds,Small Cap,Feb-2025
152275,6296.0,1,Birla Corporation Ltd.,Construction Materials,Construction Materials,Domestic Equities,169.0,161.0,4.968944099378882,0.01643694,0.01879675,-12.55435115112985,0.0408231655971473,1100,birla-corporation,Small Cap,Feb-2025
815,89011.0,1,Rites Ltd.,Capital Goods,Capital Goods,Domestic Equities,798.0,764.0,4.450261780104712,0.01632309,0.01992894,-18.09353633459682,0.0405404050952999,1100,rites,Small Cap,Feb-2025
134702,8301.0,1,Valor Estate Ltd.,Realty,Realty,Domestic Equities,1321.0,1265.0,4.426877470355731,0.016307745,0.01978966,-17.59461759322798,0.0405022938972249,1100,valor-estate,Small Cap,Feb-2025
59494,100957.0,1,Latent View Analytics Ltd.,Business Services,Other,Domestic Equities,424.0,406.0,4.433497536945813,0.016249800000000002,0.017788889999999998,-8.651973225985424,0.0403583803506325,1100,latent-view-analytics,Small Cap,Feb-2025
152532,6617.0,1,Sun TV Network Ltd.,Media & Entertainment,Media & Entertainment,Domestic Equities,289.0,277.0,4.332129963898916,0.01622735,0.017142145,-5.336525854844883,0.0403026230096885,1100,sun-tv-network,Small Cap,Feb-2025
171894,86746.0,1,Godrej Agrovet Ltd.,FMCG,Fast Moving Consumer Goods,Domestic Equities,226.0,217.0,4.147465437788019,0.01616239,0.015838829999999998,2.042827658356081,0.0401412868463155,1100,godrej-agrovet,Small Cap,Feb-2025
152593,8261.0,1,Network 18 Media & Investments Ltd.,Media & Entertainment,Media & Entertainment,Domestic Equities,3892.0,3727.0,4.427153206332171,0.016081744,0.019633836,-18.091686209460036,0.0399409925693548,1100,network-18-media-investments,Small Cap,Feb-2025
189226,98548.0,1,Clean Science And Technology Ltd.,Chemicals,Chemicals,Domestic Equities,134.0,128.0,4.6875,0.015989549999999998,0.01838656,-13.036750757074742,0.0397120174116269,1100,clean-science-and-technology,Small Cap,Feb-2025
133345,5047.0,1,IFCI Ltd.,Finance,Finance,Domestic Equities,3848.0,3685.0,4.423337856173677,0.015811432,0.020720755,-23.692780499552253,0.0392696394136642,1100,ifci,Small Cap,Feb-2025
505,6857.0,1,Central Bank Of India,Bank,Banking,Domestic Equities,3588.0,3436.0,4.423748544819558,0.015780024,0.01788438,-11.766446474521345,0.0391916337760531,1100,central-bank-of-india,Mid Cap,Feb-2025
160595,87624.0,1,Fine Organic Industries Ltd.,Chemicals,Chemicals,Domestic Equities,45.0,43.0,4.651162790697675,0.015764175000000002,0.019155855,-17.70570929880185,0.0391522708318829,1100,fine-organic-industries,Small Cap,Feb-2025
56633,6412.0,1,Graphite India Ltd.,Capital Goods,Capital Goods,Domestic Equities,397.0,380.0,4.473684210526316,0.015540565,0.018084199999999998,-14.065510224394776,0.0385969078470951,1100,graphite-india,Small Cap,Feb-2025
152217,6011.0,1,Maharashtra Seamless Ltd.,Iron & Steel,Iron & Steel,Domestic Equities,249.0,238.0,4.621848739495799,0.015258719999999998,0.01476314,3.3568739441609297,0.0378969110649856,1100,maharashtra-seamless,Small Cap,Feb-2025
195442,101899.0,1,Syrma SGS Technology Ltd.,Electricals,Electricals,Domestic Equities,359.0,344.0,4.3604651162790695,0.014857215,0.01830252,-18.82421109224304,0.0368997239302097,1100,syrma-sgs-technology,Small Cap,Feb-2025
152107,5346.0,1,Shipping Corporation Of India Ltd.,Logistics,Logistics,Domestic Equities,1007.0,965.0,4.352331606217617,0.014696157999999999,0.01886189,-22.085443187294594,0.0364997190277413,1100,shipping-corporation-of-india,Small Cap,Feb-2025
137807,98607.0,1,GR Infraprojects Ltd.,Infrastructure,Infrastructure,Domestic Equities,146.0,139.0,5.0359712230215825,0.01467811,0.01779339,-17.508074627712876,0.0364548945961441,1100,gr-infraprojects,Small Cap,Feb-2025
555,5663.0,1,The Fertilisers And Chemicals Travancore Ltd.,Chemicals,Chemicals,Domestic Equities,212.0,203.0,4.433497536945813,0.01466404,0.018695285,-21.56289674107669,0.0364199500176549,1100,the-fertilisers-and-chemicals-travancore,Mid Cap,Feb-2025
757,97957.0,1,Railtel Corporation Of India Ltd.,Telecom,Telecom,Domestic Equities,520.0,498.0,4.417670682730924,0.0146198,0.02024868,-27.798750338293658,0.036310074527082,1100,railtel-corporation-of-india,Small Cap,Feb-2025
76268,106949.0,1,Indegene Ltd.,Healthcare,Healthcare,Domestic Equities,279.0,267.0,4.49438202247191,0.014341995000000001,0.01601199,-10.42965302876157,0.0356201115827191,1100,indegene,Small Cap,Feb-2025
210775,110911.0,1,Cello World Ltd.,Trading,Fast Moving Consumer Goods,Domestic Equities,257.0,246.0,4.471544715447155,0.014235230000000001,0.01606134,-11.369599298688644,0.0353549475512766,1100,cello-world,Small Cap,Feb-2025
133479,8056.0,1,Mahindra Lifespace Developers Ltd.,Realty,Realty,Domestic Equities,449.0,430.0,4.4186046511627906,0.014226565,0.01798045,-20.877592051366896,0.0353334269562084,1100,mahindra-lifespace-developers,Small Cap,Feb-2025
40702,7798.0,1,RHI Magnesita India Ltd.,Capital Goods,Capital Goods,Domestic Equities,361.0,346.0,4.335260115606936,0.01414037,0.0163485,-13.506621402575156,0.0351193510540851,1100,rhi-magnesita-india,Small Cap,Feb-2025
152110,5928.0,1,ITI Ltd.,Telecom,Telecom,Domestic Equities,574.0,549.0,4.553734061930783,0.01412327,0.017845245,-20.856956573025474,0.0350768810972859,1100,iti,Small Cap,Feb-2025
133909,100034.0,1,Metro Brands Ltd.,Retailing,Retailing,Domestic Equities,126.0,121.0,4.132231404958678,0.014076090000000001,0.014336685,-1.8176796100353676,0.0349597037544914,1100,metro-brands,Mid Cap,Feb-2025
192488,100187.0,1,CE Info Systems Ltd.,IT,Information Technology,Domestic Equities,84.0,80.0,5.0,0.01398432,0.0136112,2.741271893734556,0.0347317816530023,1100,ce-info-systems,Small Cap,Feb-2025
207271,109317.0,1,Netweb Technologies India Ltd.,Consumer Durables,Consumer Durables,Domestic Equities,96.0,92.0,4.3478260869565215,0.013957440000000002,0.01650526,-15.436412392170729,0.0346650218612618,1100,netweb-technologies-india,Small Cap,Feb-2025
57345,99844.0,1,AWL Agri Business Ltd.,FMCG,Fast Moving Consumer Goods,Domestic Equities,539.0,516.0,4.457364341085271,0.013267485,0.013759140000000001,-3.573297458998162,0.0329514336131098,1100,awl-agri-business,Mid Cap,Feb-2025
133353,4920.0,1,IDBI Bank Ltd.,Bank,Banking,Domestic Equities,1915.0,1834.0,4.416575790621592,0.01325946,0.014877408000000002,-10.875200841436895,0.0329315025368926,1100,idbi-bank,Mid Cap,Feb-2025
152476,5252.0,1,Shree Renuka Sugars Ltd.,Agri,Agriculture,Domestic Equities,4748.0,4547.0,4.420497031009457,0.013061748,0.017201301,-24.065348312897964,0.0324404604258583,1100,shree-renuka-sugars,Small Cap,Feb-2025
37858,5520.0,1,Alkyl Amines Chemicals Ltd.,Chemicals,Chemicals,Domestic Equities,82.0,79.0,3.79746835443038,0.01304497,0.013428025,-2.852653312754473,0.032398790195731,1100,alkyl-amines-chemicals,Small Cap,Feb-2025
133348,5626.0,1,Chennai Petroleum Corporation Ltd.,Crude Oil,Crude Oil,Domestic Equities,287.0,275.0,4.363636363636364,0.01296092,0.014889874999999999,-12.95480989598636,0.0321900416653817,1100,chennai-petroleum-corporation,Small Cap,Feb-2025
114673,111130.0,1,Inox India Ltd.,Capital Goods,Capital Goods,Domestic Equities,133.0,128.0,3.90625,0.0127547,0.011731199999999999,8.724597654118945,0.0316778688881224,1100,inox-india,Small Cap,Feb-2025
76000,6304.0,1,Rajesh Exports Ltd.,Diamond  &  Jewellery,Diamond & Jewellery,Domestic Equities,801.0,767.0,4.432855280312908,0.012753522,0.014326792999999999,-10.981320104227098,0.0316749431799874,1100,rajesh-exports,Small Cap,Feb-2025
195761,102061.0,1,Campus Activewear Ltd.,FMCG,Retailing,Domestic Equities,477.0,456.0,4.605263157894736,0.012433004999999999,0.01243512,-0.01700827977534846,0.0308788997213083,1100,campus-activewear,Small Cap,Feb-2025
133666,8476.0,1,JBM Auto Ltd.,Automobile & Ancillaries,Automobile & Ancillaries,Domestic Equities,240.0,230.0,4.3478260869565215,0.012396,0.018435649999999998,-32.76071090522981,0.0307869932446209,1100,jbm-auto,Small Cap,Feb-2025
176637,93115.0,1,Easy Trip Planners Ltd.,Hospitality,Hospitality,Domestic Equities,10509.0,10366.0,1.3795099363303107,0.012316548,0.0139941,-11.987566188608055,0.0305896644137664,1100,easy-trip-planners,Small Cap,Feb-2025
195742,102041.0,1,TBO Tek Ltd.,Hospitality,Hospitality,Domestic Equities,102.0,98.0,4.081632653061225,0.01224867,0.015269379999999999,-19.782794062365337,0.0304210810378824,1100,tbo-tek,Small Cap,Feb-2025
171754,5110.0,1,VIP Industries Ltd.,FMCG,Fast Moving Consumer Goods,Domestic Equities,397.0,380.0,4.473684210526316,0.012011235,0.014139800000000001,-15.053713631027312,0.0298313819622905,1100,vip-industries,Small Cap,Feb-2025
133628,7605.0,1,UCO Bank,Bank,Banking,Domestic Equities,3293.0,3153.0,4.4402156676181415,0.011976641,0.013718703,-12.698445326792204,0.0297454635011495,1100,uco-bank,Mid Cap,Feb-2025
114439,5439.0,1,Gujarat Mineral Development Corporation Ltd.,Mining,Mining,Domestic Equities,493.0,472.0,4.4491525423728815,0.01190102,0.01520076,-21.707730402953537,0.029557649430792,1100,gujarat-mineral-development-corporation,Small Cap,Feb-2025
58164,86911.0,1,The New India Assurance Company Ltd.,Insurance,Finance,Domestic Equities,821.0,786.0,4.4529262086514,0.011667231,0.01429341,-18.373355273514154,0.0289770056454042,1100,the-new-india-assurance-company,Mid Cap,Feb-2025
114765,102573.0,1,TVS Supply Chain Solutions Ltd.,Logistics,Logistics,Domestic Equities,834.0,798.0,4.511278195488721,0.011485014,0.011388258,0.8496119424059417,0.0285244472759258,1100,tvs-supply-chain-solutions,Small Cap,Feb-2025
133083,6007.0,1,Alok Industries Ltd.,Textile,Textile,Domestic Equities,7399.0,7084.0,4.446640316205533,0.011364863999999999,0.013239996,-14.16263267753254,0.0282260399478892,1100,alok-industries,Small Cap,Feb-2025
153043,7287.0,1,Just Dial Ltd.,Business Services,Information Technology,Domestic Equities,131.0,125.0,4.8,0.011007275,0.01114125,-1.2025131829911322,0.027337923609768,1100,just-dial,Small Cap,Feb-2025
133551,7167.0,1,Indian Overseas Bank,Bank,Banking,Domestic Equities,2340.0,2241.0,4.417670682730924,0.01018602,0.011429100000000001,-10.876446964327906,0.0252982356348478,1100,indian-overseas-bank,Large Cap,Feb-2025
289,5004.0,1,Rashtriya Chemicals and Fertilizers Ltd.,Chemicals,Chemicals,Domestic Equities,823.0,788.0,4.441624365482234,0.009630746,0.012859372,-25.107182528042582,0.0239191442435188,1100,rashtriya-chemicals-and-fertilizers,Small Cap,Feb-2025
95406,100018.0,1,Emcure Pharmaceuticals Ltd.,Healthcare,Healthcare,Domestic Equities,98.0,94.0,4.25531914893617,0.00962066,0.0115479,-16.68909498696733,0.0238940944198769,1100,emcure-pharmaceuticals,Small Cap,Feb-2025
39045,88307.0,1,Varroc Engineering Ltd.,Automobile & Ancillaries,Automobile & Ancillaries,Domestic Equities,228.0,218.0,4.587155963302752,0.009618179999999999,0.012110989999999999,-20.58304069279225,0.0238879350343294,1100,varroc-engineering,Small Cap,Feb-2025
63725,92864.0,1,Route Mobile Ltd.,IT,Information Technology,Domestic Equities,94.0,90.0,4.444444444444445,0.00921294,0.010773,-14.481203007518795,0.0228814715668842,1100,route-mobile,Small Cap,Feb-2025
171614,5038.0,1,Gujarat Ambuja Exports Ltd.,Agri,Agriculture,Domestic Equities,831.0,795.0,4.528301886792453,0.008624949,0.00904392,-4.6326261178780905,0.0214211234751694,1100,gujarat-ambuja-exports,Small Cap,Feb-2025
40323,8128.0,1,RattanIndia Enterprises Ltd.,Business Services,Other,Domestic Equities,2068.0,1980.0,4.444444444444445,0.008485004,0.01079892,-21.427290877235876,0.0210735528257971,1100,rattanindia-enterprises,Small Cap,Feb-2025
57043,5095.0,1,Balaji Amines Ltd.,Chemicals,Chemicals,Domestic Equities,64.0,62.0,3.225806451612903,0.00827744,0.01066214,-22.366054094206227,0.0205580420589508,1100,balaji-amines,Small Cap,Feb-2025
171515,5866.0,1,Sun Pharma Advanced Research Company Ltd.,Business Services,Healthcare,Domestic Equities,593.0,568.0,4.401408450704225,0.0066647270000000005,0.00908232,-26.618672321609456,0.0165526706297388,1100,sun-pharma-advanced-research-company,Small Cap,Feb-2025
171883,5324.0,1,Mangalore Refinery And Petrochemicals Ltd.,Crude Oil,Crude Oil,Domestic Equities,625.0,598.0,4.51505016722408,0.0066125,0.0077441,-14.612414612414618,0.0164229584406305,1100,mangalore-refinery-and-petrochemicals,Small Cap,Feb-2025
39219,111883.0,1,Akums Drugs & Pharmaceuticals Ltd.,Healthcare,Healthcare,Domestic Equities,127.0,121.0,4.958677685950414,0.00578485,0.006855255,-15.614371748388642,0.0143673876953166,1100,akums-drugs-pharmaceuticals,Small Cap,Feb-2025
94495,5412.0,1,MMTC Ltd.,Trading,Trading,Domestic Equities,902.0,864.0,4.398148148148148,0.004445056,0.005992704,-25.82553718655218,0.0110398442274896,1100,mmtc,Small Cap,Feb-2025
171875,5051.0,1,HDFC Bank Ltd.,Bank,Banking,Domestic Equities,13079.0,13525.0,-3.297597042513863,2.3911000000000002,2.343071,2.049831183092626,5.40788101802325,1100,hdfc-bank,Large Cap,Mar-2025
171888,8748.0,1,ICICI Bank Ltd.,Bank,Banking,Domestic Equities,12135.0,12550.0,-3.3067729083665336,1.6362,1.5111455,8.275477113223046,3.70054574116082,1100,icici-bank,Large Cap,Mar-2025
171531,4897.0,1,Reliance Industries Ltd.,Crude Oil,Crude Oil,Domestic Equities,11648.0,12074.0,-3.528242504555243,1.4852,1.4490007399999998,2.498222326649758,3.35903345237261,1100,reliance-industries,Large Cap,Mar-2025
171889,4926.0,1,Infosys Ltd.,IT,Information Technology,Domestic Equities,6189.0,6406.0,-3.3874492663128315,0.9721,1.08114062,-10.08570189509669,2.19857017172866,1100,infosys,Large Cap,Mar-2025
133593,6508.0,1,Bharti Airtel Ltd.,Telecom,Telecom,Domestic Equities,4612.0,4770.0,-3.312368972746331,0.7994,0.7489854,6.731052434399924,1.80797962686955,1100,bharti-airtel,Large Cap,Mar-2025
152372,4964.0,1,Larsen & Toubro Ltd.,Infrastructure,Infrastructure,Domestic Equities,2018.0,2093.0,-3.58337314859054,0.7047,0.662193805,6.418996172880233,1.59379940337125,1100,larsen-toubro,Large Cap,Mar-2025
152408,5535.0,1,ITC Ltd.,FMCG,Fast Moving Consumer Goods,Domestic Equities,16004.0,16536.0,-3.217223028543783,0.6557999999999999,0.653172,0.4023442523561919,1.48320370190274,1100,itc,Large Cap,Mar-2025
171915,6797.0,1,Tata Consultancy Services Ltd.,IT,Information Technology,Domestic Equities,1755.0,1817.0,-3.4122179416620804,0.6329,0.632906525,-0.0010309579285836168,1.43141144088784,1100,tata-consultancy-services,Large Cap,Mar-2025
171492,5886.0,1,Kotak Mahindra Bank Ltd.,Bank,Banking,Domestic Equities,2527.0,2611.0,-3.2171581769436997,0.5487,0.49686024500000003,10.433468067061785,1.24097876064964,1100,kotak-mahindra-bank,Large Cap,Mar-2025
171400,5889.0,1,Axis Bank Ltd.,Bank,Banking,Domestic Equities,4912.0,5072.0,-3.1545741324921135,0.5413,0.51508696,5.089051371053933,1.22424239682823,1100,axis-bank,Large Cap,Mar-2025
133350,8843.0,1,State Bank Of India,Bank,Banking,Domestic Equities,6605.0,6844.0,-3.4921098772647574,0.5096,0.47141472,8.100145875801248,1.15254743289057,1100,state-bank-of-india,Large Cap,Mar-2025
171656,5311.0,1,Mahindra & Mahindra Ltd.,Automobile & Ancillaries,Automobile & Ancillaries,Domestic Equities,1523.0,1574.0,-3.2401524777636594,0.406,0.40689474,-0.21989470790405308,0.918238339390841,1100,mahindra-mahindra,Large Cap,Mar-2025
171484,6114.0,1,Bajaj Finance Ltd.,Finance,Finance,Domestic Equities,449.0,497.0,-9.6579476861167,0.4017,0.42395591000000005,-5.249581259522957,0.90851315500813,1100,bajaj-finance,Large Cap,Mar-2025
171717,5016.0,1,Hindustan Unilever Ltd.,FMCG,Fast Moving Consumer Goods,Domestic Equities,1525.0,1578.0,-3.3586818757921417,0.34450000000000003,0.34562145,-0.3244734954962956,0.779145586010209,1100,hindustan-unilever,Large Cap,Mar-2025
420,5071.0,1,Sun Pharmaceutical Industries Ltd.,Healthcare,Healthcare,Domestic Equities,1853.0,1919.0,-3.4392912975508074,0.3214,0.305744675,5.120391712464002,0.726900990837971,1100,sun-pharmaceutical-industries,Large Cap,Mar-2025
133664,7760.0,1,NTPC Ltd.,Power,Power,Domestic Equities,8152.0,8421.0,-3.1943949649685313,0.2915,0.262272045,11.144136615856254,0.659277034316331,1100,ntpc,Large Cap,Mar-2025
171528,8219.0,1,HCL Technologies Ltd.,IT,Information Technology,Domestic Equities,1823.0,1882.0,-3.1349628055260363,0.2903,0.29642441,-2.06609502908347,0.656563029372318,1100,hcl-technologies,Large Cap,Mar-2025
77009,96064.0,1,Max Healthcare Institute Ltd.,Healthcare,Healthcare,Domestic Equities,2605.0,2535.0,2.7613412228796843,0.2858,0.24794834999999998,15.265941475311287,0.646385510832272,1100,max-healthcare-institute,Mid Cap,Mar-2025
76200,82667.0,1,BSE Ltd.,Finance,Finance,Domestic Equities,475.0,463.0,2.591792656587473,0.26030000000000003,0.21454031,21.329180516239585,0.58871290577201,1100,bse,Mid Cap,Mar-2025
133625,7239.0,1,Maruti Suzuki India Ltd.,Automobile & Ancillaries,Automobile & Ancillaries,Domestic Equities,225.0,234.0,-3.8461538461538463,0.25920000000000004,0.27953289000000003,-7.273881080684279,0.586225067906665,1100,maruti-suzuki-india,Large Cap,Mar-2025
152378,5539.0,1,Tata Motors Ltd.,Automobile & Ancillaries,Automobile & Ancillaries,Domestic Equities,3587.0,3728.0,-3.782188841201717,0.2419,0.23137832,4.547392339956491,0.547098163297154,1100,tata-motors,Large Cap,Mar-2025
156921,98676.0,1,Eternal Ltd.,Retailing,Information Technology,Domestic Equities,11944.0,12330.0,-3.1305758313057583,0.2409,0.2738493,-12.031909521039493,0.544836492510477,1100,eternal,Large Cap,Mar-2025
152473,5056.0,1,Suzlon Energy Ltd.,Capital Goods,Capital Goods,Domestic Equities,41607.0,40496.0,2.7434808376135917,0.2357,0.201305616,17.085655474211908,0.533075804419757,1100,suzlon-energy,Mid Cap,Mar-2025
133654,6850.0,1,Ultratech Cement Ltd.,Construction Materials,Construction Materials,Domestic Equities,200.0,202.0,-0.9900990099009901,0.2302,0.20459469,12.515139078145191,0.520636615093034,1100,ultratech-cement,Large Cap,Mar-2025
517,7825.0,1,Power Grid Corporation Of India Ltd.,Power,Power,Domestic Equities,7792.0,8056.0,-3.277060575968222,0.2262,0.20208476,11.933230393029143,0.511589931946326,1100,power-grid-corporation-of-india,Large Cap,Mar-2025
152362,5226.0,1,Tata Steel Ltd.,Iron & Steel,Iron & Steel,Domestic Equities,14216.0,14738.0,-3.5418645677839597,0.2193,0.20220536,8.454098348332609,0.495984403518255,1100,tata-steel,Large Cap,Mar-2025
171461,6050.0,1,Titan Company Ltd.,Diamond  &  Jewellery,Diamond & Jewellery,Domestic Equities,709.0,735.0,-3.537414965986395,0.21719999999999998,0.22617787499999997,-3.9693869261084878,0.491234894866233,1100,titan-company,Large Cap,Mar-2025
95548,5980.0,1,Persistent Systems Ltd.,IT,Information Technology,Domestic Equities,373.0,360.0,3.6111111111111107,0.2057,0.1909404,7.729951335600012,0.465225680819448,1100,persistent-systems,Mid Cap,Mar-2025
152205,8185.0,1,Trent Ltd.,Retailing,Retailing,Domestic Equities,382.0,394.0,-3.0456852791878175,0.2034,0.19115106999999998,6.407984009715466,0.460023838010091,1100,trent,Large Cap,Mar-2025
133657,7260.0,1,Coforge Ltd.,IT,Information Technology,Domestic Equities,233.0,227.0,2.643171806167401,0.1889,0.16712080499999998,13.032006996376074,0.427229611603276,1100,coforge,Mid Cap,Mar-2025
171708,8443.0,1,Bajaj Finserv Ltd.,Finance,Finance,Domestic Equities,935.0,972.0,-3.8065843621399176,0.1877,0.18198756,3.138917846912174,0.424515606659263,1100,bajaj-finserv,Large Cap,Mar-2025
133309,5981.0,1,Bharat Electronics Ltd.,Capital Goods,Capital Goods,Domestic Equities,6157.0,6361.0,-3.2070429177802238,0.1855,0.156639625,18.42469617761151,0.419539930928574,1100,bharat-electronics,Large Cap,Mar-2025
157113,99763.0,1,PB Fintech Ltd.,IT,Information Technology,Domestic Equities,1160.0,1128.0,2.8368794326241136,0.1844,0.16509408,11.693889932334343,0.417052093063229,1100,pb-fintech,Mid Cap,Mar-2025
171658,4978.0,1,Asian Paints Ltd.,Chemicals,Chemicals,Domestic Equities,777.0,804.0,-3.3582089552238807,0.1819,0.1752519,3.7934538798152992,0.411397916096537,1100,asian-paints,Large Cap,Mar-2025
57445,86554.0,1,Dixon Technologies (India) Ltd.,Consumer Durables,Consumer Durables,Domestic Equities,135.0,130.0,3.8461538461538463,0.1779,0.18116605,-1.8027936249645045,0.402351232949829,1100,dixon-technologies-india,Mid Cap,Mar-2025
152686,7802.0,1,Multi Commodity Exchange Of India Ltd.,Finance,Finance,Domestic Equities,331.0,304.0,8.881578947368421,0.17579999999999998,0.15174616,15.851366518928703,0.397601724297808,1100,multi-commodity-exchange-of-india,Small Cap,Mar-2025
133434,4968.0,1,JSW Steel Ltd.,Iron & Steel,Iron & Steel,Domestic Equities,1631.0,1706.0,-4.396248534583822,0.1734,0.16218941999999997,6.912029157019006,0.392173714409783,1100,jsw-steel,Large Cap,Mar-2025
96486,15829.0,1,Interglobe Aviation Ltd.,Aviation,Aviation,Domestic Equities,337.0,348.0,-3.1609195402298855,0.1724,0.15581004,10.647555189639887,0.389912043623106,1100,interglobe-aviation,Large Cap,Mar-2025
152245,5078.0,1,Grasim Industries Ltd.,Diversified,Construction Materials,Domestic Equities,659.0,660.0,-0.15151515151515152,0.1721,0.1522389,13.04600860883782,0.389233542387103,1100,grasim-industries,Large Cap,Mar-2025
152211,6247.0,1,Lupin Ltd.,Healthcare,Healthcare,Domestic Equities,846.0,823.0,2.7946537059538272,0.1716,0.156752695,9.471802063753989,0.388102706993764,1100,lupin,Mid Cap,Mar-2025
152343,5043.0,1,Hindalco Industries Ltd.,Non - Ferrous Metals,Non - Ferrous Metals,Domestic Equities,2489.0,2585.0,-3.713733075435203,0.1699,0.163979475,3.610528085908298,0.384257866656414,1100,hindalco-industries,Large Cap,Mar-2025
171685,5596.0,1,The Federal Bank Ltd.,Bank,Banking,Domestic Equities,8594.0,8361.0,2.7867479966511186,0.1656,0.14850808199999999,11.509082717801173,0.374532682273703,1100,the-federal-bank,Mid Cap,Mar-2025
152256,5774.0,1,Oil & Natural Gas Corporation Ltd.,Crude Oil,Crude Oil,Domestic Equities,6677.0,6898.0,-3.203827196288779,0.16449999999999998,0.15537745,5.871218764370249,0.372044844408358,1100,oil-natural-gas-corporation,Large Cap,Mar-2025
56728,7719.0,1,Shriram Finance Ltd.,Finance,Finance,Domestic Equities,2406.0,2485.0,-3.1790744466800804,0.1578,0.15339905,2.868955185837197,0.356891650137623,1100,shriram-finance,Large Cap,Mar-2025
139924,82380.0,1,Laurus Labs Ltd.,Healthcare,Healthcare,Domestic Equities,2546.0,2346.0,8.525149190110827,0.1562,0.12368112,26.292517402817822,0.353272976878939,1100,laurus-labs,Small Cap,Mar-2025
115643,7007.0,1,Coal India Ltd.,Mining,Mining,Domestic Equities,3905.0,4034.0,-3.1978185423896877,0.1555,0.14899579,4.365364954271537,0.351689807328266,1100,coal-india,Large Cap,Mar-2025
38803,5403.0,1,Indus Towers Ltd.,Telecom,Telecom,Domestic Equities,4632.0,4240.0,9.245283018867925,0.1548,0.13710039999999998,12.909955040247887,0.350106637777592,1100,indus-towers,Large Cap,Mar-2025
171369,7531.0,1,Tech Mahindra Ltd.,IT,Information Technology,Domestic Equities,1090.0,1129.0,-3.454384410983171,0.15460000000000002,0.167978265,-7.964283355349567,0.349654303620256,1100,tech-mahindra,Large Cap,Mar-2025
539,7794.0,1,Adani Ports and Special Economic Zone Ltd.,Logistics,Logistics,Domestic Equities,1268.0,1310.0,-3.2061068702290076,0.15,0.1400914,7.072953800161891,0.339250618001542,1100,adani-ports-and-special-economic-zone,Large Cap,Mar-2025
707,8442.0,1,Bajaj Auto Ltd.,Automobile & Ancillaries,Automobile & Ancillaries,Domestic Equities,190.0,197.0,-3.5532994923857872,0.1497,0.15568713,-3.845616525913221,0.338572116765539,1100,bajaj-auto,Large Cap,Mar-2025
165,7447.0,1,SRF Ltd.,Chemicals,Chemicals,Domestic Equities,508.0,495.0,2.6262626262626263,0.1493,0.1383723,7.8973175989703135,0.337667448450868,1100,srf,Mid Cap,Mar-2025
26837,16127.0,1,Crompton Greaves Consumer Electricals Ltd.,Consumer Durables,Consumer Durables,Domestic Equities,4180.0,3840.0,8.854166666666668,0.14800000000000002,0.1233216,20.01141730240283,0.334727276428188,1100,crompton-greaves-consumer-electricals,Small Cap,Mar-2025
171877,6125.0,1,Cummins India Ltd.,Automobile & Ancillaries,Automobile & Ancillaries,Domestic Equities,474.0,462.0,2.5974025974025974,0.1447,0.12556929,15.235182105433584,0.327263762832155,1100,cummins-india,Large Cap,Mar-2025
114530,88033.0,1,HDFC Asset Management Company Ltd.,Finance,Finance,Domestic Equities,355.0,345.0,2.898550724637681,0.1425,0.12517635,13.83939538099649,0.322288087101465,1100,hdfc-asset-management-company,Mid Cap,Mar-2025
95265,83775.0,1,Central Depository Services (India) Ltd.,Business Services,Finance,Domestic Equities,1158.0,1061.0,9.142318567389255,0.1413,0.11754819,20.206019335559326,0.319574082157453,1100,central-depository-services-india,Small Cap,Mar-2025
133330,5128.0,1,Cipla Ltd.,Healthcare,Healthcare,Domestic Equities,967.0,977.0,-1.023541453428864,0.13949999999999999,0.13751275,1.4451387235001816,0.315503074741434,1100,cipla,Large Cap,Mar-2025
152400,5891.0,1,Nestle India Ltd.,FMCG,Fast Moving Consumer Goods,Domestic Equities,616.0,636.0,-3.1446540880503147,0.1386,0.13926174,-0.4751771735725848,0.313467571033425,1100,nestle-india,Large Cap,Mar-2025
134703,87891.0,1,Hindustan Aeronautics Ltd.,Capital Goods,Capital Goods,Domestic Equities,326.0,337.0,-3.2640949554896146,0.1362,0.10407234000000001,30.87050795629269,0.3080395611454,1100,hindustan-aeronautics,Large Cap,Mar-2025
152242,5741.0,1,Vedanta Ltd.,Non - Ferrous Metals,Non - Ferrous Metals,Domestic Equities,2917.0,3015.0,-3.250414593698176,0.1352,0.119017125,13.597097896626215,0.305777890358724,1100,vedanta,Large Cap,Mar-2025
171511,5199.0,1,Wipro Ltd.,IT,Information Technology,Domestic Equities,4883.0,5036.0,-3.0381254964257347,0.1281,0.13982454,-8.38518045544795,0.289720027773317,1100,wipro,Large Cap,Mar-2025
2469,110949.0,1,JIO Financial Services Ltd.,Finance,Finance,Domestic Equities,5631.0,5835.0,-3.496143958868895,0.1281,0.12114043499999999,5.745038805581318,0.289720027773317,1100,jio-financial-services,Large Cap,Mar-2025
152636,5140.0,1,Fortis Healthcare Ltd.,Healthcare,Healthcare,Domestic Equities,1826.0,1778.0,2.699662542182227,0.1275,0.10893806,17.038985272915642,0.288363025301311,1100,fortis-healthcare,Mid Cap,Mar-2025
171572,5156.0,1,Eicher Motors Ltd.,Automobile & Ancillaries,Automobile & Ancillaries,Domestic Equities,236.0,244.0,-3.278688524590164,0.12619999999999998,0.11647584,8.34864981441644,0.285422853278631,1100,eicher-motors,Large Cap,Mar-2025
58168,86912.0,1,HDFC Life Insurance Company Ltd.,Insurance,Finance,Domestic Equities,1840.0,1901.0,-3.208837453971594,0.12619999999999998,0.11567585,9.097966429466478,0.285422853278631,1100,hdfc-life-insurance-company,Large Cap,Mar-2025
171462,6372.0,1,Divi's Laboratories Ltd.,Healthcare,Healthcare,Domestic Equities,218.0,225.0,-3.111111111111111,0.1259,0.12330562499999999,2.1040199909777084,0.284744352042628,1100,divi's-laboratories,Large Cap,Mar-2025
38605,83193.0,1,Varun Beverages Ltd.,FMCG,Fast Moving Consumer Goods,Domestic Equities,2306.0,2382.0,-3.190596137699412,0.1244,0.10386711,19.76842332476565,0.281351845862612,1100,varun-beverages,Large Cap,Mar-2025
133623,8531.0,1,Radico Khaitan Ltd.,Alcohol,Alcohol,Domestic Equities,508.0,466.0,9.012875536480687,0.1234,0.09660413,27.737809967337835,0.279090175075936,1100,radico-khaitan,Small Cap,Mar-2025
171365,5279.0,1,Hindustan Petroleum Corporation Ltd.,Crude Oil,Crude Oil,Domestic Equities,3367.0,3277.0,2.74641440341776,0.1213,0.096261875,26.01042728494537,0.274340666423914,1100,hindustan-petroleum-corporation,Mid Cap,Mar-2025
171327,5699.0,1,Marico Ltd.,FMCG,Fast Moving Consumer Goods,Domestic Equities,1850.0,1800.0,2.7777777777777777,0.1206,0.10810800000000001,11.555111555111555,0.27275749687324,1100,marico,Mid Cap,Mar-2025
171585,5257.0,1,Dr. Reddy's Laboratories Ltd.,Healthcare,Healthcare,Domestic Equities,1048.0,1084.0,-3.3210332103321036,0.1199,0.1210286,-0.9325068620144289,0.271174327322566,1100,dr-reddy's-laboratories,Large Cap,Mar-2025
7737,15826.0,1,IDFC First Bank Ltd.,Bank,Banking,Domestic Equities,21732.0,21147.0,2.7663498368562918,0.11939999999999999,0.123477333,-3.3020902710945363,0.270043491929228,1100,idfc-first-bank,Mid Cap,Mar-2025
152907,86648.0,1,SBI Life Insurance Company Ltd.,Insurance,Finance,Domestic Equities,770.0,795.0,-3.1446540880503147,0.1192,0.11372475,4.814475301110798,0.269591157771892,1100,sbi-life-insurance-company,Large Cap,Mar-2025
152406,5107.0,1,The Indian Hotels Company Ltd.,Hospitality,Hospitality,Domestic Equities,1509.0,3004.0,-49.766977363515316,0.1188,0.21511644,-44.77409536900108,0.268686489457222,1100,the-indian-hotels-company,Mid Cap,Mar-2025
152379,5838.0,1,Voltas Ltd.,Consumer Durables,Consumer Durables,Domestic Equities,797.0,779.0,2.3106546854942236,0.11630000000000001,0.10283579,13.09292222095052,0.263032312490529,1100,voltas,Mid Cap,Mar-2025
57412,93539.0,1,Computer Age Management Services Ltd.,Business Services,Finance,Domestic Equities,311.0,285.0,9.12280701754386,0.1158,0.08957834999999999,29.272307426961998,0.261901477097191,1100,computer-age-management-services,Small Cap,Mar-2025
38020,6672.0,1,Apollo Hospitals Enterprise Ltd.,Healthcare,Healthcare,Domestic Equities,173.0,180.0,-3.888888888888889,0.11449999999999999,0.1089468,5.097166690531526,0.258961305074511,1100,apollo-hospitals-enterprise,Mid Cap,Mar-2025
171465,6543.0,1,Aurobindo Pharma Ltd.,Healthcare,Healthcare,Domestic Equities,980.0,954.0,2.7253668763102725,0.1137,0.10096182000000001,12.616828817071626,0.257151968445169,1100,aurobindo-pharma,Mid Cap,Mar-2025
171635,7381.0,1,UPL Ltd.,Chemicals,Chemicals,Domestic Equities,1774.0,1726.0,2.7809965237543453,0.11289999999999999,0.10924716999999999,3.3436381006482807,0.255342631815828,1100,upl,Mid Cap,Mar-2025
171404,5514.0,1,Cholamandalam Financial Holdings Ltd.,Finance,Finance,Domestic Equities,644.0,585.0,10.085470085470085,0.1128,0.09605115,17.43742787046277,0.25511646473716,1100,cholamandalam-financial-holdings,Small Cap,Mar-2025
171946,6864.0,1,Godrej Properties Ltd.,Realty,Realty,Domestic Equities,528.0,514.0,2.7237354085603114,0.1124,0.09952582,12.935517637533664,0.254211796422489,1100,godrej-properties,Mid Cap,Mar-2025
152401,5684.0,1,Tata Consumer Products Ltd.,Agri,Agriculture,Domestic Equities,1119.0,1156.0,-3.2006920415224913,0.1121,0.11140372,0.625006059043644,0.253533295186486,1100,tata-consumer-products,Large Cap,Mar-2025
152455,7030.0,1,Yes Bank Ltd.,Bank,Banking,Domestic Equities,66090.0,64334.0,2.7295053937264897,0.1116,0.10775945,3.564002971433132,0.252402459793148,1100,yes-bank,Mid Cap,Mar-2025
171820,5969.0,1,Colgate-Palmolive (India) Ltd.,FMCG,Fast Moving Consumer Goods,Domestic Equities,461.0,452.0,1.991150442477876,0.11019999999999999,0.11139992,-1.0771282421028658,0.2492361206918,1100,colgate-palmolive-india,Mid Cap,Mar-2025
599,7495.0,1,Sundaram Finance Ltd.,Finance,Finance,Domestic Equities,241.0,234.0,2.9914529914529915,0.11019999999999999,0.10618335,3.782749367014692,0.2492361206918,1100,sundaram-finance,Mid Cap,Mar-2025
171514,5399.0,1,Cholamandalam Investment and Finance Company Ltd.,Finance,Finance,Domestic Equities,723.0,743.0,-2.6917900403768504,0.1099,0.10407572500000001,5.596189697453461,0.248557619455797,1100,cholamandalam-investment-and-finance-company,Large Cap,Mar-2025
152369,6790.0,1,Bharat Forge Ltd.,Automobile & Ancillaries,Automobile & Ancillaries,Domestic Equities,934.0,893.0,4.591265397536394,0.1092,0.09077344999999999,20.29949285831926,0.246974449905123,1100,bharat-forge,Mid Cap,Mar-2025
152316,5915.0,1,Tata Power Company Ltd.,Power,Power,Domestic Equities,2886.0,3002.0,-3.8640906062624913,0.10830000000000001,0.10182784,6.355982803916888,0.244938946197114,1100,tata-power-company,Large Cap,Mar-2025
122,5767.0,1,The Phoenix Mills Ltd.,Realty,Realty,Domestic Equities,653.0,636.0,2.6729559748427674,0.1073,0.09845916,8.979195028679907,0.242677275410437,1100,the-phoenix-mills,Mid Cap,Mar-2025
543,5039.0,1,Karur Vysya Bank Ltd.,Bank,Banking,Domestic Equities,5115.0,4685.0,9.178228388473853,0.107,0.09422003500000001,13.56395696520383,0.241998774174434,1100,karur-vysya-bank,Small Cap,Mar-2025
141614,85778.0,1,AU Small Finance Bank Ltd.,Bank,Banking,Domestic Equities,1967.0,1914.0,2.7690700104493207,0.1052,0.10827498,-2.839972817358181,0.237927766758415,1100,au-small-finance-bank,Mid Cap,Mar-2025
101370,86936.0,1,Tube Investments of India Ltd.,Automobile & Ancillaries,Automobile & Ancillaries,Domestic Equities,376.0,364.0,3.296703296703297,0.1041,0.08962226,16.15417866052475,0.23543992889307,1100,tube-investments-of-india,Mid Cap,Mar-2025
152222,5634.0,1,Max Financial Services Ltd.,Finance,Finance,Domestic Equities,904.0,880.0,2.727272727272727,0.1038,0.08783279999999999,18.179085717408547,0.234761427657067,1100,max-financial-services,Mid Cap,Mar-2025
152604,5456.0,1,Power Finance Corporation Ltd.,Finance,Finance,Domestic Equities,2503.0,2586.0,-3.209590100541377,0.10369999999999999,0.09420798,10.075600814283456,0.2345352605784,1100,power-finance-corporation,Large Cap,Mar-2025
75697,6614.0,1,Adani Enterprises Ltd.,Trading,Trading,Domestic Equities,447.0,442.0,1.1312217194570136,0.1035,0.0926432,11.718938896756589,0.234082926421064,1100,adani-enterprises,Large Cap,Mar-2025
171619,82976.0,1,Avenue Supermarts Ltd.,Retailing,Retailing,Domestic Equities,252.0,263.0,-4.182509505703422,0.10289999999999999,0.089523885,14.941392456326035,0.232725923949058,1100,avenue-supermarts,Large Cap,Mar-2025
171659,5756.0,1,Ashok Leyland Ltd.,Automobile & Ancillaries,Automobile & Ancillaries,Domestic Equities,5013.0,4888.0,2.5572831423895255,0.1024,0.104085072,-1.618937247792849,0.23159508855572,1100,ashok-leyland,Mid Cap,Mar-2025
58504,98271.0,1,Krishna Institute of Medical Sciences Ltd,Healthcare,Healthcare,Domestic Equities,1597.0,1463.0,9.159261790840738,0.10210000000000001,0.076229615,33.93744675215795,0.230916587319717,1100,krishna-institute-of-medical-sciences,Small Cap,Mar-2025
171628,5788.0,1,Britannia Industries Ltd.,FMCG,Fast Moving Consumer Goods,Domestic Equities,202.0,209.0,-3.349282296650718,0.09970000000000001,0.09604490500000001,3.805610511041683,0.225488577431692,1100,britannia-industries,Large Cap,Mar-2025
19255,6350.0,1,Mphasis Ltd.,IT,Information Technology,Domestic Equities,398.0,386.0,3.1088082901554404,0.09949999999999999,0.08674385,14.705538202420119,0.225036243274356,1100,mphasis,Mid Cap,Mar-2025
152574,8059.0,1,Torrent Power Ltd.,Power,Power,Domestic Equities,666.0,649.0,2.6194144838212634,0.099,0.08196545499999999,20.782590665787207,0.223905407881018,1100,torrent-power,Mid Cap,Mar-2025
133507,6902.0,1,TVS Motor Company Ltd.,Automobile & Ancillaries,Automobile & Ancillaries,Domestic Equities,403.0,417.0,-3.357314148681055,0.0975,0.09280334999999999,5.060862565844886,0.220512901701003,1100,tvs-motor-company,Large Cap,Mar-2025
133342,5963.0,1,Bharat Heavy Electricals Ltd.,Capital Goods,Capital Goods,Domestic Equities,4505.0,2282.0,97.41454864154251,0.0975,0.040886594,138.46447077494398,0.220512901701003,1100,bharat-heavy-electricals,Mid Cap,Mar-2025
133317,6810.0,1,Blue Star Ltd.,Consumer Durables,Consumer Durables,Domestic Equities,454.0,773.0,-41.26778783958603,0.09699999999999999,0.148234345,-34.56307308539057,0.219382066307664,1100,blue-star,Mid Cap,Mar-2025
152118,7308.0,1,PI Industries Ltd.,Chemicals,Chemicals,Domestic Equities,283.0,277.0,2.166064981949458,0.09699999999999999,0.083486415,16.186567599051894,0.219382066307664,1100,pi-industries,Mid Cap,Mar-2025
587,7648.0,1,APL Apollo Tubes Ltd.,Iron & Steel,Iron & Steel,Domestic Equities,635.0,617.0,2.9173419773095626,0.0969,0.088783215,9.142251719539548,0.219155899228996,1100,apl-apollo-tubes,Mid Cap,Mar-2025
96732,87407.0,1,Amber Enterprises India Ltd.,Consumer Durables,Consumer Durables,Domestic Equities,133.0,113.0,17.699115044247787,0.0959,0.063603745,50.77728520545449,0.216894228442319,1100,amber-enterprises-india,Small Cap,Mar-2025
1152,105806.0,1,Mankind Pharma Ltd.,Healthcare,Healthcare,Domestic Equities,395.0,354.0,11.581920903954803,0.0958,0.08108724,18.144359087817016,0.216668061363652,1100,mankind-pharma,Mid Cap,Mar-2025
171839,6306.0,1,Solar Industries India Ltd.,Chemicals,Chemicals,Domestic Equities,85.0,83.0,2.4096385542168677,0.0956,0.07229798,32.23052704930346,0.216215727206316,1100,solar-industries-india,Mid Cap,Mar-2025
133627,5088.0,1,Navin Fluorine International Ltd.,Chemicals,Chemicals,Domestic Equities,227.0,208.0,9.134615384615383,0.0956,0.0782548,22.16503013233694,0.216215727206316,1100,navin-fluorine-international,Small Cap,Mar-2025
152572,7512.0,1,Info Edge (India) Ltd.,IT,Information Technology,Domestic Equities,133.0,139.0,-4.316546762589928,0.0955,0.097197835,-1.746782734409665,0.215989560127649,1100,info-edge-india,Large Cap,Mar-2025
171402,5320.0,1,Godrej Consumer Products Ltd.,FMCG,Fast Moving Consumer Goods,Domestic Equities,823.0,669.0,23.019431988041852,0.09539999999999998,0.067244535,41.87026499625581,0.215763393048981,1100,godrej-consumer-products,Large Cap,Mar-2025
152551,7908.0,1,GMR Airports Ltd.,Infrastructure,Aviation,Domestic Equities,12571.0,12237.0,2.7294271471765956,0.09519999999999999,0.08501043900000001,11.986246771411198,0.215311058891646,1100,gmr-airports,Mid Cap,Mar-2025
178941,94376.0,1,Cohance Lifesciences Ltd.,Healthcare,Healthcare,Domestic Equities,826.0,757.0,9.114927344782034,0.0951,0.09195278999999999,3.422636768280772,0.215084891812978,1100,cohance-lifesciences,Small Cap,Mar-2025
152599,8349.0,1,Redington Ltd.,Trading,Trading,Domestic Equities,3868.0,3543.0,9.173017217047699,0.094,0.07947657600000001,18.27384209405297,0.212597053947633,1100,redington,Small Cap,Mar-2025
171321,7864.0,1,Page Industries Ltd.,Textile,Textile,Domestic Equities,22.0,21.0,4.761904761904762,0.09390000000000001,0.085083495,10.362180114956503,0.212370886868966,1100,page-industries,Mid Cap,Mar-2025
152795,99590.0,1,One97 Communications Ltd.,IT,Information Technology,Domestic Equities,1193.0,1159.0,2.9335634167385676,0.0935,0.08286270500000001,12.837252899238555,0.211466218554295,1100,one97-communications,Mid Cap,Mar-2025
152376,5012.0,1,Bharat Petroleum Corporation Ltd.,Crude Oil,Crude Oil,Domestic Equities,3332.0,3442.0,-3.195816385822196,0.0928,0.08167866,13.615967744818528,0.209883049003621,1100,bharat-petroleum-corporation,Large Cap,Mar-2025
77639,92991.0,1,SBI Cards And Payment Services Ltd.,Finance,Finance,Domestic Equities,1049.0,1021.0,2.742409402546523,0.0924,0.08564147999999999,7.891643161701559,0.20897838068895,1100,sbi-cards-and-payment-services,Mid Cap,Mar-2025
171335,5389.0,1,Bajaj Holdings & Investment Ltd.,Finance,Finance,Domestic Equities,74.0,76.0,-2.631578947368421,0.09230000000000001,0.08796506000000001,4.928024831677481,0.208752213610282,1100,bajaj-holdings-investment,Large Cap,Mar-2025
171943,4973.0,1,REC Ltd.,Finance,Finance,Domestic Equities,2147.0,2218.0,-3.2010820559062214,0.09210000000000002,0.07991454,15.248113797564258,0.208299879452947,1100,rec,Large Cap,Mar-2025
58272,82478.0,1,PNB Housing Finance Ltd.,Finance,Finance,Domestic Equities,1041.0,807.0,28.99628252788104,0.09179999999999999,0.061602344999999996,49.02030109405738,0.207621378216944,1100,pnb-housing-finance,Small Cap,Mar-2025
153586,8183.0,1,NHPC Ltd.,Power,Power,Domestic Equities,11090.0,5620.0,97.33096085409252,0.09119999999999999,0.0409698,122.60299049543806,0.206264375744938,1100,nhpc,Mid Cap,Mar-2025
38931,15891.0,1,Alkem Laboratories Ltd.,Healthcare,Healthcare,Domestic Equities,186.0,181.0,2.7624309392265194,0.0908,0.08409622,7.971559244874496,0.205359707430267,1100,alkem-laboratories,Mid Cap,Mar-2025
134131,90516.0,1,Polycab India Ltd.,Electricals,Electricals,Domestic Equities,176.0,171.0,2.923976608187134,0.0906,0.08059913999999999,12.408147282961101,0.204907373272932,1100,polycab-india,Large Cap,Mar-2025
201928,105635.0,1,Piramal Pharma Ltd.,Healthcare,Healthcare,Domestic Equities,4012.0,3672.0,9.25925925925926,0.0902,0.069727608,29.36052531731764,0.204002704958261,1100,piramal-pharma,Small Cap,Mar-2025
77293,6578.0,1,Muthoot Finance Ltd.,Finance,Finance,Domestic Equities,375.0,365.0,2.73972602739726,0.0894,0.0778472,14.840353924097455,0.202193368328919,1100,muthoot-finance,Mid Cap,Mar-2025
96004,7992.0,1,Jubilant FoodWorks Ltd.,FMCG,Fast Moving Consumer Goods,Domestic Equities,1333.0,1302.0,2.380952380952381,0.0886,0.08151821999999999,8.687358482557645,0.200384031699578,1100,jubilant-foodworks,Mid Cap,Mar-2025
152397,5267.0,1,Tata Chemicals Ltd.,Chemicals,Chemicals,Domestic Equities,1017.0,534.0,90.4494382022472,0.08800000000000001,0.041510490000000004,111.99460666448408,0.199027029227572,1100,tata-chemicals,Small Cap,Mar-2025
617,7969.0,1,Brigade Enterprises Ltd.,Realty,Realty,Domestic Equities,899.0,823.0,9.234507897934387,0.08779999999999999,0.077942215,12.647555628230473,0.198574695070236,1100,brigade-enterprises,Small Cap,Mar-2025
26622,79332.0,1,Five-Star Business Finance Ltd.,Finance,Finance,Domestic Equities,1213.0,1110.0,9.27927927927928,0.08779999999999999,0.0845265,3.872749965986988,0.198574695070236,1100,five-star-business-finance,Small Cap,Mar-2025
38741,90008.0,1,Angel One Ltd.,Finance,Finance,Domestic Equities,377.0,345.0,9.27536231884058,0.0872,0.074835675,16.521966294818615,0.19721769259823,1100,angel-one,Small Cap,Mar-2025
58595,86782.0,1,Indian Energy Exchange Ltd.,Power,Power,Domestic Equities,4930.0,4516.0,9.1674047829938,0.0867,0.070417988,23.121950033562452,0.196086857204891,1100,indian-energy-exchange,Small Cap,Mar-2025
191600,99819.0,1,FSN E-Commerce Ventures Ltd.,Retailing,Information Technology,Domestic Equities,4777.0,4648.0,2.775387263339071,0.0855,0.07381024,15.837585679168646,0.193372852260879,1100,fsn-e-commerce-ventures,Mid Cap,Mar-2025
133608,7612.0,1,Union Bank Of India,Bank,Banking,Domestic Equities,6773.0,3431.0,97.40600408044303,0.0855,0.03846151,122.30016450212176,0.193372852260879,1100,union-bank-of-india,Mid Cap,Mar-2025
96614,6762.0,1,PG Electroplast Ltd.,Consumer Durables,Consumer Durables,Domestic Equities,932.0,,,0.08539999999999999,,,0.193146685182211,1100,pg-electroplast,Small Cap,Mar-2025
46521,101004.0,1,Delhivery Ltd.,Logistics,Logistics,Domestic Equities,3338.0,1739.0,91.94939620471536,0.0852,0.043448915000000005,96.09235351446634,0.192694351024876,1100,delhivery,Small Cap,Mar-2025
171741,5431.0,1,GAIL (India) Ltd.,Inds. Gases & Fuels,Industrials Gases & Fuels,Domestic Equities,4637.0,4803.0,-3.4561732250676656,0.0849,0.074946012,13.28154458705555,0.192015849788873,1100,gail-india,Large Cap,Mar-2025
153885,104233.0,1,Kaynes Technology India Ltd.,Electricals,Electricals,Domestic Equities,176.0,161.0,9.316770186335404,0.0836,0.066720815,25.298229645426236,0.189075677766193,1100,kaynes-technology-india,Mid Cap,Mar-2025
19275,7232.0,1,NMDC Ltd.,Mining,Mining,Domestic Equities,12115.0,11793.0,2.7304333078945136,0.08349999999999999,0.07368266400000001,13.323807076247936,0.188849510687525,1100,nmdc,Mid Cap,Mar-2025
75798,7006.0,1,Manappuram Finance Ltd.,Finance,Finance,Domestic Equities,3571.0,3271.0,9.171507184347295,0.08310000000000001,0.065734016,26.418565389341193,0.187944842372854,1100,manappuram-finance,Small Cap,Mar-2025
171383,5551.0,1,Hero MotoCorp Ltd.,Automobile & Ancillaries,Automobile & Ancillaries,Domestic Equities,223.0,230.0,-3.0434782608695654,0.083,0.0846653,-1.966921513300016,0.187718675294187,1100,hero-motocorp,Large Cap,Mar-2025
57031,5903.0,1,Indian Oil Corporation Ltd.,Crude Oil,Crude Oil,Domestic Equities,6423.0,6662.0,-3.5875112578805166,0.08199999999999999,0.075607038,8.455511773917127,0.18545700450751,1100,indian-oil-corporation,Large Cap,Mar-2025
19182,5589.0,1,Coromandel International Ltd.,Chemicals,Chemicals,Domestic Equities,413.0,401.0,2.9925187032418954,0.0819,0.066844695,22.52281201971226,0.185230837428842,1100,coromandel-international,Mid Cap,Mar-2025
133463,8505.0,1,Glenmark Pharmaceuticals Ltd.,Healthcare,Healthcare,Domestic Equities,527.0,898.0,-41.31403118040089,0.0812,0.11484971,-29.29890724147236,0.183647667878168,1100,glenmark-pharmaceuticals,Mid Cap,Mar-2025
152377,4902.0,1,Siemens Ltd.,Capital Goods,Capital Goods,Domestic Equities,152.0,157.0,-3.1847133757961785,0.0802,0.07258895,10.48513582301438,0.181385997091491,1100,siemens,Large Cap,Mar-2025
133275,8322.0,1,Amara Raja Energy & Mobility Ltd.,Automobile & Ancillaries,Automobile & Ancillaries,Domestic Equities,796.0,730.0,9.04109589041096,0.0799,0.07147795,11.782724602482302,0.180707495855488,1100,amara-raja-energy-mobility,Small Cap,Mar-2025
152238,8313.0,1,MRF Ltd.,Automobile & Ancillaries,Automobile & Ancillaries,Domestic Equities,7.0,6.0,16.666666666666664,0.0789,0.06322422,24.793947635890156,0.178445825068811,1100,mrf,Mid Cap,Mar-2025
636,7344.0,1,Reliance Power Ltd.,Power,Power,Domestic Equities,18141.0,,,0.078,,,0.176410321360802,1100,reliance-power,Small Cap,Mar-2025
139601,89162.0,1,Aavas Financiers Ltd.,Finance,Finance,Domestic Equities,372.0,341.0,9.090909090909092,0.0775,0.057477255,34.835945105590035,0.175279485967464,1100,aavas-financiers,Small Cap,Mar-2025
56674,5695.0,1,Supreme Industries Ltd.,Plastic Products,Plastic Products,Domestic Equities,226.0,220.0,2.727272727272727,0.0774,0.073238,5.682842240367021,0.175053318888796,1100,supreme-industries,Mid Cap,Mar-2025
198435,104143.0,1,KFin Technologies Ltd.,Business Services,Finance,Domestic Equities,752.0,687.0,9.461426491994178,0.0774,0.059813655,29.401889919617858,0.175053318888796,1100,kfin-technologies,Small Cap,Mar-2025
133642,6320.0,1,Petronet LNG Ltd.,Inds. Gases & Fuels,Industrials Gases & Fuels,Domestic Equities,2627.0,2557.0,2.737583105201408,0.0771,0.07243981,6.433189153864431,0.174374817652793,1100,petronet-lng,Mid Cap,Mar-2025
114652,92620.0,1,Indian Railway Catering And Tourism Corporation Ltd.,Hospitality,Hospitality,Domestic Equities,1057.0,535.0,97.57009345794393,0.07690000000000001,0.035895825,114.23104218944684,0.173922483495457,1100,indian-railway-catering-and-tourism-corporation,Mid Cap,Mar-2025
171470,5477.0,1,Piramal Enterprises Ltd.,Finance,Finance,Domestic Equities,777.0,711.0,9.282700421940929,0.0768,0.06202764,23.815769872914714,0.17369631641679,1100,piramal-enterprises,Small Cap,Mar-2025
133466,5090.0,1,Wockhardt Ltd.,Healthcare,Healthcare,Domestic Equities,537.0,,,0.0765,,,0.173017815180787,1100,wockhardt,Small Cap,Mar-2025
37877,7189.0,1,JB Chemicals & Pharmaceuticals Ltd.,Healthcare,Healthcare,Domestic Equities,466.0,426.0,9.389671361502346,0.0756,0.07004931,7.923975268278868,0.170982311472777,1100,jb-chemicals-pharmaceuticals,Small Cap,Mar-2025
171387,6208.0,1,Pidilite Industries Ltd.,Chemicals,Chemicals,Domestic Equities,264.0,273.0,-3.296703296703297,0.07519999999999999,0.07256067,3.6374112863070276,0.170077643158107,1100,pidilite-industries,Large Cap,Mar-2025
171646,5397.0,1,Carborundum Universal Ltd.,Abrasives,Abrasives,Domestic Equities,740.0,380.0,94.73684210526315,0.075,0.031602700000000004,137.32149468241636,0.169625309000771,1100,carborundum-universal,Small Cap,Mar-2025
171837,6012.0,1,DLF Ltd.,Realty,Realty,Domestic Equities,1102.0,1139.0,-3.2484635645302897,0.075,0.072389145,3.606694069946538,0.169625309000771,1100,dlf,Large Cap,Mar-2025
123299,91366.0,1,KPIT Technologies Ltd.,IT,Information Technology,Domestic Equities,572.0,556.0,2.877697841726619,0.0748,0.06657544,12.353744864472556,0.169172974843436,1100,kpit-technologies,Mid Cap,Mar-2025
96304,15914.0,1,Narayana Hrudayalaya Ltd.,Healthcare,Healthcare,Domestic Equities,441.0,404.0,9.158415841584159,0.0746,0.058357799999999994,27.832097851529706,0.1687206406861,1100,narayana-hrudayalaya,Small Cap,Mar-2025
677,6026.0,1,Oil India Ltd.,Crude Oil,Crude Oil,Domestic Equities,1911.0,1861.0,2.6867275658248255,0.0739,0.06377647,15.873456150834315,0.167137471135427,1100,oil-india,Mid Cap,Mar-2025
114411,5677.0,1,Welspun Corp Ltd.,Iron & Steel,Iron & Steel,Domestic Equities,850.0,778.0,9.254498714652955,0.0739,0.05733082,28.90099949730355,0.167137471135427,1100,welspun-corp,Small Cap,Mar-2025
114451,6891.0,1,City Union Bank Ltd.,Bank,Banking,Domestic Equities,4690.0,4298.0,9.120521172638437,0.0737,0.06352444,16.018338768511768,0.166685136978091,1100,city-union-bank,Small Cap,Mar-2025
171636,86629.0,1,ICICI Lombard General Insurance Company Ltd.,Insurance,Finance,Domestic Equities,411.0,424.0,-3.0660377358490565,0.0737,0.07169628,2.7947335621876026,0.166685136978091,1100,icici-lombard-general-insurance-company,Mid Cap,Mar-2025
114442,5285.0,1,IndusInd Bank Ltd.,Bank,Banking,Domestic Equities,1132.0,1174.0,-3.577512776831346,0.0736,0.11623773999999999,-36.681494323616405,0.166458969899423,1100,indusind-bank,Mid Cap,Mar-2025
171752,6261.0,1,The Ramco Cements Ltd.,Construction Materials,Construction Materials,Domestic Equities,818.0,756.0,8.201058201058201,0.07339999999999999,0.0626724,17.116944619960297,0.166006635742088,1100,the-ramco-cements,Small Cap,Mar-2025
352,7184.0,1,Ipca Laboratories Ltd.,Healthcare,Healthcare,Domestic Equities,487.0,463.0,5.183585313174946,0.0731,0.062752705,16.48900234659206,0.165328134506085,1100,ipca-laboratories,Mid Cap,Mar-2025
114405,5008.0,1,Bank Of Baroda,Bank,Banking,Domestic Equities,3183.0,3313.0,-3.9239360096589198,0.0727,0.065289291,11.350573557308188,0.164423466191414,1100,bank-of-baroda,Large Cap,Mar-2025
1427,98308.0,1,Sona BLW Precision Forgings Ltd.,Automobile & Ancillaries,Automobile & Ancillaries,Domestic Equities,1572.0,1528.0,2.8795811518324608,0.0725,0.07546792,-3.932690870504977,0.163971132034079,1100,sona-blw-precision-forgings,Mid Cap,Mar-2025
171520,5812.0,1,Kalpataru Projects International Ltd.,Infrastructure,Infrastructure,Domestic Equities,739.0,677.0,9.15805022156573,0.07200000000000001,0.059518455,20.97088205666629,0.16284029664074,1100,kalpataru-projects-international,Small Cap,Mar-2025
171336,8097.0,1,JK Cement Ltd.,Construction Materials,Construction Materials,Domestic Equities,146.0,142.0,2.8169014084507045,0.07200000000000001,0.062328770000000006,15.516478184953753,0.16284029664074,1100,jk-cement,Mid Cap,Mar-2025
79,7951.0,1,Balkrishna Industries Ltd.,Automobile & Ancillaries,Automobile & Ancillaries,Domestic Equities,280.0,274.0,2.18978102189781,0.07150000000000001,0.07166881,-0.23554179286637664,0.161709461247402,1100,balkrishna-industries,Mid Cap,Mar-2025
77309,15532.0,1,Inox Wind Ltd.,Capital Goods,Capital Goods,Domestic Equities,4367.0,3959.0,10.305632735539277,0.0712,0.05946022100000001,19.743920897973112,0.161030960011399,1100,inox-wind,Small Cap,Mar-2025
153405,17058.0,1,LTIMindtree Ltd.,IT,Information Technology,Domestic Equities,158.0,164.0,-3.6585365853658534,0.071,0.07652158,-7.2157161417733455,0.160578625854063,1100,ltimindtree,Large Cap,Mar-2025
133583,8200.0,1,United Spirits Ltd.,Alcohol,Alcohol,Domestic Equities,507.0,524.0,-3.2442748091603053,0.071,0.06730518,5.4896517623160594,0.160578625854063,1100,united-spirits,Large Cap,Mar-2025
20865,87606.0,1,Aster DM Healthcare Ltd.,Healthcare,Healthcare,Domestic Equities,1465.0,1307.0,12.08875286916603,0.0708,0.052665565,34.43319178290407,0.160126291696728,1100,aster-dm-healthcare,Small Cap,Mar-2025
133334,5159.0,1,CG Power and Industrial Solutions Ltd.,Capital Goods,Capital Goods,Domestic Equities,1101.0,2184.0,-49.58791208791209,0.0703,0.12505584,-43.785112314626815,0.15899545630339,1100,cg-power-and-industrial-solutions,Large Cap,Mar-2025
152296,7356.0,1,Patanjali Foods Ltd.,FMCG,Fast Moving Consumer Goods,Domestic Equities,388.0,374.0,3.7433155080213902,0.0702,0.06584456999999999,6.614714015142023,0.158769289224722,1100,patanjali-foods,Mid Cap,Mar-2025
171771,7580.0,1,Firstsource Solutions Ltd.,IT,Information Technology,Domestic Equities,2056.0,1882.0,9.24548352816153,0.07,0.0651172,7.498479664359026,0.158316955067386,1100,firstsource-solutions,Small Cap,Mar-2025
756,88308.0,1,Rail Vikas Nigam Ltd.,Infrastructure,Infrastructure,Domestic Equities,1989.0,1937.0,2.684563758389262,0.07,0.06438588,8.719489428427472,0.158316955067386,1100,rail-vikas-nigam,Large Cap,Mar-2025
153260,8051.0,1,Prestige Estates Projects Ltd.,Realty,Realty,Domestic Equities,591.0,575.0,2.782608695652174,0.07,0.0647795,8.058876650792305,0.158316955067386,1100,prestige-estates-projects,Mid Cap,Mar-2025
114433,5462.0,1,Cyient Ltd.,IT,Information Technology,Domestic Equities,550.0,503.0,9.343936381709742,0.0696,0.063737645,9.197633517837064,0.157412286752716,1100,cyient,Small Cap,Mar-2025
38708,8062.0,1,Adani Power Ltd.,Power,Power,Domestic Equities,1353.0,1398.0,-3.2188841201716736,0.0689,0.06695721,2.901539654952766,0.155829117202042,1100,adani-power,Large Cap,Mar-2025
151967,5716.0,1,GE Vernova T&D India Ltd.,Capital Goods,Capital Goods,Domestic Equities,434.0,610.0,-28.852459016393446,0.0676,0.0816363,-17.193699371480577,0.152888945179362,1100,ge-vernova-td-india,Mid Cap,Mar-2025
171802,6070.0,1,Elgi Equipments Ltd.,Capital Goods,Capital Goods,Domestic Equities,1404.0,1287.0,9.090909090909092,0.0676,0.05509647,22.693885833339227,0.152888945179362,1100,elgi-equipments,Small Cap,Mar-2025
153691,5278.0,1,Oberoi Realty Ltd.,Realty,Realty,Domestic Equities,412.0,401.0,2.7431421446384037,0.0675,0.05952845,13.391160025164439,0.152662778100694,1100,oberoi-realty,Mid Cap,Mar-2025
152308,5173.0,1,Shree Cement Ltd.,Construction Materials,Construction Materials,Domestic Equities,22.0,23.0,-4.3478260869565215,0.06709999999999999,0.0627532,6.9268180746161185,0.151758109786023,1100,shree-cement,Mid Cap,Mar-2025
152608,7159.0,1,Indian Bank,Bank,Banking,Domestic Equities,1238.0,1205.0,2.7385892116182573,0.067,0.061551400000000006,8.852113843064494,0.151531942707356,1100,indian-bank,Mid Cap,Mar-2025
787,70906.0,1,RBL Bank Ltd.,Bank,Banking,Domestic Equities,3858.0,3548.0,8.737316798196167,0.0669,0.056179032,19.083575523337615,0.151305775628688,1100,rbl-bank,Small Cap,Mar-2025
75891,5355.0,1,Container Corporation Of India Ltd.,Logistics,Logistics,Domestic Equities,966.0,940.0,2.7659574468085104,0.0668,0.0586278,13.93912103131961,0.15107960855002,1100,container-corporation-of-india,Mid Cap,Mar-2025
171359,5112.0,1,Aditya Birla Real Estate Ltd.,Diversified,Paper,Domestic Equities,340.0,311.0,9.32475884244373,0.0666,0.05794241000000001,14.941715403277145,0.150627274392685,1100,aditya-birla-real-estate,Small Cap,Mar-2025
371,7979.0,1,Neuland Laboratories Ltd.,Healthcare,Healthcare,Domestic Equities,55.0,,,0.0664,,,0.150174940235349,1100,neuland-laboratories,Small Cap,Mar-2025
113818,7906.0,1,Samvardhana Motherson International Ltd.,Automobile & Ancillaries,Automobile & Ancillaries,Domestic Equities,5068.0,5242.0,-3.31934376192293,0.0664,0.06216487800000001,6.812724702845863,0.150174940235349,1100,samvardhana-motherson-international,Large Cap,Mar-2025
171639,5614.0,1,Havells India Ltd.,Capital Goods,Capital Goods,Domestic Equities,433.0,449.0,-3.5634743875278394,0.0662,0.06383882,3.6986585904940013,0.149722606078014,1100,havells-india,Large Cap,Mar-2025
133630,5815.0,1,Jindal Stainless Ltd.,Iron & Steel,Iron & Steel,Domestic Equities,1136.0,1113.0,2.0664869721473496,0.0661,0.065093805,1.5457615359864203,0.149496438999346,1100,jindal-stainless,Mid Cap,Mar-2025
154545,89466.0,1,Affle 3i Ltd.,IT,Information Technology,Domestic Equities,411.0,376.0,9.308510638297872,0.0661,0.0526494,25.547489620014662,0.149496438999346,1100,affle-3i,Small Cap,Mar-2025
152513,6479.0,1,KEC International Ltd.,Infrastructure,Infrastructure,Domestic Equities,844.0,773.0,9.184993531694696,0.0661,0.053062585,24.569882903367787,0.149496438999346,1100,kec-international,Small Cap,Mar-2025
171697,5757.0,1,Aegis Logistics Ltd.,Logistics,Logistics,Domestic Equities,817.0,749.0,9.078771695594126,0.0658,0.05693898,15.562308984108956,0.148817937763343,1100,aegis-logistics,Small Cap,Mar-2025
171405,6966.0,1,Poonawalla Fincorp Ltd.,Finance,Finance,Domestic Equities,1873.0,995.0,88.24120603015075,0.06559999999999999,0.027989350000000003,134.374860437988,0.148365603606008,1100,poonawalla-fincorp,Small Cap,Mar-2025
171509,5522.0,1,Tata Communications Ltd.,Telecom,Telecom,Domestic Equities,411.0,400.0,2.75,0.0649,0.0541,19.963031423290204,0.146782434055334,1100,tata-communications,Mid Cap,Mar-2025
133403,4970.0,1,Himadri Speciality Chemical Ltd.,Chemicals,Chemicals,Domestic Equities,1522.0,1417.0,7.410021171489062,0.0646,0.057849025000000005,11.669989252195688,0.146103932819331,1100,himadri-speciality-chemical,Small Cap,Mar-2025
171698,8307.0,1,Oracle Financial Services Software Ltd.,IT,Information Technology,Domestic Equities,82.0,80.0,2.5,0.0644,0.062111200000000005,3.685003670835537,0.145651598661996,1100,oracle-financial-services-software,Mid Cap,Mar-2025
133170,6243.0,1,Timken India Ltd.,Automobile & Ancillaries,Automobile & Ancillaries,Domestic Equities,233.0,122.0,90.98360655737704,0.0641,0.030185240000000002,112.35544259379748,0.144973097425992,1100,timken-india,Small Cap,Mar-2025
152407,5597.0,1,Castrol India Ltd.,Automobile & Ancillaries,Automobile & Ancillaries,Domestic Equities,3148.0,2883.0,9.191814082552895,0.0639,0.061301229,4.239345674456213,0.144520763268657,1100,castrol-india,Small Cap,Mar-2025
133287,5307.0,1,Atul Ltd.,Chemicals,Chemicals,Domestic Equities,103.0,94.0,9.574468085106384,0.0632,0.04990789,26.63328383548172,0.142937593717983,1100,atul,Small Cap,Mar-2025
133327,6870.0,1,CESC Ltd.,Power,Power,Domestic Equities,4103.0,3759.0,9.151370045224795,0.06309999999999999,0.049163961,28.346045999019477,0.142711426639315,1100,cesc,Small Cap,Mar-2025
152323,7533.0,1,Tata Elxsi Ltd.,IT,Information Technology,Domestic Equities,121.0,118.0,2.5423728813559325,0.06309999999999999,0.06385098,-1.176144829726976,0.142711426639315,1100,tata-elxsi,Mid Cap,Mar-2025
152503,5921.0,1,Gujarat State Petronet Ltd.,Gas Transmission,Gas Transmission,Domestic Equities,2167.0,1716.0,26.282051282051285,0.06309999999999999,0.0467181,35.065424321622665,0.142711426639315,1100,gujarat-state-petronet,Small Cap,Mar-2025
171444,98250.0,1,Kalyan Jewellers India Ltd.,Diamond  &  Jewellery,Diamond & Jewellery,Domestic Equities,1346.0,1308.0,2.90519877675841,0.0629,0.060462300000000004,4.031768556604687,0.14225909248198,1100,kalyan-jewellers-india,Mid Cap,Mar-2025
113892,8292.0,1,KEI Industries Ltd.,Electricals,Electricals,Domestic Equities,216.0,210.0,2.857142857142857,0.0625,0.06447314999999999,-3.06042127614363,0.141354424167309,1100,kei-industries,Mid Cap,Mar-2025
133328,5242.0,1,Chambal Fertilisers and Chemicals Ltd.,Chemicals,Chemicals,Domestic Equities,991.0,910.0,8.901098901098901,0.062,0.048566700000000004,27.65948685004334,0.140223588773971,1100,chambal-fertilisers-and-chemicals,Small Cap,Mar-2025
152616,7532.0,1,Vodafone Idea Ltd.,Telecom,Telecom,Domestic Equities,90941.0,88588.0,2.65611595249921,0.061799999999999994,0.06688394,-7.60113713396669,0.139771254616635,1100,vodafone-idea,Mid Cap,Mar-2025
152334,5218.0,1,Ambuja Cements Ltd.,Construction Materials,Construction Materials,Domestic Equities,1145.0,1193.0,-4.0234702430846605,0.0616,0.055468535,11.053951578133441,0.1393189204593,1100,ambuja-cements,Large Cap,Mar-2025
152380,4958.0,1,The Great Eastern Shipping Company Ltd.,Logistics,Logistics,Domestic Equities,645.0,591.0,9.137055837563452,0.0601,0.047912369999999996,25.437334867801365,0.135926414279285,1100,the-great-eastern-shipping-company,Small Cap,Mar-2025
171576,15890.0,1,Dr. Lal Pathlabs Ltd.,Healthcare,Healthcare,Domestic Equities,242.0,223.0,8.520179372197308,0.06,0.051523035,16.45276719432385,0.135700247200617,1100,dr-lal-pathlabs,Small Cap,Mar-2025
171942,7813.0,1,Jindal Steel & Power Ltd.,Iron & Steel,Iron & Steel,Domestic Equities,653.0,674.0,-3.115727002967359,0.0596,0.05770451000000001,3.28482123840926,0.134795578885946,1100,jindal-steel-power,Mid Cap,Mar-2025
133386,8742.0,1,Godfrey Phillips India Ltd.,FMCG,Fast Moving Consumer Goods,Domestic Equities,88.0,81.0,8.641975308641975,0.0596,0.042034140000000005,41.78950729097822,0.134795578885946,1100,godfrey-phillips-india,Small Cap,Mar-2025
133407,5997.0,1,Hindustan Zinc Ltd.,Non - Ferrous Metals,Non - Ferrous Metals,Domestic Equities,1285.0,1017.0,26.352015732546707,0.0594,0.03974436,49.45516797855093,0.134343244728611,1100,hindustan-zinc,Large Cap,Mar-2025
152207,5372.0,1,LIC Housing Finance Ltd.,Finance,Finance,Domestic Equities,1053.0,1026.0,2.631578947368421,0.0594,0.05098194,16.511847136456556,0.134343244728611,1100,lic-housing-finance,Mid Cap,Mar-2025
19065,5958.0,1,Zee Entertainment Enterprises Ltd.,Media & Entertainment,Media & Entertainment,Domestic Equities,6004.0,5508.0,9.005083514887437,0.059000000000000004,0.051273972,15.068128523376354,0.13343857641394,1100,zee-entertainment-enterprises,Small Cap,Mar-2025
95396,111416.0,1,Nuvama Wealth Management Ltd.,Finance,Finance,Domestic Equities,97.0,71.0,36.61971830985916,0.058899999999999994,0.03834355,53.61123318002636,0.133212409335272,1100,nuvama-wealth-management,Small Cap,Mar-2025
152519,8782.0,1,Mahindra & Mahindra Financial Services Ltd.,Finance,Finance,Domestic Equities,2075.0,2019.0,2.773650321941555,0.0587,0.054634140000000005,7.441976756658014,0.132760075177937,1100,mahindra-mahindra-financial-services,Mid Cap,Mar-2025
171371,111171.0,1,Jyoti CNC Automation Ltd.,Capital Goods,Capital Goods,Domestic Equities,554.0,507.0,9.270216962524655,0.058600000000000006,0.040491555000000005,44.72153514479747,0.132533908099269,1100,jyoti-cnc-automation,Small Cap,Mar-2025
97125,90518.0,1,Adani Total Gas Ltd.,Gas Transmission,Gas Transmission,Domestic Equities,972.0,492.0,97.5609756097561,0.058600000000000006,0.02741178,113.77670475977845,0.132533908099269,1100,adani-total-gas,Mid Cap,Mar-2025
19510,6302.0,1,ZF Commercial Vehicle Control Systems India Ltd.,Automobile & Ancillaries,Automobile & Ancillaries,Domestic Equities,45.0,20.0,125.0,0.058499999999999996,0.0218838,167.3210319962712,0.132307741020602,1100,zf-commercial-vehicle-control-systems-india,Small Cap,Mar-2025
133351,5368.0,1,Steel Authority Of India Ltd.,Iron & Steel,Iron & Steel,Domestic Equities,5067.0,4932.0,2.737226277372263,0.0584,0.051795864,12.750315353364897,0.132081573941934,1100,steel-authority-of-india,Mid Cap,Mar-2025
98869,15650.0,1,PTC Industries Ltd.,Automobile & Ancillaries,Automobile & Ancillaries,Domestic Equities,39.0,30.0,30.0,0.0583,0.0306144,90.43326016515103,0.131855406863266,1100,ptc-industries,Small Cap,Mar-2025
152363,7424.0,1,SKF India Ltd.,Automobile & Ancillaries,Automobile & Ancillaries,Domestic Equities,151.0,79.0,91.13924050632912,0.0581,0.02915337,99.29085385325949,0.131403072705931,1100,skf-india,Small Cap,Mar-2025
152331,7581.0,1,Torrent Pharmaceuticals Ltd.,Healthcare,Healthcare,Domestic Equities,179.0,167.0,7.18562874251497,0.057800000000000004,0.049233269999999996,17.40028643232515,0.130724571469928,1100,torrent-pharmaceuticals,Large Cap,Mar-2025
173672,92657.0,1,Gujarat Fluorochemicals Ltd.,Chemicals,Chemicals,Domestic Equities,143.0,139.0,2.877697841726619,0.0575,0.049829415,15.393688647558879,0.130046070233925,1100,gujarat-fluorochemicals,Mid Cap,Mar-2025
171886,6139.0,1,Exide Industries Ltd.,Automobile & Ancillaries,Automobile & Ancillaries,Domestic Equities,1595.0,1553.0,2.7044430135222153,0.0575,0.05401334,6.455183108469124,0.130046070233925,1100,exide-industries,Mid Cap,Mar-2025
134667,88599.0,1,Macrotech Developers Ltd.,Realty,Realty,Domestic Equities,480.0,495.0,-3.0303030303030303,0.0574,0.055979549999999996,2.537444477492235,0.129819903155257,1100,macrotech-developers,Large Cap,Mar-2025
133599,5561.0,1,Punjab National Bank,Bank,Banking,Domestic Equities,5927.0,6123.0,-3.2010452392617994,0.057,0.053508897,6.52434117638419,0.128915234840586,1100,punjab-national-bank,Large Cap,Mar-2025
134830,88309.0,1,Mazagon Dock Shipbuilders Ltd.,Ship Building,Ship Building,Domestic Equities,215.0,209.0,2.8708133971291865,0.056799999999999996,0.044538944999999996,27.52884020939428,0.128462900683251,1100,mazagon-dock-shipbuilders,Mid Cap,Mar-2025
171434,4916.0,1,Astral Ltd.,Plastic Products,Plastic Products,Domestic Equities,431.0,421.0,2.375296912114014,0.0558,0.05629822500000001,-0.8849746150966629,0.126201229896574,1100,astral,Mid Cap,Mar-2025
152241,8254.0,1,NCC Ltd.,Infrastructure,Infrastructure,Domestic Equities,2664.0,2433.0,9.494451294697903,0.0558,0.0425775,31.055134754271634,0.126201229896574,1100,ncc,Small Cap,Mar-2025
95205,5743.0,1,Poly Medicure Ltd.,Healthcare,Healthcare,Domestic Equities,248.0,226.0,9.734513274336283,0.0557,0.046002299999999996,21.08090247661531,0.125975062817906,1100,poly-medicure,Small Cap,Mar-2025
177212,94646.0,1,Hitachi Energy India Ltd.,Capital Goods,Capital Goods,Domestic Equities,44.0,35.0,25.71428571428571,0.0557,0.039495225,41.02970675569009,0.125975062817906,1100,hitachi-energy-india,Mid Cap,Mar-2025
152367,6359.0,1,Abbott India Ltd.,Healthcare,Healthcare,Domestic Equities,18.0,17.0,5.88235294117647,0.0553,0.051672605,7.019957673897029,0.125070394503235,1100,abbott-india,Mid Cap,Mar-2025
133439,5473.0,1,National Aluminium Company Ltd.,Non - Ferrous Metals,Non - Ferrous Metals,Domestic Equities,3143.0,5344.0,-41.18637724550898,0.0552,0.09490944000000001,-41.83929438420457,0.124844227424568,1100,national-aluminium-company,Mid Cap,Mar-2025
152719,5290.0,1,NBCC (India) Ltd.,Realty,Realty,Domestic Equities,6736.0,6170.0,9.173419773095624,0.0552,0.04495462,22.790494058230273,0.124844227424568,1100,nbcc-india,Small Cap,Mar-2025
152449,8099.0,1,JSW Holdings Ltd.,Finance,Finance,Domestic Equities,24.0,,,0.0552,,,0.124844227424568,1100,jsw-holdings,Small Cap,Mar-2025
75659,6055.0,1,Lloyds Metals & Energy Ltd.,Iron & Steel,Iron & Steel,Domestic Equities,426.0,414.0,2.898550724637681,0.0548,0.04227354,29.63191632401735,0.123939559109897,1100,lloyds-metals-energy,Mid Cap,Mar-2025
171840,6541.0,1,UNO Minda Ltd.,Automobile & Ancillaries,Automobile & Ancillaries,Domestic Equities,626.0,610.0,2.622950819672131,0.0548,0.0503799,8.77353865331215,0.123939559109897,1100,uno-minda,Mid Cap,Mar-2025
139932,15713.0,1,Adani Energy Solutions Ltd.,Power,Power,Domestic Equities,622.0,642.0,-3.115264797507788,0.0542,0.041787780000000004,29.702989725704487,0.122582556637891,1100,adani-energy-solutions,Large Cap,Mar-2025
20668,5513.0,1,Sammaan Capital Ltd.,Finance,Finance,Domestic Equities,5038.0,4609.0,9.307875894988067,0.054000000000000006,0.05088336,6.125067212542575,0.122130222480555,1100,sammaan-capital,Small Cap,Mar-2025
133643,6434.0,1,Biocon Ltd.,Healthcare,Healthcare,Domestic Equities,1578.0,1536.0,2.734375,0.053899999999999997,0.04645632,16.022965228412403,0.121904055401888,1100,biocon,Mid Cap,Mar-2025
135555,92715.0,1,360 One Wam Ltd.,Finance,Finance,Domestic Equities,562.0,1159.0,-51.509922346850736,0.053,0.11570297,-54.193051397038474,0.119868551693878,1100,360-one-wam,Mid Cap,Mar-2025
171687,7000.0,1,Zensar Technologies Ltd.,IT,Information Technology,Domestic Equities,746.0,682.0,9.3841642228739,0.052300000000000006,0.05036229,3.847541483915859,0.118285382143204,1100,zensar-technologies,Small Cap,Mar-2025
171535,5421.0,1,E.I.D. - Parry (India) Ltd.,Agri,Agriculture,Domestic Equities,666.0,604.0,10.264900662251655,0.052300000000000006,0.04011164,30.386092416066766,0.118285382143204,1100,eid-parry-india,Small Cap,Mar-2025
171810,7890.0,1,Aarti Industries Ltd.,Chemicals,Chemicals,Domestic Equities,1332.0,1215.0,9.62962962962963,0.052000000000000005,0.045683999999999995,13.82540933368358,0.117606880907201,1100,aarti-industries,Small Cap,Mar-2025
133647,6517.0,1,Ramkrishna Forgings Ltd.,Automobile & Ancillaries,Automobile & Ancillaries,Domestic Equities,668.0,612.0,9.15032679738562,0.051699999999999996,0.0396576,30.365932381182926,0.116928379671198,1100,ramkrishna-forgings,Small Cap,Mar-2025
133614,6833.0,1,Canara Bank,Bank,Banking,Domestic Equities,5796.0,5987.0,-3.19024553198597,0.0516,0.04843483,6.534904736942407,0.116702212592531,1100,canara-bank,Mid Cap,Mar-2025
171799,4956.0,1,Dabur India Ltd.,FMCG,Fast Moving Consumer Goods,Domestic Equities,1013.0,1050.0,-3.5238095238095237,0.0513,0.051796499999999995,-0.9585589759925816,0.116023711356527,1100,dabur-india,Large Cap,Mar-2025
133850,17036.0,1,Mahanagar Gas Ltd.,Gas Transmission,Gas Transmission,Domestic Equities,370.0,339.0,9.144542772861357,0.0513,0.04195125,22.28479485116653,0.116023711356527,1100,mahanagar-gas,Small Cap,Mar-2025
47051,90577.0,1,Dalmia Bharat Ltd.,Construction Materials,Construction Materials,Domestic Equities,279.0,272.0,2.5735294117647056,0.0508,0.04595848,10.534552056551911,0.114892875963189,1100,dalmia-bharat,Mid Cap,Mar-2025
171333,7587.0,1,United Breweries Ltd.,Alcohol,Alcohol,Domestic Equities,253.0,256.0,-1.171875,0.0506,0.04982144,1.5627007167998297,0.114440541805854,1100,united-breweries,Mid Cap,Mar-2025
171884,5613.0,1,Bata India Ltd.,FMCG,Retailing,Domestic Equities,415.0,380.0,9.210526315789473,0.0506,0.0464018,9.047493847221435,0.114440541805854,1100,bata-india,Small Cap,Mar-2025
133635,5732.0,1,Indraprastha Gas Ltd.,Gas Transmission,Gas Transmission,Domestic Equities,2458.0,2393.0,2.7162557459256167,0.0499,0.045342564,10.051121061437987,0.11285737225518,1100,indraprastha-gas,Mid Cap,Mar-2025
84351,88646.0,1,Adani Green Energy Ltd.,Power,Power,Domestic Equities,526.0,544.0,-3.308823529411765,0.0499,0.042127359999999996,18.45033726300439,0.11285737225518,1100,adani-green-energy,Large Cap,Mar-2025
133272,5382.0,1,ABB India Ltd.,Capital Goods,Capital Goods,Domestic Equities,90.0,93.0,-3.225806451612903,0.0499,0.04589922,8.716444418881206,0.11285737225518,1100,abb-india,Large Cap,Mar-2025
171433,6783.0,1,Berger Paints India Ltd.,Chemicals,Chemicals,Domestic Equities,998.0,971.0,2.780638516992791,0.0499,0.047438205,5.189477552955476,0.11285737225518,1100,berger-paints-india,Mid Cap,Mar-2025
96608,84153.0,1,Eris Lifesciences Ltd.,Healthcare,Healthcare,Domestic Equities,351.0,309.0,13.592233009708737,0.049699999999999994,0.03654852,35.983618488518815,0.112405038097844,1100,eris-lifesciences,Small Cap,Mar-2025
75715,7731.0,1,Nava Ltd.,Power,Power,Domestic Equities,955.0,,,0.0495,,,0.111952703940509,1100,nava,Small Cap,Mar-2025
114697,5402.0,1,JSW Energy Ltd.,Power,Power,Domestic Equities,918.0,949.0,-3.2665964172813484,0.049400000000000006,0.04404308999999999,12.162884120982447,0.111726536861841,1100,jsw-energy,Large Cap,Mar-2025
152444,7037.0,1,IIFL Finance Ltd.,Finance,Finance,Domestic Equities,1507.0,1379.0,9.282088469905728,0.049400000000000006,0.04163201,18.658695556616184,0.111726536861841,1100,iifl-finance,Small Cap,Mar-2025
152325,5528.0,1,Thermax Ltd.,Capital Goods,Capital Goods,Domestic Equities,135.0,132.0,2.272727272727273,0.0493,0.04288020000000001,14.971478677804658,0.111500369783174,1100,thermax,Mid Cap,Mar-2025
152383,6925.0,1,Deepak Fertilisers And Petrochemicals Corporation Ltd.,Chemicals,Chemicals,Domestic Equities,436.0,401.0,8.728179551122196,0.0487,0.038221315,27.41581497130594,0.110143367311167,1100,deepak-fertilisers-and-petrochemicals-corporation,Small Cap,Mar-2025
19203,7298.0,1,PCBL Chemical Ltd.,Chemicals,Chemicals,Domestic Equities,1143.0,1047.0,9.169054441260744,0.0484,0.037482600000000005,29.126581400436457,0.109464866075164,1100,pcbl-chemical,Small Cap,Mar-2025
171565,6678.0,1,Apollo Tyres Ltd.,Automobile & Ancillaries,Automobile & Ancillaries,Domestic Equities,1130.0,1135.0,-0.4405286343612335,0.0481,0.04248305,13.221626036736989,0.108786364839161,1100,apollo-tyres,Small Cap,Mar-2025
19805,15724.0,1,Syngene International Ltd.,Business Services,Healthcare,Domestic Equities,662.0,617.0,7.293354943273905,0.0481,0.04025308,19.493961704296908,0.108786364839161,1100,syngene-international,Mid Cap,Mar-2025
136865,15654.0,1,Authum Investment & Infrastructure Ltd.,Finance,Finance,Domestic Equities,276.0,,,0.0478,,,0.108107863603158,1100,authum-investment-infrastructure,Small Cap,Mar-2025
133402,7102.0,1,HFCL Ltd.,Telecom,Telecom,Domestic Equities,6017.0,5466.0,10.080497621661179,0.047599999999999996,0.043285254,9.968166064128898,0.107655529445823,1100,hfcl,Small Cap,Mar-2025
19183,6082.0,1,Deepak Nitrite Ltd.,Chemicals,Chemicals,Domestic Equities,240.0,234.0,2.564102564102564,0.047599999999999996,0.043320420000000005,9.878897757685621,0.107655529445823,1100,deepak-nitrite,Mid Cap,Mar-2025
19098,6973.0,1,Schaeffler India Ltd.,Automobile & Ancillaries,Automobile & Ancillaries,Domestic Equities,141.0,137.0,2.9197080291970803,0.047599999999999996,0.041939124999999994,13.497837639674174,0.107655529445823,1100,schaeffler-india,Mid Cap,Mar-2025
171807,7041.0,1,Hindustan Copper Ltd.,Non - Ferrous Metals,Non - Ferrous Metals,Domestic Equities,2135.0,1956.0,9.151329243353782,0.0471,0.039573792,19.018162323186008,0.106524694052484,1100,hindustan-copper,Small Cap,Mar-2025
152190,5796.0,1,Kajaria Ceramics Ltd.,Construction Materials,Construction Materials,Domestic Equities,541.0,496.0,9.07258064516129,0.04650000000000001,0.04227408,9.996480112636414,0.105167691580478,1100,kajaria-ceramics,Small Cap,Mar-2025
453,8676.0,1,Natco Pharma Ltd.,Healthcare,Healthcare,Domestic Equities,582.0,533.0,9.193245778611631,0.04650000000000001,0.04107831,13.198425154296764,0.105167691580478,1100,natco-pharma,Small Cap,Mar-2025
79346,86555.0,1,Aditya Birla Capital Ltd.,Finance,Finance,Domestic Equities,2499.0,2428.0,2.9242174629324547,0.0462,0.037956924,21.716923109997005,0.104489190344475,1100,aditya-birla-capital,Mid Cap,Mar-2025
154192,90218.0,1,Anand Rathi Wealth Ltd.,Finance,Finance,Domestic Equities,241.0,105.0,129.52380952380952,0.0461,0.042011025,9.733099823201174,0.104263023265807,1100,anand-rathi-wealth,Small Cap,Mar-2025
133613,5313.0,1,Granules India Ltd.,Healthcare,Healthcare,Domestic Equities,942.0,863.0,9.154113557358054,0.0458,0.03985334,14.921359163372507,0.103584522029804,1100,granules-india,Small Cap,Mar-2025
152324,4941.0,1,ACC Ltd.,Construction Materials,Construction Materials,Domestic Equities,236.0,232.0,1.7241379310344827,0.0458,0.04219036,8.55560369714788,0.103584522029804,1100,acc,Mid Cap,Mar-2025
152079,6815.0,1,Linde India Ltd.,Inds. Gases & Fuels,Industrials Gases & Fuels,Domestic Equities,73.0,71.0,2.8169014084507045,0.045700000000000005,0.042082055,8.597358185098143,0.103358354951137,1100,linde-india,Mid Cap,Mar-2025
152405,5856.0,1,EIH Ltd.,Hospitality,Hospitality,Domestic Equities,1289.0,1274.0,1.1773940345368918,0.045599999999999995,0.04067245,12.115203288712626,0.103132187872469,1100,eih,Small Cap,Mar-2025
57541,86814.0,1,General Insurance Corporation of India,Insurance,Finance,Domestic Equities,1083.0,1055.0,2.654028436018957,0.045599999999999995,0.03891895,17.166573096139533,0.103132187872469,1100,general-insurance-corporation-of-india,Mid Cap,Mar-2025
152486,5772.0,1,AIA Engineering Ltd.,Automobile & Ancillaries,Automobile & Ancillaries,Domestic Equities,136.0,132.0,3.0303030303030303,0.045599999999999995,0.041464499999999994,9.973591867742284,0.103132187872469,1100,aia-engineering,Mid Cap,Mar-2025
114414,5238.0,1,Bank Of India,Bank,Banking,Domestic Equities,4259.0,4146.0,2.725518572117704,0.045599999999999995,0.039453336,15.579579886476507,0.103132187872469,1100,bank-of-india,Mid Cap,Mar-2025
140194,102059.0,1,Rainbow Children's Medicare Ltd.,Healthcare,Healthcare,Domestic Equities,324.0,297.0,9.090909090909092,0.0454,0.03681612,23.31554764597682,0.102679853715133,1100,rainbow-children's-medicare,Small Cap,Mar-2025
191898,99941.0,1,Sapphire Foods India Ltd.,FMCG,Fast Moving Consumer Goods,Domestic Equities,1536.0,1404.0,9.401709401709402,0.0452,0.043559099999999996,3.7670658943825717,0.102227519557798,1100,sapphire-foods-india,Small Cap,Mar-2025
133374,5879.0,1,Finolex Cables Ltd.,Electricals,Electricals,Domestic Equities,492.0,451.0,9.090909090909092,0.0449,0.036839935000000004,21.878608092006676,0.101549018321795,1100,finolex-cables,Small Cap,Mar-2025
19777,93855.0,1,Sumitomo Chemical India Ltd.,Chemicals,Chemicals,Domestic Equities,800.0,732.0,9.289617486338798,0.0447,0.03371592,32.57831908487147,0.10109668416446,1100,sumitomo-chemical-india,Small Cap,Mar-2025
133191,5194.0,1,Praj Industries Ltd.,Capital Goods,Capital Goods,Domestic Equities,801.0,734.0,9.128065395095367,0.0444,0.03585223,23.841668984049257,0.100418182928457,1100,praj-industries,Small Cap,Mar-2025
97743,96921.0,1,Gland Pharma Ltd.,Healthcare,Healthcare,Domestic Equities,278.0,271.0,2.5830258302583027,0.0443,0.04208088,5.273463862923011,0.100192015849789,1100,gland-pharma,Small Cap,Mar-2025
38130,7638.0,1,Jubilant Pharmova Ltd.,Healthcare,Healthcare,Domestic Equities,493.0,452.0,9.070796460176991,0.044199999999999996,0.040802040000000005,8.327916937486453,0.0999658487711211,1100,jubilant-pharmova,Small Cap,Mar-2025
152438,6334.0,1,Jaiprakash Power Ventures Ltd.,Power,Power,Domestic Equities,31029.0,28423.0,9.168631038243676,0.044199999999999996,0.037973127999999995,16.39810130995793,0.0999658487711211,1100,jaiprakash-power-ventures,Small Cap,Mar-2025
171668,8857.0,1,Zen Technologies Ltd.,Capital Goods,Capital Goods,Domestic Equities,296.0,,,0.0438,,,0.0990611804564504,1100,zen-technologies,Small Cap,Mar-2025
133437,6005.0,1,Sonata Software Ltd.,IT,Information Technology,Domestic Equities,1267.0,1160.0,9.224137931034484,0.0438,0.041876,4.594517145859207,0.0990611804564504,1100,sonata-software,Small Cap,Mar-2025
94723,5905.0,1,Anant Raj Ltd.,Realty,Realty,Domestic Equities,885.0,805.0,9.937888198757763,0.0435,0.037291625,16.64817502589387,0.0983826792204473,1100,anant-raj,Small Cap,Mar-2025
44430,82482.0,1,L&T Technology Services Ltd.,IT,Information Technology,Domestic Equities,96.0,93.0,3.225806451612903,0.0432,0.042158759999999997,2.46980698673302,0.0977041779844442,1100,lt-technology-services,Mid Cap,Mar-2025
117072,93022.0,1,Home First Finance Company India Ltd.,Finance,Finance,Domestic Equities,425.0,282.0,50.70921985815603,0.0431,0.02872593,50.038658452485244,0.0974780109057765,1100,home-first-finance-company-india,Small Cap,Mar-2025
94718,6682.0,1,Asahi India Glass Ltd.,Construction Materials,Construction Materials,Domestic Equities,716.0,656.0,9.146341463414634,0.0431,0.04038992,6.709792938436106,0.0974780109057765,1100,asahi-india-glass,Small Cap,Mar-2025
1704,6920.0,1,L&T Finance Ltd.,Finance,Finance,Domestic Equities,2813.0,2746.0,2.4399126001456666,0.0431,0.036996858,16.49637923306891,0.0974780109057765,1100,lt-finance,Mid Cap,Mar-2025
83342,79963.0,1,Bandhan Bank Ltd.,Bank,Banking,Domestic Equities,2912.0,2838.0,2.6074700493305145,0.0426,0.040069722,6.314688182763033,0.096347175512438,1100,bandhan-bank,Small Cap,Mar-2025
152491,5679.0,1,PVR Inox Ltd.,Media & Entertainment,Media & Entertainment,Domestic Equities,464.0,425.0,9.176470588235293,0.042300000000000004,0.038417875000000004,10.104996697500845,0.095668674276435,1100,pvr-inox,Small Cap,Mar-2025
650,8558.0,1,V-Guard Industries Ltd.,Capital Goods,Capital Goods,Domestic Equities,1191.0,1090.0,9.26605504587156,0.042300000000000004,0.03373005,25.407463078175113,0.095668674276435,1100,v-guard-industries,Small Cap,Mar-2025
95549,7450.0,1,Aditya Birla Fashion and Retail Ltd.,Retailing,Retailing,Domestic Equities,1645.0,1454.0,13.13617606602476,0.042199999999999994,0.03520861,19.857046330428826,0.0954425071977673,1100,aditya-birla-fashion-and-retail,Mid Cap,Mar-2025
9438,105416.0,1,Go Digit General Insurance Ltd.,Insurance,Finance,Domestic Equities,1455.0,1224.0,18.872549019607842,0.0421,0.03731364,12.827373582421867,0.0952163401190996,1100,go-digit-general-insurance,Small Cap,Mar-2025
154120,5531.0,1,Triveni Turbine Ltd.,Capital Goods,Capital Goods,Domestic Equities,744.0,671.0,10.879284649776453,0.04190000000000001,0.0326106,28.48582976087531,0.0947640059617642,1100,triveni-turbine,Small Cap,Mar-2025
152386,5556.0,1,Glaxosmithkline Pharmaceuticals Ltd.,Healthcare,Healthcare,Domestic Equities,145.0,141.0,2.8368794326241136,0.0418,0.034902435,19.762417722431106,0.0945378388830965,1100,glaxosmithkline-pharmaceuticals,Mid Cap,Mar-2025
37962,6229.0,1,Gillette India Ltd.,FMCG,Fast Moving Consumer Goods,Domestic Equities,52.0,48.0,8.333333333333332,0.0417,0.03784944,10.173360556985786,0.0943116718044288,1100,gillette-india,Small Cap,Mar-2025
134823,84770.0,1,Cochin Shipyard Ltd.,Ship Building,Ship Building,Domestic Equities,296.0,288.0,2.7777777777777777,0.0417,0.036534239999999996,14.139503107222161,0.0943116718044288,1100,cochin-shipyard,Mid Cap,Mar-2025
695,7346.0,1,Titagarh Rail Systems Ltd.,Automobile & Ancillaries,Automobile & Ancillaries,Domestic Equities,521.0,477.0,9.224318658280922,0.0415,0.033246899999999996,24.823667770528996,0.0938593376470934,1100,titagarh-rail-systems,Small Cap,Mar-2025
57781,87827.0,1,Bharat Dynamics Ltd.,Capital Goods,Capital Goods,Domestic Equities,323.0,314.0,2.8662420382165608,0.0414,0.030627559999999998,35.17237416235574,0.0936331705684257,1100,bharat-dynamics,Mid Cap,Mar-2025
133561,8133.0,1,Birlasoft Ltd.,IT,Information Technology,Domestic Equities,1069.0,975.0,9.64102564102564,0.0414,0.041344874999999996,0.13332970531414187,0.0936331705684257,1100,birlasoft,Small Cap,Mar-2025
115131,88043.0,1,Lemon Tree Hotels Ltd.,Hospitality,Hospitality,Domestic Equities,3207.0,2938.0,9.155888359428182,0.0412,0.035758398,15.21768956204359,0.0931808364110903,1100,lemon-tree-hotels,Small Cap,Mar-2025
171385,89248.0,1,Indiamart Intermesh Ltd.,Retailing,Information Technology,Domestic Equities,198.0,181.0,9.392265193370166,0.040999999999999995,0.035565595,15.279949625473707,0.0927285022537549,1100,indiamart-intermesh,Small Cap,Mar-2025
134343,87380.0,1,Newgen Software Technologies Ltd.,IT,Information Technology,Domestic Equities,411.0,372.0,10.483870967741936,0.0409,0.0348285,17.432562412966387,0.0925023351750872,1100,newgen-software-technologies,Small Cap,Mar-2025
133298,5393.0,1,Balrampur Chini Mills Ltd.,Agri,Agriculture,Domestic Equities,747.0,684.0,9.210526315789473,0.0409,0.030386700000000003,34.59836046691479,0.0925023351750872,1100,balrampur-chini-mills,Small Cap,Mar-2025
152303,6239.0,1,Jindal Saw Ltd.,Iron & Steel,Iron & Steel,Domestic Equities,1514.0,1380.0,9.710144927536232,0.0409,0.0340101,20.258393830068126,0.0925023351750872,1100,jindal-saw,Small Cap,Mar-2025
101649,14929.0,1,Intellect Design Arena Ltd.,IT,Information Technology,Domestic Equities,590.0,538.0,9.66542750929368,0.0409,0.03581466,14.199045865575718,0.0925023351750872,1100,intellect-design-arena,Small Cap,Mar-2025
19174,6780.0,1,Bayer CropScience Ltd.,Chemicals,Chemicals,Domestic Equities,82.0,43.0,90.69767441860465,0.0403,0.02033513,98.17921006652035,0.091145332703081,1100,bayer-cropscience,Small Cap,Mar-2025
171948,7104.0,1,Emami Ltd.,FMCG,Fast Moving Consumer Goods,Domestic Equities,691.0,672.0,2.8273809523809526,0.0401,0.03561264,12.60046994550249,0.0906929985457457,1100,emami,Small Cap,Mar-2025
133308,5965.0,1,BEML Ltd.,Capital Goods,Capital Goods,Domestic Equities,124.0,113.0,9.734513274336283,0.039900000000000005,0.02773698,43.851277247919576,0.0902406643884103,1100,beml,Small Cap,Mar-2025
152194,7698.0,1,Whirlpool Of India Ltd.,Consumer Durables,Consumer Durables,Domestic Equities,403.0,371.0,8.62533692722372,0.039900000000000005,0.034430655,15.885102970013214,0.0902406643884103,1100,whirlpool-of-india,Small Cap,Mar-2025
152374,6232.0,1,Bosch Ltd.,Automobile & Ancillaries,Automobile & Ancillaries,Domestic Equities,14.0,15.0,-6.666666666666667,0.0397,0.039816,-0.29134016475787655,0.0897883302310749,1100,bosch,Large Cap,Mar-2025
114727,84195.0,1,Tejas Networks Ltd.,Telecom,Telecom,Domestic Equities,519.0,464.0,11.85344827586207,0.0395,0.03297648,19.782341838789343,0.0893359960737395,1100,tejas-networks,Small Cap,Mar-2025
118743,98929.0,1,Aptus Value Housing Finance India Ltd.,Finance,Finance,Domestic Equities,1340.0,1191.0,12.510495382031905,0.0395,0.036629205,7.837448287507207,0.0893359960737395,1100,aptus-value-housing-finance-india,Small Cap,Mar-2025
171765,6852.0,1,Ceat Ltd.,Automobile & Ancillaries,Automobile & Ancillaries,Domestic Equities,137.0,125.0,9.6,0.0394,0.03165625,24.461994076999012,0.0891098289950718,1100,ceat,Small Cap,Mar-2025
152391,5643.0,1,Pfizer Ltd.,Healthcare,Healthcare,Domestic Equities,98.0,90.0,8.88888888888889,0.0392,0.03645675,7.524669642795907,0.0886574948377364,1100,pfizer,Small Cap,Mar-2025
131,7518.0,1,Swan Energy Ltd.,Textile,Textile,Domestic Equities,907.0,831.0,9.14560770156438,0.039,0.0339048,15.027960642740842,0.088205160680401,1100,swan-energy,Small Cap,Mar-2025
95355,98927.0,1,Devyani International Ltd.,FMCG,Fast Moving Consumer Goods,Domestic Equities,2614.0,2394.0,9.189640768588136,0.039,0.039505788,-1.2802883466088628,0.088205160680401,1100,devyani-international,Small Cap,Mar-2025
134937,5507.0,1,Kirloskar Oil Engines Ltd.,Capital Goods,Capital Goods,Domestic Equities,540.0,495.0,9.090909090909092,0.038900000000000004,0.02851695,36.41009995809511,0.0879789936017333,1100,kirloskar-oil-engines,Small Cap,Mar-2025
139455,98272.0,1,Shyam Metalics And Energy Ltd.,Iron & Steel,Iron & Steel,Domestic Equities,455.0,417.0,9.112709832134293,0.0388,0.029663295,30.80138265152269,0.0877528265230656,1100,shyam-metalics-and-energy,Small Cap,Mar-2025
133495,5019.0,1,Ajanta Pharma Ltd.,Healthcare,Healthcare,Domestic Equities,147.0,143.0,2.797202797202797,0.038599999999999995,0.035549085,8.582260274772194,0.0873004923657302,1100,ajanta-pharma,Mid Cap,Mar-2025
614,7779.0,1,eClerx Services Ltd.,IT,Information Technology,Domestic Equities,139.0,127.0,9.448818897637794,0.038599999999999995,0.03599053,7.250435044996554,0.0873004923657302,1100,eclerx-services,Small Cap,Mar-2025
76174,111823.0,1,Bharti Hexacom Ltd.,Telecom,Telecom,Domestic Equities,263.0,256.0,2.734375,0.0385,0.03339264,15.29486737197179,0.0870743252870625,1100,bharti-hexacom,Mid Cap,Mar-2025
76822,89008.0,1,Craftsman Automation Ltd.,Automobile & Ancillaries,Automobile & Ancillaries,Domestic Equities,79.0,73.0,8.21917808219178,0.0385,0.032863505,17.15122900007166,0.0870743252870625,1100,craftsman-automation,Small Cap,Mar-2025
58145,71025.0,1,Indian Railway Finance Corporation Ltd.,Finance,Finance,Domestic Equities,3071.0,3173.0,-3.214623384809329,0.0382,0.035670866,7.090195118896181,0.0863958240510595,1100,indian-railway-finance-corporation,Large Cap,Mar-2025
113780,5843.0,1,Usha Martin Ltd.,Iron & Steel,Iron & Steel,Domestic Equities,1129.0,1033.0,9.293320425943854,0.0381,0.030550975,24.709604194301495,0.0861696569723918,1100,usha-martin,Small Cap,Mar-2025
171968,4931.0,1,Zydus Lifesciences Ltd.,Healthcare,Healthcare,Domestic Equities,429.0,444.0,-3.3783783783783785,0.038,0.03892104,-2.36643214055945,0.0859434898937241,1100,zydus-lifesciences,Large Cap,Mar-2025
95274,89247.0,1,Chalet Hotels Ltd.,Hospitality,Hospitality,Domestic Equities,463.0,423.0,9.456264775413711,0.0379,0.031177215,21.563135129292338,0.0857173228150564,1100,chalet-hotels,Small Cap,Mar-2025
114654,92672.0,1,Indian Renewable Energy Development Agency Ltd.,Finance,Finance,Domestic Equities,2361.0,2298.0,2.741514360313316,0.0379,0.035853396,5.708257036516146,0.0857173228150564,1100,indian-renewable-energy-development-agency,Mid Cap,Mar-2025
57620,82559.0,1,ICICI Prudential Life Insurance Company Ltd.,Insurance,Finance,Domestic Equities,672.0,693.0,-3.0303030303030303,0.0379,0.038225880000000004,-0.8525114398936026,0.0857173228150564,1100,icici-prudential-life-insurance-company,Large Cap,Mar-2025
152370,5063.0,1,Escorts Kubota Ltd.,Automobile & Ancillaries,Automobile & Ancillaries,Domestic Equities,116.0,113.0,2.6548672566371683,0.0377,0.032419135,16.289345782976632,0.085264988657721,1100,escorts-kubota,Mid Cap,Mar-2025
616,7870.0,1,Transformers & Rectifiers (India) Ltd.,Capital Goods,Capital Goods,Domestic Equities,697.0,,,0.0374,,,0.0845864874217179,1100,transformers-rectifiers-india,Small Cap,Mar-2025
56723,6834.0,1,Can Fin Homes Ltd.,Finance,Finance,Domestic Equities,550.0,503.0,9.343936381709742,0.0368,0.029055795,26.652875958135034,0.0832294849497117,1100,can-fin-homes,Small Cap,Mar-2025
171580,109023.0,1,Tata Technologies Ltd.,IT,Information Technology,Domestic Equities,540.0,526.0,2.6615969581749046,0.036699999999999997,0.03533405,3.8658178159593874,0.083003317871044,1100,tata-technologies,Mid Cap,Mar-2025
57415,105415.0,1,Concord Biotech Ltd.,Healthcare,Healthcare,Domestic Equities,215.0,196.0,9.693877551020408,0.0361,0.02932356,23.109199565127835,0.0816463153990379,1100,concord-biotech,Small Cap,Mar-2025
133333,4917.0,1,CRISIL Ltd.,Ratings,Ratings,Domestic Equities,85.0,83.0,2.4096385542168677,0.0355,0.03642372,-2.536039701601048,0.0802893129270317,1100,crisil,Mid Cap,Mar-2025
114606,112114.0,1,Hyundai Motor India Ltd.,Automobile & Ancillaries,Automobile & Ancillaries,Domestic Equities,208.0,,,0.0355,,,0.0802893129270317,1100,hyundai-motor-india,Large Cap,Mar-2025
797,86851.0,1,Nippon Life India Asset Management Ltd.,Finance,Finance,Domestic Equities,613.0,594.0,3.1986531986531985,0.0355,0.030490020000000003,16.431540549989787,0.0802893129270317,1100,nippon-life-india-asset-management,Mid Cap,Mar-2025
152579,7542.0,1,Sobha Ltd.,Realty,Realty,Domestic Equities,289.0,265.0,9.056603773584905,0.0354,0.0318159,11.265122155903185,0.080063145848364,1100,sobha,Small Cap,Mar-2025
76268,106949.0,1,Indegene Ltd.,Healthcare,Healthcare,Domestic Equities,610.0,279.0,118.63799283154121,0.0353,0.014341995000000001,146.13033263503436,0.0798369787696963,1100,indegene,Small Cap,Mar-2025
115032,83788.0,1,Housing & Urban Development Corporation Ltd.,Finance,Finance,Domestic Equities,1759.0,1712.0,2.7453271028037385,0.0351,0.028271967999999998,24.151244087429642,0.0793846446123609,1100,housing-urban-development-corporation,Mid Cap,Mar-2025
102429,100653.0,1,Global Health Ltd.,Healthcare,Healthcare,Domestic Equities,291.0,283.0,2.8268551236749118,0.0349,0.032535095,7.268781603373231,0.0789323104550255,1100,global-health,Small Cap,Mar-2025
113807,6098.0,1,HBL Engineering Ltd.,Automobile & Ancillaries,Automobile & Ancillaries,Domestic Equities,733.0,671.0,9.239940387481372,0.0346,0.02906101,19.05986749944341,0.0782538092190224,1100,hbl-engineering,Small Cap,Mar-2025
152053,6921.0,1,DCM Shriram Ltd.,Diversified,Diversified,Domestic Equities,321.0,,,0.0346,,,0.0782538092190224,1100,dcm-shriram,Small Cap,Mar-2025
115263,4992.0,1,Gravita India Ltd.,Non - Ferrous Metals,Non - Ferrous Metals,Domestic Equities,189.0,,,0.0346,,,0.0782538092190224,1100,gravita-india,Small Cap,Mar-2025
123232,111772.0,1,Brainbees Solutions Ltd.,Retailing,Information Technology,Domestic Equities,937.0,,,0.0345,,,0.0780276421403548,1100,brainbees-solutions,Small Cap,Mar-2025
171937,5730.0,1,Astrazeneca Pharma India Ltd.,Healthcare,Healthcare,Domestic Equities,40.0,36.0,11.11111111111111,0.0344,0.02411514,42.64897487636398,0.0778014750616871,1100,astrazeneca-pharma-india,Small Cap,Mar-2025
152578,8075.0,1,LT Foods Ltd.,FMCG,Fast Moving Consumer Goods,Domestic Equities,894.0,,,0.0341,,,0.077122973825684,1100,lt-foods,Small Cap,Mar-2025
58780,8388.0,1,Alembic Pharmaceuticals Ltd.,Healthcare,Healthcare,Domestic Equities,363.0,333.0,9.00900900900901,0.0337,0.024763544999999998,36.08713938170001,0.0762183055110132,1100,alembic-pharmaceuticals,Small Cap,Mar-2025
211056,110999.0,1,DOMS Industries Ltd.,FMCG,Fast Moving Consumer Goods,Domestic Equities,117.0,90.0,30.0,0.0337,0.02165895,55.593876896156104,0.0762183055110132,1100,doms-industries,Small Cap,Mar-2025
152559,7752.0,1,Action Construction Equipment Ltd.,Capital Goods,Capital Goods,Domestic Equities,267.0,245.0,8.979591836734693,0.0336,0.02573235,30.574937772881217,0.0759921384323455,1100,action-construction-equipment,Small Cap,Mar-2025
152106,69868.0,1,Ircon International Ltd.,Infrastructure,Infrastructure,Domestic Equities,2119.0,1943.0,9.058157488419969,0.0332,0.027524538,20.619644914657595,0.0750874701176747,1100,ircon-international,Small Cap,Mar-2025
152413,5645.0,1,Finolex Industries Ltd.,Plastic Products,Plastic Products,Domestic Equities,1847.0,1692.0,9.160756501182032,0.0332,0.028897667999999998,14.888163294006976,0.0750874701176747,1100,finolex-industries,Small Cap,Mar-2025
77334,87528.0,1,CreditAccess Grameen Ltd.,Finance,Finance,Domestic Equities,346.0,317.0,9.14826498422713,0.0329,0.02913547,12.920780066358983,0.0744089688816716,1100,creditaccess-grameen,Small Cap,Mar-2025
133302,6421.0,1,BASF India Ltd.,Chemicals,Chemicals,Domestic Equities,74.0,67.0,10.44776119402985,0.0327,0.028718544999999998,13.863707231686007,0.0739566347243362,1100,basf-india,Small Cap,Mar-2025
20766,6076.0,1,Techno Electric & Engineering Company Ltd.,Infrastructure,Infrastructure,Domestic Equities,326.0,298.0,9.395973154362416,0.0327,0.02902669,12.654939298969332,0.0739566347243362,1100,techno-electric-engineering-company,Small Cap,Mar-2025
133445,6416.0,1,Apar Industries Ltd.,Capital Goods,Capital Goods,Domestic Equities,59.0,100.0,-41.0,0.0327,0.057974,-43.59540483665091,0.0739566347243362,1100,apar-industries,Mid Cap,Mar-2025
1896,5762.0,1,Jupiter Wagons Ltd.,Automobile & Ancillaries,Automobile & Ancillaries,Domestic Equities,883.0,809.0,9.147095179233622,0.0326,0.023473135,38.8821731737154,0.0737304676456685,1100,jupiter-wagons,Small Cap,Mar-2025
115768,100528.0,1,Data Patterns (India) Ltd.,Capital Goods,Capital Goods,Domestic Equities,192.0,176.0,9.090909090909092,0.032400000000000005,0.0253044,28.040973111395655,0.0732781334883331,1100,data-patterns-india,Small Cap,Mar-2025
171485,6291.0,1,Motilal Oswal Financial Services Ltd.,Finance,Finance,Domestic Equities,520.0,878.0,-40.77448747152619,0.032,0.051670299999999995,-38.0688712858257,0.0723734651736624,1100,motilal-oswal-financial-services,Mid Cap,Mar-2025
95495,88229.0,1,Garden Reach Shipbuilders & Engineers Ltd.,Ship Building,Ship Building,Domestic Equities,190.0,174.0,9.195402298850574,0.032,0.0218544,46.42360348488178,0.0723734651736624,1100,garden-reach-shipbuilders-engineers,Small Cap,Mar-2025
509,8487.0,1,K.P.R. Mill Ltd.,Textile,Textile,Domestic Equities,351.0,342.0,2.631578947368421,0.0318,0.02741472,15.996078019399807,0.071921131016327,1100,kpr-mill,Small Cap,Mar-2025
653,111996.0,1,Afcons Infrastructure Ltd.,Infrastructure,Infrastructure,Domestic Equities,651.0,,,0.0317,,,0.0716949639376593,1100,afcons-infrastructure,Small Cap,Mar-2025
141321,96164.0,1,Happiest Minds Technologies Ltd.,IT,Information Technology,Domestic Equities,530.0,483.0,9.730848861283643,0.0316,0.03314829,-4.670799006524919,0.0714687968589916,1100,happiest-minds-technologies,Small Cap,Mar-2025
645,8087.0,1,IRB Infrastructure Developers Ltd.,Infrastructure,Infrastructure,Domestic Equities,6954.0,6770.0,2.7178729689807977,0.031400000000000004,0.02928702,7.214731987071413,0.0710164627016562,1100,irb-infrastructure-developers,Mid Cap,Mar-2025
83618,17010.0,1,BLS International Services Ltd.,Business Services,Hospitality,Domestic Equities,787.0,721.0,9.153952843273231,0.031400000000000004,0.024445505,28.448972520714953,0.0710164627016562,1100,bls-international-services,Small Cap,Mar-2025
188402,98309.0,1,Jubilant Ingrevia Ltd.,Chemicals,Chemicals,Domestic Equities,483.0,442.0,9.276018099547512,0.031400000000000004,0.02723604,15.288419314995874,0.0710164627016562,1100,jubilant-ingrevia,Small Cap,Mar-2025
133585,5972.0,1,Olectra Greentech Ltd.,Automobile & Ancillaries,Automobile & Ancillaries,Domestic Equities,266.0,243.0,9.465020576131687,0.0311,0.026041095,19.426621653198534,0.0703379614656531,1100,olectra-greentech,Small Cap,Mar-2025
190355,99127.0,1,Vijaya Diagnostic Centre Ltd.,Healthcare,Healthcare,Domestic Equities,308.0,282.0,9.219858156028367,0.031,0.02582415,20.042673234162596,0.0701117943869854,1100,vijaya-diagnostic-centre,Small Cap,Mar-2025
196533,104025.0,1,Motherson Sumi Wiring India Ltd.,Iron & Steel,Iron & Steel,Domestic Equities,5944.0,5786.0,2.7307293466989284,0.031,0.027194199999999998,13.994895970464297,0.0701117943869854,1100,motherson-sumi-wiring-india,Small Cap,Mar-2025
19064,6023.0,1,Westlife Foodworld Ltd,Hospitality,Hospitality,Domestic Equities,441.0,404.0,9.158415841584159,0.030899999999999997,0.02759522,11.975914669279673,0.0698856273083177,1100,westlife-foodworld,Small Cap,Mar-2025
18970,6462.0,1,Sarda Energy & Minerals Ltd.,Iron & Steel,Iron & Steel,Domestic Equities,598.0,,,0.030699999999999998,,,0.0694332931509823,1100,sarda-energy-minerals,Small Cap,Mar-2025
153943,100386.0,1,Vedant Fashions Ltd.,Textile,Textile,Domestic Equities,396.0,363.0,9.090909090909092,0.030699999999999998,0.030606345,0.30599864178489516,0.0694332931509823,1100,vedant-fashions,Small Cap,Mar-2025
133388,7039.0,1,Kansai Nerolac Paints Ltd.,Chemicals,Chemicals,Domestic Equities,1312.0,1201.0,9.242298084929226,0.030600000000000002,0.027221866,12.409634225662558,0.0692071260723146,1100,kansai-nerolac-paints,Small Cap,Mar-2025
58155,95800.0,1,Life Insurance Corporation of India,Insurance,Finance,Domestic Equities,381.0,394.0,-3.2994923857868024,0.0305,0.0291757,4.539051333815464,0.068980958993647,1100,life-insurance-corporation-of-india,Large Cap,Mar-2025
78882,109773.0,1,JSW Infrastructure Ltd.,Logistics,Logistics,Domestic Equities,952.0,922.0,3.2537960954446854,0.0304,0.02348795,29.428068435091188,0.0687547919149793,1100,jsw-infrastructure,Mid Cap,Mar-2025
152271,6134.0,1,Raymond Ltd.,Textile,Textile,Domestic Equities,217.0,199.0,9.045226130653267,0.0304,0.025737665,18.11483287236818,0.0687547919149793,1100,raymond,Small Cap,Mar-2025
38814,98613.0,1,Aditya Birla Sun Life AMC Ltd.,Finance,Finance,Domestic Equities,471.0,431.0,9.280742459396752,0.03,0.026528049999999997,13.087844753006731,0.0678501236003085,1100,aditya-birla-sun-life-amc,Small Cap,Mar-2025
57345,99844.0,1,AWL Agri Business Ltd.,FMCG,Fast Moving Consumer Goods,Domestic Equities,1155.0,539.0,114.28571428571428,0.0298,0.013267485,124.6092609111674,0.0673977894429731,1100,awl-agri-business,Mid Cap,Mar-2025
607,7527.0,1,Jyothy Labs Ltd.,FMCG,Fast Moving Consumer Goods,Domestic Equities,885.0,811.0,9.124537607891492,0.0291,0.02614664,11.29537103046511,0.0658146198922992,1100,jyothy-labs,Small Cap,Mar-2025
58513,104175.0,1,Aadhar Housing Finance Ltd.,Finance,Finance,Domestic Equities,679.0,589.0,15.280135823429541,0.0288,0.02242323,28.438231245007973,0.0651361186562961,1100,aadhar-housing-finance,Small Cap,Mar-2025
152533,5624.0,1,Godawari Power And Ispat Ltd.,Iron & Steel,Iron & Steel,Domestic Equities,1590.0,1457.0,9.128345916266301,0.0286,0.022692775,26.031302914694216,0.0646837844989607,1100,godawari-power-and-ispat,Small Cap,Mar-2025
114436,6959.0,1,Engineers India Ltd.,Capital Goods,Capital Goods,Domestic Equities,1782.0,1633.0,9.124311083894671,0.0286,0.024524393999999998,16.618579851555154,0.0646837844989607,1100,engineers-india,Small Cap,Mar-2025
13,7543.0,1,Tata Investment Corporation Ltd.,Finance,Finance,Domestic Equities,45.0,45.0,0.0,0.028399999999999998,0.027294525,4.05017123397458,0.0642314503416254,1100,tata-investment-corporation,Mid Cap,Mar-2025
19913,93142.0,1,UTI Asset Management Company Ltd.,Finance,Finance,Domestic Equities,269.0,245.0,9.795918367346939,0.028399999999999998,0.02305205,23.199455146071603,0.0642314503416254,1100,uti-asset-management-company,Small Cap,Mar-2025
133353,4920.0,1,IDBI Bank Ltd.,Bank,Banking,Domestic Equities,3646.0,1915.0,90.39164490861619,0.028300000000000002,0.01325946,113.43252289308916,0.0640052832629577,1100,idbi-bank,Mid Cap,Mar-2025
134271,8157.0,1,Minda Corporation Ltd.,Automobile & Ancillaries,Automobile & Ancillaries,Domestic Equities,522.0,478.0,9.205020920502092,0.0282,0.02295834,22.831180303105523,0.06377911618429,1100,minda-corporation,Small Cap,Mar-2025
58178,99657.0,1,Star Health and Allied Insurance Company Ltd.,Insurance,Finance,Domestic Equities,790.0,750.0,5.333333333333334,0.0282,0.028147500000000002,0.18651745270449435,0.06377911618429,1100,star-health-and-allied-insurance-company,Small Cap,Mar-2025
152197,7753.0,1,Kirloskar Brothers Ltd.,Capital Goods,Capital Goods,Domestic Equities,164.0,150.0,9.333333333333334,0.0281,0.02394375,17.35839206473505,0.0635529491056223,1100,kirloskar-brothers,Small Cap,Mar-2025
171853,7249.0,1,NLC India Ltd.,Power,Power,Domestic Equities,1143.0,1113.0,2.6954177897574128,0.027999999999999997,0.023043552,21.509045133319727,0.0633267820269546,1100,nlc-india,Mid Cap,Mar-2025
133662,6324.0,1,Century Plyboards (India) Ltd.,Construction Materials,Construction Materials,Domestic Equities,395.0,362.0,9.116022099447514,0.027999999999999997,0.02611649,7.211956890072132,0.0633267820269546,1100,century-plyboards-india,Small Cap,Mar-2025
200656,105054.0,1,Signatureglobal (India) Ltd.,Realty,Realty,Domestic Equities,255.0,233.0,9.44206008583691,0.0279,0.024351995,14.56966872734657,0.0631006149482869,1100,signatureglobal-india,Small Cap,Mar-2025
95082,5635.0,1,Capri Global Capital Ltd.,Finance,Finance,Domestic Equities,1620.0,1484.0,9.164420485175203,0.0276,0.023702448,16.443668603344253,0.0624221137122838,1100,capri-global-capital,Small Cap,Mar-2025
94609,5685.0,1,Welspun Living Ltd.,Textile,Textile,Domestic Equities,2026.0,1857.0,9.100700053850295,0.0274,0.019855044,38.00019783386027,0.0619697795549484,1100,welspun-living,Small Cap,Mar-2025
222979,112566.0,1,Vishal Mega Mart Ltd.,Retailing,Retailing,Domestic Equities,2618.0,,,0.0273,,,0.0617436124762807,1100,vishal-mega-mart,Mid Cap,Mar-2025
120445,17045.0,1,Quess Corp Ltd.,IT,Information Technology,Domestic Equities,418.0,383.0,9.138381201044385,0.027200000000000002,0.022874675,18.90879323968538,0.061517445397613,1100,quess-corp,Small Cap,Mar-2025
152387,5364.0,1,Gujarat Narmada Valley Fertilizers & Chemicals Ltd.,Chemicals,Chemicals,Domestic Equities,543.0,497.0,9.25553319919517,0.027000000000000003,0.023301845,15.870653160726118,0.0610651112402776,1100,gujarat-narmada-valley-fertilizers-chemicals,Small Cap,Mar-2025
171468,102668.0,1,Bikaji Foods International Ltd.,FMCG,Fast Moving Consumer Goods,Domestic Equities,408.0,374.0,9.090909090909092,0.027000000000000003,0.02371721,13.841383535415853,0.0610651112402776,1100,bikaji-foods-international,Small Cap,Mar-2025
114450,5588.0,1,The Jammu & Kashmir Bank Ltd.,Bank,Banking,Domestic Equities,2901.0,2657.0,9.18328942416259,0.0268,0.02518836,6.398352254771661,0.0606127770829422,1100,the-jammu-kashmir-bank,Small Cap,Mar-2025
56649,7087.0,1,HEG Ltd.,Capital Goods,Capital Goods,Domestic Equities,548.0,502.0,9.163346613545817,0.0265,0.01799168,47.29030307342059,0.0599342758469392,1100,heg,Small Cap,Mar-2025
97859,90258.0,1,Metropolis Healthcare Ltd.,Healthcare,Healthcare,Domestic Equities,169.0,154.0,9.740259740259742,0.0264,0.0244013,8.190957039174151,0.0597081087682715,1100,metropolis-healthcare,Small Cap,Mar-2025
222201,112407.0,1,NTPC Green Energy Ltd.,Power,Power,Domestic Equities,2611.0,,,0.0263,,,0.0594819416896038,1100,ntpc-green-energy,Large Cap,Mar-2025
117,8100.0,1,Vardhman Textiles Ltd.,Textile,Textile,Domestic Equities,666.0,611.0,9.00163666121113,0.0263,0.023199670000000002,13.363681466158775,0.0594819416896038,1100,vardhman-textiles,Small Cap,Mar-2025
430,6832.0,1,Caplin Point Laboratories Ltd.,Healthcare,Healthcare,Domestic Equities,131.0,120.0,9.166666666666666,0.0262,0.021869999999999997,19.798811156835864,0.0592557746109361,1100,caplin-point-laboratories,Small Cap,Mar-2025
152064,6806.0,1,3M India Ltd.,Diversified,Diversified,Domestic Equities,9.0,9.0,0.0,0.026000000000000002,0.023667570000000002,9.854961873990437,0.0588034404536007,1100,3m-india,Mid Cap,Mar-2025
555,5663.0,1,The Fertilisers And Chemicals Travancore Ltd.,Chemicals,Chemicals,Domestic Equities,405.0,212.0,91.0377358490566,0.0259,0.01466404,76.6225405822679,0.058577273374933,1100,the-fertilisers-and-chemicals-travancore,Mid Cap,Mar-2025
19084,5742.0,1,Elecon Engineering Company Ltd.,Capital Goods,Capital Goods,Domestic Equities,572.0,525.0,8.952380952380953,0.025699999999999997,0.0217455,18.185371686095966,0.0581249392175976,1100,elecon-engineering-company,Small Cap,Mar-2025
133018,6609.0,1,CCL Products (India) Ltd.,Agri,Agriculture,Domestic Equities,461.0,427.0,7.962529274004685,0.0256,0.024774539999999998,3.331888301457877,0.0578987721389299,1100,ccl-products-india,Small Cap,Mar-2025
133645,6755.0,1,Bank Of Maharashtra,Bank,Banking,Domestic Equities,5514.0,5368.0,2.7198211624441133,0.0256,0.024912888,2.758058399331305,0.0578987721389299,1100,bank-of-maharashtra,Mid Cap,Mar-2025
40249,8148.0,1,Schneider Electric Infrastructure Ltd.,Capital Goods,Capital Goods,Domestic Equities,380.0,348.0,9.195402298850574,0.0254,0.02129934,19.252521439631465,0.0574464379815945,1100,schneider-electric-infrastructure,Small Cap,Mar-2025
152067,7924.0,1,JM Financial Ltd.,Finance,Finance,Domestic Equities,2619.0,2399.0,9.17048770320967,0.0252,0.022140371000000002,13.819230942426389,0.0569941038242591,1100,jm-financial,Small Cap,Mar-2025
114425,8654.0,1,Saregama India Ltd.,Media & Entertainment,Media & Entertainment,Domestic Equities,492.0,452.0,8.849557522123893,0.0252,0.0200575,25.638788483111064,0.0569941038242591,1100,saregama-india,Small Cap,Mar-2025
203281,106367.0,1,NMDC Steel Ltd.,Iron & Steel,Iron & Steel,Domestic Equities,7495.0,6866.0,9.161083600349547,0.025,0.02430564,2.856785503282368,0.0565417696669237,1100,nmdc-steel,Small Cap,Mar-2025
137768,15760.0,1,Gujarat Gas Ltd.,Gas Transmission,Gas Transmission,Domestic Equities,604.0,588.0,2.7210884353741496,0.024900000000000002,0.02177658,14.343023560173366,0.056315602588256,1100,gujarat-gas,Mid Cap,Mar-2025
133387,5868.0,1,Godrej Industries Ltd.,Chemicals,Chemicals,Domestic Equities,217.0,217.0,0.0,0.0246,0.02381792,3.283578079026215,0.055637101352253,1100,godrej-industries,Mid Cap,Mar-2025
114515,6989.0,1,Gujarat Pipavav Port Ltd.,Logistics,Logistics,Domestic Equities,1765.0,1616.0,9.22029702970297,0.024399999999999998,0.02019192,20.840415374070425,0.0551847671949176,1100,gujarat-pipavav-port,Small Cap,Mar-2025
38127,7192.0,1,JK Tyre & Industries Ltd.,Automobile & Ancillaries,Automobile & Ancillaries,Domestic Equities,876.0,803.0,9.090909090909092,0.024300000000000002,0.021267455,14.259087417841013,0.0549586001162499,1100,jk-tyre-industries,Small Cap,Mar-2025
171394,82477.0,1,Endurance Technologies Ltd.,Automobile & Ancillaries,Automobile & Ancillaries,Domestic Equities,123.0,120.0,2.5,0.0242,0.021189,14.210203407428379,0.0547324330375822,1100,endurance-technologies,Mid Cap,Mar-2025
134702,8301.0,1,Valor Estate Ltd.,Realty,Realty,Domestic Equities,1592.0,1321.0,20.51476154428463,0.024,0.016307745,47.16933579719329,0.0542800988802468,1100,valor-estate,Small Cap,Mar-2025
152132,7850.0,1,Mastek Ltd.,IT,Information Technology,Domestic Equities,109.0,98.0,11.224489795918368,0.023799999999999998,0.02181235,9.112498194829985,0.0538277647229114,1100,mastek,Small Cap,Mar-2025
113787,7539.0,1,Honeywell Automation India Ltd.,Consumer Durables,Consumer Durables,Domestic Equities,7.0,7.0,0.0,0.0236,0.023591155000000003,0.03749286544044718,0.053375430565576,1100,honeywell-automation-india,Mid Cap,Mar-2025
861,112211.0,1,Sai Life Sciences Ltd.,Healthcare,Healthcare,Domestic Equities,308.0,,,0.023399999999999997,,,0.0529230964082406,1100,sai-life-sciences,Small Cap,Mar-2025
38126,6453.0,1,The India Cements Ltd.,Construction Materials,Construction Materials,Domestic Equities,840.0,751.0,11.8508655126498,0.0233,0.01903034,22.436067878976424,0.0526969293295729,1100,the-india-cements,Small Cap,Mar-2025
171624,5869.0,1,Blue Dart Express Ltd.,Logistics,Logistics,Domestic Equities,38.0,35.0,8.571428571428571,0.0233,0.020990725000000002,11.001406573617631,0.0526969293295729,1100,blue-dart-express,Small Cap,Mar-2025
1840,4901.0,1,SJVN Ltd.,Power,Power,Domestic Equities,2507.0,2440.0,2.7459016393442623,0.023,0.02052284,12.070259281853758,0.0520184280935698,1100,sjvn,Mid Cap,Mar-2025
152532,6617.0,1,Sun TV Network Ltd.,Media & Entertainment,Media & Entertainment,Domestic Equities,346.0,289.0,19.72318339100346,0.0225,0.01622735,38.6548019239124,0.0508875927002314,1100,sun-tv-network,Small Cap,Mar-2025
77359,100627.0,1,Waaree Energies Ltd.,Capital Goods,Capital Goods,Domestic Equities,92.0,,,0.022099999999999998,,,0.0499829243855606,1100,waaree-energies,Mid Cap,Mar-2025
152585,6859.0,1,Tanla Platforms Ltd.,IT,Information Technology,Domestic Equities,469.0,430.0,9.069767441860465,0.0219,0.0187609,16.732139716111696,0.0495305902282252,1100,tanla-platforms,Small Cap,Mar-2025
217845,112026.0,1,Premier Energies Ltd.,Electricals,Electricals,Domestic Equities,231.0,,,0.0217,,,0.0490782560708898,1100,premier-energies,Mid Cap,Mar-2025
189369,98614.0,1,Alivus Life Sciences Ltd.,Healthcare,Healthcare,Domestic Equities,199.0,,,0.0215,,,0.0486259219135544,1100,alivus-life-sciences,Small Cap,Mar-2025
643,7404.0,1,KNR Constructions Ltd.,Infrastructure,Infrastructure,Domestic Equities,939.0,860.0,9.186046511627907,0.021400000000000002,0.0189544,12.90254505550163,0.0483997548348867,1100,knr-constructions,Small Cap,Mar-2025
133520,5959.0,1,Triveni Engineering & Industries Ltd.,Agri,Agriculture,Domestic Equities,556.0,509.0,9.233791748526523,0.021400000000000002,0.017756465,20.519484030182824,0.0483997548348867,1100,triveni-engineering-industries,Small Cap,Mar-2025
171894,86746.0,1,Godrej Agrovet Ltd.,FMCG,Fast Moving Consumer Goods,Domestic Equities,278.0,226.0,23.008849557522122,0.021,0.01616239,29.931278727960414,0.0474950865202159,1100,godrej-agrovet,Small Cap,Mar-2025
133589,7782.0,1,Cera Sanitaryware Ltd.,Construction Materials,Construction Materials,Domestic Equities,37.0,34.0,8.823529411764707,0.0209,0.01799025,16.174038715415282,0.0472689194415482,1100,cera-sanitaryware,Small Cap,Mar-2025
56633,6412.0,1,Graphite India Ltd.,Capital Goods,Capital Goods,Domestic Equities,433.0,397.0,9.06801007556675,0.0207,0.015540565,33.19979035511256,0.0468165852842128,1100,graphite-india,Small Cap,Mar-2025
204790,107779.0,1,Honasa Consumer Ltd.,Trading,Trading,Domestic Equities,893.0,818.0,9.168704156479219,0.0207,0.017622174,17.46564300182259,0.0468165852842128,1100,honasa-consumer,Small Cap,Mar-2025
28396,92035.0,1,Sterling and Wilson Renewable Energy Ltd.,Infrastructure,Infrastructure,Domestic Equities,826.0,756.0,9.25925925925926,0.0207,0.01931202,7.1871300878934345,0.0468165852842128,1100,sterling-and-wilson-renewable-energy,Small Cap,Mar-2025
745,109745.0,1,RR Kabel Ltd.,Electricals,Electricals,Domestic Equities,215.0,191.0,12.56544502617801,0.0204,0.017003775000000002,19.97335885707732,0.0461380840482098,1100,rr-kabel,Small Cap,Mar-2025
195742,102041.0,1,TBO Tek Ltd.,Hospitality,Hospitality,Domestic Equities,168.0,102.0,64.70588235294117,0.0203,0.01224867,65.73227950463193,0.0459119169695421,1100,tbo-tek,Small Cap,Mar-2025
40702,7798.0,1,RHI Magnesita India Ltd.,Capital Goods,Capital Goods,Domestic Equities,394.0,361.0,9.141274238227147,0.02,0.01414037,41.43901467924814,0.045233415733539,1100,rhi-magnesita-india,Small Cap,Mar-2025
30,5093.0,1,Bombay Burmah Trading Corporation Ltd.,Agri,Agriculture,Domestic Equities,112.0,103.0,8.737864077669903,0.019799999999999998,0.017078945,15.932219466717637,0.0447810815762036,1100,bombay-burmah-trading-corporation,Small Cap,Mar-2025
116180,112103.0,1,Bajaj Housing Finance Ltd.,Finance,Finance,Domestic Equities,1599.0,,,0.0197,,,0.0445549144975359,1100,bajaj-housing-finance,Large Cap,Mar-2025
815,89011.0,1,Rites Ltd.,Capital Goods,Other,Domestic Equities,871.0,798.0,9.147869674185463,0.0195,0.01632309,19.462675265528766,0.0441025803402005,1100,rites,Small Cap,Mar-2025
65311,106730.0,1,SBFC Finance Ltd.,Finance,Finance,Domestic Equities,2212.0,2010.0,10.049751243781095,0.0195,0.01774227,9.907018662211767,0.0441025803402005,1100,sbfc-finance,Small Cap,Mar-2025
133081,5148.0,1,Trident Ltd.,Textile,Textile,Domestic Equities,7939.0,7215.0,10.034650034650035,0.019299999999999998,0.018607485,3.721701240119233,0.0436502461828651,1100,trident,Small Cap,Mar-2025
133348,5626.0,1,Chennai Petroleum Corporation Ltd.,Crude Oil,Crude Oil,Domestic Equities,313.0,287.0,9.059233449477352,0.019299999999999998,0.01296092,48.90918237285624,0.0436502461828651,1100,chennai-petroleum-corporation,Small Cap,Mar-2025
678,15637.0,1,PNC Infratech Ltd.,Infrastructure,Infrastructure,Domestic Equities,734.0,672.0,9.226190476190476,0.018600000000000002,0.01740144,6.887705845033526,0.0420670766321913,1100,pnc-infratech,Small Cap,Mar-2025
152217,6011.0,1,Maharashtra Seamless Ltd.,Iron & Steel,Iron & Steel,Domestic Equities,271.0,249.0,8.835341365461847,0.018500000000000003,0.015258719999999998,21.242148751664637,0.0418409095535236,1100,maharashtra-seamless,Small Cap,Mar-2025
152593,8261.0,1,Network 18 Media & Investments Ltd.,Media & Entertainment,Media & Entertainment,Domestic Equities,4251.0,3892.0,9.224049331963,0.018500000000000003,0.016081744,15.037274564251247,0.0418409095535236,1100,network-18-media-investments,Small Cap,Mar-2025
219906,112338.0,1,Raymond Lifestyle Ltd.,Textile,Textile,Domestic Equities,176.0,,,0.0184,,,0.0416147424748559,1100,raymond-lifestyle,Small Cap,Mar-2025
171516,6987.0,1,Tata Teleservices (Maharashtra) Ltd.,Telecom,Telecom,Domestic Equities,3270.0,2995.0,9.181969949916526,0.0184,0.01782624,3.218626025454616,0.0416147424748559,1100,tata-teleservices-maharashtra,Small Cap,Mar-2025
195442,101899.0,1,Syrma SGS Technology Ltd.,Electricals,Electricals,Domestic Equities,397.0,359.0,10.584958217270195,0.0183,0.014857215,23.17247882594417,0.0413885753961882,1100,syrma-sgs-technology,Small Cap,Mar-2025
152107,5346.0,1,Shipping Corporation Of India Ltd.,Logistics,Logistics,Domestic Equities,1100.0,1007.0,9.235352532274081,0.0182,0.014696157999999999,23.84189119360313,0.0411624083175205,1100,shipping-corporation-of-india,Small Cap,Mar-2025
133345,5047.0,1,IFCI Ltd.,Finance,Finance,Domestic Equities,4214.0,3848.0,9.511434511434512,0.0181,0.015811432,14.474134917065069,0.0409362412388528,1100,ifci,Small Cap,Mar-2025
133551,7167.0,1,Indian Overseas Bank,Bank,Banking,Domestic Equities,4463.0,2340.0,90.72649572649573,0.0174,0.01018602,70.82236241436792,0.0393530716881789,1100,indian-overseas-bank,Large Cap,Mar-2025
757,97957.0,1,Railtel Corporation Of India Ltd.,Telecom,Telecom,Domestic Equities,568.0,520.0,9.230769230769232,0.0172,0.0146198,17.648668244435623,0.0389007375308435,1100,railtel-corporation-of-india,Small Cap,Mar-2025
59494,100957.0,1,Latent View Analytics Ltd.,Business Services,Other,Domestic Equities,466.0,424.0,9.90566037735849,0.0171,0.016249800000000002,5.232064394638695,0.0386745704521758,1100,latent-view-analytics,Small Cap,Mar-2025
189226,98548.0,1,Clean Science And Technology Ltd.,Chemicals,Chemicals,Domestic Equities,146.0,134.0,8.955223880597014,0.017,0.015989549999999998,6.319439884174355,0.0384484033735081,1100,clean-science-and-technology,Small Cap,Mar-2025
505,6857.0,1,Central Bank Of India,Bank,Banking,Domestic Equities,3917.0,3588.0,9.169453734671126,0.0168,0.015780024,6.463716404994063,0.0379960692161727,1100,central-bank-of-india,Mid Cap,Mar-2025
42557,112281.0,1,Inventurus Knowledge Solutions Ltd.,IT,Information Technology,Domestic Equities,110.0,,,0.0168,,,0.0379960692161727,1100,inventurus-knowledge-solutions,Mid Cap,Mar-2025
176199,111753.0,1,OLA Electric Mobility Ltd.,Automobile & Ancillaries,Automobile & Ancillaries,Domestic Equities,3127.0,,,0.0166,,,0.0375437350588374,1100,ola-electric-mobility,Mid Cap,Mar-2025
135194,112166.0,1,Niva Bupa Health Insurance Company Ltd.,Insurance,Finance,Domestic Equities,2072.0,,,0.016200000000000003,,,0.0366390667441666,1100,niva-bupa-health-insurance-company,Small Cap,Mar-2025
207271,109317.0,1,Netweb Technologies India Ltd.,Consumer Durables,Consumer Durables,Domestic Equities,105.0,96.0,9.375,0.0159,0.013957440000000002,13.917738496457801,0.0359605655081635,1100,netweb-technologies-india,Small Cap,Mar-2025
152110,5928.0,1,ITI Ltd.,Telecom,Telecom,Domestic Equities,626.0,574.0,9.059233449477352,0.015600000000000001,0.01412327,10.456006293160149,0.0352820642721604,1100,iti,Small Cap,Mar-2025
133666,8476.0,1,JBM Auto Ltd.,Automobile & Ancillaries,Automobile & Ancillaries,Domestic Equities,262.0,240.0,9.166666666666666,0.0155,0.012396,25.040335592126496,0.0350558971934927,1100,jbm-auto,Small Cap,Mar-2025
192488,100187.0,1,CE Info Systems Ltd.,IT,Information Technology,Domestic Equities,91.0,84.0,8.333333333333332,0.0154,0.01398432,10.123338138715372,0.034829730114825,1100,ce-info-systems,Small Cap,Mar-2025
84908,112552.0,1,Swiggy Ltd.,Retailing,Information Technology,Domestic Equities,462.0,,,0.015300000000000001,,,0.0346035630361573,1100,swiggy,Large Cap,Mar-2025
219753,112169.0,1,Sagility India Ltd.,Business Services,Other,Domestic Equities,3553.0,,,0.0152,,,0.0343773959574896,1100,sagility-india,Small Cap,Mar-2025
37858,5520.0,1,Alkyl Amines Chemicals Ltd.,Chemicals,Chemicals,Domestic Equities,90.0,82.0,9.75609756097561,0.0146,0.01304497,11.920533355001963,0.0330203934854835,1100,alkyl-amines-chemicals,Small Cap,Mar-2025
114673,111130.0,1,Inox India Ltd.,Capital Goods,Capital Goods,Domestic Equities,145.0,133.0,9.022556390977442,0.014499999999999999,0.0127547,13.68358330654581,0.0327942264068158,1100,inox-india,Small Cap,Mar-2025
114439,5439.0,1,Gujarat Mineral Development Corporation Ltd.,Mining,Mining,Domestic Equities,538.0,493.0,9.127789046653144,0.0143,0.01190102,20.157767989634497,0.0323418922494804,1100,gujarat-mineral-development-corporation,Small Cap,Mar-2025
152476,5252.0,1,Shree Renuka Sugars Ltd.,Agri,Agriculture,Domestic Equities,5184.0,4748.0,9.182813816343725,0.0143,0.013061748,9.47998690527485,0.0323418922494804,1100,shree-renuka-sugars,Small Cap,Mar-2025
221192,112302.0,1,International Gemmological Institute (India) Ltd.,Business Services,Other,Domestic Equities,363.0,,,0.013999999999999999,,,0.0316633910134773,1100,international-gemmological-institute-india,Small Cap,Mar-2025
95406,100018.0,1,Emcure Pharmaceuticals Ltd.,Healthcare,Healthcare,Domestic Equities,128.0,98.0,30.612244897959183,0.0137,0.00962066,42.40187263659667,0.0309848897774742,1100,emcure-pharmaceuticals,Small Cap,Mar-2025
58164,86911.0,1,The New India Assurance Company Ltd.,Insurance,Finance,Domestic Equities,843.0,821.0,2.679658952496955,0.013000000000000001,0.011667231,11.423181730095171,0.0294017202268003,1100,the-new-india-assurance-company,Mid Cap,Mar-2025
133628,7605.0,1,UCO Bank,Bank,Banking,Domestic Equities,3595.0,3293.0,9.17096872153052,0.0128,0.011976641,6.874707190438466,0.0289493860694649,1100,uco-bank,Mid Cap,Mar-2025
133083,6007.0,1,Alok Industries Ltd.,Textile,Textile,Domestic Equities,8077.0,7399.0,9.163400459521558,0.012199999999999999,0.011364863999999999,7.348402937333881,0.0275923835974588,1100,alok-industries,Small Cap,Mar-2025
195761,102061.0,1,Campus Activewear Ltd.,FMCG,Retailing,Domestic Equities,521.0,477.0,9.224318658280922,0.012,0.012433004999999999,-3.482705910598441,0.0271400494401234,1100,campus-activewear,Small Cap,Mar-2025
153043,7287.0,1,Just Dial Ltd.,Business Services,Information Technology,Domestic Equities,143.0,131.0,9.16030534351145,0.011699999999999999,0.011007275,6.293337815217649,0.0264615482041203,1100,just-dial,Small Cap,Mar-2025
289,5004.0,1,Rashtriya Chemicals and Fertilizers Ltd.,Chemicals,Chemicals,Domestic Equities,898.0,823.0,9.113001215066829,0.0113,0.009630746,17.33255139321501,0.0255568798894495,1100,rashtriya-chemicals-and-fertilizers,Small Cap,Mar-2025
65256,86779.0,1,Acme Solar Holdings Ltd.,Power,Power,Domestic Equities,507.0,,,0.0097,,,0.0219382066307664,1100,acme-solar-holdings,Small Cap,Mar-2025
63725,92864.0,1,Route Mobile Ltd.,IT,Information Technology,Domestic Equities,103.0,94.0,9.574468085106384,0.0096,0.00921294,4.201264742850819,0.0217120395520987,1100,route-mobile,Small Cap,Mar-2025
40323,8128.0,1,RattanIndia Enterprises Ltd.,Business Services,Other,Domestic Equities,2258.0,2068.0,9.18762088974855,0.009300000000000001,0.008485004,9.605133951616288,0.0210335383160956,1100,rattanindia-enterprises,Small Cap,Mar-2025
171883,5324.0,1,Mangalore Refinery And Petrochemicals Ltd.,Crude Oil,Crude Oil,Domestic Equities,625.0,625.0,0.0,0.0084,0.0066125,27.03213610586011,0.0189980346080864,1100,mangalore-refinery-and-petrochemicals,Small Cap,Mar-2025
39219,111883.0,1,Akums Drugs & Pharmaceuticals Ltd.,Healthcare,Healthcare,Domestic Equities,178.0,127.0,40.15748031496063,0.0084,0.00578485,45.20687658279816,0.0189980346080864,1100,akums-drugs-pharmaceuticals,Small Cap,Mar-2025
94495,5412.0,1,MMTC Ltd.,Trading,Trading,Domestic Equities,984.0,902.0,9.090909090909092,0.0051,0.004445056,14.734212572350048,0.0115345210120524,1100,mmtc,Small Cap,Mar-2025
171875,5051.0,1,HDFC Bank Ltd.,Bank,Banking,Domestic Equities,13065.0,13079.0,-0.10704182276932486,2.515,2.3911000000000002,5.181715528417877,5.52052031178318,1100,hdfc-bank,Large Cap,Apr-2025
171888,8748.0,1,ICICI Bank Ltd.,Bank,Banking,Domestic Equities,12122.0,12135.0,-0.10712814173877215,1.7298,1.6362,5.720572057205711,3.79697655480022,1100,icici-bank,Large Cap,Apr-2025
171531,4897.0,1,Reliance Industries Ltd.,Crude Oil,Crude Oil,Domestic Equities,11636.0,11648.0,-0.10302197802197803,1.6349,1.4852,10.079450579046592,3.58866745834367,1100,reliance-industries,Large Cap,Apr-2025
171889,4926.0,1,Infosys Ltd.,IT,Information Technology,Domestic Equities,6182.0,6189.0,-0.11310389400549363,0.9274,0.9721,-4.5982923567534195,2.03567814598319,1100,infosys,Large Cap,Apr-2025
133593,6508.0,1,Bharti Airtel Ltd.,Telecom,Telecom,Domestic Equities,4608.0,4612.0,-0.08673026886383348,0.8592,0.7994,7.4806104578433885,1.88597656138533,1100,bharti-airtel,Large Cap,Apr-2025
152408,5535.0,1,ITC Ltd.,FMCG,Fast Moving Consumer Goods,Domestic Equities,15988.0,16004.0,-0.0999750062484379,0.6808,0.6557999999999999,3.8121378469045437,1.49438180050179,1100,itc,Large Cap,Apr-2025
152372,4964.0,1,Larsen & Toubro Ltd.,Infrastructure,Infrastructure,Domestic Equities,2016.0,2018.0,-0.09910802775024777,0.6735,0.7047,-4.427415921668802,1.47835802385128,1100,larsen-toubro,Large Cap,Apr-2025
171915,6797.0,1,Tata Consultancy Services Ltd.,IT,Information Technology,Domestic Equities,1753.0,1755.0,-0.11396011396011395,0.6053999999999999,0.6329,-4.345078211407805,1.32887594304316,1100,tata-consultancy-services,Large Cap,Apr-2025
171400,5889.0,1,Axis Bank Ltd.,Bank,Banking,Domestic Equities,4907.0,4912.0,-0.10179153094462541,0.5815,0.5413,7.426565675226299,1.27641453729699,1100,axis-bank,Large Cap,Apr-2025
171492,5886.0,1,Kotak Mahindra Bank Ltd.,Bank,Banking,Domestic Equities,2525.0,2527.0,-0.07914523149980214,0.5575,0.5487,1.6037907782030303,1.22373362776108,1100,kotak-mahindra-bank,Large Cap,Apr-2025
133350,8843.0,1,State Bank Of India,Bank,Banking,Domestic Equities,6598.0,6605.0,-0.10598031794095382,0.5204,0.5096,2.1193092621664014,1.14229772177017,1100,state-bank-of-india,Large Cap,Apr-2025
171656,5311.0,1,Mahindra & Mahindra Ltd.,Automobile & Ancillaries,Automobile & Ancillaries,Domestic Equities,1521.0,1523.0,-0.13131976362442546,0.44549999999999995,0.406,9.729064039408856,0.977889383260202,1100,mahindra-mahindra,Large Cap,Apr-2025
171484,6114.0,1,Bajaj Finance Ltd.,Finance,Finance,Domestic Equities,449.0,449.0,0.0,0.38770000000000004,0.4017,-3.485187951207365,0.851016192794569,1100,bajaj-finance,Large Cap,Apr-2025
171717,5016.0,1,Hindustan Unilever Ltd.,FMCG,Fast Moving Consumer Goods,Domestic Equities,1523.0,1525.0,-0.13114754098360656,0.3567,0.34450000000000003,3.541364296081274,0.78297001797736,1100,hindustan-unilever,Large Cap,Apr-2025
420,5071.0,1,Sun Pharmaceutical Industries Ltd.,Healthcare,Healthcare,Domestic Equities,1851.0,1853.0,-0.10793308148947653,0.3392,0.3214,5.538270068450532,0.744556854774098,1100,sun-pharmaceutical-industries,Large Cap,Apr-2025
76200,82667.0,1,BSE Ltd.,Finance,Finance,Domestic Equities,475.0,475.0,0.0,0.30210000000000004,0.26030000000000003,16.058394160583937,0.663120948783181,1100,bse,Mid Cap,Apr-2025
133664,7760.0,1,NTPC Ltd.,Power,Power,Domestic Equities,8144.0,8152.0,-0.09813542688910697,0.2887,0.2915,-0.9605488850771787,0.633707440958968,1100,ntpc,Large Cap,Apr-2025
77009,96064.0,1,Max Healthcare Institute Ltd.,Healthcare,Healthcare,Domestic Equities,2602.0,2605.0,-0.11516314779270634,0.2858,0.2858,0.0,0.627341831056713,1100,max-healthcare-institute,Mid Cap,Apr-2025
171528,8219.0,1,HCL Technologies Ltd.,IT,Information Technology,Domestic Equities,1821.0,1823.0,-0.10970927043335163,0.2854,0.2903,-1.6879090595935307,0.626463815897782,1100,hcl-technologies,Large Cap,Apr-2025
156921,98676.0,1,Eternal Ltd.,Retailing,Information Technology,Domestic Equities,11932.0,11944.0,-0.10046885465505692,0.2774,0.2409,15.151515151515147,0.608903512719147,1100,eternal,Large Cap,Apr-2025
133625,7239.0,1,Maruti Suzuki India Ltd.,Automobile & Ancillaries,Automobile & Ancillaries,Domestic Equities,225.0,225.0,0.0,0.2758,0.25920000000000004,6.404320987654308,0.60539145208342,1100,maruti-suzuki-india,Large Cap,Apr-2025
517,7825.0,1,Power Grid Corporation Of India Ltd.,Power,Power,Domestic Equities,7784.0,7792.0,-0.10266940451745381,0.23929999999999998,0.2262,5.791335101679923,0.525272568830901,1100,power-grid-corporation-of-india,Large Cap,Apr-2025
171461,6050.0,1,Titan Company Ltd.,Diamond  &  Jewellery,Diamond & Jewellery,Domestic Equities,708.0,709.0,-0.14104372355430184,0.23929999999999998,0.21719999999999998,10.17495395948435,0.525272568830901,1100,titan-company,Large Cap,Apr-2025
152473,5056.0,1,Suzlon Energy Ltd.,Capital Goods,Capital Goods,Domestic Equities,41558.0,41607.0,-0.11776864469920927,0.23440000000000003,0.2357,-0.5515485787017352,0.514516883133987,1100,suzlon-energy,Mid Cap,Apr-2025
133654,6850.0,1,Ultratech Cement Ltd.,Construction Materials,Construction Materials,Domestic Equities,199.0,200.0,-0.5,0.23170000000000002,0.2302,0.6516072980017469,0.508590280811198,1100,ultratech-cement,Large Cap,Apr-2025
152378,5539.0,1,Tata Motors Ltd.,Automobile & Ancillaries,Automobile & Ancillaries,Domestic Equities,3584.0,3587.0,-0.08363534987454697,0.2309,0.2419,-4.547333608929315,0.506834250493335,1100,tata-motors,Large Cap,Apr-2025
57445,86554.0,1,Dixon Technologies (India) Ltd.,Consumer Durables,Consumer Durables,Domestic Equities,135.0,135.0,0.0,0.22210000000000002,0.1779,24.845418774592478,0.487517916996837,1100,dixon-technologies-india,Mid Cap,Apr-2025
152686,7802.0,1,Multi Commodity Exchange Of India Ltd.,Finance,Finance,Domestic Equities,331.0,331.0,0.0,0.2028,0.17579999999999998,15.358361774744045,0.445153685578382,1100,multi-commodity-exchange-of-india,Small Cap,Apr-2025
152362,5226.0,1,Tata Steel Ltd.,Iron & Steel,Iron & Steel,Domestic Equities,14202.0,14216.0,-0.09848058525604951,0.1989,0.2193,-9.302325581395344,0.436593037778797,1100,tata-steel,Large Cap,Apr-2025
95548,5980.0,1,Persistent Systems Ltd.,IT,Information Technology,Domestic Equities,371.0,373.0,-0.5361930294906166,0.1974,0.2057,-4.035002430724364,0.433300480932803,1100,persistent-systems,Mid Cap,Apr-2025
152205,8185.0,1,Trent Ltd.,Retailing,Retailing,Domestic Equities,381.0,382.0,-0.2617801047120419,0.1971,0.2034,-3.097345132743358,0.432641969563605,1100,trent,Large Cap,Apr-2025
133309,5981.0,1,Bharat Electronics Ltd.,Capital Goods,Capital Goods,Domestic Equities,6151.0,6157.0,-0.0974500568458665,0.1932,0.1855,4.150943396226412,0.42408132176402,1100,bharat-electronics,Large Cap,Apr-2025
38803,5403.0,1,Indus Towers Ltd.,Telecom,Telecom,Domestic Equities,4628.0,4632.0,-0.08635578583765112,0.1889,0.1548,22.02842377260982,0.414642658805504,1100,indus-towers,Large Cap,Apr-2025
171658,4978.0,1,Asian Paints Ltd.,Chemicals,Chemicals,Domestic Equities,777.0,777.0,0.0,0.1885,0.1819,3.628367234744365,0.413764643646573,1100,asian-paints,Large Cap,Apr-2025
157113,99763.0,1,PB Fintech Ltd.,IT,Information Technology,Domestic Equities,1159.0,1160.0,-0.08620689655172414,0.1884,0.1844,2.1691973969631158,0.41354513985684,1100,pb-fintech,Mid Cap,Apr-2025
171708,8443.0,1,Bajaj Finserv Ltd.,Finance,Finance,Domestic Equities,933.0,935.0,-0.21390374331550802,0.1821,0.1877,-2.9834842834310003,0.399716401103665,1100,bajaj-finserv,Large Cap,Apr-2025
152245,5078.0,1,Grasim Industries Ltd.,Diversified,Construction Materials,Domestic Equities,659.0,659.0,0.0,0.1804,0.1721,4.822777454968032,0.395984836678205,1100,grasim-industries,Large Cap,Apr-2025
152211,6247.0,1,Lupin Ltd.,Healthcare,Healthcare,Domestic Equities,846.0,846.0,0.0,0.1773,0.1716,3.321678321678323,0.389180219196484,1100,lupin,Mid Cap,Apr-2025
96486,15829.0,1,Interglobe Aviation Ltd.,Aviation,Aviation,Domestic Equities,337.0,337.0,0.0,0.1769,0.1724,2.610208816705353,0.388302204037553,1100,interglobe-aviation,Large Cap,Apr-2025
133657,7260.0,1,Coforge Ltd.,IT,Information Technology,Domestic Equities,233.0,233.0,0.0,0.1702,0.1889,-9.899417681312869,0.373595450125446,1100,coforge,Mid Cap,Apr-2025
171685,5596.0,1,The Federal Bank Ltd.,Bank,Banking,Domestic Equities,8584.0,8594.0,-0.11636025133814289,0.16879999999999998,0.1656,1.932367149758456,0.370522397069185,1100,the-federal-bank,Mid Cap,Apr-2025
133434,4968.0,1,JSW Steel Ltd.,Iron & Steel,Iron & Steel,Domestic Equities,1630.0,1631.0,-0.06131207847946045,0.1679,0.1734,-3.171856978085356,0.368546862961589,1100,jsw-steel,Large Cap,Apr-2025
171369,7531.0,1,Tech Mahindra Ltd.,IT,Information Technology,Domestic Equities,1088.0,1090.0,-0.1834862385321101,0.1635,0.15460000000000002,5.756791720569214,0.35888869621334,1100,tech-mahindra,Large Cap,Apr-2025
152256,5774.0,1,Oil & Natural Gas Corporation Ltd.,Crude Oil,Crude Oil,Domestic Equities,6671.0,6677.0,-0.08986071589036992,0.1631,0.16449999999999998,-0.8510638297872375,0.358010681054408,1100,oil-natural-gas-corporation,Large Cap,Apr-2025
152343,5043.0,1,Hindalco Industries Ltd.,Non - Ferrous Metals,Non - Ferrous Metals,Domestic Equities,2486.0,2489.0,-0.12053033346725592,0.1553,0.1699,-8.593290170688636,0.34088938545524,1100,hindalco-industries,Large Cap,Apr-2025
114530,88033.0,1,HDFC Asset Management Company Ltd.,Finance,Finance,Domestic Equities,355.0,355.0,0.0,0.1553,0.1425,8.982456140350873,0.34088938545524,1100,hdfc-asset-management-company,Mid Cap,Apr-2025
539,7794.0,1,Adani Ports and Special Economic Zone Ltd.,Logistics,Logistics,Domestic Equities,1266.0,1268.0,-0.15772870662460567,0.154,0.15,2.6666666666666687,0.338035836188712,1100,adani-ports-and-special-economic-zone,Large Cap,Apr-2025
139924,82380.0,1,Laurus Labs Ltd.,Healthcare,Healthcare,Domestic Equities,2538.0,2546.0,-0.3142183817753339,0.1533,0.1562,-1.8565941101152315,0.336499309660581,1100,laurus-labs,Small Cap,Apr-2025
165,7447.0,1,SRF Ltd.,Chemicals,Chemicals,Domestic Equities,508.0,508.0,0.0,0.15289999999999998,0.1493,2.411252511721363,0.33562129450165,1100,srf,Mid Cap,Apr-2025
707,8442.0,1,Bajaj Auto Ltd.,Automobile & Ancillaries,Automobile & Ancillaries,Domestic Equities,190.0,190.0,0.0,0.15259999999999999,0.1497,1.9372077488309893,0.334962783132451,1100,bajaj-auto,Large Cap,Apr-2025
95265,83775.0,1,Central Depository Services (India) Ltd.,Business Services,Finance,Domestic Equities,1154.0,1158.0,-0.3454231433506045,0.1523,0.1413,7.784854918612877,0.334304271763252,1100,central-depository-services-india,Small Cap,Apr-2025
115643,7007.0,1,Coal India Ltd.,Mining,Mining,Domestic Equities,3901.0,3905.0,-0.10243277848911651,0.1503,0.1555,-3.344051446945346,0.329914195968593,1100,coal-india,Large Cap,Apr-2025
133330,5128.0,1,Cipla Ltd.,Healthcare,Healthcare,Domestic Equities,966.0,967.0,-0.1034126163391934,0.1497,0.13949999999999999,7.311827956989257,0.328597173230196,1100,cipla,Large Cap,Apr-2025
152400,5891.0,1,Nestle India Ltd.,FMCG,Fast Moving Consumer Goods,Domestic Equities,616.0,616.0,0.0,0.1471,0.1386,6.1327561327561435,0.32289007469714,1100,nestle-india,Large Cap,Apr-2025
56728,7719.0,1,Shriram Finance Ltd.,Finance,Finance,Domestic Equities,2403.0,2406.0,-0.12468827930174563,0.147,0.1578,-6.844106463878327,0.322670570907407,1100,shriram-finance,Large Cap,Apr-2025
2469,110949.0,1,JIO Financial Services Ltd.,Finance,Finance,Domestic Equities,5625.0,5631.0,-0.10655301012253596,0.1465,0.1281,14.363778298204528,0.321573051958742,1100,jio-financial-services,Large Cap,Apr-2025
134703,87891.0,1,Hindustan Aeronautics Ltd.,Capital Goods,Capital Goods,Domestic Equities,326.0,326.0,0.0,0.1463,0.1362,7.4155653450807755,0.321134044379276,1100,hindustan-aeronautics,Large Cap,Apr-2025
7737,15826.0,1,IDFC First Bank Ltd.,Bank,Banking,Domestic Equities,21707.0,21732.0,-0.1150377323762194,0.1409,0.11939999999999999,18.006700167504192,0.309280839733698,1100,idfc-first-bank,Mid Cap,Apr-2025
26837,16127.0,1,Crompton Greaves Consumer Electricals Ltd.,Consumer Durables,Consumer Durables,Domestic Equities,4168.0,4180.0,-0.28708133971291866,0.1406,0.14800000000000002,-5.000000000000001,0.308622328364499,1100,crompton-greaves-consumer-electricals,Small Cap,Apr-2025
58168,86912.0,1,HDFC Life Insurance Company Ltd.,Insurance,Finance,Domestic Equities,1838.0,1840.0,-0.10869565217391304,0.1367,0.12619999999999998,8.320126782884318,0.300061680564915,1100,hdfc-life-insurance-company,Large Cap,Apr-2025
171877,6125.0,1,Cummins India Ltd.,Automobile & Ancillaries,Automobile & Ancillaries,Domestic Equities,472.0,474.0,-0.42194092827004215,0.1367,0.1447,-5.5286800276434045,0.300061680564915,1100,cummins-india,Large Cap,Apr-2025
152907,86648.0,1,SBI Life Insurance Company Ltd.,Insurance,Finance,Domestic Equities,770.0,770.0,0.0,0.136,0.1192,14.093959731543624,0.298525154036784,1100,sbi-life-insurance-company,Large Cap,Apr-2025
141614,85778.0,1,AU Small Finance Bank Ltd.,Bank,Banking,Domestic Equities,1966.0,1967.0,-0.05083884087442806,0.1334,0.1052,26.806083650190114,0.292818055503728,1100,au-small-finance-bank,Mid Cap,Apr-2025
171462,6372.0,1,Divi's Laboratories Ltd.,Healthcare,Healthcare,Domestic Equities,218.0,218.0,0.0,0.13269999999999998,0.1259,5.401111993645748,0.291281528975598,1100,divi's-laboratories,Large Cap,Apr-2025
171572,5156.0,1,Eicher Motors Ltd.,Automobile & Ancillaries,Automobile & Ancillaries,Domestic Equities,236.0,236.0,0.0,0.13140000000000002,0.12619999999999998,4.120443740095099,0.28842797970907,1100,eicher-motors,Large Cap,Apr-2025
171327,5699.0,1,Marico Ltd.,FMCG,Fast Moving Consumer Goods,Domestic Equities,1847.0,1850.0,-0.16216216216216214,0.13119999999999998,0.1206,8.78938640132669,0.287988972129604,1100,marico,Mid Cap,Apr-2025
152401,5684.0,1,Tata Consumer Products Ltd.,Agri,Agriculture,Domestic Equities,1117.0,1119.0,-0.17873100983020554,0.13019999999999998,0.1121,16.146297948260468,0.285793934232275,1100,tata-consumer-products,Large Cap,Apr-2025
171365,5279.0,1,Hindustan Petroleum Corporation Ltd.,Crude Oil,Crude Oil,Domestic Equities,3363.0,3367.0,-0.11880011880011879,0.1274,0.1213,5.0288540807914215,0.279647828119753,1100,hindustan-petroleum-corporation,Mid Cap,Apr-2025
599,7495.0,1,Sundaram Finance Ltd.,Finance,Finance,Domestic Equities,241.0,241.0,0.0,0.1267,0.11019999999999999,14.972776769509984,0.278111301591622,1100,sundaram-finance,Mid Cap,Apr-2025
152636,5140.0,1,Fortis Healthcare Ltd.,Healthcare,Healthcare,Domestic Equities,1825.0,1826.0,-0.054764512595837894,0.1251,0.1275,-1.8823529411764721,0.274599240955895,1100,fortis-healthcare,Mid Cap,Apr-2025
133623,8531.0,1,Radico Khaitan Ltd.,Alcohol,Alcohol,Domestic Equities,507.0,508.0,-0.19685039370078738,0.1245,0.1234,0.8914100486223616,0.273282218217498,1100,radico-khaitan,Small Cap,Apr-2025
171585,5257.0,1,Dr. Reddy's Laboratories Ltd.,Healthcare,Healthcare,Domestic Equities,1048.0,1048.0,0.0,0.1241,0.1199,3.5029190992493744,0.272404203058566,1100,dr-reddy's-laboratories,Large Cap,Apr-2025
152242,5741.0,1,Vedanta Ltd.,Non - Ferrous Metals,Non - Ferrous Metals,Domestic Equities,2914.0,2917.0,-0.10284538909838875,0.1222,0.1352,-9.615384615384608,0.26823363105364,1100,vedanta,Large Cap,Apr-2025
57412,93539.0,1,Computer Age Management Services Ltd.,Business Services,Finance,Domestic Equities,311.0,311.0,0.0,0.1215,0.1158,4.922279792746116,0.26669710452551,1100,computer-age-management-services,Small Cap,Apr-2025
38020,6672.0,1,Apollo Hospitals Enterprise Ltd.,Healthcare,Healthcare,Domestic Equities,173.0,173.0,0.0,0.1207,0.11449999999999999,5.4148471615720615,0.264941074207646,1100,apollo-hospitals-enterprise,Mid Cap,Apr-2025
38605,83193.0,1,Varun Beverages Ltd.,FMCG,Fast Moving Consumer Goods,Domestic Equities,2303.0,2306.0,-0.13009540329575023,0.12029999999999999,0.1244,-3.2958199356913194,0.264063059048715,1100,varun-beverages,Large Cap,Apr-2025
171465,6543.0,1,Aurobindo Pharma Ltd.,Healthcare,Healthcare,Domestic Equities,979.0,980.0,-0.10204081632653061,0.12029999999999999,0.1137,5.804749340369394,0.264063059048715,1100,aurobindo-pharma,Mid Cap,Apr-2025
171404,5514.0,1,Cholamandalam Financial Holdings Ltd.,Finance,Finance,Domestic Equities,642.0,644.0,-0.3105590062111801,0.1197,0.1128,6.117021276595756,0.262746036310317,1100,cholamandalam-financial-holdings,Small Cap,Apr-2025
171820,5969.0,1,Colgate-Palmolive (India) Ltd.,FMCG,Fast Moving Consumer Goods,Domestic Equities,461.0,461.0,0.0,0.1193,0.11019999999999999,8.25771324863884,0.261868021151385,1100,colgate-palmolive-india,Mid Cap,Apr-2025
152406,5107.0,1,The Indian Hotels Company Ltd.,Hospitality,Hospitality,Domestic Equities,1507.0,1509.0,-0.13253810470510272,0.11869999999999999,0.1188,-0.08417508417509732,0.260550998412988,1100,the-indian-hotels-company,Mid Cap,Apr-2025
171635,7381.0,1,UPL Ltd.,Chemicals,Chemicals,Domestic Equities,1771.0,1774.0,-0.16910935738444194,0.1186,0.11289999999999999,5.048715677590791,0.260331494623255,1100,upl,Mid Cap,Apr-2025
171511,5199.0,1,Wipro Ltd.,IT,Information Technology,Domestic Equities,4879.0,4883.0,-0.08191685439279131,0.11779999999999999,0.1281,-8.040593286494936,0.258575464305391,1100,wipro,Large Cap,Apr-2025
152222,5634.0,1,Max Financial Services Ltd.,Finance,Finance,Domestic Equities,903.0,904.0,-0.11061946902654868,0.11779999999999999,0.1038,13.487475915221564,0.258575464305391,1100,max-financial-services,Mid Cap,Apr-2025
152455,7030.0,1,Yes Bank Ltd.,Bank,Banking,Domestic Equities,66014.0,66090.0,-0.11499470419125435,0.11699999999999999,0.1116,4.838709677419347,0.256819433987528,1100,yes-bank,Mid Cap,Apr-2025
171946,6864.0,1,Godrej Properties Ltd.,Realty,Realty,Domestic Equities,528.0,528.0,0.0,0.11410000000000001,0.1124,1.5124555160142341,0.250453824085273,1100,godrej-properties,Mid Cap,Apr-2025
171659,5756.0,1,Ashok Leyland Ltd.,Automobile & Ancillaries,Automobile & Ancillaries,Domestic Equities,5008.0,5013.0,-0.0997406742469579,0.1128,0.1024,10.156249999999991,0.247600274818745,1100,ashok-leyland,Mid Cap,Apr-2025
171839,6306.0,1,Solar Industries India Ltd.,Chemicals,Chemicals,Domestic Equities,85.0,85.0,0.0,0.11199999999999999,0.0956,17.15481171548116,0.245844244500881,1100,solar-industries-india,Mid Cap,Apr-2025
543,5039.0,1,Karur Vysya Bank Ltd.,Bank,Banking,Domestic Equities,5100.0,5115.0,-0.2932551319648094,0.11130000000000001,0.107,4.018691588785061,0.244307717972751,1100,karur-vysya-bank,Small Cap,Apr-2025
152316,5915.0,1,Tata Power Company Ltd.,Power,Power,Domestic Equities,2884.0,2886.0,-0.0693000693000693,0.1109,0.10830000000000001,2.4007386888273294,0.243429702813819,1100,tata-power-company,Large Cap,Apr-2025
171628,5788.0,1,Britannia Industries Ltd.,FMCG,Fast Moving Consumer Goods,Domestic Equities,202.0,202.0,0.0,0.1099,0.09970000000000001,10.230692076228681,0.24123466491649,1100,britannia-industries,Large Cap,Apr-2025
152551,7908.0,1,GMR Airports Ltd.,Infrastructure,Aviation,Domestic Equities,12556.0,12571.0,-0.1193222496221462,0.10949999999999999,0.09519999999999999,15.021008403361341,0.240356649757558,1100,gmr-airports,Mid Cap,Apr-2025
101370,86936.0,1,Tube Investments of India Ltd.,Automobile & Ancillaries,Automobile & Ancillaries,Domestic Equities,376.0,376.0,0.0,0.109,0.1041,4.707012487992317,0.239259130808893,1100,tube-investments-of-india,Mid Cap,Apr-2025
122,5767.0,1,The Phoenix Mills Ltd.,Realty,Realty,Domestic Equities,653.0,653.0,0.0,0.10869999999999999,0.1073,1.3047530288909486,0.238600619439695,1100,the-phoenix-mills,Mid Cap,Apr-2025
171514,5399.0,1,Cholamandalam Investment and Finance Company Ltd.,Finance,Finance,Domestic Equities,723.0,723.0,0.0,0.1079,0.1099,-1.8198362147406828,0.236844589121831,1100,cholamandalam-investment-and-finance-company,Large Cap,Apr-2025
133507,6902.0,1,TVS Motor Company Ltd.,Automobile & Ancillaries,Automobile & Ancillaries,Domestic Equities,403.0,403.0,0.0,0.10769999999999999,0.0975,10.461538461538456,0.236405581542365,1100,tvs-motor-company,Large Cap,Apr-2025
171619,82976.0,1,Avenue Supermarts Ltd.,Retailing,Retailing,Domestic Equities,252.0,252.0,0.0,0.1058,0.10289999999999999,2.8182701652089497,0.23223500953744,1100,avenue-supermarts,Large Cap,Apr-2025
58272,82478.0,1,PNB Housing Finance Ltd.,Finance,Finance,Domestic Equities,1039.0,1041.0,-0.19212295869356388,0.105,0.09179999999999999,14.379084967320265,0.230478979219576,1100,pnb-housing-finance,Small Cap,Apr-2025
58504,98271.0,1,Krishna Institute of Medical Sciences Ltd,Healthcare,Healthcare,Domestic Equities,1591.0,1597.0,-0.37570444583594237,0.1045,0.10210000000000001,2.3506366307541473,0.229381460270912,1100,krishna-institute-of-medical-sciences,Small Cap,Apr-2025
171402,5320.0,1,Godrej Consumer Products Ltd.,FMCG,Fast Moving Consumer Goods,Domestic Equities,821.0,823.0,-0.24301336573511542,0.1035,0.09539999999999998,8.490566037735855,0.227186422373582,1100,godrej-consumer-products,Large Cap,Apr-2025
152376,5012.0,1,Bharat Petroleum Corporation Ltd.,Crude Oil,Crude Oil,Domestic Equities,3329.0,3332.0,-0.09003601440576231,0.1032,0.0928,11.20689655172415,0.226527911004384,1100,bharat-petroleum-corporation,Large Cap,Apr-2025
152795,99590.0,1,One97 Communications Ltd.,IT,Information Technology,Domestic Equities,1192.0,1193.0,-0.08382229673093043,0.10310000000000001,0.0935,10.267379679144394,0.226308407214651,1100,one97-communications,Mid Cap,Apr-2025
152118,7308.0,1,PI Industries Ltd.,Chemicals,Chemicals,Domestic Equities,283.0,283.0,0.0,0.10300000000000001,0.09699999999999999,6.185567010309293,0.226088903424918,1100,pi-industries,Mid Cap,Apr-2025
152369,6790.0,1,Bharat Forge Ltd.,Automobile & Ancillaries,Automobile & Ancillaries,Domestic Equities,933.0,934.0,-0.10706638115631692,0.10300000000000001,0.1092,-5.677655677655671,0.226088903424918,1100,bharat-forge,Mid Cap,Apr-2025
75697,6614.0,1,Adani Enterprises Ltd.,Trading,Trading,Domestic Equities,447.0,447.0,0.0,0.10289999999999999,0.1035,-0.5797101449275411,0.225869399635185,1100,adani-enterprises,Large Cap,Apr-2025
587,7648.0,1,APL Apollo Tubes Ltd.,Iron & Steel,Iron & Steel,Domestic Equities,634.0,635.0,-0.15748031496062992,0.1027,0.0969,5.985552115583077,0.225430392055719,1100,apl-apollo-tubes,Mid Cap,Apr-2025
152574,8059.0,1,Torrent Power Ltd.,Power,Power,Domestic Equities,666.0,666.0,0.0,0.1025,0.099,3.535353535353532,0.224991384476253,1100,torrent-power,Mid Cap,Apr-2025
133627,5088.0,1,Navin Fluorine International Ltd.,Chemicals,Chemicals,Domestic Equities,226.0,227.0,-0.4405286343612335,0.10220000000000001,0.0956,6.90376569037657,0.224332873107054,1100,navin-fluorine-international,Small Cap,Apr-2025
133342,5963.0,1,Bharat Heavy Electricals Ltd.,Capital Goods,Capital Goods,Domestic Equities,4500.0,4505.0,-0.11098779134295228,0.10210000000000001,0.0975,4.717948717948726,0.224113369317321,1100,bharat-heavy-electricals,Mid Cap,Apr-2025
152604,5456.0,1,Power Finance Corporation Ltd.,Finance,Finance,Domestic Equities,2500.0,2503.0,-0.11985617259288853,0.10189999999999999,0.10369999999999999,-1.7357762777242018,0.223674361737855,1100,power-finance-corporation,Large Cap,Apr-2025
46521,101004.0,1,Delhivery Ltd.,Logistics,Logistics,Domestic Equities,3328.0,3338.0,-0.2995805871779509,0.1017,0.0852,19.366197183098596,0.22323535415839,1100,delhivery,Small Cap,Apr-2025
171321,7864.0,1,Page Industries Ltd.,Textile,Textile,Domestic Equities,22.0,22.0,0.0,0.10039999999999999,0.09390000000000001,6.922257720979751,0.220381804891861,1100,page-industries,Mid Cap,Apr-2025
153885,104233.0,1,Kaynes Technology India Ltd.,Electricals,Electricals,Domestic Equities,174.0,176.0,-1.1363636363636365,0.1,0.0836,19.617224880382782,0.21950378973293,1100,kaynes-technology-india,Mid Cap,Apr-2025
152379,5838.0,1,Voltas Ltd.,Consumer Durables,Consumer Durables,Domestic Equities,797.0,797.0,0.0,0.09849999999999999,0.11630000000000001,-15.305245055889948,0.216211232886936,1100,voltas,Mid Cap,Apr-2025
19255,6350.0,1,Mphasis Ltd.,IT,Information Technology,Domestic Equities,398.0,398.0,0.0,0.0983,0.09949999999999999,-1.2060301507537612,0.21577222530747,1100,mphasis,Mid Cap,Apr-2025
1152,105806.0,1,Mankind Pharma Ltd.,Healthcare,Healthcare,Domestic Equities,395.0,395.0,0.0,0.0974,0.0958,1.670146137787058,0.213796691199874,1100,mankind-pharma,Mid Cap,Apr-2025
134131,90516.0,1,Polycab India Ltd.,Electricals,Electricals,Domestic Equities,176.0,176.0,0.0,0.09720000000000001,0.0906,7.284768211920531,0.213357683620408,1100,polycab-india,Large Cap,Apr-2025
38931,15891.0,1,Alkem Laboratories Ltd.,Healthcare,Healthcare,Domestic Equities,186.0,186.0,0.0,0.09519999999999999,0.0908,4.845814977973563,0.208967607825749,1100,alkem-laboratories,Mid Cap,Apr-2025
96004,7992.0,1,Jubilant FoodWorks Ltd.,FMCG,Fast Moving Consumer Goods,Domestic Equities,1331.0,1333.0,-0.15003750937734434,0.09519999999999999,0.0886,7.449209932279912,0.208967607825749,1100,jubilant-foodworks,Mid Cap,Apr-2025
153586,8183.0,1,NHPC Ltd.,Power,Power,Domestic Equities,11078.0,11090.0,-0.10820559062218214,0.095,0.09119999999999999,4.166666666666676,0.208528600246283,1100,nhpc,Mid Cap,Apr-2025
114442,5285.0,1,IndusInd Bank Ltd.,Bank,Banking,Domestic Equities,1131.0,1132.0,-0.08833922261484099,0.09480000000000001,0.0736,28.804347826086957,0.208089592666817,1100,indusind-bank,Mid Cap,Apr-2025
152599,8349.0,1,Redington Ltd.,Trading,Trading,Domestic Equities,3856.0,3868.0,-0.3102378490175801,0.0947,0.094,0.7446808510638327,0.207870088877084,1100,redington,Small Cap,Apr-2025
152238,8313.0,1,MRF Ltd.,Automobile & Ancillaries,Automobile & Ancillaries,Domestic Equities,7.0,7.0,0.0,0.0942,0.0789,19.3916349809886,0.20677256992842,1100,mrf,Mid Cap,Apr-2025
152572,7512.0,1,Info Edge (India) Ltd.,IT,Information Technology,Domestic Equities,133.0,133.0,0.0,0.094,0.0955,-1.570680628272255,0.206333562348954,1100,info-edge-india,Large Cap,Apr-2025
178941,94376.0,1,Cohance Lifesciences Ltd.,Healthcare,Healthcare,Domestic Equities,824.0,826.0,-0.24213075060532688,0.09369999999999999,0.0951,-1.4721345951629923,0.205675050979755,1100,cohance-lifesciences,Small Cap,Apr-2025
58595,86782.0,1,Indian Energy Exchange Ltd.,Power,Power,Domestic Equities,4915.0,4930.0,-0.3042596348884381,0.09359999999999999,0.0867,7.958477508650513,0.205455547190022,1100,indian-energy-exchange,Small Cap,Apr-2025
191600,99819.0,1,FSN E-Commerce Ventures Ltd.,Retailing,Information Technology,Domestic Equities,4771.0,4777.0,-0.1256018421603517,0.09269999999999999,0.0855,8.421052631578933,0.203480013082426,1100,fsn-e-commerce-ventures,Mid Cap,Apr-2025
617,7969.0,1,Brigade Enterprises Ltd.,Realty,Realty,Domestic Equities,895.0,899.0,-0.44493882091212456,0.09210000000000002,0.08779999999999999,4.8974943052391975,0.202162990344028,1100,brigade-enterprises,Small Cap,Apr-2025
77639,92991.0,1,SBI Cards And Payment Services Ltd.,Finance,Finance,Domestic Equities,1049.0,1049.0,0.0,0.0916,0.0924,-0.8658008658008665,0.201065471395364,1100,sbi-cards-and-payment-services,Mid Cap,Apr-2025
19182,5589.0,1,Coromandel International Ltd.,Chemicals,Chemicals,Domestic Equities,413.0,413.0,0.0,0.09140000000000001,0.0819,11.599511599511613,0.200626463815898,1100,coromandel-international,Mid Cap,Apr-2025
171943,4973.0,1,REC Ltd.,Finance,Finance,Domestic Equities,2144.0,2147.0,-0.13972985561248255,0.0901,0.09210000000000002,-2.17155266015202,0.19777291454937,1100,rec,Large Cap,Apr-2025
198435,104143.0,1,KFin Technologies Ltd.,Business Services,Finance,Domestic Equities,750.0,752.0,-0.26595744680851063,0.0898,0.0774,16.020671834625325,0.197114403180171,1100,kfin-technologies,Small Cap,Apr-2025
171335,5389.0,1,Bajaj Holdings & Investment Ltd.,Finance,Finance,Domestic Equities,74.0,74.0,0.0,0.0886,0.09230000000000001,-4.00866738894909,0.194480357703376,1100,bajaj-holdings-investment,Large Cap,Apr-2025
57031,5903.0,1,Indian Oil Corporation Ltd.,Crude Oil,Crude Oil,Domestic Equities,6416.0,6423.0,-0.1089833411178577,0.0885,0.08199999999999999,7.926829268292688,0.194260853913643,1100,indian-oil-corporation,Large Cap,Apr-2025
171741,5431.0,1,GAIL (India) Ltd.,Inds. Gases & Fuels,Industrials Gases & Fuels,Domestic Equities,4632.0,4637.0,-0.10782833728703904,0.0876,0.0849,3.1802120141342707,0.192285319806046,1100,gail-india,Large Cap,Apr-2025
38741,90008.0,1,Angel One Ltd.,Finance,Finance,Domestic Equities,376.0,377.0,-0.2652519893899204,0.08689999999999999,0.0872,-0.34403669724771946,0.190748793277916,1100,angel-one,Small Cap,Apr-2025
171383,5551.0,1,Hero MotoCorp Ltd.,Automobile & Ancillaries,Automobile & Ancillaries,Domestic Equities,223.0,223.0,0.0,0.08539999999999999,0.083,2.891566265060222,0.187456236431922,1100,hero-motocorp,Large Cap,Apr-2025
26622,79332.0,1,Five-Star Business Finance Ltd.,Finance,Finance,Domestic Equities,1208.0,1213.0,-0.4122011541632316,0.08529999999999999,0.08779999999999999,-2.8473804100227795,0.187236732642189,1100,five-star-business-finance,Small Cap,Apr-2025
133608,7612.0,1,Union Bank Of India,Bank,Banking,Domestic Equities,6764.0,6773.0,-0.13288055514543037,0.0851,0.0855,-0.46783625730995226,0.186797725062723,1100,union-bank-of-india,Mid Cap,Apr-2025
152397,5267.0,1,Tata Chemicals Ltd.,Chemicals,Chemicals,Domestic Equities,1015.0,1017.0,-0.19665683382497542,0.085,0.08800000000000001,-3.409090909090917,0.18657822127299,1100,tata-chemicals,Small Cap,Apr-2025
201928,105635.0,1,Piramal Pharma Ltd.,Healthcare,Healthcare,Domestic Equities,4000.0,4012.0,-0.29910269192422734,0.08439999999999999,0.0902,-6.430155210643017,0.185261198534593,1100,piramal-pharma,Small Cap,Apr-2025
114451,6891.0,1,City Union Bank Ltd.,Bank,Banking,Domestic Equities,4675.0,4690.0,-0.31982942430703626,0.0825,0.0737,11.940298507462686,0.181090626529667,1100,city-union-bank,Small Cap,Apr-2025
133642,6320.0,1,Petronet LNG Ltd.,Inds. Gases & Fuels,Industrials Gases & Fuels,Domestic Equities,2624.0,2627.0,-0.11419870574800152,0.0823,0.0771,6.744487678339825,0.180651618950201,1100,petronet-lng,Mid Cap,Apr-2025
75798,7006.0,1,Manappuram Finance Ltd.,Finance,Finance,Domestic Equities,3560.0,3571.0,-0.3080369644357323,0.08220000000000001,0.08310000000000001,-1.0830324909747275,0.180432115160468,1100,manappuram-finance,Small Cap,Apr-2025
77293,6578.0,1,Muthoot Finance Ltd.,Finance,Finance,Domestic Equities,375.0,375.0,0.0,0.0814,0.0894,-8.948545861297527,0.178676084842605,1100,muthoot-finance,Mid Cap,Apr-2025
96732,87407.0,1,Amber Enterprises India Ltd.,Consumer Durables,Consumer Durables,Domestic Equities,132.0,133.0,-0.7518796992481203,0.08130000000000001,0.0959,-15.224191866527622,0.178456581052872,1100,amber-enterprises-india,Small Cap,Apr-2025
153260,8051.0,1,Prestige Estates Projects Ltd.,Realty,Realty,Domestic Equities,589.0,591.0,-0.338409475465313,0.081,0.07,15.714285714285708,0.177798069683673,1100,prestige-estates-projects,Mid Cap,Apr-2025
171387,6208.0,1,Pidilite Industries Ltd.,Chemicals,Chemicals,Domestic Equities,264.0,264.0,0.0,0.0801,0.07519999999999999,6.515957446808514,0.175822535576077,1100,pidilite-industries,Large Cap,Apr-2025
56674,5695.0,1,Supreme Industries Ltd.,Plastic Products,Plastic Products,Domestic Equities,226.0,226.0,0.0,0.08,0.0774,3.3591731266149845,0.175603031786344,1100,supreme-industries,Mid Cap,Apr-2025
114405,5008.0,1,Bank Of Baroda,Bank,Banking,Domestic Equities,3180.0,3183.0,-0.0942507068803016,0.0795,0.0727,9.35350756533701,0.174505512837679,1100,bank-of-baroda,Large Cap,Apr-2025
114652,92620.0,1,Indian Railway Catering And Tourism Corporation Ltd.,Hospitality,Hospitality,Domestic Equities,1056.0,1057.0,-0.0946073793755913,0.0794,0.07690000000000001,3.2509752925877757,0.174286009047946,1100,indian-railway-catering-and-tourism-corporation,Mid Cap,Apr-2025
133583,8200.0,1,United Spirits Ltd.,Alcohol,Alcohol,Domestic Equities,507.0,507.0,0.0,0.0793,0.071,11.690140845070424,0.174066505258213,1100,united-spirits,Large Cap,Apr-2025
96614,6762.0,1,PG Electroplast Ltd.,Consumer Durables,Consumer Durables,Domestic Equities,930.0,932.0,-0.2145922746781116,0.0785,0.08539999999999999,-8.079625292740042,0.17231047494035,1100,pg-electroplast,Small Cap,Apr-2025
677,6026.0,1,Oil India Ltd.,Crude Oil,Crude Oil,Domestic Equities,1910.0,1911.0,-0.052328623757195186,0.0785,0.0739,6.2246278755074425,0.17231047494035,1100,oil-india,Mid Cap,Apr-2025
19275,7232.0,1,NMDC Ltd.,Mining,Mining,Domestic Equities,12101.0,12115.0,-0.11555922410235245,0.0784,0.08349999999999999,-6.1077844311377225,0.172090971150617,1100,nmdc,Mid Cap,Apr-2025
133317,6810.0,1,Blue Star Ltd.,Consumer Durables,Consumer Durables,Domestic Equities,454.0,454.0,0.0,0.0775,0.09699999999999999,-20.10309278350515,0.170115437043021,1100,blue-star,Mid Cap,Apr-2025
96304,15914.0,1,Narayana Hrudayalaya Ltd.,Healthcare,Healthcare,Domestic Equities,440.0,441.0,-0.22675736961451248,0.0775,0.0746,3.887399463806971,0.170115437043021,1100,narayana-hrudayalaya,Small Cap,Apr-2025
133275,8322.0,1,Amara Raja Energy & Mobility Ltd.,Automobile & Ancillaries,Automobile & Ancillaries,Domestic Equities,793.0,796.0,-0.37688442211055273,0.0771,0.0799,-3.5043804755944965,0.169237421884089,1100,amara-raja-energy-mobility,Small Cap,Apr-2025
171636,86629.0,1,ICICI Lombard General Insurance Company Ltd.,Insurance,Finance,Domestic Equities,411.0,411.0,0.0,0.0771,0.0737,4.613297150610581,0.169237421884089,1100,icici-lombard-general-insurance-company,Mid Cap,Apr-2025
787,70906.0,1,RBL Bank Ltd.,Bank,Banking,Domestic Equities,3846.0,3858.0,-0.3110419906687403,0.0771,0.0669,15.246636771300443,0.169237421884089,1100,rbl-bank,Small Cap,Apr-2025
171752,6261.0,1,The Ramco Cements Ltd.,Construction Materials,Construction Materials,Domestic Equities,816.0,818.0,-0.24449877750611246,0.077,0.07339999999999999,4.90463215258856,0.169017918094356,1100,the-ramco-cements,Small Cap,Apr-2025
1427,98308.0,1,Sona BLW Precision Forgings Ltd.,Automobile & Ancillaries,Automobile & Ancillaries,Domestic Equities,1571.0,1572.0,-0.06361323155216285,0.0756,0.0725,4.2758620689655125,0.165944865038095,1100,sona-blw-precision-forgings,Mid Cap,Apr-2025
171646,5397.0,1,Carborundum Universal Ltd.,Abrasives,Abrasives,Domestic Equities,738.0,740.0,-0.2702702702702703,0.0754,0.075,0.5333333333333339,0.165505857458629,1100,carborundum-universal,Small Cap,Apr-2025
37877,7189.0,1,JB Chemicals & Pharmaceuticals Ltd.,Healthcare,Healthcare,Domestic Equities,465.0,466.0,-0.2145922746781116,0.075,0.0756,-0.7936507936507886,0.164627842299697,1100,jb-chemicals-pharmaceuticals,Small Cap,Apr-2025
79,7951.0,1,Balkrishna Industries Ltd.,Automobile & Ancillaries,Automobile & Ancillaries,Domestic Equities,280.0,280.0,0.0,0.07490000000000001,0.07150000000000001,4.755244755244753,0.164408338509964,1100,balkrishna-industries,Mid Cap,Apr-2025
171470,5477.0,1,Piramal Enterprises Ltd.,Finance,Finance,Domestic Equities,774.0,777.0,-0.3861003861003861,0.07490000000000001,0.0768,-2.473958333333327,0.164408338509964,1100,piramal-enterprises,Small Cap,Apr-2025
171336,8097.0,1,JK Cement Ltd.,Construction Materials,Construction Materials,Domestic Equities,146.0,146.0,0.0,0.0746,0.07200000000000001,3.611111111111108,0.163749827140766,1100,jk-cement,Mid Cap,Apr-2025
171837,6012.0,1,DLF Ltd.,Realty,Realty,Domestic Equities,1102.0,1102.0,0.0,0.07429999999999999,0.075,-0.933333333333337,0.163091315771567,1100,dlf,Large Cap,Apr-2025
152296,7356.0,1,Patanjali Foods Ltd.,FMCG,Fast Moving Consumer Goods,Domestic Equities,388.0,388.0,0.0,0.07400000000000001,0.0702,5.413105413105425,0.162432804402368,1100,patanjali-foods,Mid Cap,Apr-2025
20865,87606.0,1,Aster DM Healthcare Ltd.,Healthcare,Healthcare,Domestic Equities,1461.0,1465.0,-0.27303754266211605,0.0738,0.0708,4.237288135593218,0.161993796822902,1100,aster-dm-healthcare,Small Cap,Apr-2025
77309,15532.0,1,Inox Wind Ltd.,Capital Goods,Capital Goods,Domestic Equities,4354.0,4367.0,-0.2976871994504236,0.0736,0.0712,3.3707865168539355,0.161554789243436,1100,inox-wind,Small Cap,Apr-2025
152616,7532.0,1,Vodafone Idea Ltd.,Telecom,Telecom,Domestic Equities,102503.0,90941.0,12.71373747814517,0.073,0.061799999999999994,18.12297734627832,0.160237766505039,1100,vodafone-idea,Mid Cap,Apr-2025
133463,8505.0,1,Glenmark Pharmaceuticals Ltd.,Healthcare,Healthcare,Domestic Equities,527.0,527.0,0.0,0.0728,0.0812,-10.344827586206886,0.159798758925573,1100,glenmark-pharmaceuticals,Mid Cap,Apr-2025
117072,93022.0,1,Home First Finance Company India Ltd.,Finance,Finance,Domestic Equities,590.0,425.0,38.82352941176471,0.0725,0.0431,68.21345707656614,0.159140247556374,1100,home-first-finance-company-india,Small Cap,Apr-2025
153405,17058.0,1,LTIMindtree Ltd.,IT,Information Technology,Domestic Equities,158.0,158.0,0.0,0.0725,0.071,2.1126760563380333,0.159140247556374,1100,ltimindtree,Large Cap,Apr-2025
636,7344.0,1,Reliance Power Ltd.,Power,Power,Domestic Equities,18086.0,18141.0,-0.3031806405380078,0.0723,0.078,-7.3076923076922995,0.158701239976908,1100,reliance-power,Small Cap,Apr-2025
139601,89162.0,1,Aavas Financiers Ltd.,Finance,Finance,Domestic Equities,371.0,372.0,-0.2688172043010753,0.0721,0.0775,-6.967741935483872,0.158262232397442,1100,aavas-financiers,Small Cap,Apr-2025
38708,8062.0,1,Adani Power Ltd.,Power,Power,Domestic Equities,1352.0,1353.0,-0.07390983000739099,0.0719,0.0689,4.354136429608138,0.157823224817977,1100,adani-power,Large Cap,Apr-2025
123299,91366.0,1,KPIT Technologies Ltd.,IT,Information Technology,Domestic Equities,571.0,572.0,-0.17482517482517482,0.0716,0.0748,-4.278074866310163,0.157164713448778,1100,kpit-technologies,Mid Cap,Apr-2025
171520,5812.0,1,Kalpataru Projects International Ltd.,Infrastructure,Infrastructure,Domestic Equities,737.0,739.0,-0.2706359945872801,0.0716,0.07200000000000001,-0.555555555555556,0.157164713448778,1100,kalpataru-projects-international,Small Cap,Apr-2025
171698,8307.0,1,Oracle Financial Services Software Ltd.,IT,Information Technology,Domestic Equities,82.0,82.0,0.0,0.07150000000000001,0.0644,11.024844720496892,0.156945209659045,1100,oracle-financial-services-software,Mid Cap,Apr-2025
133386,8742.0,1,Godfrey Phillips India Ltd.,FMCG,Fast Moving Consumer Goods,Domestic Equities,87.0,88.0,-1.1363636363636365,0.0706,0.0596,18.456375838926167,0.154969675551448,1100,godfrey-phillips-india,Small Cap,Apr-2025
152503,5921.0,1,Gujarat State Petronet Ltd.,Gas Transmission,Gas Transmission,Domestic Equities,2160.0,2167.0,-0.3230272265805261,0.0702,0.06309999999999999,11.251980982567353,0.154091660392517,1100,gujarat-state-petronet,Small Cap,Apr-2025
171405,6966.0,1,Poonawalla Fincorp Ltd.,Finance,Finance,Domestic Equities,1867.0,1873.0,-0.32034169781099836,0.0701,0.06559999999999999,6.859756097560979,0.153872156602784,1100,poonawalla-fincorp,Small Cap,Apr-2025
171771,7580.0,1,Firstsource Solutions Ltd.,IT,Information Technology,Domestic Equities,2051.0,2056.0,-0.24319066147859922,0.0699,0.07,-0.14285714285713982,0.153433149023318,1100,firstsource-solutions,Small Cap,Apr-2025
152608,7159.0,1,Indian Bank,Bank,Banking,Domestic Equities,1236.0,1238.0,-0.16155088852988692,0.0699,0.067,4.328358208955224,0.153433149023318,1100,indian-bank,Mid Cap,Apr-2025
152323,7533.0,1,Tata Elxsi Ltd.,IT,Information Technology,Domestic Equities,121.0,121.0,0.0,0.0698,0.06309999999999999,10.618066561014276,0.153213645233585,1100,tata-elxsi,Mid Cap,Apr-2025
756,88308.0,1,Rail Vikas Nigam Ltd.,Infrastructure,Infrastructure,Domestic Equities,1988.0,1989.0,-0.050276520864756154,0.0695,0.07,-0.7142857142857117,0.152555133864386,1100,rail-vikas-nigam,Large Cap,Apr-2025
171444,98250.0,1,Kalyan Jewellers India Ltd.,Diamond  &  Jewellery,Diamond & Jewellery,Domestic Equities,1345.0,1346.0,-0.07429420505200594,0.0695,0.0629,10.492845786963438,0.152555133864386,1100,kalyan-jewellers-india,Mid Cap,Apr-2025
133287,5307.0,1,Atul Ltd.,Chemicals,Chemicals,Domestic Equities,103.0,103.0,0.0,0.0695,0.0632,9.968354430379744,0.152555133864386,1100,atul,Small Cap,Apr-2025
171639,5614.0,1,Havells India Ltd.,Capital Goods,Capital Goods,Domestic Equities,433.0,433.0,0.0,0.0693,0.0662,4.682779456193348,0.15211612628492,1100,havells-india,Large Cap,Apr-2025
133466,5090.0,1,Wockhardt Ltd.,Healthcare,Healthcare,Domestic Equities,534.0,537.0,-0.5586592178770949,0.0692,0.0765,-9.542483660130724,0.151896622495187,1100,wockhardt,Small Cap,Apr-2025
133334,5159.0,1,CG Power and Industrial Solutions Ltd.,Capital Goods,Capital Goods,Domestic Equities,1100.0,1101.0,-0.09082652134423251,0.0689,0.0703,-1.991465149359894,0.151238111125989,1100,cg-power-and-industrial-solutions,Large Cap,Apr-2025
133328,5242.0,1,Chambal Fertilisers and Chemicals Ltd.,Chemicals,Chemicals,Domestic Equities,987.0,991.0,-0.4036326942482341,0.0684,0.062,10.322580645161285,0.150140592177324,1100,chambal-fertilisers-and-chemicals,Small Cap,Apr-2025
352,7184.0,1,Ipca Laboratories Ltd.,Healthcare,Healthcare,Domestic Equities,486.0,487.0,-0.20533880903490762,0.0681,0.0731,-6.839945280437757,0.149482080808125,1100,ipca-laboratories,Mid Cap,Apr-2025
151967,5716.0,1,GE Vernova T&D India Ltd.,Capital Goods,Capital Goods,Domestic Equities,434.0,434.0,0.0,0.068,0.0676,0.5917159763313614,0.149262577018392,1100,ge-vernova-td-india,Mid Cap,Apr-2025
153691,5278.0,1,Oberoi Realty Ltd.,Realty,Realty,Domestic Equities,412.0,412.0,0.0,0.0676,0.0675,0.148148148148145,0.148384561859461,1100,oberoi-realty,Mid Cap,Apr-2025
113818,7906.0,1,Samvardhana Motherson International Ltd.,Automobile & Ancillaries,Automobile & Ancillaries,Domestic Equities,5063.0,5068.0,-0.09865824782951856,0.0675,0.0664,1.6566265060241014,0.148165058069728,1100,samvardhana-motherson-international,Large Cap,Apr-2025
171576,15890.0,1,Dr. Lal Pathlabs Ltd.,Healthcare,Healthcare,Domestic Equities,241.0,242.0,-0.4132231404958678,0.0667,0.06,11.166666666666664,0.146409027751864,1100,dr-lal-pathlabs,Small Cap,Apr-2025
133403,4970.0,1,Himadri Speciality Chemical Ltd.,Chemicals,Chemicals,Domestic Equities,1518.0,1522.0,-0.2628120893561104,0.0664,0.0646,2.786377708978324,0.145750516382665,1100,himadri-speciality-chemical,Small Cap,Apr-2025
133630,5815.0,1,Jindal Stainless Ltd.,Iron & Steel,Iron & Steel,Domestic Equities,1135.0,1136.0,-0.08802816901408451,0.0662,0.0661,0.15128593040846877,0.1453115088032,1100,jindal-stainless,Mid Cap,Apr-2025
371,7979.0,1,Neuland Laboratories Ltd.,Healthcare,Healthcare,Domestic Equities,55.0,55.0,0.0,0.066,0.0664,-0.6024096385542175,0.144872501223734,1100,neuland-laboratories,Small Cap,Apr-2025
113892,8292.0,1,KEI Industries Ltd.,Electricals,Electricals,Domestic Equities,215.0,216.0,-0.4629629629629629,0.0659,0.0625,5.439999999999998,0.144652997434001,1100,kei-industries,Mid Cap,Apr-2025
152318,6472.0,1,Sundram Fasteners Ltd.,Automobile & Ancillaries,Automobile & Ancillaries,Domestic Equities,717.0,,,0.0658,,,0.144433493644268,1100,sundram-fasteners,Small Cap,Apr-2025
152308,5173.0,1,Shree Cement Ltd.,Construction Materials,Construction Materials,Domestic Equities,22.0,22.0,0.0,0.0654,0.06709999999999999,-2.533532041728762,0.143555478485336,1100,shree-cement,Mid Cap,Apr-2025
171509,5522.0,1,Tata Communications Ltd.,Telecom,Telecom,Domestic Equities,411.0,411.0,0.0,0.0654,0.0649,0.77041602465331,0.143555478485336,1100,tata-communications,Mid Cap,Apr-2025
134830,88309.0,1,Mazagon Dock Shipbuilders Ltd.,Ship Building,Ship Building,Domestic Equities,213.0,215.0,-0.9302325581395349,0.06509999999999999,0.056799999999999996,14.612676056338032,0.142896967116137,1100,mazagon-dock-shipbuilders,Mid Cap,Apr-2025
114433,5462.0,1,Cyient Ltd.,IT,Information Technology,Domestic Equities,547.0,550.0,-0.5454545454545455,0.065,0.0696,-6.609195402298849,0.142677463326404,1100,cyient,Small Cap,Apr-2025
75891,5355.0,1,Container Corporation Of India Ltd.,Logistics,Logistics,Domestic Equities,965.0,966.0,-0.10351966873706005,0.065,0.0668,-2.6946107784431095,0.142677463326404,1100,container-corporation-of-india,Mid Cap,Apr-2025
133327,6870.0,1,CESC Ltd.,Power,Power,Domestic Equities,4090.0,4103.0,-0.31684133560809163,0.065,0.06309999999999999,3.0110935023771854,0.142677463326404,1100,cesc,Small Cap,Apr-2025
171359,5112.0,1,Aditya Birla Real Estate Ltd.,Diversified,Paper,Domestic Equities,339.0,340.0,-0.29411764705882354,0.065,0.0666,-2.4024024024024047,0.142677463326404,1100,aditya-birla-real-estate,Small Cap,Apr-2025
154545,89466.0,1,Affle 3i Ltd.,IT,Information Technology,Domestic Equities,410.0,411.0,-0.24330900243309003,0.0649,0.0661,-1.8154311649016657,0.142457959536671,1100,affle-3i,Small Cap,Apr-2025
114411,5677.0,1,Welspun Corp Ltd.,Iron & Steel,Iron & Steel,Domestic Equities,846.0,850.0,-0.4705882352941176,0.0649,0.0739,-12.178619756427599,0.142457959536671,1100,welspun-corp,Small Cap,Apr-2025
171697,5757.0,1,Aegis Logistics Ltd.,Logistics,Logistics,Domestic Equities,815.0,817.0,-0.24479804161566704,0.064,0.0658,-2.7355623100303905,0.140482425429075,1100,aegis-logistics,Small Cap,Apr-2025
152719,5290.0,1,NBCC (India) Ltd.,Realty,Realty,Domestic Equities,6716.0,6736.0,-0.29691211401425177,0.0639,0.0552,15.760869565217394,0.140262921639342,1100,nbcc-india,Small Cap,Apr-2025
177212,94646.0,1,Hitachi Energy India Ltd.,Capital Goods,Capital Goods,Domestic Equities,44.0,44.0,0.0,0.0639,0.0557,14.721723518850977,0.140262921639342,1100,hitachi-energy-india,Mid Cap,Apr-2025
134667,88599.0,1,Macrotech Developers Ltd.,Realty,Realty,Domestic Equities,480.0,480.0,0.0,0.0638,0.0574,11.149825783972119,0.140043417849609,1100,macrotech-developers,Large Cap,Apr-2025
19065,5958.0,1,Zee Entertainment Enterprises Ltd.,Media & Entertainment,Media & Entertainment,Domestic Equities,5986.0,6004.0,-0.29980013324450366,0.0637,0.059000000000000004,7.966101694915249,0.139823914059876,1100,zee-entertainment-enterprises,Small Cap,Apr-2025
95205,5743.0,1,Poly Medicure Ltd.,Healthcare,Healthcare,Domestic Equities,247.0,248.0,-0.4032258064516129,0.0636,0.0557,14.183123877917414,0.139604410270143,1100,poly-medicure,Small Cap,Apr-2025
152207,5372.0,1,LIC Housing Finance Ltd.,Finance,Finance,Domestic Equities,1053.0,1053.0,0.0,0.0633,0.0594,6.5656565656565595,0.138945898900945,1100,lic-housing-finance,Mid Cap,Apr-2025
171802,6070.0,1,Elgi Equipments Ltd.,Capital Goods,Capital Goods,Domestic Equities,1401.0,1404.0,-0.2136752136752137,0.062400000000000004,0.0676,-7.692307692307685,0.136970364793348,1100,elgi-equipments,Small Cap,Apr-2025
152407,5597.0,1,Castrol India Ltd.,Automobile & Ancillaries,Automobile & Ancillaries,Domestic Equities,3138.0,3148.0,-0.3176620076238882,0.062,0.0639,-2.9733959311424023,0.136092349634416,1100,castrol-india,Small Cap,Apr-2025
152334,5218.0,1,Ambuja Cements Ltd.,Construction Materials,Construction Materials,Domestic Equities,1144.0,1145.0,-0.08733624454148471,0.0617,0.0616,0.16233766233765887,0.135433838265218,1100,ambuja-cements,Large Cap,Apr-2025
20668,5513.0,1,Sammaan Capital Ltd.,Finance,Finance,Domestic Equities,5023.0,5038.0,-0.29773719730051607,0.060599999999999994,0.054000000000000006,12.222222222222207,0.133019296578155,1100,sammaan-capital,Small Cap,Apr-2025
152331,7581.0,1,Torrent Pharmaceuticals Ltd.,Healthcare,Healthcare,Domestic Equities,179.0,179.0,0.0,0.059500000000000004,0.057800000000000004,2.9411764705882337,0.130604754891093,1100,torrent-pharmaceuticals,Large Cap,Apr-2025
171371,111171.0,1,Jyoti CNC Automation Ltd.,Capital Goods,Capital Goods,Domestic Equities,553.0,554.0,-0.18050541516245489,0.059500000000000004,0.058600000000000006,1.5358361774744003,0.130604754891093,1100,jyoti-cnc-automation,Small Cap,Apr-2025
133599,5561.0,1,Punjab National Bank,Bank,Banking,Domestic Equities,5922.0,5927.0,-0.08435970980259828,0.0593,0.057,4.035087719298238,0.130165747311627,1100,punjab-national-bank,Large Cap,Apr-2025
152513,6479.0,1,KEC International Ltd.,Infrastructure,Infrastructure,Domestic Equities,840.0,844.0,-0.47393364928909953,0.058600000000000006,0.0661,-11.346444780635402,0.128629220783497,1100,kec-international,Small Cap,Apr-2025
95396,111416.0,1,Nuvama Wealth Management Ltd.,Finance,Finance,Domestic Equities,96.0,97.0,-1.0309278350515463,0.058499999999999996,0.058899999999999994,-0.6791171477079803,0.128409716993764,1100,nuvama-wealth-management,Small Cap,Apr-2025
152363,7424.0,1,SKF India Ltd.,Automobile & Ancillaries,Automobile & Ancillaries,Domestic Equities,150.0,151.0,-0.6622516556291391,0.0583,0.0581,0.3442340791738462,0.127970709414298,1100,skf-india,Small Cap,Apr-2025
171942,7813.0,1,Jindal Steel & Power Ltd.,Iron & Steel,Iron & Steel,Domestic Equities,651.0,653.0,-0.3062787136294028,0.0583,0.0596,-2.1812080536912735,0.127970709414298,1100,jindal-steel-power,Mid Cap,Apr-2025
97125,90518.0,1,Adani Total Gas Ltd.,Gas Transmission,Gas Transmission,Domestic Equities,971.0,972.0,-0.102880658436214,0.0583,0.058600000000000006,-0.5119453924914719,0.127970709414298,1100,adani-total-gas,Mid Cap,Apr-2025
171434,4916.0,1,Astral Ltd.,Plastic Products,Plastic Products,Domestic Equities,431.0,431.0,0.0,0.057999999999999996,0.0558,3.9426523297490994,0.127312198045099,1100,astral,Mid Cap,Apr-2025
133351,5368.0,1,Steel Authority Of India Ltd.,Iron & Steel,Iron & Steel,Domestic Equities,5061.0,5067.0,-0.11841326228537595,0.0575,0.0584,-1.5410958904109566,0.126214679096435,1100,steel-authority-of-india,Mid Cap,Apr-2025
133170,6243.0,1,Timken India Ltd.,Automobile & Ancillaries,Automobile & Ancillaries,Domestic Equities,231.0,233.0,-0.8583690987124464,0.0567,0.0641,-11.544461778471142,0.124458648778571,1100,timken-india,Small Cap,Apr-2025
19510,6302.0,1,ZF Commercial Vehicle Control Systems India Ltd.,Automobile & Ancillaries,Automobile & Ancillaries,Domestic Equities,45.0,45.0,0.0,0.0564,0.058499999999999996,-3.5897435897435894,0.123800137409372,1100,zf-commercial-vehicle-control-systems-india,Small Cap,Apr-2025
133614,6833.0,1,Canara Bank,Bank,Banking,Domestic Equities,5790.0,5796.0,-0.10351966873706005,0.0564,0.0516,9.302325581395339,0.123800137409372,1100,canara-bank,Mid Cap,Apr-2025
133407,5997.0,1,Hindustan Zinc Ltd.,Non - Ferrous Metals,Non - Ferrous Metals,Domestic Equities,1284.0,1285.0,-0.07782101167315175,0.0564,0.0594,-5.050505050505063,0.123800137409372,1100,hindustan-zinc,Large Cap,Apr-2025
152241,8254.0,1,NCC Ltd.,Infrastructure,Infrastructure,Domestic Equities,2656.0,2664.0,-0.3003003003003003,0.056299999999999996,0.0558,0.8960573476702477,0.123580633619639,1100,ncc,Small Cap,Apr-2025
171886,6139.0,1,Exide Industries Ltd.,Automobile & Ancillaries,Automobile & Ancillaries,Domestic Equities,1592.0,1595.0,-0.18808777429467086,0.055999999999999994,0.0575,-2.6086956521739193,0.122922122250441,1100,exide-industries,Mid Cap,Apr-2025
171840,6541.0,1,UNO Minda Ltd.,Automobile & Ancillaries,Automobile & Ancillaries,Domestic Equities,626.0,626.0,0.0,0.055999999999999994,0.0548,2.1897810218977956,0.122922122250441,1100,uno-minda,Mid Cap,Apr-2025
152449,8099.0,1,JSW Holdings Ltd.,Finance,Finance,Domestic Equities,24.0,24.0,0.0,0.0559,0.0552,1.2681159420289907,0.122702618460708,1100,jsw-holdings,Small Cap,Apr-2025
171810,7890.0,1,Aarti Industries Ltd.,Chemicals,Chemicals,Domestic Equities,1328.0,1332.0,-0.3003003003003003,0.0559,0.052000000000000005,7.499999999999994,0.122702618460708,1100,aarti-industries,Small Cap,Apr-2025
152380,4958.0,1,The Great Eastern Shipping Company Ltd.,Logistics,Logistics,Domestic Equities,643.0,645.0,-0.31007751937984496,0.0559,0.0601,-6.988352745424292,0.122702618460708,1100,the-great-eastern-shipping-company,Small Cap,Apr-2025
139932,15713.0,1,Adani Energy Solutions Ltd.,Power,Power,Domestic Equities,620.0,622.0,-0.3215434083601286,0.0558,0.0542,2.9520295202952056,0.122483114670975,1100,adani-energy-solutions,Large Cap,Apr-2025
152383,6925.0,1,Deepak Fertilisers And Petrochemicals Corporation Ltd.,Chemicals,Chemicals,Domestic Equities,435.0,436.0,-0.22935779816513763,0.0557,0.0487,14.373716632443534,0.122263610881242,1100,deepak-fertilisers-and-petrochemicals-corporation,Small Cap,Apr-2025
173672,92657.0,1,Gujarat Fluorochemicals Ltd.,Chemicals,Chemicals,Domestic Equities,143.0,143.0,0.0,0.0557,0.0575,-3.130434782608691,0.122263610881242,1100,gujarat-fluorochemicals,Mid Cap,Apr-2025
135555,92715.0,1,360 One Wam Ltd.,Finance,Finance,Domestic Equities,561.0,562.0,-0.1779359430604982,0.0553,0.053,4.339622641509442,0.12138559572231,1100,360-one-wam,Mid Cap,Apr-2025
171333,7587.0,1,United Breweries Ltd.,Alcohol,Alcohol,Domestic Equities,252.0,253.0,-0.3952569169960474,0.054400000000000004,0.0506,7.509881422924917,0.119410061614714,1100,united-breweries,Mid Cap,Apr-2025
152519,8782.0,1,Mahindra & Mahindra Financial Services Ltd.,Finance,Finance,Domestic Equities,2072.0,2075.0,-0.14457831325301204,0.054299999999999994,0.0587,-7.4957410562180655,0.119190557824981,1100,mahindra-mahindra-financial-services,Mid Cap,Apr-2025
171433,6783.0,1,Berger Paints India Ltd.,Chemicals,Chemicals,Domestic Equities,997.0,998.0,-0.1002004008016032,0.054299999999999994,0.0499,8.817635270541071,0.119190557824981,1100,berger-paints-india,Mid Cap,Apr-2025
171535,5421.0,1,E.I.D. - Parry (India) Ltd.,Agri,Agriculture,Domestic Equities,664.0,666.0,-0.3003003003003003,0.054299999999999994,0.052300000000000006,3.824091778202663,0.119190557824981,1100,eid-parry-india,Small Cap,Apr-2025
152367,6359.0,1,Abbott India Ltd.,Healthcare,Healthcare,Domestic Equities,18.0,18.0,0.0,0.054000000000000006,0.0553,-2.3508137432188043,0.118532046455782,1100,abbott-india,Mid Cap,Apr-2025
152444,7037.0,1,IIFL Finance Ltd.,Finance,Finance,Domestic Equities,1503.0,1507.0,-0.26542800265428,0.054000000000000006,0.049400000000000006,9.311740890688258,0.118532046455782,1100,iifl-finance,Small Cap,Apr-2025
47051,90577.0,1,Dalmia Bharat Ltd.,Construction Materials,Construction Materials,Domestic Equities,277.0,279.0,-0.7168458781362007,0.0538,0.0508,5.905511811023619,0.118093038876316,1100,dalmia-bharat,Mid Cap,Apr-2025
171687,7000.0,1,Zensar Technologies Ltd.,IT,Information Technology,Domestic Equities,744.0,746.0,-0.2680965147453083,0.0535,0.052300000000000006,2.294455066921591,0.117434527507117,1100,zensar-technologies,Small Cap,Apr-2025
133437,6005.0,1,Sonata Software Ltd.,IT,Information Technology,Domestic Equities,1262.0,1267.0,-0.3946329913180742,0.053200000000000004,0.0438,21.461187214611883,0.116776016137919,1100,sonata-software,Small Cap,Apr-2025
171565,6678.0,1,Apollo Tyres Ltd.,Automobile & Ancillaries,Automobile & Ancillaries,Domestic Equities,1128.0,1130.0,-0.17699115044247787,0.053200000000000004,0.0481,10.602910602910617,0.116776016137919,1100,apollo-tyres,Small Cap,Apr-2025
94718,6682.0,1,Asahi India Glass Ltd.,Construction Materials,Construction Materials,Domestic Equities,714.0,716.0,-0.27932960893854747,0.0524,0.0431,21.577726218097464,0.115019985820055,1100,asahi-india-glass,Small Cap,Apr-2025
75659,6055.0,1,Lloyds Metals & Energy Ltd.,Iron & Steel,Iron & Steel,Domestic Equities,425.0,426.0,-0.2347417840375587,0.051100000000000007,0.0548,-6.75182481751825,0.112166436553527,1100,lloyds-metals-energy,Mid Cap,Apr-2025
133643,6434.0,1,Biocon Ltd.,Healthcare,Healthcare,Domestic Equities,1577.0,1578.0,-0.06337135614702154,0.0507,0.053899999999999997,-5.936920222634497,0.111288421394595,1100,biocon,Mid Cap,Apr-2025
152194,7698.0,1,Whirlpool Of India Ltd.,Consumer Durables,Consumer Durables,Domestic Equities,400.0,403.0,-0.7444168734491315,0.0504,0.039900000000000005,26.315789473684205,0.110629910025397,1100,whirlpool-of-india,Small Cap,Apr-2025
96608,84153.0,1,Eris Lifesciences Ltd.,Healthcare,Healthcare,Domestic Equities,350.0,351.0,-0.2849002849002849,0.0501,0.049699999999999994,0.8048289738430591,0.109971398656198,1100,eris-lifesciences,Small Cap,Apr-2025
171884,5613.0,1,Bata India Ltd.,FMCG,Retailing,Domestic Equities,414.0,415.0,-0.24096385542168677,0.05,0.0506,-1.1857707509881346,0.109751894866465,1100,bata-india,Small Cap,Apr-2025
98869,15650.0,1,PTC Industries Ltd.,Automobile & Ancillaries,Automobile & Ancillaries,Domestic Equities,39.0,39.0,0.0,0.0499,0.0583,-14.408233276157803,0.109532391076732,1100,ptc-industries,Small Cap,Apr-2025
133272,5382.0,1,ABB India Ltd.,Capital Goods,Capital Goods,Domestic Equities,90.0,90.0,0.0,0.049699999999999994,0.0499,-0.40080160320642205,0.109093383497266,1100,abb-india,Large Cap,Apr-2025
133850,17036.0,1,Mahanagar Gas Ltd.,Gas Transmission,Gas Transmission,Domestic Equities,369.0,370.0,-0.2702702702702703,0.049699999999999994,0.0513,-3.1189083820662797,0.109093383497266,1100,mahanagar-gas,Small Cap,Apr-2025
453,8676.0,1,Natco Pharma Ltd.,Healthcare,Healthcare,Domestic Equities,580.0,582.0,-0.3436426116838488,0.049400000000000006,0.04650000000000001,6.236559139784947,0.108434872128067,1100,natco-pharma,Small Cap,Apr-2025
171799,4956.0,1,Dabur India Ltd.,FMCG,Fast Moving Consumer Goods,Domestic Equities,1013.0,1013.0,0.0,0.049400000000000006,0.0513,-3.703703703703694,0.108434872128067,1100,dabur-india,Large Cap,Apr-2025
57781,87827.0,1,Bharat Dynamics Ltd.,Capital Goods,Capital Goods,Domestic Equities,322.0,323.0,-0.30959752321981426,0.0493,0.0414,19.082125603864736,0.108215368338334,1100,bharat-dynamics,Mid Cap,Apr-2025
133439,5473.0,1,National Aluminium Company Ltd.,Non - Ferrous Metals,Non - Ferrous Metals,Domestic Equities,3139.0,3143.0,-0.12726694241170855,0.049100000000000005,0.0552,-11.05072463768115,0.107776360758869,1100,national-aluminium-company,Mid Cap,Apr-2025
114414,5238.0,1,Bank Of India,Bank,Banking,Domestic Equities,4254.0,4259.0,-0.11739845034045551,0.049,0.045599999999999995,7.45614035087721,0.107556856969136,1100,bank-of-india,Mid Cap,Apr-2025
79346,86555.0,1,Aditya Birla Capital Ltd.,Finance,Finance,Domestic Equities,2496.0,2499.0,-0.12004801920768307,0.049,0.0462,6.060606060606066,0.107556856969136,1100,aditya-birla-capital,Mid Cap,Apr-2025
19098,6973.0,1,Schaeffler India Ltd.,Automobile & Ancillaries,Automobile & Ancillaries,Domestic Equities,140.0,141.0,-0.7092198581560284,0.048600000000000004,0.047599999999999996,2.100840336134465,0.106678841810204,1100,schaeffler-india,Mid Cap,Apr-2025
191898,99941.0,1,Sapphire Foods India Ltd.,FMCG,Fast Moving Consumer Goods,Domestic Equities,1532.0,1536.0,-0.26041666666666663,0.048499999999999995,0.0452,7.300884955752214,0.106459338020471,1100,sapphire-foods-india,Small Cap,Apr-2025
83342,79963.0,1,Bandhan Bank Ltd.,Bank,Banking,Domestic Equities,2908.0,2912.0,-0.13736263736263737,0.0482,0.0426,13.145539906103298,0.105800826651272,1100,bandhan-bank,Small Cap,Apr-2025
115768,100528.0,1,Data Patterns (India) Ltd.,Capital Goods,Capital Goods,Domestic Equities,192.0,192.0,0.0,0.04769999999999999,0.032400000000000005,47.2222222222222,0.104703307702607,1100,data-patterns-india,Small Cap,Apr-2025
152405,5856.0,1,EIH Ltd.,Hospitality,Hospitality,Domestic Equities,1286.0,1289.0,-0.23273855702094648,0.047599999999999996,0.045599999999999995,4.3859649122807065,0.104483803912875,1100,eih,Small Cap,Apr-2025
133402,7102.0,1,HFCL Ltd.,Telecom,Telecom,Domestic Equities,5999.0,6017.0,-0.2991524015290012,0.047599999999999996,0.047599999999999996,0.0,0.104483803912875,1100,hfcl,Small Cap,Apr-2025
136865,15654.0,1,Authum Investment & Infrastructure Ltd.,Finance,Finance,Domestic Equities,275.0,276.0,-0.36231884057971014,0.047400000000000005,0.0478,-0.836820083682009,0.104044796333409,1100,authum-investment-infrastructure,Small Cap,Apr-2025
84351,88646.0,1,Adani Green Energy Ltd.,Power,Power,Domestic Equities,526.0,526.0,0.0,0.047400000000000005,0.0499,-5.0100200400801596,0.104044796333409,1100,adani-green-energy,Large Cap,Apr-2025
133635,5732.0,1,Indraprastha Gas Ltd.,Gas Transmission,Gas Transmission,Domestic Equities,2455.0,2458.0,-0.12205044751830757,0.0473,0.0499,-5.210420841683362,0.103825292543676,1100,indraprastha-gas,Mid Cap,Apr-2025
134823,84770.0,1,Cochin Shipyard Ltd.,Ship Building,Ship Building,Domestic Equities,296.0,296.0,0.0,0.0471,0.0417,12.949640287769784,0.10338628496421,1100,cochin-shipyard,Mid Cap,Apr-2025
95355,98927.0,1,Devyani International Ltd.,FMCG,Fast Moving Consumer Goods,Domestic Equities,2606.0,2614.0,-0.306044376434583,0.0466,0.039,19.487179487179493,0.102288766015545,1100,devyani-international,Small Cap,Apr-2025
19183,6082.0,1,Deepak Nitrite Ltd.,Chemicals,Chemicals,Domestic Equities,240.0,240.0,0.0,0.04650000000000001,0.047599999999999996,-2.3109243697478874,0.102069262225812,1100,deepak-nitrite,Mid Cap,Apr-2025
101649,14929.0,1,Intellect Design Arena Ltd.,IT,Information Technology,Domestic Equities,588.0,590.0,-0.3389830508474576,0.0464,0.0409,13.447432762836181,0.101849758436079,1100,intellect-design-arena,Small Cap,Apr-2025
152079,6815.0,1,Linde India Ltd.,Inds. Gases & Fuels,Industrials Gases & Fuels,Domestic Equities,73.0,73.0,0.0,0.0463,0.045700000000000005,1.3129102844638865,0.101630254646346,1100,linde-india,Mid Cap,Apr-2025
1704,6920.0,1,L&T Finance Ltd.,Finance,Finance,Domestic Equities,2809.0,2813.0,-0.14219694276573053,0.0461,0.0431,6.960556844547582,0.101191247066881,1100,lt-finance,Mid Cap,Apr-2025
171807,7041.0,1,Hindustan Copper Ltd.,Non - Ferrous Metals,Non - Ferrous Metals,Domestic Equities,2128.0,2135.0,-0.32786885245901637,0.0454,0.0471,-3.6093418259023338,0.0996547205387501,1100,hindustan-copper,Small Cap,Apr-2025
171765,6852.0,1,Ceat Ltd.,Automobile & Ancillaries,Automobile & Ancillaries,Domestic Equities,136.0,137.0,-0.7299270072992701,0.0453,0.0394,14.97461928934011,0.0994352167490172,1100,ceat,Small Cap,Apr-2025
171385,89248.0,1,Indiamart Intermesh Ltd.,Retailing,Information Technology,Domestic Equities,196.0,198.0,-1.0101010101010102,0.0452,0.040999999999999995,10.24390243902439,0.0992157129592842,1100,indiamart-intermesh,Small Cap,Apr-2025
57541,86814.0,1,General Insurance Corporation of India,Insurance,Finance,Domestic Equities,1083.0,1083.0,0.0,0.0452,0.045599999999999995,-0.8771929824561412,0.0992157129592842,1100,general-insurance-corporation-of-india,Mid Cap,Apr-2025
152438,6334.0,1,Jaiprakash Power Ventures Ltd.,Power,Power,Domestic Equities,30934.0,31029.0,-0.30616520029649685,0.045,0.044199999999999996,1.8099547511312233,0.0987767053798184,1100,jaiprakash-power-ventures,Small Cap,Apr-2025
152324,4941.0,1,ACC Ltd.,Construction Materials,Construction Materials,Domestic Equities,236.0,236.0,0.0,0.0446,0.0458,-2.6200873362445436,0.0978986902208867,1100,acc,Mid Cap,Apr-2025
140194,102059.0,1,Rainbow Children's Medicare Ltd.,Healthcare,Healthcare,Domestic Equities,322.0,324.0,-0.6172839506172839,0.044500000000000005,0.0454,-1.9823788546255476,0.0976791864311537,1100,rainbow-children's-medicare,Small Cap,Apr-2025
76174,111823.0,1,Bharti Hexacom Ltd.,Telecom,Telecom,Domestic Equities,263.0,263.0,0.0,0.0444,0.0385,15.324675324675333,0.0974596826414208,1100,bharti-hexacom,Mid Cap,Apr-2025
152325,5528.0,1,Thermax Ltd.,Capital Goods,Capital Goods,Domestic Equities,135.0,135.0,0.0,0.0444,0.0493,-9.9391480730223,0.0974596826414208,1100,thermax,Mid Cap,Apr-2025
38130,7638.0,1,Jubilant Pharmova Ltd.,Healthcare,Healthcare,Domestic Equities,492.0,493.0,-0.2028397565922921,0.044199999999999996,0.044199999999999996,0.0,0.097020675061955,1100,jubilant-pharmova,Small Cap,Apr-2025
114697,5402.0,1,JSW Energy Ltd.,Power,Power,Domestic Equities,918.0,918.0,0.0,0.044000000000000004,0.049400000000000006,-10.931174089068826,0.0965816674824891,1100,jsw-energy,Large Cap,Apr-2025
152377,4902.0,1,Siemens Ltd.,Capital Goods,Capital Goods,Domestic Equities,151.0,152.0,-0.6578947368421052,0.0438,0.0802,-45.38653366583541,0.0961426599030232,1100,siemens,Large Cap,Apr-2025
115131,88043.0,1,Lemon Tree Hotels Ltd.,Hospitality,Hospitality,Domestic Equities,3198.0,3207.0,-0.2806361085126286,0.0438,0.0412,6.31067961165048,0.0961426599030232,1100,lemon-tree-hotels,Small Cap,Apr-2025
152491,5679.0,1,PVR Inox Ltd.,Media & Entertainment,Media & Entertainment,Domestic Equities,463.0,464.0,-0.21551724137931033,0.0436,0.042300000000000004,3.0732860520094536,0.0957036523235574,1100,pvr-inox,Small Cap,Apr-2025
152190,5796.0,1,Kajaria Ceramics Ltd.,Construction Materials,Construction Materials,Domestic Equities,539.0,541.0,-0.36968576709796674,0.0434,0.04650000000000001,-6.666666666666677,0.0952646447440915,1100,kajaria-ceramics,Small Cap,Apr-2025
75715,7731.0,1,Nava Ltd.,Power,Power,Domestic Equities,953.0,955.0,-0.20942408376963353,0.0434,0.0495,-12.323232323232329,0.0952646447440915,1100,nava,Small Cap,Apr-2025
95549,7450.0,1,Aditya Birla Fashion and Retail Ltd.,Retailing,Retailing,Domestic Equities,1642.0,1645.0,-0.182370820668693,0.0433,0.042199999999999994,2.6066350710900554,0.0950451409543586,1100,aditya-birla-fashion-and-retail,Mid Cap,Apr-2025
171948,7104.0,1,Emami Ltd.,FMCG,Fast Moving Consumer Goods,Domestic Equities,690.0,691.0,-0.1447178002894356,0.0431,0.0401,7.481296758104734,0.0946061333748927,1100,emami,Small Cap,Apr-2025
152486,5772.0,1,AIA Engineering Ltd.,Automobile & Ancillaries,Automobile & Ancillaries,Domestic Equities,134.0,136.0,-1.4705882352941175,0.042800000000000005,0.045599999999999995,-6.140350877192969,0.0939476220056939,1100,aia-engineering,Mid Cap,Apr-2025
133613,5313.0,1,Granules India Ltd.,Healthcare,Healthcare,Domestic Equities,940.0,942.0,-0.21231422505307856,0.042800000000000005,0.0458,-6.55021834061135,0.0939476220056939,1100,granules-india,Small Cap,Apr-2025
650,8558.0,1,V-Guard Industries Ltd.,Capital Goods,Capital Goods,Domestic Equities,1188.0,1191.0,-0.2518891687657431,0.042800000000000005,0.042300000000000004,1.1820330969267097,0.0939476220056939,1100,v-guard-industries,Small Cap,Apr-2025
118743,98929.0,1,Aptus Value Housing Finance India Ltd.,Finance,Finance,Domestic Equities,1337.0,1340.0,-0.22388059701492538,0.0426,0.0395,7.848101265822774,0.0935086144262281,1100,aptus-value-housing-finance-india,Small Cap,Apr-2025
133374,5879.0,1,Finolex Cables Ltd.,Electricals,Electricals,Domestic Equities,491.0,492.0,-0.20325203252032523,0.0425,0.0449,-5.345211581291764,0.0932891106364951,1100,finolex-cables,Small Cap,Apr-2025
152386,5556.0,1,Glaxosmithkline Pharmaceuticals Ltd.,Healthcare,Healthcare,Domestic Equities,143.0,145.0,-1.3793103448275863,0.0424,0.0418,1.4354066985646052,0.0930696068467622,1100,glaxosmithkline-pharmaceuticals,Mid Cap,Apr-2025
152391,5643.0,1,Pfizer Ltd.,Healthcare,Healthcare,Domestic Equities,98.0,98.0,0.0,0.0421,0.0392,7.39795918367347,0.0924110954775634,1100,pfizer,Small Cap,Apr-2025
19805,15724.0,1,Syngene International Ltd.,Business Services,Healthcare,Domestic Equities,662.0,662.0,0.0,0.042,0.0481,-12.68191268191267,0.0921915916878305,1100,syngene-international,Mid Cap,Apr-2025
37962,6229.0,1,Gillette India Ltd.,FMCG,Fast Moving Consumer Goods,Domestic Equities,52.0,52.0,0.0,0.0418,0.0417,0.23980815347721313,0.0917525841083646,1100,gillette-india,Small Cap,Apr-2025
171668,8857.0,1,Zen Technologies Ltd.,Capital Goods,Capital Goods,Domestic Equities,295.0,296.0,-0.33783783783783783,0.0418,0.0438,-4.566210045662104,0.0917525841083646,1100,zen-technologies,Small Cap,Apr-2025
133561,8133.0,1,Birlasoft Ltd.,IT,Information Technology,Domestic Equities,1065.0,1069.0,-0.37418147801683815,0.0416,0.0414,0.48309178743962466,0.0913135765288988,1100,birlasoft,Small Cap,Apr-2025
9438,105416.0,1,Go Digit General Insurance Ltd.,Insurance,Finance,Domestic Equities,1451.0,1455.0,-0.27491408934707906,0.0414,0.0421,-1.6627078384798168,0.0908745689494329,1100,go-digit-general-insurance,Small Cap,Apr-2025
152374,6232.0,1,Bosch Ltd.,Automobile & Ancillaries,Automobile & Ancillaries,Domestic Equities,14.0,14.0,0.0,0.0412,0.0397,3.7783375314861436,0.0904355613699671,1100,bosch,Large Cap,Apr-2025
57620,82559.0,1,ICICI Prudential Life Insurance Company Ltd.,Insurance,Finance,Domestic Equities,671.0,672.0,-0.1488095238095238,0.0412,0.0379,8.707124010554091,0.0904355613699671,1100,icici-prudential-life-insurance-company,Large Cap,Apr-2025
133298,5393.0,1,Balrampur Chini Mills Ltd.,Agri,Agriculture,Domestic Equities,745.0,747.0,-0.2677376171352075,0.040999999999999995,0.0409,0.24449877750610727,0.0899965537905012,1100,balrampur-chini-mills,Small Cap,Apr-2025
154192,90218.0,1,Anand Rathi Wealth Ltd.,Finance,Finance,Domestic Equities,241.0,241.0,0.0,0.040999999999999995,0.0461,-11.062906724511945,0.0899965537905012,1100,anand-rathi-wealth,Small Cap,Apr-2025
19203,7298.0,1,PCBL Chemical Ltd.,Chemicals,Chemicals,Domestic Equities,1139.0,1143.0,-0.3499562554680665,0.040999999999999995,0.0484,-15.289256198347111,0.0899965537905012,1100,pcbl-chemical,Small Cap,Apr-2025
44430,82482.0,1,L&T Technology Services Ltd.,IT,Information Technology,Domestic Equities,96.0,96.0,0.0,0.0409,0.0432,-5.324074074074084,0.0897770500007683,1100,lt-technology-services,Mid Cap,Apr-2025
19777,93855.0,1,Sumitomo Chemical India Ltd.,Chemicals,Chemicals,Domestic Equities,796.0,800.0,-0.5,0.0405,0.0447,-9.395973154362416,0.0888990348418365,1100,sumitomo-chemical-india,Small Cap,Apr-2025
134343,87380.0,1,Newgen Software Technologies Ltd.,IT,Information Technology,Domestic Equities,410.0,411.0,-0.24330900243309003,0.0404,0.0409,-1.222493887530558,0.0886795310521036,1100,newgen-software-technologies,Small Cap,Apr-2025
134937,5507.0,1,Kirloskar Oil Engines Ltd.,Capital Goods,Capital Goods,Domestic Equities,539.0,540.0,-0.1851851851851852,0.04019999999999999,0.038900000000000004,3.3419023136246646,0.0882405234726378,1100,kirloskar-oil-engines,Small Cap,Apr-2025
94723,5905.0,1,Anant Raj Ltd.,Realty,Realty,Domestic Equities,881.0,885.0,-0.4519774011299435,0.0398,0.0435,-8.505747126436775,0.087362508313706,1100,anant-raj,Small Cap,Apr-2025
133495,5019.0,1,Ajanta Pharma Ltd.,Healthcare,Healthcare,Domestic Equities,147.0,147.0,0.0,0.0398,0.038599999999999995,3.108808290155443,0.087362508313706,1100,ajanta-pharma,Mid Cap,Apr-2025
133647,6517.0,1,Ramkrishna Forgings Ltd.,Automobile & Ancillaries,Automobile & Ancillaries,Domestic Equities,665.0,668.0,-0.4491017964071856,0.039599999999999996,0.051699999999999996,-23.404255319148938,0.0869235007342402,1100,ramkrishna-forgings,Small Cap,Apr-2025
114654,92672.0,1,Indian Renewable Energy Development Agency Ltd.,Finance,Finance,Domestic Equities,2358.0,2361.0,-0.12706480304955528,0.0394,0.0379,3.9577836411609475,0.0864844931547743,1100,indian-renewable-energy-development-agency,Mid Cap,Apr-2025
115032,83788.0,1,Housing & Urban Development Corporation Ltd.,Finance,Finance,Domestic Equities,1756.0,1759.0,-0.17055144968732233,0.0392,0.0351,11.680911680911686,0.0860454855753085,1100,housing-urban-development-corporation,Mid Cap,Apr-2025
56723,6834.0,1,Can Fin Homes Ltd.,Finance,Finance,Domestic Equities,548.0,550.0,-0.36363636363636365,0.0392,0.0368,6.521739130434775,0.0860454855753085,1100,can-fin-homes,Small Cap,Apr-2025
133308,5965.0,1,BEML Ltd.,Capital Goods,Capital Goods,Domestic Equities,124.0,124.0,0.0,0.0392,0.039900000000000005,-1.754385964912288,0.0860454855753085,1100,beml,Small Cap,Apr-2025
139455,98272.0,1,Shyam Metalics And Energy Ltd.,Iron & Steel,Iron & Steel,Domestic Equities,454.0,455.0,-0.21978021978021978,0.0391,0.0388,0.7731958762886663,0.0858259817855755,1100,shyam-metalics-and-energy,Small Cap,Apr-2025
797,86851.0,1,Nippon Life India Asset Management Ltd.,Finance,Finance,Domestic Equities,612.0,613.0,-0.1631321370309951,0.0391,0.0355,10.140845070422545,0.0858259817855755,1100,nippon-life-india-asset-management,Mid Cap,Apr-2025
97743,96921.0,1,Gland Pharma Ltd.,Healthcare,Healthcare,Domestic Equities,278.0,278.0,0.0,0.038900000000000004,0.0443,-12.189616252821663,0.0853869742061097,1100,gland-pharma,Small Cap,Apr-2025
695,7346.0,1,Titagarh Rail Systems Ltd.,Automobile & Ancillaries,Automobile & Ancillaries,Domestic Equities,518.0,521.0,-0.5758157389635317,0.0387,0.0415,-6.746987951807235,0.0849479666266438,1100,titagarh-rail-systems,Small Cap,Apr-2025
154120,5531.0,1,Triveni Turbine Ltd.,Capital Goods,Capital Goods,Domestic Equities,742.0,744.0,-0.2688172043010753,0.038599999999999995,0.04190000000000001,-7.875894988066838,0.0847284628369109,1100,triveni-turbine,Small Cap,Apr-2025
19174,6780.0,1,Bayer CropScience Ltd.,Chemicals,Chemicals,Domestic Equities,82.0,82.0,0.0,0.0385,0.0403,-4.466501240694793,0.084508959047178,1100,bayer-cropscience,Small Cap,Apr-2025
58145,71025.0,1,Indian Railway Finance Corporation Ltd.,Finance,Finance,Domestic Equities,3068.0,3071.0,-0.09768804949527841,0.0382,0.0382,0.0,0.0838504476779792,1100,indian-railway-finance-corporation,Large Cap,Apr-2025
171968,4931.0,1,Zydus Lifesciences Ltd.,Healthcare,Healthcare,Domestic Equities,429.0,429.0,0.0,0.0381,0.038,0.2631578947368482,0.0836309438882462,1100,zydus-lifesciences,Large Cap,Apr-2025
152579,7542.0,1,Sobha Ltd.,Realty,Realty,Domestic Equities,288.0,289.0,-0.34602076124567477,0.0381,0.0354,7.627118644067797,0.0836309438882462,1100,sobha,Small Cap,Apr-2025
152370,5063.0,1,Escorts Kubota Ltd.,Automobile & Ancillaries,Automobile & Ancillaries,Domestic Equities,116.0,116.0,0.0,0.0378,0.0377,0.2652519893899148,0.0829724325190474,1100,escorts-kubota,Mid Cap,Apr-2025
133333,4917.0,1,CRISIL Ltd.,Ratings,Ratings,Domestic Equities,85.0,85.0,0.0,0.0378,0.0355,6.478873239436619,0.0829724325190474,1100,crisil,Mid Cap,Apr-2025
227975,113151.0,1,Siemens Energy India Ltd.,Others,,Domestic Equities,152.0,,,0.0377,,,0.0827529287293145,1100,siemens-energy-india,,Apr-2025
77334,87528.0,1,CreditAccess Grameen Ltd.,Finance,Finance,Domestic Equities,345.0,346.0,-0.2890173410404624,0.037599999999999995,0.0329,14.28571428571428,0.0825334249395816,1100,creditaccess-grameen,Small Cap,Apr-2025
152303,6239.0,1,Jindal Saw Ltd.,Iron & Steel,Iron & Steel,Domestic Equities,1509.0,1514.0,-0.33025099075297226,0.0374,0.0409,-8.55745721271393,0.0820944173601157,1100,jindal-saw,Small Cap,Apr-2025
133191,5194.0,1,Praj Industries Ltd.,Capital Goods,Capital Goods,Domestic Equities,798.0,801.0,-0.37453183520599254,0.0368,0.0444,-17.117117117117118,0.0807773946217182,1100,praj-industries,Small Cap,Apr-2025
95274,89247.0,1,Chalet Hotels Ltd.,Hospitality,Hospitality,Domestic Equities,460.0,463.0,-0.6479481641468683,0.0364,0.0379,-3.9577836411609475,0.0798993794627864,1100,chalet-hotels,Small Cap,Apr-2025
131,7518.0,1,Swan Energy Ltd.,Textile,Textile,Domestic Equities,905.0,907.0,-0.2205071664829107,0.0364,0.039,-6.666666666666661,0.0798993794627864,1100,swan-energy,Small Cap,Apr-2025
95495,88229.0,1,Garden Reach Shipbuilders & Engineers Ltd.,Ship Building,Ship Building,Domestic Equities,190.0,190.0,0.0,0.0364,0.032,13.749999999999998,0.0798993794627864,1100,garden-reach-shipbuilders-engineers,Small Cap,Apr-2025
76822,89008.0,1,Craftsman Automation Ltd.,Automobile & Ancillaries,Automobile & Ancillaries,Domestic Equities,79.0,79.0,0.0,0.0364,0.0385,-5.454545454545453,0.0798993794627864,1100,craftsman-automation,Small Cap,Apr-2025
114727,84195.0,1,Tejas Networks Ltd.,Telecom,Telecom,Domestic Equities,517.0,519.0,-0.3853564547206166,0.0363,0.0395,-8.101265822784818,0.0796798756730535,1100,tejas-networks,Small Cap,Apr-2025
114606,112114.0,1,Hyundai Motor India Ltd.,Automobile & Ancillaries,Automobile & Ancillaries,Domestic Equities,208.0,208.0,0.0,0.0355,0.0355,0.0,0.0779238453551901,1100,hyundai-motor-india,Large Cap,Apr-2025
171580,109023.0,1,Tata Technologies Ltd.,IT,Information Technology,Domestic Equities,540.0,540.0,0.0,0.0355,0.036699999999999997,-3.2697547683923736,0.0779238453551901,1100,tata-technologies,Mid Cap,Apr-2025
113807,6098.0,1,HBL Engineering Ltd.,Automobile & Ancillaries,Automobile & Ancillaries,Domestic Equities,731.0,733.0,-0.2728512960436562,0.0352,0.0346,1.7341040462427761,0.0772653339859913,1100,hbl-engineering,Small Cap,Apr-2025
509,8487.0,1,K.P.R. Mill Ltd.,Textile,Textile,Domestic Equities,351.0,351.0,0.0,0.035,0.0318,10.062893081761,0.0768263264065254,1100,kpr-mill,Small Cap,Apr-2025
102429,100653.0,1,Global Health Ltd.,Healthcare,Healthcare,Domestic Equities,291.0,291.0,0.0,0.0348,0.0349,-0.28653295128940487,0.0763873188270596,1100,global-health,Small Cap,Apr-2025
614,7779.0,1,eClerx Services Ltd.,IT,Information Technology,Domestic Equities,138.0,139.0,-0.7194244604316548,0.0347,0.038599999999999995,-10.103626943005173,0.0761678150373266,1100,eclerx-services,Small Cap,Apr-2025
20766,6076.0,1,Techno Electric & Engineering Company Ltd.,Infrastructure,Infrastructure,Domestic Equities,325.0,326.0,-0.3067484662576687,0.0346,0.0327,5.810397553516817,0.0759483112475937,1100,techno-electric-engineering-company,Small Cap,Apr-2025
616,7870.0,1,Transformers & Rectifiers (India) Ltd.,Capital Goods,Capital Goods,Domestic Equities,695.0,697.0,-0.2869440459110474,0.0344,0.0374,-8.021390374331558,0.0755093036681278,1100,transformers-rectifiers-india,Small Cap,Apr-2025
171485,6291.0,1,Motilal Oswal Financial Services Ltd.,Finance,Finance,Domestic Equities,520.0,520.0,0.0,0.0339,0.032,5.937499999999998,0.0744117847194632,1100,motilal-oswal-financial-services,Mid Cap,Apr-2025
133388,7039.0,1,Kansai Nerolac Paints Ltd.,Chemicals,Chemicals,Domestic Equities,1307.0,1312.0,-0.38109756097560976,0.0336,0.030600000000000002,9.803921568627445,0.0737532733502644,1100,kansai-nerolac-paints,Small Cap,Apr-2025
76268,106949.0,1,Indegene Ltd.,Healthcare,Healthcare,Domestic Equities,608.0,610.0,-0.32786885245901637,0.0333,0.0353,-5.665722379603392,0.0730947619810656,1100,indegene,Small Cap,Apr-2025
133445,6416.0,1,Apar Industries Ltd.,Capital Goods,Capital Goods,Domestic Equities,59.0,59.0,0.0,0.0331,0.0327,1.2232415902140683,0.0726557544015998,1100,apar-industries,Mid Cap,Apr-2025
196533,104025.0,1,Motherson Sumi Wiring India Ltd.,Iron & Steel,Iron & Steel,Domestic Equities,5937.0,5944.0,-0.11776581426648722,0.0331,0.031,6.774193548387096,0.0726557544015998,1100,motherson-sumi-wiring-india,Small Cap,Apr-2025
171937,5730.0,1,Astrazeneca Pharma India Ltd.,Healthcare,Healthcare,Domestic Equities,38.0,40.0,-5.0,0.033,0.0344,-4.069767441860469,0.0724362506118668,1100,astrazeneca-pharma-india,Small Cap,Apr-2025
607,7527.0,1,Jyothy Labs Ltd.,FMCG,Fast Moving Consumer Goods,Domestic Equities,883.0,885.0,-0.22598870056497175,0.033,0.0291,13.402061855670091,0.0724362506118668,1100,jyothy-labs,Small Cap,Apr-2025
115263,4992.0,1,Gravita India Ltd.,Non - Ferrous Metals,Non - Ferrous Metals,Domestic Equities,188.0,189.0,-0.5291005291005291,0.0329,0.0346,-4.913294797687859,0.0722167468221339,1100,gravita-india,Small Cap,Apr-2025
152271,6134.0,1,Raymond Ltd.,Textile,Textile,Domestic Equities,215.0,217.0,-0.9216589861751152,0.032799999999999996,0.0304,7.894736842105256,0.071997243032401,1100,raymond,Small Cap,Apr-2025
113780,5843.0,1,Usha Martin Ltd.,Iron & Steel,Iron & Steel,Domestic Equities,1126.0,1129.0,-0.2657218777679362,0.0326,0.0381,-14.43569553805775,0.0715582354529351,1100,usha-martin,Small Cap,Apr-2025
57415,105415.0,1,Concord Biotech Ltd.,Healthcare,Healthcare,Domestic Equities,214.0,215.0,-0.46511627906976744,0.0325,0.0361,-9.972299168975066,0.0713387316632022,1100,concord-biotech,Small Cap,Apr-2025
152106,69868.0,1,Ircon International Ltd.,Infrastructure,Infrastructure,Domestic Equities,2113.0,2119.0,-0.28315243039169424,0.0323,0.0332,-2.710843373493972,0.0708997240837363,1100,ircon-international,Small Cap,Apr-2025
152413,5645.0,1,Finolex Industries Ltd.,Plastic Products,Plastic Products,Domestic Equities,1841.0,1847.0,-0.32485110990795885,0.0321,0.0332,-3.3132530120481887,0.0704607165042705,1100,finolex-industries,Small Cap,Apr-2025
133302,6421.0,1,BASF India Ltd.,Chemicals,Chemicals,Domestic Equities,73.0,74.0,-1.3513513513513513,0.0321,0.0327,-1.8348623853211024,0.0704607165042705,1100,basf-india,Small Cap,Apr-2025
152053,6921.0,1,DCM Shriram Ltd.,Diversified,Diversified,Domestic Equities,320.0,321.0,-0.3115264797507788,0.032,0.0346,-7.514450867052017,0.0702412127145375,1100,dcm-shriram,Small Cap,Apr-2025
211056,110999.0,1,DOMS Industries Ltd.,FMCG,Fast Moving Consumer Goods,Domestic Equities,116.0,117.0,-0.8547008547008548,0.0319,0.0337,-5.341246290801192,0.0700217089248046,1100,doms-industries,Small Cap,Apr-2025
114436,6959.0,1,Engineers India Ltd.,Capital Goods,Capital Goods,Domestic Equities,1778.0,1782.0,-0.22446689113355783,0.0318,0.0286,11.1888111888112,0.0698022051350717,1100,engineers-india,Small Cap,Apr-2025
123232,111772.0,1,Brainbees Solutions Ltd.,Retailing,Information Technology,Domestic Equities,934.0,937.0,-0.32017075773745995,0.0317,0.0345,-8.115942028985513,0.0695827013453387,1100,brainbees-solutions,Small Cap,Apr-2025
645,8087.0,1,IRB Infrastructure Developers Ltd.,Infrastructure,Infrastructure,Domestic Equities,6945.0,6954.0,-0.12942191544434856,0.0317,0.031400000000000004,0.9554140127388472,0.0695827013453387,1100,irb-infrastructure-developers,Mid Cap,Apr-2025
58780,8388.0,1,Alembic Pharmaceuticals Ltd.,Healthcare,Healthcare,Domestic Equities,361.0,363.0,-0.5509641873278237,0.0316,0.0337,-6.231454005934717,0.0693631975556058,1100,alembic-pharmaceuticals,Small Cap,Apr-2025
58513,104175.0,1,Aadhar Housing Finance Ltd.,Finance,Finance,Domestic Equities,676.0,679.0,-0.4418262150220913,0.0316,0.0288,9.72222222222223,0.0693631975556058,1100,aadhar-housing-finance,Small Cap,Apr-2025
152559,7752.0,1,Action Construction Equipment Ltd.,Capital Goods,Capital Goods,Domestic Equities,267.0,267.0,0.0,0.031200000000000002,0.0336,-7.142857142857137,0.0684851823966741,1100,action-construction-equipment,Small Cap,Apr-2025
1896,5762.0,1,Jupiter Wagons Ltd.,Automobile & Ancillaries,Automobile & Ancillaries,Domestic Equities,879.0,883.0,-0.4530011325028313,0.031200000000000002,0.0326,-4.294478527607352,0.0684851823966741,1100,jupiter-wagons,Small Cap,Apr-2025
38814,98613.0,1,Aditya Birla Sun Life AMC Ltd.,Finance,Finance,Domestic Equities,470.0,471.0,-0.21231422505307856,0.0311,0.03,3.6666666666666625,0.0682656786069412,1100,aditya-birla-sun-life-amc,Small Cap,Apr-2025
19084,5742.0,1,Elecon Engineering Company Ltd.,Capital Goods,Capital Goods,Domestic Equities,571.0,572.0,-0.17482517482517482,0.0311,0.025699999999999997,21.011673151750976,0.0682656786069412,1100,elecon-engineering-company,Small Cap,Apr-2025
222979,112566.0,1,Vishal Mega Mart Ltd.,Retailing,Retailing,Domestic Equities,2614.0,2618.0,-0.15278838808250572,0.031,0.0273,13.553113553113558,0.0680461748172082,1100,vishal-mega-mart,Mid Cap,Apr-2025
188402,98309.0,1,Jubilant Ingrevia Ltd.,Chemicals,Chemicals,Domestic Equities,482.0,483.0,-0.2070393374741201,0.031,0.031400000000000004,-1.2738853503184724,0.0680461748172082,1100,jubilant-ingrevia,Small Cap,Apr-2025
152578,8075.0,1,LT Foods Ltd.,FMCG,Fast Moving Consumer Goods,Domestic Equities,892.0,894.0,-0.22371364653243847,0.030899999999999997,0.0341,-9.384164222873908,0.0678266710274753,1100,lt-foods,Small Cap,Apr-2025
555,5663.0,1,The Fertilisers And Chemicals Travancore Ltd.,Chemicals,Chemicals,Domestic Equities,404.0,405.0,-0.24691358024691357,0.030899999999999997,0.0259,19.305019305019304,0.0678266710274753,1100,the-fertilisers-and-chemicals-travancore,Mid Cap,Apr-2025
153943,100386.0,1,Vedant Fashions Ltd.,Textile,Textile,Domestic Equities,395.0,396.0,-0.25252525252525254,0.030899999999999997,0.030699999999999998,0.6514657980456032,0.0678266710274753,1100,vedant-fashions,Small Cap,Apr-2025
133585,5972.0,1,Olectra Greentech Ltd.,Automobile & Ancillaries,Automobile & Ancillaries,Domestic Equities,265.0,266.0,-0.37593984962406013,0.0308,0.0311,-0.9646302250803797,0.0676071672377424,1100,olectra-greentech,Small Cap,Apr-2025
57345,99844.0,1,AWL Agri Business Ltd.,FMCG,Fast Moving Consumer Goods,Domestic Equities,1153.0,1155.0,-0.17316017316017315,0.0308,0.0298,3.35570469798658,0.0676071672377424,1100,awl-agri-business,Mid Cap,Apr-2025
58178,99657.0,1,Star Health and Allied Insurance Company Ltd.,Insurance,Finance,Domestic Equities,790.0,790.0,0.0,0.0308,0.0282,9.219858156028378,0.0676071672377424,1100,star-health-and-allied-insurance-company,Small Cap,Apr-2025
190355,99127.0,1,Vijaya Diagnostic Centre Ltd.,Healthcare,Healthcare,Domestic Equities,307.0,308.0,-0.3246753246753247,0.030699999999999998,0.031,-0.967741935483879,0.0673876634480094,1100,vijaya-diagnostic-centre,Small Cap,Apr-2025
58155,95800.0,1,Life Insurance Corporation of India,Insurance,Finance,Domestic Equities,381.0,381.0,0.0,0.030299999999999997,0.0305,-0.6557377049180334,0.0665096482890777,1100,life-insurance-corporation-of-india,Large Cap,Apr-2025
141321,96164.0,1,Happiest Minds Technologies Ltd.,IT,Information Technology,Domestic Equities,529.0,530.0,-0.18867924528301888,0.030299999999999997,0.0316,-4.113924050632923,0.0665096482890777,1100,happiest-minds-technologies,Small Cap,Apr-2025
117,8100.0,1,Vardhman Textiles Ltd.,Textile,Textile,Domestic Equities,663.0,666.0,-0.45045045045045046,0.0301,0.0263,14.448669201520909,0.0660706407096119,1100,vardhman-textiles,Small Cap,Apr-2025
19064,6023.0,1,Westlife Foodworld Ltd,Hospitality,Hospitality,Domestic Equities,440.0,441.0,-0.22675736961451248,0.029500000000000002,0.030899999999999997,-4.530744336569569,0.0647536179712143,1100,westlife-foodworld,Small Cap,Apr-2025
200656,105054.0,1,Signatureglobal (India) Ltd.,Realty,Realty,Domestic Equities,254.0,255.0,-0.39215686274509803,0.0292,0.0279,4.659498207885301,0.0640951066020155,1100,signatureglobal-india,Small Cap,Apr-2025
133353,4920.0,1,IDBI Bank Ltd.,Bank,Banking,Domestic Equities,3636.0,3646.0,-0.27427317608337903,0.028999999999999998,0.028300000000000002,2.473498233215542,0.0636560990225496,1100,idbi-bank,Mid Cap,Apr-2025
152533,5624.0,1,Godawari Power And Ispat Ltd.,Iron & Steel,Iron & Steel,Domestic Equities,1586.0,1590.0,-0.25157232704402516,0.028900000000000002,0.0286,1.0489510489510576,0.0634365952328167,1100,godawari-power-and-ispat,Small Cap,Apr-2025
97859,90258.0,1,Metropolis Healthcare Ltd.,Healthcare,Healthcare,Domestic Equities,168.0,169.0,-0.591715976331361,0.0286,0.0264,8.333333333333323,0.0627780838636179,1100,metropolis-healthcare,Small Cap,Apr-2025
171468,102668.0,1,Bikaji Foods International Ltd.,FMCG,Fast Moving Consumer Goods,Domestic Equities,407.0,408.0,-0.24509803921568626,0.0285,0.027000000000000003,5.555555555555552,0.062558580073885,1100,bikaji-foods-international,Small Cap,Apr-2025
152197,7753.0,1,Kirloskar Brothers Ltd.,Capital Goods,Capital Goods,Domestic Equities,163.0,164.0,-0.6097560975609756,0.0279,0.0281,-0.7117437722419936,0.0612415573354874,1100,kirloskar-brothers,Small Cap,Apr-2025
83618,17010.0,1,BLS International Services Ltd.,Business Services,Hospitality,Domestic Equities,784.0,787.0,-0.3811944091486658,0.0279,0.031400000000000004,-11.146496815286627,0.0612415573354874,1100,bls-international-services,Small Cap,Apr-2025
78882,109773.0,1,JSW Infrastructure Ltd.,Logistics,Logistics,Domestic Equities,951.0,952.0,-0.10504201680672269,0.0279,0.0304,-8.223684210526317,0.0612415573354874,1100,jsw-infrastructure,Mid Cap,Apr-2025
133645,6755.0,1,Bank Of Maharashtra,Bank,Banking,Domestic Equities,5508.0,5514.0,-0.1088139281828074,0.0279,0.0256,8.984374999999998,0.0612415573354874,1100,bank-of-maharashtra,Mid Cap,Apr-2025
134702,8301.0,1,Valor Estate Ltd.,Realty,Realty,Domestic Equities,1586.0,1592.0,-0.37688442211055273,0.0276,0.024,14.999999999999996,0.0605830459662886,1100,valor-estate,Small Cap,Apr-2025
133662,6324.0,1,Century Plyboards (India) Ltd.,Construction Materials,Construction Materials,Domestic Equities,394.0,395.0,-0.25316455696202533,0.0275,0.027999999999999997,-1.7857142857142794,0.0603635421765557,1100,century-plyboards-india,Small Cap,Apr-2025
137768,15760.0,1,Gujarat Gas Ltd.,Gas Transmission,Gas Transmission,Domestic Equities,603.0,604.0,-0.16556291390728478,0.0273,0.024900000000000002,9.63855421686746,0.0599245345970898,1100,gujarat-gas,Mid Cap,Apr-2025
114450,5588.0,1,The Jammu & Kashmir Bank Ltd.,Bank,Banking,Domestic Equities,2892.0,2901.0,-0.3102378490175801,0.0273,0.0268,1.865671641791038,0.0599245345970898,1100,the-jammu-kashmir-bank,Small Cap,Apr-2025
653,111996.0,1,Afcons Infrastructure Ltd.,Infrastructure,Infrastructure,Domestic Equities,649.0,651.0,-0.30721966205837176,0.027200000000000002,0.0317,-14.195583596214503,0.0597050308073569,1100,afcons-infrastructure,Small Cap,Apr-2025
133018,6609.0,1,CCL Products (India) Ltd.,Agri,Agriculture,Domestic Equities,460.0,461.0,-0.21691973969631237,0.027200000000000002,0.0256,6.250000000000005,0.0597050308073569,1100,ccl-products-india,Small Cap,Apr-2025
19913,93142.0,1,UTI Asset Management Company Ltd.,Finance,Finance,Domestic Equities,267.0,269.0,-0.7434944237918215,0.027200000000000002,0.028399999999999998,-4.2253521126760445,0.0597050308073569,1100,uti-asset-management-company,Small Cap,Apr-2025
38127,7192.0,1,JK Tyre & Industries Ltd.,Automobile & Ancillaries,Automobile & Ancillaries,Domestic Equities,874.0,876.0,-0.228310502283105,0.0271,0.024300000000000002,11.522633744855957,0.059485527017624,1100,jk-tyre-industries,Small Cap,Apr-2025
152064,6806.0,1,3M India Ltd.,Diversified,Diversified,Domestic Equities,9.0,9.0,0.0,0.0271,0.026000000000000002,4.230769230769226,0.059485527017624,1100,3m-india,Mid Cap,Apr-2025
18970,6462.0,1,Sarda Energy & Minerals Ltd.,Iron & Steel,Iron & Steel,Domestic Equities,596.0,598.0,-0.33444816053511706,0.0269,0.030699999999999998,-12.377850162866446,0.0590465194381581,1100,sarda-energy-minerals,Small Cap,Apr-2025
13,7543.0,1,Tata Investment Corporation Ltd.,Finance,Finance,Domestic Equities,45.0,45.0,0.0,0.026699999999999998,0.028399999999999998,-5.985915492957744,0.0586075118586922,1100,tata-investment-corporation,Mid Cap,Apr-2025
152067,7924.0,1,JM Financial Ltd.,Finance,Finance,Domestic Equities,2611.0,2619.0,-0.30546009927453227,0.0265,0.0252,5.158730158730155,0.0581685042792264,1100,jm-financial,Small Cap,Apr-2025
152387,5364.0,1,Gujarat Narmada Valley Fertilizers & Chemicals Ltd.,Chemicals,Chemicals,Domestic Equities,542.0,543.0,-0.1841620626151013,0.0264,0.027000000000000003,-2.222222222222224,0.0579490004894935,1100,gujarat-narmada-valley-fertilizers-chemicals,Small Cap,Apr-2025
203281,106367.0,1,NMDC Steel Ltd.,Iron & Steel,Iron & Steel,Domestic Equities,7472.0,7495.0,-0.3068712474983322,0.0264,0.025,5.600000000000005,0.0579490004894935,1100,nmdc-steel,Small Cap,Apr-2025
222201,112407.0,1,NTPC Green Energy Ltd.,Power,Power,Domestic Equities,2608.0,2611.0,-0.11489850631941785,0.0262,0.0263,-0.3802281368821212,0.0575099929100276,1100,ntpc-green-energy,Large Cap,Apr-2025
95082,5635.0,1,Capri Global Capital Ltd.,Finance,Finance,Domestic Equities,1615.0,1620.0,-0.30864197530864196,0.026099999999999998,0.0276,-5.43478260869565,0.0572904891202947,1100,capri-global-capital,Small Cap,Apr-2025
171853,7249.0,1,NLC India Ltd.,Power,Power,Domestic Equities,1141.0,1143.0,-0.17497812773403326,0.026000000000000002,0.027999999999999997,-7.142857142857134,0.0570709853305617,1100,nlc-india,Mid Cap,Apr-2025
38126,6453.0,1,The India Cements Ltd.,Construction Materials,Construction Materials,Domestic Equities,838.0,840.0,-0.2380952380952381,0.0258,0.0233,10.72961373390558,0.0566319777510959,1100,the-india-cements,Small Cap,Apr-2025
114425,8654.0,1,Saregama India Ltd.,Media & Entertainment,Media & Entertainment,Domestic Equities,491.0,492.0,-0.20325203252032523,0.025699999999999997,0.0252,1.984126984126977,0.0564124739613629,1100,saregama-india,Small Cap,Apr-2025
94609,5685.0,1,Welspun Living Ltd.,Textile,Textile,Domestic Equities,2020.0,2026.0,-0.29615004935834155,0.025699999999999997,0.0274,-6.204379562043809,0.0564124739613629,1100,welspun-living,Small Cap,Apr-2025
56649,7087.0,1,HEG Ltd.,Capital Goods,Capital Goods,Domestic Equities,547.0,548.0,-0.18248175182481752,0.0255,0.0265,-3.7735849056603805,0.0559734663818971,1100,heg,Small Cap,Apr-2025
134271,8157.0,1,Minda Corporation Ltd.,Automobile & Ancillaries,Automobile & Ancillaries,Domestic Equities,520.0,522.0,-0.38314176245210724,0.0253,0.0282,-10.283687943262414,0.0555344588024312,1100,minda-corporation,Small Cap,Apr-2025
430,6832.0,1,Caplin Point Laboratories Ltd.,Healthcare,Healthcare,Domestic Equities,130.0,131.0,-0.7633587786259541,0.024399999999999998,0.0262,-6.8702290076335935,0.0535589246948349,1100,caplin-point-laboratories,Small Cap,Apr-2025
113787,7539.0,1,Honeywell Automation India Ltd.,Consumer Durables,Consumer Durables,Domestic Equities,7.0,7.0,0.0,0.0242,0.0236,2.5423728813559343,0.053119917115369,1100,honeywell-automation-india,Mid Cap,Apr-2025
77359,100627.0,1,Waaree Energies Ltd.,Capital Goods,Capital Goods,Domestic Equities,92.0,92.0,0.0,0.024,0.022099999999999998,8.597285067873301,0.0526809095359031,1100,waaree-energies,Mid Cap,Apr-2025
171624,5869.0,1,Blue Dart Express Ltd.,Logistics,Logistics,Domestic Equities,38.0,38.0,0.0,0.0236,0.0233,1.2875536480686611,0.0518028943769714,1100,blue-dart-express,Small Cap,Apr-2025
1840,4901.0,1,SJVN Ltd.,Power,Power,Domestic Equities,2504.0,2507.0,-0.11966493817311527,0.0235,0.023,2.1739130434782727,0.0515833905872385,1100,sjvn,Mid Cap,Apr-2025
133387,5868.0,1,Godrej Industries Ltd.,Chemicals,Chemicals,Domestic Equities,217.0,217.0,0.0,0.0235,0.0246,-4.471544715447149,0.0515833905872385,1100,godrej-industries,Mid Cap,Apr-2025
114515,6989.0,1,Gujarat Pipavav Port Ltd.,Logistics,Logistics,Domestic Equities,1760.0,1765.0,-0.28328611898017,0.023399999999999997,0.024399999999999998,-4.098360655737709,0.0513638867975056,1100,gujarat-pipavav-port,Small Cap,Apr-2025
171394,82477.0,1,Endurance Technologies Ltd.,Automobile & Ancillaries,Automobile & Ancillaries,Domestic Equities,123.0,123.0,0.0,0.0231,0.0242,-4.5454545454545405,0.0507053754283068,1100,endurance-technologies,Mid Cap,Apr-2025
217845,112026.0,1,Premier Energies Ltd.,Electricals,Electricals,Domestic Equities,230.0,231.0,-0.4329004329004329,0.0226,0.0217,4.1474654377880125,0.0496078564796421,1100,premier-energies,Mid Cap,Apr-2025
152132,7850.0,1,Mastek Ltd.,IT,Information Technology,Domestic Equities,108.0,109.0,-0.9174311926605505,0.0226,0.023799999999999998,-5.042016806722694,0.0496078564796421,1100,mastek,Small Cap,Apr-2025
133520,5959.0,1,Triveni Engineering & Industries Ltd.,Agri,Agriculture,Domestic Equities,553.0,556.0,-0.539568345323741,0.0226,0.021400000000000002,5.607476635514002,0.0496078564796421,1100,triveni-engineering-industries,Small Cap,Apr-2025
65311,106730.0,1,SBFC Finance Ltd.,Finance,Finance,Domestic Equities,2205.0,2212.0,-0.31645569620253167,0.0225,0.0195,15.384615384615389,0.0493883526899092,1100,sbfc-finance,Small Cap,Apr-2025
745,109745.0,1,RR Kabel Ltd.,Electricals,Electricals,Domestic Equities,214.0,215.0,-0.46511627906976744,0.022400000000000003,0.0204,9.803921568627459,0.0491688489001763,1100,rr-kabel,Small Cap,Apr-2025
28396,92035.0,1,Sterling and Wilson Renewable Energy Ltd.,Infrastructure,Infrastructure,Domestic Equities,824.0,826.0,-0.24213075060532688,0.022400000000000003,0.0207,8.212560386473449,0.0491688489001763,1100,sterling-and-wilson-renewable-energy,Small Cap,Apr-2025
152585,6859.0,1,Tanla Platforms Ltd.,IT,Information Technology,Domestic Equities,468.0,469.0,-0.21321961620469082,0.0222,0.0219,1.3698630136986416,0.0487298413207104,1100,tanla-platforms,Small Cap,Apr-2025
204790,107779.0,1,Honasa Consumer Ltd.,Trading,Trading,Domestic Equities,891.0,893.0,-0.22396416573348266,0.022000000000000002,0.0207,6.280193236714993,0.0482908337412446,1100,honasa-consumer,Small Cap,Apr-2025
189369,98614.0,1,Alivus Life Sciences Ltd.,Healthcare,Healthcare,Domestic Equities,199.0,199.0,0.0,0.022000000000000002,0.0215,2.32558139534885,0.0482908337412446,1100,alivus-life-sciences,Small Cap,Apr-2025
40249,8148.0,1,Schneider Electric Infrastructure Ltd.,Capital Goods,Capital Goods,Domestic Equities,379.0,380.0,-0.2631578947368421,0.0218,0.0254,-14.173228346456687,0.0478518261617787,1100,schneider-electric-infrastructure,Small Cap,Apr-2025
171894,86746.0,1,Godrej Agrovet Ltd.,FMCG,Fast Moving Consumer Goods,Domestic Equities,278.0,278.0,0.0,0.021400000000000002,0.021,1.9047619047619064,0.046973811002847,1100,godrej-agrovet,Small Cap,Apr-2025
152532,6617.0,1,Sun TV Network Ltd.,Media & Entertainment,Media & Entertainment,Domestic Equities,345.0,346.0,-0.2890173410404624,0.021400000000000002,0.0225,-4.888888888888884,0.046973811002847,1100,sun-tv-network,Small Cap,Apr-2025
861,112211.0,1,Sai Life Sciences Ltd.,Healthcare,Healthcare,Domestic Equities,307.0,308.0,-0.3246753246753247,0.021400000000000002,0.023399999999999997,-8.547008547008536,0.046973811002847,1100,sai-life-sciences,Small Cap,Apr-2025
133081,5148.0,1,Trident Ltd.,Textile,Textile,Domestic Equities,7915.0,7939.0,-0.3023050762060713,0.021,0.019299999999999998,8.808290155440423,0.0460957958439153,1100,trident,Small Cap,Apr-2025
30,5093.0,1,Bombay Burmah Trading Corporation Ltd.,Agri,Agriculture,Domestic Equities,112.0,112.0,0.0,0.0209,0.019799999999999998,5.555555555555549,0.0458762920541823,1100,bombay-burmah-trading-corporation,Small Cap,Apr-2025
643,7404.0,1,KNR Constructions Ltd.,Infrastructure,Infrastructure,Domestic Equities,936.0,939.0,-0.3194888178913738,0.020499999999999997,0.021400000000000002,-4.205607476635528,0.0449982768952506,1100,knr-constructions,Small Cap,Apr-2025
133589,7782.0,1,Cera Sanitaryware Ltd.,Construction Materials,Construction Materials,Domestic Equities,37.0,37.0,0.0,0.019799999999999998,0.0209,-5.263157894736836,0.0434617503671201,1100,cera-sanitaryware,Small Cap,Apr-2025
815,89011.0,1,Rites Ltd.,Capital Goods,Other,Domestic Equities,869.0,871.0,-0.2296211251435132,0.0196,0.0195,0.5128205128205132,0.0430227427876542,1100,rites,Small Cap,Apr-2025
56633,6412.0,1,Graphite India Ltd.,Capital Goods,Capital Goods,Domestic Equities,432.0,433.0,-0.23094688221709006,0.0195,0.0207,-5.797101449275358,0.0428032389979213,1100,graphite-india,Small Cap,Apr-2025
116180,112103.0,1,Bajaj Housing Finance Ltd.,Finance,Finance,Domestic Equities,1598.0,1599.0,-0.06253908692933083,0.0195,0.0197,-1.0152284263959401,0.0428032389979213,1100,bajaj-housing-finance,Large Cap,Apr-2025
152107,5346.0,1,Shipping Corporation Of India Ltd.,Logistics,Logistics,Domestic Equities,1097.0,1100.0,-0.27272727272727276,0.0195,0.0182,7.142857142857137,0.0428032389979213,1100,shipping-corporation-of-india,Small Cap,Apr-2025
678,15637.0,1,PNC Infratech Ltd.,Infrastructure,Infrastructure,Domestic Equities,732.0,734.0,-0.2724795640326975,0.0194,0.018600000000000002,4.301075268817196,0.0425837352081884,1100,pnc-infratech,Small Cap,Apr-2025
133348,5626.0,1,Chennai Petroleum Corporation Ltd.,Crude Oil,Crude Oil,Domestic Equities,312.0,313.0,-0.3194888178913738,0.0191,0.019299999999999998,-1.0362694300518145,0.0419252238389896,1100,chennai-petroleum-corporation,Small Cap,Apr-2025
195742,102041.0,1,TBO Tek Ltd.,Hospitality,Hospitality,Domestic Equities,168.0,168.0,0.0,0.0189,0.0203,-6.896551724137927,0.0414862162595237,1100,tbo-tek,Small Cap,Apr-2025
171516,6987.0,1,Tata Teleservices (Maharashtra) Ltd.,Telecom,Telecom,Domestic Equities,3260.0,3270.0,-0.3058103975535168,0.018500000000000003,0.0184,0.5434782608695656,0.040608201100592,1100,tata-teleservices-maharashtra,Small Cap,Apr-2025
152593,8261.0,1,Network 18 Media & Investments Ltd.,Media & Entertainment,Media & Entertainment,Domestic Equities,4237.0,4251.0,-0.32933427428840273,0.0184,0.018500000000000003,-0.540540540540541,0.0403886973108591,1100,network-18-media-investments,Small Cap,Apr-2025
195442,101899.0,1,Syrma SGS Technology Ltd.,Electricals,Electricals,Domestic Equities,394.0,397.0,-0.7556675062972292,0.0183,0.0183,0.0,0.0401691935211261,1100,syrma-sgs-technology,Small Cap,Apr-2025
59494,100957.0,1,Latent View Analytics Ltd.,Business Services,Other,Domestic Equities,465.0,466.0,-0.2145922746781116,0.0183,0.0171,7.0175438596491295,0.0401691935211261,1100,latent-view-analytics,Small Cap,Apr-2025
133345,5047.0,1,IFCI Ltd.,Finance,Finance,Domestic Equities,4201.0,4214.0,-0.3084954912197437,0.0178,0.0181,-1.657458563535913,0.0390716745724615,1100,ifci,Small Cap,Apr-2025
152217,6011.0,1,Maharashtra Seamless Ltd.,Iron & Steel,Iron & Steel,Domestic Equities,271.0,271.0,0.0,0.0178,0.018500000000000003,-3.783783783783787,0.0390716745724615,1100,maharashtra-seamless,Small Cap,Apr-2025
40702,7798.0,1,RHI Magnesita India Ltd.,Capital Goods,Capital Goods,Domestic Equities,393.0,394.0,-0.25380710659898476,0.0173,0.02,-13.5,0.0379741556237969,1100,rhi-magnesita-india,Small Cap,Apr-2025
133666,8476.0,1,JBM Auto Ltd.,Automobile & Ancillaries,Automobile & Ancillaries,Domestic Equities,261.0,262.0,-0.38167938931297707,0.017,0.0155,9.677419354838705,0.0373156442545981,1100,jbm-auto,Small Cap,Apr-2025
189226,98548.0,1,Clean Science And Technology Ltd.,Chemicals,Chemicals,Domestic Equities,144.0,146.0,-1.36986301369863,0.0169,0.017,-0.5882352941176475,0.0370961404648651,1100,clean-science-and-technology,Small Cap,Apr-2025
135194,112166.0,1,Niva Bupa Health Insurance Company Ltd.,Insurance,Finance,Domestic Equities,2067.0,2072.0,-0.2413127413127413,0.0169,0.016200000000000003,4.3209876543209775,0.0370961404648651,1100,niva-bupa-health-insurance-company,Small Cap,Apr-2025
219906,112338.0,1,Raymond Lifestyle Ltd.,Textile,Textile,Domestic Equities,175.0,176.0,-0.5681818181818182,0.0168,0.0184,-8.69565217391305,0.0368766366751322,1100,raymond-lifestyle,Small Cap,Apr-2025
757,97957.0,1,Railtel Corporation Of India Ltd.,Telecom,Telecom,Domestic Equities,567.0,568.0,-0.17605633802816903,0.0168,0.0172,-2.325581395348839,0.0368766366751322,1100,railtel-corporation-of-india,Small Cap,Apr-2025
133551,7167.0,1,Indian Overseas Bank,Bank,Banking,Domestic Equities,4449.0,4463.0,-0.3136903428187318,0.0167,0.0174,-4.02298850574713,0.0366571328853993,1100,indian-overseas-bank,Large Cap,Apr-2025
192488,100187.0,1,CE Info Systems Ltd.,IT,Information Technology,Domestic Equities,91.0,91.0,0.0,0.0163,0.0154,5.844155844155835,0.0357791177264676,1100,ce-info-systems,Small Cap,Apr-2025
114439,5439.0,1,Gujarat Mineral Development Corporation Ltd.,Mining,Mining,Domestic Equities,535.0,538.0,-0.5576208178438662,0.0163,0.0143,13.986013986013985,0.0357791177264676,1100,gujarat-mineral-development-corporation,Small Cap,Apr-2025
42557,112281.0,1,Inventurus Knowledge Solutions Ltd.,IT,Information Technology,Domestic Equities,109.0,110.0,-0.9090909090909091,0.0161,0.0168,-4.166666666666657,0.0353401101470017,1100,inventurus-knowledge-solutions,Mid Cap,Apr-2025
152110,5928.0,1,ITI Ltd.,Telecom,Telecom,Domestic Equities,625.0,626.0,-0.1597444089456869,0.016,0.015600000000000001,2.5641025641025665,0.0351206063572688,1100,iti,Small Cap,Apr-2025
176199,111753.0,1,OLA Electric Mobility Ltd.,Automobile & Ancillaries,Automobile & Ancillaries,Domestic Equities,3123.0,3127.0,-0.12791813239526703,0.0152,0.0166,-8.43373493975903,0.0333645760394053,1100,ola-electric-mobility,Mid Cap,Apr-2025
37858,5520.0,1,Alkyl Amines Chemicals Ltd.,Chemicals,Chemicals,Domestic Equities,89.0,90.0,-1.1111111111111112,0.0152,0.0146,4.109589041095894,0.0333645760394053,1100,alkyl-amines-chemicals,Small Cap,Apr-2025
152476,5252.0,1,Shree Renuka Sugars Ltd.,Agri,Agriculture,Domestic Equities,5168.0,5184.0,-0.30864197530864196,0.0149,0.0143,4.195804195804199,0.0327060646702065,1100,shree-renuka-sugars,Small Cap,Apr-2025
207271,109317.0,1,Netweb Technologies India Ltd.,Consumer Durables,Consumer Durables,Domestic Equities,105.0,105.0,0.0,0.0148,0.0159,-6.918238993710697,0.0324865608804736,1100,netweb-technologies-india,Small Cap,Apr-2025
84908,112552.0,1,Swiggy Ltd.,Retailing,Information Technology,Domestic Equities,461.0,462.0,-0.21645021645021645,0.0146,0.015300000000000001,-4.575163398692815,0.0320475533010077,1100,swiggy,Large Cap,Apr-2025
58164,86911.0,1,The New India Assurance Company Ltd.,Insurance,Finance,Domestic Equities,841.0,843.0,-0.2372479240806643,0.014499999999999999,0.013000000000000001,11.538461538461531,0.0318280495112748,1100,the-new-india-assurance-company,Mid Cap,Apr-2025
219753,112169.0,1,Sagility India Ltd.,Business Services,Other,Domestic Equities,3541.0,3553.0,-0.3377427526034337,0.014499999999999999,0.0152,-4.605263157894741,0.0318280495112748,1100,sagility-india,Small Cap,Apr-2025
505,6857.0,1,Central Bank Of India,Bank,Banking,Domestic Equities,3906.0,3917.0,-0.2808271636456472,0.014499999999999999,0.0168,-13.69047619047619,0.0318280495112748,1100,central-bank-of-india,Mid Cap,Apr-2025
114673,111130.0,1,Inox India Ltd.,Capital Goods,Capital Goods,Domestic Equities,145.0,145.0,0.0,0.0143,0.014499999999999999,-1.3793103448275874,0.031389041931809,1100,inox-india,Small Cap,Apr-2025
133083,6007.0,1,Alok Industries Ltd.,Textile,Textile,Domestic Equities,8052.0,8077.0,-0.309520861706079,0.0134,0.012199999999999999,9.836065573770501,0.0294135078242126,1100,alok-industries,Small Cap,Apr-2025
153043,7287.0,1,Just Dial Ltd.,Business Services,Information Technology,Domestic Equities,141.0,143.0,-1.3986013986013985,0.0132,0.011699999999999999,12.820512820512834,0.0289745002447467,1100,just-dial,Small Cap,Apr-2025
95406,100018.0,1,Emcure Pharmaceuticals Ltd.,Healthcare,Healthcare,Domestic Equities,128.0,128.0,0.0,0.0131,0.0137,-4.379562043795624,0.0287549964550138,1100,emcure-pharmaceuticals,Small Cap,Apr-2025
221192,112302.0,1,International Gemmological Institute (India) Ltd.,Business Services,Other,Domestic Equities,362.0,363.0,-0.27548209366391185,0.0126,0.013999999999999999,-9.999999999999993,0.0276574775063492,1100,international-gemmological-institute-india,Small Cap,Apr-2025
195761,102061.0,1,Campus Activewear Ltd.,FMCG,Retailing,Domestic Equities,519.0,521.0,-0.3838771593090211,0.0126,0.012,5.000000000000004,0.0276574775063492,1100,campus-activewear,Small Cap,Apr-2025
289,5004.0,1,Rashtriya Chemicals and Fertilizers Ltd.,Chemicals,Chemicals,Domestic Equities,895.0,898.0,-0.33407572383073497,0.012199999999999999,0.0113,7.964601769911512,0.0267794623474174,1100,rashtriya-chemicals-and-fertilizers,Small Cap,Apr-2025
133628,7605.0,1,UCO Bank,Bank,Banking,Domestic Equities,3584.0,3595.0,-0.305980528511822,0.0111,0.0128,-13.281249999999995,0.0243649206603552,1100,uco-bank,Mid Cap,Apr-2025
65256,86779.0,1,Acme Solar Holdings Ltd.,Power,Power,Domestic Equities,506.0,507.0,-0.19723865877712032,0.0106,0.0097,9.278350515463925,0.0232674017116906,1100,acme-solar-holdings,Small Cap,Apr-2025
63725,92864.0,1,Route Mobile Ltd.,IT,Information Technology,Domestic Equities,102.0,103.0,-0.9708737864077669,0.0097,0.0096,1.0416666666666676,0.0212918676040942,1100,route-mobile,Small Cap,Apr-2025
40323,8128.0,1,RattanIndia Enterprises Ltd.,Business Services,Other,Domestic Equities,2252.0,2258.0,-0.2657218777679362,0.009399999999999999,0.009300000000000001,1.0752688172042901,0.0206333562348954,1100,rattanindia-enterprises,Small Cap,Apr-2025
39219,111883.0,1,Akums Drugs & Pharmaceuticals Ltd.,Healthcare,Healthcare,Domestic Equities,178.0,178.0,0.0,0.009300000000000001,0.0084,10.714285714285724,0.0204138524451625,1100,akums-drugs-pharmaceuticals,Small Cap,Apr-2025
171883,5324.0,1,Mangalore Refinery And Petrochemicals Ltd.,Crude Oil,Crude Oil,Domestic Equities,625.0,625.0,0.0,0.0084,0.0084,0.0,0.0184383183375661,1100,mangalore-refinery-and-petrochemicals,Small Cap,Apr-2025
94495,5412.0,1,MMTC Ltd.,Trading,Trading,Domestic Equities,981.0,984.0,-0.3048780487804878,0.0055000000000000005,0.0051,7.843137254901968,0.0120727084353111,1100,mmtc,Small Cap,Apr-2025
171875,5051.0,1,HDFC Bank Ltd.,Bank,Banking,Domestic Equities,12809.0,13065.0,-1.959433601224646,2.4912,2.515,-0.9463220675944316,5.31050419093258,1100,hdfc-bank,Large Cap,May-2025
171888,8748.0,1,ICICI Bank Ltd.,Bank,Banking,Domestic Equities,11885.0,12122.0,-1.9551229170103945,1.7183000000000002,1.7298,-0.6648167418198504,3.6629091808283,1100,icici-bank,Large Cap,May-2025
171531,4897.0,1,Reliance Industries Ltd.,Crude Oil,Crude Oil,Domestic Equities,11408.0,11636.0,-1.9594362323822618,1.621,1.6349,-0.8502049054988162,3.45549425718598,1100,reliance-industries,Large Cap,May-2025
171889,4926.0,1,Infosys Ltd.,IT,Information Technology,Domestic Equities,6061.0,6182.0,-1.9572953736654803,0.9472,0.9274,2.135001078283377,2.01915124022613,1100,infosys,Large Cap,May-2025
133593,6508.0,1,Bharti Airtel Ltd.,Telecom,Telecom,Domestic Equities,4517.0,4608.0,-1.9748263888888888,0.8384,0.8592,-2.420856610800743,1.78722170587583,1100,bharti-airtel,Large Cap,May-2025
152372,4964.0,1,Larsen & Toubro Ltd.,Infrastructure,Infrastructure,Domestic Equities,1976.0,2016.0,-1.984126984126984,0.7262000000000001,0.6735,7.824795842613231,1.54804437357709,1100,larsen-toubro,Large Cap,May-2025
152408,5535.0,1,ITC Ltd.,FMCG,Fast Moving Consumer Goods,Domestic Equities,15674.0,15988.0,-1.9639729797348011,0.6553,0.6808,-3.7455934195064584,1.39690646929918,1100,itc,Large Cap,May-2025
171915,6797.0,1,Tata Consultancy Services Ltd.,IT,Information Technology,Domestic Equities,1719.0,1753.0,-1.939532230462065,0.5954,0.6053999999999999,-1.6518004625041296,1.26921732308978,1100,tata-consultancy-services,Large Cap,May-2025
171400,5889.0,1,Axis Bank Ltd.,Bank,Banking,Domestic Equities,4811.0,4907.0,-1.9563888322804157,0.5736,0.5815,-1.3585554600171956,1.22274614800856,1100,axis-bank,Large Cap,May-2025
133350,8843.0,1,State Bank Of India,Bank,Banking,Domestic Equities,6469.0,6598.0,-1.9551379205819945,0.5255,0.5204,0.9800153727901576,1.12021112409083,1100,state-bank-of-india,Large Cap,May-2025
171492,5886.0,1,Kotak Mahindra Bank Ltd.,Bank,Banking,Domestic Equities,2475.0,2525.0,-1.9801980198019802,0.5135000000000001,0.5575,-7.892376681614348,1.09463066074337,1100,kotak-mahindra-bank,Large Cap,May-2025
171656,5311.0,1,Mahindra & Mahindra Ltd.,Automobile & Ancillaries,Automobile & Ancillaries,Domestic Equities,1492.0,1521.0,-1.9066403681788298,0.44409999999999994,0.44549999999999995,-0.3142536475869822,0.946690314383895,1100,mahindra-mahindra,Large Cap,May-2025
171484,6114.0,1,Bajaj Finance Ltd.,Finance,Finance,Domestic Equities,440.0,449.0,-2.0044543429844097,0.4039,0.38770000000000004,4.178488522053127,0.860995762169905,1100,bajaj-finance,Large Cap,May-2025
76200,82667.0,1,BSE Ltd.,Finance,Finance,Domestic Equities,1397.0,475.0,194.10526315789474,0.3736,0.30210000000000004,23.667659715326046,0.79640509221757,1100,bse,Mid Cap,May-2025
171717,5016.0,1,Hindustan Unilever Ltd.,FMCG,Fast Moving Consumer Goods,Domestic Equities,1494.0,1523.0,-1.9041365725541695,0.3508,0.3567,-1.654051023268863,0.747802211857397,1100,hindustan-unilever,Large Cap,May-2025
420,5071.0,1,Sun Pharmaceutical Industries Ltd.,Healthcare,Healthcare,Domestic Equities,1815.0,1851.0,-1.9448946515397085,0.3045,0.3392,-10.229952830188687,0.649104257441783,1100,sun-pharmaceutical-industries,Large Cap,May-2025
171528,8219.0,1,HCL Technologies Ltd.,IT,Information Technology,Domestic Equities,1786.0,1821.0,-1.9220208676551345,0.2923,0.2854,2.417659425367909,0.623097453038533,1100,hcl-technologies,Large Cap,May-2025
152473,5056.0,1,Suzlon Energy Ltd.,Capital Goods,Capital Goods,Domestic Equities,40744.0,41558.0,-1.9587083112758072,0.2912,0.23440000000000003,24.232081911262796,0.620752577231682,1100,suzlon-energy,Mid Cap,May-2025
77009,96064.0,1,Max Healthcare Institute Ltd.,Healthcare,Healthcare,Domestic Equities,2551.0,2602.0,-1.960030745580323,0.287,0.2858,0.41987403778866694,0.611799415060072,1100,max-healthcare-institute,Mid Cap,May-2025
156921,98676.0,1,Eternal Ltd.,Retailing,Information Technology,Domestic Equities,11698.0,11932.0,-1.961112973516594,0.2788,0.2774,0.5046863734679184,0.594319431772641,1100,eternal,Large Cap,May-2025
133625,7239.0,1,Maruti Suzuki India Ltd.,Automobile & Ancillaries,Automobile & Ancillaries,Domestic Equities,221.0,225.0,-1.7777777777777777,0.2722,0.2758,-1.305293691080491,0.580250176931538,1100,maruti-suzuki-india,Large Cap,May-2025
133664,7760.0,1,NTPC Ltd.,Power,Power,Domestic Equities,7984.0,8144.0,-1.9646365422396856,0.2666,0.2887,-7.655005195704886,0.56831262736939,1100,ntpc,Large Cap,May-2025
152378,5539.0,1,Tata Motors Ltd.,Automobile & Ancillaries,Automobile & Ancillaries,Domestic Equities,3514.0,3584.0,-1.953125,0.2528,0.2309,9.484625378951932,0.538895094519812,1100,tata-motors,Large Cap,May-2025
171461,6050.0,1,Titan Company Ltd.,Diamond  &  Jewellery,Diamond & Jewellery,Domestic Equities,694.0,708.0,-1.977401129943503,0.24670000000000003,0.23929999999999998,3.0923526953614795,0.525891692318187,1100,titan-company,Large Cap,May-2025
133309,5981.0,1,Bharat Electronics Ltd.,Capital Goods,Capital Goods,Domestic Equities,6030.0,6151.0,-1.9671598114127786,0.23190000000000002,0.1932,20.031055900621123,0.494342454189654,1100,bharat-electronics,Large Cap,May-2025
152362,5226.0,1,Tata Steel Ltd.,Iron & Steel,Iron & Steel,Domestic Equities,13924.0,14202.0,-1.9574707787635544,0.2242,0.1989,12.719959778783313,0.4779283235417,1100,tata-steel,Large Cap,May-2025
517,7825.0,1,Power Grid Corporation Of India Ltd.,Power,Power,Domestic Equities,7631.0,7784.0,-1.9655704008221995,0.2211,0.23929999999999998,-7.605516088591727,0.47132003717694,1100,power-grid-corporation-of-india,Large Cap,May-2025
133654,6850.0,1,Ultratech Cement Ltd.,Construction Materials,Construction Materials,Domestic Equities,195.0,199.0,-2.0100502512562812,0.2186,0.23170000000000002,-5.653862753560649,0.465990773979553,1100,ultratech-cement,Large Cap,May-2025
152686,7802.0,1,Multi Commodity Exchange Of India Ltd.,Finance,Finance,Domestic Equities,324.0,331.0,-2.1148036253776437,0.2139,0.2028,5.473372781065086,0.455971759168464,1100,multi-commodity-exchange-of-india,Small Cap,May-2025
152205,8185.0,1,Trent Ltd.,Retailing,Retailing,Domestic Equities,374.0,381.0,-1.837270341207349,0.21109999999999998,0.1971,7.10299340436326,0.450002984387391,1100,trent,Large Cap,May-2025
95548,5980.0,1,Persistent Systems Ltd.,IT,Information Technology,Domestic Equities,365.0,371.0,-1.6172506738544474,0.20579999999999998,0.1974,4.25531914893617,0.438704946408929,1100,persistent-systems,Mid Cap,May-2025
157113,99763.0,1,PB Fintech Ltd.,IT,Information Technology,Domestic Equities,1135.0,1159.0,-2.070750647109577,0.1999,0.1884,6.104033970276001,0.426127885263095,1100,pb-fintech,Mid Cap,May-2025
133657,7260.0,1,Coforge Ltd.,IT,Information Technology,Domestic Equities,228.0,233.0,-2.1459227467811157,0.195,0.1702,14.571092831962401,0.415682529396216,1100,coforge,Mid Cap,May-2025
57445,86554.0,1,Dixon Technologies (India) Ltd.,Consumer Durables,Consumer Durables,Domestic Equities,132.0,135.0,-2.2222222222222223,0.19390000000000002,0.22210000000000002,-12.69698334083746,0.413337653589365,1100,dixon-technologies-india,Mid Cap,May-2025
171708,8443.0,1,Bajaj Finserv Ltd.,Finance,Finance,Domestic Equities,916.0,933.0,-1.822079314040729,0.1848,0.1821,1.4827018121911013,0.393939135550875,1100,bajaj-finserv,Large Cap,May-2025
539,7794.0,1,Adani Ports and Special Economic Zone Ltd.,Logistics,Logistics,Domestic Equities,1242.0,1266.0,-1.8957345971563981,0.17800000000000002,0.154,15.584415584415586,0.379443539653982,1100,adani-ports-and-special-economic-zone,Large Cap,May-2025
96486,15829.0,1,Interglobe Aviation Ltd.,Aviation,Aviation,Domestic Equities,330.0,337.0,-2.0771513353115725,0.1759,0.1769,-0.5652911249293466,0.374966958568176,1100,interglobe-aviation,Large Cap,May-2025
38803,5403.0,1,Indus Towers Ltd.,Telecom,Telecom,Domestic Equities,4536.0,4628.0,-1.9878997407087293,0.1743,0.1889,-7.728957120169406,0.371556230121848,1100,indus-towers,Large Cap,May-2025
95265,83775.0,1,Central Depository Services (India) Ltd.,Business Services,Finance,Domestic Equities,1132.0,1154.0,-1.9064124783362217,0.1732,0.1523,13.722915298752461,0.369211354314998,1100,central-depository-services-india,Small Cap,May-2025
171658,4978.0,1,Asian Paints Ltd.,Chemicals,Chemicals,Domestic Equities,761.0,777.0,-2.0592020592020592,0.17190000000000003,0.1885,-8.806366047745358,0.366440137452356,1100,asian-paints,Large Cap,May-2025
171685,5596.0,1,The Federal Bank Ltd.,Bank,Banking,Domestic Equities,8416.0,8584.0,-1.95712954333644,0.17010000000000003,0.16879999999999998,0.770142180094802,0.362603067950238,1100,the-federal-bank,Mid Cap,May-2025
171369,7531.0,1,Tech Mahindra Ltd.,IT,Information Technology,Domestic Equities,1068.0,1088.0,-1.8382352941176472,0.1681,0.1635,2.813455657492338,0.358339657392328,1100,tech-mahindra,Large Cap,May-2025
114530,88033.0,1,HDFC Asset Management Company Ltd.,Finance,Finance,Domestic Equities,348.0,355.0,-1.971830985915493,0.1664,0.1553,7.147456535737291,0.354715758418104,1100,hdfc-asset-management-company,Mid Cap,May-2025
152245,5078.0,1,Grasim Industries Ltd.,Diversified,Construction Materials,Domestic Equities,646.0,659.0,-1.9726858877086493,0.16449999999999998,0.1804,-8.813747228381374,0.35066551838809,1100,grasim-industries,Large Cap,May-2025
152211,6247.0,1,Lupin Ltd.,Healthcare,Healthcare,Domestic Equities,829.0,846.0,-2.0094562647754137,0.1623,0.1773,-8.460236886632826,0.345975766774389,1100,lupin,Mid Cap,May-2025
707,8442.0,1,Bajaj Auto Ltd.,Automobile & Ancillaries,Automobile & Ancillaries,Domestic Equities,186.0,190.0,-2.1052631578947367,0.16010000000000002,0.15259999999999999,4.9148099606815325,0.341286015160688,1100,bajaj-auto,Large Cap,May-2025
133434,4968.0,1,JSW Steel Ltd.,Iron & Steel,Iron & Steel,Domestic Equities,1597.0,1630.0,-2.024539877300614,0.15869999999999998,0.1679,-5.47945205479452,0.338301627770151,1100,jsw-steel,Large Cap,May-2025
134703,87891.0,1,Hindustan Aeronautics Ltd.,Capital Goods,Capital Goods,Domestic Equities,319.0,326.0,-2.147239263803681,0.15869999999999998,0.1463,8.475734791524255,0.338301627770151,1100,hindustan-aeronautics,Large Cap,May-2025
2469,110949.0,1,JIO Financial Services Ltd.,Finance,Finance,Domestic Equities,5515.0,5625.0,-1.9555555555555555,0.15810000000000002,0.1465,7.918088737201366,0.337022604602778,1100,jio-financial-services,Large Cap,May-2025
152256,5774.0,1,Oil & Natural Gas Corporation Ltd.,Crude Oil,Crude Oil,Domestic Equities,6540.0,6671.0,-1.9637235796732124,0.1566,0.1631,-3.985285101164921,0.333825046684346,1100,oil-natural-gas-corporation,Large Cap,May-2025
152343,5043.0,1,Hindalco Industries Ltd.,Non - Ferrous Metals,Non - Ferrous Metals,Domestic Equities,2437.0,2486.0,-1.9710378117457763,0.15439999999999998,0.1553,-0.5795235028976167,0.329135295070645,1100,hindalco-industries,Large Cap,May-2025
115643,7007.0,1,Coal India Ltd.,Mining,Mining,Domestic Equities,3824.0,3901.0,-1.9738528582414765,0.1519,0.1503,1.0645375914837003,0.323806031873257,1100,coal-india,Large Cap,May-2025
139924,82380.0,1,Laurus Labs Ltd.,Healthcare,Healthcare,Domestic Equities,2488.0,2538.0,-1.9700551615445234,0.1517,0.1533,-1.0437051532941954,0.323379690817466,1100,laurus-labs,Small Cap,May-2025
171877,6125.0,1,Cummins India Ltd.,Automobile & Ancillaries,Automobile & Ancillaries,Domestic Equities,464.0,472.0,-1.694915254237288,0.1516,0.1367,10.899780541331385,0.323166520289571,1100,cummins-india,Large Cap,May-2025
56728,7719.0,1,Shriram Finance Ltd.,Finance,Finance,Domestic Equities,2356.0,2403.0,-1.9558884727424053,0.1506,0.147,2.4489795918367427,0.321034815010616,1100,shriram-finance,Large Cap,May-2025
7737,15826.0,1,IDFC First Bank Ltd.,Bank,Banking,Domestic Equities,21282.0,21707.0,-1.9578937669876075,0.1447,0.1409,2.6969481902058257,0.308457753864782,1100,idfc-first-bank,Mid Cap,May-2025
152400,5891.0,1,Nestle India Ltd.,FMCG,Fast Moving Consumer Goods,Domestic Equities,603.0,616.0,-2.1103896103896105,0.1445,0.1471,-1.7675050985724103,0.308031412808991,1100,nestle-india,Large Cap,May-2025
26837,16127.0,1,Crompton Greaves Consumer Electricals Ltd.,Consumer Durables,Consumer Durables,Domestic Equities,4086.0,4168.0,-1.9673704414587334,0.1442,0.1406,2.560455192034135,0.307391901225304,1100,crompton-greaves-consumer-electricals,Small Cap,May-2025
165,7447.0,1,SRF Ltd.,Chemicals,Chemicals,Domestic Equities,498.0,508.0,-1.968503937007874,0.1425,0.15289999999999998,-6.801831262262911,0.303768002251081,1100,srf,Mid Cap,May-2025
171462,6372.0,1,Divi's Laboratories Ltd.,Healthcare,Healthcare,Domestic Equities,213.0,218.0,-2.293577981651376,0.1408,0.13269999999999998,6.103993971363983,0.300144103276857,1100,divi's-laboratories,Large Cap,May-2025
58168,86912.0,1,HDFC Life Insurance Company Ltd.,Insurance,Finance,Domestic Equities,1802.0,1838.0,-1.958650707290533,0.14,0.1367,2.4140453547915146,0.298438739053693,1100,hdfc-life-insurance-company,Large Cap,May-2025
152455,7030.0,1,Yes Bank Ltd.,Bank,Banking,Domestic Equities,64720.0,66014.0,-1.9601902626715546,0.139,0.11699999999999999,18.803418803418815,0.296307033774738,1100,yes-bank,Mid Cap,May-2025
133330,5128.0,1,Cipla Ltd.,Healthcare,Healthcare,Domestic Equities,947.0,966.0,-1.9668737060041408,0.1388,0.1497,-7.281229124916498,0.295880692718947,1100,cipla,Large Cap,May-2025
152907,86648.0,1,SBI Life Insurance Company Ltd.,Insurance,Finance,Domestic Equities,754.0,770.0,-2.0779220779220777,0.1366,0.136,0.44117647058823894,0.291190941105247,1100,sbi-life-insurance-company,Large Cap,May-2025
171365,5279.0,1,Hindustan Petroleum Corporation Ltd.,Crude Oil,Crude Oil,Domestic Equities,3297.0,3363.0,-1.9625334522747548,0.1355,0.1274,6.35792778649922,0.288846065298396,1100,hindustan-petroleum-corporation,Mid Cap,May-2025
171839,6306.0,1,Solar Industries India Ltd.,Chemicals,Chemicals,Domestic Equities,83.0,85.0,-2.3529411764705883,0.13369999999999999,0.11199999999999999,19.375,0.285008995796277,1100,solar-industries-india,Mid Cap,May-2025
141614,85778.0,1,AU Small Finance Bank Ltd.,Bank,Banking,Domestic Equities,1927.0,1966.0,-1.9837232960325535,0.1336,0.1334,0.14992503748125618,0.284795825268382,1100,au-small-finance-bank,Mid Cap,May-2025
152222,5634.0,1,Max Financial Services Ltd.,Finance,Finance,Domestic Equities,885.0,903.0,-1.9933554817275747,0.133,0.11779999999999999,12.903225806451626,0.283516802101009,1100,max-financial-services,Mid Cap,May-2025
171327,5699.0,1,Marico Ltd.,FMCG,Fast Moving Consumer Goods,Domestic Equities,1811.0,1847.0,-1.949106659447753,0.1297,0.13119999999999998,-1.1432926829268184,0.276482174680457,1100,marico,Mid Cap,May-2025
171585,5257.0,1,Dr. Reddy's Laboratories Ltd.,Healthcare,Healthcare,Domestic Equities,1025.0,1048.0,-2.1946564885496183,0.1282,0.1241,3.3037872683319915,0.273284616762025,1100,dr-reddy's-laboratories,Large Cap,May-2025
152636,5140.0,1,Fortis Healthcare Ltd.,Healthcare,Healthcare,Domestic Equities,1788.0,1825.0,-2.0273972602739727,0.1263,0.1251,0.9592326139088808,0.269234376732011,1100,fortis-healthcare,Mid Cap,May-2025
133623,8531.0,1,Radico Khaitan Ltd.,Alcohol,Alcohol,Domestic Equities,497.0,507.0,-1.9723865877712032,0.1259,0.1245,1.1244979919678761,0.268381694620429,1100,radico-khaitan,Small Cap,May-2025
152242,5741.0,1,Vedanta Ltd.,Non - Ferrous Metals,Non - Ferrous Metals,Domestic Equities,2857.0,2914.0,-1.956074124914207,0.1244,0.1222,1.8003273322422166,0.265184136701996,1100,vedanta,Large Cap,May-2025
171572,5156.0,1,Eicher Motors Ltd.,Automobile & Ancillaries,Automobile & Ancillaries,Domestic Equities,231.0,236.0,-2.11864406779661,0.1232,0.13140000000000002,-6.240487062404872,0.26262609036725,1100,eicher-motors,Large Cap,May-2025
152401,5684.0,1,Tata Consumer Products Ltd.,Agri,Agriculture,Domestic Equities,1096.0,1117.0,-1.8800358102059087,0.1213,0.13019999999999998,-6.835637480798762,0.258575850337236,1100,tata-consumer-products,Large Cap,May-2025
599,7495.0,1,Sundaram Finance Ltd.,Finance,Finance,Domestic Equities,236.0,241.0,-2.0746887966804977,0.12119999999999999,0.1267,-4.340962904498822,0.25836267980934,1100,sundaram-finance,Mid Cap,May-2025
57412,93539.0,1,Computer Age Management Services Ltd.,Business Services,Finance,Domestic Equities,304.0,311.0,-2.2508038585209005,0.1204,0.1215,-0.9053497942386931,0.256657315586176,1100,computer-age-management-services,Small Cap,May-2025
171511,5199.0,1,Wipro Ltd.,IT,Information Technology,Domestic Equities,4782.0,4879.0,-1.9881123180979707,0.11939999999999999,0.11779999999999999,1.3582342954159605,0.254525610307221,1100,wipro,Large Cap,May-2025
171404,5514.0,1,Cholamandalam Financial Holdings Ltd.,Finance,Finance,Domestic Equities,629.0,642.0,-2.0249221183800623,0.1174,0.1197,-1.9214703425229775,0.250262199749311,1100,cholamandalam-financial-holdings,Small Cap,May-2025
38020,6672.0,1,Apollo Hospitals Enterprise Ltd.,Healthcare,Healthcare,Domestic Equities,170.0,173.0,-1.7341040462427744,0.11699999999999999,0.1207,-3.0654515327257745,0.249409517637729,1100,apollo-hospitals-enterprise,Mid Cap,May-2025
46521,101004.0,1,Delhivery Ltd.,Logistics,Logistics,Domestic Equities,3262.0,3328.0,-1.9831730769230769,0.1168,0.1017,14.847590953785641,0.248983176581938,1100,delhivery,Small Cap,May-2025
171946,6864.0,1,Godrej Properties Ltd.,Realty,Realty,Domestic Equities,517.0,528.0,-2.083333333333333,0.11599999999999999,0.11410000000000001,1.665205959684483,0.247277812358775,1100,godrej-properties,Mid Cap,May-2025
171659,5756.0,1,Ashok Leyland Ltd.,Automobile & Ancillaries,Automobile & Ancillaries,Domestic Equities,4910.0,5008.0,-1.9568690095846646,0.1159,0.1128,2.7482269503546144,0.247064641830879,1100,ashok-leyland,Mid Cap,May-2025
133342,5963.0,1,Bharat Heavy Electricals Ltd.,Capital Goods,Capital Goods,Domestic Equities,4412.0,4500.0,-1.9555555555555555,0.11460000000000001,0.10210000000000001,12.242899118511263,0.244293424968238,1100,bharat-heavy-electricals,Mid Cap,May-2025
152406,5107.0,1,The Indian Hotels Company Ltd.,Hospitality,Hospitality,Domestic Equities,1478.0,1507.0,-1.9243530192435303,0.11380000000000001,0.11869999999999999,-4.128053917438908,0.242588060745074,1100,the-indian-hotels-company,Mid Cap,May-2025
152369,6790.0,1,Bharat Forge Ltd.,Automobile & Ancillaries,Automobile & Ancillaries,Domestic Equities,915.0,933.0,-1.929260450160772,0.11349999999999999,0.10300000000000001,10.194174757281543,0.241948549161387,1100,bharat-forge,Mid Cap,May-2025
171514,5399.0,1,Cholamandalam Investment and Finance Company Ltd.,Finance,Finance,Domestic Equities,708.0,723.0,-2.0746887966804977,0.1134,0.1079,5.097312326227995,0.241735378633492,1100,cholamandalam-investment-and-finance-company,Large Cap,May-2025
101370,86936.0,1,Tube Investments of India Ltd.,Automobile & Ancillaries,Automobile & Ancillaries,Domestic Equities,369.0,376.0,-1.8617021276595744,0.113,0.109,3.6697247706422047,0.24088269652191,1100,tube-investments-of-india,Mid Cap,May-2025
587,7648.0,1,APL Apollo Tubes Ltd.,Iron & Steel,Iron & Steel,Domestic Equities,621.0,634.0,-2.050473186119874,0.1125,0.1027,9.54235637779942,0.239816843882432,1100,apl-apollo-tubes,Mid Cap,May-2025
38741,90008.0,1,Angel One Ltd.,Finance,Finance,Domestic Equities,369.0,376.0,-1.8617021276595744,0.11199999999999999,0.08689999999999999,28.883774453394707,0.238750991242955,1100,angel-one,Small Cap,May-2025
171820,5969.0,1,Colgate-Palmolive (India) Ltd.,FMCG,Fast Moving Consumer Goods,Domestic Equities,452.0,461.0,-1.9522776572668112,0.111,0.1193,-6.957250628667226,0.236619285964,1100,colgate-palmolive-india,Mid Cap,May-2025
152316,5915.0,1,Tata Power Company Ltd.,Power,Power,Domestic Equities,2827.0,2884.0,-1.9764216366158116,0.111,0.1109,0.0901713255184832,0.236619285964,1100,tata-power-company,Large Cap,May-2025
543,5039.0,1,Karur Vysya Bank Ltd.,Bank,Banking,Domestic Equities,5000.0,5100.0,-1.9607843137254901,0.1108,0.11130000000000001,-0.4492362982929084,0.236192944908209,1100,karur-vysya-bank,Small Cap,May-2025
75697,6614.0,1,Adani Enterprises Ltd.,Trading,Trading,Domestic Equities,438.0,447.0,-2.013422818791946,0.1104,0.10289999999999999,7.288629737609329,0.235340262796627,1100,adani-enterprises,Large Cap,May-2025
171465,6543.0,1,Aurobindo Pharma Ltd.,Healthcare,Healthcare,Domestic Equities,960.0,979.0,-1.940755873340143,0.11019999999999999,0.12029999999999999,-8.395677472984204,0.234913921740836,1100,aurobindo-pharma,Mid Cap,May-2025
133507,6902.0,1,TVS Motor Company Ltd.,Automobile & Ancillaries,Automobile & Ancillaries,Domestic Equities,395.0,403.0,-1.9851116625310175,0.10980000000000001,0.10769999999999999,1.9498607242339914,0.234061239629254,1100,tvs-motor-company,Large Cap,May-2025
171628,5788.0,1,Britannia Industries Ltd.,FMCG,Fast Moving Consumer Goods,Domestic Equities,198.0,202.0,-1.9801980198019802,0.1091,0.1099,-0.72793448589627,0.232569045933985,1100,britannia-industries,Large Cap,May-2025
171635,7381.0,1,UPL Ltd.,Chemicals,Chemicals,Domestic Equities,1737.0,1771.0,-1.9198193111236588,0.1091,0.1186,-8.010118043844852,0.232569045933985,1100,upl,Mid Cap,May-2025
38605,83193.0,1,Varun Beverages Ltd.,FMCG,Fast Moving Consumer Goods,Domestic Equities,2258.0,2303.0,-1.9539730785931395,0.1075,0.12029999999999999,-10.640066500415623,0.229158317487657,1100,varun-beverages,Large Cap,May-2025
58504,98271.0,1,Krishna Institute of Medical Sciences Ltd,Healthcare,Healthcare,Domestic Equities,1561.0,1591.0,-1.8856065367693273,0.10679999999999999,0.1045,2.200956937799047,0.227666123792389,1100,krishna-institute-of-medical-sciences,Small Cap,May-2025
58272,82478.0,1,PNB Housing Finance Ltd.,Finance,Finance,Domestic Equities,1018.0,1039.0,-2.021174205967276,0.10640000000000001,0.105,1.3333333333333388,0.226813441680807,1100,pnb-housing-finance,Small Cap,May-2025
152118,7308.0,1,PI Industries Ltd.,Chemicals,Chemicals,Domestic Equities,278.0,283.0,-1.76678445229682,0.1063,0.10300000000000001,3.203883495145632,0.226600271152911,1100,pi-industries,Mid Cap,May-2025
152795,99590.0,1,One97 Communications Ltd.,IT,Information Technology,Domestic Equities,1168.0,1192.0,-2.013422818791946,0.10400000000000001,0.10310000000000001,0.8729388942773992,0.221697349011315,1100,one97-communications,Mid Cap,May-2025
152376,5012.0,1,Bharat Petroleum Corporation Ltd.,Crude Oil,Crude Oil,Domestic Equities,3263.0,3329.0,-1.9825773505557227,0.1039,0.1032,0.6782945736434136,0.22148417848342,1100,bharat-petroleum-corporation,Large Cap,May-2025
134131,90516.0,1,Polycab India Ltd.,Electricals,Electricals,Domestic Equities,173.0,176.0,-1.7045454545454544,0.1036,0.09720000000000001,6.584362139917682,0.220844666899733,1100,polycab-india,Large Cap,May-2025
152551,7908.0,1,GMR Airports Ltd.,Infrastructure,Aviation,Domestic Equities,12310.0,12556.0,-1.9592226823829244,0.1035,0.10949999999999999,-5.479452054794518,0.220631496371838,1100,gmr-airports,Mid Cap,May-2025
636,7344.0,1,Reliance Power Ltd.,Power,Power,Domestic Equities,17731.0,18086.0,-1.9628441888753734,0.10300000000000001,0.0723,42.46196403872752,0.21956564373236,1100,reliance-power,Small Cap,May-2025
153885,104233.0,1,Kaynes Technology India Ltd.,Electricals,Electricals,Domestic Equities,172.0,174.0,-1.1494252873563218,0.10289999999999999,0.1,2.8999999999999915,0.219352473204465,1100,kaynes-technology-india,Mid Cap,May-2025
19255,6350.0,1,Mphasis Ltd.,IT,Information Technology,Domestic Equities,390.0,398.0,-2.0100502512562812,0.0998,0.0983,1.5259409969481215,0.212744186839704,1100,mphasis,Mid Cap,May-2025
152604,5456.0,1,Power Finance Corporation Ltd.,Finance,Finance,Domestic Equities,2451.0,2500.0,-1.96,0.09949999999999999,0.10189999999999999,-2.3552502453385693,0.212104675256018,1100,power-finance-corporation,Large Cap,May-2025
171402,5320.0,1,Godrej Consumer Products Ltd.,FMCG,Fast Moving Consumer Goods,Domestic Equities,806.0,821.0,-1.8270401948842874,0.0993,0.1035,-4.057971014492753,0.211678334200227,1100,godrej-consumer-products,Large Cap,May-2025
171619,82976.0,1,Avenue Supermarts Ltd.,Retailing,Retailing,Domestic Equities,247.0,252.0,-1.984126984126984,0.0989,0.1058,-6.521739130434778,0.210825652088645,1100,avenue-supermarts,Large Cap,May-2025
152379,5838.0,1,Voltas Ltd.,Consumer Durables,Consumer Durables,Domestic Equities,781.0,797.0,-2.0075282308657463,0.0986,0.09849999999999999,0.10152284263959174,0.210186140504958,1100,voltas,Mid Cap,May-2025
122,5767.0,1,The Phoenix Mills Ltd.,Realty,Realty,Domestic Equities,640.0,653.0,-1.9908116385911179,0.0984,0.10869999999999999,-9.475620975160988,0.209759799449167,1100,the-phoenix-mills,Mid Cap,May-2025
152599,8349.0,1,Redington Ltd.,Trading,Trading,Domestic Equities,3781.0,3856.0,-1.9450207468879668,0.0978,0.0947,3.273495248152045,0.208480776281794,1100,redington,Small Cap,May-2025
171321,7864.0,1,Page Industries Ltd.,Textile,Textile,Domestic Equities,21.0,22.0,-4.545454545454546,0.0974,0.10039999999999999,-2.98804780876493,0.207628094170212,1100,page-industries,Mid Cap,May-2025
133608,7612.0,1,Union Bank Of India,Bank,Banking,Domestic Equities,6632.0,6764.0,-1.9515079834417506,0.0974,0.0851,14.453584018801417,0.207628094170212,1100,union-bank-of-india,Mid Cap,May-2025
171335,5389.0,1,Bajaj Holdings & Investment Ltd.,Finance,Finance,Domestic Equities,72.0,74.0,-2.7027027027027026,0.0966,0.0886,9.029345372460504,0.205922729947048,1100,bajaj-holdings-investment,Large Cap,May-2025
58595,86782.0,1,Indian Energy Exchange Ltd.,Power,Power,Domestic Equities,4819.0,4915.0,-1.953204476093591,0.0966,0.09359999999999999,3.2051282051282133,0.205922729947048,1100,indian-energy-exchange,Small Cap,May-2025
617,7969.0,1,Brigade Enterprises Ltd.,Realty,Realty,Domestic Equities,879.0,895.0,-1.7877094972067038,0.0962,0.09210000000000002,4.451682953311599,0.205070047835466,1100,brigade-enterprises,Small Cap,May-2025
1152,105806.0,1,Mankind Pharma Ltd.,Healthcare,Healthcare,Domestic Equities,387.0,395.0,-2.0253164556962027,0.0955,0.0974,-1.950718685831617,0.203577854140198,1100,mankind-pharma,Mid Cap,May-2025
151967,5716.0,1,GE Vernova T&D India Ltd.,Capital Goods,Capital Goods,Domestic Equities,425.0,434.0,-2.0737327188940093,0.0953,0.068,40.147058823529406,0.203151513084407,1100,ge-vernova-td-india,Mid Cap,May-2025
191600,99819.0,1,FSN E-Commerce Ventures Ltd.,Retailing,Information Technology,Domestic Equities,4678.0,4771.0,-1.9492768811569903,0.0951,0.09269999999999999,2.588996763754048,0.202725172028616,1100,fsn-e-commerce-ventures,Mid Cap,May-2025
153586,8183.0,1,NHPC Ltd.,Power,Power,Domestic Equities,10860.0,11078.0,-1.9678642354215563,0.0949,0.095,-0.1052631578947346,0.202298830972825,1100,nhpc,Mid Cap,May-2025
77639,92991.0,1,SBI Cards And Payment Services Ltd.,Finance,Finance,Domestic Equities,1028.0,1049.0,-2.001906577693041,0.0947,0.0916,3.384279475982538,0.201872489917034,1100,sbi-cards-and-payment-services,Mid Cap,May-2025
133627,5088.0,1,Navin Fluorine International Ltd.,Chemicals,Chemicals,Domestic Equities,222.0,226.0,-1.7699115044247788,0.0946,0.10220000000000001,-7.4363992172211315,0.201659319389139,1100,navin-fluorine-international,Small Cap,May-2025
171383,5551.0,1,Hero MotoCorp Ltd.,Automobile & Ancillaries,Automobile & Ancillaries,Domestic Equities,218.0,223.0,-2.242152466367713,0.09390000000000001,0.08539999999999999,9.953161592505873,0.20016712569387,1100,hero-motocorp,Large Cap,May-2025
152572,7512.0,1,Info Edge (India) Ltd.,IT,Information Technology,Domestic Equities,653.0,133.0,390.97744360902254,0.0932,0.094,-0.8510638297872347,0.198674931998602,1100,info-edge-india,Large Cap,May-2025
38931,15891.0,1,Alkem Laboratories Ltd.,Healthcare,Healthcare,Domestic Equities,182.0,186.0,-2.1505376344086025,0.0928,0.09519999999999999,-2.521008403361347,0.19782224988702,1100,alkem-laboratories,Mid Cap,May-2025
19182,5589.0,1,Coromandel International Ltd.,Chemicals,Chemicals,Domestic Equities,405.0,413.0,-1.937046004842615,0.09269999999999999,0.09140000000000001,1.4223194748358754,0.197609079359124,1100,coromandel-international,Mid Cap,May-2025
56674,5695.0,1,Supreme Industries Ltd.,Plastic Products,Plastic Products,Domestic Equities,221.0,226.0,-2.2123893805309733,0.0916,0.08,14.500000000000002,0.195264203552274,1100,supreme-industries,Mid Cap,May-2025
114442,5285.0,1,IndusInd Bank Ltd.,Bank,Banking,Domestic Equities,1108.0,1131.0,-2.033598585322723,0.09050000000000001,0.09480000000000001,-4.53586497890295,0.192919327745423,1100,indusind-bank,Mid Cap,May-2025
114451,6891.0,1,City Union Bank Ltd.,Bank,Banking,Domestic Equities,4584.0,4675.0,-1.946524064171123,0.0897,0.0825,8.727272727272736,0.191213963522259,1100,city-union-bank,Small Cap,May-2025
152574,8059.0,1,Torrent Power Ltd.,Power,Power,Domestic Equities,653.0,666.0,-1.951951951951952,0.0897,0.1025,-12.487804878048776,0.191213963522259,1100,torrent-power,Mid Cap,May-2025
57031,5903.0,1,Indian Oil Corporation Ltd.,Crude Oil,Crude Oil,Domestic Equities,6291.0,6416.0,-1.9482543640897756,0.08929999999999999,0.0885,0.9039548022598879,0.190361281410677,1100,indian-oil-corporation,Large Cap,May-2025
152397,5267.0,1,Tata Chemicals Ltd.,Chemicals,Chemicals,Domestic Equities,994.0,1015.0,-2.0689655172413794,0.0882,0.085,3.7647058823529442,0.188016405603827,1100,tata-chemicals,Small Cap,May-2025
171837,6012.0,1,DLF Ltd.,Realty,Realty,Domestic Equities,1080.0,1102.0,-1.9963702359346642,0.0862,0.07429999999999999,16.016150740242256,0.183752995045917,1100,dlf,Large Cap,May-2025
171741,5431.0,1,GAIL (India) Ltd.,Inds. Gases & Fuels,Industrials Gases & Fuels,Domestic Equities,4542.0,4632.0,-1.9430051813471503,0.0862,0.0876,-1.5981735159817416,0.183752995045917,1100,gail-india,Large Cap,May-2025
96004,7992.0,1,Jubilant FoodWorks Ltd.,FMCG,Fast Moving Consumer Goods,Domestic Equities,1306.0,1331.0,-1.8782870022539442,0.08560000000000001,0.09519999999999999,-10.084033613445369,0.182473971878544,1100,jubilant-foodworks,Mid Cap,May-2025
178941,94376.0,1,Cohance Lifesciences Ltd.,Healthcare,Healthcare,Domestic Equities,812.0,824.0,-1.4563106796116505,0.0851,0.09369999999999999,-9.178228388473848,0.181408119239066,1100,cohance-lifesciences,Small Cap,May-2025
153260,8051.0,1,Prestige Estates Projects Ltd.,Realty,Realty,Domestic Equities,579.0,589.0,-1.697792869269949,0.0849,0.081,4.814814814814822,0.180981778183275,1100,prestige-estates-projects,Mid Cap,May-2025
171943,4973.0,1,REC Ltd.,Finance,Finance,Domestic Equities,2103.0,2144.0,-1.912313432835821,0.08460000000000001,0.0901,-6.104328523862364,0.180342266599589,1100,rec,Large Cap,May-2025
96732,87407.0,1,Amber Enterprises India Ltd.,Consumer Durables,Consumer Durables,Domestic Equities,130.0,132.0,-1.5151515151515151,0.08439999999999999,0.08130000000000001,3.8130381303812877,0.179915925543798,1100,amber-enterprises-india,Small Cap,May-2025
19275,7232.0,1,NMDC Ltd.,Mining,Mining,Domestic Equities,11864.0,12101.0,-1.9585158251384183,0.08439999999999999,0.0784,7.653061224489792,0.179915925543798,1100,nmdc,Mid Cap,May-2025
171470,5477.0,1,Piramal Enterprises Ltd.,Finance,Finance,Domestic Equities,760.0,774.0,-1.8087855297157622,0.0842,0.07490000000000001,12.416555407209609,0.179489584488007,1100,piramal-enterprises,Small Cap,May-2025
26622,79332.0,1,Five-Star Business Finance Ltd.,Finance,Finance,Domestic Equities,1185.0,1208.0,-1.903973509933775,0.084,0.08529999999999999,-1.52403282532238,0.179063243432216,1100,five-star-business-finance,Small Cap,May-2025
1427,98308.0,1,Sona BLW Precision Forgings Ltd.,Automobile & Ancillaries,Automobile & Ancillaries,Domestic Equities,1540.0,1571.0,-1.9732654360280075,0.08380000000000001,0.0756,10.846560846560863,0.178636902376425,1100,sona-blw-precision-forgings,Mid Cap,May-2025
152238,8313.0,1,MRF Ltd.,Automobile & Ancillaries,Automobile & Ancillaries,Domestic Equities,6.0,7.0,-14.285714285714285,0.0833,0.0942,-11.57112526539278,0.177571049736948,1100,mrf,Mid Cap,May-2025
75798,7006.0,1,Manappuram Finance Ltd.,Finance,Finance,Domestic Equities,3490.0,3560.0,-1.9662921348314606,0.0833,0.08220000000000001,1.3381995133819882,0.177571049736948,1100,manappuram-finance,Small Cap,May-2025
77309,15532.0,1,Inox Wind Ltd.,Capital Goods,Capital Goods,Domestic Equities,4268.0,4354.0,-1.9751952227836471,0.0832,0.0736,13.043478260869565,0.177357879209052,1100,inox-wind,Small Cap,May-2025
177212,94646.0,1,Hitachi Energy India Ltd.,Capital Goods,Capital Goods,Domestic Equities,43.0,44.0,-2.272727272727273,0.083,0.0639,29.89045383411582,0.176931538153261,1100,hitachi-energy-india,Mid Cap,May-2025
171520,5812.0,1,Kalpataru Projects International Ltd.,Infrastructure,Infrastructure,Domestic Equities,722.0,737.0,-2.03527815468114,0.08220000000000001,0.0716,14.804469273743024,0.175226173930097,1100,kalpataru-projects-international,Small Cap,May-2025
77293,6578.0,1,Muthoot Finance Ltd.,Finance,Finance,Domestic Equities,368.0,375.0,-1.866666666666667,0.0815,0.0814,0.12285012285012023,0.173733980234829,1100,muthoot-finance,Mid Cap,May-2025
152719,5290.0,1,NBCC (India) Ltd.,Realty,Realty,Domestic Equities,6584.0,6716.0,-1.9654556283502083,0.0812,0.0639,27.0735524256651,0.173094468651142,1100,nbcc-india,Small Cap,May-2025
201928,105635.0,1,Piramal Pharma Ltd.,Healthcare,Healthcare,Domestic Equities,3922.0,4000.0,-1.95,0.0809,0.08439999999999999,-4.146919431279617,0.172454957067456,1100,piramal-pharma,Small Cap,May-2025
171387,6208.0,1,Pidilite Industries Ltd.,Chemicals,Chemicals,Domestic Equities,259.0,264.0,-1.893939393939394,0.0805,0.0801,0.4993757802746682,0.171602274955874,1100,pidilite-industries,Large Cap,May-2025
787,70906.0,1,RBL Bank Ltd.,Bank,Banking,Domestic Equities,3770.0,3846.0,-1.9760790431617263,0.0803,0.0771,4.150453955901419,0.171175933900083,1100,rbl-bank,Small Cap,May-2025
133275,8322.0,1,Amara Raja Energy & Mobility Ltd.,Automobile & Ancillaries,Automobile & Ancillaries,Domestic Equities,778.0,793.0,-1.8915510718789406,0.0802,0.0771,4.020752269779502,0.170962763372187,1100,amara-raja-energy-mobility,Small Cap,May-2025
20865,87606.0,1,Aster DM Healthcare Ltd.,Healthcare,Healthcare,Domestic Equities,1432.0,1461.0,-1.9849418206707734,0.0801,0.0738,8.536585365853657,0.170749592844292,1100,aster-dm-healthcare,Small Cap,May-2025
677,6026.0,1,Oil India Ltd.,Crude Oil,Crude Oil,Domestic Equities,1872.0,1910.0,-1.9895287958115182,0.0799,0.0785,1.783439490445867,0.170323251788501,1100,oil-india,Mid Cap,May-2025
198435,104143.0,1,KFin Technologies Ltd.,Business Services,Finance,Domestic Equities,735.0,750.0,-2.0,0.0793,0.0898,-11.692650334075731,0.169044228621128,1100,kfin-technologies,Small Cap,May-2025
133642,6320.0,1,Petronet LNG Ltd.,Inds. Gases & Fuels,Industrials Gases & Fuels,Domestic Equities,2572.0,2624.0,-1.9817073170731707,0.079,0.0823,-4.009720534629405,0.168404717037441,1100,petronet-lng,Mid Cap,May-2025
756,88308.0,1,Rail Vikas Nigam Ltd.,Infrastructure,Infrastructure,Domestic Equities,1948.0,1988.0,-2.0120724346076457,0.079,0.0695,13.66906474820144,0.168404717037441,1100,rail-vikas-nigam,Large Cap,May-2025
171336,8097.0,1,JK Cement Ltd.,Construction Materials,Construction Materials,Domestic Equities,143.0,146.0,-2.054794520547945,0.0786,0.0746,5.361930294906172,0.167552034925859,1100,jk-cement,Mid Cap,May-2025
153405,17058.0,1,LTIMindtree Ltd.,IT,Information Technology,Domestic Equities,155.0,158.0,-1.89873417721519,0.0786,0.0725,8.413793103448281,0.167552034925859,1100,ltimindtree,Large Cap,May-2025
114652,92620.0,1,Indian Railway Catering And Tourism Corporation Ltd.,Hospitality,Hospitality,Domestic Equities,1035.0,1056.0,-1.9886363636363635,0.0782,0.0794,-1.5113350125944598,0.166699352814277,1100,indian-railway-catering-and-tourism-corporation,Mid Cap,May-2025
171752,6261.0,1,The Ramco Cements Ltd.,Construction Materials,Construction Materials,Domestic Equities,800.0,816.0,-1.9607843137254901,0.0781,0.077,1.4285714285714213,0.166486182286382,1100,the-ramco-cements,Small Cap,May-2025
114405,5008.0,1,Bank Of Baroda,Bank,Banking,Domestic Equities,3118.0,3180.0,-1.949685534591195,0.07780000000000001,0.0795,-2.138364779874213,0.165846670702695,1100,bank-of-baroda,Large Cap,May-2025
114411,5677.0,1,Welspun Corp Ltd.,Iron & Steel,Iron & Steel,Domestic Equities,830.0,846.0,-1.8912529550827424,0.07769999999999999,0.0649,19.722650231124796,0.1656335001748,1100,welspun-corp,Small Cap,May-2025
133466,5090.0,1,Wockhardt Ltd.,Healthcare,Healthcare,Domestic Equities,525.0,534.0,-1.6853932584269662,0.07690000000000001,0.0692,11.12716763005781,0.163928135951636,1100,wockhardt,Small Cap,May-2025
19065,5958.0,1,Zee Entertainment Enterprises Ltd.,Media & Entertainment,Media & Entertainment,Domestic Equities,5869.0,5986.0,-1.9545606414968257,0.0765,0.0637,20.094191522762955,0.163075453840054,1100,zee-entertainment-enterprises,Small Cap,May-2025
37877,7189.0,1,JB Chemicals & Pharmaceuticals Ltd.,Healthcare,Healthcare,Domestic Equities,456.0,465.0,-1.935483870967742,0.0764,0.075,1.8666666666666623,0.162862283312158,1100,jb-chemicals-pharmaceuticals,Small Cap,May-2025
113892,8292.0,1,KEI Industries Ltd.,Electricals,Electricals,Domestic Equities,211.0,215.0,-1.8604651162790697,0.0762,0.0659,15.62974203338392,0.162435942256367,1100,kei-industries,Mid Cap,May-2025
113818,7906.0,1,Samvardhana Motherson International Ltd.,Automobile & Ancillaries,Automobile & Ancillaries,Domestic Equities,4964.0,5063.0,-1.955362433339917,0.076,0.0675,12.592592592592588,0.162009601200576,1100,samvardhana-motherson-international,Large Cap,May-2025
152323,7533.0,1,Tata Elxsi Ltd.,IT,Information Technology,Domestic Equities,118.0,121.0,-2.479338842975207,0.076,0.0698,8.882521489971335,0.162009601200576,1100,tata-elxsi,Mid Cap,May-2025
133583,8200.0,1,United Spirits Ltd.,Alcohol,Alcohol,Domestic Equities,497.0,507.0,-1.9723865877712032,0.0755,0.0793,-4.791929382093316,0.160943748561099,1100,united-spirits,Large Cap,May-2025
171636,86629.0,1,ICICI Lombard General Insurance Company Ltd.,Insurance,Finance,Domestic Equities,402.0,411.0,-2.18978102189781,0.0754,0.0771,-2.204928664072632,0.160730578033203,1100,icici-lombard-general-insurance-company,Mid Cap,May-2025
133463,8505.0,1,Glenmark Pharmaceuticals Ltd.,Healthcare,Healthcare,Domestic Equities,516.0,527.0,-2.0872865275142316,0.07519999999999999,0.0728,3.296703296703287,0.160304236977412,1100,glenmark-pharmaceuticals,Mid Cap,May-2025
96304,15914.0,1,Narayana Hrudayalaya Ltd.,Healthcare,Healthcare,Domestic Equities,431.0,440.0,-2.0454545454545454,0.07519999999999999,0.0775,-2.9677419354838768,0.160304236977412,1100,narayana-hrudayalaya,Small Cap,May-2025
123299,91366.0,1,KPIT Technologies Ltd.,IT,Information Technology,Domestic Equities,560.0,571.0,-1.926444833625219,0.07490000000000001,0.0716,4.6089385474860345,0.159664725393726,1100,kpit-technologies,Mid Cap,May-2025
152608,7159.0,1,Indian Bank,Bank,Banking,Domestic Equities,1213.0,1236.0,-1.8608414239482203,0.0748,0.0699,7.010014306151648,0.15945155486583,1100,indian-bank,Mid Cap,May-2025
133386,8742.0,1,Godfrey Phillips India Ltd.,FMCG,Fast Moving Consumer Goods,Domestic Equities,86.0,87.0,-1.1494252873563218,0.0748,0.0706,5.949008498583582,0.15945155486583,1100,godfrey-phillips-india,Small Cap,May-2025
171771,7580.0,1,Firstsource Solutions Ltd.,IT,Information Technology,Domestic Equities,2010.0,2051.0,-1.999024865919064,0.0747,0.0699,6.866952789699564,0.159238384337935,1100,firstsource-solutions,Small Cap,May-2025
75891,5355.0,1,Container Corporation Of India Ltd.,Logistics,Logistics,Domestic Equities,946.0,965.0,-1.9689119170984457,0.0742,0.065,14.153846153846153,0.158172531698457,1100,container-corporation-of-india,Mid Cap,May-2025
133334,5159.0,1,CG Power and Industrial Solutions Ltd.,Capital Goods,Capital Goods,Domestic Equities,1078.0,1100.0,-2.0,0.07400000000000001,0.0689,7.402031930333827,0.157746190642667,1100,cg-power-and-industrial-solutions,Large Cap,May-2025
171444,98250.0,1,Kalyan Jewellers India Ltd.,Diamond  &  Jewellery,Diamond & Jewellery,Domestic Equities,1318.0,1345.0,-2.0074349442379185,0.0739,0.0695,6.330935251798555,0.157533020114771,1100,kalyan-jewellers-india,Mid Cap,May-2025
171405,6966.0,1,Poonawalla Fincorp Ltd.,Finance,Finance,Domestic Equities,1831.0,1867.0,-1.92822710230316,0.0739,0.0701,5.420827389443651,0.157533020114771,1100,poonawalla-fincorp,Small Cap,May-2025
171802,6070.0,1,Elgi Equipments Ltd.,Capital Goods,Capital Goods,Domestic Equities,1373.0,1401.0,-1.9985724482512492,0.0735,0.062400000000000004,17.78846153846153,0.156680338003189,1100,elgi-equipments,Small Cap,May-2025
134830,88309.0,1,Mazagon Dock Shipbuilders Ltd.,Ship Building,Ship Building,Domestic Equities,210.0,213.0,-1.4084507042253522,0.073,0.06509999999999999,12.135176651305684,0.155614485363712,1100,mazagon-dock-shipbuilders,Mid Cap,May-2025
114433,5462.0,1,Cyient Ltd.,IT,Information Technology,Domestic Equities,537.0,547.0,-1.8281535648994516,0.0723,0.065,11.230769230769237,0.154122291668443,1100,cyient,Small Cap,May-2025
171359,5112.0,1,Aditya Birla Real Estate Ltd.,Diversified,Paper,Domestic Equities,332.0,339.0,-2.0648967551622417,0.0723,0.065,11.230769230769237,0.154122291668443,1100,aditya-birla-real-estate,Small Cap,May-2025
152318,6472.0,1,Sundram Fasteners Ltd.,Automobile & Ancillaries,Automobile & Ancillaries,Domestic Equities,703.0,717.0,-1.9525801952580195,0.0722,0.0658,9.726443768996955,0.153909121140548,1100,sundram-fasteners,Small Cap,May-2025
133287,5307.0,1,Atul Ltd.,Chemicals,Chemicals,Domestic Equities,101.0,103.0,-1.9417475728155338,0.0721,0.0695,3.7410071942446015,0.153695950612652,1100,atul,Small Cap,May-2025
38708,8062.0,1,Adani Power Ltd.,Power,Power,Domestic Equities,1325.0,1352.0,-1.9970414201183433,0.0721,0.0719,0.2781641168289231,0.153695950612652,1100,adani-power,Large Cap,May-2025
171646,5397.0,1,Carborundum Universal Ltd.,Abrasives,Abrasives,Domestic Equities,723.0,738.0,-2.0325203252032518,0.0717,0.0754,-4.907161803713529,0.15284326850107,1100,carborundum-universal,Small Cap,May-2025
133630,5815.0,1,Jindal Stainless Ltd.,Iron & Steel,Iron & Steel,Domestic Equities,1112.0,1135.0,-2.026431718061674,0.0717,0.0662,8.308157099697883,0.15284326850107,1100,jindal-stainless,Mid Cap,May-2025
133170,6243.0,1,Timken India Ltd.,Automobile & Ancillaries,Automobile & Ancillaries,Domestic Equities,228.0,231.0,-1.2987012987012987,0.0712,0.0567,25.573192239858912,0.151777415861593,1100,timken-india,Small Cap,May-2025
153691,5278.0,1,Oberoi Realty Ltd.,Realty,Realty,Domestic Equities,404.0,412.0,-1.9417475728155338,0.0706,0.0676,4.4378698224852045,0.15049839269422,1100,oberoi-realty,Mid Cap,May-2025
96614,6762.0,1,PG Electroplast Ltd.,Consumer Durables,Consumer Durables,Domestic Equities,911.0,930.0,-2.043010752688172,0.0703,0.0785,-10.445859872611457,0.149858881110533,1100,pg-electroplast,Small Cap,May-2025
133403,4970.0,1,Himadri Speciality Chemical Ltd.,Chemicals,Chemicals,Domestic Equities,1488.0,1518.0,-1.9762845849802373,0.0703,0.0664,5.873493975903623,0.149858881110533,1100,himadri-speciality-chemical,Small Cap,May-2025
171371,111171.0,1,Jyoti CNC Automation Ltd.,Capital Goods,Capital Goods,Domestic Equities,542.0,553.0,-1.9891500904159132,0.0702,0.059500000000000004,17.983193277310914,0.149645710582638,1100,jyoti-cnc-automation,Small Cap,May-2025
154545,89466.0,1,Affle 3i Ltd.,IT,Information Technology,Domestic Equities,401.0,410.0,-2.195121951219512,0.0696,0.0649,7.241910631741136,0.148366687415265,1100,affle-3i,Small Cap,May-2025
152503,5921.0,1,Gujarat State Petronet Ltd.,Gas Transmission,Gas Transmission,Domestic Equities,2118.0,2160.0,-1.9444444444444444,0.0696,0.0702,-0.8547008547008492,0.148366687415265,1100,gujarat-state-petronet,Small Cap,May-2025
152363,7424.0,1,SKF India Ltd.,Automobile & Ancillaries,Automobile & Ancillaries,Domestic Equities,147.0,150.0,-2.0,0.069,0.0583,18.35334476843911,0.147087664247892,1100,skf-india,Small Cap,May-2025
152513,6479.0,1,KEC International Ltd.,Infrastructure,Infrastructure,Domestic Equities,825.0,840.0,-1.7857142857142856,0.0687,0.058600000000000006,17.23549488054607,0.146448152664205,1100,kec-international,Small Cap,May-2025
171698,8307.0,1,Oracle Financial Services Software Ltd.,IT,Information Technology,Domestic Equities,81.0,82.0,-1.2195121951219512,0.06849999999999999,0.07150000000000001,-4.195804195804206,0.146021811608414,1100,oracle-financial-services-software,Mid Cap,May-2025
133317,6810.0,1,Blue Star Ltd.,Consumer Durables,Consumer Durables,Domestic Equities,445.0,454.0,-1.9823788546255507,0.0682,0.0775,-11.999999999999996,0.145382300024728,1100,blue-star,Mid Cap,May-2025
352,7184.0,1,Ipca Laboratories Ltd.,Healthcare,Healthcare,Domestic Equities,477.0,486.0,-1.8518518518518516,0.068,0.0681,-0.14684287812040803,0.144955958968937,1100,ipca-laboratories,Mid Cap,May-2025
79,7951.0,1,Balkrishna Industries Ltd.,Automobile & Ancillaries,Automobile & Ancillaries,Domestic Equities,274.0,280.0,-2.142857142857143,0.0677,0.07490000000000001,-9.612817089452612,0.14431644738525,1100,balkrishna-industries,Mid Cap,May-2025
95396,111416.0,1,Nuvama Wealth Management Ltd.,Finance,Finance,Domestic Equities,94.0,96.0,-2.083333333333333,0.0676,0.058499999999999996,15.555555555555559,0.144103276857355,1100,nuvama-wealth-management,Small Cap,May-2025
171509,5522.0,1,Tata Communications Ltd.,Telecom,Telecom,Domestic Equities,403.0,411.0,-1.9464720194647203,0.0676,0.0654,3.363914373088681,0.144103276857355,1100,tata-communications,Mid Cap,May-2025
101649,14929.0,1,Intellect Design Arena Ltd.,IT,Information Technology,Domestic Equities,576.0,588.0,-2.0408163265306123,0.0675,0.0464,45.47413793103449,0.143890106329459,1100,intellect-design-arena,Small Cap,May-2025
139601,89162.0,1,Aavas Financiers Ltd.,Finance,Finance,Domestic Equities,364.0,371.0,-1.8867924528301887,0.06709999999999999,0.0721,-6.934812760055478,0.143037424217877,1100,aavas-financiers,Small Cap,May-2025
134667,88599.0,1,Macrotech Developers Ltd.,Realty,Realty,Domestic Equities,470.0,480.0,-2.083333333333333,0.067,0.0638,5.015673981191227,0.142824253689982,1100,macrotech-developers,Large Cap,May-2025
152407,5597.0,1,Castrol India Ltd.,Automobile & Ancillaries,Automobile & Ancillaries,Domestic Equities,3077.0,3138.0,-1.9439133205863608,0.0665,0.062,7.258064516129036,0.141758401050504,1100,castrol-india,Small Cap,May-2025
171576,15890.0,1,Dr. Lal Pathlabs Ltd.,Healthcare,Healthcare,Domestic Equities,236.0,241.0,-2.0746887966804977,0.0658,0.0667,-1.349325337331332,0.140266207355236,1100,dr-lal-pathlabs,Small Cap,May-2025
152616,7532.0,1,Vodafone Idea Ltd.,Telecom,Telecom,Domestic Equities,94773.0,102503.0,-7.541242695335747,0.06559999999999999,0.073,-10.136986301369866,0.139839866299445,1100,vodafone-idea,Mid Cap,May-2025
133614,6833.0,1,Canara Bank,Bank,Banking,Domestic Equities,5676.0,5790.0,-1.9689119170984457,0.06509999999999999,0.0564,15.42553191489362,0.138774013659967,1100,canara-bank,Mid Cap,May-2025
152308,5173.0,1,Shree Cement Ltd.,Construction Materials,Construction Materials,Domestic Equities,22.0,22.0,0.0,0.06509999999999999,0.0654,-0.4587155963302791,0.138774013659967,1100,shree-cement,Mid Cap,May-2025
133327,6870.0,1,CESC Ltd.,Power,Power,Domestic Equities,4010.0,4090.0,-1.9559902200488997,0.06509999999999999,0.065,0.15384615384615058,0.138774013659967,1100,cesc,Small Cap,May-2025
97125,90518.0,1,Adani Total Gas Ltd.,Gas Transmission,Gas Transmission,Domestic Equities,952.0,971.0,-1.956745623069001,0.06509999999999999,0.0583,11.66380789022298,0.138774013659967,1100,adani-total-gas,Mid Cap,May-2025
171639,5614.0,1,Havells India Ltd.,Capital Goods,Capital Goods,Domestic Equities,424.0,433.0,-2.0785219399538106,0.0647,0.0693,-6.637806637806637,0.137921331548385,1100,havells-india,Large Cap,May-2025
152444,7037.0,1,IIFL Finance Ltd.,Finance,Finance,Domestic Equities,1473.0,1503.0,-1.996007984031936,0.0642,0.054000000000000006,18.88888888888888,0.136855478908908,1100,iifl-finance,Small Cap,May-2025
136865,15654.0,1,Authum Investment & Infrastructure Ltd.,Finance,Finance,Domestic Equities,270.0,275.0,-1.8181818181818181,0.0642,0.047400000000000005,35.44303797468354,0.136855478908908,1100,authum-investment-infrastructure,Small Cap,May-2025
133351,5368.0,1,Steel Authority Of India Ltd.,Iron & Steel,Iron & Steel,Domestic Equities,4962.0,5061.0,-1.956135151155898,0.0641,0.0575,11.47826086956522,0.136642308381012,1100,steel-authority-of-india,Mid Cap,May-2025
57781,87827.0,1,Bharat Dynamics Ltd.,Capital Goods,Capital Goods,Domestic Equities,316.0,322.0,-1.8633540372670807,0.0637,0.0493,29.208924949290072,0.135789626269431,1100,bharat-dynamics,Mid Cap,May-2025
171697,5757.0,1,Aegis Logistics Ltd.,Logistics,Logistics,Domestic Equities,799.0,815.0,-1.96319018404908,0.0637,0.064,-0.4687500000000039,0.135789626269431,1100,aegis-logistics,Small Cap,May-2025
152296,7356.0,1,Patanjali Foods Ltd.,FMCG,Fast Moving Consumer Goods,Domestic Equities,380.0,388.0,-2.0618556701030926,0.0635,0.07400000000000001,-14.189189189189197,0.135363285213639,1100,patanjali-foods,Mid Cap,May-2025
117072,93022.0,1,Home First Finance Company India Ltd.,Finance,Finance,Domestic Equities,497.0,590.0,-15.76271186440678,0.0634,0.0725,-12.551724137931036,0.135150114685744,1100,home-first-finance-company-india,Small Cap,May-2025
152383,6925.0,1,Deepak Fertilisers And Petrochemicals Corporation Ltd.,Chemicals,Chemicals,Domestic Equities,426.0,435.0,-2.0689655172413794,0.0632,0.0557,13.464991023339318,0.134723773629953,1100,deepak-fertilisers-and-petrochemicals-corporation,Small Cap,May-2025
171434,4916.0,1,Astral Ltd.,Plastic Products,Plastic Products,Domestic Equities,422.0,431.0,-2.088167053364269,0.0632,0.057999999999999996,8.965517241379318,0.134723773629953,1100,astral,Mid Cap,May-2025
371,7979.0,1,Neuland Laboratories Ltd.,Healthcare,Healthcare,Domestic Equities,54.0,55.0,-1.8181818181818181,0.0621,0.066,-5.909090909090905,0.132378897823103,1100,neuland-laboratories,Small Cap,May-2025
152334,5218.0,1,Ambuja Cements Ltd.,Construction Materials,Construction Materials,Domestic Equities,1121.0,1144.0,-2.0104895104895104,0.062,0.0617,0.4862236628849311,0.132165727295207,1100,ambuja-cements,Large Cap,May-2025
171535,5421.0,1,E.I.D. - Parry (India) Ltd.,Agri,Agriculture,Domestic Equities,651.0,664.0,-1.957831325301205,0.061900000000000004,0.054299999999999994,13.996316758747712,0.131952556767312,1100,eid-parry-india,Small Cap,May-2025
171668,8857.0,1,Zen Technologies Ltd.,Capital Goods,Capital Goods,Domestic Equities,289.0,295.0,-2.0338983050847457,0.061799999999999994,0.0418,47.84688995215311,0.131739386239416,1100,zen-technologies,Small Cap,May-2025
171840,6541.0,1,UNO Minda Ltd.,Automobile & Ancillaries,Automobile & Ancillaries,Domestic Equities,613.0,626.0,-2.07667731629393,0.0617,0.055999999999999994,10.178571428571434,0.131526215711521,1100,uno-minda,Mid Cap,May-2025
152207,5372.0,1,LIC Housing Finance Ltd.,Finance,Finance,Domestic Equities,1032.0,1053.0,-1.9943019943019942,0.0616,0.0633,-2.6856240126382294,0.131313045183625,1100,lic-housing-finance,Mid Cap,May-2025
133599,5561.0,1,Punjab National Bank,Bank,Banking,Domestic Equities,5805.0,5922.0,-1.9756838905775076,0.061399999999999996,0.0593,3.541315345699831,0.130886704127834,1100,punjab-national-bank,Large Cap,May-2025
20668,5513.0,1,Sammaan Capital Ltd.,Finance,Finance,Domestic Equities,4924.0,5023.0,-1.9709337049571969,0.0611,0.060599999999999994,0.8250825082508368,0.130247192544148,1100,sammaan-capital,Small Cap,May-2025
171810,7890.0,1,Aarti Industries Ltd.,Chemicals,Chemicals,Domestic Equities,1301.0,1328.0,-2.033132530120482,0.061,0.0559,9.12343470483005,0.130034022016252,1100,aarti-industries,Small Cap,May-2025
171687,7000.0,1,Zensar Technologies Ltd.,IT,Information Technology,Domestic Equities,729.0,744.0,-2.0161290322580645,0.060700000000000004,0.0535,13.457943925233657,0.129394510432566,1100,zensar-technologies,Small Cap,May-2025
171942,7813.0,1,Jindal Steel & Power Ltd.,Iron & Steel,Iron & Steel,Domestic Equities,639.0,651.0,-1.8433179723502304,0.060599999999999994,0.0583,3.9451114922812955,0.12918133990467,1100,jindal-steel-power,Mid Cap,May-2025
171886,6139.0,1,Exide Industries Ltd.,Automobile & Ancillaries,Automobile & Ancillaries,Domestic Equities,1562.0,1592.0,-1.8844221105527637,0.0604,0.055999999999999994,7.857142857142866,0.128754998848879,1100,exide-industries,Mid Cap,May-2025
152241,8254.0,1,NCC Ltd.,Infrastructure,Infrastructure,Domestic Equities,2604.0,2656.0,-1.957831325301205,0.0602,0.056299999999999996,6.927175843694489,0.128328657793088,1100,ncc,Small Cap,May-2025
152519,8782.0,1,Mahindra & Mahindra Financial Services Ltd.,Finance,Finance,Domestic Equities,2286.0,2072.0,10.328185328185329,0.059699999999999996,0.054299999999999994,9.94475138121547,0.127262805153611,1100,mahindra-mahindra-financial-services,Mid Cap,May-2025
19510,6302.0,1,ZF Commercial Vehicle Control Systems India Ltd.,Automobile & Ancillaries,Automobile & Ancillaries,Domestic Equities,44.0,45.0,-2.2222222222222223,0.0588,0.0564,4.255319148936175,0.125344270402551,1100,zf-commercial-vehicle-control-systems-india,Small Cap,May-2025
152380,4958.0,1,The Great Eastern Shipping Company Ltd.,Logistics,Logistics,Domestic Equities,630.0,643.0,-2.021772939346812,0.058600000000000006,0.0559,4.830053667262978,0.12491792934676,1100,the-great-eastern-shipping-company,Small Cap,May-2025
75659,6055.0,1,Lloyds Metals & Energy Ltd.,Iron & Steel,Iron & Steel,Domestic Equities,417.0,425.0,-1.8823529411764703,0.0581,0.051100000000000007,13.698630136986287,0.123852076707283,1100,lloyds-metals-energy,Mid Cap,May-2025
98869,15650.0,1,PTC Industries Ltd.,Automobile & Ancillaries,Automobile & Ancillaries,Domestic Equities,38.0,39.0,-2.564102564102564,0.0581,0.0499,16.43286573146291,0.123852076707283,1100,ptc-industries,Small Cap,May-2025
19098,6973.0,1,Schaeffler India Ltd.,Automobile & Ancillaries,Automobile & Ancillaries,Domestic Equities,138.0,140.0,-1.4285714285714286,0.057800000000000004,0.048600000000000004,18.93004115226337,0.123212565123596,1100,schaeffler-india,Mid Cap,May-2025
133407,5997.0,1,Hindustan Zinc Ltd.,Non - Ferrous Metals,Non - Ferrous Metals,Domestic Equities,1258.0,1284.0,-2.0249221183800623,0.0576,0.0564,2.1276595744680873,0.122786224067805,1100,hindustan-zinc,Large Cap,May-2025
38130,7638.0,1,Jubilant Pharmova Ltd.,Healthcare,Healthcare,Domestic Equities,482.0,492.0,-2.0325203252032518,0.056600000000000004,0.044199999999999996,28.054298642533944,0.12065451878885,1100,jubilant-pharmova,Small Cap,May-2025
134823,84770.0,1,Cochin Shipyard Ltd.,Ship Building,Ship Building,Domestic Equities,290.0,296.0,-2.027027027027027,0.0565,0.0471,19.957537154989392,0.120441348260955,1100,cochin-shipyard,Mid Cap,May-2025
95495,88229.0,1,Garden Reach Shipbuilders & Engineers Ltd.,Ship Building,Ship Building,Domestic Equities,186.0,190.0,-2.1052631578947367,0.0559,0.0364,53.571428571428555,0.119162325093582,1100,garden-reach-shipbuilders-engineers,Small Cap,May-2025
152331,7581.0,1,Torrent Pharmaceuticals Ltd.,Healthcare,Healthcare,Domestic Equities,176.0,179.0,-1.675977653631285,0.0559,0.059500000000000004,-6.050420168067232,0.119162325093582,1100,torrent-pharmaceuticals,Large Cap,May-2025
171433,6783.0,1,Berger Paints India Ltd.,Chemicals,Chemicals,Domestic Equities,977.0,997.0,-2.0060180541624875,0.0555,0.054299999999999994,2.2099447513812174,0.118309642982,1100,berger-paints-india,Mid Cap,May-2025
133439,5473.0,1,National Aluminium Company Ltd.,Non - Ferrous Metals,Non - Ferrous Metals,Domestic Equities,3078.0,3139.0,-1.9432940426887546,0.0555,0.049100000000000005,13.0346232179226,0.118309642982,1100,national-aluminium-company,Mid Cap,May-2025
47051,90577.0,1,Dalmia Bharat Ltd.,Construction Materials,Construction Materials,Domestic Equities,273.0,277.0,-1.444043321299639,0.055,0.0538,2.2304832713754665,0.117243790342522,1100,dalmia-bharat,Mid Cap,May-2025
152190,5796.0,1,Kajaria Ceramics Ltd.,Construction Materials,Construction Materials,Domestic Equities,528.0,539.0,-2.0408163265306123,0.054900000000000004,0.0434,26.49769585253457,0.117030619814627,1100,kajaria-ceramics,Small Cap,May-2025
135555,92715.0,1,360 One Wam Ltd.,Finance,Finance,Domestic Equities,550.0,561.0,-1.9607843137254901,0.054900000000000004,0.0553,-0.7233273056057872,0.117030619814627,1100,360-one-wam,Mid Cap,May-2025
95205,5743.0,1,Poly Medicure Ltd.,Healthcare,Healthcare,Domestic Equities,242.0,247.0,-2.0242914979757085,0.0547,0.0636,-13.993710691823907,0.116604278758836,1100,poly-medicure,Small Cap,May-2025
79346,86555.0,1,Aditya Birla Capital Ltd.,Finance,Finance,Domestic Equities,2447.0,2496.0,-1.9631410256410255,0.054400000000000004,0.049,11.020408163265307,0.115964767175149,1100,aditya-birla-capital,Mid Cap,May-2025
96608,84153.0,1,Eris Lifesciences Ltd.,Healthcare,Healthcare,Domestic Equities,343.0,350.0,-2.0,0.054299999999999994,0.0501,8.383233532934131,0.115751596647254,1100,eris-lifesciences,Small Cap,May-2025
152079,6815.0,1,Linde India Ltd.,Inds. Gases & Fuels,Industrials Gases & Fuels,Domestic Equities,72.0,73.0,-1.36986301369863,0.054000000000000006,0.0463,16.630669546436295,0.115112085063567,1100,linde-india,Mid Cap,May-2025
152391,5643.0,1,Pfizer Ltd.,Healthcare,Healthcare,Domestic Equities,96.0,98.0,-2.0408163265306123,0.053899999999999997,0.0421,28.02850356294536,0.114898914535672,1100,pfizer,Small Cap,May-2025
115768,100528.0,1,Data Patterns (India) Ltd.,Capital Goods,Capital Goods,Domestic Equities,188.0,192.0,-2.083333333333333,0.0535,0.04769999999999999,12.15932914046122,0.11404623242409,1100,data-patterns-india,Small Cap,May-2025
133328,5242.0,1,Chambal Fertilisers and Chemicals Ltd.,Chemicals,Chemicals,Domestic Equities,969.0,987.0,-1.82370820668693,0.053399999999999996,0.0684,-21.92982456140351,0.113833061896194,1100,chambal-fertilisers-and-chemicals,Small Cap,May-2025
152449,8099.0,1,JSW Holdings Ltd.,Finance,Finance,Domestic Equities,23.0,24.0,-4.166666666666666,0.053,0.0559,-5.187835420393561,0.112980379784613,1100,jsw-holdings,Small Cap,May-2025
139932,15713.0,1,Adani Energy Solutions Ltd.,Power,Power,Domestic Equities,609.0,620.0,-1.7741935483870968,0.0528,0.0558,-5.376344086021502,0.112554038728822,1100,adani-energy-solutions,Large Cap,May-2025
133272,5382.0,1,ABB India Ltd.,Capital Goods,Capital Goods,Domestic Equities,88.0,90.0,-2.2222222222222223,0.0525,0.049699999999999994,5.633802816901413,0.111914527145135,1100,abb-india,Large Cap,May-2025
94718,6682.0,1,Asahi India Glass Ltd.,Construction Materials,Construction Materials,Domestic Equities,700.0,714.0,-1.9607843137254901,0.0524,0.0524,0.0,0.11170135661724,1100,asahi-india-glass,Small Cap,May-2025
84351,88646.0,1,Adani Green Energy Ltd.,Power,Power,Domestic Equities,516.0,526.0,-1.9011406844106464,0.052300000000000006,0.047400000000000005,10.337552742616039,0.111488186089344,1100,adani-green-energy,Large Cap,May-2025
171565,6678.0,1,Apollo Tyres Ltd.,Automobile & Ancillaries,Automobile & Ancillaries,Domestic Equities,1107.0,1128.0,-1.8617021276595744,0.0521,0.053200000000000004,-2.0676691729323364,0.111061845033553,1100,apollo-tyres,Small Cap,May-2025
133643,6434.0,1,Biocon Ltd.,Healthcare,Healthcare,Domestic Equities,1545.0,1577.0,-2.029169308814204,0.0519,0.0507,2.3668639053254457,0.110635503977762,1100,biocon,Mid Cap,May-2025
152367,6359.0,1,Abbott India Ltd.,Healthcare,Healthcare,Domestic Equities,17.0,18.0,-5.555555555555555,0.0518,0.054000000000000006,-4.074074074074085,0.110422333449867,1100,abbott-india,Mid Cap,May-2025
171807,7041.0,1,Hindustan Copper Ltd.,Non - Ferrous Metals,Non - Ferrous Metals,Domestic Equities,2086.0,2128.0,-1.9736842105263157,0.0516,0.0454,13.656387665198242,0.109995992394076,1100,hindustan-copper,Small Cap,May-2025
133402,7102.0,1,HFCL Ltd.,Telecom,Telecom,Domestic Equities,5881.0,5999.0,-1.9669944990831805,0.051500000000000004,0.047599999999999996,8.193277310924381,0.10978282186618,1100,hfcl,Small Cap,May-2025
171884,5613.0,1,Bata India Ltd.,FMCG,Retailing,Domestic Equities,406.0,414.0,-1.932367149758454,0.0513,0.05,2.599999999999998,0.109356480810389,1100,bata-india,Small Cap,May-2025
133308,5965.0,1,BEML Ltd.,Capital Goods,Capital Goods,Domestic Equities,121.0,124.0,-2.4193548387096775,0.0512,0.0392,30.61224489795919,0.109143310282494,1100,beml,Small Cap,May-2025
114414,5238.0,1,Bank Of India,Bank,Banking,Domestic Equities,4171.0,4254.0,-1.9511048425011754,0.0509,0.049,3.877551020408153,0.108503798698807,1100,bank-of-india,Mid Cap,May-2025
133437,6005.0,1,Sonata Software Ltd.,IT,Information Technology,Domestic Equities,1238.0,1262.0,-1.9017432646592711,0.0506,0.053200000000000004,-4.887218045112794,0.107864287115121,1100,sonata-software,Small Cap,May-2025
171765,6852.0,1,Ceat Ltd.,Automobile & Ancillaries,Automobile & Ancillaries,Domestic Equities,133.0,136.0,-2.2058823529411766,0.050300000000000004,0.0453,11.037527593818984,0.107224775531434,1100,ceat,Small Cap,May-2025
453,8676.0,1,Natco Pharma Ltd.,Healthcare,Healthcare,Domestic Equities,569.0,580.0,-1.896551724137931,0.050300000000000004,0.049400000000000006,1.8218623481781346,0.107224775531434,1100,natco-pharma,Small Cap,May-2025
134343,87380.0,1,Newgen Software Technologies Ltd.,IT,Information Technology,Domestic Equities,402.0,410.0,-1.951219512195122,0.049699999999999994,0.0404,23.01980198019801,0.105945752364061,1100,newgen-software-technologies,Small Cap,May-2025
133635,5732.0,1,Indraprastha Gas Ltd.,Gas Transmission,Gas Transmission,Domestic Equities,2407.0,2455.0,-1.9551934826883912,0.049699999999999994,0.0473,5.073995771670176,0.105945752364061,1100,indraprastha-gas,Mid Cap,May-2025
173672,92657.0,1,Gujarat Fluorochemicals Ltd.,Chemicals,Chemicals,Domestic Equities,140.0,143.0,-2.097902097902098,0.049699999999999994,0.0557,-10.771992818671464,0.105945752364061,1100,gujarat-fluorochemicals,Mid Cap,May-2025
9438,105416.0,1,Go Digit General Insurance Ltd.,Insurance,Finance,Domestic Equities,1423.0,1451.0,-1.9297036526533424,0.049100000000000005,0.0414,18.599033816425134,0.104666729196688,1100,go-digit-general-insurance,Small Cap,May-2025
133613,5313.0,1,Granules India Ltd.,Healthcare,Healthcare,Domestic Equities,921.0,940.0,-2.021276595744681,0.0489,0.042800000000000005,14.252336448598117,0.104240388140897,1100,granules-india,Small Cap,May-2025
171333,7587.0,1,United Breweries Ltd.,Alcohol,Alcohol,Domestic Equities,247.0,252.0,-1.984126984126984,0.048799999999999996,0.054400000000000004,-10.294117647058831,0.104027217613002,1100,united-breweries,Mid Cap,May-2025
152194,7698.0,1,Whirlpool Of India Ltd.,Consumer Durables,Consumer Durables,Domestic Equities,393.0,400.0,-1.7500000000000002,0.048600000000000004,0.0504,-3.571428571428566,0.103600876557211,1100,whirlpool-of-india,Small Cap,May-2025
94723,5905.0,1,Anant Raj Ltd.,Realty,Realty,Domestic Equities,865.0,881.0,-1.8161180476730987,0.048499999999999995,0.0398,21.859296482412052,0.103387706029315,1100,anant-raj,Small Cap,May-2025
83342,79963.0,1,Bandhan Bank Ltd.,Bank,Banking,Domestic Equities,2851.0,2908.0,-1.9601100412654746,0.048499999999999995,0.0482,0.6224066390041361,0.103387706029315,1100,bandhan-bank,Small Cap,May-2025
152377,4902.0,1,Siemens Ltd.,Capital Goods,Capital Goods,Domestic Equities,148.0,151.0,-1.9867549668874174,0.0483,0.0438,10.27397260273973,0.102961364973524,1100,siemens,Large Cap,May-2025
614,7779.0,1,eClerx Services Ltd.,IT,Information Technology,Domestic Equities,136.0,138.0,-1.4492753623188406,0.0482,0.0347,38.90489913544668,0.102748194445629,1100,eclerx-services,Small Cap,May-2025
37962,6229.0,1,Gillette India Ltd.,FMCG,Fast Moving Consumer Goods,Domestic Equities,51.0,52.0,-1.9230769230769231,0.0481,0.0418,15.071770334928228,0.102535023917733,1100,gillette-india,Small Cap,May-2025
133850,17036.0,1,Mahanagar Gas Ltd.,Gas Transmission,Gas Transmission,Domestic Equities,362.0,369.0,-1.8970189701897018,0.048,0.049699999999999994,-3.420523138832997,0.102321853389838,1100,mahanagar-gas,Small Cap,May-2025
171799,4956.0,1,Dabur India Ltd.,FMCG,Fast Moving Consumer Goods,Domestic Equities,993.0,1013.0,-1.9743336623889436,0.048,0.049400000000000006,-2.834008097166003,0.102321853389838,1100,dabur-india,Large Cap,May-2025
134937,5507.0,1,Kirloskar Oil Engines Ltd.,Capital Goods,Capital Goods,Domestic Equities,528.0,539.0,-2.0408163265306123,0.0478,0.04019999999999999,18.90547263681594,0.101895512334047,1100,kirloskar-oil-engines,Small Cap,May-2025
191898,99941.0,1,Sapphire Foods India Ltd.,FMCG,Fast Moving Consumer Goods,Domestic Equities,1501.0,1532.0,-2.0234986945169715,0.04769999999999999,0.048499999999999995,-1.6494845360824757,0.101682341806151,1100,sapphire-foods-india,Small Cap,May-2025
19183,6082.0,1,Deepak Nitrite Ltd.,Chemicals,Chemicals,Domestic Equities,235.0,240.0,-2.083333333333333,0.047599999999999996,0.04650000000000001,2.36559139784945,0.101469171278256,1100,deepak-nitrite,Mid Cap,May-2025
76174,111823.0,1,Bharti Hexacom Ltd.,Telecom,Telecom,Domestic Equities,258.0,263.0,-1.9011406844106464,0.0472,0.0444,6.306306306306292,0.100616489166674,1100,bharti-hexacom,Mid Cap,May-2025
1704,6920.0,1,L&T Finance Ltd.,Finance,Finance,Domestic Equities,2754.0,2809.0,-1.957992168031328,0.0472,0.0461,2.3861171366594234,0.100616489166674,1100,lt-finance,Mid Cap,May-2025
152438,6334.0,1,Jaiprakash Power Ventures Ltd.,Power,Power,Domestic Equities,30328.0,30934.0,-1.959009504105515,0.0471,0.045,4.666666666666666,0.100403318638778,1100,jaiprakash-power-ventures,Small Cap,May-2025
133374,5879.0,1,Finolex Cables Ltd.,Electricals,Electricals,Domestic Equities,481.0,491.0,-2.0366598778004072,0.046799999999999994,0.0425,10.117647058823524,0.0997638070550918,1100,finolex-cables,Small Cap,May-2025
152386,5556.0,1,Glaxosmithkline Pharmaceuticals Ltd.,Healthcare,Healthcare,Domestic Equities,142.0,143.0,-0.6993006993006993,0.046799999999999994,0.0424,10.377358490566026,0.0997638070550918,1100,glaxosmithkline-pharmaceuticals,Mid Cap,May-2025
152405,5856.0,1,EIH Ltd.,Hospitality,Hospitality,Domestic Equities,1260.0,1286.0,-2.021772939346812,0.0466,0.047599999999999996,-2.1008403361344463,0.0993374659993008,1100,eih,Small Cap,May-2025
152486,5772.0,1,AIA Engineering Ltd.,Automobile & Ancillaries,Automobile & Ancillaries,Domestic Equities,133.0,134.0,-0.7462686567164178,0.04650000000000001,0.042800000000000005,8.644859813084114,0.0991242954714053,1100,aia-engineering,Mid Cap,May-2025
133445,6416.0,1,Apar Industries Ltd.,Capital Goods,Capital Goods,Domestic Equities,57.0,59.0,-3.389830508474576,0.0462,0.0331,39.57703927492447,0.0984847838877188,1100,apar-industries,Mid Cap,May-2025
75715,7731.0,1,Nava Ltd.,Power,Power,Domestic Equities,934.0,953.0,-1.993704092339979,0.046,0.0434,5.990783410138245,0.0980584428319278,1100,nava,Small Cap,May-2025
19174,6780.0,1,Bayer CropScience Ltd.,Chemicals,Chemicals,Domestic Equities,81.0,82.0,-1.2195121951219512,0.046,0.0385,19.48051948051947,0.0980584428319278,1100,bayer-cropscience,Small Cap,May-2025
695,7346.0,1,Titagarh Rail Systems Ltd.,Automobile & Ancillaries,Automobile & Ancillaries,Domestic Equities,509.0,518.0,-1.7374517374517375,0.0454,0.0387,17.312661498708007,0.0967794196645549,1100,titagarh-rail-systems,Small Cap,May-2025
171385,89248.0,1,Indiamart Intermesh Ltd.,Retailing,Information Technology,Domestic Equities,194.0,196.0,-1.0204081632653061,0.0453,0.0452,0.22123893805311232,0.0965662491366594,1100,indiamart-intermesh,Small Cap,May-2025
20766,6076.0,1,Techno Electric & Engineering Company Ltd.,Infrastructure,Infrastructure,Domestic Equities,318.0,325.0,-2.1538461538461537,0.044800000000000006,0.0346,29.47976878612718,0.0955003964971819,1100,techno-electric-engineering-company,Small Cap,May-2025
152325,5528.0,1,Thermax Ltd.,Capital Goods,Capital Goods,Domestic Equities,132.0,135.0,-2.2222222222222223,0.0447,0.0444,0.6756756756756612,0.0952872259692864,1100,thermax,Mid Cap,May-2025
152491,5679.0,1,PVR Inox Ltd.,Media & Entertainment,Media & Entertainment,Domestic Equities,453.0,463.0,-2.159827213822894,0.0446,0.0436,2.293577981651368,0.0950740554413909,1100,pvr-inox,Small Cap,May-2025
118743,98929.0,1,Aptus Value Housing Finance India Ltd.,Finance,Finance,Domestic Equities,1310.0,1337.0,-2.019446522064323,0.0446,0.0426,4.694835680751178,0.0950740554413909,1100,aptus-value-housing-finance-india,Small Cap,May-2025
797,86851.0,1,Nippon Life India Asset Management Ltd.,Finance,Finance,Domestic Equities,600.0,612.0,-1.9607843137254901,0.044500000000000005,0.0391,13.810741687979542,0.0948608849134954,1100,nippon-life-india-asset-management,Mid Cap,May-2025
19203,7298.0,1,PCBL Chemical Ltd.,Chemicals,Chemicals,Domestic Equities,1117.0,1139.0,-1.9315188762071993,0.044500000000000005,0.040999999999999995,8.536585365853671,0.0948608849134954,1100,pcbl-chemical,Small Cap,May-2025
140194,102059.0,1,Rainbow Children's Medicare Ltd.,Healthcare,Healthcare,Domestic Equities,317.0,322.0,-1.5527950310559007,0.044500000000000005,0.044500000000000005,0.0,0.0948608849134954,1100,rainbow-children's-medicare,Small Cap,May-2025
154192,90218.0,1,Anand Rathi Wealth Ltd.,Finance,Finance,Domestic Equities,236.0,241.0,-2.0746887966804977,0.0443,0.040999999999999995,8.048780487804882,0.0944345438577044,1100,anand-rathi-wealth,Small Cap,May-2025
650,8558.0,1,V-Guard Industries Ltd.,Capital Goods,Capital Goods,Domestic Equities,1164.0,1188.0,-2.0202020202020203,0.044199999999999996,0.042800000000000005,3.2710280373831697,0.0942213733298089,1100,v-guard-industries,Small Cap,May-2025
152374,6232.0,1,Bosch Ltd.,Automobile & Ancillaries,Automobile & Ancillaries,Domestic Equities,14.0,14.0,0.0,0.044000000000000004,0.0412,6.796116504854374,0.0937950322740179,1100,bosch,Large Cap,May-2025
114697,5402.0,1,JSW Energy Ltd.,Power,Power,Domestic Equities,899.0,918.0,-2.0697167755991286,0.043899999999999995,0.044000000000000004,-0.22727272727274261,0.0935818617461224,1100,jsw-energy,Large Cap,May-2025
76822,89008.0,1,Craftsman Automation Ltd.,Automobile & Ancillaries,Automobile & Ancillaries,Domestic Equities,78.0,79.0,-1.2658227848101267,0.0437,0.0364,20.054945054945055,0.0931555206903314,1100,craftsman-automation,Small Cap,May-2025
115131,88043.0,1,Lemon Tree Hotels Ltd.,Hospitality,Hospitality,Domestic Equities,3135.0,3198.0,-1.9699812382739212,0.0437,0.0438,-0.22831050228310015,0.0931555206903314,1100,lemon-tree-hotels,Small Cap,May-2025
57541,86814.0,1,General Insurance Corporation of India,Insurance,Finance,Domestic Equities,1061.0,1083.0,-2.0313942751615883,0.0437,0.0452,-3.3185840707964487,0.0931555206903314,1100,general-insurance-corporation-of-india,Mid Cap,May-2025
57620,82559.0,1,ICICI Prudential Life Insurance Company Ltd.,Insurance,Finance,Domestic Equities,658.0,671.0,-1.9374068554396422,0.0436,0.0412,5.825242718446607,0.092942350162436,1100,icici-prudential-life-insurance-company,Large Cap,May-2025
133333,4917.0,1,CRISIL Ltd.,Ratings,Ratings,Domestic Equities,83.0,85.0,-2.3529411764705883,0.0436,0.0378,15.34391534391536,0.092942350162436,1100,crisil,Mid Cap,May-2025
152324,4941.0,1,ACC Ltd.,Construction Materials,Construction Materials,Domestic Equities,231.0,236.0,-2.11864406779661,0.0435,0.0446,-2.4663677130044914,0.0927291796345404,1100,acc,Mid Cap,May-2025
97743,96921.0,1,Gland Pharma Ltd.,Healthcare,Healthcare,Domestic Equities,273.0,278.0,-1.7985611510791366,0.0434,0.038900000000000004,11.568123393316188,0.092516009106645,1100,gland-pharma,Small Cap,May-2025
133298,5393.0,1,Balrampur Chini Mills Ltd.,Agri,Agriculture,Domestic Equities,730.0,745.0,-2.013422818791946,0.0431,0.040999999999999995,5.121951219512195,0.0918764975229585,1100,balrampur-chini-mills,Small Cap,May-2025
113807,6098.0,1,HBL Engineering Ltd.,Automobile & Ancillaries,Automobile & Ancillaries,Domestic Equities,716.0,731.0,-2.0519835841313268,0.043,0.0352,22.159090909090903,0.091663326995063,1100,hbl-engineering,Small Cap,May-2025
95355,98927.0,1,Devyani International Ltd.,FMCG,Fast Moving Consumer Goods,Domestic Equities,2555.0,2606.0,-1.9570222563315427,0.042800000000000005,0.0466,-8.154506437768237,0.091236985939272,1100,devyani-international,Small Cap,May-2025
56723,6834.0,1,Can Fin Homes Ltd.,Finance,Finance,Domestic Equities,537.0,548.0,-2.0072992700729926,0.042300000000000004,0.0392,7.908163265306135,0.0901711332997945,1100,can-fin-homes,Small Cap,May-2025
154120,5531.0,1,Triveni Turbine Ltd.,Capital Goods,Capital Goods,Domestic Equities,727.0,742.0,-2.0215633423180592,0.042300000000000004,0.038599999999999995,9.58549222797929,0.0901711332997945,1100,triveni-turbine,Small Cap,May-2025
19805,15724.0,1,Syngene International Ltd.,Business Services,Healthcare,Domestic Equities,649.0,662.0,-1.9637462235649545,0.042,0.042,0.0,0.089531621716108,1100,syngene-international,Mid Cap,May-2025
133561,8133.0,1,Birlasoft Ltd.,IT,Information Technology,Domestic Equities,1045.0,1065.0,-1.8779342723004695,0.04190000000000001,0.0416,0.7211538461538521,0.0893184511882125,1100,birlasoft,Small Cap,May-2025
58145,71025.0,1,Indian Railway Finance Corporation Ltd.,Finance,Finance,Domestic Equities,3008.0,3068.0,-1.955671447196871,0.0418,0.0382,9.424083769633505,0.089105280660317,1100,indian-railway-finance-corporation,Large Cap,May-2025
95274,89247.0,1,Chalet Hotels Ltd.,Hospitality,Hospitality,Domestic Equities,452.0,460.0,-1.7391304347826086,0.0415,0.0364,14.010989010989016,0.0884657690766305,1100,chalet-hotels,Small Cap,May-2025
115032,83788.0,1,Housing & Urban Development Corporation Ltd.,Finance,Finance,Domestic Equities,1722.0,1756.0,-1.9362186788154898,0.0415,0.0392,5.867346938775521,0.0884657690766305,1100,housing-urban-development-corporation,Mid Cap,May-2025
171485,6291.0,1,Motilal Oswal Financial Services Ltd.,Finance,Finance,Domestic Equities,510.0,520.0,-1.9230769230769231,0.041299999999999996,0.0339,21.828908554572262,0.0880394280208396,1100,motilal-oswal-financial-services,Mid Cap,May-2025
44430,82482.0,1,L&T Technology Services Ltd.,IT,Information Technology,Domestic Equities,94.0,96.0,-2.083333333333333,0.041100000000000005,0.0409,0.4889975550122362,0.0876130869650486,1100,lt-technology-services,Mid Cap,May-2025
171580,109023.0,1,Tata Technologies Ltd.,IT,Information Technology,Domestic Equities,529.0,540.0,-2.037037037037037,0.0409,0.0355,15.211267605633804,0.0871867459092576,1100,tata-technologies,Mid Cap,May-2025
152579,7542.0,1,Sobha Ltd.,Realty,Realty,Domestic Equities,283.0,288.0,-1.7361111111111112,0.0406,0.0381,6.561679790026235,0.0865472343255711,1100,sobha,Small Cap,May-2025
114654,92672.0,1,Indian Renewable Energy Development Agency Ltd.,Finance,Finance,Domestic Equities,2312.0,2358.0,-1.9508057675996608,0.0404,0.0394,2.53807106598985,0.0861208932697801,1100,indian-renewable-energy-development-agency,Mid Cap,May-2025
114436,6959.0,1,Engineers India Ltd.,Capital Goods,Capital Goods,Domestic Equities,1742.0,1778.0,-2.0247469066366706,0.04,0.0318,25.786163522012572,0.0852682111581981,1100,engineers-india,Small Cap,May-2025
133018,6609.0,1,CCL Products (India) Ltd.,Agri,Agriculture,Domestic Equities,450.0,460.0,-2.1739130434782608,0.0398,0.027200000000000002,46.323529411764696,0.0848418701024071,1100,ccl-products-india,Small Cap,May-2025
152106,69868.0,1,Ircon International Ltd.,Infrastructure,Infrastructure,Domestic Equities,2072.0,2113.0,-1.9403691433980124,0.039599999999999996,0.0323,22.60061919504644,0.0844155290466161,1100,ircon-international,Small Cap,May-2025
133647,6517.0,1,Ramkrishna Forgings Ltd.,Automobile & Ancillaries,Automobile & Ancillaries,Domestic Equities,653.0,665.0,-1.8045112781954888,0.039599999999999996,0.039599999999999996,0.0,0.0844155290466161,1100,ramkrishna-forgings,Small Cap,May-2025
19777,93855.0,1,Sumitomo Chemical India Ltd.,Chemicals,Chemicals,Domestic Equities,782.0,796.0,-1.7587939698492463,0.039599999999999996,0.0405,-2.2222222222222188,0.0844155290466161,1100,sumitomo-chemical-india,Small Cap,May-2025
171948,7104.0,1,Emami Ltd.,FMCG,Fast Moving Consumer Goods,Domestic Equities,676.0,690.0,-2.0289855072463765,0.0395,0.0431,-8.352668213457063,0.0842023585187206,1100,emami,Small Cap,May-2025
152413,5645.0,1,Finolex Industries Ltd.,Plastic Products,Plastic Products,Domestic Equities,1805.0,1841.0,-1.9554589896795218,0.0394,0.0321,22.741433021806852,0.0839891879908251,1100,finolex-industries,Small Cap,May-2025
171968,4931.0,1,Zydus Lifesciences Ltd.,Healthcare,Healthcare,Domestic Equities,420.0,429.0,-2.097902097902098,0.0391,0.0381,2.624671916010501,0.0833496764071387,1100,zydus-lifesciences,Large Cap,May-2025
509,8487.0,1,K.P.R. Mill Ltd.,Textile,Textile,Domestic Equities,344.0,351.0,-1.9943019943019942,0.0388,0.035,10.857142857142854,0.0827101648234522,1100,kpr-mill,Small Cap,May-2025
77334,87528.0,1,CreditAccess Grameen Ltd.,Finance,Finance,Domestic Equities,338.0,345.0,-2.0289855072463765,0.0387,0.037599999999999995,2.9255319148936256,0.0824969942955567,1100,creditaccess-grameen,Small Cap,May-2025
131,7518.0,1,Swan Energy Ltd.,Textile,Textile,Domestic Equities,887.0,905.0,-1.9889502762430937,0.0385,0.0364,5.769230769230768,0.0820706532397657,1100,swan-energy,Small Cap,May-2025
152578,8075.0,1,LT Foods Ltd.,FMCG,Fast Moving Consumer Goods,Domestic Equities,874.0,892.0,-2.0179372197309418,0.0384,0.030899999999999997,24.271844660194176,0.0818574827118702,1100,lt-foods,Small Cap,May-2025
114606,112114.0,1,Hyundai Motor India Ltd.,Automobile & Ancillaries,Automobile & Ancillaries,Domestic Equities,204.0,208.0,-1.9230769230769231,0.0377,0.0355,6.197183098591555,0.0803652890166017,1100,hyundai-motor-india,Large Cap,May-2025
227975,113151.0,1,Siemens Energy India Ltd.,Others,Other,Domestic Equities,152.0,152.0,0.0,0.0377,0.0377,0.0,0.0803652890166017,1100,siemens-energy-india,,May-2025
133191,5194.0,1,Praj Industries Ltd.,Capital Goods,Capital Goods,Domestic Equities,783.0,798.0,-1.8796992481203008,0.037599999999999995,0.0368,2.1739130434782505,0.0801521184887062,1100,praj-industries,Small Cap,May-2025
139455,98272.0,1,Shyam Metalics And Energy Ltd.,Iron & Steel,Iron & Steel,Domestic Equities,445.0,454.0,-1.9823788546255507,0.0375,0.0391,-4.092071611253201,0.0799389479608107,1100,shyam-metalics-and-energy,Small Cap,May-2025
152370,5063.0,1,Escorts Kubota Ltd.,Automobile & Ancillaries,Automobile & Ancillaries,Domestic Equities,113.0,116.0,-2.586206896551724,0.0375,0.0378,-0.7936507936507886,0.0799389479608107,1100,escorts-kubota,Mid Cap,May-2025
133302,6421.0,1,BASF India Ltd.,Chemicals,Chemicals,Domestic Equities,72.0,73.0,-1.36986301369863,0.0375,0.0321,16.82242990654206,0.0799389479608107,1100,basf-india,Small Cap,May-2025
19084,5742.0,1,Elecon Engineering Company Ltd.,Capital Goods,Capital Goods,Domestic Equities,559.0,571.0,-2.1015761821366024,0.0371,0.0311,19.29260450160772,0.0790862658492287,1100,elecon-engineering-company,Small Cap,May-2025
58178,99657.0,1,Star Health and Allied Insurance Company Ltd.,Insurance,Finance,Domestic Equities,774.0,790.0,-2.0253164556962027,0.037000000000000005,0.0308,20.129870129870135,0.0788730953213333,1100,star-health-and-allied-insurance-company,Small Cap,May-2025
57415,105415.0,1,Concord Biotech Ltd.,Healthcare,Healthcare,Domestic Equities,210.0,214.0,-1.8691588785046727,0.036699999999999997,0.0325,12.92307692307692,0.0782335837376468,1100,concord-biotech,Small Cap,May-2025
114727,84195.0,1,Tejas Networks Ltd.,Telecom,Telecom,Domestic Equities,507.0,517.0,-1.9342359767891684,0.0364,0.0363,0.27548209366391824,0.0775940721539603,1100,tejas-networks,Small Cap,May-2025
133495,5019.0,1,Ajanta Pharma Ltd.,Healthcare,Healthcare,Domestic Equities,144.0,147.0,-2.0408163265306123,0.0362,0.0398,-9.045226130653264,0.0771677310981693,1100,ajanta-pharma,Mid Cap,May-2025
58780,8388.0,1,Alembic Pharmaceuticals Ltd.,Healthcare,Healthcare,Domestic Equities,355.0,361.0,-1.662049861495845,0.0361,0.0316,14.240506329113915,0.0769545605702738,1100,alembic-pharmaceuticals,Small Cap,May-2025
76268,106949.0,1,Indegene Ltd.,Healthcare,Healthcare,Domestic Equities,596.0,608.0,-1.9736842105263157,0.0358,0.0333,7.5075075075075075,0.0763150489865873,1100,indegene,Small Cap,May-2025
58155,95800.0,1,Life Insurance Corporation of India,Insurance,Finance,Domestic Equities,373.0,381.0,-2.099737532808399,0.0356,0.030299999999999997,17.4917491749175,0.0758887079307963,1100,life-insurance-corporation-of-india,Large Cap,May-2025
616,7870.0,1,Transformers & Rectifiers (India) Ltd.,Capital Goods,Capital Goods,Domestic Equities,681.0,695.0,-2.014388489208633,0.0355,0.0344,3.197674418604648,0.0756755374029008,1100,transformers-rectifiers-india,Small Cap,May-2025
555,5663.0,1,The Fertilisers And Chemicals Travancore Ltd.,Chemicals,Chemicals,Domestic Equities,396.0,404.0,-1.9801980198019802,0.035,0.030899999999999997,13.268608414239488,0.0746096847634233,1100,the-fertilisers-and-chemicals-travancore,Mid Cap,May-2025
645,8087.0,1,IRB Infrastructure Developers Ltd.,Infrastructure,Infrastructure,Domestic Equities,6810.0,6945.0,-1.9438444924406046,0.0349,0.0317,10.094637223974773,0.0743965142355279,1100,irb-infrastructure-developers,Mid Cap,May-2025
133353,4920.0,1,IDBI Bank Ltd.,Bank,Banking,Domestic Equities,3564.0,3636.0,-1.9801980198019802,0.0345,0.028999999999999998,18.96551724137932,0.0735438321239459,1100,idbi-bank,Mid Cap,May-2025
38814,98613.0,1,Aditya Birla Sun Life AMC Ltd.,Finance,Finance,Domestic Equities,460.0,470.0,-2.127659574468085,0.0344,0.0311,10.610932475884246,0.0733306615960504,1100,aditya-birla-sun-life-amc,Small Cap,May-2025
113780,5843.0,1,Usha Martin Ltd.,Iron & Steel,Iron & Steel,Domestic Equities,1103.0,1126.0,-2.0426287744227354,0.0342,0.0326,4.907975460122705,0.0729043205402594,1100,usha-martin,Small Cap,May-2025
1896,5762.0,1,Jupiter Wagons Ltd.,Automobile & Ancillaries,Automobile & Ancillaries,Domestic Equities,863.0,879.0,-1.8202502844141069,0.0341,0.031200000000000002,9.294871794871796,0.0726911500123639,1100,jupiter-wagons,Small Cap,May-2025
115263,4992.0,1,Gravita India Ltd.,Non - Ferrous Metals,Non - Ferrous Metals,Domestic Equities,185.0,188.0,-1.5957446808510638,0.0339,0.0329,3.0395136778115526,0.0722648089565729,1100,gravita-india,Small Cap,May-2025
102429,100653.0,1,Global Health Ltd.,Healthcare,Healthcare,Domestic Equities,285.0,291.0,-2.0618556701030926,0.0339,0.0348,-2.5862068965517198,0.0722648089565729,1100,global-health,Small Cap,May-2025
152053,6921.0,1,DCM Shriram Ltd.,Diversified,Diversified,Domestic Equities,313.0,320.0,-2.1875,0.0337,0.032,5.312499999999998,0.0718384679007819,1100,dcm-shriram,Small Cap,May-2025
196533,104025.0,1,Motherson Sumi Wiring India Ltd.,Iron & Steel,Iron & Steel,Domestic Equities,5821.0,5937.0,-1.9538487451574869,0.0337,0.0331,1.8126888217522674,0.0718384679007819,1100,motherson-sumi-wiring-india,Small Cap,May-2025
188402,98309.0,1,Jubilant Ingrevia Ltd.,Chemicals,Chemicals,Domestic Equities,472.0,482.0,-2.0746887966804977,0.0332,0.031,7.096774193548379,0.0707726152613044,1100,jubilant-ingrevia,Small Cap,May-2025
152067,7924.0,1,JM Financial Ltd.,Finance,Finance,Domestic Equities,2560.0,2611.0,-1.9532746074301035,0.0327,0.0265,23.396226415094347,0.069706762621827,1100,jm-financial,Small Cap,May-2025
152559,7752.0,1,Action Construction Equipment Ltd.,Capital Goods,Capital Goods,Domestic Equities,261.0,267.0,-2.247191011235955,0.0326,0.031200000000000002,4.487179487179477,0.0694935920939315,1100,action-construction-equipment,Small Cap,May-2025
133388,7039.0,1,Kansai Nerolac Paints Ltd.,Chemicals,Chemicals,Domestic Equities,1282.0,1307.0,-1.9127773527161436,0.0325,0.0336,-3.2738095238095206,0.069280421566036,1100,kansai-nerolac-paints,Small Cap,May-2025
222979,112566.0,1,Vishal Mega Mart Ltd.,Retailing,Retailing,Domestic Equities,2563.0,2614.0,-1.9510328997704667,0.032,0.031,3.2258064516129057,0.0682145689265585,1100,vishal-mega-mart,Mid Cap,May-2025
117,8100.0,1,Vardhman Textiles Ltd.,Textile,Textile,Domestic Equities,651.0,663.0,-1.809954751131222,0.032,0.0301,6.312292358804,0.0682145689265585,1100,vardhman-textiles,Small Cap,May-2025
133585,5972.0,1,Olectra Greentech Ltd.,Automobile & Ancillaries,Automobile & Ancillaries,Domestic Equities,260.0,265.0,-1.8867924528301887,0.032,0.0308,3.8961038961038996,0.0682145689265585,1100,olectra-greentech,Small Cap,May-2025
38127,7192.0,1,JK Tyre & Industries Ltd.,Automobile & Ancillaries,Automobile & Ancillaries,Domestic Equities,856.0,874.0,-2.059496567505721,0.032,0.0271,18.081180811808125,0.0682145689265585,1100,jk-tyre-industries,Small Cap,May-2025
123232,111772.0,1,Brainbees Solutions Ltd.,Retailing,Information Technology,Domestic Equities,915.0,934.0,-2.0342612419700217,0.0319,0.0317,0.6309148264984233,0.068001398398663,1100,brainbees-solutions,Small Cap,May-2025
19913,93142.0,1,UTI Asset Management Company Ltd.,Finance,Finance,Domestic Equities,263.0,267.0,-1.4981273408239701,0.0313,0.027200000000000002,15.073529411764694,0.06672237523129,1100,uti-asset-management-company,Small Cap,May-2025
152303,6239.0,1,Jindal Saw Ltd.,Iron & Steel,Iron & Steel,Domestic Equities,1479.0,1509.0,-1.9880715705765408,0.0313,0.0374,-16.310160427807492,0.06672237523129,1100,jindal-saw,Small Cap,May-2025
83618,17010.0,1,BLS International Services Ltd.,Business Services,Hospitality,Domestic Equities,770.0,784.0,-1.7857142857142856,0.0313,0.0279,12.186379928315407,0.06672237523129,1100,bls-international-services,Small Cap,May-2025
57345,99844.0,1,AWL Agri Business Ltd.,FMCG,Fast Moving Consumer Goods,Domestic Equities,1131.0,1153.0,-1.9080659150043366,0.0311,0.0308,0.9740259740259676,0.066296034175499,1100,awl-agri-business,Mid Cap,May-2025
171937,5730.0,1,Astrazeneca Pharma India Ltd.,Healthcare,Healthcare,Domestic Equities,39.0,38.0,2.631578947368421,0.0311,0.033,-5.757575757575757,0.066296034175499,1100,astrazeneca-pharma-india,Small Cap,May-2025
153943,100386.0,1,Vedant Fashions Ltd.,Textile,Textile,Domestic Equities,387.0,395.0,-2.0253164556962027,0.030899999999999997,0.030899999999999997,0.0,0.065869693119708,1100,vedant-fashions,Small Cap,May-2025
141321,96164.0,1,Happiest Minds Technologies Ltd.,IT,Information Technology,Domestic Equities,518.0,529.0,-2.0793950850661624,0.0308,0.030299999999999997,1.650165016501659,0.0656565225918126,1100,happiest-minds-technologies,Small Cap,May-2025
171468,102668.0,1,Bikaji Foods International Ltd.,FMCG,Fast Moving Consumer Goods,Domestic Equities,399.0,407.0,-1.9656019656019657,0.0305,0.0285,7.017543859649113,0.0650170110081261,1100,bikaji-foods-international,Small Cap,May-2025
200656,105054.0,1,Signatureglobal (India) Ltd.,Realty,Realty,Domestic Equities,249.0,254.0,-1.968503937007874,0.0302,0.0292,3.424657534246579,0.0643774994244396,1100,signatureglobal-india,Small Cap,May-2025
133662,6324.0,1,Century Plyboards (India) Ltd.,Construction Materials,Construction Materials,Domestic Equities,386.0,394.0,-2.030456852791878,0.03,0.0275,9.090909090909092,0.0639511583686486,1100,century-plyboards-india,Small Cap,May-2025
134702,8301.0,1,Valor Estate Ltd.,Realty,Realty,Domestic Equities,1556.0,1586.0,-1.8915510718789406,0.03,0.0276,8.695652173913052,0.0639511583686486,1100,valor-estate,Small Cap,May-2025
745,109745.0,1,RR Kabel Ltd.,Electricals,Electricals,Domestic Equities,210.0,214.0,-1.8691588785046727,0.029900000000000003,0.022400000000000003,33.482142857142854,0.0637379878407531,1100,rr-kabel,Small Cap,May-2025
607,7527.0,1,Jyothy Labs Ltd.,FMCG,Fast Moving Consumer Goods,Domestic Equities,865.0,883.0,-2.0385050962627407,0.0298,0.033,-9.696969696969692,0.0635248173128576,1100,jyothy-labs,Small Cap,May-2025
152533,5624.0,1,Godawari Power And Ispat Ltd.,Iron & Steel,Iron & Steel,Domestic Equities,1554.0,1586.0,-2.01765447667087,0.0296,0.028900000000000002,2.4221453287197177,0.0630984762570666,1100,godawari-power-and-ispat,Small Cap,May-2025
13,7543.0,1,Tata Investment Corporation Ltd.,Finance,Finance,Domestic Equities,44.0,45.0,-2.2222222222222223,0.0296,0.026699999999999998,10.861423220973784,0.0630984762570666,1100,tata-investment-corporation,Mid Cap,May-2025
58513,104175.0,1,Aadhar Housing Finance Ltd.,Finance,Finance,Domestic Equities,664.0,676.0,-1.7751479289940828,0.029500000000000002,0.0316,-6.645569620253163,0.0628853057291711,1100,aadhar-housing-finance,Small Cap,May-2025
171394,82477.0,1,Endurance Technologies Ltd.,Automobile & Ancillaries,Automobile & Ancillaries,Domestic Equities,121.0,123.0,-1.6260162601626018,0.0294,0.0231,27.272727272727266,0.0626721352012756,1100,endurance-technologies,Mid Cap,May-2025
114450,5588.0,1,The Jammu & Kashmir Bank Ltd.,Bank,Banking,Domestic Equities,2835.0,2892.0,-1.970954356846473,0.0294,0.0273,7.692307692307692,0.0626721352012756,1100,the-jammu-kashmir-bank,Small Cap,May-2025
133645,6755.0,1,Bank Of Maharashtra,Bank,Banking,Domestic Equities,5400.0,5508.0,-1.9607843137254901,0.0291,0.0279,4.3010752688172085,0.0620326236175891,1100,bank-of-maharashtra,Mid Cap,May-2025
152197,7753.0,1,Kirloskar Brothers Ltd.,Capital Goods,Capital Goods,Domestic Equities,160.0,163.0,-1.8404907975460123,0.028999999999999998,0.0279,3.9426523297490994,0.0618194530896936,1100,kirloskar-brothers,Small Cap,May-2025
190355,99127.0,1,Vijaya Diagnostic Centre Ltd.,Healthcare,Healthcare,Domestic Equities,301.0,307.0,-1.9543973941368076,0.0288,0.030699999999999998,-6.188925081433223,0.0613931120339026,1100,vijaya-diagnostic-centre,Small Cap,May-2025
19064,6023.0,1,Westlife Foodworld Ltd,Hospitality,Hospitality,Domestic Equities,431.0,440.0,-2.0454545454545454,0.0288,0.029500000000000002,-2.3728813559322126,0.0613931120339026,1100,westlife-foodworld,Small Cap,May-2025
222201,112407.0,1,NTPC Green Energy Ltd.,Power,Power,Domestic Equities,2557.0,2608.0,-1.9555214723926382,0.028399999999999998,0.0262,8.396946564885486,0.0605404299223207,1100,ntpc-green-energy,Large Cap,May-2025
152387,5364.0,1,Gujarat Narmada Valley Fertilizers & Chemicals Ltd.,Chemicals,Chemicals,Domestic Equities,531.0,542.0,-2.029520295202952,0.028399999999999998,0.0264,7.575757575757565,0.0605404299223207,1100,gujarat-narmada-valley-fertilizers-chemicals,Small Cap,May-2025
152585,6859.0,1,Tanla Platforms Ltd.,IT,Information Technology,Domestic Equities,459.0,468.0,-1.9230769230769231,0.028399999999999998,0.0222,27.92792792792791,0.0605404299223207,1100,tanla-platforms,Small Cap,May-2025
56649,7087.0,1,HEG Ltd.,Capital Goods,Capital Goods,Domestic Equities,536.0,547.0,-2.010968921389397,0.0281,0.0255,10.196078431372559,0.0599009183386342,1100,heg,Small Cap,May-2025
40249,8148.0,1,Schneider Electric Infrastructure Ltd.,Capital Goods,Capital Goods,Domestic Equities,371.0,379.0,-2.1108179419525066,0.0279,0.0218,27.981651376146782,0.0594745772828432,1100,schneider-electric-infrastructure,Small Cap,May-2025
211056,110999.0,1,DOMS Industries Ltd.,FMCG,Fast Moving Consumer Goods,Domestic Equities,114.0,116.0,-1.7241379310344827,0.0279,0.0319,-12.539184952978053,0.0594745772828432,1100,doms-industries,Small Cap,May-2025
203281,106367.0,1,NMDC Steel Ltd.,Iron & Steel,Iron & Steel,Domestic Equities,7326.0,7472.0,-1.9539614561027836,0.0279,0.0264,5.681818181818178,0.0594745772828432,1100,nmdc-steel,Small Cap,May-2025
133345,5047.0,1,IFCI Ltd.,Finance,Finance,Domestic Equities,4119.0,4201.0,-1.9519162104260892,0.0278,0.0178,56.17977528089886,0.0592614067549477,1100,ifci,Small Cap,May-2025
97859,90258.0,1,Metropolis Healthcare Ltd.,Healthcare,Healthcare,Domestic Equities,165.0,168.0,-1.7857142857142856,0.0277,0.0286,-3.146853146853142,0.0590482362270522,1100,metropolis-healthcare,Small Cap,May-2025
430,6832.0,1,Caplin Point Laboratories Ltd.,Healthcare,Healthcare,Domestic Equities,128.0,130.0,-1.5384615384615385,0.0276,0.024399999999999998,13.114754098360649,0.0588350656991567,1100,caplin-point-laboratories,Small Cap,May-2025
204790,107779.0,1,Honasa Consumer Ltd.,Trading,Trading,Domestic Equities,873.0,891.0,-2.0202020202020203,0.0276,0.022000000000000002,25.454545454545435,0.0588350656991567,1100,honasa-consumer,Small Cap,May-2025
229270,113158.0,1,Aditya Birla Lifestyle Brands Ltd.,Others,,Domestic Equities,1610.0,,,0.0275,,,0.0586218951712612,1100,aditya-birla-lifestyle-brands,,May-2025
137768,15760.0,1,Gujarat Gas Ltd.,Gas Transmission,Gas Transmission,Domestic Equities,591.0,603.0,-1.9900497512437811,0.027200000000000002,0.0273,-0.3663003663003585,0.0579823835875747,1100,gujarat-gas,Mid Cap,May-2025
78882,109773.0,1,JSW Infrastructure Ltd.,Logistics,Logistics,Domestic Equities,932.0,951.0,-1.9978969505783386,0.0271,0.0279,-2.8673835125448055,0.0577692130596792,1100,jsw-infrastructure,Mid Cap,May-2025
113787,7539.0,1,Honeywell Automation India Ltd.,Consumer Durables,Consumer Durables,Domestic Equities,7.0,7.0,0.0,0.027000000000000003,0.0242,11.570247933884307,0.0575560425317837,1100,honeywell-automation-india,Mid Cap,May-2025
171853,7249.0,1,NLC India Ltd.,Power,Power,Domestic Equities,1119.0,1141.0,-1.9281332164767746,0.027000000000000003,0.026000000000000002,3.8461538461538494,0.0575560425317837,1100,nlc-india,Mid Cap,May-2025
653,111996.0,1,Afcons Infrastructure Ltd.,Infrastructure,Infrastructure,Domestic Equities,636.0,649.0,-2.0030816640986133,0.0269,0.027200000000000002,-1.1029411764705974,0.0573428720038882,1100,afcons-infrastructure,Small Cap,May-2025
114515,6989.0,1,Gujarat Pipavav Port Ltd.,Logistics,Logistics,Domestic Equities,1725.0,1760.0,-1.9886363636363635,0.0269,0.023399999999999997,14.957264957264963,0.0573428720038882,1100,gujarat-pipavav-port,Small Cap,May-2025
77359,100627.0,1,Waaree Energies Ltd.,Capital Goods,Capital Goods,Domestic Equities,90.0,92.0,-2.1739130434782608,0.0268,0.024,11.666666666666679,0.0571297014759927,1100,waaree-energies,Mid Cap,May-2025
134271,8157.0,1,Minda Corporation Ltd.,Automobile & Ancillaries,Automobile & Ancillaries,Domestic Equities,510.0,520.0,-1.9230769230769231,0.026699999999999998,0.0253,5.533596837944669,0.0569165309480972,1100,minda-corporation,Small Cap,May-2025
152064,6806.0,1,3M India Ltd.,Diversified,Diversified,Domestic Equities,9.0,9.0,0.0,0.0263,0.0271,-2.9520295202952056,0.0560638488365153,1100,3m-india,Mid Cap,May-2025
94609,5685.0,1,Welspun Living Ltd.,Textile,Textile,Domestic Equities,1981.0,2020.0,-1.9306930693069306,0.0263,0.025699999999999997,2.3346303501945544,0.0560638488365153,1100,welspun-living,Small Cap,May-2025
114425,8654.0,1,Saregama India Ltd.,Media & Entertainment,Media & Entertainment,Domestic Equities,481.0,491.0,-2.0366598778004072,0.026099999999999998,0.025699999999999997,1.5564202334630364,0.0556375077807243,1100,saregama-india,Small Cap,May-2025
38126,6453.0,1,The India Cements Ltd.,Construction Materials,Construction Materials,Domestic Equities,821.0,838.0,-2.028639618138425,0.026000000000000002,0.0258,0.7751937984496131,0.0554243372528288,1100,the-india-cements,Small Cap,May-2025
18970,6462.0,1,Sarda Energy & Minerals Ltd.,Iron & Steel,Iron & Steel,Domestic Equities,584.0,596.0,-2.013422818791946,0.0255,0.0269,-5.204460966542756,0.0543584846133513,1100,sarda-energy-minerals,Small Cap,May-2025
133387,5868.0,1,Godrej Industries Ltd.,Chemicals,Chemicals,Domestic Equities,212.0,217.0,-2.3041474654377883,0.025099999999999997,0.0235,6.808510638297858,0.0535058025017693,1100,godrej-industries,Mid Cap,May-2025
152132,7850.0,1,Mastek Ltd.,IT,Information Technology,Domestic Equities,106.0,108.0,-1.8518518518518516,0.024700000000000003,0.0226,9.292035398230107,0.0526531203901873,1100,mastek,Small Cap,May-2025
133081,5148.0,1,Trident Ltd.,Textile,Textile,Domestic Equities,7760.0,7915.0,-1.9583070120025268,0.024700000000000003,0.021,17.619047619047624,0.0526531203901873,1100,trident,Small Cap,May-2025
171624,5869.0,1,Blue Dart Express Ltd.,Logistics,Logistics,Domestic Equities,37.0,38.0,-2.631578947368421,0.0245,0.0236,3.8135593220339112,0.0522267793343964,1100,blue-dart-express,Small Cap,May-2025
65311,106730.0,1,SBFC Finance Ltd.,Finance,Finance,Domestic Equities,2162.0,2205.0,-1.9501133786848073,0.024399999999999998,0.0225,8.444444444444441,0.0520136088065008,1100,sbfc-finance,Small Cap,May-2025
217845,112026.0,1,Premier Energies Ltd.,Electricals,Electricals,Domestic Equities,226.0,230.0,-1.7391304347826086,0.024,0.0226,6.194690265486732,0.0511609266949189,1100,premier-energies,Mid Cap,May-2025
95082,5635.0,1,Capri Global Capital Ltd.,Finance,Finance,Domestic Equities,1584.0,1615.0,-1.9195046439628483,0.024,0.026099999999999998,-8.045977011494251,0.0511609266949189,1100,capri-global-capital,Small Cap,May-2025
133520,5959.0,1,Triveni Engineering & Industries Ltd.,Agri,Agriculture,Domestic Equities,543.0,553.0,-1.8083182640144666,0.023799999999999998,0.0226,5.309734513274342,0.0507345856391279,1100,triveni-engineering-industries,Small Cap,May-2025
1840,4901.0,1,SJVN Ltd.,Power,Power,Domestic Equities,2455.0,2504.0,-1.9568690095846646,0.0236,0.0235,0.4255319148936079,0.0503082445833369,1100,sjvn,Mid Cap,May-2025
815,89011.0,1,Rites Ltd.,Capital Goods,Other,Domestic Equities,851.0,869.0,-2.0713463751438432,0.0236,0.0196,20.40816326530612,0.0503082445833369,1100,rites,Small Cap,May-2025
171516,6987.0,1,Tata Teleservices (Maharashtra) Ltd.,Telecom,Telecom,Domestic Equities,3196.0,3260.0,-1.96319018404908,0.0233,0.018500000000000003,25.94594594594594,0.0496687329996504,1100,tata-teleservices-maharashtra,Small Cap,May-2025
56633,6412.0,1,Graphite India Ltd.,Capital Goods,Capital Goods,Domestic Equities,424.0,432.0,-1.8518518518518516,0.0232,0.0195,18.974358974358967,0.0494555624717549,1100,graphite-india,Small Cap,May-2025
133589,7782.0,1,Cera Sanitaryware Ltd.,Construction Materials,Construction Materials,Domestic Equities,36.0,37.0,-2.7027027027027026,0.0229,0.019799999999999998,15.656565656565661,0.0488160508880684,1100,cera-sanitaryware,Small Cap,May-2025
28396,92035.0,1,Sterling and Wilson Renewable Energy Ltd.,Infrastructure,Infrastructure,Domestic Equities,807.0,824.0,-2.063106796116505,0.022799999999999997,0.022400000000000003,1.7857142857142672,0.0486028803601729,1100,sterling-and-wilson-renewable-energy,Small Cap,May-2025
861,112211.0,1,Sai Life Sciences Ltd.,Healthcare,Healthcare,Domestic Equities,301.0,307.0,-1.9543973941368076,0.022799999999999997,0.021400000000000002,6.542056074766339,0.0486028803601729,1100,sai-life-sciences,Small Cap,May-2025
152593,8261.0,1,Network 18 Media & Investments Ltd.,Media & Entertainment,Media & Entertainment,Domestic Equities,4155.0,4237.0,-1.9353316025489735,0.0227,0.0184,23.3695652173913,0.0483897098322774,1100,network-18-media-investments,Small Cap,May-2025
227943,,1,Raymond Realty Ltd.,Realty,,Domestic Equities,216.0,,,0.022400000000000003,,,0.0477501982485909,1100,,,May-2025
189226,98548.0,1,Clean Science And Technology Ltd.,Chemicals,Chemicals,Domestic Equities,143.0,144.0,-0.6944444444444444,0.0222,0.0169,31.360946745562146,0.0473238571928,1100,clean-science-and-technology,Small Cap,May-2025
30,5093.0,1,Bombay Burmah Trading Corporation Ltd.,Agri,Agriculture,Domestic Equities,110.0,112.0,-1.7857142857142856,0.0222,0.0209,6.220095693779921,0.0473238571928,1100,bombay-burmah-trading-corporation,Small Cap,May-2025
757,97957.0,1,Railtel Corporation Of India Ltd.,Telecom,Telecom,Domestic Equities,555.0,567.0,-2.1164021164021163,0.022099999999999998,0.0168,31.54761904761905,0.0471106866649045,1100,railtel-corporation-of-india,Small Cap,May-2025
84908,112552.0,1,Swiggy Ltd.,Retailing,Information Technology,Domestic Equities,654.0,461.0,41.86550976138829,0.0218,0.0146,49.3150684931507,0.046471175081218,1100,swiggy,Large Cap,May-2025
152107,5346.0,1,Shipping Corporation Of India Ltd.,Logistics,Logistics,Domestic Equities,1075.0,1097.0,-2.0054694621695535,0.0217,0.0195,11.282051282051281,0.0462580045533225,1100,shipping-corporation-of-india,Small Cap,May-2025
195742,102041.0,1,TBO Tek Ltd.,Hospitality,Hospitality,Domestic Equities,164.0,168.0,-2.380952380952381,0.021400000000000002,0.0189,13.22751322751324,0.045618492969636,1100,tbo-tek,Small Cap,May-2025
152532,6617.0,1,Sun TV Network Ltd.,Media & Entertainment,Media & Entertainment,Domestic Equities,339.0,345.0,-1.7391304347826086,0.0213,0.021400000000000002,-0.46728971962617905,0.0454053224417405,1100,sun-tv-network,Small Cap,May-2025
152110,5928.0,1,ITI Ltd.,Telecom,Telecom,Domestic Equities,612.0,625.0,-2.08,0.0212,0.016,32.5,0.045192151913845,1100,iti,Small Cap,May-2025
678,15637.0,1,PNC Infratech Ltd.,Infrastructure,Infrastructure,Domestic Equities,718.0,732.0,-1.912568306010929,0.021,0.0194,8.24742268041238,0.044765810858054,1100,pnc-infratech,Small Cap,May-2025
195442,101899.0,1,Syrma SGS Technology Ltd.,Electricals,Electricals,Domestic Equities,388.0,394.0,-1.5228426395939088,0.0209,0.0183,14.207650273224031,0.0445526403301585,1100,syrma-sgs-technology,Small Cap,May-2025
133348,5626.0,1,Chennai Petroleum Corporation Ltd.,Crude Oil,Crude Oil,Domestic Equities,306.0,312.0,-1.9230769230769231,0.0207,0.0191,8.376963350785337,0.0441262992743675,1100,chennai-petroleum-corporation,Small Cap,May-2025
171894,86746.0,1,Godrej Agrovet Ltd.,FMCG,Fast Moving Consumer Goods,Domestic Equities,272.0,278.0,-2.158273381294964,0.0207,0.021400000000000002,-3.2710280373831906,0.0441262992743675,1100,godrej-agrovet,Small Cap,May-2025
207271,109317.0,1,Netweb Technologies India Ltd.,Consumer Durables,Consumer Durables,Domestic Equities,103.0,105.0,-1.9047619047619049,0.0206,0.0148,39.18918918918919,0.043913128746472,1100,netweb-technologies-india,Small Cap,May-2025
189369,98614.0,1,Alivus Life Sciences Ltd.,Healthcare,Healthcare,Domestic Equities,195.0,199.0,-2.0100502512562812,0.0203,0.022000000000000002,-7.7272727272727435,0.0432736171627855,1100,alivus-life-sciences,Small Cap,May-2025
643,7404.0,1,KNR Constructions Ltd.,Infrastructure,Infrastructure,Domestic Equities,917.0,936.0,-2.02991452991453,0.019299999999999998,0.020499999999999997,-5.85365853658536,0.0411419118838306,1100,knr-constructions,Small Cap,May-2025
116180,112103.0,1,Bajaj Housing Finance Ltd.,Finance,Finance,Domestic Equities,1566.0,1598.0,-2.002503128911139,0.0191,0.0195,-2.051282051282053,0.0407155708280396,1100,bajaj-housing-finance,Large Cap,May-2025
59494,100957.0,1,Latent View Analytics Ltd.,Business Services,Other,Domestic Equities,455.0,465.0,-2.1505376344086025,0.0189,0.0183,3.2786885245901543,0.0402892297722486,1100,latent-view-analytics,Small Cap,May-2025
114439,5439.0,1,Gujarat Mineral Development Corporation Ltd.,Mining,Mining,Domestic Equities,526.0,535.0,-1.6822429906542056,0.018799999999999997,0.0163,15.337423312883436,0.0400760592443531,1100,gujarat-mineral-development-corporation,Small Cap,May-2025
135194,112166.0,1,Niva Bupa Health Insurance Company Ltd.,Insurance,Finance,Domestic Equities,2025.0,2067.0,-2.0319303338171264,0.0187,0.0169,10.650887573964507,0.0398628887164576,1100,niva-bupa-health-insurance-company,Small Cap,May-2025
133666,8476.0,1,JBM Auto Ltd.,Automobile & Ancillaries,Automobile & Ancillaries,Domestic Equities,256.0,261.0,-1.9157088122605364,0.0184,0.017,8.235294117647067,0.0392233771327711,1100,jbm-auto,Small Cap,May-2025
152217,6011.0,1,Maharashtra Seamless Ltd.,Iron & Steel,Iron & Steel,Domestic Equities,265.0,271.0,-2.214022140221402,0.0183,0.0178,2.8089887640449462,0.0390102066048756,1100,maharashtra-seamless,Small Cap,May-2025
40702,7798.0,1,RHI Magnesita India Ltd.,Capital Goods,Capital Goods,Domestic Equities,385.0,393.0,-2.035623409669211,0.0177,0.0173,2.3121387283237014,0.0377311834375027,1100,rhi-magnesita-india,Small Cap,May-2025
219906,112338.0,1,Raymond Lifestyle Ltd.,Textile,Textile,Domestic Equities,172.0,175.0,-1.7142857142857144,0.0175,0.0168,4.1666666666666705,0.0373048423817117,1100,raymond-lifestyle,Small Cap,May-2025
133551,7167.0,1,Indian Overseas Bank,Bank,Banking,Domestic Equities,4362.0,4449.0,-1.9554956169925826,0.0174,0.0167,4.19161676646707,0.0370916718538162,1100,indian-overseas-bank,Large Cap,May-2025
192488,100187.0,1,CE Info Systems Ltd.,IT,Information Technology,Domestic Equities,89.0,91.0,-2.197802197802198,0.0172,0.0163,5.521472392638042,0.0366653307980252,1100,ce-info-systems,Small Cap,May-2025
37858,5520.0,1,Alkyl Amines Chemicals Ltd.,Chemicals,Chemicals,Domestic Equities,88.0,89.0,-1.1235955056179776,0.0171,0.0152,12.499999999999996,0.0364521602701297,1100,alkyl-amines-chemicals,Small Cap,May-2025
114673,111130.0,1,Inox India Ltd.,Capital Goods,Capital Goods,Domestic Equities,142.0,145.0,-2.0689655172413794,0.017,0.0143,18.881118881118883,0.0362389897422342,1100,inox-india,Small Cap,May-2025
152476,5252.0,1,Shree Renuka Sugars Ltd.,Agri,Agriculture,Domestic Equities,5067.0,5168.0,-1.9543343653250773,0.0166,0.0149,11.409395973154357,0.0353863076306522,1100,shree-renuka-sugars,Small Cap,May-2025
95406,100018.0,1,Emcure Pharmaceuticals Ltd.,Healthcare,Healthcare,Domestic Equities,125.0,128.0,-2.34375,0.0166,0.0131,26.717557251908385,0.0353863076306522,1100,emcure-pharmaceuticals,Small Cap,May-2025
42557,112281.0,1,Inventurus Knowledge Solutions Ltd.,IT,Information Technology,Domestic Equities,107.0,109.0,-1.834862385321101,0.0161,0.0161,0.0,0.0343204549911747,1100,inventurus-knowledge-solutions,Mid Cap,May-2025
176199,111753.0,1,OLA Electric Mobility Ltd.,Automobile & Ancillaries,Automobile & Ancillaries,Domestic Equities,3062.0,3123.0,-1.9532500800512327,0.015600000000000001,0.0152,2.6315789473684235,0.0332546023516973,1100,ola-electric-mobility,Mid Cap,May-2025
133083,6007.0,1,Alok Industries Ltd.,Textile,Textile,Domestic Equities,7895.0,8052.0,-1.949826130153999,0.0155,0.0134,15.671641791044772,0.0330414318238018,1100,alok-industries,Small Cap,May-2025
58164,86911.0,1,The New India Assurance Company Ltd.,Insurance,Finance,Domestic Equities,826.0,841.0,-1.78359096313912,0.0154,0.014499999999999999,6.206896551724143,0.0328282612959063,1100,the-new-india-assurance-company,Mid Cap,May-2025
505,6857.0,1,Central Bank Of India,Bank,Banking,Domestic Equities,3829.0,3906.0,-1.971326164874552,0.0149,0.014499999999999999,2.758620689655175,0.0317624086564288,1100,central-bank-of-india,Mid Cap,May-2025
195761,102061.0,1,Campus Activewear Ltd.,FMCG,Retailing,Domestic Equities,509.0,519.0,-1.9267822736030826,0.0148,0.0126,17.46031746031746,0.0315492381285333,1100,campus-activewear,Small Cap,May-2025
95549,7450.0,1,Aditya Birla Fashion and Retail Ltd.,Retailing,Retailing,Domestic Equities,1611.0,1642.0,-1.8879415347137638,0.0138,0.0433,-68.12933025404158,0.0294175328495783,1100,aditya-birla-fashion-and-retail,Mid Cap,May-2025
221192,112302.0,1,International Gemmological Institute (India) Ltd.,Business Services,Other,Domestic Equities,355.0,362.0,-1.9337016574585635,0.0138,0.0126,9.523809523809515,0.0294175328495783,1100,international-gemmological-institute-india,Small Cap,May-2025
219753,112169.0,1,Sagility India Ltd.,Business Services,Other,Domestic Equities,3473.0,3541.0,-1.9203614798079638,0.0137,0.014499999999999999,-5.5172413793103345,0.0292043623216829,1100,sagility-india,Small Cap,May-2025
152271,6134.0,1,Raymond Ltd.,Textile,Textile,Domestic Equities,212.0,215.0,-1.3953488372093024,0.0134,0.032799999999999996,-59.14634146341463,0.0285648507379964,1100,raymond,Small Cap,May-2025
289,5004.0,1,Rashtriya Chemicals and Fertilizers Ltd.,Chemicals,Chemicals,Domestic Equities,878.0,895.0,-1.899441340782123,0.0131,0.012199999999999999,7.377049180327876,0.0279253391543099,1100,rashtriya-chemicals-and-fertilizers,Small Cap,May-2025
65256,86779.0,1,Acme Solar Holdings Ltd.,Power,Power,Domestic Equities,496.0,506.0,-1.9762845849802373,0.0131,0.0106,23.584905660377355,0.0279253391543099,1100,acme-solar-holdings,Small Cap,May-2025
153043,7287.0,1,Just Dial Ltd.,Business Services,Information Technology,Domestic Equities,140.0,141.0,-0.7092198581560284,0.0124,0.0132,-6.060606060606066,0.0264331454590414,1100,just-dial,Small Cap,May-2025
133628,7605.0,1,UCO Bank,Bank,Banking,Domestic Equities,3514.0,3584.0,-1.953125,0.0116,0.0111,4.504504504504489,0.0247277812358775,1100,uco-bank,Mid Cap,May-2025
40323,8128.0,1,RattanIndia Enterprises Ltd.,Business Services,Other,Domestic Equities,2207.0,2252.0,-1.9982238010657194,0.0103,0.009399999999999999,9.574468085106393,0.021956564373236,1100,rattanindia-enterprises,Small Cap,May-2025
39219,111883.0,1,Akums Drugs & Pharmaceuticals Ltd.,Healthcare,Healthcare,Domestic Equities,174.0,178.0,-2.247191011235955,0.009899999999999999,0.009300000000000001,6.451612903225799,0.021103882261654,1100,akums-drugs-pharmaceuticals,Small Cap,May-2025
63725,92864.0,1,Route Mobile Ltd.,IT,Information Technology,Domestic Equities,100.0,102.0,-1.9607843137254901,0.0095,0.0097,-2.061855670103095,0.0202512001500721,1100,route-mobile,Small Cap,May-2025
171883,5324.0,1,Mangalore Refinery And Petrochemicals Ltd.,Crude Oil,Crude Oil,Domestic Equities,612.0,625.0,-2.08,0.0088,0.0084,4.761904761904766,0.0187590064548036,1100,mangalore-refinery-and-petrochemicals,Small Cap,May-2025
94495,5412.0,1,MMTC Ltd.,Trading,Trading,Domestic Equities,962.0,981.0,-1.9367991845056065,0.0083,0.0055000000000000005,50.90909090909089,0.0176931538153261,1100,mmtc,Small Cap,May-2025
