CompanyID,SecurityID,MfSchemeAssetAllocationID,Name,SectorName,EquitySectorName,Type,NoOfShare,PrevNoOfShare,SharesZG,MarketValue,PrevMarketValue,MarketValueZG,HoldingPercentage,Priority,SecuritySlug,McapCategory,Month
171875,5051,1,HDFC Bank Ltd.,Bank,Banking,Domestic Equities,15623.0,13249.0,17.91833345912899,1.4857,1.2608,17.837880710659896,5.37146906443088,1100,hdfc-bank,Large Cap,Sep-2025
171888,8748,1,ICICI Bank Ltd.,Bank,Banking,Domestic Equities,7299.0,6193.0,17.858872921039882,0.9839,0.8656999999999999,13.653690654961311,3.55723794338934,1100,icici-bank,Large Cap,Sep-2025
171531,4897,1,Reliance Industries Ltd.,Crude Oil,Crude Oil,Domestic Equities,6924.0,5886.0,17.635066258919473,0.9444,0.7988,18.22734101151728,3.41442780133844,1100,reliance-industries,Large Cap,Sep-2025
171889,4926,1,Infosys Ltd.,IT,Information Technology,Domestic Equities,3684.0,3129.0,17.737296260786195,0.5312,0.4598,15.528490648107876,1.92052525208702,1100,infosys,Large Cap,Sep-2025
133593,6508,1,Bharti Airtel Ltd.,Telecom,Telecom,Domestic Equities,2787.0,2368.0,17.694256756756758,0.5235,0.4473,17.035546613011412,1.89268631300368,1100,bharti-airtel,Large Cap,Sep-2025
152372,4964,1,Larsen & Toubro Ltd.,Infrastructure,Infrastructure,Domestic Equities,1201.0,1020.0,17.745098039215687,0.43939999999999996,0.36729999999999996,19.62973046555949,1.58862725106746,1100,larsen-toubro,Large Cap,Sep-2025
152408,5535,1,ITC Ltd.,FMCG,Fast Moving Consumer Goods,Domestic Equities,9854.0,8088.0,21.834817012858558,0.3957,0.33140000000000003,19.40253470126735,1.43063223315292,1100,itc,Large Cap,Sep-2025
133350,8843,1,State Bank Of India,Bank,Banking,Domestic Equities,4243.0,3338.0,27.112043139604552,0.37020000000000003,0.26789999999999997,38.18589025755881,1.33843834398082,1100,state-bank-of-india,Large Cap,Sep-2025
171400,5889,1,Axis Bank Ltd.,Bank,Banking,Domestic Equities,2928.0,2486.0,17.779565567176185,0.33130000000000004,0.25980000000000003,27.52117013086991,1.19779746991045,1100,axis-bank,Large Cap,Sep-2025
76200,82667,1,BSE Ltd.,Finance,Finance,Domestic Equities,1562.0,1354.0,15.36189069423929,0.3187,0.2838,12.297392529950676,1.15224284231953,1100,bse,Mid Cap,Sep-2025
171656,5311,1,Mahindra & Mahindra Ltd.,Automobile & Ancillaries,Automobile & Ancillaries,Domestic Equities,906.0,767.0,18.122555410691003,0.3105,0.24539999999999998,26.528117359413212,1.12259617991909,1100,mahindra-mahindra,Large Cap,Sep-2025
171915,6797,1,Tata Consultancy Services Ltd.,IT,Information Technology,Domestic Equities,1044.0,887.0,17.700112739571587,0.3015,0.2736,10.197368421052628,1.09005716021129,1100,tata-consultancy-services,Large Cap,Sep-2025
171492,5886,1,Kotak Mahindra Bank Ltd.,Bank,Banking,Domestic Equities,1503.0,1277.0,17.69772905246672,0.2995,0.2503,19.65641230523371,1.08282626694289,1100,kotak-mahindra-bank,Large Cap,Sep-2025
171484,6114,1,Bajaj Finance Ltd.,Finance,Finance,Domestic Equities,2720.0,2308.0,17.85095320623917,0.2717,0.2026,34.106614017769,0.982316850512128,1100,bajaj-finance,Large Cap,Sep-2025
171383,5551,1,Hero MotoCorp Ltd.,Automobile & Ancillaries,Automobile & Ancillaries,Domestic Equities,496.0,112.0,342.85714285714283,0.27140000000000003,0.057,376.140350877193,0.981232216521868,1100,hero-motocorp,Mid Cap,Sep-2025
152473,5056,1,Suzlon Energy Ltd.,Capital Goods,Capital Goods,Domestic Equities,46445.0,39621.0,17.223189722621843,0.2557,0.2236,14.355992844364943,0.924469704364929,1100,suzlon-energy,Mid Cap,Sep-2025
57445,86554,1,Dixon Technologies (India) Ltd.,Consumer Durables,Consumer Durables,Domestic Equities,155.0,129.0,20.155038759689923,0.253,0.21530000000000002,17.510450534138407,0.914707998452589,1100,dixon-technologies-india,Mid Cap,Sep-2025
156921,98676,1,Eternal Ltd.,Retailing,Information Technology,Domestic Equities,7122.0,6039.0,17.93343268753105,0.2318,0.18960000000000002,22.257383966244717,0.83806052980755,1100,eternal,Large Cap,Sep-2025
171717,5016,1,Hindustan Unilever Ltd.,FMCG,Fast Moving Consumer Goods,Domestic Equities,907.0,771.0,17.639429312581065,0.2281,0.2051,11.214041930765466,0.82468337726101,1100,hindustan-unilever,Large Cap,Sep-2025
157113,99763,1,PB Fintech Ltd.,IT,Information Technology,Domestic Equities,1290.0,1104.0,16.847826086956523,0.21960000000000002,0.1955,12.327365728900256,0.79395208087031,1100,pb-fintech,Mid Cap,Sep-2025
114530,88033,1,HDFC Asset Management Company Ltd.,Finance,Finance,Domestic Equities,389.0,337.0,15.43026706231454,0.2152,0.1841,16.892992938620313,0.778044115679831,1100,hdfc-asset-management-company,Mid Cap,Sep-2025
133625,7239,1,Maruti Suzuki India Ltd.,Automobile & Ancillaries,Automobile & Ancillaries,Domestic Equities,134.0,114.0,17.543859649122805,0.2148,0.1686,27.40213523131673,0.776597937026151,1100,maruti-suzuki-india,Large Cap,Sep-2025
133657,7260,1,Coforge Ltd.,IT,Information Technology,Domestic Equities,1279.0,1108.0,15.433212996389893,0.20350000000000001,0.1911,6.488749345892214,0.735743390059691,1100,coforge,Mid Cap,Sep-2025
171877,6125,1,Cummins India Ltd.,Automobile & Ancillaries,Automobile & Ancillaries,Domestic Equities,517.0,449.0,15.14476614699332,0.203,0.1718,18.160651920838188,0.733935666742591,1100,cummins-india,Mid Cap,Sep-2025
95548,5980,1,Persistent Systems Ltd.,IT,Information Technology,Domestic Equities,410.0,356.0,15.168539325842698,0.1977,0.1889,4.658549497088401,0.714773799581331,1100,persistent-systems,Mid Cap,Sep-2025
152636,5140,1,Fortis Healthcare Ltd.,Healthcare,Healthcare,Domestic Equities,1994.0,1733.0,15.060588574725909,0.1934,0.158,22.405063291139236,0.699227379054271,1100,fortis-healthcare,Mid Cap,Sep-2025
114442,5285,1,IndusInd Bank Ltd.,Bank,Banking,Domestic Equities,2521.0,572.0,340.73426573426576,0.18539999999999998,0.042300000000000004,338.2978723404255,0.670303805980672,1100,indusind-bank,Mid Cap,Sep-2025
171685,5596,1,The Federal Bank Ltd.,Bank,Banking,Domestic Equities,9411.0,8163.0,15.288496876148475,0.1816,0.1565,16.038338658146962,0.656565108770712,1100,the-federal-bank,Mid Cap,Sep-2025
152211,6247,1,Lupin Ltd.,Healthcare,Healthcare,Domestic Equities,926.0,804.0,15.17412935323383,0.177,0.1523,16.217990807616538,0.639934054253392,1100,lupin,Large Cap,Sep-2025
7737,15826,1,IDFC First Bank Ltd.,Bank,Banking,Domestic Equities,25323.0,21983.0,15.193558658963743,0.17670000000000002,0.1495,18.193979933110384,0.638849420263132,1100,idfc-first-bank,Mid Cap,Sep-2025
38803,5403,1,Indus Towers Ltd.,Telecom,Telecom,Domestic Equities,5060.0,4396.0,15.104640582347589,0.17350000000000002,0.14880000000000002,16.599462365591403,0.627279991033692,1100,indus-towers,Large Cap,Sep-2025
420,5071,1,Sun Pharmaceutical Industries Ltd.,Healthcare,Healthcare,Domestic Equities,1078.0,936.0,15.17094017094017,0.17190000000000003,0.1492,15.214477211796257,0.621495276418973,1100,sun-pharmaceutical-industries,Large Cap,Sep-2025
133664,7760,1,NTPC Ltd.,Power,Power,Domestic Equities,4849.0,4119.0,17.722748239864046,0.16510000000000002,0.1349,22.38695329873982,0.596910239306413,1100,ntpc,Large Cap,Sep-2025
171365,5279,1,Hindustan Petroleum Corporation Ltd.,Crude Oil,Crude Oil,Domestic Equities,3676.0,3195.0,15.054773082942097,0.163,0.1201,35.7202331390508,0.589317801374593,1100,hindustan-petroleum-corporation,Mid Cap,Sep-2025
152455,7030,1,Yes Bank Ltd.,Bank,Banking,Domestic Equities,75382.0,62742.0,20.145994708488733,0.1602,0.1198,33.72287145242069,0.579194550798833,1100,yes-bank,Mid Cap,Sep-2025
152222,5634,1,Max Financial Services Ltd.,Finance,Finance,Domestic Equities,1009.0,876.0,15.182648401826485,0.159,0.1404,13.247863247863256,0.574856014837793,1100,max-financial-services,Mid Cap,Sep-2025
152795,99590,1,One97 Communications Ltd.,IT,Information Technology,Domestic Equities,1405.0,1134.0,23.897707231040563,0.15789999999999998,0.1369,15.339663988312635,0.570879023540173,1100,one97-communications,Mid Cap,Sep-2025
141614,85778,1,AU Small Finance Bank Ltd.,Bank,Banking,Domestic Equities,2153.0,1868.0,15.256959314775163,0.1575,0.1341,17.449664429530202,0.569432844886493,1100,au-small-finance-bank,Mid Cap,Sep-2025
165,7447,1,SRF Ltd.,Chemicals,Chemicals,Domestic Equities,555.0,482.0,15.145228215767634,0.1567,0.1367,14.630577907827359,0.566540487579133,1100,srf,Mid Cap,Sep-2025
171659,5756,1,Ashok Leyland Ltd.,Automobile & Ancillaries,Automobile & Ancillaries,Domestic Equities,10955.0,9517.0,15.109803509509298,0.1563,0.1208,29.38741721854305,0.565094308925453,1100,ashok-leyland,Mid Cap,Sep-2025
171528,8219,1,HCL Technologies Ltd.,IT,Information Technology,Domestic Equities,1083.0,920.0,17.717391304347828,0.15,0.1338,12.107623318385643,0.542316995129993,1100,hcl-technologies,Large Cap,Sep-2025
133309,5981,1,Bharat Electronics Ltd.,Capital Goods,Capital Goods,Domestic Equities,3663.0,3111.0,17.743490838958532,0.14800000000000002,0.1149,28.807658833768496,0.535086101861594,1100,bharat-electronics,Large Cap,Sep-2025
133654,6850,1,Ultratech Cement Ltd.,Construction Materials,Construction Materials,Domestic Equities,121.0,103.0,17.475728155339805,0.1479,0.13019999999999998,13.594470046082947,0.534724557198173,1100,ultratech-cement,Large Cap,Sep-2025
152378,5539,1,Tata Motors Ltd.,Automobile & Ancillaries,Automobile & Ancillaries,Domestic Equities,2135.0,1813.0,17.760617760617762,0.1452,0.1213,19.703215169002462,0.524962851285834,1100,tata-motors,Large Cap,Sep-2025
152362,5226,1,Tata Steel Ltd.,Iron & Steel,Iron & Steel,Domestic Equities,8458.0,7185.0,17.717466945024356,0.1427,0.111,28.558558558558563,0.515924234700334,1100,tata-steel,Large Cap,Sep-2025
171635,7381,1,UPL Ltd.,Chemicals,Chemicals,Domestic Equities,2176.0,1683.0,29.292929292929294,0.1427,0.12050000000000001,18.423236514522813,0.515924234700334,1100,upl,Mid Cap,Sep-2025
171461,6050,1,Titan Company Ltd.,Diamond  &  Jewellery,Diamond & Jewellery,Domestic Equities,422.0,358.0,17.877094972067038,0.1421,0.12990000000000002,9.391839876828334,0.513754966719814,1100,titan-company,Large Cap,Sep-2025
171327,5699,1,Marico Ltd.,FMCG,Fast Moving Consumer Goods,Domestic Equities,2025.0,1757.0,15.25327262379055,0.1412,0.1275,10.74509803921568,0.510501064749034,1100,marico,Mid Cap,Sep-2025
151967,5716,1,GE Vernova T&D India Ltd.,Capital Goods,Capital Goods,Domestic Equities,474.0,412.0,15.048543689320388,0.14029999999999998,0.11449999999999999,22.53275109170306,0.507247162778254,1100,ge-vernova-td-india,Mid Cap,Sep-2025
134131,90516,1,Polycab India Ltd.,Electricals,Electricals,Domestic Equities,192.0,167.0,14.97005988023952,0.1399,0.1184,18.158783783783786,0.505800984124574,1100,polycab-india,Mid Cap,Sep-2025
84908,112552,1,Swiggy Ltd.,Retailing,Information Technology,Domestic Equities,3252.0,337.0,864.9851632047478,0.1375,0.0138,896.3768115942031,0.497123912202494,1100,swiggy,Mid Cap,Sep-2025
517,7825,1,Power Grid Corporation Of India Ltd.,Power,Power,Domestic Equities,4632.0,3936.0,17.682926829268293,0.1298,0.10830000000000001,19.852262234533704,0.469284973119154,1100,power-grid-corporation-of-india,Large Cap,Sep-2025
101370,86936,1,Tube Investments of India Ltd.,Automobile & Ancillaries,Automobile & Ancillaries,Domestic Equities,408.0,355.0,14.929577464788732,0.1263,0.1051,20.171265461465282,0.456630909899454,1100,tube-investments-of-india,Mid Cap,Sep-2025
77293,6578,1,Muthoot Finance Ltd.,Finance,Finance,Domestic Equities,410.0,356.0,15.168539325842698,0.12619999999999998,0.09390000000000001,34.39829605963789,0.456269365236034,1100,muthoot-finance,Mid Cap,Sep-2025
96486,15829,1,Interglobe Aviation Ltd.,Aviation,Aviation,Domestic Equities,222.0,170.0,30.58823529411765,0.1242,0.096,29.375000000000007,0.449038471967635,1100,interglobe-aviation,Large Cap,Sep-2025
152369,6790,1,Bharat Forge Ltd.,Automobile & Ancillaries,Automobile & Ancillaries,Domestic Equities,1020.0,886.0,15.124153498871332,0.12369999999999999,0.0981,26.09582059123342,0.447230748650535,1100,bharat-forge,Mid Cap,Sep-2025
191600,99819,1,FSN E-Commerce Ventures Ltd.,Retailing,Information Technology,Domestic Equities,5224.0,4535.0,15.192943770672546,0.12140000000000001,0.10439999999999999,16.28352490421457,0.438915221391875,1100,fsn-e-commerce-ventures,Mid Cap,Sep-2025
77359,100627,1,Waaree Energies Ltd.,Capital Goods,Capital Goods,Domestic Equities,361.0,108.0,234.25925925925927,0.1202,0.036699999999999997,227.52043596730243,0.434576685430835,1100,waaree-energies,Mid Cap,Sep-2025
222979,112566,1,Vishal Mega Mart Ltd.,Retailing,Retailing,Domestic Equities,8023.0,3785.0,111.96829590488771,0.11960000000000001,0.056600000000000004,111.30742049469966,0.432407417450315,1100,vishal-mega-mart,Mid Cap,Sep-2025
152551,7908,1,GMR Airports Ltd.,Infrastructure,Aviation,Domestic Equities,13662.0,11869.0,15.106580166821132,0.1191,0.10220000000000001,16.536203522504884,0.430599694133215,1100,gmr-airports,Mid Cap,Sep-2025
152379,5838,1,Voltas Ltd.,Consumer Durables,Consumer Durables,Domestic Equities,871.0,757.0,15.059445178335535,0.11789999999999999,0.10400000000000001,13.365384615384604,0.426261158172175,1100,voltas,Mid Cap,Sep-2025
133342,5963,1,Bharat Heavy Electricals Ltd.,Capital Goods,Capital Goods,Domestic Equities,4919.0,4275.0,15.064327485380117,0.1173,0.0889,31.946006749156354,0.424091890191655,1100,bharat-heavy-electricals,Mid Cap,Sep-2025
587,7648,1,APL Apollo Tubes Ltd.,Iron & Steel,Iron & Steel,Domestic Equities,694.0,602.0,15.282392026578073,0.11699999999999999,0.0966,21.118012422360238,0.423007256201395,1100,apl-apollo-tubes,Mid Cap,Sep-2025
171708,8443,1,Bajaj Finserv Ltd.,Finance,Finance,Domestic Equities,582.0,471.0,23.56687898089172,0.1168,0.0901,29.633740288568255,0.422284166874555,1100,bajaj-finserv,Large Cap,Sep-2025
38931,15891,1,Alkem Laboratories Ltd.,Healthcare,Healthcare,Domestic Equities,214.0,178.0,20.224719101123593,0.1161,0.0944,22.98728813559322,0.419753354230615,1100,alkem-laboratories,Mid Cap,Sep-2025
599,7495,1,Sundaram Finance Ltd.,Finance,Finance,Domestic Equities,263.0,229.0,14.847161572052403,0.11599999999999999,0.10289999999999999,12.730806608357634,0.419391809567195,1100,sundaram-finance,Mid Cap,Sep-2025
171465,6543,1,Aurobindo Pharma Ltd.,Healthcare,Healthcare,Domestic Equities,1070.0,930.0,15.053763440860216,0.11599999999999999,0.0956,21.338912133891203,0.419391809567195,1100,aurobindo-pharma,Mid Cap,Sep-2025
19255,6350,1,Mphasis Ltd.,IT,Information Technology,Domestic Equities,435.0,378.0,15.079365079365079,0.1155,0.1054,9.58254269449717,0.417584086250095,1100,mphasis,Mid Cap,Sep-2025
171946,6864,1,Godrej Properties Ltd.,Realty,Realty,Domestic Equities,575.0,500.0,15.0,0.11320000000000001,0.0974,16.2217659137577,0.409268558991435,1100,godrej-properties,Mid Cap,Sep-2025
152343,5043,1,Hindalco Industries Ltd.,Non - Ferrous Metals,Non - Ferrous Metals,Domestic Equities,1480.0,1258.0,17.647058823529413,0.1128,0.0886,27.313769751693002,0.407822380337755,1100,hindalco-industries,Large Cap,Sep-2025
133463,8505,1,Glenmark Pharmaceuticals Ltd.,Healthcare,Healthcare,Domestic Equities,576.0,500.0,15.2,0.1125,0.0962,16.943866943866954,0.406737746347495,1100,glenmark-pharmaceuticals,Mid Cap,Sep-2025
171820,5969,1,Colgate-Palmolive (India) Ltd.,FMCG,Fast Moving Consumer Goods,Domestic Equities,504.0,438.0,15.068493150684931,0.11199999999999999,0.10210000000000001,9.696376101860904,0.404930023030395,1100,colgate-palmolive-india,Mid Cap,Sep-2025
122,5767,1,The Phoenix Mills Ltd.,Realty,Realty,Domestic Equities,714.0,620.0,15.161290322580644,0.11109999999999999,0.0932,19.206008583690977,0.401676121059615,1100,the-phoenix-mills,Mid Cap,Sep-2025
171799,4956,1,Dabur India Ltd.,FMCG,Fast Moving Consumer Goods,Domestic Equities,2256.0,512.0,340.625,0.1108,0.026699999999999998,314.9812734082397,0.400591487069355,1100,dabur-india,Mid Cap,Sep-2025
133434,4968,1,JSW Steel Ltd.,Iron & Steel,Iron & Steel,Domestic Equities,958.0,824.0,16.2621359223301,0.10949999999999999,0.08460000000000001,29.432624113475153,0.395891406444895,1100,jsw-steel,Large Cap,Sep-2025
152118,7308,1,PI Industries Ltd.,Chemicals,Chemicals,Domestic Equities,310.0,269.0,15.241635687732341,0.10890000000000001,0.09939999999999999,9.55734406438633,0.393722138464375,1100,pi-industries,Mid Cap,Sep-2025
171658,4978,1,Asian Paints Ltd.,Chemicals,Chemicals,Domestic Equities,462.0,393.0,17.557251908396946,0.10859999999999999,0.099,9.696969696969687,0.392637504474115,1100,asian-paints,Large Cap,Sep-2025
152245,5078,1,Grasim Industries Ltd.,Diversified,Construction Materials,Domestic Equities,390.0,331.0,17.82477341389728,0.1075,0.0919,16.97497279651796,0.388660513176495,1100,grasim-industries,Large Cap,Sep-2025
152205,8185,1,Trent Ltd.,Retailing,Retailing,Domestic Equities,227.0,193.0,17.616580310880828,0.10619999999999999,0.1023,3.81231671554251,0.383960432552035,1100,trent,Large Cap,Sep-2025
539,7794,1,Adani Ports and Special Economic Zone Ltd.,Logistics,Logistics,Domestic Equities,754.0,641.0,17.628705148205928,0.1058,0.0842,25.653206650831358,0.382514253898355,1100,adani-ports-and-special-economic-zone,Large Cap,Sep-2025
1152,105806,1,Mankind Pharma Ltd.,Healthcare,Healthcare,Domestic Equities,432.0,375.0,15.2,0.1052,0.09269999999999999,13.484358144552319,0.380344985917835,1100,mankind-pharma,Large Cap,Sep-2025
153586,8183,1,NHPC Ltd.,Power,Power,Domestic Equities,12113.0,10525.0,15.087885985748217,0.10460000000000001,0.08130000000000001,28.65928659286593,0.378175717937315,1100,nhpc,Mid Cap,Sep-2025
56674,5695,1,Supreme Industries Ltd.,Plastic Products,Plastic Products,Domestic Equities,247.0,215.0,14.883720930232558,0.1042,0.09609999999999999,8.428720083246624,0.376729539283635,1100,supreme-industries,Mid Cap,Sep-2025
133608,7612,1,Union Bank Of India,Bank,Banking,Domestic Equities,7398.0,6427.0,15.108137544733157,0.1025,0.0802,27.805486284289284,0.370583280005496,1100,union-bank-of-india,Large Cap,Sep-2025
152238,8313,1,MRF Ltd.,Automobile & Ancillaries,Automobile & Ancillaries,Domestic Equities,7.0,6.0,16.666666666666664,0.10210000000000001,0.08460000000000001,20.68557919621749,0.369137101351816,1100,mrf,Mid Cap,Sep-2025
19182,5589,1,Coromandel International Ltd.,Chemicals,Chemicals,Domestic Equities,452.0,393.0,15.012722646310433,0.1016,0.0907,12.01764057331863,0.367329378034716,1100,coromandel-international,Mid Cap,Sep-2025
152608,7159,1,Indian Bank,Bank,Banking,Domestic Equities,1352.0,1175.0,15.063829787234043,0.1015,0.0767,32.33376792698827,0.366967833371296,1100,indian-bank,Mid Cap,Sep-2025
19275,7232,1,NMDC Ltd.,Mining,Mining,Domestic Equities,13233.0,11497.0,15.099591197703749,0.10099999999999999,0.0791,27.686472819216174,0.365160110054196,1100,nmdc,Mid Cap,Sep-2025
171336,8097,1,JK Cement Ltd.,Construction Materials,Construction Materials,Domestic Equities,160.0,139.0,15.107913669064748,0.1008,0.0966,4.347826086956521,0.364437020727356,1100,jk-cement,Mid Cap,Sep-2025
77639,92991,1,SBI Cards And Payment Services Ltd.,Finance,Finance,Domestic Equities,1147.0,996.0,15.160642570281125,0.10060000000000001,0.08,25.750000000000007,0.363713931400516,1100,sbi-cards-and-payment-services,Mid Cap,Sep-2025
2469,110949,1,JIO Financial Services Ltd.,Finance,Finance,Domestic Equities,3351.0,2847.0,17.702845100105375,0.0983,0.08869999999999999,10.822998872604295,0.355398404141856,1100,jio-financial-services,Large Cap,Sep-2025
707,8442,1,Bajaj Auto Ltd.,Automobile & Ancillaries,Automobile & Ancillaries,Domestic Equities,113.0,96.0,17.708333333333336,0.0981,0.08289999999999999,18.335343787696036,0.354675314815016,1100,bajaj-auto,Large Cap,Sep-2025
171572,5156,1,Eicher Motors Ltd.,Automobile & Ancillaries,Automobile & Ancillaries,Domestic Equities,140.0,119.0,17.647058823529413,0.0981,0.0726,35.12396694214877,0.354675314815016,1100,eicher-motors,Large Cap,Sep-2025
171321,7864,1,Page Industries Ltd.,Textile,Textile,Domestic Equities,24.0,20.0,20.0,0.09759999999999999,0.08869999999999999,10.033821871476896,0.352867591497916,1100,page-industries,Mid Cap,Sep-2025
153260,8051,1,Prestige Estates Projects Ltd.,Realty,Realty,Domestic Equities,645.0,561.0,14.973262032085561,0.0974,0.0876,11.18721461187215,0.352144502171076,1100,prestige-estates-projects,Mid Cap,Sep-2025
113892,8292,1,KEI Industries Ltd.,Electricals,Electricals,Domestic Equities,236.0,205.0,15.121951219512194,0.0959,0.0781,22.79129321382843,0.346721332219776,1100,kei-industries,Mid Cap,Sep-2025
152256,5774,1,Oil & Natural Gas Corporation Ltd.,Crude Oil,Crude Oil,Domestic Equities,3972.0,3374.0,17.723770005927683,0.0951,0.0789,20.532319391634985,0.343828974912416,1100,oil-natural-gas-corporation,Large Cap,Sep-2025
133317,6810,1,Blue Star Ltd.,Consumer Durables,Consumer Durables,Domestic Equities,496.0,431.0,15.081206496519723,0.0933,0.08109999999999999,15.043156596794091,0.337321170970856,1100,blue-star,Mid Cap,Sep-2025
96004,7992,1,Jubilant FoodWorks Ltd.,FMCG,Fast Moving Consumer Goods,Domestic Equities,1498.0,1265.0,18.41897233201581,0.0925,0.0794,16.498740554156164,0.334428813663496,1100,jubilant-foodworks,Mid Cap,Sep-2025
134703,87891,1,Hindustan Aeronautics Ltd.,Capital Goods,Capital Goods,Domestic Equities,194.0,165.0,17.575757575757574,0.09210000000000002,0.07150000000000001,28.811188811188813,0.332982635009816,1100,hindustan-aeronautics,Large Cap,Sep-2025
171369,7531,1,Tech Mahindra Ltd.,IT,Information Technology,Domestic Equities,649.0,551.0,17.78584392014519,0.0909,0.0816,11.39705882352941,0.328644099048776,1100,tech-mahindra,Large Cap,Sep-2025
133630,5815,1,Jindal Stainless Ltd.,Iron & Steel,Iron & Steel,Domestic Equities,1229.0,1073.0,14.538676607642126,0.0907,0.0819,10.744810744810755,0.327921009721936,1100,jindal-stainless,Mid Cap,Sep-2025
115643,7007,1,Coal India Ltd.,Mining,Mining,Domestic Equities,2322.0,1973.0,17.688798783578306,0.09050000000000001,0.0739,22.462787550744263,0.327197920395096,1100,coal-india,Large Cap,Sep-2025
135555,92715,1,360 One Wam Ltd.,Finance,Finance,Domestic Equities,882.0,738.0,19.51219512195122,0.09029999999999999,0.0751,20.23968042609853,0.326474831068256,1100,360-one-wam,Mid Cap,Sep-2025
57620,82559,1,ICICI Prudential Life Insurance Company Ltd.,Insurance,Finance,Domestic Equities,1501.0,340.0,341.4705882352941,0.08929999999999999,0.0204,337.7450980392157,0.322859384434056,1100,icici-prudential-life-insurance-company,Mid Cap,Sep-2025
171840,6541,1,UNO Minda Ltd.,Automobile & Ancillaries,Automobile & Ancillaries,Domestic Equities,687.0,594.0,15.656565656565657,0.0892,0.076,17.368421052631582,0.322497839770636,1100,uno-minda,Mid Cap,Sep-2025
152574,8059,1,Torrent Power Ltd.,Power,Power,Domestic Equities,728.0,632.0,15.18987341772152,0.08869999999999999,0.0776,14.3041237113402,0.320690116453536,1100,torrent-power,Mid Cap,Sep-2025
56728,7719,1,Shriram Finance Ltd.,Finance,Finance,Domestic Equities,1431.0,1216.0,17.68092105263158,0.0882,0.0706,24.929178470254968,0.318882393136436,1100,shriram-finance,Large Cap,Sep-2025
177212,94646,1,Hitachi Energy India Ltd.,Capital Goods,Capital Goods,Domestic Equities,48.0,42.0,14.285714285714285,0.0864,0.0803,7.596513075965146,0.312374589194876,1100,hitachi-energy-india,Mid Cap,Sep-2025
133330,5128,1,Cipla Ltd.,Healthcare,Healthcare,Domestic Equities,575.0,488.0,17.827868852459016,0.0864,0.0776,11.340206185567022,0.312374589194876,1100,cipla,Large Cap,Sep-2025
677,6026,1,Oil India Ltd.,Crude Oil,Crude Oil,Domestic Equities,2087.0,1814.0,15.049614112458654,0.0864,0.0708,22.033898305084755,0.312374589194876,1100,oil-india,Mid Cap,Sep-2025
152616,7532,1,Vodafone Idea Ltd.,Telecom,Telecom,Domestic Equities,105724.0,91844.0,15.112582204607813,0.086,0.0596,44.29530201342281,0.310928410541196,1100,vodafone-idea,Mid Cap,Sep-2025
79346,86555,1,Aditya Birla Capital Ltd.,Finance,Finance,Domestic Equities,2926.0,2376.0,23.14814814814815,0.0855,0.066,29.545454545454565,0.309120687224096,1100,aditya-birla-capital,Mid Cap,Sep-2025
77009,96064,1,Max Healthcare Institute Ltd.,Healthcare,Healthcare,Domestic Equities,760.0,2472.0,-69.25566343042071,0.08470000000000001,0.2853,-70.31195233087978,0.306228329916736,1100,max-healthcare-institute,Large Cap,Sep-2025
152400,5891,1,Nestle India Ltd.,FMCG,Fast Moving Consumer Goods,Domestic Equities,733.0,623.0,17.656500802568218,0.08449999999999999,0.07200000000000001,17.3611111111111,0.305505240589896,1100,nestle-india,Large Cap,Sep-2025
58168,86912,1,HDFC Life Insurance Company Ltd.,Insurance,Finance,Domestic Equities,1097.0,931.0,17.830290010741138,0.083,0.0719,15.438108484005566,0.300082070638596,1100,hdfc-life-insurance-company,Large Cap,Sep-2025
133507,6902,1,TVS Motor Company Ltd.,Automobile & Ancillaries,Automobile & Ancillaries,Domestic Equities,240.0,204.0,17.647058823529413,0.0825,0.0668,23.502994011976053,0.298274347321496,1100,tvs-motor-company,Large Cap,Sep-2025
152907,86648,1,SBI Life Insurance Company Ltd.,Insurance,Finance,Domestic Equities,458.0,389.0,17.737789203084834,0.08199999999999999,0.0702,16.809116809116805,0.296466624004396,1100,sbi-life-insurance-company,Large Cap,Sep-2025
225180,112809,1,ITC Hotels Ltd.,Hospitality,Hospitality,Domestic Equities,3566.0,,,0.081,,,0.292851177370196,1100,itc-hotels,Mid Cap,Sep-2025
152242,5741,1,Vedanta Ltd.,Non - Ferrous Metals,Non - Ferrous Metals,Domestic Equities,1734.0,1473.0,17.718940936863543,0.0808,0.062,30.32258064516129,0.292128088043356,1100,vedanta,Large Cap,Sep-2025
114652,92620,1,Indian Railway Catering And Tourism Corporation Ltd.,Hospitality,Hospitality,Domestic Equities,1154.0,1003.0,15.054835493519441,0.0808,0.0694,16.426512968299704,0.292128088043356,1100,indian-railway-catering-and-tourism-corporation,Mid Cap,Sep-2025
133642,6320,1,Petronet LNG Ltd.,Inds. Gases & Fuels,Industrials Gases & Fuels,Domestic Equities,2869.0,2493.0,15.08223024468512,0.08,0.0672,19.04761904761905,0.289235730735997,1100,petronet-lng,Mid Cap,Sep-2025
133643,6434,1,Biocon Ltd.,Healthcare,Healthcare,Domestic Equities,2298.0,1997.0,15.072608913370056,0.0784,0.0696,12.643678160919539,0.283451016121277,1100,biocon,Mid Cap,Sep-2025
1704,6920,1,L&T Finance Ltd.,Finance,Finance,Domestic Equities,3120.0,2674.0,16.67913238593867,0.07780000000000001,0.0581,33.907056798623074,0.281281748140757,1100,lt-finance,Mid Cap,Sep-2025
171585,5257,1,Dr. Reddy's Laboratories Ltd.,Healthcare,Healthcare,Domestic Equities,623.0,529.0,17.76937618147448,0.0762,0.0667,14.242878560719644,0.275497033526037,1100,dr-reddy's-laboratories,Large Cap,Sep-2025
38020,6672,1,Apollo Hospitals Enterprise Ltd.,Healthcare,Healthcare,Domestic Equities,102.0,87.0,17.24137931034483,0.0756,0.0662,14.199395770392742,0.273327765545517,1100,apollo-hospitals-enterprise,Large Cap,Sep-2025
171698,8307,1,Oracle Financial Services Software Ltd.,IT,Information Technology,Domestic Equities,90.0,78.0,15.384615384615385,0.0756,0.0647,16.84698608964451,0.273327765545517,1100,oracle-financial-services-software,Mid Cap,Sep-2025
152401,5684,1,Tata Consumer Products Ltd.,Agri,Agriculture,Domestic Equities,666.0,565.0,17.876106194690266,0.07519999999999999,0.0602,24.916943521594686,0.271881586891837,1100,tata-consumer-products,Large Cap,Sep-2025
152296,7356,1,Patanjali Foods Ltd.,FMCG,Fast Moving Consumer Goods,Domestic Equities,1301.0,369.0,252.57452574525746,0.07490000000000001,0.06559999999999999,14.176829268292693,0.270796952901577,1100,patanjali-foods,Mid Cap,Sep-2025
133351,5368,1,Steel Authority Of India Ltd.,Iron & Steel,Iron & Steel,Domestic Equities,5534.0,4808.0,15.099833610648918,0.07440000000000001,0.0571,30.297723292469357,0.268989229584477,1100,steel-authority-of-india,Mid Cap,Sep-2025
756,88308,1,Rail Vikas Nigam Ltd.,Infrastructure,Infrastructure,Domestic Equities,2172.0,1888.0,15.04237288135593,0.0737,0.0571,29.071803852889673,0.266458416940537,1100,rail-vikas-nigam,Mid Cap,Sep-2025
171462,6372,1,Divi's Laboratories Ltd.,Healthcare,Healthcare,Domestic Equities,129.0,110.0,17.272727272727273,0.07339999999999999,0.0674,8.902077151335307,0.265373782950277,1100,divis-laboratories,Large Cap,Sep-2025
133439,5473,1,National Aluminium Company Ltd.,Non - Ferrous Metals,Non - Ferrous Metals,Domestic Equities,3432.0,2983.0,15.051961112973517,0.07339999999999999,0.0555,32.252252252252255,0.265373782950277,1100,national-aluminium-company,Mid Cap,Sep-2025
171509,5522,1,Tata Communications Ltd.,Telecom,Telecom,Domestic Equities,449.0,390.0,15.128205128205128,0.0724,0.0604,19.867549668874172,0.261758336316077,1100,tata-communications,Mid Cap,Sep-2025
171628,5788,1,Britannia Industries Ltd.,FMCG,Fast Moving Consumer Goods,Domestic Equities,120.0,102.0,17.647058823529413,0.0719,0.0594,21.04377104377104,0.259950612998977,1100,britannia-industries,Large Cap,Sep-2025
153691,5278,1,Oberoi Realty Ltd.,Realty,Realty,Domestic Equities,450.0,391.0,15.089514066496163,0.0712,0.063,13.01587301587302,0.257419800355037,1100,oberoi-realty,Mid Cap,Sep-2025
352,7184,1,Ipca Laboratories Ltd.,Healthcare,Healthcare,Domestic Equities,532.0,462.0,15.151515151515152,0.0712,0.064,11.249999999999996,0.257419800355037,1100,ipca-laboratories,Mid Cap,Sep-2025
1427,98308,1,Sona BLW Precision Forgings Ltd.,Automobile & Ancillaries,Automobile & Ancillaries,Domestic Equities,1715.0,1490.0,15.100671140939598,0.0706,0.066,6.969696969696971,0.255250532374517,1100,sona-blw-precision-forgings,Mid Cap,Sep-2025
79,7951,1,Balkrishna Industries Ltd.,Automobile & Ancillaries,Automobile & Ancillaries,Domestic Equities,306.0,266.0,15.037593984962406,0.0702,0.060899999999999996,15.270935960591128,0.253804353720837,1100,balkrishna-industries,Mid Cap,Sep-2025
171511,5199,1,Wipro Ltd.,IT,Information Technology,Domestic Equities,2917.0,2478.0,17.71589991928975,0.0698,0.061799999999999994,12.94498381877024,0.252358175067157,1100,wipro,Large Cap,Sep-2025
152519,8782,1,Mahindra & Mahindra Financial Services Ltd.,Finance,Finance,Domestic Equities,2531.0,2200.0,15.045454545454545,0.0697,0.0559,24.68694096601073,0.251996630403737,1100,mahindra-mahindra-financial-services,Mid Cap,Sep-2025
171514,5399,1,Cholamandalam Investment and Finance Company Ltd.,Finance,Finance,Domestic Equities,431.0,365.0,18.08219178082192,0.0694,0.0519,33.71868978805394,0.250911996413477,1100,cholamandalam-investment-and-finance-company,Large Cap,Sep-2025
75891,5355,1,Container Corporation Of India Ltd.,Logistics,Logistics,Domestic Equities,1319.0,1146.0,15.095986038394415,0.0694,0.0604,14.900662251655636,0.250911996413477,1100,container-corporation-of-india,Mid Cap,Sep-2025
152323,7533,1,Tata Elxsi Ltd.,IT,Information Technology,Domestic Equities,132.0,115.0,14.782608695652174,0.069,0.0602,14.617940199335564,0.249465817759797,1100,tata-elxsi,Mid Cap,Sep-2025
123299,91366,1,KPIT Technologies Ltd.,IT,Information Technology,Domestic Equities,626.0,543.0,15.285451197053407,0.0687,0.0646,6.346749226006194,0.248381183769537,1100,kpit-technologies,Mid Cap,Sep-2025
171886,6139,1,Exide Industries Ltd.,Automobile & Ancillaries,Automobile & Ancillaries,Domestic Equities,1741.0,1513.0,15.069398545935227,0.068,0.06,13.33333333333333,0.245850371125597,1100,exide-industries,Mid Cap,Sep-2025
47051,90577,1,Dalmia Bharat Ltd.,Construction Materials,Construction Materials,Domestic Equities,305.0,264.0,15.530303030303031,0.0679,0.0634,7.0977917981072585,0.245488826462177,1100,dalmia-bharat,Mid Cap,Sep-2025
152376,5012,1,Bharat Petroleum Corporation Ltd.,Crude Oil,Crude Oil,Domestic Equities,1981.0,1684.0,17.636579572446557,0.0673,0.0519,29.672447013487474,0.243319558481657,1100,bharat-petroleum-corporation,Large Cap,Sep-2025
171619,82976,1,Avenue Supermarts Ltd.,Retailing,Retailing,Domestic Equities,150.0,127.0,18.11023622047244,0.06709999999999999,0.0604,11.092715231788079,0.242596469154817,1100,avenue-supermarts,Large Cap,Sep-2025
171444,98250,1,Kalyan Jewellers India Ltd.,Diamond  &  Jewellery,Diamond & Jewellery,Domestic Equities,1472.0,1278.0,15.179968701095461,0.0669,0.0644,3.881987577639751,0.241873379827977,1100,kalyan-jewellers-india,Mid Cap,Sep-2025
152316,5915,1,Tata Power Company Ltd.,Power,Power,Domestic Equities,1716.0,1459.0,17.614804660726524,0.0667,0.0546,22.16117216117216,0.241150290501137,1100,tata-power-company,Large Cap,Sep-2025
75697,6614,1,Adani Enterprises Ltd.,Trading,Trading,Domestic Equities,266.0,226.0,17.699115044247787,0.0667,0.0507,31.55818540433924,0.241150290501137,1100,adani-enterprises,Large Cap,Sep-2025
97125,90518,1,Adani Total Gas Ltd.,Gas Transmission,Gas Transmission,Domestic Equities,1062.0,922.0,15.184381778741866,0.0664,0.0545,21.83486238532109,0.240065656510877,1100,adani-total-gas,Mid Cap,Sep-2025
152207,5372,1,LIC Housing Finance Ltd.,Finance,Finance,Domestic Equities,1151.0,1000.0,15.1,0.065,0.0555,17.117117117117118,0.235004031222997,1100,lic-housing-finance,Mid Cap,Sep-2025
19098,6973,1,Schaeffler India Ltd.,Automobile & Ancillaries,Automobile & Ancillaries,Domestic Equities,154.0,133.0,15.789473684210526,0.06480000000000001,0.051399999999999994,26.070038910505854,0.234280941896157,1100,schaeffler-india,Mid Cap,Sep-2025
152406,5107,1,The Indian Hotels Company Ltd.,Hospitality,Hospitality,Domestic Equities,898.0,763.0,17.693315858453474,0.0647,0.0579,11.744386873920549,0.233919397232737,1100,the-indian-hotels-company,Large Cap,Sep-2025
171434,4916,1,Astral Ltd.,Plastic Products,Plastic Products,Domestic Equities,471.0,409.0,15.158924205378973,0.0644,0.0556,15.827338129496418,0.232834763242477,1100,astral,Mid Cap,Sep-2025
38605,83193,1,Varun Beverages Ltd.,FMCG,Fast Moving Consumer Goods,Domestic Equities,1384.0,1164.0,18.900343642611684,0.061399999999999996,0.0567,8.289241622574952,0.221988423339877,1100,varun-beverages,Large Cap,Sep-2025
75659,6055,1,Lloyds Metals & Energy Ltd.,Iron & Steel,Iron & Steel,Domestic Equities,501.0,435.0,15.172413793103448,0.061399999999999996,0.056100000000000004,9.447415329768258,0.221988423339877,1100,lloyds-metals-energy,Mid Cap,Sep-2025
152604,5456,1,Power Finance Corporation Ltd.,Finance,Finance,Domestic Equities,1488.0,1265.0,17.628458498023715,0.061,0.048,27.083333333333332,0.220542244686197,1100,power-finance-corporation,Large Cap,Sep-2025
797,86851,1,Nippon Life India Asset Management Ltd.,Finance,Finance,Domestic Equities,676.0,584.0,15.753424657534246,0.0587,0.0458,28.16593886462882,0.212226717427537,1100,nippon-life-india-asset-management,Mid Cap,Sep-2025
171565,6678,1,Apollo Tyres Ltd.,Automobile & Ancillaries,Automobile & Ancillaries,Domestic Equities,1239.0,1072.0,15.578358208955223,0.058600000000000006,0.0495,18.383838383838384,0.211865172764117,1100,apollo-tyres,Small Cap,Sep-2025
38708,8062,1,Adani Power Ltd.,Power,Power,Domestic Equities,4025.0,683.0,489.311859443631,0.0582,0.040999999999999995,41.951219512195145,0.210418994110437,1100,adani-power,Large Cap,Sep-2025
134823,84770,1,Cochin Shipyard Ltd.,Ship Building,Ship Building,Domestic Equities,324.0,281.0,15.302491103202847,0.057999999999999996,0.0452,28.318584070796472,0.209695904783597,1100,cochin-shipyard,Mid Cap,Sep-2025
173672,92657,1,Gujarat Fluorochemicals Ltd.,Chemicals,Chemicals,Domestic Equities,156.0,135.0,15.555555555555555,0.057800000000000004,0.0461,25.379609544468547,0.208972815456757,1100,gujarat-fluorochemicals,Mid Cap,Sep-2025
114414,5238,1,Bank Of India,Bank,Banking,Domestic Equities,4652.0,4042.0,15.091538842157348,0.0574,0.0446,28.69955156950673,0.207526636803077,1100,bank-of-india,Mid Cap,Sep-2025
57031,5903,1,Indian Oil Corporation Ltd.,Crude Oil,Crude Oil,Domestic Equities,3821.0,3246.0,17.714109673444238,0.0572,0.0443,29.119638826185106,0.206803547476237,1100,indian-oil-corporation,Large Cap,Sep-2025
171433,6783,1,Berger Paints India Ltd.,Chemicals,Chemicals,Domestic Equities,1090.0,947.0,15.100316789862726,0.0562,0.050499999999999996,11.287128712871294,0.203188100842038,1100,berger-paints-india,Mid Cap,Sep-2025
133635,5732,1,Indraprastha Gas Ltd.,Gas Transmission,Gas Transmission,Domestic Equities,2685.0,2333.0,15.087869695670811,0.055999999999999994,0.0482,16.18257261410787,0.202465011515198,1100,indraprastha-gas,Small Cap,Sep-2025
152367,6359,1,Abbott India Ltd.,Healthcare,Healthcare,Domestic Equities,19.0,17.0,11.76470588235294,0.0557,0.0535,4.112149532710293,0.201380377524938,1100,abbott-india,Mid Cap,Sep-2025
171335,5389,1,Bajaj Holdings & Investment Ltd.,Finance,Finance,Domestic Equities,44.0,37.0,18.91891891891892,0.053899999999999997,0.0472,14.194915254237287,0.194872573583378,1100,bajaj-holdings-investment,Large Cap,Sep-2025
171485,6291,1,Motilal Oswal Financial Services Ltd.,Finance,Finance,Domestic Equities,591.0,499.0,18.43687374749499,0.0528,0.042800000000000005,23.364485981308412,0.190895582285758,1100,motilal-oswal-financial-services,Mid Cap,Sep-2025
57781,87827,1,Bharat Dynamics Ltd.,Capital Goods,Capital Goods,Domestic Equities,352.0,306.0,15.032679738562091,0.0526,0.043899999999999995,19.817767653758548,0.190172492958918,1100,bharat-dynamics,Mid Cap,Sep-2025
133445,6416,1,Apar Industries Ltd.,Capital Goods,Capital Goods,Domestic Equities,64.0,56.0,14.285714285714285,0.0524,0.0433,21.0161662817552,0.189449403632078,1100,apar-industries,Small Cap,Sep-2025
133386,8742,1,Godfrey Phillips India Ltd.,FMCG,Fast Moving Consumer Goods,Domestic Equities,154.0,,,0.0521,,,0.188364769641818,1100,godfrey-phillips-india,Mid Cap,Sep-2025
152572,7512,1,Info Edge (India) Ltd.,IT,Information Technology,Domestic Equities,397.0,337.0,17.804154302670625,0.052000000000000005,0.0458,13.537117903930133,0.188003224978398,1100,info-edge-india,Large Cap,Sep-2025
133334,5159,1,CG Power and Industrial Solutions Ltd.,Capital Goods,Capital Goods,Domestic Equities,701.0,556.0,26.07913669064748,0.0519,0.038599999999999995,34.455958549222814,0.187641680314978,1100,cg-power-and-industrial-solutions,Large Cap,Sep-2025
13,7543,1,Tata Investment Corporation Ltd.,Finance,Finance,Domestic Equities,49.0,43.0,13.953488372093023,0.0506,0.029300000000000003,72.69624573378837,0.182941599690518,1100,tata-investment-corporation,Mid Cap,Sep-2025
152079,6815,1,Linde India Ltd.,Inds. Gases & Fuels,Industrials Gases & Fuels,Domestic Equities,80.0,70.0,14.285714285714285,0.05,0.0446,12.10762331838565,0.180772331709998,1100,linde-india,Mid Cap,Sep-2025
171333,7587,1,United Breweries Ltd.,Alcohol,Alcohol,Domestic Equities,276.0,240.0,15.0,0.049699999999999994,0.0444,11.936936936936922,0.179687697719738,1100,united-breweries,Mid Cap,Sep-2025
171410,5631,1,Procter & Gamble Hygiene and Health Care Ltd.,FMCG,Fast Moving Consumer Goods,Domestic Equities,35.0,,,0.0495,,,0.178964608392898,1100,procter-gamble-hygiene-and-health-care,Mid Cap,Sep-2025
114405,5008,1,Bank Of Baroda,Bank,Banking,Domestic Equities,1887.0,1608.0,17.350746268656717,0.048799999999999996,0.0374,30.48128342245988,0.176433795748958,1100,bank-of-baroda,Large Cap,Sep-2025
171741,5431,1,GAIL (India) Ltd.,Gas Transmission,Gas Transmission,Domestic Equities,2758.0,2343.0,17.712334613743064,0.048600000000000004,0.0406,19.704433497536968,0.175710706422118,1100,gail-india,Large Cap,Sep-2025
153405,17058,1,LTIMindtree Ltd.,IT,Information Technology,Domestic Equities,94.0,80.0,17.5,0.048499999999999995,0.041100000000000005,18.004866180048644,0.175349161758698,1100,ltimindtree,Large Cap,Sep-2025
19183,6082,1,Deepak Nitrite Ltd.,Chemicals,Chemicals,Domestic Equities,263.0,228.0,15.350877192982457,0.0483,0.0408,18.382352941176467,0.174626072431858,1100,deepak-nitrite,Small Cap,Sep-2025
171402,5320,1,Godrej Consumer Products Ltd.,FMCG,Fast Moving Consumer Goods,Domestic Equities,411.0,349.0,17.765042979942695,0.048,0.0434,10.599078341013826,0.173541438441598,1100,godrej-consumer-products,Large Cap,Sep-2025
113818,7906,1,Samvardhana Motherson International Ltd.,Automobile & Ancillaries,Automobile & Ancillaries,Domestic Equities,4541.0,3842.0,18.193649141072356,0.048,0.0356,34.83146067415729,0.173541438441598,1100,samvardhana-motherson-international,Large Cap,Sep-2025
171943,4973,1,REC Ltd.,Finance,Finance,Domestic Equities,1277.0,1085.0,17.695852534562214,0.047599999999999996,0.038,25.263157894736842,0.172095259787918,1100,rec,Large Cap,Sep-2025
76174,111823,1,Bharti Hexacom Ltd.,Telecom,Telecom,Domestic Equities,287.0,250.0,14.799999999999999,0.047599999999999996,0.0444,7.207207207207193,0.172095259787918,1100,bharti-hexacom,Mid Cap,Sep-2025
152325,5528,1,Thermax Ltd.,Capital Goods,Capital Goods,Domestic Equities,148.0,128.0,15.625,0.046900000000000004,0.041100000000000005,14.111922141119221,0.169564447143978,1100,thermax,Mid Cap,Sep-2025
171837,6012,1,DLF Ltd.,Realty,Realty,Domestic Equities,656.0,557.0,17.7737881508079,0.046799999999999994,0.0412,13.592233009708728,0.169202902480558,1100,dlf,Large Cap,Sep-2025
171636,86629,1,ICICI Lombard General Insurance Company Ltd.,Insurance,Finance,Domestic Equities,246.0,208.0,18.269230769230766,0.04650000000000001,0.0383,21.409921671018285,0.168118268490298,1100,icici-lombard-general-insurance-company,Mid Cap,Sep-2025
171387,6208,1,Pidilite Industries Ltd.,Chemicals,Chemicals,Domestic Equities,317.0,134.0,136.56716417910448,0.04650000000000001,0.0409,13.691931540342312,0.168118268490298,1100,pidilite-industries,Large Cap,Sep-2025
114654,92672,1,Indian Renewable Energy Development Agency Ltd.,Finance,Finance,Domestic Equities,3045.0,2646.0,15.079365079365079,0.0453,0.037200000000000004,21.774193548387096,0.163779732529258,1100,indian-renewable-energy-development-agency,Mid Cap,Sep-2025
152486,5772,1,AIA Engineering Ltd.,Automobile & Ancillaries,Automobile & Ancillaries,Domestic Equities,148.0,129.0,14.728682170542637,0.0452,0.0394,14.720812182741108,0.163418187865838,1100,aia-engineering,Mid Cap,Sep-2025
19805,15724,1,Syngene International Ltd.,Business Services,Healthcare,Domestic Equities,726.0,630.0,15.238095238095239,0.0452,0.0394,14.720812182741108,0.163418187865838,1100,syngene-international,Small Cap,Sep-2025
509,8487,1,K.P.R. Mill Ltd.,Textile,Textile,Domestic Equities,424.0,333.0,27.32732732732733,0.0451,0.032799999999999996,37.5,0.163056643202418,1100,kpr-mill,Mid Cap,Sep-2025
217845,112026,1,Premier Energies Ltd.,Electricals,Electricals,Domestic Equities,436.0,302.0,44.370860927152314,0.044500000000000005,0.03,48.33333333333334,0.160887375221898,1100,premier-energies,Mid Cap,Sep-2025
171580,109023,1,Tata Technologies Ltd.,IT,Information Technology,Domestic Equities,656.0,513.0,27.87524366471735,0.043899999999999995,0.0337,30.267062314540045,0.158718107241378,1100,tata-technologies,Small Cap,Sep-2025
152370,5063,1,Escorts Kubota Ltd.,Automobile & Ancillaries,Automobile & Ancillaries,Domestic Equities,127.0,110.0,15.454545454545453,0.0438,0.0392,11.73469387755102,0.158356562577958,1100,escorts-kubota,Mid Cap,Sep-2025
152324,4941,1,ACC Ltd.,Construction Materials,Construction Materials,Domestic Equities,239.0,217.0,10.138248847926267,0.0436,0.0391,11.50895140664962,0.157633473251118,1100,acc,Mid Cap,Sep-2025
57541,86814,1,General Insurance Corporation of India,Insurance,Finance,Domestic Equities,1183.0,1028.0,15.077821011673151,0.0436,0.0374,16.577540106951876,0.157633473251118,1100,general-insurance-corporation-of-india,Mid Cap,Sep-2025
44430,82482,1,L&T Technology Services Ltd.,IT,Information Technology,Domestic Equities,105.0,91.0,15.384615384615385,0.0432,0.0384,12.50000000000001,0.156187294597438,1100,lt-technology-services,Mid Cap,Sep-2025
115032,83788,1,Housing & Urban Development Corporation Ltd.,Finance,Finance,Domestic Equities,1920.0,1669.0,15.038945476333135,0.0429,0.0341,25.80645161290322,0.155102660607178,1100,housing-urban-development-corporation,Mid Cap,Sep-2025
133614,6833,1,Canara Bank,Bank,Banking,Domestic Equities,3447.0,2929.0,17.685216797541823,0.0426,0.0304,40.13157894736841,0.154018026616918,1100,canara-bank,Mid Cap,Sep-2025
102429,100653,1,Global Health Ltd.,Healthcare,Healthcare,Domestic Equities,323.0,280.0,15.357142857142858,0.0424,0.0385,10.129870129870133,0.153294937290078,1100,global-health,Mid Cap,Sep-2025
152386,5556,1,Glaxosmithkline Pharmaceuticals Ltd.,Healthcare,Healthcare,Domestic Equities,158.0,137.0,15.328467153284672,0.042,0.0382,9.9476439790576,0.151848758636398,1100,glaxosmithkline-pharmaceuticals,Mid Cap,Sep-2025
133333,4917,1,CRISIL Ltd.,Ratings,Ratings,Domestic Equities,93.0,81.0,14.814814814814813,0.041299999999999996,0.0404,2.2277227722772244,0.149317945992458,1100,crisil,Mid Cap,Sep-2025
171942,7813,1,Jindal Steel Ltd.,Iron & Steel,Iron & Steel,Domestic Equities,381.0,318.0,19.81132075471698,0.0405,0.0301,34.5514950166113,0.146425588685098,1100,jindal-steel,Large Cap,Sep-2025
133583,8200,1,United Spirits Ltd.,Alcohol,Alcohol,Domestic Equities,302.0,256.0,17.96875,0.04,0.0336,19.04761904761905,0.144617865367998,1100,united-spirits,Large Cap,Sep-2025
133599,5561,1,Punjab National Bank,Bank,Banking,Domestic Equities,3526.0,2995.0,17.729549248747915,0.0398,0.0302,31.788079470198678,0.143894776041158,1100,punjab-national-bank,Large Cap,Sep-2025
78882,109773,1,JSW Infrastructure Ltd.,Logistics,Logistics,Domestic Equities,1232.0,906.0,35.98233995584989,0.0388,0.0268,44.77611940298506,0.140279329406958,1100,jsw-infrastructure,Mid Cap,Sep-2025
133495,5019,1,Ajanta Pharma Ltd.,Healthcare,Healthcare,Domestic Equities,161.0,140.0,15.0,0.0387,0.0347,11.527377521613829,0.139917784743538,1100,ajanta-pharma,Mid Cap,Sep-2025
171639,5614,1,Havells India Ltd.,Capital Goods,Capital Goods,Domestic Equities,257.0,219.0,17.35159817351598,0.038599999999999995,0.0334,15.568862275449103,0.139556240080118,1100,havells-india,Large Cap,Sep-2025
152331,7581,1,Torrent Pharmaceuticals Ltd.,Healthcare,Healthcare,Domestic Equities,106.0,90.0,17.77777777777778,0.0382,0.032,19.37499999999999,0.138110061426438,1100,torrent-pharmaceuticals,Large Cap,Sep-2025
152308,5173,1,Shree Cement Ltd.,Construction Materials,Construction Materials,Domestic Equities,13.0,11.0,18.181818181818183,0.038,0.0322,18.012422360248433,0.137386972099598,1100,shree-cement,Large Cap,Sep-2025
114606,112114,1,Hyundai Motor India Ltd.,Automobile & Ancillaries,Automobile & Ancillaries,Domestic Equities,145.0,123.0,17.88617886178862,0.0375,0.030299999999999997,23.76237623762377,0.135579248782498,1100,hyundai-motor-india,Large Cap,Sep-2025
171394,82477,1,Endurance Technologies Ltd.,Automobile & Ancillaries,Automobile & Ancillaries,Domestic Equities,135.0,117.0,15.384615384615385,0.0371,0.0336,10.41666666666667,0.134133070128818,1100,endurance-technologies,Small Cap,Sep-2025
152334,5218,1,Ambuja Cements Ltd.,Construction Materials,Construction Materials,Domestic Equities,640.0,568.0,12.676056338028168,0.0365,0.032,14.062499999999991,0.131963802148298,1100,ambuja-cements,Large Cap,Sep-2025
171853,7249,1,NLC India Ltd.,Power,Power,Domestic Equities,1248.0,1085.0,15.023041474654377,0.0356,0.024399999999999998,45.9016393442623,0.128709900177518,1100,nlc-india,Mid Cap,Sep-2025
222201,112407,1,NTPC Green Energy Ltd.,Power,Power,Domestic Equities,3556.0,3090.0,15.080906148867316,0.0346,0.0318,8.805031446540875,0.125094453543318,1100,ntpc-green-energy,Mid Cap,Sep-2025
114402,5275,1,Hexaware Technologies Ltd.,IT,Information Technology,Domestic Equities,507.0,,,0.034,,,0.122925185562799,1100,hexaware-technologies,Mid Cap,Sep-2025
133645,6755,1,Bank Of Maharashtra,Bank,Banking,Domestic Equities,6023.0,5233.0,15.0965029619721,0.0337,0.027200000000000002,23.897058823529406,0.121840551572539,1100,bank-of-maharashtra,Mid Cap,Sep-2025
57345,99844,1,AWL Agri Business Ltd.,FMCG,Fast Moving Consumer Goods,Domestic Equities,1262.0,1096.0,15.145985401459855,0.033,0.0276,19.56521739130435,0.119309738928599,1100,awl-agri-business,Mid Cap,Sep-2025
134667,88599,1,Lodha Developers Ltd.,Realty,Realty,Domestic Equities,287.0,243.0,18.106995884773664,0.0326,0.028999999999999998,12.413793103448272,0.117863560274919,1100,lodha-developers,Large Cap,Sep-2025
84351,88646,1,Adani Green Energy Ltd.,Power,Power,Domestic Equities,313.0,266.0,17.669172932330827,0.0321,0.024300000000000002,32.09876543209875,0.116055836957819,1100,adani-green-energy,Large Cap,Sep-2025
171839,6306,1,Solar Industries India Ltd.,Chemicals,Chemicals,Domestic Equities,24.0,81.0,-70.37037037037037,0.032,0.1117,-71.35183527305283,0.115694292294399,1100,solar-industries-india,Large Cap,Sep-2025
645,8087,1,IRB Infrastructure Developers Ltd.,Infrastructure,Infrastructure,Domestic Equities,7595.0,6599.0,15.093195938778603,0.0313,0.028300000000000002,10.600706713780912,0.113163479650459,1100,irb-infrastructure-developers,Small Cap,Sep-2025
139932,15713,1,Adani Energy Solutions Ltd.,Power,Power,Domestic Equities,354.0,314.0,12.738853503184714,0.030899999999999997,0.024,28.749999999999996,0.111717300996779,1100,adani-energy-solutions,Large Cap,Sep-2025
227975,113151,1,Siemens Energy India Ltd.,Capital Goods,Capital Goods,Domestic Equities,89.0,,,0.030600000000000002,,,0.110632667006519,1100,siemens-energy-india,Large Cap,Sep-2025
152374,6232,1,Bosch Ltd.,Automobile & Ancillaries,Automobile & Ancillaries,Domestic Equities,8.0,7.0,14.285714285714285,0.0305,0.027999999999999997,8.928571428571429,0.110271122343099,1100,bosch,Mid Cap,Sep-2025
152064,6806,1,3M India Ltd.,Diversified,Diversified,Domestic Equities,10.0,9.0,11.11111111111111,0.0294,0.0277,6.137184115523463,0.106294131045479,1100,3m-india,Mid Cap,Sep-2025
114697,5402,1,JSW Energy Ltd.,Power,Power,Domestic Equities,547.0,465.0,17.634408602150536,0.028999999999999998,0.0227,27.753303964757702,0.104847952391799,1100,jsw-energy,Mid Cap,Sep-2025
113787,7539,1,Honeywell Automation India Ltd.,Consumer Durables,Consumer Durables,Domestic Equities,8.0,7.0,14.285714285714285,0.028900000000000002,0.0271,6.642066420664213,0.104486407728379,1100,honeywell-automation-india,Mid Cap,Sep-2025
137768,15760,1,Gujarat Gas Ltd.,Gas Transmission,Gas Transmission,Domestic Equities,660.0,573.0,15.18324607329843,0.028399999999999998,0.024,18.333333333333332,0.102678684411279,1100,gujarat-gas,Mid Cap,Sep-2025
152377,4902,1,Siemens Ltd.,Capital Goods,Capital Goods,Domestic Equities,90.0,76.0,18.421052631578945,0.0282,0.0233,21.030042918454924,0.101955595084439,1100,siemens,Large Cap,Sep-2025
133272,5382,1,ABB India Ltd.,Capital Goods,Capital Goods,Domestic Equities,53.0,45.0,17.77777777777778,0.0275,0.0225,22.22222222222222,0.0994247824404988,1100,abb-india,Large Cap,Sep-2025
171968,4931,1,Zydus Lifesciences Ltd.,Healthcare,Healthcare,Domestic Equities,255.0,216.0,18.055555555555554,0.025,0.0212,17.924528301886784,0.0903861658549989,1100,zydus-lifesciences,Large Cap,Sep-2025
1840,4901,1,SJVN Ltd.,Power,Power,Domestic Equities,2737.0,2379.0,15.048339638503572,0.024700000000000003,0.0223,10.762331838565032,0.0893015318647389,1100,sjvn,Mid Cap,Sep-2025
58145,71025,1,Indian Railway Finance Corporation Ltd.,Finance,Finance,Domestic Equities,1826.0,1552.0,17.65463917525773,0.0226,0.0183,23.497267759562828,0.081709093932919,1100,indian-railway-finance-corporation,Large Cap,Sep-2025
133407,5997,1,Hindustan Zinc Ltd.,Non - Ferrous Metals,Non - Ferrous Metals,Domestic Equities,443.0,1219.0,-63.65873666940115,0.021400000000000002,0.051100000000000007,-58.121330724070454,0.0773705579718791,1100,hindustan-zinc,Large Cap,Sep-2025
134830,88309,1,Mazagon Dock Shipbuilders Ltd.,Ship Building,Ship Building,Domestic Equities,77.0,252.0,-69.44444444444444,0.0213,0.06559999999999999,-67.53048780487805,0.0770090133084591,1100,mazagon-dock-shipbuilders,Large Cap,Sep-2025
555,5663,1,The Fertilisers And Chemicals Travancore Ltd.,Chemicals,Chemicals,Domestic Equities,237.0,,,0.0212,,,0.0766474686450391,1100,the-fertilisers-and-chemicals-travancore,Mid Cap,Sep-2025
58155,95800,1,Life Insurance Corporation of India,Insurance,Finance,Domestic Equities,227.0,192.0,18.229166666666664,0.0204,0.016399999999999998,24.390243902439035,0.0737551113376791,1100,life-insurance-corporation-of-india,Large Cap,Sep-2025
133387,5868,1,Godrej Industries Ltd.,Chemicals,Chemicals,Domestic Equities,169.0,162.0,4.320987654320987,0.0203,0.0199,2.010050251256272,0.0733935666742591,1100,godrej-industries,Mid Cap,Sep-2025
133353,4920,1,IDBI Bank Ltd.,Bank,Banking,Domestic Equities,2145.0,,,0.0196,,,0.0708627540303191,1100,idbi-bank,Mid Cap,Sep-2025
58164,86911,1,The New India Assurance Company Ltd.,Insurance,Finance,Domestic Equities,921.0,800.0,15.125,0.0174,0.0151,15.2317880794702,0.0629087714350792,1100,the-new-india-assurance-company,Small Cap,Sep-2025
133551,7167,1,Indian Overseas Bank,Bank,Banking,Domestic Equities,3986.0,,,0.0158,,,0.0571240568203593,1100,indian-overseas-bank,Mid Cap,Sep-2025
133628,7605,1,UCO Bank,Bank,Banking,Domestic Equities,4355.0,,,0.013300000000000001,,,0.0480854402348594,1100,uco-bank,Mid Cap,Sep-2025
116180,112103,1,Bajaj Housing Finance Ltd.,Finance,Finance,Domestic Equities,952.0,808.0,17.82178217821782,0.0105,0.009000000000000001,16.666666666666668,0.0379621896590995,1100,bajaj-housing-finance,Large Cap,Sep-2025
171875,5051,1,HDFC Bank Ltd.,Bank,Banking,Domestic Equities,13249.0,6329.0,109.33796808342552,1.2608,1.2773,-1.2917873639708806,5.45930849336422,1100,hdfc-bank,Large Cap,Aug-2025
171888,8748,1,ICICI Bank Ltd.,Bank,Banking,Domestic Equities,6193.0,5917.0,4.664525942200439,0.8656999999999999,0.8765000000000001,-1.2321734169994438,3.74851155036914,1100,icici-bank,Large Cap,Aug-2025
171531,4897,1,Reliance Industries Ltd.,Crude Oil,Crude Oil,Domestic Equities,5886.0,5624.0,4.658605974395448,0.7988,0.7818,2.1744691737016995,3.45883218948234,1100,reliance-industries,Large Cap,Aug-2025
171889,4926,1,Infosys Ltd.,IT,Information Technology,Domestic Equities,3129.0,2990.0,4.648829431438127,0.4598,0.4512,1.9060283687943247,1.99095022624434,1100,infosys,Large Cap,Aug-2025
133593,6508,1,Bharti Airtel Ltd.,Telecom,Telecom,Domestic Equities,2368.0,2262.0,4.686118479221928,0.4473,0.433,3.3025404157043874,1.936824785122,1100,bharti-airtel,Large Cap,Aug-2025
152372,4964,1,Larsen & Toubro Ltd.,Infrastructure,Infrastructure,Domestic Equities,1020.0,974.0,4.722792607802875,0.3672999999999999,0.3542,3.698475437605859,1.59042196193899,1100,larsen-toubro,Large Cap,Aug-2025
152408,5535,1,ITC Ltd.,FMCG,Fast Moving Consumer Goods,Domestic Equities,8088.0,7728.0,4.658385093167702,0.3314,0.3184,4.082914572864324,1.43497369503561,1100,itc,Large Cap,Aug-2025
77009,96064,1,Max Healthcare Institute Ltd.,Healthcare,Healthcare,Domestic Equities,2472.0,2362.0,4.657070279424217,0.2853,0.2943,-3.0581039755351638,1.23535906817641,1100,max-healthcare-institute,Large Cap,Aug-2025
76200,82667,1,BSE Ltd.,Finance,Finance,Domestic Equities,1354.0,1294.0,4.636785162287481,0.2838,0.3141,-9.646609360076411,1.22886401524172,1100,bse,Mid Cap,Aug-2025
171915,6797,1,Tata Consultancy Services Ltd.,IT,Information Technology,Domestic Equities,887.0,847.0,4.722550177095632,0.2736,0.2572,6.376360808709178,1.18469765528589,1100,tata-consultancy-services,Large Cap,Aug-2025
133350,8843,1,State Bank Of India,Bank,Banking,Domestic Equities,3338.0,3189.0,4.672311069300721,0.2678999999999999,0.254,5.4724409448818925,1.1600164541341,1100,state-bank-of-india,Large Cap,Aug-2025
171400,5889,1,Axis Bank Ltd.,Bank,Banking,Domestic Equities,2486.0,2375.0,4.673684210526316,0.2598,0.2537,2.4044146629877785,1.12494316828682,1100,axis-bank,Large Cap,Aug-2025
171492,5886,1,Kotak Mahindra Bank Ltd.,Bank,Banking,Domestic Equities,1277.0,1220.0,4.672131147540984,0.2503,0.2414,3.686826843413424,1.08380783303384,1100,kotak-mahindra-bank,Large Cap,Aug-2025
171656,5311,1,Mahindra & Mahindra Ltd.,Automobile & Ancillaries,Automobile & Ancillaries,Domestic Equities,767.0,733.0,4.638472032742155,0.2453999999999999,0.2348,4.5144804088585975,1.06259066011388,1100,mahindra-mahindra,Large Cap,Aug-2025
152473,5056,1,Suzlon Energy Ltd.,Capital Goods,Capital Goods,Domestic Equities,39621.0,37858.0,4.656875693380528,0.2236,0.2332,-4.116638078902233,0.96819589079651,1100,suzlon-energy,Mid Cap,Aug-2025
57445,86554,1,Dixon Technologies (India) Ltd.,Consumer Durables,Consumer Durables,Domestic Equities,129.0,124.0,4.032258064516129,0.2153,0.2087999999999999,3.113026819923382,0.932256597891273,1100,dixon-technologies-india,Mid Cap,Aug-2025
171717,5016,1,Hindustan Unilever Ltd.,FMCG,Fast Moving Consumer Goods,Domestic Equities,771.0,736.0,4.755434782608696,0.2051,0.1856,10.506465517241397,0.888090237935439,1100,hindustan-unilever,Large Cap,Aug-2025
171484,6114,1,Bajaj Finance Ltd.,Finance,Finance,Domestic Equities,2308.0,2206.0,4.623753399818677,0.2026,0.1944,4.218106995884774,0.87726514971097,1100,bajaj-finance,Large Cap,Aug-2025
157113,99763,1,PB Fintech Ltd.,IT,Information Technology,Domestic Equities,1104.0,1054.0,4.743833017077799,0.1955,0.191,2.356020942408373,0.846521899153478,1100,pb-fintech,Mid Cap,Aug-2025
133657,7260,1,Coforge Ltd.,IT,Information Technology,Domestic Equities,1108.0,1058.0,4.725897920604915,0.1911,0.185,3.2972972972972943,0.827469743878413,1100,coforge,Mid Cap,Aug-2025
156921,98676,1,Eternal Ltd.,Retailing,Information Technology,Domestic Equities,6039.0,5770.0,4.662045060658579,0.1896,0.1776,6.756756756756752,0.820974690943731,1100,eternal,Large Cap,Aug-2025
95548,5980,1,Persistent Systems Ltd.,IT,Information Technology,Domestic Equities,356.0,341.0,4.398826979472141,0.1889,0.176,7.32954545454545,0.81794366624088,1100,persistent-systems,Mid Cap,Aug-2025
114530,88033,1,HDFC Asset Management Company Ltd.,Finance,Finance,Domestic Equities,337.0,322.0,4.658385093167702,0.1841,0.1819,1.209455744914782,0.797159496849899,1100,hdfc-asset-management-company,Mid Cap,Aug-2025
171877,6125,1,Cummins India Ltd.,Automobile & Ancillaries,Automobile & Ancillaries,Domestic Equities,449.0,429.0,4.662004662004662,0.1718,0.1525,12.65573770491803,0.743900062785512,1100,cummins-india,Mid Cap,Aug-2025
133625,7239,1,Maruti Suzuki India Ltd.,Automobile & Ancillaries,Automobile & Ancillaries,Domestic Equities,114.0,108.0,5.555555555555555,0.1686,0.1362,23.78854625550661,0.730043949858191,1100,maruti-suzuki-india,Large Cap,Aug-2025
152636,5140,1,Fortis Healthcare Ltd.,Healthcare,Healthcare,Domestic Equities,1733.0,1656.0,4.64975845410628,0.158,0.142,11.267605633802829,0.684145575786443,1100,fortis-healthcare,Mid Cap,Aug-2025
171685,5596,1,The Federal Bank Ltd.,Bank,Banking,Domestic Equities,8163.0,7800.0,4.653846153846153,0.1565,0.1578999999999999,-0.886637112096256,0.677650522851761,1100,the-federal-bank,Mid Cap,Aug-2025
152211,6247,1,Lupin Ltd.,Healthcare,Healthcare,Domestic Equities,804.0,768.0,4.6875,0.1523,0.1482,2.7665317139001355,0.659464374634653,1100,lupin,Large Cap,Aug-2025
7737,15826,1,IDFC First Bank Ltd.,Bank,Banking,Domestic Equities,21983.0,21005.0,4.656034277552964,0.1495,0.1444,3.5318559556786693,0.647340275823248,1100,idfc-first-bank,Mid Cap,Aug-2025
420,5071,1,Sun Pharmaceutical Industries Ltd.,Healthcare,Healthcare,Domestic Equities,936.0,895.0,4.581005586592179,0.1492,0.1527,-2.2920759659462977,0.646041265236312,1100,sun-pharmaceutical-industries,Large Cap,Aug-2025
38803,5403,1,Indus Towers Ltd.,Telecom,Telecom,Domestic Equities,4396.0,4201.0,4.641751963818138,0.1488,0.1525,-2.426229508196716,0.644309251120397,1100,indus-towers,Large Cap,Aug-2025
152222,5634,1,Max Financial Services Ltd.,Finance,Finance,Domestic Equities,876.0,837.0,4.659498207885305,0.1404,0.1257,11.694510739856792,0.607936954686181,1100,max-financial-services,Mid Cap,Aug-2025
152795,99590,1,One97 Communications Ltd.,IT,Information Technology,Domestic Equities,1134.0,1083.0,4.709141274238228,0.1369,0.118,16.016949152542363,0.592781831171924,1100,one97-communications,Mid Cap,Aug-2025
165,7447,1,SRF Ltd.,Chemicals,Chemicals,Domestic Equities,482.0,461.0,4.55531453362256,0.1367,0.1402,-2.496433666191153,0.591915824113967,1100,srf,Mid Cap,Aug-2025
133664,7760,1,NTPC Ltd.,Power,Power,Domestic Equities,4119.0,3936.0,4.649390243902439,0.1349,0.1316,2.507598784194529,0.584121760592349,1100,ntpc,Large Cap,Aug-2025
141614,85778,1,AU Small Finance Bank Ltd.,Bank,Banking,Domestic Equities,1868.0,1785.0,4.649859943977591,0.1341,0.1324,1.2839879154078544,0.580657732360519,1100,au-small-finance-bank,Mid Cap,Aug-2025
171528,8219,1,HCL Technologies Ltd.,IT,Information Technology,Domestic Equities,920.0,879.0,4.6643913538111486,0.1338,0.129,3.720930232558143,0.579358721773583,1100,hcl-technologies,Large Cap,Aug-2025
133654,6850,1,Ultratech Cement Ltd.,Construction Materials,Construction Materials,Domestic Equities,103.0,98.0,5.1020408163265305,0.1301999999999999,0.12,8.499999999999996,0.563770594730347,1100,ultratech-cement,Large Cap,Aug-2025
171461,6050,1,Titan Company Ltd.,Diamond  &  Jewellery,Diamond & Jewellery,Domestic Equities,358.0,342.0,4.678362573099415,0.1299,0.1144999999999999,13.449781659388654,0.562471584143411,1100,titan-company,Large Cap,Aug-2025
171327,5699,1,Marico Ltd.,FMCG,Fast Moving Consumer Goods,Domestic Equities,1757.0,1679.0,4.645622394282311,0.1275,0.1192,6.963087248322148,0.552079499447921,1100,marico,Mid Cap,Aug-2025
152378,5539,1,Tata Motors Ltd.,Automobile & Ancillaries,Automobile & Ancillaries,Domestic Equities,1813.0,1732.0,4.676674364896074,0.1213,0.1153,5.203816131830021,0.525233280651237,1100,tata-motors,Large Cap,Aug-2025
171659,5756,1,Ashok Leyland Ltd.,Automobile & Ancillaries,Automobile & Ancillaries,Domestic Equities,9517.0,9093.0,4.662927526668867,0.1208,0.1101,9.718437783832885,0.523068263006344,1100,ashok-leyland,Mid Cap,Aug-2025
171635,7381,1,UPL Ltd.,Chemicals,Chemicals,Domestic Equities,1683.0,1608.0,4.664179104477612,0.1205,0.1132,6.448763250883396,0.521769252419407,1100,upl,Mid Cap,Aug-2025
171365,5279,1,Hindustan Petroleum Corporation Ltd.,Crude Oil,Crude Oil,Domestic Equities,3195.0,3053.0,4.651162790697675,0.1201,0.1278,-6.02503912363067,0.520037238303492,1100,hindustan-petroleum-corporation,Mid Cap,Aug-2025
152455,7030,1,Yes Bank Ltd.,Bank,Banking,Domestic Equities,62742.0,59950.0,4.65721434528774,0.1198,0.1134,5.643738977072315,0.518738227716556,1100,yes-bank,Mid Cap,Aug-2025
134131,90516,1,Polycab India Ltd.,Electricals,Electricals,Domestic Equities,167.0,160.0,4.375,0.1184,0.1091,8.524289642529787,0.512676178310853,1100,polycab-india,Mid Cap,Aug-2025
133309,5981,1,Bharat Electronics Ltd.,Capital Goods,Capital Goods,Domestic Equities,3111.0,2973.0,4.641775983854692,0.1149,0.1139,0.8779631255487239,0.497521054796597,1100,bharat-electronics,Large Cap,Aug-2025
151967,5716,1,GE Vernova T&D India Ltd.,Capital Goods,Capital Goods,Domestic Equities,412.0,392.0,5.1020408163265305,0.1144999999999999,0.1069,7.109448082319923,0.495789040680682,1100,ge-vernova-td-india,Mid Cap,Aug-2025
171839,6306,1,Solar Industries India Ltd.,Chemicals,Chemicals,Domestic Equities,81.0,77.0,5.194805194805195,0.1117,0.1094999999999999,2.00913242009133,0.483664941869276,1100,solar-industries-india,Large Cap,Aug-2025
152362,5226,1,Tata Steel Ltd.,Iron & Steel,Iron & Steel,Domestic Equities,7185.0,6865.0,4.6613255644573925,0.111,0.1084,2.3985239852398506,0.480633917166425,1100,tata-steel,Large Cap,Aug-2025
517,7825,1,Power Grid Corporation Of India Ltd.,Power,Power,Domestic Equities,3936.0,3761.0,4.653017814411061,0.1083,0.1094,-1.005484460694693,0.468942821883998,1100,power-grid-corporation-of-india,Large Cap,Aug-2025
19255,6350,1,Mphasis Ltd.,IT,Information Technology,Domestic Equities,378.0,361.0,4.709141274238228,0.1054,0.1007,4.667328699106245,0.456385719543614,1100,mphasis,Mid Cap,Aug-2025
101370,86936,1,Tube Investments of India Ltd.,Automobile & Ancillaries,Automobile & Ancillaries,Domestic Equities,355.0,339.0,4.71976401179941,0.1051,0.0963,9.138110072689502,0.455086708956678,1100,tube-investments-of-india,Mid Cap,Aug-2025
191600,99819,1,FSN E-Commerce Ventures Ltd.,Retailing,Information Technology,Domestic Equities,4535.0,4333.0,4.661897069005308,0.1043999999999999,0.0908,14.977973568281932,0.452055684253827,1100,fsn-e-commerce-ventures,Mid Cap,Aug-2025
152379,5838,1,Voltas Ltd.,Consumer Durables,Consumer Durables,Domestic Equities,757.0,723.0,4.702627939142462,0.104,0.096,8.333333333333341,0.450323670137912,1100,voltas,Mid Cap,Aug-2025
599,7495,1,Sundaram Finance Ltd.,Finance,Finance,Domestic Equities,229.0,218.0,5.045871559633028,0.1028999999999999,0.1018999999999999,0.9813542688910664,0.445560631319145,1100,sundaram-finance,Mid Cap,Aug-2025
152205,8185,1,Trent Ltd.,Retailing,Retailing,Domestic Equities,193.0,184.0,4.891304347826087,0.1023,0.0923,10.834236186348862,0.442962610145273,1100,trent,Large Cap,Aug-2025
152551,7908,1,GMR Airports Ltd.,Infrastructure,Aviation,Domestic Equities,11869.0,11341.0,4.655674102812803,0.1022,0.1021,0.097943192948088,0.442529606616294,1100,gmr-airports,Mid Cap,Aug-2025
171820,5969,1,Colgate-Palmolive (India) Ltd.,FMCG,Fast Moving Consumer Goods,Domestic Equities,438.0,418.0,4.784688995215311,0.1021,0.0939,8.732694355697552,0.442096603087315,1100,colgate-palmolive-india,Mid Cap,Aug-2025
152118,7308,1,PI Industries Ltd.,Chemicals,Chemicals,Domestic Equities,269.0,257.0,4.669260700389105,0.0993999999999999,0.1092,-8.974358974358978,0.430405507804889,1100,pi-industries,Mid Cap,Aug-2025
171658,4978,1,Asian Paints Ltd.,Chemicals,Chemicals,Domestic Equities,393.0,375.0,4.8,0.099,0.0899,10.122358175750836,0.428673493688974,1100,asian-paints,Large Cap,Aug-2025
152369,6790,1,Bharat Forge Ltd.,Automobile & Ancillaries,Automobile & Ancillaries,Domestic Equities,886.0,847.0,4.6044864226682405,0.0981,0.099,-0.9090909090909076,0.424776461928165,1100,bharat-forge,Mid Cap,Aug-2025
171946,6864,1,Godrej Properties Ltd.,Realty,Realty,Domestic Equities,500.0,477.0,4.821802935010482,0.0974,0.1003,-2.891326021934189,0.421745437225313,1100,godrej-properties,Mid Cap,Aug-2025
587,7648,1,APL Apollo Tubes Ltd.,Iron & Steel,Iron & Steel,Domestic Equities,602.0,575.0,4.695652173913043,0.0966,0.0921,4.885993485342011,0.418281408993483,1100,apl-apollo-tubes,Mid Cap,Aug-2025
171336,8097,1,JK Cement Ltd.,Construction Materials,Construction Materials,Domestic Equities,139.0,133.0,4.511278195488721,0.0966,0.0886,9.029345372460504,0.418281408993483,1100,jk-cement,Mid Cap,Aug-2025
133463,8505,1,Glenmark Pharmaceuticals Ltd.,Healthcare,Healthcare,Domestic Equities,500.0,478.0,4.602510460251046,0.0962,0.102,-5.686274509803923,0.416549394877568,1100,glenmark-pharmaceuticals,Mid Cap,Aug-2025
56674,5695,1,Supreme Industries Ltd.,Plastic Products,Plastic Products,Domestic Equities,215.0,205.0,4.878048780487805,0.0960999999999999,0.0883,8.833522083805203,0.41611639134859,1100,supreme-industries,Mid Cap,Aug-2025
96486,15829,1,Interglobe Aviation Ltd.,Aviation,Aviation,Domestic Equities,170.0,162.0,4.938271604938271,0.096,0.0958,0.2087682672233776,0.415683387819611,1100,interglobe-aviation,Large Cap,Aug-2025
171465,6543,1,Aurobindo Pharma Ltd.,Healthcare,Healthcare,Domestic Equities,930.0,888.0,4.72972972972973,0.0956,0.1012,-5.533596837944652,0.413951373703696,1100,aurobindo-pharma,Mid Cap,Aug-2025
38931,15891,1,Alkem Laboratories Ltd.,Healthcare,Healthcare,Domestic Equities,178.0,170.0,4.705882352941177,0.0944,0.0855,10.409356725146184,0.408755331355951,1100,alkem-laboratories,Mid Cap,Aug-2025
77293,6578,1,Muthoot Finance Ltd.,Finance,Finance,Domestic Equities,356.0,340.0,4.705882352941177,0.0939,0.0888,5.74324324324324,0.406590313711057,1100,muthoot-finance,Mid Cap,Aug-2025
122,5767,1,The Phoenix Mills Ltd.,Realty,Realty,Domestic Equities,620.0,592.0,4.72972972972973,0.0932,0.0878999999999999,6.029579067121743,0.403559289008205,1100,the-phoenix-mills,Mid Cap,Aug-2025
1152,105806,1,Mankind Pharma Ltd.,Healthcare,Healthcare,Domestic Equities,375.0,359.0,4.456824512534819,0.0926999999999999,0.0922,0.5422993492407693,0.401394271363312,1100,mankind-pharma,Large Cap,Aug-2025
152245,5078,1,Grasim Industries Ltd.,Diversified,Construction Materials,Domestic Equities,331.0,317.0,4.416403785488959,0.0919,0.0871,5.5109070034443,0.397930243131482,1100,grasim-industries,Large Cap,Aug-2025
19182,5589,1,Coromandel International Ltd.,Chemicals,Chemicals,Domestic Equities,393.0,375.0,4.8,0.0907,0.1009,-10.109018830525269,0.392734200783736,1100,coromandel-international,Mid Cap,Aug-2025
171708,8443,1,Bajaj Finserv Ltd.,Finance,Finance,Domestic Equities,471.0,450.0,4.666666666666667,0.0901,0.0877,2.7366020524515418,0.390136179609864,1100,bajaj-finserv,Large Cap,Aug-2025
133342,5963,1,Bharat Heavy Electricals Ltd.,Capital Goods,Capital Goods,Domestic Equities,4275.0,4085.0,4.651162790697675,0.0889,0.0974,-8.72689938398357,0.384940137262119,1100,bharat-heavy-electricals,Mid Cap,Aug-2025
2469,110949,1,JIO Financial Services Ltd.,Finance,Finance,Domestic Equities,2847.0,2720.0,4.669117647058823,0.0886999999999999,0.0896,-1.0044642857143038,0.384074130204161,1100,jio-financial-services,Large Cap,Aug-2025
171321,7864,1,Page Industries Ltd.,Textile,Textile,Domestic Equities,20.0,20.0,0.0,0.0886999999999999,0.0975999999999999,-9.1188524590164,0.384074130204161,1100,page-industries,Mid Cap,Aug-2025
152343,5043,1,Hindalco Industries Ltd.,Non - Ferrous Metals,Non - Ferrous Metals,Domestic Equities,1258.0,1202.0,4.658901830282862,0.0886,0.0821,7.917174177831894,0.383641126675182,1100,hindalco-industries,Large Cap,Aug-2025
153260,8051,1,Prestige Estates Projects Ltd.,Realty,Realty,Domestic Equities,561.0,536.0,4.664179104477612,0.0876,0.0872,0.4587155963302654,0.379311091385395,1100,prestige-estates-projects,Mid Cap,Aug-2025
152238,8313,1,MRF Ltd.,Automobile & Ancillaries,Automobile & Ancillaries,Domestic Equities,6.0,6.0,0.0,0.0846,0.0886999999999999,-4.622322435174729,0.366320985516032,1100,mrf,Mid Cap,Aug-2025
133434,4968,1,JSW Steel Ltd.,Iron & Steel,Iron & Steel,Domestic Equities,824.0,787.0,4.701397712833545,0.0846,0.0825,2.545454545454556,0.366320985516032,1100,jsw-steel,Large Cap,Aug-2025
539,7794,1,Adani Ports and Special Economic Zone Ltd.,Logistics,Logistics,Domestic Equities,641.0,612.0,4.738562091503268,0.0842,0.084,0.238095238095233,0.364588971400117,1100,adani-ports-and-special-economic-zone,Large Cap,Aug-2025
707,8442,1,Bajaj Auto Ltd.,Automobile & Ancillaries,Automobile & Ancillaries,Domestic Equities,96.0,91.0,5.494505494505495,0.0828999999999999,0.0729,13.71742112482852,0.358959925523393,1100,bajaj-auto,Large Cap,Aug-2025
133630,5815,1,Jindal Stainless Ltd.,Iron & Steel,Iron & Steel,Domestic Equities,1073.0,1026.0,4.580896686159844,0.0819,0.0712,15.028089887640444,0.354629890233605,1100,jindal-stainless,Mid Cap,Aug-2025
171369,7531,1,Tech Mahindra Ltd.,IT,Information Technology,Domestic Equities,551.0,526.0,4.752851711026616,0.0816,0.077,5.974025974025973,0.353330879646669,1100,tech-mahindra,Large Cap,Aug-2025
153586,8183,1,NHPC Ltd.,Power,Power,Domestic Equities,10525.0,10056.0,4.663882259347653,0.0813,0.0837,-2.8673835125447846,0.352031869059733,1100,nhpc,Mid Cap,Aug-2025
133317,6810,1,Blue Star Ltd.,Consumer Durables,Consumer Durables,Domestic Equities,431.0,412.0,4.611650485436893,0.0810999999999999,0.0716,13.268156424580996,0.351165862001775,1100,blue-star,Mid Cap,Aug-2025
177212,94646,1,Hitachi Energy India Ltd.,Capital Goods,Capital Goods,Domestic Equities,42.0,40.0,5.0,0.0803,0.0803999999999999,-0.1243781094527336,0.347701833769945,1100,hitachi-energy-india,Mid Cap,Aug-2025
133608,7612,1,Union Bank Of India,Bank,Banking,Domestic Equities,6427.0,6141.0,4.657221950822342,0.0802,0.0803999999999999,-0.2487562189054673,0.347268830240967,1100,union-bank-of-india,Large Cap,Aug-2025
77639,92991,1,SBI Cards And Payment Services Ltd.,Finance,Finance,Domestic Equities,996.0,952.0,4.621848739495799,0.08,0.0769,4.031209362808838,0.346402823183009,1100,sbi-cards-and-payment-services,Mid Cap,Aug-2025
96004,7992,1,Jubilant FoodWorks Ltd.,FMCG,Fast Moving Consumer Goods,Domestic Equities,1265.0,1209.0,4.631927212572374,0.0794,0.0791999999999999,0.2525252525252583,0.343804802009136,1100,jubilant-foodworks,Mid Cap,Aug-2025
19275,7232,1,NMDC Ltd.,Mining,Mining,Domestic Equities,11497.0,10985.0,4.660901228948566,0.0791,0.0778,1.670951156812338,0.3425057914222,1100,nmdc,Mid Cap,Aug-2025
152256,5774,1,Oil & Natural Gas Corporation Ltd.,Crude Oil,Crude Oil,Domestic Equities,3374.0,3224.0,4.652605459057072,0.0789,0.0776999999999999,1.5444015444015458,0.341639784364243,1100,oil-natural-gas-corporation,Large Cap,Aug-2025
113892,8292,1,KEI Industries Ltd.,Electricals,Electricals,Domestic Equities,205.0,195.0,5.128205128205128,0.0781,0.075,4.133333333333328,0.338175756132413,1100,kei-industries,Mid Cap,Aug-2025
133330,5128,1,Cipla Ltd.,Healthcare,Healthcare,Domestic Equities,488.0,466.0,4.721030042918455,0.0776,0.0724,7.182320441988945,0.336010738487519,1100,cipla,Large Cap,Aug-2025
152574,8059,1,Torrent Power Ltd.,Power,Power,Domestic Equities,632.0,604.0,4.635761589403973,0.0776,0.0791,-1.896333754740839,0.336010738487519,1100,torrent-power,Mid Cap,Aug-2025
152608,7159,1,Indian Bank,Bank,Banking,Domestic Equities,1175.0,1123.0,4.630454140694568,0.0767,0.0698,9.885386819484234,0.33211370672671,1100,indian-bank,Mid Cap,Aug-2025
171840,6541,1,UNO Minda Ltd.,Automobile & Ancillaries,Automobile & Ancillaries,Domestic Equities,594.0,568.0,4.577464788732395,0.076,0.0592,28.37837837837837,0.329082682023859,1100,uno-minda,Mid Cap,Aug-2025
135555,92715,1,360 One Wam Ltd.,Finance,Finance,Domestic Equities,738.0,705.0,4.680851063829787,0.0751,0.0742,1.2129380053908336,0.32518565026305,1100,360-one-wam,Mid Cap,Aug-2025
115643,7007,1,Coal India Ltd.,Mining,Mining,Domestic Equities,1973.0,1885.0,4.6684350132626,0.0739,0.0709,4.231311706629053,0.319989607915305,1100,coal-india,Large Cap,Aug-2025
171572,5156,1,Eicher Motors Ltd.,Automobile & Ancillaries,Automobile & Ancillaries,Domestic Equities,119.0,114.0,4.385964912280701,0.0726,0.0623,16.53290529695023,0.314360562038581,1100,eicher-motors,Large Cap,Aug-2025
152400,5891,1,Nestle India Ltd.,FMCG,Fast Moving Consumer Goods,Domestic Equities,623.0,297.0,109.76430976430976,0.072,0.0668,7.7844311377245585,0.311762540864708,1100,nestle-india,Large Cap,Aug-2025
58168,86912,1,HDFC Life Insurance Company Ltd.,Insurance,Finance,Domestic Equities,931.0,889.0,4.724409448818897,0.0719,0.0672,6.994047619047629,0.311329537335729,1100,hdfc-life-insurance-company,Large Cap,Aug-2025
134703,87891,1,Hindustan Aeronautics Ltd.,Capital Goods,Capital Goods,Domestic Equities,165.0,157.0,5.095541401273886,0.0715,0.0712,0.421348314606745,0.309597523219814,1100,hindustan-aeronautics,Large Cap,Aug-2025
677,6026,1,Oil India Ltd.,Crude Oil,Crude Oil,Domestic Equities,1814.0,1733.0,4.67397576457011,0.0708,0.0762999999999999,-7.2083879423328945,0.306566498516963,1100,oil-india,Mid Cap,Aug-2025
56728,7719,1,Shriram Finance Ltd.,Finance,Finance,Domestic Equities,1216.0,1162.0,4.647160068846816,0.0706,0.0733,-3.683492496589365,0.305700491459005,1100,shriram-finance,Large Cap,Aug-2025
152907,86648,1,SBI Life Insurance Company Ltd.,Insurance,Finance,Domestic Equities,389.0,372.0,4.56989247311828,0.0702,0.0684999999999999,2.481751824817517,0.30396847734309,1100,sbi-life-insurance-company,Large Cap,Aug-2025
133643,6434,1,Biocon Ltd.,Healthcare,Healthcare,Domestic Equities,1997.0,1909.0,4.609743321110529,0.0696,0.0747,-6.827309236947789,0.301370456169218,1100,biocon,Mid Cap,Aug-2025
114652,92620,1,Indian Railway Catering And Tourism Corporation Ltd.,Hospitality,Hospitality,Domestic Equities,1003.0,958.0,4.697286012526096,0.0694,0.0696,-0.2873563218390743,0.30050444911126,1100,indian-railway-catering-and-tourism-corporation,Mid Cap,Aug-2025
171462,6372,1,Divi's Laboratories Ltd.,Healthcare,Healthcare,Domestic Equities,110.0,105.0,4.761904761904762,0.0674,0.0693,-2.741702741702735,0.291844378531685,1100,divis-laboratories,Large Cap,Aug-2025
133642,6320,1,Petronet LNG Ltd.,Inds. Gases & Fuels,Industrials Gases & Fuels,Domestic Equities,2493.0,2382.0,4.659949622166247,0.0672,0.0686,-2.0408163265306203,0.290978371473728,1100,petronet-lng,Mid Cap,Aug-2025
133507,6902,1,TVS Motor Company Ltd.,Automobile & Ancillaries,Automobile & Ancillaries,Domestic Equities,204.0,194.0,5.154639175257731,0.0668,0.0544,22.79411764705881,0.289246357357813,1100,tvs-motor-company,Large Cap,Aug-2025
171585,5257,1,Dr. Reddy's Laboratories Ltd.,Healthcare,Healthcare,Domestic Equities,529.0,505.0,4.752475247524752,0.0667,0.0642,3.894080996884735,0.288813353828834,1100,dr-reddy's-laboratories,Large Cap,Aug-2025
38020,6672,1,Apollo Hospitals Enterprise Ltd.,Healthcare,Healthcare,Domestic Equities,87.0,83.0,4.819277108433735,0.0662,0.0622,6.430868167202579,0.28664833618394,1100,apollo-hospitals-enterprise,Large Cap,Aug-2025
79346,86555,1,Aditya Birla Capital Ltd.,Finance,Finance,Domestic Equities,2376.0,2270.0,4.669603524229075,0.066,0.0583,13.207547169811312,0.285782329125982,1100,aditya-birla-capital,Mid Cap,Aug-2025
1427,98308,1,Sona BLW Precision Forgings Ltd.,Automobile & Ancillaries,Automobile & Ancillaries,Domestic Equities,1490.0,1424.0,4.634831460674158,0.066,0.064,3.124999999999989,0.285782329125982,1100,sona-blw-precision-forgings,Mid Cap,Aug-2025
152296,7356,1,Patanjali Foods Ltd.,FMCG,Fast Moving Consumer Goods,Domestic Equities,369.0,352.0,4.829545454545454,0.0655999999999999,0.066,-0.6060606060606066,0.284050315010067,1100,patanjali-foods,Mid Cap,Aug-2025
134830,88309,1,Mazagon Dock Shipbuilders Ltd.,Ship Building,Ship Building,Domestic Equities,252.0,241.0,4.564315352697095,0.0655999999999999,0.0668,-1.7964071856287442,0.284050315010067,1100,mazagon-dock-shipbuilders,Large Cap,Aug-2025
171698,8307,1,Oracle Financial Services Software Ltd.,IT,Information Technology,Domestic Equities,78.0,75.0,4.0,0.0647,0.0636,1.729559748427664,0.280153283249258,1100,oracle-financial-services-software,Mid Cap,Aug-2025
123299,91366,1,KPIT Technologies Ltd.,IT,Information Technology,Domestic Equities,543.0,519.0,4.624277456647398,0.0646,0.0637,1.4128728414442675,0.27972027972028,1100,kpit-technologies,Mid Cap,Aug-2025
171444,98250,1,Kalyan Jewellers India Ltd.,Diamond  &  Jewellery,Diamond & Jewellery,Domestic Equities,1278.0,1221.0,4.668304668304668,0.0644,0.0726,-11.29476584022038,0.278854272662322,1100,kalyan-jewellers-india,Mid Cap,Aug-2025
352,7184,1,Ipca Laboratories Ltd.,Healthcare,Healthcare,Domestic Equities,462.0,441.0,4.761904761904762,0.064,0.065,-1.538461538461533,0.277122258546407,1100,ipca-laboratories,Mid Cap,Aug-2025
47051,90577,1,Dalmia Bharat Ltd.,Construction Materials,Construction Materials,Domestic Equities,264.0,253.0,4.3478260869565215,0.0634,0.0566,12.01413427561837,0.274524237372535,1100,dalmia-bharat,Mid Cap,Aug-2025
153691,5278,1,Oberoi Realty Ltd.,Realty,Realty,Domestic Equities,391.0,374.0,4.545454545454546,0.063,0.061,3.2786885245901667,0.27279222325662,1100,oberoi-realty,Mid Cap,Aug-2025
152242,5741,1,Vedanta Ltd.,Non - Ferrous Metals,Non - Ferrous Metals,Domestic Equities,1473.0,1408.0,4.6164772727272725,0.062,0.0599,3.50584307178631,0.268462187966832,1100,vedanta,Large Cap,Aug-2025
171511,5199,1,Wipro Ltd.,IT,Information Technology,Domestic Equities,2478.0,2367.0,4.689480354879595,0.0617999999999999,0.0588,5.102040816326528,0.267596180908874,1100,wipro,Large Cap,Aug-2025
79,7951,1,Balkrishna Industries Ltd.,Automobile & Ancillaries,Automobile & Ancillaries,Domestic Equities,266.0,254.0,4.724409448818897,0.0608999999999999,0.068,-10.441176470588236,0.263699149148066,1100,balkrishna-industries,Mid Cap,Aug-2025
171619,82976,1,Avenue Supermarts Ltd.,Retailing,Retailing,Domestic Equities,127.0,122.0,4.098360655737705,0.0604,0.0521,15.930902111324375,0.261534131503172,1100,avenue-supermarts,Large Cap,Aug-2025
171509,5522,1,Tata Communications Ltd.,Telecom,Telecom,Domestic Equities,390.0,373.0,4.557640750670242,0.0604,0.0643,-6.065318818040431,0.261534131503172,1100,tata-communications,Mid Cap,Aug-2025
75891,5355,1,Container Corporation Of India Ltd.,Logistics,Logistics,Domestic Equities,1146.0,1095.0,4.657534246575342,0.0604,0.0633,-4.58135860979463,0.261534131503172,1100,container-corporation-of-india,Mid Cap,Aug-2025
152323,7533,1,Tata Elxsi Ltd.,IT,Information Technology,Domestic Equities,115.0,110.0,4.545454545454546,0.0602,0.067,-10.149253731343292,0.260668124445214,1100,tata-elxsi,Mid Cap,Aug-2025
152401,5684,1,Tata Consumer Products Ltd.,Agri,Agriculture,Domestic Equities,565.0,540.0,4.62962962962963,0.0602,0.0579999999999999,3.7931034482758577,0.260668124445214,1100,tata-consumer-products,Large Cap,Aug-2025
171886,6139,1,Exide Industries Ltd.,Automobile & Ancillaries,Automobile & Ancillaries,Domestic Equities,1513.0,1446.0,4.633471645919779,0.06,0.0556,7.913669064748209,0.259802117387257,1100,exide-industries,Mid Cap,Aug-2025
152616,7532,1,Vodafone Idea Ltd.,Telecom,Telecom,Domestic Equities,91844.0,87757.0,4.657178344747428,0.0596,0.0605999999999999,-1.6501650165016444,0.258070103271342,1100,vodafone-idea,Mid Cap,Aug-2025
171628,5788,1,Britannia Industries Ltd.,FMCG,Fast Moving Consumer Goods,Domestic Equities,102.0,97.0,5.154639175257731,0.0594,0.0559999999999999,6.071428571428585,0.257204096213384,1100,britannia-industries,Large Cap,Aug-2025
1704,6920,1,L&T Finance Ltd.,Finance,Finance,Domestic Equities,2674.0,2555.0,4.657534246575342,0.0581,0.0518,12.16216216216216,0.25157505033666,1100,lt-finance,Mid Cap,Aug-2025
152406,5107,1,The Indian Hotels Company Ltd.,Hospitality,Hospitality,Domestic Equities,763.0,729.0,4.663923182441701,0.0579,0.054,7.222222222222216,0.250709043278703,1100,the-indian-hotels-company,Large Cap,Aug-2025
756,88308,1,Rail Vikas Nigam Ltd.,Infrastructure,Infrastructure,Domestic Equities,1888.0,1804.0,4.656319290465632,0.0571,0.0628,-9.076433121019113,0.247245015046873,1100,rail-vikas-nigam,Mid Cap,Aug-2025
133351,5368,1,Steel Authority Of India Ltd.,Iron & Steel,Iron & Steel,Domestic Equities,4808.0,4594.0,4.658249891162386,0.0571,0.0571,0.0,0.247245015046873,1100,steel-authority-of-india,Mid Cap,Aug-2025
171383,5551,1,Hero MotoCorp Ltd.,Automobile & Ancillaries,Automobile & Ancillaries,Domestic Equities,112.0,107.0,4.672897196261682,0.057,0.0455999999999999,25.000000000000018,0.246812011517894,1100,hero-motocorp,Mid Cap,Aug-2025
38605,83193,1,Varun Beverages Ltd.,FMCG,Fast Moving Consumer Goods,Domestic Equities,1164.0,1112.0,4.676258992805756,0.0567,0.0581,-2.409638554216862,0.245513000930958,1100,varun-beverages,Large Cap,Aug-2025
222979,112566,1,Vishal Mega Mart Ltd.,Retailing,Retailing,Domestic Equities,3785.0,3616.0,4.673672566371682,0.0566,0.0504999999999999,12.079207920792086,0.245079997401979,1100,vishal-mega-mart,Mid Cap,Aug-2025
75659,6055,1,Lloyds Metals & Energy Ltd.,Iron & Steel,Iron & Steel,Domestic Equities,435.0,416.0,4.567307692307692,0.0561,0.0626,-10.38338658146964,0.242914979757085,1100,lloyds-metals-energy,Mid Cap,Aug-2025
152519,8782,1,Mahindra & Mahindra Financial Services Ltd.,Finance,Finance,Domestic Equities,2200.0,2102.0,4.662226450999048,0.0559,0.0541,3.327171903881696,0.242048972699128,1100,mahindra-mahindra-financial-services,Mid Cap,Aug-2025
171434,4916,1,Astral Ltd.,Plastic Products,Plastic Products,Domestic Equities,409.0,391.0,4.603580562659847,0.0556,0.0548,1.4598540145985253,0.240749962112191,1100,astral,Mid Cap,Aug-2025
133439,5473,1,National Aluminium Company Ltd.,Non - Ferrous Metals,Non - Ferrous Metals,Domestic Equities,2983.0,2850.0,4.666666666666667,0.0555,0.0527,5.31309297912714,0.240316958583212,1100,national-aluminium-company,Mid Cap,Aug-2025
152207,5372,1,LIC Housing Finance Ltd.,Finance,Finance,Domestic Equities,1000.0,955.0,4.712041884816754,0.0555,0.0559999999999999,-0.8928571428571397,0.240316958583212,1100,lic-housing-finance,Mid Cap,Aug-2025
152316,5915,1,Tata Power Company Ltd.,Power,Power,Domestic Equities,1459.0,1394.0,4.66284074605452,0.0546,0.0554,-1.4440433212996402,0.236419926822404,1100,tata-power-company,Large Cap,Aug-2025
97125,90518,1,Adani Total Gas Ltd.,Gas Transmission,Gas Transmission,Domestic Equities,922.0,881.0,4.653802497162316,0.0545,0.0532,2.4436090225563887,0.235986923293425,1100,adani-total-gas,Mid Cap,Aug-2025
152367,6359,1,Abbott India Ltd.,Healthcare,Healthcare,Domestic Equities,17.0,17.0,0.0,0.0535,0.0584999999999999,-8.547008547008547,0.231656888003637,1100,abbott-india,Mid Cap,Aug-2025
152376,5012,1,Bharat Petroleum Corporation Ltd.,Crude Oil,Crude Oil,Domestic Equities,1684.0,1609.0,4.661280298321939,0.0519,0.053,-2.075471698113197,0.224728831539977,1100,bharat-petroleum-corporation,Large Cap,Aug-2025
171514,5399,1,Cholamandalam Investment and Finance Company Ltd.,Finance,Finance,Domestic Equities,365.0,349.0,4.584527220630372,0.0519,0.0504,2.9761904761904834,0.224728831539977,1100,cholamandalam-investment-and-finance-company,Large Cap,Aug-2025
19098,6973,1,Schaeffler India Ltd.,Automobile & Ancillaries,Automobile & Ancillaries,Domestic Equities,133.0,127.0,4.724409448818897,0.0513999999999999,0.0523,-1.7208413001912188,0.222563813895083,1100,schaeffler-india,Mid Cap,Aug-2025
133407,5997,1,Hindustan Zinc Ltd.,Non - Ferrous Metals,Non - Ferrous Metals,Domestic Equities,1219.0,1165.0,4.63519313304721,0.0511,0.0494,3.441295546558703,0.221264803308147,1100,hindustan-zinc,Large Cap,Aug-2025
75697,6614,1,Adani Enterprises Ltd.,Trading,Trading,Domestic Equities,226.0,216.0,4.62962962962963,0.0507,0.0525,-3.428571428571423,0.219532789192232,1100,adani-enterprises,Large Cap,Aug-2025
171433,6783,1,Berger Paints India Ltd.,Chemicals,Chemicals,Domestic Equities,947.0,905.0,4.640883977900553,0.0504999999999999,0.0511,-1.1741682974559784,0.218666782134274,1100,berger-paints-india,Mid Cap,Aug-2025
171565,6678,1,Apollo Tyres Ltd.,Automobile & Ancillaries,Automobile & Ancillaries,Domestic Equities,1072.0,1025.0,4.585365853658536,0.0495,0.0461,7.375271149674617,0.214336746844487,1100,apollo-tyres,Small Cap,Aug-2025
97743,96921,1,Gland Pharma Ltd.,Healthcare,Healthcare,Domestic Equities,264.0,252.0,4.761904761904762,0.0494,0.052,-4.999999999999996,0.213903743315508,1100,gland-pharma,Small Cap,Aug-2025
133635,5732,1,Indraprastha Gas Ltd.,Gas Transmission,Gas Transmission,Domestic Equities,2333.0,2229.0,4.665769403319874,0.0482,0.0457,5.470459518599562,0.208707700967763,1100,indraprastha-gas,Small Cap,Aug-2025
152604,5456,1,Power Finance Corporation Ltd.,Finance,Finance,Domestic Equities,1265.0,1208.0,4.718543046357616,0.048,0.0495,-3.0303030303030374,0.207841693909805,1100,power-finance-corporation,Large Cap,Aug-2025
171335,5389,1,Bajaj Holdings & Investment Ltd.,Finance,Finance,Domestic Equities,37.0,35.0,5.714285714285714,0.0472,0.0489,-3.476482617586911,0.204377665677975,1100,bajaj-holdings-investment,Large Cap,Aug-2025
173672,92657,1,Gujarat Fluorochemicals Ltd.,Chemicals,Chemicals,Domestic Equities,135.0,129.0,4.651162790697675,0.0461,0.0464,-0.6465517241379173,0.199614626859209,1100,gujarat-fluorochemicals,Mid Cap,Aug-2025
797,86851,1,Nippon Life India Asset Management Ltd.,Finance,Finance,Domestic Equities,584.0,558.0,4.659498207885305,0.0458,0.0453,1.1037527593818943,0.198315616272273,1100,nippon-life-india-asset-management,Mid Cap,Aug-2025
152572,7512,1,Info Edge (India) Ltd.,IT,Information Technology,Domestic Equities,337.0,322.0,4.658385093167702,0.0458,0.0448,2.2321428571428488,0.198315616272273,1100,info-edge-india,Large Cap,Aug-2025
83342,79963,1,Bandhan Bank Ltd.,Bank,Banking,Domestic Equities,2817.0,2691.0,4.682274247491638,0.0455999999999999,0.0452,0.8849557522123902,0.197449609214315,1100,bandhan-bank,Small Cap,Aug-2025
134823,84770,1,Cochin Shipyard Ltd.,Ship Building,Ship Building,Domestic Equities,281.0,269.0,4.4609665427509295,0.0452,0.0475999999999999,-5.042016806722694,0.1957175950984,1100,cochin-shipyard,Mid Cap,Aug-2025
152079,6815,1,Linde India Ltd.,Inds. Gases & Fuels,Industrials Gases & Fuels,Domestic Equities,70.0,66.0,6.0606060606060606,0.0446,0.0434,2.7649769585253483,0.193119573924527,1100,linde-india,Mid Cap,Aug-2025
114414,5238,1,Bank Of India,Bank,Banking,Domestic Equities,4042.0,3862.0,4.660797514241326,0.0446,0.043,3.720930232558143,0.193119573924527,1100,bank-of-india,Mid Cap,Aug-2025
171333,7587,1,United Breweries Ltd.,Alcohol,Alcohol,Domestic Equities,240.0,229.0,4.80349344978166,0.0444,0.0446,-0.448430493273533,0.19225356686657,1100,united-breweries,Mid Cap,Aug-2025
76174,111823,1,Bharti Hexacom Ltd.,Telecom,Telecom,Domestic Equities,250.0,239.0,4.602510460251046,0.0444,0.0441999999999999,0.4524886877828158,0.19225356686657,1100,bharti-hexacom,Mid Cap,Aug-2025
57031,5903,1,Indian Oil Corporation Ltd.,Crude Oil,Crude Oil,Domestic Equities,3246.0,3101.0,4.675910996452757,0.0443,0.0452,-1.9911504424778728,0.191820563337591,1100,indian-oil-corporation,Large Cap,Aug-2025
57781,87827,1,Bharat Dynamics Ltd.,Capital Goods,Capital Goods,Domestic Equities,306.0,292.0,4.794520547945205,0.0438999999999999,0.0473,-7.188160676532784,0.190088549221676,1100,bharat-dynamics,Mid Cap,Aug-2025
171402,5320,1,Godrej Consumer Products Ltd.,FMCG,Fast Moving Consumer Goods,Domestic Equities,349.0,334.0,4.491017964071856,0.0434,0.0421,3.087885985748216,0.187923531576782,1100,godrej-consumer-products,Large Cap,Aug-2025
133445,6416,1,Apar Industries Ltd.,Capital Goods,Capital Goods,Domestic Equities,56.0,53.0,5.660377358490567,0.0433,0.0472,-8.262711864406773,0.187490528047804,1100,apar-industries,Small Cap,Aug-2025
171485,6291,1,Motilal Oswal Financial Services Ltd.,Finance,Finance,Domestic Equities,499.0,477.0,4.612159329140461,0.0428,0.0435,-1.6091954022988366,0.18532551040291,1100,motilal-oswal-financial-services,Mid Cap,Aug-2025
114442,5285,1,IndusInd Bank Ltd.,Bank,Banking,Domestic Equities,572.0,546.0,4.761904761904762,0.0423,0.0436,-2.9816513761467864,0.183160492758016,1100,indusind-bank,Mid Cap,Aug-2025
171837,6012,1,DLF Ltd.,Realty,Realty,Domestic Equities,557.0,532.0,4.699248120300752,0.0412,0.0417,-1.199040767386087,0.17839745393925,1100,dlf,Large Cap,Aug-2025
152325,5528,1,Thermax Ltd.,Capital Goods,Capital Goods,Domestic Equities,128.0,123.0,4.065040650406504,0.0411,0.0484999999999999,-15.257731958762871,0.177964450410271,1100,thermax,Mid Cap,Aug-2025
153405,17058,1,LTIMindtree Ltd.,IT,Information Technology,Domestic Equities,80.0,76.0,5.263157894736842,0.0411,0.0388,5.927835051546403,0.177964450410271,1100,ltimindtree,Large Cap,Aug-2025
38708,8062,1,Adani Power Ltd.,Power,Power,Domestic Equities,683.0,653.0,4.594180704441041,0.0409999999999999,0.0384,6.770833333333329,0.177531446881292,1100,adani-power,Large Cap,Aug-2025
171387,6208,1,Pidilite Industries Ltd.,Chemicals,Chemicals,Domestic Equities,134.0,128.0,4.6875,0.0409,0.0366999999999999,11.444141689373296,0.177098443352313,1100,pidilite-industries,Large Cap,Aug-2025
19183,6082,1,Deepak Nitrite Ltd.,Chemicals,Chemicals,Domestic Equities,228.0,218.0,4.587155963302752,0.0408,0.0401,1.745635910224446,0.176665439823335,1100,deepak-nitrite,Small Cap,Aug-2025
171741,5431,1,GAIL (India) Ltd.,Gas Transmission,Gas Transmission,Domestic Equities,2343.0,2239.0,4.644930772666369,0.0406,0.0398,2.010050251256272,0.175799432765377,1100,gail-india,Large Cap,Aug-2025
133333,4917,1,CRISIL Ltd.,Ratings,Ratings,Domestic Equities,81.0,77.0,5.194805194805195,0.0404,0.0408,-0.980392156862746,0.17493342570742,1100,crisil,Mid Cap,Aug-2025
152486,5772,1,AIA Engineering Ltd.,Automobile & Ancillaries,Automobile & Ancillaries,Domestic Equities,129.0,123.0,4.878048780487805,0.0394,0.0385,2.337662337662334,0.170603390417632,1100,aia-engineering,Mid Cap,Aug-2025
19805,15724,1,Syngene International Ltd.,Business Services,Healthcare,Domestic Equities,630.0,602.0,4.651162790697675,0.0394,0.043,-8.372093023255811,0.170603390417632,1100,syngene-international,Small Cap,Aug-2025
152370,5063,1,Escorts Kubota Ltd.,Automobile & Ancillaries,Automobile & Ancillaries,Domestic Equities,110.0,105.0,4.761904761904762,0.0392,0.0353,11.048158640226632,0.169737383359674,1100,escorts-kubota,Mid Cap,Aug-2025
152324,4941,1,ACC Ltd.,Construction Materials,Construction Materials,Domestic Equities,217.0,207.0,4.830917874396135,0.0391,0.037,5.6756756756756745,0.169304379830696,1100,acc,Mid Cap,Aug-2025
133334,5159,1,CG Power and Industrial Solutions Ltd.,Capital Goods,Capital Goods,Domestic Equities,556.0,531.0,4.708097928436912,0.0385999999999999,0.0351,9.971509971509974,0.167139362185802,1100,cg-power-and-industrial-solutions,Large Cap,Aug-2025
102429,100653,1,Global Health Ltd.,Healthcare,Healthcare,Domestic Equities,280.0,268.0,4.477611940298507,0.0385,0.0351,9.686609686609696,0.166706358656823,1100,global-health,Mid Cap,Aug-2025
44430,82482,1,L&T Technology Services Ltd.,IT,Information Technology,Domestic Equities,91.0,87.0,4.597701149425287,0.0384,0.0375,2.3999999999999964,0.166273355127844,1100,lt-technology-services,Mid Cap,Aug-2025
171636,86629,1,ICICI Lombard General Insurance Company Ltd.,Insurance,Finance,Domestic Equities,208.0,199.0,4.522613065326634,0.0383,0.0383,0.0,0.165840351598866,1100,icici-lombard-general-insurance-company,Mid Cap,Aug-2025
152386,5556,1,Glaxosmithkline Pharmaceuticals Ltd.,Healthcare,Healthcare,Domestic Equities,137.0,131.0,4.580152671755725,0.0382,0.0414,-7.729468599033813,0.165407348069887,1100,glaxosmithkline-pharmaceuticals,Mid Cap,Aug-2025
171943,4973,1,REC Ltd.,Finance,Finance,Domestic Equities,1085.0,1036.0,4.72972972972973,0.038,0.0409,-7.090464547677263,0.164541341011929,1100,rec,Large Cap,Aug-2025
171948,7104,1,Emami Ltd.,FMCG,Fast Moving Consumer Goods,Domestic Equities,655.0,626.0,4.63258785942492,0.0375999999999999,0.0375999999999999,0.0,0.162809326896014,1100,emami,Small Cap,Aug-2025
57541,86814,1,General Insurance Corporation of India,Insurance,Finance,Domestic Equities,1028.0,982.0,4.684317718940937,0.0374,0.0385,-2.857142857142854,0.161943319838057,1100,general-insurance-corporation-of-india,Mid Cap,Aug-2025
114405,5008,1,Bank Of Baroda,Bank,Banking,Domestic Equities,1608.0,1537.0,4.619388418998048,0.0374,0.0366,2.185792349726777,0.161943319838057,1100,bank-of-baroda,Large Cap,Aug-2025
114654,92672,1,Indian Renewable Energy Development Agency Ltd.,Finance,Finance,Domestic Equities,2646.0,2528.0,4.667721518987341,0.0372,0.0373,-0.2680965147453026,0.161077312780099,1100,indian-renewable-energy-development-agency,Mid Cap,Aug-2025
77359,100627,1,Waaree Energies Ltd.,Capital Goods,Capital Goods,Domestic Equities,108.0,103.0,4.854368932038835,0.0366999999999999,0.0308,19.15584415584415,0.158912295135205,1100,waaree-energies,Mid Cap,Aug-2025
113818,7906,1,Samvardhana Motherson International Ltd.,Automobile & Ancillaries,Automobile & Ancillaries,Domestic Equities,3842.0,3671.0,4.658131299373467,0.0356,0.0356999999999999,-0.2801120448179212,0.154149256316439,1100,samvardhana-motherson-international,Large Cap,Aug-2025
196533,104025,1,Motherson Sumi Wiring India Ltd.,Automobile & Ancillaries,Automobile & Ancillaries,Domestic Equities,8461.0,8085.0,4.650587507730365,0.0352,0.03,17.333333333333336,0.152417242200524,1100,motherson-sumi-wiring-india,Small Cap,Aug-2025
133495,5019,1,Ajanta Pharma Ltd.,Healthcare,Healthcare,Domestic Equities,140.0,133.0,5.263157894736842,0.0347,0.0366,-5.191256830601091,0.15025222455563,1100,ajanta-pharma,Mid Cap,Aug-2025
115032,83788,1,Housing & Urban Development Corporation Ltd.,Finance,Finance,Domestic Equities,1669.0,1595.0,4.639498432601881,0.0341,0.0339,0.5899705014749268,0.147654203381758,1100,housing-urban-development-corporation,Mid Cap,Aug-2025
171580,109023,1,Tata Technologies Ltd.,IT,Information Technology,Domestic Equities,513.0,490.0,4.6938775510204085,0.0337,0.0344,-2.034883720930228,0.145922189265843,1100,tata-technologies,Small Cap,Aug-2025
133583,8200,1,United Spirits Ltd.,Alcohol,Alcohol,Domestic Equities,256.0,245.0,4.489795918367347,0.0336,0.0327999999999999,2.4390243902439046,0.145489185736864,1100,united-spirits,Large Cap,Aug-2025
171394,82477,1,Endurance Technologies Ltd.,Automobile & Ancillaries,Automobile & Ancillaries,Domestic Equities,117.0,112.0,4.464285714285714,0.0336,0.0286,17.482517482517483,0.145489185736864,1100,endurance-technologies,Small Cap,Aug-2025
58178,99657,1,Star Health and Allied Insurance Company Ltd.,Insurance,Finance,Domestic Equities,751.0,717.0,4.741980474198047,0.0336,0.0319,5.329153605015672,0.145489185736864,1100,star-health-and-allied-insurance-company,Small Cap,Aug-2025
171639,5614,1,Havells India Ltd.,Capital Goods,Capital Goods,Domestic Equities,219.0,209.0,4.784688995215311,0.0334,0.0314,6.369426751592348,0.144623178678906,1100,havells-india,Large Cap,Aug-2025
509,8487,1,K.P.R. Mill Ltd.,Textile,Textile,Domestic Equities,333.0,319.0,4.38871473354232,0.0327999999999999,0.0364,-9.890109890109898,0.142025157505034,1100,kpr-mill,Mid Cap,Aug-2025
152308,5173,1,Shree Cement Ltd.,Construction Materials,Construction Materials,Domestic Equities,11.0,11.0,0.0,0.0322,0.0339,-5.014749262536871,0.139427136331161,1100,shree-cement,Large Cap,Aug-2025
152334,5218,1,Ambuja Cements Ltd.,Construction Materials,Construction Materials,Domestic Equities,568.0,543.0,4.6040515653775325,0.032,0.0322,-0.6211180124223608,0.138561129273204,1100,ambuja-cements,Large Cap,Aug-2025
152331,7581,1,Torrent Pharmaceuticals Ltd.,Healthcare,Healthcare,Domestic Equities,90.0,86.0,4.651162790697675,0.032,0.0322,-0.6211180124223608,0.138561129273204,1100,torrent-pharmaceuticals,Large Cap,Aug-2025
222201,112407,1,NTPC Green Energy Ltd.,Power,Power,Domestic Equities,3090.0,2952.0,4.67479674796748,0.0318,0.0308,3.2467532467532494,0.137695122215246,1100,ntpc-green-energy,Mid Cap,Aug-2025
133614,6833,1,Canara Bank,Bank,Banking,Domestic Equities,2929.0,2798.0,4.681915654038598,0.0304,0.03,1.3333333333333344,0.131633072809543,1100,canara-bank,Mid Cap,Aug-2025
114606,112114,1,Hyundai Motor India Ltd.,Automobile & Ancillaries,Automobile & Ancillaries,Domestic Equities,123.0,118.0,4.23728813559322,0.0302999999999999,0.0254,19.29133858267716,0.131200069280565,1100,hyundai-motor-india,Large Cap,Aug-2025
133599,5561,1,Punjab National Bank,Bank,Banking,Domestic Equities,2995.0,2862.0,4.647099930118799,0.0302,0.0302,0.0,0.130767065751586,1100,punjab-national-bank,Large Cap,Aug-2025
171942,7813,1,Jindal Steel Ltd.,Iron & Steel,Iron & Steel,Domestic Equities,318.0,306.0,3.92156862745098,0.0301,0.0295,2.0338983050847323,0.130334062222607,1100,jindal-steel,Large Cap,Aug-2025
217845,112026,1,Premier Energies Ltd.,Electricals,Electricals,Domestic Equities,302.0,288.0,4.861111111111112,0.03,0.0297,1.0101010101010035,0.129901058693628,1100,premier-energies,Mid Cap,Aug-2025
13,7543,1,Tata Investment Corporation Ltd.,Finance,Finance,Domestic Equities,43.0,41.0,4.878048780487805,0.0293,0.0279,5.01792114695341,0.126870033990777,1100,tata-investment-corporation,Mid Cap,Aug-2025
134667,88599,1,Lodha Developers Ltd.,Realty,Realty,Domestic Equities,243.0,232.0,4.741379310344827,0.0289999999999999,0.0286,1.3986013986014,0.125571023403841,1100,lodha-developers,Large Cap,Aug-2025
645,8087,1,IRB Infrastructure Developers Ltd.,Infrastructure,Infrastructure,Domestic Equities,6599.0,6305.0,4.662965900079303,0.0283,0.0283999999999999,-0.3521126760563305,0.122539998700989,1100,irb-infrastructure-developers,Small Cap,Aug-2025
152374,6232,1,Bosch Ltd.,Automobile & Ancillaries,Automobile & Ancillaries,Domestic Equities,7.0,7.0,0.0,0.0279999999999999,0.0283,-1.0600706713781003,0.121240988114053,1100,bosch,Mid Cap,Aug-2025
152064,6806,1,3M India Ltd.,Diversified,Diversified,Domestic Equities,9.0,9.0,0.0,0.0277,0.0277,0.0,0.119941977527117,1100,3m-india,Mid Cap,Aug-2025
57345,99844,1,AWL Agri Business Ltd.,FMCG,Fast Moving Consumer Goods,Domestic Equities,1096.0,1048.0,4.580152671755725,0.0276,0.0275,0.3636363636363559,0.119508973998138,1100,awl-agri-business,Mid Cap,Aug-2025
133645,6755,1,Bank Of Maharashtra,Bank,Banking,Domestic Equities,5233.0,5000.0,4.66,0.0272,0.0279999999999999,-2.857142857142844,0.117776959882223,1100,bank-of-maharashtra,Mid Cap,Aug-2025
113787,7539,1,Honeywell Automation India Ltd.,Consumer Durables,Consumer Durables,Domestic Equities,7.0,7.0,0.0,0.0271,0.0271,0.0,0.117343956353244,1100,honeywell-automation-india,Mid Cap,Aug-2025
78882,109773,1,JSW Infrastructure Ltd.,Logistics,Logistics,Domestic Equities,906.0,866.0,4.618937644341801,0.0268,0.0264,1.5151515151515165,0.116044945766308,1100,jsw-infrastructure,Mid Cap,Aug-2025
171799,4956,1,Dabur India Ltd.,FMCG,Fast Moving Consumer Goods,Domestic Equities,512.0,489.0,4.703476482617587,0.0266999999999999,0.0259,3.0888030888030915,0.115611942237329,1100,dabur-india,Mid Cap,Aug-2025
171853,7249,1,NLC India Ltd.,Power,Power,Domestic Equities,1085.0,1037.0,4.628736740597879,0.0243999999999999,0.0250999999999999,-2.7888446215139377,0.105652861070818,1100,nlc-india,Mid Cap,Aug-2025
84351,88646,1,Adani Green Energy Ltd.,Power,Power,Domestic Equities,266.0,254.0,4.724409448818897,0.0243,0.025,-2.7999999999999936,0.105219857541839,1100,adani-green-energy,Large Cap,Aug-2025
137768,15760,1,Gujarat Gas Ltd.,Gas Transmission,Gas Transmission,Domestic Equities,573.0,547.0,4.753199268738574,0.024,0.0241,-0.4149377593361091,0.103920846954903,1100,gujarat-gas,Mid Cap,Aug-2025
139932,15713,1,Adani Energy Solutions Ltd.,Power,Power,Domestic Equities,314.0,300.0,4.666666666666667,0.024,0.0243,-1.234567901234578,0.103920846954903,1100,adani-energy-solutions,Large Cap,Aug-2025
152377,4902,1,Siemens Ltd.,Capital Goods,Capital Goods,Domestic Equities,76.0,73.0,4.10958904109589,0.0233,0.0220999999999999,5.42986425339367,0.100889822252051,1100,siemens,Large Cap,Aug-2025
114697,5402,1,JSW Energy Ltd.,Power,Power,Domestic Equities,465.0,444.0,4.72972972972973,0.0227,0.0229,-0.873362445414848,0.0982918010781788,1100,jsw-energy,Mid Cap,Aug-2025
133272,5382,1,ABB India Ltd.,Capital Goods,Capital Goods,Domestic Equities,45.0,43.0,4.651162790697675,0.0225,0.0237,-5.06329113924051,0.0974257940202213,1100,abb-india,Large Cap,Aug-2025
1840,4901,1,SJVN Ltd.,Power,Power,Domestic Equities,2379.0,2273.0,4.663440387153542,0.0223,0.0213,4.694835680751178,0.0965597869622637,1100,sjvn,Mid Cap,Aug-2025
171968,4931,1,Zydus Lifesciences Ltd.,Healthcare,Healthcare,Domestic Equities,216.0,207.0,4.3478260869565215,0.0212,0.0200999999999999,5.472636815920414,0.0917967481434974,1100,zydus-lifesciences,Large Cap,Aug-2025
57620,82559,1,ICICI Prudential Life Insurance Company Ltd.,Insurance,Finance,Domestic Equities,340.0,324.0,4.938271604938271,0.0204,0.02,2.0000000000000018,0.0883327199116673,1100,icici-prudential-life-insurance-company,Mid Cap,Aug-2025
133387,5868,1,Godrej Industries Ltd.,Chemicals,Chemicals,Domestic Equities,162.0,155.0,4.516129032258064,0.0199,0.0178,11.797752808988765,0.0861677022667735,1100,godrej-industries,Mid Cap,Aug-2025
58145,71025,1,Indian Railway Finance Corporation Ltd.,Finance,Finance,Domestic Equities,1552.0,1483.0,4.652730950775455,0.0183,0.019,-3.684210526315781,0.0792396458031133,1100,indian-railway-finance-corporation,Large Cap,Aug-2025
176199,111753,1,OLA Electric Mobility Ltd.,Automobile & Ancillaries,Automobile & Ancillaries,Domestic Equities,3357.0,3208.0,4.644638403990025,0.0181,0.0133,36.09022556390977,0.0783736387451558,1100,ola-electric-mobility,Small Cap,Aug-2025
152532,6617,1,Sun TV Network Ltd.,Media & Entertainment,Media & Entertainment,Domestic Equities,328.0,314.0,4.45859872611465,0.0178,0.0177,0.56497175141243,0.0770746281582195,1100,sun-tv-network,Small Cap,Aug-2025
58155,95800,1,Life Insurance Corporation of India,Insurance,Finance,Domestic Equities,192.0,184.0,4.3478260869565215,0.0163999999999999,0.0165,-0.6060606060606066,0.0710125787525168,1100,life-insurance-corporation-of-india,Large Cap,Aug-2025
58164,86911,1,The New India Assurance Company Ltd.,Insurance,Finance,Domestic Equities,800.0,764.0,4.712041884816754,0.0151,0.0153,-1.3071895424836613,0.0653835328757929,1100,the-new-india-assurance-company,Small Cap,Aug-2025
84908,112552,1,Swiggy Ltd.,Retailing,Information Technology,Domestic Equities,337.0,322.0,4.658385093167702,0.0138,0.013,6.153846153846142,0.059754486999069,1100,swiggy,Mid Cap,Aug-2025
95549,7450,1,Aditya Birla Fashion and Retail Ltd.,Retailing,Retailing,Domestic Equities,1561.0,1491.0,4.694835680751173,0.0121,0.0109,11.009174311926593,0.0523934270064301,1100,aditya-birla-fashion-and-retail,Small Cap,Aug-2025
116180,112103,1,Bajaj Housing Finance Ltd.,Finance,Finance,Domestic Equities,808.0,772.0,4.66321243523316,0.009,0.0088,2.2727272727272747,0.0389703176080885,1100,bajaj-housing-finance,Large Cap,Aug-2025
171883,5324,1,Mangalore Refinery And Petrochemicals Ltd.,Crude Oil,Crude Oil,Domestic Equities,593.0,567.0,4.585537918871252,0.0072,0.0072,0.0,0.0311762540864708,1100,mangalore-refinery-and-petrochemicals,Small Cap,Aug-2025
171875,5051,1,HDFC Bank Ltd.,Bank,Banking,Domestic Equities,6329.0,5892.0,7.4168363883231505,1.2773,1.1793,8.310014415331125,5.66153982536235,1100,hdfc-bank,Large Cap,Jul-2025
171888,8748,1,ICICI Bank Ltd.,Bank,Banking,Domestic Equities,5917.0,5508.0,7.425562817719681,0.8765000000000001,0.7963,10.071581062413678,3.88502282700235,1100,icici-bank,Large Cap,Jul-2025
171531,4897,1,Reliance Industries Ltd.,Crude Oil,Crude Oil,Domestic Equities,5624.0,5235.0,7.430754536771729,0.7818,0.7856000000000001,-0.483706720977591,3.46527192943575,1100,reliance-industries,Large Cap,Jul-2025
171889,4926,1,Infosys Ltd.,IT,Information Technology,Domestic Equities,2990.0,2783.0,7.43801652892562,0.4512,0.4458,1.2113055181695809,1.99991135144719,1100,infosys,Large Cap,Jul-2025
133593,6508,1,Bharti Airtel Ltd.,Telecom,Telecom,Domestic Equities,2262.0,2106.0,7.4074074074074066,0.433,0.4232,2.315689981096401,1.91924116838793,1100,bharti-airtel,Large Cap,Jul-2025
152372,4964,1,Larsen & Toubro Ltd.,Infrastructure,Infrastructure,Domestic Equities,974.0,907.0,7.386990077177508,0.3542,0.3329,6.398317813157112,1.56996587030717,1100,larsen-toubro,Large Cap,Jul-2025
152408,5535,1,ITC Ltd.,FMCG,Fast Moving Consumer Goods,Domestic Equities,7728.0,7194.0,7.422852376980818,0.3184,0.2996,6.275033377837112,1.41128496077302,1100,itc,Large Cap,Jul-2025
76200,82667,1,BSE Ltd.,Finance,Finance,Domestic Equities,1294.0,1204.0,7.475083056478406,0.3141,0.3335,-5.817091454272867,1.39222552191835,1100,bse,Mid Cap,Jul-2025
77009,96064,1,Max Healthcare Institute Ltd.,Healthcare,Healthcare,Domestic Equities,2362.0,2198.0,7.461328480436761,0.2943,0.2805,4.919786096256681,1.3044634546341,1100,max-healthcare-institute,Large Cap,Jul-2025
171915,6797,1,Tata Consultancy Services Ltd.,IT,Information Technology,Domestic Equities,847.0,789.0,7.3510773130545,0.2572,0.2732,-5.85651537335286,1.14002038916715,1100,tata-consultancy-services,Large Cap,Jul-2025
133350,8843,1,State Bank Of India,Bank,Banking,Domestic Equities,3189.0,2969.0,7.409902324014819,0.254,0.2435999999999999,4.269293924466335,1.12583662071717,1100,state-bank-of-india,Large Cap,Jul-2025
171400,5889,1,Axis Bank Ltd.,Bank,Banking,Domestic Equities,2375.0,2211.0,7.41745816372682,0.2537,0.2651,-4.300264051301397,1.12450689242498,1100,axis-bank,Large Cap,Jul-2025
171492,5886,1,Kotak Mahindra Bank Ltd.,Bank,Banking,Domestic Equities,1220.0,1136.0,7.394366197183098,0.2414,0.2458,-1.7900732302685018,1.06998803244537,1100,kotak-mahindra-bank,Large Cap,Jul-2025
171656,5311,1,Mahindra & Mahindra Ltd.,Automobile & Ancillaries,Automobile & Ancillaries,Domestic Equities,733.0,682.0,7.47800586510264,0.2348,0.2171,8.152924919391983,1.04073401001729,1100,mahindra-mahindra,Large Cap,Jul-2025
152473,5056,1,Suzlon Energy Ltd.,Capital Goods,Capital Goods,Domestic Equities,37858.0,35239.0,7.432106472941911,0.2332,0.2386,-2.263202011735118,1.0336421257923,1100,suzlon-energy,Mid Cap,Jul-2025
57445,86554,1,Dixon Technologies (India) Ltd.,Consumer Durables,Consumer Durables,Domestic Equities,124.0,115.0,7.82608695652174,0.2087999999999999,0.1723,21.183981427742303,0.925490891361199,1100,dixon-technologies-india,Mid Cap,Jul-2025
171484,6114,1,Bajaj Finance Ltd.,Finance,Finance,Domestic Equities,2206.0,2053.0,7.452508524111057,0.1944,0.1923,1.0920436817472745,0.861663933336288,1100,bajaj-finance,Large Cap,Jul-2025
157113,99763,1,PB Fintech Ltd.,IT,Information Technology,Domestic Equities,1054.0,981.0,7.44138634046891,0.191,0.1789,6.763555058692012,0.846593679358185,1100,pb-fintech,Mid Cap,Jul-2025
171717,5016,1,Hindustan Unilever Ltd.,FMCG,Fast Moving Consumer Goods,Domestic Equities,736.0,685.0,7.445255474452554,0.1856,0.1572,18.066157760814235,0.822658570098843,1100,hindustan-unilever,Large Cap,Jul-2025
133657,7260,1,Coforge Ltd.,IT,Information Technology,Domestic Equities,1058.0,985.0,7.411167512690356,0.185,0.1896,-2.426160337552747,0.819999113514472,1100,coforge,Mid Cap,Jul-2025
114530,88033,1,HDFC Asset Management Company Ltd.,Finance,Finance,Domestic Equities,322.0,300.0,7.333333333333333,0.1819,0.1558,16.752246469833125,0.806258587828554,1100,hdfc-asset-management-company,Mid Cap,Jul-2025
156921,98676,1,Eternal Ltd.,Retailing,Information Technology,Domestic Equities,5770.0,5371.0,7.428784211506237,0.1776,0.1419,25.158562367864707,0.787199148973893,1100,eternal,Large Cap,Jul-2025
95548,5980,1,Persistent Systems Ltd.,IT,Information Technology,Domestic Equities,341.0,317.0,7.570977917981073,0.176,0.1914999999999999,-8.093994778067872,0.780107264748903,1100,persistent-systems,Mid Cap,Jul-2025
171685,5596,1,The Federal Bank Ltd.,Bank,Banking,Domestic Equities,7800.0,7260.0,7.43801652892562,0.1578999999999999,0.1547,2.068519715578529,0.699880324453703,1100,the-federal-bank,Mid Cap,Jul-2025
420,5071,1,Sun Pharmaceutical Industries Ltd.,Healthcare,Healthcare,Domestic Equities,895.0,833.0,7.44297719087635,0.1527,0.1396,9.383954154727784,0.676831700722486,1100,sun-pharmaceutical-industries,Large Cap,Jul-2025
38803,5403,1,Indus Towers Ltd.,Telecom,Telecom,Domestic Equities,4201.0,3910.0,7.442455242966751,0.1525,0.1646999999999999,-7.407407407407401,0.675945215194362,1100,indus-towers,Large Cap,Jul-2025
171877,6125,1,Cummins India Ltd.,Automobile & Ancillaries,Automobile & Ancillaries,Domestic Equities,429.0,399.0,7.518796992481203,0.1525,0.1356,12.463126843657813,0.675945215194362,1100,cummins-india,Mid Cap,Jul-2025
152211,6247,1,Lupin Ltd.,Healthcare,Healthcare,Domestic Equities,768.0,715.0,7.412587412587412,0.1482,0.1386,6.9264069264069335,0.656885776339701,1100,lupin,Large Cap,Jul-2025
7737,15826,1,IDFC First Bank Ltd.,Bank,Banking,Domestic Equities,21005.0,19552.0,7.431464811783961,0.1444,0.1424,1.404494382022467,0.64004255130535,1100,idfc-first-bank,Mid Cap,Jul-2025
152636,5140,1,Fortis Healthcare Ltd.,Healthcare,Healthcare,Domestic Equities,1656.0,1541.0,7.462686567164178,0.142,0.1224,16.01307189542483,0.629404724967865,1100,fortis-healthcare,Mid Cap,Jul-2025
165,7447,1,SRF Ltd.,Chemicals,Chemicals,Domestic Equities,461.0,429.0,7.459207459207459,0.1402,0.1391,0.7907979870596653,0.621426355214751,1100,srf,Mid Cap,Jul-2025
133625,7239,1,Maruti Suzuki India Ltd.,Automobile & Ancillaries,Automobile & Ancillaries,Domestic Equities,108.0,101.0,6.930693069306932,0.1362,0.1252,8.785942492012778,0.603696644652276,1100,maruti-suzuki-india,Large Cap,Jul-2025
141614,85778,1,AU Small Finance Bank Ltd.,Bank,Banking,Domestic Equities,1785.0,1662.0,7.400722021660649,0.1324,0.1359,-2.575423105224427,0.586853419617925,1100,au-small-finance-bank,Mid Cap,Jul-2025
133664,7760,1,NTPC Ltd.,Power,Power,Domestic Equities,3936.0,3664.0,7.423580786026202,0.1316,0.1226999999999999,7.2534637326813405,0.58330747750543,1100,ntpc,Large Cap,Jul-2025
171528,8219,1,HCL Technologies Ltd.,IT,Information Technology,Domestic Equities,879.0,818.0,7.45721271393643,0.129,0.1414,-8.769448373408771,0.571783165639821,1100,hcl-technologies,Large Cap,Jul-2025
171365,5279,1,Hindustan Petroleum Corporation Ltd.,Crude Oil,Crude Oil,Domestic Equities,3053.0,2842.0,7.424349049964814,0.1278,0.1245,2.6506024096385548,0.566464252471078,1100,hindustan-petroleum-corporation,Mid Cap,Jul-2025
152222,5634,1,Max Financial Services Ltd.,Finance,Finance,Domestic Equities,837.0,779.0,7.445442875481387,0.1257,0.1283,-2.026500389711612,0.557156154425779,1100,max-financial-services,Mid Cap,Jul-2025
133654,6850,1,Ultratech Cement Ltd.,Construction Materials,Construction Materials,Domestic Equities,98.0,91.0,7.6923076923076925,0.12,0.11,9.090909090909092,0.531891316874252,1100,ultratech-cement,Large Cap,Jul-2025
171327,5699,1,Marico Ltd.,FMCG,Fast Moving Consumer Goods,Domestic Equities,1679.0,1562.0,7.490396927016646,0.1192,0.1128,5.6737588652482325,0.528345374761757,1100,marico,Mid Cap,Jul-2025
152795,99590,1,One97 Communications Ltd.,IT,Information Technology,Domestic Equities,1083.0,1008.0,7.440476190476191,0.118,0.0931,26.745435016111703,0.523026461593014,1100,one97-communications,Mid Cap,Jul-2025
152378,5539,1,Tata Motors Ltd.,Automobile & Ancillaries,Automobile & Ancillaries,Domestic Equities,1732.0,1612.0,7.444168734491314,0.1153,0.1109,3.9675383228133407,0.511058906963344,1100,tata-motors,Large Cap,Jul-2025
171461,6050,1,Titan Company Ltd.,Diamond  &  Jewellery,Diamond & Jewellery,Domestic Equities,342.0,318.0,7.547169811320755,0.1144999999999999,0.1173,-2.387041773231041,0.507512964850849,1100,titan-company,Large Cap,Jul-2025
133309,5981,1,Bharat Electronics Ltd.,Capital Goods,Capital Goods,Domestic Equities,2973.0,2767.0,7.444886158294181,0.1139,0.1166,-2.3156089193825005,0.504853508266478,1100,bharat-electronics,Large Cap,Jul-2025
152455,7030,1,Yes Bank Ltd.,Bank,Banking,Domestic Equities,59950.0,55804.0,7.4295749408644545,0.1134,0.1134999999999999,-0.0881057268722448,0.502637294446168,1100,yes-bank,Mid Cap,Jul-2025
171635,7381,1,UPL Ltd.,Chemicals,Chemicals,Domestic Equities,1608.0,1497.0,7.414829659318638,0.1132,0.099,14.34343434343434,0.501750808918044,1100,upl,Mid Cap,Jul-2025
171659,5756,1,Ashok Leyland Ltd.,Automobile & Ancillaries,Automobile & Ancillaries,Domestic Equities,9093.0,4232.0,114.86294896030245,0.1101,0.1061999999999999,3.672316384180797,0.488010283232126,1100,ashok-leyland,Mid Cap,Jul-2025
171839,6306,1,Solar Industries India Ltd.,Chemicals,Chemicals,Domestic Equities,77.0,72.0,6.944444444444445,0.1094999999999999,0.1267,-13.57537490134176,0.485350826647755,1100,solar-industries-india,Large Cap,Jul-2025
517,7825,1,Power Grid Corporation Of India Ltd.,Power,Power,Domestic Equities,3761.0,3501.0,7.426449585832619,0.1094,0.105,4.190476190476185,0.484907583883693,1100,power-grid-corporation-of-india,Large Cap,Jul-2025
152118,7308,1,PI Industries Ltd.,Chemicals,Chemicals,Domestic Equities,257.0,239.0,7.531380753138076,0.1092,0.0981,11.314984709480116,0.484021098355569,1100,pi-industries,Mid Cap,Jul-2025
134131,90516,1,Polycab India Ltd.,Electricals,Electricals,Domestic Equities,160.0,149.0,7.38255033557047,0.1091,0.0975999999999999,11.782786885245905,0.483577855591508,1100,polycab-india,Mid Cap,Jul-2025
152362,5226,1,Tata Steel Ltd.,Iron & Steel,Iron & Steel,Domestic Equities,6865.0,6390.0,7.433489827856025,0.1084,0.1021,6.170421155729667,0.480475156243074,1100,tata-steel,Large Cap,Jul-2025
151967,5716,1,GE Vernova T&D India Ltd.,Capital Goods,Capital Goods,Domestic Equities,392.0,366.0,7.103825136612022,0.1069,0.0864,23.72685185185184,0.473826514782146,1100,ge-vernova-td-india,Mid Cap,Jul-2025
152551,7908,1,GMR Airports Ltd.,Infrastructure,Aviation,Domestic Equities,11341.0,10556.0,7.436528988253126,0.1021,0.0899,13.570634037819806,0.452550862107176,1100,gmr-airports,Mid Cap,Jul-2025
133463,8505,1,Glenmark Pharmaceuticals Ltd.,Healthcare,Healthcare,Domestic Equities,478.0,445.0,7.415730337078652,0.102,0.078,30.769230769230766,0.452107619343114,1100,glenmark-pharmaceuticals,Mid Cap,Jul-2025
599,7495,1,Sundaram Finance Ltd.,Finance,Finance,Domestic Equities,218.0,203.0,7.389162561576355,0.1018999999999999,0.105,-2.952380952380957,0.451664376579052,1100,sundaram-finance,Mid Cap,Jul-2025
171465,6543,1,Aurobindo Pharma Ltd.,Healthcare,Healthcare,Domestic Equities,888.0,827.0,7.376058041112454,0.1012,0.0938,7.889125799573543,0.448561677230619,1100,aurobindo-pharma,Mid Cap,Jul-2025
19182,5589,1,Coromandel International Ltd.,Chemicals,Chemicals,Domestic Equities,375.0,349.0,7.4498567335243555,0.1009,0.0874,15.4462242562929,0.447231948938434,1100,coromandel-international,Mid Cap,Jul-2025
19255,6350,1,Mphasis Ltd.,IT,Information Technology,Domestic Equities,361.0,336.0,7.440476190476191,0.1007,0.0956,5.334728033472801,0.44634546341031,1100,mphasis,Mid Cap,Jul-2025
171946,6864,1,Godrej Properties Ltd.,Realty,Realty,Domestic Equities,477.0,444.0,7.432432432432432,0.1003,0.104,-3.5576923076923173,0.444572492354062,1100,godrej-properties,Mid Cap,Jul-2025
152369,6790,1,Bharat Forge Ltd.,Automobile & Ancillaries,Automobile & Ancillaries,Domestic Equities,847.0,788.0,7.487309644670051,0.099,0.1031,-3.9767216294859375,0.438810336421258,1100,bharat-forge,Mid Cap,Jul-2025
171321,7864,1,Page Industries Ltd.,Textile,Textile,Domestic Equities,20.0,18.0,11.11111111111111,0.0975999999999999,0.0889,9.786276715410564,0.432604937724392,1100,page-industries,Mid Cap,Jul-2025
133342,5963,1,Bharat Heavy Electricals Ltd.,Capital Goods,Capital Goods,Domestic Equities,4085.0,3802.0,7.443450815360336,0.0974,0.1012,-3.754940711462441,0.431718452196268,1100,bharat-heavy-electricals,Mid Cap,Jul-2025
101370,86936,1,Tube Investments of India Ltd.,Automobile & Ancillaries,Automobile & Ancillaries,Domestic Equities,339.0,315.0,7.6190476190476195,0.0963,0.0978999999999999,-1.6343207354443143,0.426842781791587,1100,tube-investments-of-india,Mid Cap,Jul-2025
152379,5838,1,Voltas Ltd.,Consumer Durables,Consumer Durables,Domestic Equities,723.0,673.0,7.429420505200595,0.096,0.0883999999999999,8.597285067873301,0.425513053499402,1100,voltas,Mid Cap,Jul-2025
96486,15829,1,Interglobe Aviation Ltd.,Aviation,Aviation,Domestic Equities,162.0,151.0,7.28476821192053,0.0958,0.0902,6.208425720620848,0.424626567971278,1100,interglobe-aviation,Large Cap,Jul-2025
171820,5969,1,Colgate-Palmolive (India) Ltd.,FMCG,Fast Moving Consumer Goods,Domestic Equities,418.0,389.0,7.455012853470437,0.0939,0.0935999999999999,0.3205128205128327,0.416204955454102,1100,colgate-palmolive-india,Mid Cap,Jul-2025
152205,8185,1,Trent Ltd.,Retailing,Retailing,Domestic Equities,184.0,171.0,7.602339181286549,0.0923,0.1063,-13.170272812793982,0.409113071229112,1100,trent,Large Cap,Jul-2025
1152,105806,1,Mankind Pharma Ltd.,Healthcare,Healthcare,Domestic Equities,359.0,334.0,7.48502994011976,0.0922,0.0775,18.96774193548388,0.40866982846505,1100,mankind-pharma,Large Cap,Jul-2025
587,7648,1,APL Apollo Tubes Ltd.,Iron & Steel,Iron & Steel,Domestic Equities,575.0,536.0,7.276119402985075,0.0921,0.0932,-1.1802575107296076,0.408226585700989,1100,apl-apollo-tubes,Mid Cap,Jul-2025
191600,99819,1,FSN E-Commerce Ventures Ltd.,Retailing,Information Technology,Domestic Equities,4333.0,4033.0,7.438631291842301,0.0908,0.084,8.095238095238091,0.402464429768184,1100,fsn-e-commerce-ventures,Mid Cap,Jul-2025
171658,4978,1,Asian Paints Ltd.,Chemicals,Chemicals,Domestic Equities,375.0,349.0,7.4498567335243555,0.0899,0.0817,10.036719706242351,0.398475244891627,1100,asian-paints,Large Cap,Jul-2025
2469,110949,1,JIO Financial Services Ltd.,Finance,Finance,Domestic Equities,2720.0,2532.0,7.424960505529225,0.0896,0.0827,8.343409915356727,0.397145516599442,1100,jio-financial-services,Large Cap,Jul-2025
77293,6578,1,Muthoot Finance Ltd.,Finance,Finance,Domestic Equities,340.0,317.0,7.255520504731862,0.0888,0.0832,6.730769230769236,0.393599574486947,1100,muthoot-finance,Mid Cap,Jul-2025
152238,8313,1,MRF Ltd.,Automobile & Ancillaries,Automobile & Ancillaries,Domestic Equities,6.0,6.0,0.0,0.0886999999999999,0.0853999999999999,3.864168618266981,0.393156331722885,1100,mrf,Mid Cap,Jul-2025
171336,8097,1,JK Cement Ltd.,Construction Materials,Construction Materials,Domestic Equities,133.0,123.0,8.130081300813007,0.0886,0.0756,17.195767195767196,0.392713088958823,1100,jk-cement,Mid Cap,Jul-2025
56674,5695,1,Supreme Industries Ltd.,Plastic Products,Plastic Products,Domestic Equities,205.0,191.0,7.329842931937172,0.0883,0.0839,5.244338498212152,0.391383360666637,1100,supreme-industries,Mid Cap,Jul-2025
122,5767,1,The Phoenix Mills Ltd.,Realty,Realty,Domestic Equities,592.0,551.0,7.441016333938294,0.0878999999999999,0.086,2.20930232558139,0.38961038961039,1100,the-phoenix-mills,Mid Cap,Jul-2025
171708,8443,1,Bajaj Finserv Ltd.,Finance,Finance,Domestic Equities,450.0,419.0,7.398568019093078,0.0877,0.0861,1.8583042973286887,0.388723904082266,1100,bajaj-finserv,Large Cap,Jul-2025
153260,8051,1,Prestige Estates Projects Ltd.,Realty,Realty,Domestic Equities,536.0,499.0,7.414829659318638,0.0872,0.0827,5.441354292623955,0.386507690261957,1100,prestige-estates-projects,Mid Cap,Jul-2025
152245,5078,1,Grasim Industries Ltd.,Diversified,Construction Materials,Domestic Equities,317.0,295.0,7.457627118644068,0.0871,0.0839,3.8140643623361177,0.386064447497895,1100,grasim-industries,Large Cap,Jul-2025
38931,15891,1,Alkem Laboratories Ltd.,Healthcare,Healthcare,Domestic Equities,170.0,159.0,6.918238993710692,0.0855,0.0785,8.917197452229313,0.378972563272905,1100,alkem-laboratories,Mid Cap,Jul-2025
539,7794,1,Adani Ports and Special Economic Zone Ltd.,Logistics,Logistics,Domestic Equities,612.0,570.0,7.368421052631578,0.084,0.0827,1.5719467956469262,0.372323921811976,1100,adani-ports-and-special-economic-zone,Large Cap,Jul-2025
153586,8183,1,NHPC Ltd.,Power,Power,Domestic Equities,10056.0,9361.0,7.424420467898729,0.0837,0.0803,4.23412204234122,0.370994193519791,1100,nhpc,Mid Cap,Jul-2025
133434,4968,1,JSW Steel Ltd.,Iron & Steel,Iron & Steel,Domestic Equities,787.0,733.0,7.366984993178717,0.0825,0.0748,10.294117647058815,0.365675280351048,1100,jsw-steel,Large Cap,Jul-2025
152343,5043,1,Hindalco Industries Ltd.,Non - Ferrous Metals,Non - Ferrous Metals,Domestic Equities,1202.0,1119.0,7.41733690795353,0.0821,0.0775,5.9354838709677535,0.363902309294801,1100,hindalco-industries,Large Cap,Jul-2025
177212,94646,1,Hitachi Energy India Ltd.,Capital Goods,Capital Goods,Domestic Equities,40.0,37.0,8.108108108108109,0.0803999999999999,0.074,8.648648648648633,0.356367182305749,1100,hitachi-energy-india,Mid Cap,Jul-2025
133608,7612,1,Union Bank Of India,Bank,Banking,Domestic Equities,6141.0,5716.0,7.435269419174248,0.0803999999999999,0.0877999999999999,-8.42824601366743,0.356367182305749,1100,union-bank-of-india,Large Cap,Jul-2025
96004,7992,1,Jubilant FoodWorks Ltd.,FMCG,Fast Moving Consumer Goods,Domestic Equities,1209.0,1125.0,7.466666666666668,0.0791999999999999,0.079,0.2531645569620199,0.351048269137006,1100,jubilant-foodworks,Mid Cap,Jul-2025
152574,8059,1,Torrent Power Ltd.,Power,Power,Domestic Equities,604.0,562.0,7.473309608540925,0.0791,0.0825,-4.121212121212119,0.350605026372944,1100,torrent-power,Mid Cap,Jul-2025
19275,7232,1,NMDC Ltd.,Mining,Mining,Domestic Equities,10985.0,10225.0,7.432762836185819,0.0778,0.0716,8.659217877094974,0.34484287044014,1100,nmdc,Mid Cap,Jul-2025
152256,5774,1,Oil & Natural Gas Corporation Ltd.,Crude Oil,Crude Oil,Domestic Equities,3224.0,3001.0,7.430856381206265,0.0776999999999999,0.0733,6.00272851296043,0.344399627676078,1100,oil-natural-gas-corporation,Large Cap,Jul-2025
171369,7531,1,Tech Mahindra Ltd.,IT,Information Technology,Domestic Equities,526.0,490.0,7.346938775510205,0.077,0.0827,-6.89238210399032,0.341296928327645,1100,tech-mahindra,Large Cap,Jul-2025
77639,92991,1,SBI Cards And Payment Services Ltd.,Finance,Finance,Domestic Equities,952.0,886.0,7.44920993227991,0.0769,0.0843999999999999,-8.886255924170607,0.340853685563583,1100,sbi-cards-and-payment-services,Mid Cap,Jul-2025
677,6026,1,Oil India Ltd.,Crude Oil,Crude Oil,Domestic Equities,1733.0,1613.0,7.439553626782393,0.0762999999999999,0.07,8.999999999999998,0.338194228979212,1100,oil-india,Mid Cap,Jul-2025
113892,8292,1,KEI Industries Ltd.,Electricals,Electricals,Domestic Equities,195.0,182.0,7.142857142857142,0.075,0.069,8.695652173913038,0.332432073046408,1100,kei-industries,Mid Cap,Jul-2025
133643,6434,1,Biocon Ltd.,Healthcare,Healthcare,Domestic Equities,1909.0,1777.0,7.42824985931345,0.0747,0.0632,18.19620253164556,0.331102344754222,1100,biocon,Mid Cap,Jul-2025
135555,92715,1,360 One Wam Ltd.,Finance,Finance,Domestic Equities,705.0,656.0,7.4695121951219505,0.0742,0.0784,-5.357142857142856,0.328886130933913,1100,360-one-wam,Mid Cap,Jul-2025
56728,7719,1,Shriram Finance Ltd.,Finance,Finance,Domestic Equities,1162.0,1081.0,7.493061979648474,0.0733,0.0764,-4.057591623036645,0.324896946057356,1100,shriram-finance,Large Cap,Jul-2025
707,8442,1,Bajaj Auto Ltd.,Automobile & Ancillaries,Automobile & Ancillaries,Domestic Equities,91.0,85.0,7.0588235294117645,0.0729,0.0712,2.387640449438201,0.323123975001108,1100,bajaj-auto,Large Cap,Jul-2025
171444,98250,1,Kalyan Jewellers India Ltd.,Diamond  &  Jewellery,Diamond & Jewellery,Domestic Equities,1221.0,1136.0,7.482394366197183,0.0726,0.0630999999999999,15.0554675118859,0.321794246708922,1100,kalyan-jewellers-india,Mid Cap,Jul-2025
133330,5128,1,Cipla Ltd.,Healthcare,Healthcare,Domestic Equities,466.0,434.0,7.373271889400922,0.0724,0.0654,10.703363914373092,0.320907761180799,1100,cipla,Large Cap,Jul-2025
133317,6810,1,Blue Star Ltd.,Consumer Durables,Consumer Durables,Domestic Equities,412.0,384.0,7.291666666666667,0.0716,0.0628,14.012738853503182,0.317361819068304,1100,blue-star,Mid Cap,Jul-2025
134703,87891,1,Hindustan Aeronautics Ltd.,Capital Goods,Capital Goods,Domestic Equities,157.0,146.0,7.534246575342466,0.0712,0.0711,0.140646976090011,0.315588848012056,1100,hindustan-aeronautics,Large Cap,Jul-2025
133630,5815,1,Jindal Stainless Ltd.,Iron & Steel,Iron & Steel,Domestic Equities,1026.0,955.0,7.43455497382199,0.0712,0.0673,5.794947994056458,0.315588848012056,1100,jindal-stainless,Mid Cap,Jul-2025
115643,7007,1,Coal India Ltd.,Mining,Mining,Domestic Equities,1885.0,1755.0,7.4074074074074066,0.0709,0.0688,3.0523255813953485,0.314259119719871,1100,coal-india,Large Cap,Jul-2025
152608,7159,1,Indian Bank,Bank,Banking,Domestic Equities,1123.0,1045.0,7.464114832535886,0.0698,0.0672,3.869047619047629,0.30938344931519,1100,indian-bank,Mid Cap,Jul-2025
114652,92620,1,Indian Railway Catering And Tourism Corporation Ltd.,Hospitality,Hospitality,Domestic Equities,958.0,892.0,7.399103139013453,0.0696,0.0697,-0.1434720229555206,0.308496963787066,1100,indian-railway-catering-and-tourism-corporation,Mid Cap,Jul-2025
171462,6372,1,Divi's Laboratories Ltd.,Healthcare,Healthcare,Domestic Equities,105.0,98.0,7.142857142857142,0.0693,0.0667,3.8980509745127407,0.307167235494881,1100,divis-laboratories,Large Cap,Jul-2025
133642,6320,1,Petronet LNG Ltd.,Inds. Gases & Fuels,Industrials Gases & Fuels,Domestic Equities,2382.0,2217.0,7.442489851150203,0.0686,0.0669,2.541106128550074,0.304064536146447,1100,petronet-lng,Mid Cap,Jul-2025
152907,86648,1,SBI Life Insurance Company Ltd.,Insurance,Finance,Domestic Equities,372.0,346.0,7.514450867052023,0.0684999999999999,0.0636,7.704402515723259,0.303621293382386,1100,sbi-life-insurance-company,Large Cap,Jul-2025
79,7951,1,Balkrishna Industries Ltd.,Automobile & Ancillaries,Automobile & Ancillaries,Domestic Equities,254.0,236.0,7.627118644067797,0.068,0.0576999999999999,17.850953206239172,0.301405079562076,1100,balkrishna-industries,Mid Cap,Jul-2025
58168,86912,1,HDFC Life Insurance Company Ltd.,Insurance,Finance,Domestic Equities,889.0,828.0,7.367149758454106,0.0672,0.0674,-0.2967359050445172,0.297859137449581,1100,hdfc-life-insurance-company,Large Cap,Jul-2025
152323,7533,1,Tata Elxsi Ltd.,IT,Information Technology,Domestic Equities,110.0,102.0,7.84313725490196,0.067,0.0644,4.037267080745338,0.296972651921457,1100,tata-elxsi,Mid Cap,Jul-2025
152400,5891,1,Nestle India Ltd.,FMCG,Fast Moving Consumer Goods,Domestic Equities,297.0,277.0,7.220216606498194,0.0668,0.0683,-2.196193265007326,0.296086166393334,1100,nestle-india,Large Cap,Jul-2025
134830,88309,1,Mazagon Dock Shipbuilders Ltd.,Ship Building,Ship Building,Domestic Equities,241.0,224.0,7.5892857142857135,0.0668,0.0727,-8.115543328748279,0.296086166393334,1100,mazagon-dock-shipbuilders,Large Cap,Jul-2025
152296,7356,1,Patanjali Foods Ltd.,FMCG,Fast Moving Consumer Goods,Domestic Equities,352.0,328.0,7.317073170731707,0.066,0.0541,21.99630314232901,0.292540224280839,1100,patanjali-foods,Mid Cap,Jul-2025
352,7184,1,Ipca Laboratories Ltd.,Healthcare,Healthcare,Domestic Equities,441.0,411.0,7.2992700729927,0.065,0.0571,13.835376532399298,0.28810779664022,1100,ipca-laboratories,Mid Cap,Jul-2025
171509,5522,1,Tata Communications Ltd.,Telecom,Telecom,Domestic Equities,373.0,347.0,7.492795389048991,0.0643,0.0587,9.540034071550249,0.285005097291787,1100,tata-communications,Mid Cap,Jul-2025
171585,5257,1,Dr. Reddy's Laboratories Ltd.,Healthcare,Healthcare,Domestic Equities,505.0,470.0,7.446808510638298,0.0642,0.0603,6.467661691542283,0.284561854527725,1100,dr-reddy's-laboratories,Large Cap,Jul-2025
1427,98308,1,Sona BLW Precision Forgings Ltd.,Automobile & Ancillaries,Automobile & Ancillaries,Domestic Equities,1424.0,1325.0,7.471698113207548,0.064,0.0638,0.3134796238244586,0.283675368999601,1100,sona-blw-precision-forgings,Mid Cap,Jul-2025
123299,91366,1,KPIT Technologies Ltd.,IT,Information Technology,Domestic Equities,519.0,483.0,7.453416149068323,0.0637,0.0608,4.769736842105264,0.282345640707415,1100,kpit-technologies,Mid Cap,Jul-2025
171698,8307,1,Oracle Financial Services Software Ltd.,IT,Information Technology,Domestic Equities,75.0,70.0,7.142857142857142,0.0636,0.0629,1.112877583465823,0.281902397943354,1100,oracle-financial-services-software,Mid Cap,Jul-2025
75891,5355,1,Container Corporation Of India Ltd.,Logistics,Logistics,Domestic Equities,1095.0,815.0,34.355828220858896,0.0633,0.0619,2.261712439418412,0.280572669651168,1100,container-corporation-of-india,Mid Cap,Jul-2025
756,88308,1,Rail Vikas Nigam Ltd.,Infrastructure,Infrastructure,Domestic Equities,1804.0,1679.0,7.444907683144729,0.0628,0.0668,-5.9880239520958005,0.278356455830859,1100,rail-vikas-nigam,Mid Cap,Jul-2025
75659,6055,1,Lloyds Metals & Energy Ltd.,Iron & Steel,Iron & Steel,Domestic Equities,416.0,387.0,7.493540051679587,0.0626,0.0615,1.7886178861788524,0.277469970302735,1100,lloyds-metals-energy,Mid Cap,Jul-2025
171572,5156,1,Eicher Motors Ltd.,Automobile & Ancillaries,Automobile & Ancillaries,Domestic Equities,114.0,106.0,7.547169811320755,0.0623,0.06,3.8333333333333406,0.276140242010549,1100,eicher-motors,Large Cap,Jul-2025
38020,6672,1,Apollo Hospitals Enterprise Ltd.,Healthcare,Healthcare,Domestic Equities,83.0,78.0,6.41025641025641,0.0622,0.0565,10.088495575221229,0.275696999246487,1100,apollo-hospitals-enterprise,Large Cap,Jul-2025
153691,5278,1,Oberoi Realty Ltd.,Realty,Realty,Domestic Equities,374.0,348.0,7.471264367816093,0.061,0.0663,-7.993966817496233,0.270378086077745,1100,oberoi-realty,Mid Cap,Jul-2025
152616,7532,1,Vodafone Idea Ltd.,Telecom,Telecom,Domestic Equities,87757.0,81687.0,7.430802942940737,0.0605999999999999,0.0607,-0.1647446457990226,0.268605115021497,1100,vodafone-idea,Mid Cap,Jul-2025
152242,5741,1,Vedanta Ltd.,Non - Ferrous Metals,Non - Ferrous Metals,Domestic Equities,1408.0,1310.0,7.480916030534352,0.0599,0.0604,-0.827814569536421,0.265502415673064,1100,vedanta,Large Cap,Jul-2025
171840,6541,1,UNO Minda Ltd.,Automobile & Ancillaries,Automobile & Ancillaries,Domestic Equities,568.0,529.0,7.372400756143667,0.0592,0.0584,1.3698630136986314,0.262399716324631,1100,uno-minda,Mid Cap,Jul-2025
171511,5199,1,Wipro Ltd.,IT,Information Technology,Domestic Equities,2367.0,2204.0,7.395644283121597,0.0588,0.0586,0.3412969283276377,0.260626745268384,1100,wipro,Large Cap,Jul-2025
152367,6359,1,Abbott India Ltd.,Healthcare,Healthcare,Domestic Equities,17.0,15.0,13.333333333333334,0.0584999999999999,0.0535,9.345794392523366,0.259297016976198,1100,abbott-india,Mid Cap,Jul-2025
79346,86555,1,Aditya Birla Capital Ltd.,Finance,Finance,Domestic Equities,2270.0,2113.0,7.430194036914339,0.0583,0.0584,-0.1712328767123251,0.258410531448074,1100,aditya-birla-capital,Mid Cap,Jul-2025
38605,83193,1,Varun Beverages Ltd.,FMCG,Fast Moving Consumer Goods,Domestic Equities,1112.0,1035.0,7.439613526570048,0.0581,0.0474,22.57383966244724,0.25752404591995,1100,varun-beverages,Large Cap,Jul-2025
152401,5684,1,Tata Consumer Products Ltd.,Agri,Agriculture,Domestic Equities,540.0,503.0,7.3558648111332,0.0579999999999999,0.0553,4.882459312839052,0.257080803155888,1100,tata-consumer-products,Large Cap,Jul-2025
133351,5368,1,Steel Authority Of India Ltd.,Iron & Steel,Iron & Steel,Domestic Equities,4594.0,4277.0,7.411737198971241,0.0571,0.0565,1.0619469026548602,0.253091618279332,1100,steel-authority-of-india,Mid Cap,Jul-2025
47051,90577,1,Dalmia Bharat Ltd.,Construction Materials,Construction Materials,Domestic Equities,253.0,235.0,7.659574468085106,0.0566,0.0519,9.055876685934484,0.250875404459022,1100,dalmia-bharat,Mid Cap,Jul-2025
171628,5788,1,Britannia Industries Ltd.,FMCG,Fast Moving Consumer Goods,Domestic Equities,97.0,91.0,6.593406593406594,0.0559999999999999,0.0532,5.26315789473683,0.248215947874651,1100,britannia-industries,Large Cap,Jul-2025
152207,5372,1,LIC Housing Finance Ltd.,Finance,Finance,Domestic Equities,955.0,889.0,7.424071991001124,0.0559999999999999,0.055,1.818181818181812,0.248215947874651,1100,lic-housing-finance,Mid Cap,Jul-2025
171886,6139,1,Exide Industries Ltd.,Automobile & Ancillaries,Automobile & Ancillaries,Domestic Equities,1446.0,1346.0,7.429420505200595,0.0556,0.0521999999999999,6.513409961685822,0.246442976818403,1100,exide-industries,Mid Cap,Jul-2025
152316,5915,1,Tata Power Company Ltd.,Power,Power,Domestic Equities,1394.0,1297.0,7.478797224363917,0.0554,0.0526,5.323193916349815,0.24555649129028,1100,tata-power-company,Large Cap,Jul-2025
171434,4916,1,Astral Ltd.,Plastic Products,Plastic Products,Domestic Equities,391.0,364.0,7.417582417582418,0.0548,0.0548,0.0,0.242897034705908,1100,astral,Mid Cap,Jul-2025
133507,6902,1,TVS Motor Company Ltd.,Automobile & Ancillaries,Automobile & Ancillaries,Domestic Equities,194.0,181.0,7.18232044198895,0.0544,0.0528,3.030303030303033,0.241124063649661,1100,tvs-motor-company,Large Cap,Jul-2025
152519,8782,1,Mahindra & Mahindra Financial Services Ltd.,Finance,Finance,Domestic Equities,2102.0,1957.0,7.4092999489013796,0.0541,0.0528,2.46212121212121,0.239794335357475,1100,mahindra-mahindra-financial-services,Mid Cap,Jul-2025
152406,5107,1,The Indian Hotels Company Ltd.,Hospitality,Hospitality,Domestic Equities,729.0,678.0,7.52212389380531,0.054,0.0515,4.854368932038835,0.239351092593413,1100,the-indian-hotels-company,Large Cap,Jul-2025
97125,90518,1,Adani Total Gas Ltd.,Gas Transmission,Gas Transmission,Domestic Equities,881.0,820.0,7.439024390243902,0.0532,0.0554,-3.9711191335740015,0.235805150480918,1100,adani-total-gas,Mid Cap,Jul-2025
152376,5012,1,Bharat Petroleum Corporation Ltd.,Crude Oil,Crude Oil,Domestic Equities,1609.0,1497.0,7.481629926519706,0.053,0.0496999999999999,6.639839034205234,0.234918664952795,1100,bharat-petroleum-corporation,Large Cap,Jul-2025
133439,5473,1,National Aluminium Company Ltd.,Non - Ferrous Metals,Non - Ferrous Metals,Domestic Equities,2850.0,2653.0,7.425555974368639,0.0527,0.0511,3.1311154598825683,0.233588936660609,1100,national-aluminium-company,Mid Cap,Jul-2025
75697,6614,1,Adani Enterprises Ltd.,Trading,Trading,Domestic Equities,216.0,201.0,7.462686567164178,0.0525,0.0526,-0.1901140684410606,0.232702451132485,1100,adani-enterprises,Large Cap,Jul-2025
19098,6973,1,Schaeffler India Ltd.,Automobile & Ancillaries,Automobile & Ancillaries,Domestic Equities,127.0,119.0,6.722689075630252,0.0523,0.0482,8.506224066390045,0.231815965604362,1100,schaeffler-india,Mid Cap,Jul-2025
171619,82976,1,Avenue Supermarts Ltd.,Retailing,Retailing,Domestic Equities,122.0,113.0,7.964601769911504,0.0521,0.0494,5.465587044534404,0.230929480076238,1100,avenue-supermarts,Large Cap,Jul-2025
97743,96921,1,Gland Pharma Ltd.,Healthcare,Healthcare,Domestic Equities,252.0,235.0,7.234042553191489,0.052,0.0431,20.649651972157788,0.230486237312176,1100,gland-pharma,Small Cap,Jul-2025
1704,6920,1,L&T Finance Ltd.,Finance,Finance,Domestic Equities,2555.0,2379.0,7.398066414459857,0.0518,0.049,5.714285714285701,0.229599751784052,1100,lt-finance,Mid Cap,Jul-2025
171433,6783,1,Berger Paints India Ltd.,Chemicals,Chemicals,Domestic Equities,905.0,842.0,7.482185273159144,0.0511,0.0499,2.404809619238479,0.226497052435619,1100,berger-paints-india,Mid Cap,Jul-2025
222979,112566,1,Vishal Mega Mart Ltd.,Retailing,Retailing,Domestic Equities,3616.0,3366.0,7.427213309566251,0.0504999999999999,0.0451,11.97339246119734,0.223837595851248,1100,vishal-mega-mart,Mid Cap,Jul-2025
171514,5399,1,Cholamandalam Investment and Finance Company Ltd.,Finance,Finance,Domestic Equities,349.0,325.0,7.384615384615385,0.0504,0.0529,-4.725897920604915,0.223394353087186,1100,cholamandalam-investment-and-finance-company,Large Cap,Jul-2025
152604,5456,1,Power Finance Corporation Ltd.,Finance,Finance,Domestic Equities,1208.0,1125.0,7.377777777777777,0.0495,0.0481,2.9106029106029228,0.219405168210629,1100,power-finance-corporation,Large Cap,Jul-2025
133407,5997,1,Hindustan Zinc Ltd.,Non - Ferrous Metals,Non - Ferrous Metals,Domestic Equities,1165.0,1084.0,7.472324723247232,0.0494,0.0489,1.022494887525577,0.218961925446567,1100,hindustan-zinc,Large Cap,Jul-2025
171335,5389,1,Bajaj Holdings & Investment Ltd.,Finance,Finance,Domestic Equities,35.0,33.0,6.0606060606060606,0.0489,0.0475,2.9473684210526248,0.216745711626258,1100,bajaj-holdings-investment,Large Cap,Jul-2025
152325,5528,1,Thermax Ltd.,Capital Goods,Capital Goods,Domestic Equities,123.0,114.0,7.894736842105263,0.0484999999999999,0.039,24.35897435897436,0.21497274057001,1100,thermax,Mid Cap,Jul-2025
134823,84770,1,Cochin Shipyard Ltd.,Ship Building,Ship Building,Domestic Equities,269.0,250.0,7.6,0.0475999999999999,0.0516,-7.751937984496131,0.210983555693453,1100,cochin-shipyard,Mid Cap,Jul-2025
57781,87827,1,Bharat Dynamics Ltd.,Capital Goods,Capital Goods,Domestic Equities,292.0,272.0,7.352941176470589,0.0473,0.0529,-10.586011342155002,0.209653827401268,1100,bharat-dynamics,Mid Cap,Jul-2025
133445,6416,1,Apar Industries Ltd.,Capital Goods,Capital Goods,Domestic Equities,53.0,49.0,8.16326530612245,0.0472,0.0426999999999999,10.538641686182675,0.209210584637206,1100,apar-industries,Small Cap,Jul-2025
173672,92657,1,Gujarat Fluorochemicals Ltd.,Chemicals,Chemicals,Domestic Equities,129.0,120.0,7.5,0.0464,0.0436,6.422018348623839,0.205664642524711,1100,gujarat-fluorochemicals,Mid Cap,Jul-2025
171565,6678,1,Apollo Tyres Ltd.,Automobile & Ancillaries,Automobile & Ancillaries,Domestic Equities,1025.0,954.0,7.442348008385744,0.0461,0.0428,7.710280373831776,0.204334914232525,1100,apollo-tyres,Small Cap,Jul-2025
133635,5732,1,Indraprastha Gas Ltd.,Gas Transmission,Gas Transmission,Domestic Equities,2229.0,2075.0,7.421686746987952,0.0457,0.0452,1.1061946902655024,0.202561943176278,1100,indraprastha-gas,Small Cap,Jul-2025
171383,5551,1,Hero MotoCorp Ltd.,Automobile & Ancillaries,Automobile & Ancillaries,Domestic Equities,107.0,100.0,7.000000000000001,0.0455999999999999,0.0424,7.547169811320741,0.202118700412216,1100,hero-motocorp,Mid Cap,Jul-2025
797,86851,1,Nippon Life India Asset Management Ltd.,Finance,Finance,Domestic Equities,558.0,519.0,7.514450867052023,0.0453,0.0415,9.156626506024091,0.20078897212003,1100,nippon-life-india-asset-management,Mid Cap,Jul-2025
83342,79963,1,Bandhan Bank Ltd.,Bank,Banking,Domestic Equities,2691.0,2505.0,7.425149700598803,0.0452,0.0475,-4.842105263157904,0.200345729355968,1100,bandhan-bank,Small Cap,Jul-2025
57031,5903,1,Indian Oil Corporation Ltd.,Crude Oil,Crude Oil,Domestic Equities,3101.0,2887.0,7.412538967786629,0.0452,0.0424,6.603773584905645,0.200345729355968,1100,indian-oil-corporation,Large Cap,Jul-2025
152572,7512,1,Info Edge (India) Ltd.,IT,Information Technology,Domestic Equities,322.0,299.0,7.6923076923076925,0.0448,0.0445,0.674157303370792,0.198572758299721,1100,info-edge-india,Large Cap,Jul-2025
171333,7587,1,United Breweries Ltd.,Alcohol,Alcohol,Domestic Equities,229.0,213.0,7.511737089201878,0.0446,0.0416,7.211538461538456,0.197686272771597,1100,united-breweries,Mid Cap,Jul-2025
76174,111823,1,Bharti Hexacom Ltd.,Telecom,Telecom,Domestic Equities,239.0,222.0,7.657657657657657,0.0441999999999999,0.0433,2.0785219399538075,0.19591330171535,1100,bharti-hexacom,Mid Cap,Jul-2025
114442,5285,1,IndusInd Bank Ltd.,Bank,Banking,Domestic Equities,546.0,508.0,7.480314960629922,0.0436,0.0443,-1.5801354401805734,0.193253845130978,1100,indusind-bank,Mid Cap,Jul-2025
171485,6291,1,Motilal Oswal Financial Services Ltd.,Finance,Finance,Domestic Equities,477.0,444.0,7.432432432432432,0.0435,0.0385999999999999,12.69430051813471,0.192810602366916,1100,motilal-oswal-financial-services,Mid Cap,Jul-2025
152079,6815,1,Linde India Ltd.,Inds. Gases & Fuels,Industrials Gases & Fuels,Domestic Equities,66.0,62.0,6.451612903225806,0.0434,0.0412999999999999,5.084745762711863,0.192367359602855,1100,linde-india,Mid Cap,Jul-2025
19805,15724,1,Syngene International Ltd.,Business Services,Healthcare,Domestic Equities,602.0,560.0,7.5,0.043,0.0358,20.111731843575413,0.190594388546607,1100,syngene-international,Small Cap,Jul-2025
114414,5238,1,Bank Of India,Bank,Banking,Domestic Equities,3862.0,3595.0,7.426981919332406,0.043,0.0426,0.9389671361502356,0.190594388546607,1100,bank-of-india,Mid Cap,Jul-2025
171402,5320,1,Godrej Consumer Products Ltd.,FMCG,Fast Moving Consumer Goods,Domestic Equities,334.0,310.0,7.741935483870968,0.0421,0.0365,15.342465753424658,0.18660520367005,1100,godrej-consumer-products,Large Cap,Jul-2025
171837,6012,1,DLF Ltd.,Realty,Realty,Domestic Equities,532.0,495.0,7.474747474747474,0.0417,0.0415,0.4819277108433632,0.184832232613803,1100,dlf,Large Cap,Jul-2025
152386,5556,1,Glaxosmithkline Pharmaceuticals Ltd.,Healthcare,Healthcare,Domestic Equities,131.0,122.0,7.377049180327869,0.0414,0.0412999999999999,0.2421307506053217,0.183502504321617,1100,glaxosmithkline-pharmaceuticals,Mid Cap,Jul-2025
171943,4973,1,REC Ltd.,Finance,Finance,Domestic Equities,1036.0,965.0,7.357512953367876,0.0409,0.0388,5.412371134020618,0.181286290501308,1100,rec,Large Cap,Jul-2025
133333,4917,1,CRISIL Ltd.,Ratings,Ratings,Domestic Equities,77.0,72.0,6.944444444444445,0.0408,0.0435,-6.206896551724129,0.180843047737246,1100,crisil,Mid Cap,Jul-2025
19183,6082,1,Deepak Nitrite Ltd.,Chemicals,Chemicals,Domestic Equities,218.0,203.0,7.389162561576355,0.0401,0.0403,-0.4962779156327658,0.177740348388813,1100,deepak-nitrite,Small Cap,Jul-2025
171741,5431,1,GAIL (India) Ltd.,Inds. Gases & Fuels,Industrials Gases & Fuels,Domestic Equities,2239.0,2084.0,7.437619961612284,0.0398,0.0398,0.0,0.176410620096627,1100,gail-india,Large Cap,Jul-2025
153405,17058,1,LTIMindtree Ltd.,IT,Information Technology,Domestic Equities,76.0,71.0,7.042253521126761,0.0388,0.0378,2.645502645502648,0.171978192456008,1100,ltimindtree,Large Cap,Jul-2025
57541,86814,1,General Insurance Corporation of India,Insurance,Finance,Domestic Equities,982.0,914.0,7.439824945295405,0.0385,0.0352,9.375000000000002,0.170648464163823,1100,general-insurance-corporation-of-india,Mid Cap,Jul-2025
152486,5772,1,AIA Engineering Ltd.,Automobile & Ancillaries,Automobile & Ancillaries,Domestic Equities,123.0,114.0,7.894736842105263,0.0385,0.0377,2.1220159151193654,0.170648464163823,1100,aia-engineering,Mid Cap,Jul-2025
38708,8062,1,Adani Power Ltd.,Power,Power,Domestic Equities,653.0,608.0,7.401315789473683,0.0384,0.0356,7.865168539325837,0.170205221399761,1100,adani-power,Large Cap,Jul-2025
171636,86629,1,ICICI Lombard General Insurance Company Ltd.,Insurance,Finance,Domestic Equities,199.0,185.0,7.567567567567568,0.0383,0.0377,1.591511936339524,0.169761978635699,1100,icici-lombard-general-insurance-company,Mid Cap,Jul-2025
171948,7104,1,Emami Ltd.,FMCG,Fast Moving Consumer Goods,Domestic Equities,626.0,583.0,7.375643224699828,0.0375999999999999,0.0333,12.912912912912905,0.166659279287266,1100,emami,Small Cap,Jul-2025
44430,82482,1,L&T Technology Services Ltd.,IT,Information Technology,Domestic Equities,87.0,81.0,7.4074074074074066,0.0375,0.0356999999999999,5.042016806722694,0.166216036523204,1100,lt-technology-services,Mid Cap,Jul-2025
114654,92672,1,Indian Renewable Energy Development Agency Ltd.,Finance,Finance,Domestic Equities,2528.0,2353.0,7.43731406714832,0.0373,0.04,-6.75,0.16532955099508,1100,indian-renewable-energy-development-agency,Mid Cap,Jul-2025
152324,4941,1,ACC Ltd.,Construction Materials,Construction Materials,Domestic Equities,207.0,193.0,7.253886010362693,0.037,0.037,0.0,0.163999822702894,1100,acc,Mid Cap,Jul-2025
171387,6208,1,Pidilite Industries Ltd.,Chemicals,Chemicals,Domestic Equities,128.0,119.0,7.563025210084033,0.0366999999999999,0.0363,1.1019283746556483,0.162670094410709,1100,pidilite-industries,Large Cap,Jul-2025
114405,5008,1,Bank Of Baroda,Bank,Banking,Domestic Equities,1537.0,1430.0,7.482517482517482,0.0366,0.0356,2.8089887640449462,0.162226851646647,1100,bank-of-baroda,Large Cap,Jul-2025
133495,5019,1,Ajanta Pharma Ltd.,Healthcare,Healthcare,Domestic Equities,133.0,124.0,7.258064516129033,0.0366,0.0319,14.733542319749224,0.162226851646647,1100,ajanta-pharma,Mid Cap,Jul-2025
509,8487,1,K.P.R. Mill Ltd.,Textile,Textile,Domestic Equities,319.0,297.0,7.4074074074074066,0.0364,0.0339,7.374631268436578,0.161340366118523,1100,kpr-mill,Mid Cap,Jul-2025
113818,7906,1,Samvardhana Motherson International Ltd.,Automobile & Ancillaries,Automobile & Ancillaries,Domestic Equities,3671.0,2278.0,61.15013169446883,0.0356999999999999,0.0353,1.133144475920681,0.15823766677009,1100,samvardhana-motherson-international,Large Cap,Jul-2025
152370,5063,1,Escorts Kubota Ltd.,Automobile & Ancillaries,Automobile & Ancillaries,Domestic Equities,105.0,98.0,7.142857142857142,0.0353,0.0327,7.95107033639143,0.156464695713842,1100,escorts-kubota,Mid Cap,Jul-2025
102429,100653,1,Global Health Ltd.,Healthcare,Healthcare,Domestic Equities,268.0,249.0,7.630522088353414,0.0351,0.0283,24.02826855123674,0.155578210185719,1100,global-health,Mid Cap,Jul-2025
133334,5159,1,CG Power and Industrial Solutions Ltd.,Capital Goods,Capital Goods,Domestic Equities,531.0,495.0,7.272727272727272,0.0351,0.0338,3.846153846153842,0.155578210185719,1100,cg-power-and-industrial-solutions,Large Cap,Jul-2025
171580,109023,1,Tata Technologies Ltd.,IT,Information Technology,Domestic Equities,490.0,456.0,7.456140350877193,0.0344,0.0324,6.172839506172831,0.152475510837286,1100,tata-technologies,Small Cap,Jul-2025
115032,83788,1,Housing & Urban Development Corporation Ltd.,Finance,Finance,Domestic Equities,1595.0,1484.0,7.479784366576819,0.0339,0.0353,-3.9660056657223706,0.150259297016976,1100,housing-urban-development-corporation,Mid Cap,Jul-2025
152308,5173,1,Shree Cement Ltd.,Construction Materials,Construction Materials,Domestic Equities,11.0,10.0,10.0,0.0339,0.031,9.35483870967742,0.150259297016976,1100,shree-cement,Large Cap,Jul-2025
133583,8200,1,United Spirits Ltd.,Alcohol,Alcohol,Domestic Equities,245.0,228.0,7.456140350877193,0.0327999999999999,0.0326,0.6134969325153381,0.145383626612296,1100,united-spirits,Large Cap,Jul-2025
152334,5218,1,Ambuja Cements Ltd.,Construction Materials,Construction Materials,Domestic Equities,543.0,505.0,7.524752475247524,0.0322,0.0292,10.273972602739736,0.142724170027924,1100,ambuja-cements,Large Cap,Jul-2025
152331,7581,1,Torrent Pharmaceuticals Ltd.,Healthcare,Healthcare,Domestic Equities,86.0,80.0,7.5,0.0322,0.0273,17.948717948717956,0.142724170027924,1100,torrent-pharmaceuticals,Large Cap,Jul-2025
58178,99657,1,Star Health and Allied Insurance Company Ltd.,Insurance,Finance,Domestic Equities,717.0,668.0,7.335329341317365,0.0319,0.0282,13.12056737588653,0.141394441735739,1100,star-health-and-allied-insurance-company,Small Cap,Jul-2025
171639,5614,1,Havells India Ltd.,Capital Goods,Capital Goods,Domestic Equities,209.0,195.0,7.179487179487179,0.0314,0.0302,3.973509933774838,0.139178227915429,1100,havells-india,Large Cap,Jul-2025
77359,100627,1,Waaree Energies Ltd.,Capital Goods,Capital Goods,Domestic Equities,103.0,96.0,7.291666666666667,0.0308,0.0301,2.3255813953488467,0.136518771331058,1100,waaree-energies,Mid Cap,Jul-2025
222201,112407,1,NTPC Green Energy Ltd.,Power,Power,Domestic Equities,2952.0,2748.0,7.423580786026202,0.0308,0.0288,6.94444444444445,0.136518771331058,1100,ntpc-green-energy,Mid Cap,Jul-2025
133599,5561,1,Punjab National Bank,Bank,Banking,Domestic Equities,2862.0,2664.0,7.432432432432432,0.0302,0.0294,2.721088435374152,0.133859314746687,1100,punjab-national-bank,Large Cap,Jul-2025
133614,6833,1,Canara Bank,Bank,Banking,Domestic Equities,2798.0,2605.0,7.408829174664107,0.03,0.0297,1.0101010101010035,0.132972829218563,1100,canara-bank,Mid Cap,Jul-2025
196533,104025,1,Motherson Sumi Wiring India Ltd.,Iron & Steel,Iron & Steel,Domestic Equities,8085.0,5017.0,61.15208291807853,0.03,0.03,0.0,0.132972829218563,1100,motherson-sumi-wiring-india,Small Cap,Jul-2025
217845,112026,1,Premier Energies Ltd.,Electricals,Electricals,Domestic Equities,288.0,268.0,7.462686567164178,0.0297,0.0283999999999999,4.577464788732407,0.131643100926377,1100,premier-energies,Mid Cap,Jul-2025
171942,7813,1,Jindal Steel & Power Ltd.,Iron & Steel,Iron & Steel,Domestic Equities,306.0,285.0,7.368421052631578,0.0295,0.0268,10.07462686567164,0.130756615398254,1100,jindal-steel-power,Large Cap,Jul-2025
171394,82477,1,Endurance Technologies Ltd.,Automobile & Ancillaries,Automobile & Ancillaries,Domestic Equities,112.0,104.0,7.6923076923076925,0.0286,0.0288,-0.6944444444444451,0.126767430521697,1100,endurance-technologies,Small Cap,Jul-2025
134667,88599,1,Lodha Developers Ltd.,Realty,Realty,Domestic Equities,232.0,216.0,7.4074074074074066,0.0286,0.0299,-4.347826086956533,0.126767430521697,1100,lodha-developers,Large Cap,Jul-2025
645,8087,1,IRB Infrastructure Developers Ltd.,Infrastructure,Infrastructure,Domestic Equities,6305.0,5869.0,7.428863520190833,0.0283999999999999,0.0291,-2.4054982817869512,0.125880944993573,1100,irb-infrastructure-developers,Small Cap,Jul-2025
152374,6232,1,Bosch Ltd.,Automobile & Ancillaries,Automobile & Ancillaries,Domestic Equities,7.0,7.0,0.0,0.0283,0.0229,23.58078602620088,0.125437702229511,1100,bosch,Mid Cap,Jul-2025
133645,6755,1,Bank Of Maharashtra,Bank,Banking,Domestic Equities,5000.0,4654.0,7.434464976364417,0.0279999999999999,0.0266,5.26315789473683,0.124107973937325,1100,bank-of-maharashtra,Mid Cap,Jul-2025
13,7543,1,Tata Investment Corporation Ltd.,Finance,Finance,Domestic Equities,41.0,38.0,7.894736842105263,0.0279,0.0260999999999999,6.896551724137938,0.123664731173264,1100,tata-investment-corporation,Mid Cap,Jul-2025
152064,6806,1,3M India Ltd.,Diversified,Diversified,Domestic Equities,9.0,8.0,12.5,0.0277,0.0227999999999999,21.49122807017545,0.12277824564514,1100,3m-india,Mid Cap,Jul-2025
57345,99844,1,AWL Agri Business Ltd.,FMCG,Fast Moving Consumer Goods,Domestic Equities,1048.0,975.0,7.487179487179488,0.0275,0.0253,8.695652173913052,0.121891760117016,1100,awl-agri-business,Mid Cap,Jul-2025
113787,7539,1,Honeywell Automation India Ltd.,Consumer Durables,Consumer Durables,Domestic Equities,7.0,7.0,0.0,0.0271,0.0275,-1.4545454545454557,0.120118789060769,1100,honeywell-automation-india,Mid Cap,Jul-2025
78882,109773,1,JSW Infrastructure Ltd.,Logistics,Logistics,Domestic Equities,866.0,806.0,7.444168734491314,0.0264,0.0252,4.761904761904765,0.117016089712335,1100,jsw-infrastructure,Mid Cap,Jul-2025
171799,4956,1,Dabur India Ltd.,FMCG,Fast Moving Consumer Goods,Domestic Equities,489.0,455.0,7.472527472527473,0.0259,0.0220999999999999,17.194570135746602,0.114799875892026,1100,dabur-india,Mid Cap,Jul-2025
114606,112114,1,Hyundai Motor India Ltd.,Automobile & Ancillaries,Automobile & Ancillaries,Domestic Equities,118.0,110.0,7.272727272727272,0.0254,0.0243999999999999,4.098360655737709,0.112583662071717,1100,hyundai-motor-india,Large Cap,Jul-2025
171853,7249,1,NLC India Ltd.,Power,Power,Domestic Equities,1037.0,965.0,7.461139896373056,0.0250999999999999,0.0222,13.063063063063044,0.111253933779531,1100,nlc-india,Mid Cap,Jul-2025
84351,88646,1,Adani Green Energy Ltd.,Power,Power,Domestic Equities,254.0,236.0,7.627118644067797,0.025,0.0242,3.305785123966945,0.110810691015469,1100,adani-green-energy,Large Cap,Jul-2025
139932,15713,1,Adani Energy Solutions Ltd.,Power,Power,Domestic Equities,300.0,279.0,7.526881720430108,0.0243,0.0246,-1.2195121951219432,0.107707991667036,1100,adani-energy-solutions,Large Cap,Jul-2025
137768,15760,1,Gujarat Gas Ltd.,Gas Transmission,Gas Transmission,Domestic Equities,547.0,510.0,7.254901960784315,0.0241,0.0242,-0.4132231404958589,0.106821506138912,1100,gujarat-gas,Mid Cap,Jul-2025
133272,5382,1,ABB India Ltd.,Capital Goods,Capital Goods,Domestic Equities,43.0,40.0,7.5,0.0237,0.0243,-2.469135802469138,0.105048535082665,1100,abb-india,Large Cap,Jul-2025
114697,5402,1,JSW Energy Ltd.,Power,Power,Domestic Equities,444.0,413.0,7.506053268765134,0.0229,0.0216,6.018518518518514,0.10150259297017,1100,jsw-energy,Mid Cap,Jul-2025
152377,4902,1,Siemens Ltd.,Capital Goods,Capital Goods,Domestic Equities,73.0,68.0,7.352941176470589,0.0220999999999999,0.0220999999999999,0.0,0.0979566508576748,1100,siemens,Large Cap,Jul-2025
1840,4901,1,SJVN Ltd.,Power,Power,Domestic Equities,2273.0,2116.0,7.419659735349716,0.0213,0.0213,0.0,0.0944107087451797,1100,sjvn,Mid Cap,Jul-2025
171968,4931,1,Zydus Lifesciences Ltd.,Healthcare,Healthcare,Domestic Equities,207.0,192.0,7.8125,0.0200999999999999,0.019,5.78947368421052,0.0890917955764372,1100,zydus-lifesciences,Large Cap,Jul-2025
57620,82559,1,ICICI Prudential Life Insurance Company Ltd.,Insurance,Finance,Domestic Equities,324.0,302.0,7.28476821192053,0.02,0.0199,0.5025125628140708,0.0886485528123753,1100,icici-prudential-life-insurance-company,Mid Cap,Jul-2025
58145,71025,1,Indian Railway Finance Corporation Ltd.,Finance,Finance,Domestic Equities,1483.0,1380.0,7.463768115942029,0.019,0.0196,-3.061224489795921,0.0842161251717566,1100,indian-railway-finance-corporation,Large Cap,Jul-2025
133387,5868,1,Godrej Industries Ltd.,Chemicals,Chemicals,Domestic Equities,155.0,144.0,7.638888888888889,0.0178,0.0179,-0.5586592178770954,0.0788972120030141,1100,godrej-industries,Mid Cap,Jul-2025
152532,6617,1,Sun TV Network Ltd.,Media & Entertainment,Media & Entertainment,Domestic Equities,314.0,292.0,7.534246575342466,0.0177,0.0175,1.142857142857144,0.0784539692389522,1100,sun-tv-network,Small Cap,Jul-2025
58155,95800,1,Life Insurance Corporation of India,Insurance,Finance,Domestic Equities,184.0,171.0,7.602339181286549,0.0165,0.0166,-0.6024096385542175,0.0731350560702097,1100,life-insurance-corporation-of-india,Large Cap,Jul-2025
58164,86911,1,The New India Assurance Company Ltd.,Insurance,Finance,Domestic Equities,764.0,712.0,7.303370786516854,0.0153,0.0137,11.678832116788314,0.0678161429014671,1100,the-new-india-assurance-company,Small Cap,Jul-2025
176199,111753,1,OLA Electric Mobility Ltd.,Automobile & Ancillaries,Automobile & Ancillaries,Domestic Equities,3208.0,2986.0,7.434695244474213,0.0133,0.0129,3.1007751937984525,0.0589512876202296,1100,ola-electric-mobility,Small Cap,Jul-2025
84908,112552,1,Swiggy Ltd.,Retailing,Information Technology,Domestic Equities,322.0,300.0,7.333333333333333,0.013,0.012,8.333333333333341,0.057621559328044,1100,swiggy,Mid Cap,Jul-2025
95549,7450,1,Aditya Birla Fashion and Retail Ltd.,Retailing,Retailing,Domestic Equities,1491.0,1388.0,7.420749279538905,0.0109,0.0104,4.807692307692312,0.0483134612827446,1100,aditya-birla-fashion-and-retail,Small Cap,Jul-2025
116180,112103,1,Bajaj Housing Finance Ltd.,Finance,Finance,Domestic Equities,772.0,719.0,7.37134909596662,0.0088,0.0088,0.0,0.0390053632374451,1100,bajaj-housing-finance,Large Cap,Jul-2025
171883,5324,1,Mangalore Refinery And Petrochemicals Ltd.,Crude Oil,Crude Oil,Domestic Equities,567.0,528.0,7.386363636363637,0.0072,0.0076,-5.263157894736847,0.0319134790124551,1100,mangalore-refinery-and-petrochemicals,Small Cap,Jul-2025
171875,5051,1,HDFC Bank Ltd.,Bank,Banking,Domestic Equities,3815.0,3448.0,10.64385150812065,0.676342275,0.61927804,9.214638872064626,5.17815072534397,1100,hdfc-bank,Large Cap,Dec-2024
171888,8748,1,ICICI Bank Ltd.,Bank,Banking,Domestic Equities,3540.0,3203.0,10.52138620043709,0.4537041,0.41642203,8.952953329582485,3.4736084100414,1100,icici-bank,Large Cap,Dec-2024
171531,4897,1,Reliance Industries Ltd.,Crude Oil,Crude Oil,Domestic Equities,3406.0,3083.0,10.47680830360039,0.41398227,0.39838526,3.9150569978417296,3.1694937177778,1100,reliance-industries,Large Cap,Dec-2024
171889,4926,1,Infosys Ltd.,IT,Information Technology,Domestic Equities,1807.0,1636.0,10.452322738386307,0.339716,0.3039442599999999,11.769177677512326,2.60090299961059,1100,infosys,Large Cap,Dec-2024
152408,5535,1,ITC Ltd.,FMCG,Fast Moving Consumer Goods,Domestic Equities,4664.0,4229.0,10.286119650035468,0.22557436,0.201617575,11.88229002357557,1.72702207007983,1100,itc,Large Cap,Dec-2024
133593,6508,1,Bharti Airtel Ltd.,Telecom,Telecom,Domestic Equities,1345.0,1218.0,10.426929392446633,0.213552375,0.19818687,7.753038836528376,1.63498043280701,1100,bharti-airtel,Large Cap,Dec-2024
152372,4964,1,Larsen & Toubro Ltd.,Infrastructure,Infrastructure,Domestic Equities,590.0,535.0,10.2803738317757,0.21285135,0.1992767999999999,6.8119068551883695,1.6296133084287,1100,larsen-toubro,Large Cap,Dec-2024
171915,6797,1,Tata Consultancy Services Ltd.,IT,Information Technology,Domestic Equities,512.0,465.0,10.10752688172043,0.20965376,0.198594525,5.568751202985074,1.60513220826702,1100,tata-consultancy-services,Large Cap,Dec-2024
77009,96064,1,Max Healthcare Institute Ltd.,Healthcare,Healthcare,Domestic Equities,1430.0,1369.0,4.455807158509861,0.16132545,0.134127775,20.277436943988665,1.23512536006114,1100,max-healthcare-institute,Mid Cap,Dec-2024
133350,8843,1,State Bank Of India,Bank,Banking,Domestic Equities,1930.0,1749.0,10.348770726129215,0.15342535,0.146732355,4.561362761471383,1.17464132696519,1100,state-bank-of-india,Large Cap,Dec-2024
171400,5889,1,Axis Bank Ltd.,Bank,Banking,Domestic Equities,1430.0,1296.0,10.339506172839506,0.1522521,0.14726448,3.3868452188878204,1.16565879613269,1100,axis-bank,Large Cap,Dec-2024
152406,5107,1,The Indian Hotels Company Ltd.,Hospitality,Hospitality,Domestic Equities,1694.0,1616.0,4.826732673267327,0.14865697,0.12820536,15.95222695837366,1.13813408607785,1100,the-indian-hotels-company,Mid Cap,Dec-2024
152473,5056,1,Suzlon Energy Ltd.,Capital Goods,Capital Goods,Domestic Equities,22847.0,21843.0,4.596438218193471,0.1421540339999999,0.137567214,3.3342392177833857,1.088346893986,1100,suzlon-energy,Mid Cap,Dec-2024
76200,82667,1,BSE Ltd.,Finance,Finance,Domestic Equities,261.0,250.0,4.4,0.1389929399999999,0.11676875,19.03265214366,1.06414521120788,1100,bse,Mid Cap,Dec-2024
157113,99763,1,PB Fintech Ltd.,IT,Information Technology,Domestic Equities,636.0,584.0,8.904109589041095,0.13412286,0.11060376,21.264286132768,1.02685934395304,1100,pb-fintech,Mid Cap,Dec-2024
171656,5311,1,Mahindra & Mahindra Ltd.,Automobile & Ancillaries,Automobile & Ancillaries,Domestic Equities,444.0,405.0,9.62962962962963,0.13351524,0.12012705,11.14502520456466,1.02220733851137,1100,mahindra-mahindra,Large Cap,Dec-2024
171492,5886,1,Kotak Mahindra Bank Ltd.,Bank,Banking,Domestic Equities,736.0,668.0,10.179640718562874,0.13145328,0.1179186999999999,11.477891123290878,1.0064207463312,1100,kotak-mahindra-bank,Large Cap,Dec-2024
95548,5980,1,Persistent Systems Ltd.,IT,Information Technology,Domestic Equities,203.0,196.0,3.571428571428571,0.13109131,0.11575074,13.253107496332197,1.00364946426392,1100,persistent-systems,Mid Cap,Dec-2024
57445,86554,1,Dixon Technologies (India) Ltd.,Consumer Durables,Consumer Durables,Domestic Equities,73.0,70.0,4.285714285714286,0.13093499,0.1106518,18.33064622536642,1.0024526611787,1100,dixon-technologies-india,Mid Cap,Dec-2024
133657,7260,1,Coforge Ltd.,IT,Information Technology,Domestic Equities,128.0,122.0,4.918032786885246,0.1236857599999999,0.1059673699999999,16.72060937248891,0.946951760273629,1100,coforge,Mid Cap,Dec-2024
152211,6247,1,Lupin Ltd.,Healthcare,Healthcare,Domestic Equities,464.0,444.0,4.504504504504505,0.10930448,0.0910533,20.04450140741741,0.836847101410814,1100,lupin,Mid Cap,Dec-2024
171717,5016,1,Hindustan Unilever Ltd.,FMCG,Fast Moving Consumer Goods,Domestic Equities,445.0,405.0,9.876543209876544,0.103544825,0.1010940749999999,2.4242271369513984,0.792750550273328,1100,hindustan-unilever,Large Cap,Dec-2024
420,5071,1,Sun Pharmaceutical Industries Ltd.,Healthcare,Healthcare,Domestic Equities,541.0,491.0,10.183299389002038,0.102051535,0.0874421899999999,16.707432647787076,0.781317758057806,1100,sun-pharmaceutical-industries,Large Cap,Dec-2024
171528,8219,1,HCL Technologies Ltd.,IT,Information Technology,Domestic Equities,531.0,480.0,10.625,0.1018139399999999,0.0887064,14.776318281431772,0.779498704647921,1100,hcl-technologies,Large Cap,Dec-2024
156921,98676,1,Eternal Ltd.,Retailing,Information Technology,Domestic Equities,3478.0,2832.0,22.81073446327684,0.09670579,0.079228032,22.060068335409373,0.740390147331042,1100,eternal,Large Cap,Dec-2024
171484,6114,1,Bajaj Finance Ltd.,Finance,Finance,Domestic Equities,140.0,127.0,10.236220472440944,0.095522,0.08351393,14.378523439143615,0.731326921101164,1100,bajaj-finance,Large Cap,Dec-2024
171685,5596,1,The Federal Bank Ltd.,Bank,Banking,Domestic Equities,4717.0,4509.0,4.612996229762697,0.094349434,0.0950407019999999,-0.7273389037046399,0.722349627047775,1100,the-federal-bank,Mid Cap,Dec-2024
133334,5159,1,CG Power and Industrial Solutions Ltd.,Capital Goods,Capital Goods,Domestic Equities,1232.0,1177.0,4.672897196261682,0.0896896,0.086185825,4.065372699048813,0.686673426255679,1100,cg-power-and-industrial-solutions,Large Cap,Dec-2024
171877,6125,1,Cummins India Ltd.,Automobile & Ancillaries,Automobile & Ancillaries,Domestic Equities,261.0,250.0,4.4,0.0854514,0.0870925,-1.8843183971065345,0.654225301666465,1100,cummins-india,Large Cap,Dec-2024
114530,88033,1,HDFC Asset Management Company Ltd.,Finance,Finance,Domestic Equities,195.0,186.0,4.838709677419355,0.081881475,0.07819905,4.709040582973823,0.626893563859341,1100,hdfc-asset-management-company,Mid Cap,Dec-2024
38803,5403,1,Indus Towers Ltd.,Telecom,Telecom,Domestic Equities,2392.0,2288.0,4.545454545454546,0.08175856,0.07993128,2.2860637287429904,0.625952513122263,1100,indus-towers,Large Cap,Dec-2024
171946,6864,1,Godrej Properties Ltd.,Realty,Realty,Domestic Equities,290.0,213.0,36.15023474178404,0.0808085,0.059131995,36.65782796606135,0.618678749437862,1100,godrej-properties,Mid Cap,Dec-2024
133664,7760,1,NTPC Ltd.,Power,Power,Domestic Equities,2375.0,2153.0,10.311193683232698,0.079170625,0.078293845,1.119858144660035,0.606138998585717,1100,ntpc,Large Cap,Dec-2024
152205,8185,1,Trent Ltd.,Retailing,Retailing,Domestic Equities,111.0,101.0,9.9009900990099,0.079069185,0.06863354,15.204876507899776,0.605362362806771,1100,trent,Large Cap,Dec-2024
152379,5838,1,Voltas Ltd.,Consumer Durables,Consumer Durables,Domestic Equities,439.0,421.0,4.275534441805226,0.078578805,0.069812325,12.557209633112782,0.601607959679014,1100,voltas,Mid Cap,Dec-2024
152378,5539,1,Tata Motors Ltd.,Automobile & Ancillaries,Automobile & Ancillaries,Domestic Equities,1051.0,965.0,8.911917098445596,0.077789765,0.075892425,2.500038706102745,0.595566982795933,1100,tata-motors,Large Cap,Dec-2024
171365,5279,1,Hindustan Petroleum Corporation Ltd.,Crude Oil,Crude Oil,Domestic Equities,1849.0,1769.0,4.522328999434709,0.075577875,0.06777039,11.5204958979873,0.578632510072221,1100,hindustan-petroleum-corporation,Mid Cap,Dec-2024
7737,15826,1,IDFC First Bank Ltd.,Bank,Banking,Domestic Equities,11931.0,12131.0,-1.6486687000247298,0.075332334,0.077735448,-3.091400463788406,0.5767526212138,1100,idfc-first-bank,Mid Cap,Dec-2024
101370,86936,1,Tube Investments of India Ltd.,Automobile & Ancillaries,Automobile & Ancillaries,Domestic Equities,205.0,196.0,4.591836734693878,0.073313125,0.07037478,4.1752812584280905,0.561293335384046,1100,tube-investments-of-india,Mid Cap,Dec-2024
152636,5140,1,Fortis Healthcare Ltd.,Healthcare,Healthcare,Domestic Equities,1003.0,959.0,4.588112617309697,0.072200955,0.06321728,14.21079015104731,0.552778439738633,1100,fortis-healthcare,Mid Cap,Dec-2024
171465,6543,1,Aurobindo Pharma Ltd.,Healthcare,Healthcare,Domestic Equities,538.0,515.0,4.466019417475728,0.0717961,0.0650239,10.41493973754266,0.549678825402225,1100,aurobindo-pharma,Mid Cap,Dec-2024
133625,7239,1,Maruti Suzuki India Ltd.,Automobile & Ancillaries,Automobile & Ancillaries,Domestic Equities,66.0,60.0,10.0,0.07166544,0.0664452,7.85645915732062,0.548678478094682,1100,maruti-suzuki-india,Large Cap,Dec-2024
152455,7030,1,Yes Bank Ltd.,Bank,Banking,Domestic Equities,36295.0,34704.0,4.584485938220378,0.0711019049999999,0.069269184,2.645795567622104,0.544363992253905,1100,yes-bank,Mid Cap,Dec-2024
517,7825,1,Power Grid Corporation Of India Ltd.,Power,Power,Domestic Equities,2272.0,2059.0,10.344827586206897,0.07013664,0.06782346,3.410589787073675,0.536973817419869,1100,power-grid-corporation-of-india,Large Cap,Dec-2024
134131,90516,1,Polycab India Ltd.,Electricals,Electricals,Domestic Equities,96.0,87.0,10.344827586206897,0.06981456,0.06349173,9.958509557071435,0.534507937572837,1100,polycab-india,Large Cap,Dec-2024
171820,5969,1,Colgate-Palmolive (India) Ltd.,FMCG,Fast Moving Consumer Goods,Domestic Equities,255.0,244.0,4.508196721311475,0.068356575,0.0705099,-3.053932851982484,0.523345444314093,1100,colgate-palmolive-india,Mid Cap,Dec-2024
171461,6050,1,Titan Company Ltd.,Diamond  &  Jewellery,Diamond & Jewellery,Domestic Equities,207.0,188.0,10.106382978723405,0.067340205,0.0610812,10.247023634113267,0.515564003988309,1100,titan-company,Large Cap,Dec-2024
152795,99590,1,One97 Communications Ltd.,IT,Information Technology,Domestic Equities,654.0,622.0,5.144694533762058,0.06656739,0.0560888499999999,18.682037517260564,0.509647247486866,1100,one97-communications,Mid Cap,Dec-2024
152369,6790,1,Bharat Forge Ltd.,Automobile & Ancillaries,Automobile & Ancillaries,Domestic Equities,503.0,469.0,7.249466950959488,0.06536485,0.062482525,4.613009797539383,0.500440469198085,1100,bharat-forge,Mid Cap,Dec-2024
133654,6850,1,Ultratech Cement Ltd.,Construction Materials,Construction Materials,Domestic Equities,57.0,52.0,9.615384615384617,0.065130195,0.05825118,11.809228585584028,0.498643924751036,1100,ultratech-cement,Large Cap,Dec-2024
171327,5699,1,Marico Ltd.,FMCG,Fast Moving Consumer Goods,Domestic Equities,1015.0,969.0,4.747162022703819,0.06490925,0.062495655,3.862020487664298,0.496952345569458,1100,marico,Mid Cap,Dec-2024
165,7447,1,SRF Ltd.,Chemicals,Chemicals,Domestic Equities,279.0,267.0,4.49438202247191,0.062438805,0.0604755,3.246446908252105,0.47803834737428,1100,srf,Mid Cap,Dec-2024
19255,6350,1,Mphasis Ltd.,IT,Information Technology,Domestic Equities,217.0,208.0,4.326923076923077,0.06178424,0.06187064,-0.1396462037567519,0.47302692585766,1100,mphasis,Mid Cap,Dec-2024
171659,5756,1,Ashok Leyland Ltd.,Automobile & Ancillaries,Automobile & Ancillaries,Domestic Equities,2757.0,2638.0,4.510993176648976,0.06079185,0.0612227039999999,-0.7037487269428647,0.465429079045077,1100,ashok-leyland,Mid Cap,Dec-2024
141614,85778,1,AU Small Finance Bank Ltd.,Bank,Banking,Domestic Equities,1080.0,1032.0,4.651162790697675,0.0603828,0.0602017199999999,0.3007887482284672,0.462297347328023,1100,au-small-finance-bank,Mid Cap,Dec-2024
122,5767,1,The Phoenix Mills Ltd.,Realty,Realty,Domestic Equities,359.0,343.0,4.664723032069971,0.0586606,0.0568093749999999,3.258661092469338,0.4491119950163,1100,the-phoenix-mills,Mid Cap,Dec-2024
56674,5695,1,Supreme Industries Ltd.,Plastic Products,Plastic Products,Domestic Equities,124.0,119.0,4.201680672268908,0.0582868199999999,0.05534809,5.309541846882153,0.446250294292182,1100,supreme-industries,Mid Cap,Dec-2024
1152,105806,1,Mankind Pharma Ltd.,Healthcare,Healthcare,Domestic Equities,200.0,174.0,14.942528735632186,0.057608,0.04456488,29.267710358470605,0.441053173832163,1100,mankind-pharma,Mid Cap,Dec-2024
171698,8307,1,Oracle Financial Services Software Ltd.,IT,Information Technology,Domestic Equities,45.0,43.0,4.651162790697675,0.057552525,0.050294735,14.430516434771953,0.440628451140552,1100,oracle-financial-services-software,Mid Cap,Dec-2024
152118,7308,1,PI Industries Ltd.,Chemicals,Chemicals,Domestic Equities,156.0,150.0,4.0,0.05749614,0.0609825,-5.7169843807649725,0.440196761389015,1100,pi-industries,Mid Cap,Dec-2024
38931,15891,1,Alkem Laboratories Ltd.,Healthcare,Healthcare,Domestic Equities,102.0,96.0,6.25,0.05746578,0.05416752,6.088999459454681,0.439964321895238,1100,alkem-laboratories,Mid Cap,Dec-2024
152362,5226,1,Tata Steel Ltd.,Iron & Steel,Iron & Steel,Domestic Equities,4157.0,3767.0,10.353066100345105,0.057387385,0.054448218,5.398095856874517,0.439364121166822,1100,tata-steel,Large Cap,Dec-2024
171321,7864,1,Page Industries Ltd.,Textile,Textile,Domestic Equities,12.0,11.0,9.090909090909092,0.05701728,0.04910939,16.10260278126037,0.436530556646249,1100,page-industries,Mid Cap,Dec-2024
171444,98250,1,Kalyan Jewellers India Ltd.,Diamond  &  Jewellery,Diamond & Jewellery,Domestic Equities,738.0,575.0,28.347826086956523,0.05654925,0.041655875,35.75336012027116,0.432947267572706,1100,kalyan-jewellers-india,Mid Cap,Dec-2024
152222,5634,1,Max Financial Services Ltd.,Finance,Finance,Domestic Equities,496.0,455.0,9.010989010989013,0.05524944,0.0515947249999999,7.083505145148074,0.422995779482878,1100,max-financial-services,Mid Cap,Dec-2024
153260,8051,1,Prestige Estates Projects Ltd.,Realty,Realty,Domestic Equities,324.0,311.0,4.180064308681672,0.0548856,0.0513321049999999,6.922558504078491,0.420210180490254,1100,prestige-estates-projects,Mid Cap,Dec-2024
599,7495,1,Sundaram Finance Ltd.,Finance,Finance,Domestic Equities,132.0,125.0,5.6000000000000005,0.05469684,0.0496049999999999,10.26477169640158,0.418765013202854,1100,sundaram-finance,Mid Cap,Dec-2024
587,7648,1,APL Apollo Tubes Ltd.,Iron & Steel,Iron & Steel,Domestic Equities,348.0,333.0,4.504504504504505,0.0545751,0.05049612,8.077808750454498,0.417832958394801,1100,apl-apollo-tubes,Mid Cap,Dec-2024
152574,8059,1,Torrent Power Ltd.,Power,Power,Domestic Equities,366.0,308.0,18.83116883116883,0.05438577,0.04652956,16.88434191081972,0.41638342712481,1100,torrent-power,Mid Cap,Dec-2024
171369,7531,1,Tech Mahindra Ltd.,IT,Information Technology,Domestic Equities,318.0,288.0,10.416666666666668,0.05425716,0.0493142399999999,10.023311724970323,0.415398774842374,1100,tech-mahindra,Large Cap,Dec-2024
152551,7908,1,GMR Airports Ltd.,Infrastructure,Aviation,Domestic Equities,6903.0,6604.0,4.52755905511811,0.0542299679999999,0.054951884,-1.3137238388405394,0.415190589904469,1100,gmr-airports,Mid Cap,Dec-2024
96004,7992,1,Jubilant FoodWorks Ltd.,FMCG,Fast Moving Consumer Goods,Domestic Equities,734.0,703.0,4.409672830725462,0.05270854,0.0453118649999999,16.323925311836103,0.403542370071162,1100,jubilant-foodworks,Mid Cap,Dec-2024
133309,5981,1,Bharat Electronics Ltd.,Capital Goods,Other,Domestic Equities,1794.0,1626.0,10.33210332103321,0.0525911099999999,0.0500807999999999,5.012519768054828,0.402643313096383,1100,bharat-electronics,Large Cap,Dec-2024
113892,8292,1,KEI Industries Ltd.,Electricals,Electricals,Domestic Equities,118.0,104.0,13.461538461538462,0.05235247,0.0448578,16.707618296037705,0.400816259051748,1100,kei-industries,Mid Cap,Dec-2024
152238,8313,1,MRF Ltd.,Automobile & Ancillaries,Automobile & Ancillaries,Domestic Equities,4.0,4.0,0.0,0.05225394,0.05010052,4.298198900929565,0.400061902552344,1100,mrf,Mid Cap,Dec-2024
153691,5278,1,Oberoi Realty Ltd.,Realty,Realty,Domestic Equities,226.0,217.0,4.147465437788019,0.0522399,0.043559495,19.92769888631627,0.399954410770636,1100,oberoi-realty,Mid Cap,Dec-2024
171658,4978,1,Asian Paints Ltd.,Chemicals,Chemicals,Domestic Equities,226.0,206.0,9.70873786407767,0.05155851,0.05107976,0.9372596895521892,0.394737614108411,1100,asian-paints,Large Cap,Dec-2024
1427,98308,1,Sona BLW Precision Forgings Ltd.,Automobile & Ancillaries,Automobile & Ancillaries,Domestic Equities,862.0,825.0,4.484848484848484,0.05127176,0.055407,-7.463389102459973,0.392542224620902,1100,sona-blw-precision-forgings,Mid Cap,Dec-2024
133642,6320,1,Petronet LNG Ltd.,Inds. Gases & Fuels,Industrials Gases & Fuels,Domestic Equities,1443.0,1380.0,4.565217391304348,0.04995666,0.0459677999999999,8.677509038935954,0.382473674612107,1100,petronet-lng,Mid Cap,Dec-2024
2469,110949,1,JIO Financial Services Ltd.,Finance,Finance,Domestic Equities,1646.0,1491.0,10.39570757880617,0.04916602,0.048956985,0.4269768655075509,0.376420447953333,1100,jio-financial-services,Large Cap,Dec-2024
171635,7381,1,UPL Ltd.,Chemicals,Chemicals,Domestic Equities,974.0,932.0,4.506437768240343,0.0487974,0.050794,-3.930779225892817,0.373598252755825,1100,upl,Mid Cap,Dec-2024
707,8442,1,Bajaj Auto Ltd.,Automobile & Ancillaries,Automobile & Ancillaries,Domestic Equities,55.0,50.0,10.0,0.0483923,0.04516825,7.137867860720746,0.370496762672514,1100,bajaj-auto,Large Cap,Dec-2024
152256,5774,1,Oil & Natural Gas Corporation Ltd.,Crude Oil,Crude Oil,Domestic Equities,1946.0,1764.0,10.317460317460316,0.04655805,0.04528188,2.8182796297326846,0.356453543256779,1100,oil-natural-gas-corporation,Large Cap,Dec-2024
756,88308,1,Rail Vikas Nigam Ltd.,Infrastructure,Infrastructure,Domestic Equities,1093.0,1045.0,4.5933014354066986,0.04620111,0.045546325,1.4376242210540435,0.353720771421832,1100,rail-vikas-nigam,Large Cap,Dec-2024
123299,91366,1,KPIT Technologies Ltd.,IT,Information Technology,Domestic Equities,313.0,300.0,4.333333333333334,0.04584511,0.0410639999999999,11.643069355152935,0.350995196330104,1100,kpit-technologies,Mid Cap,Dec-2024
152245,5078,1,Grasim Industries Ltd.,Diversified,Construction Materials,Domestic Equities,186.0,169.0,10.059171597633137,0.04543422,0.044045625,3.1526286662977245,0.347849377371003,1100,grasim-industries,Large Cap,Dec-2024
539,7794,1,Adani Ports and Special Economic Zone Ltd.,Logistics,Logistics,Domestic Equities,369.0,335.0,10.149253731343284,0.04542759,0.039866675,13.948780529101072,0.347798617362975,1100,adani-ports-and-special-economic-zone,Large Cap,Dec-2024
677,6026,1,Oil India Ltd.,Crude Oil,Crude Oil,Domestic Equities,1049.0,1004.0,4.482071713147411,0.0451856749999999,0.04925624,-8.264059538446304,0.345946489558718,1100,oil-india,Mid Cap,Dec-2024
171839,6306,1,Solar Industries India Ltd.,Chemicals,Chemicals,Domestic Equities,46.0,45.0,2.2222222222222223,0.04500318,0.0480654,-6.370944587998852,0.344549287799266,1100,solar-industries-india,Mid Cap,Dec-2024
152323,7533,1,Tata Elxsi Ltd.,IT,Information Technology,Domestic Equities,66.0,64.0,3.125,0.04485723,0.0426928,5.0697775737360855,0.343431878572756,1100,tata-elxsi,Mid Cap,Dec-2024
79,7951,1,Balkrishna Industries Ltd.,Automobile & Ancillaries,Automobile & Ancillaries,Domestic Equities,154.0,148.0,4.054054054054054,0.04481554,0.04114622,8.917757208317077,0.343112695354851,1100,balkrishna-industries,Mid Cap,Dec-2024
96486,15829,1,Interglobe Aviation Ltd.,Aviation,Aviation,Domestic Equities,98.0,79.0,24.050632911392405,0.04463165,0.03459331,29.01815408817485,0.341704813322217,1100,interglobe-aviation,Large Cap,Dec-2024
352,7184,1,Ipca Laboratories Ltd.,Healthcare,Healthcare,Domestic Equities,261.0,250.0,4.4,0.0442447199999999,0.03856375,14.731373375255256,0.338742434754121,1100,ipca-laboratories,Mid Cap,Dec-2024
77293,6578,1,Muthoot Finance Ltd.,Finance,Finance,Domestic Equities,206.0,197.0,4.568527918781726,0.04400469,0.037765885,16.519684365929734,0.336904738716853,1100,muthoot-finance,Mid Cap,Dec-2024
152343,5043,1,Hindalco Industries Ltd.,Non - Ferrous Metals,Non - Ferrous Metals,Domestic Equities,729.0,661.0,10.287443267776098,0.043918605,0.0433748199999999,1.2536881997435456,0.336245662504012,1100,hindalco-industries,Large Cap,Dec-2024
133630,5815,1,Jindal Stainless Ltd.,Iron & Steel,Iron & Steel,Domestic Equities,628.0,600.0,4.666666666666667,0.04390976,0.040992,7.117876658860278,0.336177944212758,1100,jindal-stainless,Mid Cap,Dec-2024
19275,7232,1,NMDC Ltd.,Mining,Mining,Domestic Equities,6653.0,2121.0,213.6727958510137,0.043856576,0.048797847,-10.12600207546042,0.335770761668717,1100,nmdc,Mid Cap,Dec-2024
115643,7007,1,Coal India Ltd.,Mining,Mining,Domestic Equities,1137.0,1031.0,10.281280310378277,0.043677855,0.04293084,1.7400428223626592,0.334402454067682,1100,coal-india,Large Cap,Dec-2024
133434,4968,1,JSW Steel Ltd.,Iron & Steel,Iron & Steel,Domestic Equities,481.0,436.0,10.321100917431194,0.04336215,0.0421176,2.954940452447438,0.331985381920677,1100,jsw-steel,Large Cap,Dec-2024
171708,8443,1,Bajaj Finserv Ltd.,Finance,Finance,Domestic Equities,274.0,248.0,10.483870967741936,0.04296594,0.03918276,9.655215712216284,0.32895195465356,1100,bajaj-finserv,Large Cap,Dec-2024
191600,99819,1,FSN E-Commerce Ventures Ltd.,Retailing,Information Technology,Domestic Equities,2622.0,2506.0,4.628890662410216,0.0429378719999999,0.043118236,-0.4183009713106217,0.328737062963463,1100,fsn-e-commerce-ventures,Mid Cap,Dec-2024
38605,83193,1,Varun Beverages Ltd.,FMCG,Fast Moving Consumer Goods,Domestic Equities,672.0,548.0,22.62773722627737,0.0429072,0.03404176,26.0428367980974,0.328502234763425,1100,varun-beverages,Large Cap,Dec-2024
171511,5199,1,Wipro Ltd.,IT,Information Technology,Domestic Equities,1420.0,643.0,120.8398133748056,0.0428627,0.037155755,15.359518330336716,0.328161537876959,1100,wipro,Large Cap,Dec-2024
171585,5257,1,Dr. Reddy's Laboratories Ltd.,Healthcare,Healthcare,Domestic Equities,306.0,277.0,10.469314079422382,0.0424881,0.03330371,27.57767828268982,0.325293559142798,1100,dr-reddy's-laboratories,Large Cap,Dec-2024
19182,5589,1,Coromandel International Ltd.,Chemicals,Chemicals,Domestic Equities,226.0,216.0,4.62962962962963,0.04248687,0.0386424,9.948838581454574,0.325284142127734,1100,coromandel-international,Mid Cap,Dec-2024
133330,5128,1,Cipla Ltd.,Healthcare,Healthcare,Domestic Equities,275.0,250.0,10.0,0.0420474999999999,0.0383475,9.64860812308494,0.321920277161295,1100,cipla,Large Cap,Dec-2024
75891,5355,1,Container Corporation Of India Ltd.,Logistics,Logistics,Domestic Equities,530.0,507.0,4.536489151873767,0.041764,0.041997345,-0.5556184563571772,0.319749770030663,1100,container-corporation-of-india,Mid Cap,Dec-2024
56728,7719,1,Shriram Finance Ltd.,Finance,Finance,Domestic Equities,140.0,127.0,10.236220472440944,0.0404481,0.038349555,5.472149546454974,0.309675095134022,1100,shriram-finance,Large Cap,Dec-2024
134703,87891,1,Hindustan Aeronautics Ltd.,Capital Goods,Other,Domestic Equities,95.0,86.0,10.465116279069768,0.039694325,0.03850091,3.0997059550021024,0.303904110963328,1100,hindustan-aeronautics,Large Cap,Dec-2024
152616,7532,1,Vodafone Idea Ltd.,Telecom,Telecom,Domestic Equities,49979.0,43454.0,15.015878860404106,0.039683326,0.036327544,9.237569156890984,0.303819901411547,1100,vodafone-idea,Mid Cap,Dec-2024
171434,4916,1,Astral Ltd.,Plastic Products,Plastic Products,Domestic Equities,237.0,228.0,3.947368421052632,0.039158325,0.0408234,-4.078726906627087,0.29980043610612,1100,astral,Mid Cap,Dec-2024
152400,5891,1,Nestle India Ltd.,FMCG,Fast Moving Consumer Goods,Domestic Equities,179.0,163.0,9.8159509202454,0.038843895,0.0364247949999999,6.641355153817622,0.29739312549912,1100,nestle-india,Large Cap,Dec-2024
171509,5522,1,Tata Communications Ltd.,Telecom,Telecom,Domestic Equities,226.0,216.0,4.62962962962963,0.03849684,0.03791016,1.5475534790673513,0.294736034309627,1100,tata-communications,Mid Cap,Dec-2024
171462,6372,1,Divi's Laboratories Ltd.,Healthcare,Healthcare,Domestic Equities,63.0,58.0,8.620689655172415,0.03842244,0.03580166,7.32027509338952,0.294166419739895,1100,divi's-laboratories,Large Cap,Dec-2024
77639,92991,1,SBI Cards And Payment Services Ltd.,Finance,Finance,Domestic Equities,576.0,551.0,4.537205081669692,0.03823776,0.03860306,-0.9462980395854615,0.292752489380512,1100,sbi-cards-and-payment-services,Mid Cap,Dec-2024
152242,5741,1,Vedanta Ltd.,Non - Ferrous Metals,Non - Ferrous Metals,Domestic Equities,850.0,771.0,10.246433203631646,0.03777825,0.03496485,8.046366565279135,0.289234430362535,1100,vedanta,Large Cap,Dec-2024
152296,7356,1,Patanjali Foods Ltd.,FMCG,Fast Moving Consumer Goods,Domestic Equities,211.0,182.0,15.934065934065933,0.037599145,0.03294746,14.11849350450687,0.287863182815333,1100,patanjali-foods,Mid Cap,Dec-2024
171336,8097,1,JK Cement Ltd.,Construction Materials,Construction Materials,Domestic Equities,80.0,77.0,3.896103896103896,0.0367632,0.032942525,11.598002885328318,0.281463096101697,1100,jk-cement,Mid Cap,Dec-2024
171886,6139,1,Exide Industries Ltd.,Automobile & Ancillaries,Automobile & Ancillaries,Domestic Equities,876.0,838.0,4.534606205250596,0.03648978,0.03792788,-3.7916698745091946,0.279369762557933,1100,exide-industries,Mid Cap,Dec-2024
38020,6672,1,Apollo Hospitals Enterprise Ltd.,Healthcare,Healthcare,Domestic Equities,50.0,46.0,8.695652173913043,0.03648175,0.03141294,16.13605730632027,0.279308283996173,1100,apollo-hospitals-enterprise,Mid Cap,Dec-2024
171840,6541,1,UNO Minda Ltd.,Automobile & Ancillaries,Automobile & Ancillaries,Domestic Equities,344.0,329.0,4.5592705167173255,0.03623008,0.034586125,4.753221125523599,0.277381470840737,1100,uno-minda,Mid Cap,Dec-2024
152608,7159,1,Indian Bank,Bank,Banking,Domestic Equities,680.0,651.0,4.45468509984639,0.0360366,0.03738693,-3.611770209535791,0.275900166715042,1100,indian-bank,Mid Cap,Dec-2024
152207,5372,1,LIC Housing Finance Ltd.,Finance,Finance,Domestic Equities,578.0,554.0,4.332129963898916,0.03456729,0.03538952,-2.323371438776224,0.26465096801272,1100,lic-housing-finance,Mid Cap,Dec-2024
46521,101004,1,Delhivery Ltd.,Logistics,Logistics,Domestic Equities,981.0,853.0,15.005861664712777,0.033957315,0.028656535,18.49763064515651,0.259980932432449,1100,delhivery,Small Cap,Dec-2024
171565,6678,1,Apollo Tyres Ltd.,Automobile & Ancillaries,Automobile & Ancillaries,Domestic Equities,640.0,613.0,4.404567699836868,0.0338816,0.031241545,8.45046235709534,0.259401250078319,1100,apollo-tyres,Small Cap,Dec-2024
152572,7512,1,Info Edge (India) Ltd.,IT,Information Technology,Domestic Equities,39.0,35.0,11.428571428571429,0.033841275,0.02889355,17.123977496707738,0.259092517450303,1100,info-edge-india,Large Cap,Dec-2024
171572,5156,1,Eicher Motors Ltd.,Automobile & Ancillaries,Automobile & Ancillaries,Domestic Equities,69.0,63.0,9.523809523809524,0.03327111,0.0304406549999999,9.29827232692595,0.254727271601497,1100,eicher-motors,Large Cap,Dec-2024
152316,5915,1,Tata Power Company Ltd.,Power,Power,Domestic Equities,846.0,767.0,10.29986962190352,0.03319704,0.031765305,4.507228877544228,0.254160183548002,1100,tata-power-company,Large Cap,Dec-2024
58168,86912,1,HDFC Life Insurance Company Ltd.,Insurance,Finance,Domestic Equities,536.0,485.0,10.515463917525771,0.03307388,0.031900875,3.677030802446636,0.253217257064021,1100,hdfc-life-insurance-company,Large Cap,Dec-2024
19183,6082,1,Deepak Nitrite Ltd.,Chemicals,Chemicals,Domestic Equities,132.0,127.0,3.937007874015748,0.03292476,0.034636075,-4.940845635655887,0.252075577969418,1100,deepak-nitrite,Mid Cap,Dec-2024
152604,5456,1,Power Finance Corporation Ltd.,Finance,Finance,Domestic Equities,729.0,661.0,10.287443267776098,0.03269565,0.03273933,-0.1334175134310912,0.250321486651256,1100,power-finance-corporation,Large Cap,Dec-2024
173672,92657,1,Gujarat Fluorochemicals Ltd.,Chemicals,Chemicals,Domestic Equities,78.0,75.0,4.0,0.03249168,0.029679,9.477003942181335,0.248759869933673,1100,gujarat-fluorochemicals,Mid Cap,Dec-2024
114442,5285,1,IndusInd Bank Ltd.,Bank,Banking,Domestic Equities,331.0,300.0,10.333333333333334,0.031780965,0.0298755,6.378018777928402,0.243318557851321,1100,indusind-bank,Mid Cap,Dec-2024
152397,5267,1,Tata Chemicals Ltd.,Chemicals,Chemicals,Domestic Equities,301.0,288.0,4.513888888888888,0.03167122,0.0320183999999999,-1.0843140194388166,0.242478338080417,1100,tata-chemicals,Small Cap,Dec-2024
133643,6434,1,Biocon Ltd.,Healthcare,Healthcare,Domestic Equities,866.0,828.0,4.5893719806763285,0.03163931,0.03023442,4.64665768352757,0.242234031616437,1100,biocon,Mid Cap,Dec-2024
133351,5368,1,Steel Authority Of India Ltd.,Iron & Steel,Iron & Steel,Domestic Equities,2782.0,2662.0,4.507888805409467,0.031472766,0.031174682,0.9561733460505,0.240958952464536,1100,steel-authority-of-india,Mid Cap,Dec-2024
75697,6614,1,Adani Enterprises Ltd.,Trading,Trading,Domestic Equities,124.0,107.0,15.887850467289718,0.03135526,0.026355705,18.96953619719146,0.240059313625411,1100,adani-enterprises,Large Cap,Dec-2024
171943,4973,1,REC Ltd.,Finance,Finance,Domestic Equities,625.0,567.0,10.229276895943562,0.03129375,0.03019842,3.627110292525234,0.239588386311107,1100,rec,Large Cap,Dec-2024
152907,86648,1,SBI Life Insurance Company Ltd.,Insurance,Finance,Domestic Equities,224.0,203.0,10.344827586206897,0.03114496,0.029186325,6.710796922873974,0.238449233732741,1100,sbi-life-insurance-company,Large Cap,Dec-2024
133333,4917,1,CRISIL Ltd.,Ratings,Ratings,Domestic Equities,46.0,45.0,2.2222222222222223,0.03060426,0.024138,26.78871488938602,0.234309575159435,1100,crisil,Mid Cap,Dec-2024
152519,8782,1,Mahindra & Mahindra Financial Services Ltd.,Finance,Finance,Domestic Equities,1139.0,1089.0,4.591368227731864,0.030177805,0.02977326,1.3587527868967004,0.231044588851169,1100,mahindra-mahindra-financial-services,Mid Cap,Dec-2024
152325,5528,1,Thermax Ltd.,Capital Goods,Capital Goods,Domestic Equities,74.0,71.0,4.225352112676056,0.02989415,0.03258971,-8.271199713038248,0.228872895023517,1100,thermax,Mid Cap,Dec-2024
19805,15724,1,Syngene International Ltd.,Business Services,Healthcare,Domestic Equities,348.0,332.0,4.819277108433735,0.02987406,0.03123456,-4.355752089992624,0.22871908377747,1100,syngene-international,Mid Cap,Dec-2024
152401,5684,1,Tata Consumer Products Ltd.,Agri,Agriculture,Domestic Equities,326.0,296.0,10.135135135135137,0.02981922,0.0283760399999999,5.085910507597261,0.228299222715587,1100,tata-consumer-products,Large Cap,Dec-2024
152367,6359,1,Abbott India Ltd.,Healthcare,Healthcare,Domestic Equities,10.0,10.0,0.0,0.029741,0.0277234,7.277606642763882,0.227700361806387,1100,abbott-india,Mid Cap,Dec-2024
171333,7587,1,United Breweries Ltd.,Alcohol,Alcohol,Domestic Equities,144.0,139.0,3.597122302158273,0.0293328,0.02711195,8.19140637246675,0.22457513778267,1100,united-breweries,Mid Cap,Dec-2024
177212,94646,1,Hitachi Energy India Ltd.,Capital Goods,Capital Goods,Domestic Equities,20.0,19.0,5.263157894736842,0.0288244,0.0227592449999999,26.64919244904653,0.220682771556169,1100,hitachi-energy-india,Mid Cap,Dec-2024
152377,4902,1,Siemens Ltd.,Capital Goods,Capital Goods,Domestic Equities,44.0,40.0,10.0,0.02875862,0.0302434,-4.909434785771437,0.220179152652984,1100,siemens,Large Cap,Dec-2024
75659,6055,1,Lloyds Metals & Energy Ltd.,Iron & Steel,Iron & Steel,Domestic Equities,233.0,240.0,-2.9166666666666665,0.028702105,0.024948,15.047719256052591,0.219746467607173,1100,lloyds-metals-energy,Mid Cap,Dec-2024
152376,5012,1,Bharat Petroleum Corporation Ltd.,Crude Oil,Crude Oil,Domestic Equities,971.0,880.0,10.340909090909092,0.028396895,0.0257048,10.473121751579477,0.217409746332605,1100,bharat-petroleum-corporation,Large Cap,Dec-2024
171628,5788,1,Britannia Industries Ltd.,FMCG,Fast Moving Consumer Goods,Domestic Equities,59.0,54.0,9.25925925925926,0.028100225,0.0266822099999999,5.314458584952301,0.215138408235799,1100,britannia-industries,Large Cap,Dec-2024
133635,5732,1,Indraprastha Gas Ltd.,Gas Transmission,Gas Transmission,Domestic Equities,675.0,646.0,4.489164086687306,0.028056375,0.02112743,32.7959671384546,0.214802687820708,1100,indraprastha-gas,Mid Cap,Dec-2024
114654,92672,1,Indian Renewable Energy Development Agency Ltd.,Finance,Finance,Domestic Equities,1297.0,1241.0,4.512489927477841,0.027917925,0.025460356,9.65253195988304,0.21374269941776,1100,indian-renewable-energy-development-agency,Mid Cap,Dec-2024
133507,6902,1,TVS Motor Company Ltd.,Automobile & Ancillaries,Automobile & Ancillaries,Domestic Equities,117.0,107.0,9.345794392523365,0.02771145,0.026048615,6.383583157876149,0.212161904145107,1100,tvs-motor-company,Large Cap,Dec-2024
171646,5397,1,Carborundum Universal Ltd.,Abrasives,Abrasives,Domestic Equities,214.0,205.0,4.390243902439024,0.02738451,0.029912575,-8.451512449195702,0.209658815604406,1100,carborundum-universal,Small Cap,Dec-2024
97743,96921,1,Gland Pharma Ltd.,Healthcare,Healthcare,Domestic Equities,153.0,147.0,4.081632653061225,0.0272240549999999,0.0255486,6.55791315375401,0.208430354505127,1100,gland-pharma,Small Cap,Dec-2024
171383,5551,1,Hero MotoCorp Ltd.,Automobile & Ancillaries,Automobile & Ancillaries,Domestic Equities,65.0,59.0,10.16949152542373,0.0270439,0.02809403,-3.737911577655467,0.207051068042627,1100,hero-motocorp,Large Cap,Dec-2024
47051,90577,1,Dalmia Bharat Ltd.,Construction Materials,Construction Materials,Domestic Equities,153.0,147.0,4.081632653061225,0.027038925,0.026759145,1.0455491010643132,0.207012978896331,1100,dalmia-bharat,Mid Cap,Dec-2024
152324,4941,1,ACC Ltd.,Construction Materials,Construction Materials,Domestic Equities,130.0,125.0,4.0,0.0266825,0.027781875,-3.9571663179681007,0.204284149957935,1100,acc,Mid Cap,Dec-2024
171410,5631,1,Procter & Gamble Hygiene and Health Care Ltd.,FMCG,Fast Moving Consumer Goods,Domestic Equities,18.0,17.0,5.88235294117647,0.0264852,0.02701504,-1.961277865959108,0.202773599492772,1100,procter-gamble-hygiene-and-health-care,Mid Cap,Dec-2024
171837,6012,1,DLF Ltd.,Realty,Realty,Domestic Equities,321.0,291.0,10.309278350515465,0.02647929,0.023947845,10.57065886304174,0.202728351883805,1100,dlf,Large Cap,Dec-2024
57541,86814,1,General Insurance Corporation of India,Insurance,Finance,Domestic Equities,595.0,569.0,4.569420035149385,0.026432875,0.02273724,16.253665792330114,0.202372993547057,1100,general-insurance-corporation-of-india,Mid Cap,Dec-2024
171580,109023,1,Tata Technologies Ltd.,IT,Information Technology,Domestic Equities,296.0,227.0,30.396475770925107,0.02638396,0.02130395,23.845390174122645,0.201998494935787,1100,tata-technologies,Mid Cap,Dec-2024
171619,82976,1,Avenue Supermarts Ltd.,Retailing,Retailing,Domestic Equities,74.0,67.0,10.44776119402985,0.02635769,0.02485432,6.048727142806561,0.201797368931125,1100,avenue-supermarts,Large Cap,Dec-2024
134830,88309,1,Mazagon Dock Shipbuilders Ltd.,Ship Building,Ship Building,Domestic Equities,118.0,56.0,110.71428571428572,0.02628804,0.02572724,2.179790758744433,0.201264120882983,1100,mazagon-dock-shipbuilders,Mid Cap,Dec-2024
19098,6973,1,Schaeffler India Ltd.,Automobile & Ancillaries,Automobile & Ancillaries,Domestic Equities,77.0,74.0,4.054054054054054,0.02622466,0.02652308,-1.1251332801469485,0.200778876643337,1100,schaeffler-india,Mid Cap,Dec-2024
171741,5431,1,GAIL (India) Ltd.,Inds. Gases & Fuels,Industrials Gases & Fuels,Domestic Equities,1354.0,1228.0,10.26058631921824,0.025858692,0.024493688,5.572880653987268,0.197976985449041,1100,gail-india,Large Cap,Dec-2024
153405,17058,1,LTIMindtree Ltd.,IT,Information Technology,Domestic Equities,46.0,42.0,9.523809523809524,0.0256951399999999,0.02592408,-0.8831171636563371,0.196724813377687,1100,ltimindtree,Large Cap,Dec-2024
57031,5903,1,Indian Oil Corporation Ltd.,Crude Oil,Crude Oil,Domestic Equities,1879.0,1703.0,10.334703464474456,0.025631439,0.023608689,8.567820093695174,0.196237111526793,1100,indian-oil-corporation,Large Cap,Dec-2024
133407,5997,1,Hindustan Zinc Ltd.,Non - Ferrous Metals,Non - Ferrous Metals,Domestic Equities,574.0,549.0,4.553734061930783,0.0254856,0.02770254,-8.002659683913455,0.195120552128471,1100,hindustan-zinc,Large Cap,Dec-2024
83342,79963,1,Bandhan Bank Ltd.,Bank,Banking,Domestic Equities,1601.0,1529.0,4.708960104643558,0.025465506,0.025852332,-1.4962905474059196,0.194966710257985,1100,bandhan-bank,Small Cap,Dec-2024
152486,5772,1,AIA Engineering Ltd.,Automobile & Ancillaries,Automobile & Ancillaries,Domestic Equities,74.0,72.0,2.7777777777777777,0.02517961,0.0251946,-0.0594968763147625,0.192777859088253,1100,aia-engineering,Mid Cap,Dec-2024
171335,5389,1,Bajaj Holdings & Investment Ltd.,Finance,Finance,Domestic Equities,21.0,20.0,5.0,0.024962175,0.0209364999999999,19.228022830941203,0.191113152852102,1100,bajaj-holdings-investment,Large Cap,Dec-2024
134823,84770,1,Cochin Shipyard Ltd.,Ship Building,Ship Building,Domestic Equities,162.0,132.0,22.727272727272727,0.02492775,0.02082036,19.72775686875731,0.190849591271954,1100,cochin-shipyard,Mid Cap,Dec-2024
171514,5399,1,Cholamandalam Investment and Finance Company Ltd.,Finance,Finance,Domestic Equities,209.0,189.0,10.582010582010582,0.024786355,0.023321655,6.28042906903478,0.18976705562562,1100,cholamandalam-investment-and-finance-company,Large Cap,Dec-2024
44430,82482,1,L&T Technology Services Ltd.,IT,Information Technology,Domestic Equities,52.0,51.0,1.96078431372549,0.02463448,0.02695452,-8.607239156920615,0.188604283948496,1100,lt-technology-services,Mid Cap,Dec-2024
171433,6783,1,Berger Paints India Ltd.,Chemicals,Chemicals,Domestic Equities,548.0,524.0,4.580152671755725,0.02458054,0.0258698799999999,-4.9839427163944965,0.18819131338544,1100,berger-paints-india,Mid Cap,Dec-2024
79346,86555,1,Aditya Birla Capital Ltd.,Finance,Finance,Domestic Equities,1370.0,1310.0,4.580152671755725,0.02436134,0.02545723,-4.304828137232533,0.186513094115478,1100,aditya-birla-capital,Mid Cap,Dec-2024
797,86851,1,Nippon Life India Asset Management Ltd.,Finance,Finance,Domestic Equities,335.0,319.0,5.015673981191222,0.0243544999999999,0.02186745,11.373296840738162,0.186460726324389,1100,nippon-life-india-asset-management,Mid Cap,Dec-2024
152079,6815,1,Linde India Ltd.,Inds. Gases & Fuels,Industrials Gases & Fuels,Domestic Equities,40.0,39.0,2.564102564102564,0.0239842,0.026990925,-11.13976271654268,0.183625668862404,1100,linde-india,Mid Cap,Dec-2024
133583,8200,1,United Spirits Ltd.,Alcohol,Alcohol,Domestic Equities,147.0,134.0,9.701492537313433,0.023894115,0.0204899399999999,16.613884667305033,0.18293596821033,1100,united-spirits,Large Cap,Dec-2024
114414,5238,1,Bank Of India,Bank,Banking,Domestic Equities,2339.0,2237.0,4.559678140366563,0.02383441,0.02471885,-3.577998167390472,0.18247886017423,1100,bank-of-india,Mid Cap,Dec-2024
133495,5019,1,Ajanta Pharma Ltd.,Healthcare,Healthcare,Domestic Equities,81.0,78.0,3.8461538461538463,0.02375082,0.02357589,0.7419868348554384,0.181838885955361,1100,ajanta-pharma,Mid Cap,Dec-2024
113818,7906,1,Samvardhana Motherson International Ltd.,Automobile & Ancillaries,Automobile & Ancillaries,Domestic Equities,1478.0,1269.0,16.469661150512213,0.023074536,0.0206161739999999,11.92443369948276,0.176661181389816,1100,samvardhana-motherson-international,Large Cap,Dec-2024
171948,7104,1,Emami Ltd.,FMCG,Fast Moving Consumer Goods,Domestic Equities,379.0,363.0,4.40771349862259,0.022768425,0.0248292,-8.29980426272293,0.174317561960311,1100,emami,Small Cap,Dec-2024
115032,83788,1,Housing & Urban Development Corporation Ltd.,Finance,Finance,Domestic Equities,966.0,924.0,4.545454545454546,0.022672986,0.022047564,2.8366943395651427,0.173586870496323,1100,housing-urban-development-corporation,Mid Cap,Dec-2024
114405,5008,1,Bank Of Baroda,Bank,Banking,Domestic Equities,934.0,847.0,10.271546635182998,0.02246737,0.02087008,7.653492463852558,0.172012651821996,1100,bank-of-baroda,Large Cap,Dec-2024
152318,6472,1,Sundram Fasteners Ltd.,Automobile & Ancillaries,Automobile & Ancillaries,Domestic Equities,212.0,198.0,7.07070707070707,0.02245504,0.02281257,-1.5672499854247086,0.17191825198806,1100,sundram-fasteners,Small Cap,Dec-2024
171387,6208,1,Pidilite Industries Ltd.,Chemicals,Chemicals,Domestic Equities,77.0,70.0,10.0,0.022362725,0.0214634,4.190039788663501,0.171211478211114,1100,pidilite-industries,Large Cap,Dec-2024
645,8087,1,IRB Infrastructure Developers Ltd.,Infrastructure,Infrastructure,Domestic Equities,3819.0,3654.0,4.51559934318555,0.021859956,0.019508706,12.052311414196309,0.167362223538943,1100,irb-infrastructure-developers,Mid Cap,Dec-2024
95549,7450,1,Aditya Birla Fashion and Retail Ltd.,Retailing,Retailing,Domestic Equities,770.0,737.0,4.477611940298507,0.02155615,0.0231233749999999,-6.777665457572689,0.165036251442546,1100,aditya-birla-fashion-and-retail,Mid Cap,Dec-2024
133170,6243,1,Timken India Ltd.,Automobile & Ancillaries,Automobile & Ancillaries,Domestic Equities,69.0,66.0,4.545454545454546,0.02154042,0.02229744,-3.39509827137107,0.164915820835263,1100,timken-india,Small Cap,Dec-2024
171636,86629,1,ICICI Lombard General Insurance Company Ltd.,Insurance,Finance,Domestic Equities,119.0,108.0,10.185185185185183,0.021274225,0.0201079799999999,5.7999112790046725,0.162877802684862,1100,icici-lombard-general-insurance-company,Mid Cap,Dec-2024
171639,5614,1,Havells India Ltd.,Capital Goods,Capital Goods,Domestic Equities,126.0,115.0,9.565217391304348,0.0211062599999999,0.019757,6.82927569975198,0.161591844200924,1100,havells-india,Large Cap,Dec-2024
1704,6920,1,L&T Finance Ltd.,Finance,Finance,Domestic Equities,1549.0,1478.0,4.803788903924222,0.021009087,0.021057066,-0.2278522563399763,0.160847877042529,1100,lt-finance,Mid Cap,Dec-2024
152370,5063,1,Escorts Kubota Ltd.,Automobile & Ancillaries,Automobile & Ancillaries,Domestic Equities,63.0,62.0,1.6129032258064515,0.020995065,0.02203418,-4.715923170274553,0.160740523070799,1100,escorts-kubota,Mid Cap,Dec-2024
76174,111823,1,Bharti Hexacom Ltd.,Telecom,Telecom,Domestic Equities,144.0,107.0,34.57943925233645,0.02097936,0.01472534,42.471141583148494,0.16062028386626,1100,bharti-hexacom,Mid Cap,Dec-2024
38708,8062,1,Adani Power Ltd.,Power,Power,Domestic Equities,394.0,397.0,-0.7556675062972292,0.02086033,0.02202556,-5.290353571032924,0.159708977115787,1100,adani-power,Large Cap,Dec-2024
171402,5320,1,Godrej Consumer Products Ltd.,FMCG,Fast Moving Consumer Goods,Domestic Equities,188.0,171.0,9.941520467836256,0.02034254,0.021283515,-4.42114472163081,0.155744720018187,1100,godrej-consumer-products,Large Cap,Dec-2024
58178,99657,1,Star Health and Allied Insurance Company Ltd.,Insurance,Finance,Domestic Equities,423.0,395.0,7.088607594936709,0.020090385,0.018555125,8.274048275072253,0.153814193649495,1100,star-health-and-allied-insurance-company,Small Cap,Dec-2024
57781,87827,1,Bharat Dynamics Ltd.,Capital Goods,Other,Domestic Equities,177.0,170.0,4.117647058823529,0.019874445,0.01955,1.6595652173913036,0.152160933297507,1100,bharat-dynamics,Mid Cap,Dec-2024
152363,7424,1,SKF India Ltd.,Automobile & Ancillaries,Automobile & Ancillaries,Domestic Equities,44.0,43.0,2.3255813953488373,0.01970452,0.02152709,-8.466402100794863,0.150859968838344,1100,skf-india,Small Cap,Dec-2024
134667,88599,1,Macrotech Developers Ltd.,Realty,Realty,Domestic Equities,139.0,126.0,10.317460317460316,0.01931266,0.01579032,22.30695768040166,0.147859845648894,1100,macrotech-developers,Large Cap,Dec-2024
509,8487,1,K.P.R. Mill Ltd.,Textile,Textile,Domestic Equities,193.0,166.0,16.265060240963855,0.01918806,0.01624808,18.094322529184986,0.146905894366789,1100,kpr-mill,Small Cap,Dec-2024
196533,104025,1,Motherson Sumi Wiring India Ltd.,Iron & Steel,Iron & Steel,Domestic Equities,3264.0,3122.0,4.548366431774504,0.019009536,0.019977678,-4.846118753140384,0.145539095019386,1100,motherson-sumi-wiring-india,Small Cap,Dec-2024
152334,5218,1,Ambuja Cements Ltd.,Construction Materials,Construction Materials,Domestic Equities,336.0,274.0,22.62773722627737,0.01800288,0.0145631,23.619833689255728,0.137832026144278,1100,ambuja-cements,Large Cap,Dec-2024
133272,5382,1,ABB India Ltd.,Capital Goods,Capital Goods,Domestic Equities,26.0,24.0,8.333333333333332,0.01797185,0.017811,0.9030935938465064,0.137594457056929,1100,abb-india,Large Cap,Dec-2024
152386,5556,1,Glaxosmithkline Pharmaceuticals Ltd.,Healthcare,Healthcare,Domestic Equities,79.0,76.0,3.947368421052632,0.017789615,0.01857744,-4.2407619133745005,0.136199245886027,1100,glaxosmithkline-pharmaceuticals,Mid Cap,Dec-2024
133599,5561,1,Punjab National Bank,Bank,Banking,Domestic Equities,1727.0,1346.0,28.306092124814263,0.017750106,0.01411954,25.713061473674088,0.135896760643614,1100,punjab-national-bank,Large Cap,Dec-2024
171942,7813,1,Jindal Steel & Power Ltd.,Iron & Steel,Iron & Steel,Domestic Equities,190.0,172.0,10.465116279069768,0.0176833,0.01559094,13.42035823369213,0.135385286571766,1100,jindal-steel-power,Mid Cap,Dec-2024
171405,6966,1,Poonawalla Fincorp Ltd.,Finance,Finance,Domestic Equities,561.0,533.0,5.253283302063791,0.017635035,0.018892185,-6.6543388178762815,0.135015764431872,1100,poonawalla-fincorp,Small Cap,Dec-2024
102429,100653,1,Global Health Ltd.,Healthcare,Healthcare,Domestic Equities,160.0,153.0,4.57516339869281,0.017256,0.016449795,4.901003325573357,0.132113830850712,1100,global-health,Small Cap,Dec-2024
114697,5402,1,JSW Energy Ltd.,Power,Power,Domestic Equities,267.0,242.0,10.330578512396697,0.017158755,0.01584253,8.308174262570448,0.131369312452411,1100,jsw-energy,Large Cap,Dec-2024
13,7543,1,Tata Investment Corporation Ltd.,Finance,Finance,Domestic Equities,25.0,24.0,4.166666666666666,0.017123,0.0159432,7.400020071252947,0.131095568246218,1100,tata-investment-corporation,Mid Cap,Dec-2024
19128,7053,1,Grindwell Norton Ltd.,Abrasives,Abrasives,Domestic Equities,89.0,85.0,4.705882352941177,0.01708711,0.017867,-4.364974534057193,0.130820790465201,1100,grindwell-norton,Small Cap,Dec-2024
133614,6833,1,Canara Bank,Bank,Banking,Domestic Equities,1689.0,1531.0,10.32005225342913,0.016910268,0.015617731,8.276086968074942,0.129466868694495,1100,canara-bank,Mid Cap,Dec-2024
113787,7539,1,Honeywell Automation India Ltd.,Consumer Durables,Consumer Durables,Domestic Equities,4.0,4.0,0.0,0.01678242,0.0163340599999999,2.744939102709314,0.128488050367733,1100,honeywell-automation-india,Mid Cap,Dec-2024
137768,15760,1,Gujarat Gas Ltd.,Gas Transmission,Gas Transmission,Domestic Equities,332.0,318.0,4.40251572327044,0.01655684,0.01525605,8.526387892016599,0.126760985117194,1100,gujarat-gas,Mid Cap,Dec-2024
78882,109773,1,JSW Infrastructure Ltd.,Logistics,Logistics,Domestic Equities,520.0,489.0,6.339468302658487,0.016536,0.015234795,8.541007607913324,0.126601431788791,1100,jsw-infrastructure,Mid Cap,Dec-2024
84351,88646,1,Adani Green Energy Ltd.,Power,Power,Domestic Equities,153.0,164.0,-6.707317073170732,0.01592271,0.02171196,-26.66387557825273,0.121906016204505,1100,adani-green-energy,Large Cap,Dec-2024
133645,6755,1,Bank Of Maharashtra,Bank,Banking,Domestic Equities,3028.0,2897.0,4.521919226786331,0.015803132,0.016521591,-4.34860662027041,0.120990513905857,1100,bank-of-maharashtra,Mid Cap,Dec-2024
152331,7581,1,Torrent Pharmaceuticals Ltd.,Healthcare,Healthcare,Domestic Equities,47.0,42.0,11.904761904761903,0.0157922349999999,0.0139616399999999,13.11160436739523,0.120907085277277,1100,torrent-pharmaceuticals,Large Cap,Dec-2024
171853,7249,1,NLC India Ltd.,Power,Power,Domestic Equities,628.0,601.0,4.492512479201332,0.01562464,0.015556885,0.4355306348282477,0.119623959553968,1100,nlc-india,Mid Cap,Dec-2024
152308,5173,1,Shree Cement Ltd.,Construction Materials,Construction Materials,Domestic Equities,6.0,6.0,0.0,0.01541652,0.01564587,-1.4658820506625665,0.11803056998068,1100,shree-cement,Mid Cap,Dec-2024
152064,6806,1,3M India Ltd.,Diversified,Diversified,Domestic Equities,5.0,5.0,0.0,0.015196575,0.01612265,-5.7439378762176165,0.11634664690891,1100,3m-india,Mid Cap,Dec-2024
171799,4956,1,Dabur India Ltd.,FMCG,Fast Moving Consumer Goods,Domestic Equities,296.0,268.0,10.44776119402985,0.0150072,0.01412762,6.225960211274084,0.114896771113978,1100,dabur-india,Large Cap,Dec-2024
133342,5963,1,Bharat Heavy Electricals Ltd.,Capital Goods,Capital Goods,Domestic Equities,643.0,584.0,10.102739726027398,0.01475042,0.014663656,0.5916941859519834,0.112930835237422,1100,bharat-heavy-electricals,Mid Cap,Dec-2024
139932,15713,1,Adani Energy Solutions Ltd.,Power,Power,Domestic Equities,181.0,166.0,9.036144578313252,0.01459222,0.0139522999999999,4.586483948882983,0.111719638665761,1100,adani-energy-solutions,Large Cap,Dec-2024
171394,82477,1,Endurance Technologies Ltd.,Automobile & Ancillaries,Automobile & Ancillaries,Domestic Equities,67.0,65.0,3.076923076923077,0.0144053349999999,0.01526265,-5.617078292432839,0.110288826584251,1100,endurance-technologies,Mid Cap,Dec-2024
1840,4901,1,SJVN Ltd.,Power,Power,Domestic Equities,1376.0,1317.0,4.479878511769172,0.014366816,0.015131013,-5.050534290070333,0.109993920890548,1100,sjvn,Mid Cap,Dec-2024
133387,5868,1,Godrej Industries Ltd.,Chemicals,Chemicals,Domestic Equities,122.0,121.0,0.8264462809917356,0.01422764,0.01302081,9.268471009100038,0.108928374151879,1100,godrej-industries,Mid Cap,Dec-2024
152374,6232,1,Bosch Ltd.,Automobile & Ancillaries,Automobile & Ancillaries,Domestic Equities,4.0,4.0,0.0,0.01364008,0.0139864799999999,-2.476677477106448,0.104429950272959,1100,bosch,Large Cap,Dec-2024
58145,71025,1,Indian Railway Finance Corporation Ltd.,Finance,Finance,Domestic Equities,895.0,811.0,10.35758323057953,0.01333908,0.012111474,10.135892625455838,0.102125461220683,1100,indian-railway-finance-corporation,Large Cap,Dec-2024
19174,6780,1,Bayer CropScience Ltd.,Chemicals,Chemicals,Domestic Equities,24.0,23.0,4.3478260869565215,0.0133222799999999,0.01309229,1.7566827499238096,0.101996838575905,1100,bayer-cropscience,Small Cap,Dec-2024
19510,6302,1,ZF Commercial Vehicle Control Systems India Ltd.,Automobile & Ancillaries,Automobile & Ancillaries,Domestic Equities,11.0,11.0,0.0,0.013248345,0.01373196,-3.52182062866482,0.101430784097234,1100,zf-commercial-vehicle-control-systems-india,Small Cap,Dec-2024
153586,8183,1,NHPC Ltd.,Power,Power,Domestic Equities,1585.0,1430.0,10.839160839160838,0.0127893649999999,0.01164592,9.818417093711776,0.0979167828174556,1100,nhpc,Mid Cap,Dec-2024
57620,82559,1,ICICI Prudential Life Insurance Company Ltd.,Insurance,Finance,Domestic Equities,195.0,176.0,10.795454545454543,0.012769575,0.01231384,3.700998226385914,0.0977652684043509,1100,icici-prudential-life-insurance-company,Large Cap,Dec-2024
171968,4931,1,Zydus Lifesciences Ltd.,Healthcare,Healthcare,Domestic Equities,125.0,114.0,9.649122807017545,0.01214625,0.01101183,10.301829941072468,0.0929930237581397,1100,zydus-lifesciences,Large Cap,Dec-2024
114652,92620,1,Indian Railway Catering And Tourism Corporation Ltd.,Hospitality,Hospitality,Domestic Equities,151.0,137.0,10.218978102189782,0.0118821899999999,0.011178515,6.294888006143921,0.0909713514021801,1100,indian-railway-catering-and-tourism-corporation,Mid Cap,Dec-2024
555,5663,1,The Fertilisers And Chemicals Travancore Ltd.,Chemicals,Chemicals,Domestic Equities,119.0,115.0,3.4782608695652173,0.01167271,0.01153565,1.1881428441396884,0.0893675495195533,1100,the-fertilisers-and-chemicals-travancore,Mid Cap,Dec-2024
133608,7612,1,Union Bank Of India,Bank,Banking,Domestic Equities,968.0,877.0,10.376282782212089,0.0116518159999999,0.010666074,9.241844749998904,0.0892075827612203,1100,union-bank-of-india,Mid Cap,Dec-2024
152532,6617,1,Sun TV Network Ltd.,Media & Entertainment,Media & Entertainment,Domestic Equities,163.0,156.0,4.487179487179487,0.011138605,0.01183104,-5.852697649572651,0.0852783829904319,1100,sun-tv-network,Small Cap,Dec-2024
97125,90518,1,Adani Total Gas Ltd.,Gas Transmission,Gas Transmission,Domestic Equities,138.0,126.0,9.523809523809524,0.01050249,0.01023561,2.6073678070969923,0.0804082166997735,1100,adani-total-gas,Mid Cap,Dec-2024
58155,95800,1,Life Insurance Corporation of India,Insurance,Finance,Domestic Equities,111.0,101.0,9.9009900990099,0.0099012,0.00995355,-0.5259430052594289,0.0758046744331866,1100,life-insurance-corporation-of-india,Large Cap,Dec-2024
58164,86911,1,The New India Assurance Company Ltd.,Insurance,Finance,Domestic Equities,463.0,443.0,4.514672686230249,0.009376676,0.008612363,8.874602707758614,0.0717888610921378,1100,the-new-india-assurance-company,Mid Cap,Dec-2024
57345,99844,1,AWL Agri Business Ltd.,FMCG,Fast Moving Consumer Goods,Domestic Equities,304.0,291.0,4.4673539518900345,0.00936472,0.009127215,2.6021628722452586,0.0716973246432706,1100,awl-agri-business,Mid Cap,Dec-2024
133909,100034,1,Metro Brands Ltd.,Retailing,Retailing,Domestic Equities,71.0,57.0,24.561403508771928,0.008639635,0.007042635,22.676171631782697,0.0661459942629746,1100,metro-brands,Mid Cap,Dec-2024
133353,4920,1,IDBI Bank Ltd.,Bank,Banking,Domestic Equities,1080.0,1034.0,4.448742746615087,0.00826092,0.008477766,-2.557820067220532,0.0632465106369531,1100,idbi-bank,Mid Cap,Dec-2024
133551,7167,1,Indian Overseas Bank,Bank,Banking,Domestic Equities,1320.0,1263.0,4.513064133016627,0.0068323199999999,0.006798729,0.4940776430418021,0.0523089921649244,1100,indian-overseas-bank,Large Cap,Dec-2024
171883,5324,1,Mangalore Refinery And Petrochemicals Ltd.,Crude Oil,Crude Oil,Domestic Equities,352.0,337.0,4.451038575667656,0.005224032,0.005208672,0.2948928248889509,0.0399957626336756,1100,mangalore-refinery-and-petrochemicals,Small Cap,Dec-2024
171875,5051,1,HDFC Bank Ltd.,Bank,Banking,Domestic Equities,4122.0,3815.0,8.047182175622543,0.70022475,0.676342275,3.5311226109590823,5.14318717253715,1100,hdfc-bank,Large Cap,Jan-2025
171888,8748,1,ICICI Bank Ltd.,Bank,Banking,Domestic Equities,3824.0,3540.0,8.022598870056497,0.47907072,0.4537041,5.591005238877056,3.51879933098928,1100,icici-bank,Large Cap,Jan-2025
171531,4897,1,Reliance Industries Ltd.,Crude Oil,Crude Oil,Domestic Equities,3679.0,3406.0,8.015267175572518,0.4654302899999999,0.41398227,12.427590196072886,3.41860966388041,1100,reliance-industries,Large Cap,Jan-2025
171889,4926,1,Infosys Ltd.,IT,Information Technology,Domestic Equities,1952.0,1807.0,8.024349750968456,0.36693696,0.339716,8.01285779886729,2.69517103730163,1100,infosys,Large Cap,Jan-2025
133593,6508,1,Bharti Airtel Ltd.,Telecom,Telecom,Domestic Equities,1453.0,1345.0,8.029739776951674,0.23630139,0.213552375,10.65266307621256,1.73564598780705,1100,bharti-airtel,Large Cap,Jan-2025
152372,4964,1,Larsen & Toubro Ltd.,Infrastructure,Infrastructure,Domestic Equities,638.0,590.0,8.135593220338983,0.22760012,0.21285135,6.929140923935879,1.67173470753771,1100,larsen-toubro,Large Cap,Jan-2025
171915,6797,1,Tata Consultancy Services Ltd.,IT,Information Technology,Domestic Equities,553.0,512.0,8.0078125,0.22741572,0.20965376,8.47204457482662,1.67038027995626,1100,tata-consultancy-services,Large Cap,Jan-2025
152408,5535,1,ITC Ltd.,FMCG,Fast Moving Consumer Goods,Domestic Equities,5039.0,4664.0,8.040308747855917,0.2254952499999999,0.22557436,-0.0350704752082639,1.65627432801834,1100,itc,Large Cap,Jan-2025
77009,96064,1,Max Healthcare Institute Ltd.,Healthcare,Healthcare,Domestic Equities,1545.0,1430.0,8.041958041958042,0.163963125,0.16132545,1.6350024128245118,1.20431767267453,1100,max-healthcare-institute,Mid Cap,Jan-2025
133350,8843,1,State Bank Of India,Bank,Banking,Domestic Equities,2086.0,1930.0,8.082901554404145,0.1612269399999999,0.15342535,5.084941960373559,1.18422025167693,1100,state-bank-of-india,Large Cap,Jan-2025
171400,5889,1,Axis Bank Ltd.,Bank,Banking,Domestic Equities,1545.0,1430.0,8.041958041958042,0.15235245,0.1522521,0.0659104209400082,1.11903666150705,1100,axis-bank,Large Cap,Jan-2025
171492,5886,1,Kotak Mahindra Bank Ltd.,Bank,Banking,Domestic Equities,795.0,736.0,8.016304347826086,0.15115335,0.13145328,14.986366258795528,1.11022920970162,1100,kotak-mahindra-bank,Large Cap,Jan-2025
76200,82667,1,BSE Ltd.,Finance,Finance,Domestic Equities,282.0,261.0,8.045977011494253,0.1496277899999999,0.1389929399999999,7.651359846046857,1.09902389223329,1100,bse,Mid Cap,Jan-2025
171656,5311,1,Mahindra & Mahindra Ltd.,Automobile & Ancillaries,Automobile & Ancillaries,Domestic Equities,479.0,444.0,7.882882882882883,0.143213815,0.13351524,7.264020946223066,1.05191291258715,1100,mahindra-mahindra,Large Cap,Jan-2025
152473,5056,1,Suzlon Energy Ltd.,Capital Goods,Capital Goods,Domestic Equities,24497.0,22847.0,7.221954742416948,0.142499049,0.1421540339999999,0.2427050364254951,1.0466629191778,1100,suzlon-energy,Mid Cap,Jan-2025
152406,5107,1,The Indian Hotels Company Ltd.,Hospitality,Hospitality,Domestic Equities,1831.0,1694.0,8.087367178276269,0.14001657,0.14865697,-5.81230735430704,1.0284289819328,1100,the-indian-hotels-company,Mid Cap,Jan-2025
95548,5980,1,Persistent Systems Ltd.,IT,Information Technology,Domestic Equities,219.0,203.0,7.881773399014778,0.13211394,0.13109131,0.7800898472980449,0.970383753960914,1100,persistent-systems,Mid Cap,Jan-2025
171484,6114,1,Bajaj Finance Ltd.,Finance,Finance,Domestic Equities,151.0,140.0,7.857142857142857,0.11906501,0.095522,24.646688720922945,0.874538685086477,1100,bajaj-finance,Large Cap,Jan-2025
171717,5016,1,Hindustan Unilever Ltd.,FMCG,Fast Moving Consumer Goods,Domestic Equities,481.0,445.0,8.089887640449438,0.11874928,0.103544825,14.683935194250422,0.872219631831097,1100,hindustan-unilever,Large Cap,Jan-2025
157113,99763,1,PB Fintech Ltd.,IT,Information Technology,Domestic Equities,687.0,636.0,8.018867924528301,0.11863116,0.13412286,-11.550380002335174,0.871352034293563,1100,pb-fintech,Mid Cap,Jan-2025
57445,86554,1,Dixon Technologies (India) Ltd.,Consumer Durables,Consumer Durables,Domestic Equities,79.0,73.0,8.21917808219178,0.1183890049999999,0.13093499,-9.581842867212195,0.869573393236152,1100,dixon-technologies-india,Mid Cap,Jan-2025
133657,7260,1,Coforge Ltd.,IT,Information Technology,Domestic Equities,138.0,128.0,7.8125,0.11404113,0.1236857599999999,-7.797688270662674,0.837638025444889,1100,coforge,Mid Cap,Jan-2025
152211,6247,1,Lupin Ltd.,Healthcare,Healthcare,Domestic Equities,502.0,464.0,8.189655172413794,0.10443859,0.10930448,-4.451683956595378,0.767106870195414,1100,lupin,Mid Cap,Jan-2025
420,5071,1,Sun Pharmaceutical Industries Ltd.,Healthcare,Healthcare,Domestic Equities,585.0,541.0,8.133086876155268,0.102021075,0.102051535,-0.0298476647117501,0.749350096905958,1100,sun-pharmaceutical-industries,Large Cap,Jan-2025
171528,8219,1,HCL Technologies Ltd.,IT,Information Technology,Domestic Equities,573.0,531.0,7.909604519774012,0.098868285,0.1018139399999999,-2.893174549575423,0.726192690536498,1100,hcl-technologies,Large Cap,Jan-2025
171685,5596,1,The Federal Bank Ltd.,Bank,Banking,Domestic Equities,5096.0,4717.0,8.034767860928556,0.095402216,0.094349434,1.11583287293489,0.700734233634013,1100,the-federal-bank,Mid Cap,Jan-2025
38803,5403,1,Indus Towers Ltd.,Telecom,Telecom,Domestic Equities,2585.0,2392.0,8.068561872909699,0.0897512,0.08175856,9.775906033570074,0.659227227486341,1100,indus-towers,Large Cap,Jan-2025
133625,7239,1,Maruti Suzuki India Ltd.,Automobile & Ancillaries,Automobile & Ancillaries,Domestic Equities,71.0,66.0,7.575757575757576,0.087405615,0.07166544,21.96341081558977,0.641998783784378,1100,maruti-suzuki-india,Large Cap,Jan-2025
165,7447,1,SRF Ltd.,Chemicals,Chemicals,Domestic Equities,301.0,279.0,7.885304659498208,0.0845764849999999,0.062438805,35.45500270224581,0.621218676932343,1100,srf,Mid Cap,Jan-2025
133334,5159,1,CG Power and Industrial Solutions Ltd.,Capital Goods,Capital Goods,Domestic Equities,1331.0,1232.0,8.035714285714286,0.084498535,0.0896896,-5.787811518838299,0.620646130132048,1100,cg-power-and-industrial-solutions,Large Cap,Jan-2025
133664,7760,1,NTPC Ltd.,Power,Power,Domestic Equities,2566.0,2375.0,8.042105263157895,0.0831384,0.079170625,5.011675732002882,0.610655867884222,1100,ntpc,Large Cap,Jan-2025
156921,98676,1,Eternal Ltd.,Retailing,Information Technology,Domestic Equities,3757.0,3478.0,8.021851638872915,0.082785495,0.09670579,-14.394479379156094,0.608063762322223,1100,eternal,Large Cap,Jan-2025
171877,6125,1,Cummins India Ltd.,Automobile & Ancillaries,Automobile & Ancillaries,Domestic Equities,282.0,261.0,8.045977011494253,0.08217621,0.0854514,-3.832810228972265,0.603588532338679,1100,cummins-india,Large Cap,Jan-2025
7737,15826,1,IDFC First Bank Ltd.,Bank,Banking,Domestic Equities,12890.0,11931.0,8.037884502556365,0.08151636,0.075332334,8.20899296708369,0.598741899802771,1100,idfc-first-bank,Mid Cap,Jan-2025
152378,5539,1,Tata Motors Ltd.,Automobile & Ancillaries,Automobile & Ancillaries,Domestic Equities,1136.0,1051.0,8.087535680304473,0.08134896,0.077789765,4.575402689544052,0.597512338104641,1100,tata-motors,Large Cap,Jan-2025
114530,88033,1,HDFC Asset Management Company Ltd.,Finance,Finance,Domestic Equities,210.0,195.0,7.6923076923076925,0.0812679,0.081881475,-0.7493453189503454,0.59691694819275,1100,hdfc-asset-management-company,Mid Cap,Jan-2025
171461,6050,1,Titan Company Ltd.,Diamond  &  Jewellery,Diamond & Jewellery,Domestic Equities,224.0,207.0,8.212560386473431,0.0781816,0.067340205,16.099438663722513,0.574247914328121,1100,titan-company,Large Cap,Jan-2025
171820,5969,1,Colgate-Palmolive (India) Ltd.,FMCG,Fast Moving Consumer Goods,Domestic Equities,275.0,255.0,7.84313725490196,0.077592625,0.068356575,13.511575148403796,0.569921862349889,1100,colgate-palmolive-india,Mid Cap,Jan-2025
152455,7030,1,Yes Bank Ltd.,Bank,Banking,Domestic Equities,39214.0,36295.0,8.042430086788814,0.0754085219999999,0.0711019049999999,6.056964296526232,0.553879512328556,1100,yes-bank,Mid Cap,Jan-2025
517,7825,1,Power Grid Corporation Of India Ltd.,Power,Power,Domestic Equities,2455.0,2272.0,8.054577464788732,0.074055075,0.07013664,5.586858737458757,0.543938373788239,1100,power-grid-corporation-of-india,Large Cap,Jan-2025
101370,86936,1,Tube Investments of India Ltd.,Automobile & Ancillaries,Automobile & Ancillaries,Domestic Equities,222.0,205.0,8.292682926829269,0.07375062,0.073313125,0.5967485358181044,0.54170213599371,1100,tube-investments-of-india,Mid Cap,Jan-2025
171327,5699,1,Marico Ltd.,FMCG,Fast Moving Consumer Goods,Domestic Equities,1097.0,1015.0,8.078817733990148,0.073570305,0.06490925,13.343329340579343,0.540377712949514,1100,marico,Mid Cap,Jan-2025
171946,6864,1,Godrej Properties Ltd.,Realty,Realty,Domestic Equities,313.0,290.0,7.931034482758621,0.072911785,0.0808085,-9.772134119554252,0.535540849332713,1100,godrej-properties,Mid Cap,Jan-2025
171365,5279,1,Hindustan Petroleum Corporation Ltd.,Crude Oil,Crude Oil,Domestic Equities,1998.0,1849.0,8.058409951325041,0.07157835,0.075577875,-5.291925712386059,0.525746699972222,1100,hindustan-petroleum-corporation,Mid Cap,Jan-2025
133654,6850,1,Ultratech Cement Ltd.,Construction Materials,Construction Materials,Domestic Equities,61.0,57.0,7.017543859649122,0.070073445,0.065130195,7.589797635336419,0.514693094552124,1100,ultratech-cement,Large Cap,Jan-2025
141614,85778,1,AU Small Finance Bank Ltd.,Bank,Banking,Domestic Equities,1166.0,1080.0,7.962962962962964,0.07007077,0.0603828,16.044254324079034,0.51467344653813,1100,au-small-finance-bank,Mid Cap,Jan-2025
152636,5140,1,Fortis Healthcare Ltd.,Healthcare,Healthcare,Domestic Equities,1083.0,1003.0,7.976071784646062,0.06933366,0.072200955,-3.971270186107647,0.50925933528778,1100,fortis-healthcare,Mid Cap,Jan-2025
152205,8185,1,Trent Ltd.,Retailing,Retailing,Domestic Equities,120.0,111.0,8.108108108108109,0.0690384,0.079069185,-12.686086242067626,0.507090635246024,1100,trent,Large Cap,Jan-2025
171465,6543,1,Aurobindo Pharma Ltd.,Healthcare,Healthcare,Domestic Equities,581.0,538.0,7.992565055762081,0.06808739,0.0717961,-5.165614845374612,0.500105417381396,1100,aurobindo-pharma,Mid Cap,Jan-2025
19255,6350,1,Mphasis Ltd.,IT,Information Technology,Domestic Equities,235.0,217.0,8.294930875576037,0.067396825,0.06178424,9.084169360989147,0.495033181574531,1100,mphasis,Mid Cap,Jan-2025
152369,6790,1,Bharat Forge Ltd.,Automobile & Ancillaries,Automobile & Ancillaries,Domestic Equities,544.0,503.0,8.151093439363818,0.06658832,0.06536485,1.8717552323611304,0.489094670339486,1100,bharat-forge,Mid Cap,Jan-2025
599,7495,1,Sundaram Finance Ltd.,Finance,Finance,Domestic Equities,143.0,132.0,8.333333333333332,0.0660231,0.05469684,20.70733885175085,0.484943100070566,1100,sundaram-finance,Mid Cap,Jan-2025
171659,5756,1,Ashok Leyland Ltd.,Automobile & Ancillaries,Automobile & Ancillaries,Domestic Equities,2979.0,2757.0,8.052230685527748,0.064593657,0.06079185,6.253810338063415,0.474443766961485,1100,ashok-leyland,Mid Cap,Jan-2025
122,5767,1,The Phoenix Mills Ltd.,Realty,Realty,Domestic Equities,387.0,359.0,7.799442896935933,0.06353766,0.0586606,8.314030200850318,0.466687414126717,1100,the-phoenix-mills,Mid Cap,Jan-2025
171635,7381,1,UPL Ltd.,Chemicals,Chemicals,Domestic Equities,1052.0,974.0,8.008213552361395,0.0635145,0.0487974,30.159598667142102,0.466517302723319,1100,upl,Mid Cap,Jan-2025
134131,90516,1,Polycab India Ltd.,Electricals,Electricals,Domestic Equities,104.0,96.0,8.333333333333332,0.0627946799999999,0.06981456,-10.05503723005631,0.46123018742136,1100,polycab-india,Large Cap,Jan-2025
152362,5226,1,Tata Steel Ltd.,Iron & Steel,Iron & Steel,Domestic Equities,4491.0,4157.0,8.034640365648304,0.060457842,0.057387385,5.350404100134546,0.444065990888893,1100,tata-steel,Large Cap,Jan-2025
152379,5838,1,Voltas Ltd.,Consumer Durables,Consumer Durables,Domestic Equities,475.0,439.0,8.200455580865604,0.059890375,0.078578805,-23.783041750253137,0.43989791628822,1100,voltas,Mid Cap,Jan-2025
152222,5634,1,Max Financial Services Ltd.,Finance,Finance,Domestic Equities,536.0,496.0,8.064516129032258,0.0598041999999999,0.05524944,8.243993061287137,0.439264956435553,1100,max-financial-services,Mid Cap,Jan-2025
152118,7308,1,PI Industries Ltd.,Chemicals,Chemicals,Domestic Equities,168.0,156.0,7.6923076923076925,0.0585269999999999,0.05749614,1.792920359523254,0.429883856072042,1100,pi-industries,Mid Cap,Jan-2025
152574,8059,1,Torrent Power Ltd.,Power,Power,Domestic Equities,395.0,366.0,7.923497267759563,0.057806275,0.05438577,6.289338185337804,0.424590093498059,1100,torrent-power,Mid Cap,Jan-2025
171369,7531,1,Tech Mahindra Ltd.,IT,Information Technology,Domestic Equities,344.0,318.0,8.176100628930817,0.05760108,0.05425716,6.163094419243457,0.423082925561095,1100,tech-mahindra,Large Cap,Jan-2025
587,7648,1,APL Apollo Tubes Ltd.,Iron & Steel,Iron & Steel,Domestic Equities,376.0,348.0,8.045977011494253,0.0567590799999999,0.0545751,4.001788361358928,0.416898391810643,1100,apl-apollo-tubes,Mid Cap,Jan-2025
133309,5981,1,Bharat Electronics Ltd.,Capital Goods,Capital Goods,Domestic Equities,1938.0,1794.0,8.02675585284281,0.05671557,0.0525911099999999,7.84250417988896,0.416578808599857,1100,bharat-electronics,Large Cap,Jan-2025
171658,4978,1,Asian Paints Ltd.,Chemicals,Chemicals,Domestic Equities,245.0,226.0,8.4070796460177,0.0563696,0.05155851,9.331320862453165,0.414037640973202,1100,asian-paints,Large Cap,Jan-2025
756,88308,1,Rail Vikas Nigam Ltd.,Infrastructure,Infrastructure,Domestic Equities,1180.0,1093.0,7.959743824336687,0.0562033999999999,0.04620111,21.64945820565784,0.412816893337424,1100,rail-vikas-nigam,Large Cap,Jan-2025
96004,7992,1,Jubilant FoodWorks Ltd.,FMCG,Fast Moving Consumer Goods,Domestic Equities,794.0,734.0,8.174386920980927,0.05588966,0.05270854,6.035302818101207,0.410512456735445,1100,jubilant-foodworks,Mid Cap,Jan-2025
38931,15891,1,Alkem Laboratories Ltd.,Healthcare,Healthcare,Domestic Equities,110.0,102.0,7.84313725490196,0.05569355,0.05746578,-3.083974497518359,0.409072018595538,1100,alkem-laboratories,Mid Cap,Jan-2025
152256,5774,1,Oil & Natural Gas Corporation Ltd.,Crude Oil,Crude Oil,Domestic Equities,2102.0,1946.0,8.016443987667008,0.055200622,0.04655805,18.563002531248625,0.405451436822923,1100,oil-natural-gas-corporation,Large Cap,Jan-2025
152795,99590,1,One97 Communications Ltd.,IT,Information Technology,Domestic Equities,706.0,654.0,7.951070336391437,0.05476795,0.06656739,-17.725556011734874,0.402273438501218,1100,one97-communications,Mid Cap,Jan-2025
152551,7908,1,GMR Airports Ltd.,Infrastructure,Aviation,Domestic Equities,7459.0,6903.0,8.054469071418225,0.054204553,0.0542299679999999,-0.0468652314159493,0.398135258262022,1100,gmr-airports,Mid Cap,Jan-2025
171321,7864,1,Page Industries Ltd.,Textile,Textile,Domestic Equities,12.0,12.0,0.0,0.0536682599999999,0.05701728,-5.873693027797897,0.394196158311154,1100,page-industries,Mid Cap,Jan-2025
56674,5695,1,Supreme Industries Ltd.,Plastic Products,Plastic Products,Domestic Equities,134.0,124.0,8.064516129032258,0.05318192,0.0582868199999999,-8.75824071376685,0.390623965740852,1100,supreme-industries,Mid Cap,Jan-2025
707,8442,1,Bajaj Auto Ltd.,Automobile & Ancillaries,Automobile & Ancillaries,Domestic Equities,60.0,55.0,9.090909090909092,0.0530867999999999,0.0483923,9.700923494026943,0.389925304398402,1100,bajaj-auto,Large Cap,Jan-2025
1152,105806,1,Mankind Pharma Ltd.,Healthcare,Healthcare,Domestic Equities,216.0,200.0,8.0,0.05260464,0.057608,-8.685182613525898,0.386383814145293,1100,mankind-pharma,Mid Cap,Jan-2025
113892,8292,1,KEI Industries Ltd.,Electricals,Electricals,Domestic Equities,128.0,118.0,8.47457627118644,0.05150208,0.05235247,-1.6243550686338215,0.378285453656104,1100,kei-industries,Mid Cap,Jan-2025
171708,8443,1,Bajaj Finserv Ltd.,Finance,Finance,Domestic Equities,296.0,274.0,8.02919708029197,0.05138856,0.04296594,19.6030157841304,0.377451643357587,1100,bajaj-finserv,Large Cap,Jan-2025
171839,6306,1,Solar Industries India Ltd.,Chemicals,Chemicals,Domestic Equities,50.0,46.0,8.695652173913043,0.05097325,0.04500318,13.26588476636539,0.374401169828015,1100,solar-industries-india,Mid Cap,Jan-2025
152245,5078,1,Grasim Industries Ltd.,Diversified,Construction Materials,Domestic Equities,201.0,186.0,8.064516129032258,0.050427885,0.04543422,10.990977725599796,0.370395435565764,1100,grasim-industries,Large Cap,Jan-2025
77293,6578,1,Muthoot Finance Ltd.,Finance,Finance,Domestic Equities,223.0,206.0,8.25242718446602,0.05037124,0.04400469,14.467889672668983,0.369979375097481,1100,muthoot-finance,Mid Cap,Jan-2025
133642,6320,1,Petronet LNG Ltd.,Inds. Gases & Fuels,Industrials Gases & Fuels,Domestic Equities,1559.0,1443.0,8.038808038808039,0.04929558,0.04995666,-1.3233070425444744,0.36207859650602,1100,petronet-lng,Mid Cap,Jan-2025
133434,4968,1,JSW Steel Ltd.,Iron & Steel,Iron & Steel,Domestic Equities,520.0,481.0,8.108108108108109,0.0491399999999999,0.04336215,13.32463911498852,0.360935853322059,1100,jsw-steel,Large Cap,Jan-2025
152616,7532,1,Vodafone Idea Ltd.,Telecom,Telecom,Domestic Equities,53997.0,49979.0,8.039376538146021,0.048867285,0.039683326,23.143118094486336,0.358932747476745,1100,vodafone-idea,Mid Cap,Jan-2025
115643,7007,1,Coal India Ltd.,Mining,Mining,Domestic Equities,1229.0,1137.0,8.091468777484609,0.04865611,0.043677855,11.397663644425768,0.357381656129059,1100,coal-india,Large Cap,Jan-2025
77639,92991,1,SBI Cards And Payment Services Ltd.,Finance,Finance,Domestic Equities,622.0,576.0,7.986111111111111,0.04840404,0.03823776,26.58701764956944,0.355530188881463,1100,sbi-cards-and-payment-services,Mid Cap,Jan-2025
191600,99819,1,FSN E-Commerce Ventures Ltd.,Retailing,Information Technology,Domestic Equities,2833.0,2622.0,8.047292143401984,0.04784937,0.0429378719999999,11.43861530911454,0.351456108910723,1100,fsn-e-commerce-ventures,Mid Cap,Jan-2025
171511,5199,1,Wipro Ltd.,IT,Information Technology,Domestic Equities,1534.0,1420.0,8.028169014084508,0.04784546,0.0428627,11.624932633735153,0.351427389757559,1100,wipro,Large Cap,Jan-2025
123299,91366,1,KPIT Technologies Ltd.,IT,Information Technology,Domestic Equities,339.0,313.0,8.30670926517572,0.0477718799999999,0.04584511,4.202781932467819,0.35088694083433,1100,kpit-technologies,Mid Cap,Jan-2025
677,6026,1,Oil India Ltd.,Crude Oil,Crude Oil,Domestic Equities,1134.0,1049.0,8.102955195424213,0.04767903,0.0451856749999999,5.518020921453535,0.35020495275983,1100,oil-india,Mid Cap,Jan-2025
153260,8051,1,Prestige Estates Projects Ltd.,Realty,Realty,Domestic Equities,350.0,324.0,8.024691358024691,0.0475825,0.0548856,-13.306040199979584,0.349495934894116,1100,prestige-estates-projects,Mid Cap,Jan-2025
19275,7232,1,NMDC Ltd.,Mining,Mining,Domestic Equities,7188.0,6653.0,8.041485044340899,0.0475126799999999,0.043856576,8.336501235299345,0.348983103366258,1100,nmdc,Mid Cap,Jan-2025
1427,98308,1,Sona BLW Precision Forgings Ltd.,Automobile & Ancillaries,Automobile & Ancillaries,Domestic Equities,931.0,862.0,8.004640371229698,0.04695033,0.05127176,-8.428479927351837,0.344852613396464,1100,sona-blw-precision-forgings,Mid Cap,Jan-2025
152343,5043,1,Hindalco Industries Ltd.,Non - Ferrous Metals,Non - Ferrous Metals,Domestic Equities,787.0,729.0,7.956104252400549,0.04677141,0.043918605,6.495663967468908,0.343538436699753,1100,hindalco-industries,Large Cap,Jan-2025
79,7951,1,Balkrishna Industries Ltd.,Automobile & Ancillaries,Automobile & Ancillaries,Domestic Equities,167.0,154.0,8.441558441558442,0.046279875,0.04481554,3.2674715065354487,0.339928086584518,1100,balkrishna-industries,Mid Cap,Jan-2025
96486,15829,1,Interglobe Aviation Ltd.,Aviation,Aviation,Domestic Equities,106.0,98.0,8.16326530612245,0.04583811,0.04463165,2.7031489985245853,0.33668329970534,1100,interglobe-aviation,Large Cap,Jan-2025
152323,7533,1,Tata Elxsi Ltd.,IT,Information Technology,Domestic Equities,72.0,66.0,9.090909090909092,0.0456192,0.04485723,1.6986559357320912,0.335075394380742,1100,tata-elxsi,Mid Cap,Jan-2025
152238,8313,1,MRF Ltd.,Automobile & Ancillaries,Automobile & Ancillaries,Domestic Equities,4.0,4.0,0.0,0.045453,0.05225394,-13.01517167892028,0.333854646744964,1100,mrf,Mid Cap,Jan-2025
152400,5891,1,Nestle India Ltd.,FMCG,Fast Moving Consumer Goods,Domestic Equities,194.0,179.0,8.379888268156424,0.04487608,0.038843895,15.529300035436703,0.329617139368111,1100,nestle-india,Large Cap,Jan-2025
75891,5355,1,Container Corporation Of India Ltd.,Logistics,Logistics,Domestic Equities,573.0,530.0,8.11320754716981,0.04469973,0.041764,7.029331481658852,0.328321839454938,1100,container-corporation-of-india,Mid Cap,Jan-2025
171698,8307,1,Oracle Financial Services Software Ltd.,IT,Information Technology,Domestic Equities,49.0,45.0,8.88888888888889,0.044698045,0.057552525,-22.335214658262164,0.328309463042385,1100,oracle-financial-services-software,Mid Cap,Jan-2025
133630,5815,1,Jindal Stainless Ltd.,Iron & Steel,Iron & Steel,Domestic Equities,678.0,628.0,7.961783439490445,0.04429374,0.04390976,0.8744752874987229,0.325339821809634,1100,jindal-stainless,Mid Cap,Jan-2025
153691,5278,1,Oberoi Realty Ltd.,Realty,Realty,Domestic Equities,244.0,226.0,7.964601769911504,0.04422866,0.0522399,-15.335481116924033,0.324861805828067,1100,oberoi-realty,Mid Cap,Jan-2025
19182,5589,1,Coromandel International Ltd.,Chemicals,Chemicals,Domestic Equities,244.0,226.0,7.964601769911504,0.0441530199999999,0.04248687,3.921564473918631,0.324306226097801,1100,coromandel-international,Mid Cap,Jan-2025
133330,5128,1,Cipla Ltd.,Healthcare,Healthcare,Domestic Equities,297.0,275.0,8.0,0.0439381799999999,0.0420474999999999,4.496533682145188,0.322728215134681,1100,cipla,Large Cap,Jan-2025
539,7794,1,Adani Ports and Special Economic Zone Ltd.,Logistics,Logistics,Domestic Equities,399.0,369.0,8.130081300813007,0.0438640649999999,0.04542759,-3.4417960538958936,0.322183836608654,1100,adani-ports-and-special-economic-zone,Large Cap,Jan-2025
2469,110949,1,JIO Financial Services Ltd.,Finance,Finance,Domestic Equities,1778.0,1646.0,8.019441069258809,0.0429653699999999,0.04916602,-12.611657400782091,0.315582875137322,1100,jio-financial-services,Large Cap,Jan-2025
171336,8097,1,JK Cement Ltd.,Construction Materials,Construction Materials,Domestic Equities,87.0,80.0,8.75,0.042063195,0.0367632,14.41657690298995,0.308956352885168,1100,jk-cement,Mid Cap,Jan-2025
152296,7356,1,Patanjali Foods Ltd.,FMCG,Fast Moving Consumer Goods,Domestic Equities,228.0,211.0,8.056872037914692,0.04160088,0.037599145,10.64315425257676,0.305560625188209,1100,patanjali-foods,Mid Cap,Jan-2025
56728,7719,1,Shriram Finance Ltd.,Finance,Finance,Domestic Equities,757.0,140.0,440.7142857142857,0.0411618749999999,0.0404481,1.7646687977927182,0.30233611065244,1100,shriram-finance,Large Cap,Jan-2025
152608,7159,1,Indian Bank,Bank,Banking,Domestic Equities,734.0,680.0,7.941176470588235,0.0407920499999999,0.0360366,13.196167229982848,0.299619726811276,1100,indian-bank,Mid Cap,Jan-2025
352,7184,1,Ipca Laboratories Ltd.,Healthcare,Healthcare,Domestic Equities,282.0,261.0,8.045977011494253,0.04070106,0.0442447199999999,-8.00922686368,0.298951400533421,1100,ipca-laboratories,Mid Cap,Jan-2025
152242,5741,1,Vedanta Ltd.,Non - Ferrous Metals,Non - Ferrous Metals,Domestic Equities,918.0,850.0,8.0,0.04052052,0.03777825,7.258859264259191,0.297625324852535,1100,vedanta,Large Cap,Jan-2025
171585,5257,1,Dr. Reddy's Laboratories Ltd.,Healthcare,Healthcare,Domestic Equities,330.0,306.0,7.84313725490196,0.0401725499999999,0.0424881,-5.449878907270511,0.295069467121959,1100,dr-reddy's-laboratories,Large Cap,Jan-2025
134703,87891,1,Hindustan Aeronautics Ltd.,Capital Goods,Capital Goods,Domestic Equities,102.0,95.0,7.368421052631578,0.04015536,0.039694325,1.1614632570272974,0.294943205678764,1100,hindustan-aeronautics,Large Cap,Jan-2025
171444,98250,1,Kalyan Jewellers India Ltd.,Diamond  &  Jewellery,Diamond & Jewellery,Domestic Equities,797.0,738.0,7.994579945799458,0.04009707,0.05654925,-29.09354235467315,0.294515062600007,1100,kalyan-jewellers-india,Mid Cap,Jan-2025
171509,5522,1,Tata Communications Ltd.,Telecom,Telecom,Domestic Equities,244.0,226.0,7.964601769911504,0.0398452,0.03849684,3.502521245899662,0.292665064362802,1100,tata-communications,Mid Cap,Jan-2025
38605,83193,1,Varun Beverages Ltd.,FMCG,Fast Moving Consumer Goods,Domestic Equities,726.0,672.0,8.035714285714286,0.03896805,0.0429072,-9.180627027631733,0.286222352035952,1100,varun-beverages,Large Cap,Jan-2025
171434,4916,1,Astral Ltd.,Plastic Products,Plastic Products,Domestic Equities,257.0,237.0,8.438818565400844,0.03873761,0.039158325,-1.07439478067563,0.284529758262253,1100,astral,Mid Cap,Jan-2025
171572,5156,1,Eicher Motors Ltd.,Automobile & Ancillaries,Automobile & Ancillaries,Domestic Equities,74.0,69.0,7.246376811594203,0.03843782,0.03327111,15.52911820495319,0.282327785135118,1100,eicher-motors,Large Cap,Jan-2025
171462,6372,1,Divi's Laboratories Ltd.,Healthcare,Healthcare,Domestic Equities,68.0,63.0,7.936507936507936,0.03792836,0.03842244,-1.285915209965846,0.278585774963497,1100,divi's-laboratories,Large Cap,Jan-2025
152207,5372,1,LIC Housing Finance Ltd.,Finance,Finance,Domestic Equities,625.0,578.0,8.131487889273355,0.03738125,0.03456729,8.14052822769734,0.274567223585576,1100,lic-housing-finance,Mid Cap,Jan-2025
58168,86912,1,HDFC Life Insurance Company Ltd.,Insurance,Finance,Domestic Equities,579.0,536.0,8.022388059701493,0.036943095,0.03307388,11.698703024864338,0.271348952343974,1100,hdfc-life-insurance-company,Large Cap,Jan-2025
38020,6672,1,Apollo Hospitals Enterprise Ltd.,Healthcare,Healthcare,Domestic Equities,54.0,50.0,8.0,0.0367767,0.03648175,0.8084864349983163,0.270126772423064,1100,apollo-hospitals-enterprise,Mid Cap,Jan-2025
152401,5684,1,Tata Consumer Products Ltd.,Agri,Agriculture,Domestic Equities,352.0,326.0,7.975460122699387,0.03606768,0.02981922,20.95447164613965,0.264918983682274,1100,tata-consumer-products,Large Cap,Jan-2025
152907,86648,1,SBI Life Insurance Company Ltd.,Insurance,Finance,Domestic Equities,242.0,224.0,8.035714285714286,0.03590312,0.03114496,15.27746383363472,0.263710281931711,1100,sbi-life-insurance-company,Large Cap,Jan-2025
114442,5285,1,IndusInd Bank Ltd.,Bank,Banking,Domestic Equities,358.0,331.0,8.157099697885197,0.03548496,0.031780965,11.65475938191304,0.260638875004052,1100,indusind-bank,Mid Cap,Jan-2025
171886,6139,1,Exide Industries Ltd.,Automobile & Ancillaries,Automobile & Ancillaries,Domestic Equities,946.0,876.0,7.9908675799086755,0.0354277,0.03648978,-2.9106231936723126,0.260218297328814,1100,exide-industries,Mid Cap,Jan-2025
171840,6541,1,UNO Minda Ltd.,Automobile & Ancillaries,Automobile & Ancillaries,Domestic Equities,371.0,344.0,7.848837209302325,0.03508176,0.03623008,-3.169521016790463,0.257677350053717,1100,uno-minda,Mid Cap,Jan-2025
152519,8782,1,Mahindra & Mahindra Financial Services Ltd.,Finance,Finance,Domestic Equities,1230.0,1139.0,7.989464442493416,0.03504885,0.030177805,16.141150756325704,0.257435624393709,1100,mahindra-mahindra-financial-services,Mid Cap,Jan-2025
46521,101004,1,Delhivery Ltd.,Logistics,Logistics,Domestic Equities,1060.0,981.0,8.053007135575942,0.0340313,0.033957315,0.2178764722711399,0.249961666771652,1100,delhivery,Small Cap,Jan-2025
133643,6434,1,Biocon Ltd.,Healthcare,Healthcare,Domestic Equities,936.0,866.0,8.083140877598153,0.03393468,0.03163931,7.254804229295775,0.249251987851262,1100,biocon,Mid Cap,Jan-2025
171333,7587,1,United Breweries Ltd.,Alcohol,Alcohol,Domestic Equities,156.0,144.0,8.333333333333332,0.0334776,0.0293328,14.130256913762077,0.245894711501314,1100,united-breweries,Mid Cap,Jan-2025
152316,5915,1,Tata Power Company Ltd.,Power,Power,Domestic Equities,915.0,846.0,8.156028368794328,0.03335175,0.03319704,0.4660355260589435,0.244970336712128,1100,tata-power-company,Large Cap,Jan-2025
152604,5456,1,Power Finance Corporation Ltd.,Finance,Finance,Domestic Equities,788.0,729.0,8.093278463648835,0.0332929999999999,0.03269565,1.8270014512633903,0.244538814909469,1100,power-finance-corporation,Large Cap,Jan-2025
19183,6082,1,Deepak Nitrite Ltd.,Chemicals,Chemicals,Domestic Equities,142.0,132.0,7.575757575757576,0.03302352,0.03292476,0.2999566283854392,0.242559470307246,1100,deepak-nitrite,Mid Cap,Jan-2025
152572,7512,1,Info Edge (India) Ltd.,IT,Information Technology,Domestic Equities,42.0,39.0,7.6923076923076925,0.03243954,0.033841275,-4.142086845132163,0.238270106863554,1100,info-edge-india,Large Cap,Jan-2025
171628,5788,1,Britannia Industries Ltd.,FMCG,Fast Moving Consumer Goods,Domestic Equities,63.0,59.0,6.779661016949152,0.0323167949999999,0.028100225,15.005467038075308,0.237368538460705,1100,britannia-industries,Large Cap,Jan-2025
133351,5368,1,Steel Authority Of India Ltd.,Iron & Steel,Iron & Steel,Domestic Equities,3006.0,2782.0,8.05176132278936,0.032293458,0.031472766,2.607625907427388,0.237197126983111,1100,steel-authority-of-india,Mid Cap,Jan-2025
152397,5267,1,Tata Chemicals Ltd.,Chemicals,Chemicals,Domestic Equities,325.0,301.0,7.973421926910299,0.03204825,0.03167122,1.1904498784701076,0.235396061482065,1100,tata-chemicals,Small Cap,Jan-2025
134830,88309,1,Mazagon Dock Shipbuilders Ltd.,Ship Building,Ship Building,Domestic Equities,127.0,118.0,7.627118644067797,0.03173095,0.02628804,20.70489089334921,0.233065476495108,1100,mazagon-dock-shipbuilders,Mid Cap,Jan-2025
75659,6055,1,Lloyds Metals & Energy Ltd.,Iron & Steel,Iron & Steel,Domestic Equities,252.0,233.0,8.15450643776824,0.03122532,0.028702105,8.791045116725755,0.229351597872494,1100,lloyds-metals-energy,Mid Cap,Jan-2025
133507,6902,1,TVS Motor Company Ltd.,Automobile & Ancillaries,Automobile & Ancillaries,Domestic Equities,127.0,117.0,8.547008547008547,0.03121533,0.02771145,12.644159724590365,0.229278220803412,1100,tvs-motor-company,Large Cap,Jan-2025
44430,82482,1,L&T Technology Services Ltd.,IT,Information Technology,Domestic Equities,57.0,52.0,9.615384615384617,0.031061295,0.02463448,26.08869763031329,0.228146825724729,1100,lt-technology-services,Mid Cap,Jan-2025
47051,90577,1,Dalmia Bharat Ltd.,Construction Materials,Construction Materials,Domestic Equities,166.0,153.0,8.49673202614379,0.03098141,0.027038925,14.58077567802715,0.227560066248892,1100,dalmia-bharat,Mid Cap,Jan-2025
152325,5528,1,Thermax Ltd.,Capital Goods,Capital Goods,Domestic Equities,80.0,74.0,8.108108108108109,0.0309088,0.02989415,3.394142332195419,0.227026742026065,1100,thermax,Mid Cap,Jan-2025
75697,6614,1,Adani Enterprises Ltd.,Trading,Trading,Domestic Equities,134.0,124.0,8.064516129032258,0.03065652,0.03135526,-2.228461827457339,0.225173732317557,1100,adani-enterprises,Large Cap,Jan-2025
171943,4973,1,REC Ltd.,Finance,Finance,Domestic Equities,676.0,625.0,8.16,0.03040986,0.03129375,-2.824493708807664,0.223362001801065,1100,rec,Large Cap,Jan-2025
171383,5551,1,Hero MotoCorp Ltd.,Automobile & Ancillaries,Automobile & Ancillaries,Domestic Equities,70.0,65.0,7.6923076923076925,0.03037405,0.0270439,12.313867452549374,0.223098975490372,1100,hero-motocorp,Large Cap,Jan-2025
171565,6678,1,Apollo Tyres Ltd.,Automobile & Ancillaries,Automobile & Ancillaries,Domestic Equities,692.0,640.0,8.125,0.03026116,0.0338816,-10.685563845863244,0.22226979257459,1100,apollo-tyres,Small Cap,Jan-2025
173672,92657,1,Gujarat Fluorochemicals Ltd.,Chemicals,Chemicals,Domestic Equities,84.0,78.0,7.6923076923076925,0.03005142,0.03249168,-7.510414973925627,0.220729241376467,1100,gujarat-fluorochemicals,Mid Cap,Jan-2025
153405,17058,1,LTIMindtree Ltd.,IT,Information Technology,Domestic Equities,50.0,46.0,8.695652173913043,0.02957075,0.0256951399999999,15.083046832980878,0.217198695250779,1100,ltimindtree,Large Cap,Jan-2025
152486,5772,1,AIA Engineering Ltd.,Automobile & Ancillaries,Automobile & Ancillaries,Domestic Equities,80.0,74.0,8.108108108108109,0.0294448,0.02517961,16.939062995812876,0.216273585956397,1100,aia-engineering,Mid Cap,Jan-2025
133635,5732,1,Indraprastha Gas Ltd.,Gas Transmission,Gas Transmission,Domestic Equities,1458.0,675.0,116.0,0.02942244,0.028056375,4.869000360880552,0.216109350594568,1100,indraprastha-gas,Mid Cap,Jan-2025
171619,82976,1,Avenue Supermarts Ltd.,Retailing,Retailing,Domestic Equities,80.0,74.0,8.108108108108109,0.0293171999999999,0.02635769,11.228260139640463,0.215336357326281,1100,avenue-supermarts,Large Cap,Jan-2025
171514,5399,1,Cholamandalam Investment and Finance Company Ltd.,Finance,Finance,Domestic Equities,226.0,209.0,8.133971291866029,0.02906021,0.024786355,17.242773291998752,0.213448752423041,1100,cholamandalam-investment-and-finance-company,Large Cap,Jan-2025
152377,4902,1,Siemens Ltd.,Capital Goods,Capital Goods,Domestic Equities,47.0,44.0,6.8181818181818175,0.0285447449999999,0.02875862,-0.7436900657959366,0.209662635214399,1100,siemens,Large Cap,Jan-2025
19098,6973,1,Schaeffler India Ltd.,Automobile & Ancillaries,Automobile & Ancillaries,Domestic Equities,83.0,77.0,7.792207792207792,0.02843414,0.02622466,8.42519979286671,0.208850235742346,1100,schaeffler-india,Mid Cap,Jan-2025
114414,5238,1,Bank Of India,Bank,Banking,Domestic Equities,2527.0,2339.0,8.037622915775973,0.028433804,0.02383441,19.297284891885308,0.208847767804888,1100,bank-of-india,Mid Cap,Jan-2025
114654,92672,1,Indian Renewable Energy Development Agency Ltd.,Finance,Finance,Domestic Equities,1401.0,1297.0,8.018504240555128,0.028315611,0.027917925,1.4244826576473693,0.207979634078561,1100,indian-renewable-energy-development-agency,Mid Cap,Jan-2025
152324,4941,1,ACC Ltd.,Construction Materials,Construction Materials,Domestic Equities,141.0,130.0,8.461538461538462,0.0283078649999999,0.0266825,6.091501920734559,0.207922739306077,1100,acc,Mid Cap,Jan-2025
19805,15724,1,Syngene International Ltd.,Business Services,Healthcare,Domestic Equities,376.0,348.0,8.045977011494253,0.02807404,0.02987406,-6.0253611327017484,0.206205282531494,1100,syngene-international,Mid Cap,Jan-2025
171433,6783,1,Berger Paints India Ltd.,Chemicals,Chemicals,Domestic Equities,592.0,548.0,8.02919708029197,0.0279868,0.02458054,13.857547474546934,0.20556450019849,1100,berger-paints-india,Mid Cap,Jan-2025
133407,5997,1,Hindustan Zinc Ltd.,Non - Ferrous Metals,Non - Ferrous Metals,Domestic Equities,620.0,574.0,8.013937282229964,0.0279092999999999,0.0254856,9.51007627836895,0.204995258671578,1100,hindustan-zinc,Large Cap,Jan-2025
171410,5631,1,Procter & Gamble Hygiene and Health Care Ltd.,FMCG,Fast Moving Consumer Goods,Domestic Equities,19.0,18.0,5.555555555555555,0.02755114,0.0264852,4.024662830561969,0.202364554861528,1100,procter-gamble-hygiene-and-health-care,Mid Cap,Jan-2025
171646,5397,1,Carborundum Universal Ltd.,Abrasives,Abrasives,Domestic Equities,231.0,214.0,7.943925233644859,0.02741277,0.02738451,0.1031970263481149,0.201348220021802,1100,carborundum-universal,Small Cap,Jan-2025
152376,5012,1,Bharat Petroleum Corporation Ltd.,Crude Oil,Crude Oil,Domestic Equities,1049.0,971.0,8.032955715756952,0.02738939,0.028396895,-3.547940716757948,0.201176492706973,1100,bharat-petroleum-corporation,Large Cap,Jan-2025
133333,4917,1,CRISIL Ltd.,Ratings,Ratings,Domestic Equities,50.0,46.0,8.695652173913043,0.0271665,0.03060426,-11.232946001635067,0.199539354075574,1100,crisil,Mid Cap,Jan-2025
177212,94646,1,Hitachi Energy India Ltd.,Capital Goods,Capital Goods,Domestic Equities,21.0,20.0,5.0,0.027013455,0.0288244,-6.282680645564173,0.198415230598332,1100,hitachi-energy-india,Mid Cap,Jan-2025
134823,84770,1,Cochin Shipyard Ltd.,Ship Building,Ship Building,Domestic Equities,176.0,162.0,8.641975308641975,0.02696848,0.02492775,8.18657921392826,0.198084886886424,1100,cochin-shipyard,Mid Cap,Jan-2025
152079,6815,1,Linde India Ltd.,Inds. Gases & Fuels,Industrials Gases & Fuels,Domestic Equities,43.0,40.0,7.5,0.026951755,0.0239842,12.372958030703533,0.19796204089239,1100,linde-india,Mid Cap,Jan-2025
171335,5389,1,Bajaj Holdings & Investment Ltd.,Finance,Finance,Domestic Equities,23.0,21.0,9.523809523809524,0.02658731,0.024962175,6.51039022040346,0.195285173430772,1100,bajaj-holdings-investment,Large Cap,Jan-2025
79346,86555,1,Aditya Birla Capital Ltd.,Finance,Finance,Domestic Equities,1480.0,1370.0,8.02919708029197,0.02654972,0.02436134,8.983003398006836,0.195009072927589,1100,aditya-birla-capital,Mid Cap,Jan-2025
57541,86814,1,General Insurance Corporation of India,Insurance,Finance,Domestic Equities,643.0,595.0,8.067226890756302,0.026456235,0.026432875,0.0883747984280981,0.194322420745094,1100,general-insurance-corporation-of-india,Mid Cap,Jan-2025
83342,79963,1,Bandhan Bank Ltd.,Bank,Banking,Domestic Equities,1730.0,1601.0,8.057464084946908,0.02618874,0.025465506,2.8400535218110217,0.192357656071012,1100,bandhan-bank,Small Cap,Jan-2025
152367,6359,1,Abbott India Ltd.,Healthcare,Healthcare,Domestic Equities,10.0,10.0,0.0,0.0261733,0.029741,-11.995897918698097,0.192244248468747,1100,abbott-india,Mid Cap,Jan-2025
57031,5903,1,Indian Oil Corporation Ltd.,Crude Oil,Crude Oil,Domestic Equities,2030.0,1879.0,8.036189462480042,0.02608347,0.025631439,1.7635802656261386,0.191584442451167,1100,indian-oil-corporation,Large Cap,Jan-2025
171741,5431,1,GAIL (India) Ltd.,Inds. Gases & Fuels,Industrials Gases & Fuels,Domestic Equities,1463.0,1354.0,8.050221565731167,0.025912656,0.025858692,0.2086880496507699,0.190329804745644,1100,gail-india,Large Cap,Jan-2025
171837,6012,1,DLF Ltd.,Realty,Realty,Domestic Equities,347.0,321.0,8.09968847352025,0.025853235,0.02647929,-2.3643194360573903,0.18989335441312,1100,dlf,Large Cap,Jan-2025
171580,109023,1,Tata Technologies Ltd.,IT,Information Technology,Domestic Equities,320.0,296.0,8.108108108108109,0.0252032,0.02638396,-4.475294838227479,0.1851188135622,1100,tata-technologies,Mid Cap,Jan-2025
97743,96921,1,Gland Pharma Ltd.,Healthcare,Healthcare,Domestic Equities,165.0,153.0,7.84313725490196,0.025158375,0.0272240549999999,-7.587701391287957,0.184789571608086,1100,gland-pharma,Small Cap,Jan-2025
152370,5063,1,Escorts Kubota Ltd.,Automobile & Ancillaries,Automobile & Ancillaries,Domestic Equities,69.0,63.0,9.523809523809524,0.025001805,0.020995065,19.08419907249632,0.183639556822685,1100,escorts-kubota,Mid Cap,Jan-2025
57781,87827,1,Bharat Dynamics Ltd.,Capital Goods,Capital Goods,Domestic Equities,191.0,177.0,7.909604519774012,0.0249255,0.019874445,25.414822904488656,0.183079092632865,1100,bharat-dynamics,Mid Cap,Jan-2025
1704,6920,1,L&T Finance Ltd.,Finance,Finance,Domestic Equities,1674.0,1549.0,8.069722401549386,0.0243516779999999,0.021009087,15.910215422497878,0.178864340226984,1100,lt-finance,Mid Cap,Jan-2025
95549,7450,1,Aditya Birla Fashion and Retail Ltd.,Retailing,Retailing,Domestic Equities,886.0,770.0,15.064935064935064,0.02426311,0.02155615,12.55771554753516,0.178213803664977,1100,aditya-birla-fashion-and-retail,Mid Cap,Jan-2025
171948,7104,1,Emami Ltd.,FMCG,Fast Moving Consumer Goods,Domestic Equities,410.0,379.0,8.179419525065963,0.02417565,0.022768425,6.180598789771375,0.177571405420542,1100,emami,Small Cap,Jan-2025
152318,6472,1,Sundram Fasteners Ltd.,Automobile & Ancillaries,Automobile & Ancillaries,Domestic Equities,230.0,212.0,8.49056603773585,0.0240166,0.02245504,6.954162628968828,0.176403174906279,1100,sundram-fasteners,Small Cap,Jan-2025
171636,86629,1,ICICI Lombard General Insurance Company Ltd.,Insurance,Finance,Domestic Equities,129.0,119.0,8.403361344537815,0.02397465,0.021274225,12.693411863416868,0.176095049976551,1100,icici-lombard-general-insurance-company,Mid Cap,Jan-2025
115032,83788,1,Housing & Urban Development Corporation Ltd.,Finance,Finance,Domestic Equities,1043.0,966.0,7.971014492753622,0.02395771,0.022672986,5.66632026324189,0.175970624796346,1100,housing-urban-development-corporation,Mid Cap,Jan-2025
171387,6208,1,Pidilite Industries Ltd.,Chemicals,Chemicals,Domestic Equities,83.0,77.0,7.792207792207792,0.02383511,0.022362725,6.584103681460994,0.175070121426031,1100,pidilite-industries,Large Cap,Jan-2025
645,8087,1,IRB Infrastructure Developers Ltd.,Infrastructure,Infrastructure,Domestic Equities,4126.0,3819.0,8.038753600418957,0.023650232,0.021859956,8.18975115960892,0.173712182909741,1100,irb-infrastructure-developers,Mid Cap,Jan-2025
133495,5019,1,Ajanta Pharma Ltd.,Healthcare,Healthcare,Domestic Equities,87.0,81.0,7.4074074074074066,0.023441715,0.02375082,-1.30144980257524,0.172180614710165,1100,ajanta-pharma,Mid Cap,Jan-2025
171402,5320,1,Godrej Consumer Products Ltd.,FMCG,Fast Moving Consumer Goods,Domestic Equities,203.0,188.0,7.978723404255319,0.022761375,0.02034254,11.89052596185138,0.167183482059593,1100,godrej-consumer-products,Large Cap,Jan-2025
133583,8200,1,United Spirits Ltd.,Alcohol,Alcohol,Domestic Equities,159.0,147.0,8.16326530612245,0.0226415999999999,0.023894115,-5.241939280864768,0.166303728461065,1100,united-spirits,Large Cap,Jan-2025
113818,7906,1,Samvardhana Motherson International Ltd.,Automobile & Ancillaries,Automobile & Ancillaries,Domestic Equities,1597.0,1478.0,8.051420838971584,0.022559222,0.023074536,-2.233258341576186,0.165698657770691,1100,samvardhana-motherson-international,Large Cap,Jan-2025
38708,8062,1,Adani Power Ltd.,Power,Power,Domestic Equities,426.0,394.0,8.121827411167512,0.02186232,0.02086033,4.803327655890388,0.160579876369555,1100,adani-power,Large Cap,Jan-2025
114405,5008,1,Bank Of Baroda,Bank,Banking,Domestic Equities,1009.0,934.0,8.029978586723768,0.021531051,0.02246737,-4.1674615230888215,0.158146688351766,1100,bank-of-baroda,Large Cap,Jan-2025
171639,5614,1,Havells India Ltd.,Capital Goods,Capital Goods,Domestic Equities,137.0,126.0,8.73015873015873,0.02145694,0.0211062599999999,1.661497584129084,0.157602339205947,1100,havells-india,Large Cap,Jan-2025
133170,6243,1,Timken India Ltd.,Automobile & Ancillaries,Automobile & Ancillaries,Domestic Equities,74.0,69.0,7.246376811594203,0.02114772,0.02154042,-1.8230842295554188,0.155331102238827,1100,timken-india,Small Cap,Jan-2025
76174,111823,1,Bharti Hexacom Ltd.,Telecom,Telecom,Domestic Equities,156.0,144.0,8.333333333333332,0.02113644,0.02097936,0.7487359004278518,0.155248250052717,1100,bharti-hexacom,Mid Cap,Jan-2025
797,86851,1,Nippon Life India Asset Management Ltd.,Finance,Finance,Domestic Equities,362.0,335.0,8.059701492537313,0.02113356,0.0243544999999999,-13.225235582746512,0.155227096303071,1100,nippon-life-india-asset-management,Mid Cap,Jan-2025
58178,99657,1,Star Health and Allied Insurance Company Ltd.,Insurance,Finance,Domestic Equities,457.0,423.0,8.037825059101655,0.019799525,0.020090385,-1.44775722316919,0.145428539911405,1100,star-health-and-allied-insurance-company,Small Cap,Jan-2025
196533,104025,1,Motherson Sumi Wiring India Ltd.,Iron & Steel,Iron & Steel,Domestic Equities,3526.0,3264.0,8.026960784313726,0.0197914379999999,0.019009536,4.113209286118287,0.145369140476203,1100,motherson-sumi-wiring-india,Small Cap,Jan-2025
152308,5173,1,Shree Cement Ltd.,Construction Materials,Construction Materials,Domestic Equities,7.0,6.0,16.666666666666664,0.01945713,0.01541652,26.209611507655424,0.142913630845507,1100,shree-cement,Mid Cap,Jan-2025
152363,7424,1,SKF India Ltd.,Automobile & Ancillaries,Automobile & Ancillaries,Domestic Equities,48.0,44.0,9.090909090909092,0.01941048,0.01970452,-1.492246449038088,0.142570984171566,1100,skf-india,Small Cap,Jan-2025
509,8487,1,K.P.R. Mill Ltd.,Textile,Textile,Domestic Equities,208.0,193.0,7.772020725388601,0.0193856,0.01918806,1.0294943834864,0.142388239278797,1100,kpr-mill,Small Cap,Jan-2025
133599,5561,1,Punjab National Bank,Bank,Banking,Domestic Equities,1866.0,1727.0,8.048639258830342,0.01888392,0.017750106,6.387646361097785,0.138703373611426,1100,punjab-national-bank,Large Cap,Jan-2025
171405,6966,1,Poonawalla Fincorp Ltd.,Finance,Finance,Domestic Equities,606.0,561.0,8.02139037433155,0.01881024,0.017635035,6.664035540615607,0.138162190183002,1100,poonawalla-fincorp,Small Cap,Jan-2025
152334,5218,1,Ambuja Cements Ltd.,Construction Materials,Construction Materials,Domestic Equities,363.0,336.0,8.035714285714286,0.01861464,0.01800288,3.398122966991942,0.136725498019596,1100,ambuja-cements,Large Cap,Jan-2025
19128,7053,1,Grindwell Norton Ltd.,Abrasives,Abrasives,Domestic Equities,96.0,89.0,7.865168539325842,0.01850352,0.01708711,8.2893479353735,0.135909315845783,1100,grindwell-norton,Small Cap,Jan-2025
134667,88599,1,Macrotech Developers Ltd.,Realty,Realty,Domestic Equities,150.0,139.0,7.913669064748201,0.0180675,0.01931266,-6.44737700554972,0.132706726290116,1100,macrotech-developers,Large Cap,Jan-2025
102429,100653,1,Global Health Ltd.,Healthcare,Healthcare,Domestic Equities,172.0,160.0,7.5,0.01788112,0.017256,3.622624014835413,0.131337755505782,1100,global-health,Small Cap,Jan-2025
137768,15760,1,Gujarat Gas Ltd.,Gas Transmission,Gas Transmission,Domestic Equities,358.0,332.0,7.83132530120482,0.0173988,0.01655684,5.085269894496785,0.12779509004436,1100,gujarat-gas,Mid Cap,Jan-2025
133614,6833,1,Canara Bank,Bank,Banking,Domestic Equities,1824.0,1689.0,7.992895204262878,0.017012448,0.016910268,0.6042482591050633,0.12495731452945,1100,canara-bank,Mid Cap,Jan-2025
152386,5556,1,Glaxosmithkline Pharmaceuticals Ltd.,Healthcare,Healthcare,Domestic Equities,86.0,79.0,8.860759493670885,0.01700349,0.017789615,-4.41901075430806,0.124891517553991,1100,glaxosmithkline-pharmaceuticals,Mid Cap,Jan-2025
171799,4956,1,Dabur India Ltd.,FMCG,Fast Moving Consumer Goods,Domestic Equities,320.0,296.0,8.108108108108109,0.0169552,0.0150072,12.980436057359125,0.124536824994835,1100,dabur-india,Large Cap,Jan-2025
133645,6755,1,Bank Of Maharashtra,Bank,Banking,Domestic Equities,3272.0,3028.0,8.058124174372523,0.016782088,0.015803132,6.194696089357475,0.123265308359908,1100,bank-of-maharashtra,Mid Cap,Jan-2025
84351,88646,1,Adani Green Energy Ltd.,Power,Power,Domestic Equities,165.0,153.0,7.84313725490196,0.016459575,0.01592271,3.371693637578024,0.120896433617082,1100,adani-green-energy,Large Cap,Jan-2025
133272,5382,1,ABB India Ltd.,Capital Goods,Capital Goods,Domestic Equities,28.0,26.0,7.6923076923076925,0.01644902,0.01797185,-8.473418151164179,0.120818906593643,1100,abb-india,Large Cap,Jan-2025
152331,7581,1,Torrent Pharmaceuticals Ltd.,Healthcare,Healthcare,Domestic Equities,50.0,47.0,6.382978723404255,0.0163455,0.0157922349999999,3.503398980574951,0.120058546814728,1100,torrent-pharmaceuticals,Large Cap,Jan-2025
13,7543,1,Tata Investment Corporation Ltd.,Finance,Finance,Domestic Equities,27.0,25.0,8.0,0.016268445,0.017123,-4.9906850435087255,0.119492573835938,1100,tata-investment-corporation,Mid Cap,Jan-2025
171942,7813,1,Jindal Steel & Power Ltd.,Iron & Steel,Iron & Steel,Domestic Equities,205.0,190.0,7.894736842105263,0.016226775,0.0176833,-8.236726176675166,0.119186505520758,1100,jindal-steel-power,Mid Cap,Jan-2025
113787,7539,1,Honeywell Automation India Ltd.,Consumer Durables,Consumer Durables,Domestic Equities,4.0,4.0,0.0,0.0161889,0.01678242,-3.536557898086216,0.118908311677767,1100,honeywell-automation-india,Mid Cap,Jan-2025
78882,109773,1,JSW Infrastructure Ltd.,Logistics,Logistics,Domestic Equities,562.0,520.0,8.076923076923077,0.015455,0.016536,-6.537252056119973,0.113517778044209,1100,jsw-infrastructure,Mid Cap,Jan-2025
171853,7249,1,NLC India Ltd.,Power,Power,Domestic Equities,678.0,628.0,7.961783439490445,0.015046176,0.01562464,-3.7022548999529,0.11051494452165,1100,nlc-india,Mid Cap,Jan-2025
152064,6806,1,3M India Ltd.,Diversified,Diversified,Domestic Equities,5.0,5.0,0.0,0.014946125,0.015196575,-1.6480687260122893,0.109780064727984,1100,3m-india,Mid Cap,Jan-2025
114697,5402,1,JSW Energy Ltd.,Power,Power,Domestic Equities,289.0,267.0,8.239700374531834,0.01469854,0.017158755,-14.337957503327026,0.107961540038429,1100,jsw-energy,Large Cap,Jan-2025
58145,71025,1,Indian Railway Finance Corporation Ltd.,Finance,Finance,Domestic Equities,967.0,895.0,8.044692737430168,0.014595898,0.01333908,9.4220740860689,0.107207629215135,1100,indian-railway-finance-corporation,Large Cap,Jan-2025
139932,15713,1,Adani Energy Solutions Ltd.,Power,Power,Domestic Equities,195.0,181.0,7.734806629834254,0.014592825,0.01459222,0.0041460449472403,0.107185057870461,1100,adani-energy-solutions,Large Cap,Jan-2025
171394,82477,1,Endurance Technologies Ltd.,Automobile & Ancillaries,Automobile & Ancillaries,Domestic Equities,73.0,67.0,8.955223880597014,0.0145229849999999,0.0144053349999999,0.8167113086922329,0.106672079441564,1100,endurance-technologies,Mid Cap,Jan-2025
1840,4901,1,SJVN Ltd.,Power,Power,Domestic Equities,1487.0,1376.0,8.06686046511628,0.0144997369999999,0.014366816,0.925194559462578,0.106501321673594,1100,sjvn,Mid Cap,Jan-2025
133342,5963,1,Bharat Heavy Electricals Ltd.,Capital Goods,Capital Goods,Domestic Equities,695.0,643.0,8.087091757387247,0.014462255,0.01475042,-1.9536053888635048,0.106226014436024,1100,bharat-heavy-electricals,Mid Cap,Jan-2025
153586,8183,1,NHPC Ltd.,Power,Power,Domestic Equities,1712.0,1585.0,8.012618296529968,0.01379016,0.0127893649999999,7.825212588740732,0.101289441738863,1100,nhpc,Mid Cap,Jan-2025
114652,92620,1,Indian Railway Catering And Tourism Corporation Ltd.,Hospitality,Hospitality,Domestic Equities,163.0,151.0,7.947019867549669,0.01340349,0.0118821899999999,12.803195370550387,0.0984493304974295,1100,indian-railway-catering-and-tourism-corporation,Mid Cap,Jan-2025
19174,6780,1,Bayer CropScience Ltd.,Chemicals,Chemicals,Domestic Equities,26.0,24.0,8.333333333333332,0.01330134,0.0133222799999999,-0.1571803024707513,0.0976990334396995,1100,bayer-cropscience,Small Cap,Jan-2025
19510,6302,1,ZF Commercial Vehicle Control Systems India Ltd.,Automobile & Ancillaries,Automobile & Ancillaries,Domestic Equities,12.0,11.0,9.090909090909092,0.0132407999999999,0.013248345,-0.0569505096674332,0.0972543639940317,1100,zf-commercial-vehicle-control-systems-india,Small Cap,Jan-2025
171968,4931,1,Zydus Lifesciences Ltd.,Healthcare,Healthcare,Domestic Equities,135.0,125.0,8.0,0.013098375,0.01214625,7.838839147885143,0.0962082449686065,1100,zydus-lifesciences,Large Cap,Jan-2025
57620,82559,1,ICICI Prudential Life Insurance Company Ltd.,Insurance,Finance,Domestic Equities,211.0,195.0,8.205128205128204,0.0129976,0.012769575,1.7856898134824426,0.0954680473573218,1100,icici-prudential-life-insurance-company,Large Cap,Jan-2025
133608,7612,1,Union Bank Of India,Bank,Banking,Domestic Equities,1045.0,968.0,7.954545454545454,0.0120687049999999,0.0116518159999999,3.5778886312657217,0.0886452653167928,1100,union-bank-of-india,Mid Cap,Jan-2025
555,5663,1,The Fertilisers And Chemicals Travancore Ltd.,Chemicals,Chemicals,Domestic Equities,129.0,119.0,8.403361344537815,0.011880255,0.01167271,1.7780361201469077,0.0872610902749014,1100,the-fertilisers-and-chemicals-travancore,Mid Cap,Jan-2025
133387,5868,1,Godrej Industries Ltd.,Chemicals,Chemicals,Domestic Equities,132.0,122.0,8.19672131147541,0.01175526,0.01422764,-17.37730220893977,0.0863429955051418,1100,godrej-industries,Mid Cap,Jan-2025
152374,6232,1,Bosch Ltd.,Automobile & Ancillaries,Automobile & Ancillaries,Domestic Equities,4.0,4.0,0.0,0.0114916599999999,0.01364008,-15.75078738541124,0.0844068398084447,1100,bosch,Large Cap,Jan-2025
152532,6617,1,Sun TV Network Ltd.,Media & Entertainment,Media & Entertainment,Domestic Equities,176.0,163.0,7.975460122699387,0.0108917599999999,0.011138605,-2.2161213186031823,0.0800005431375472,1100,sun-tv-network,Small Cap,Jan-2025
58155,95800,1,Life Insurance Corporation of India,Insurance,Finance,Domestic Equities,120.0,111.0,8.108108108108109,0.0101454,0.0099012,2.4663677130044843,0.0745184901565653,1100,life-insurance-corporation-of-india,Large Cap,Jan-2025
97125,90518,1,Adani Total Gas Ltd.,Gas Transmission,Gas Transmission,Domestic Equities,150.0,138.0,8.695652173913043,0.0096465,0.01050249,-8.150352916308416,0.0708540437336435,1100,adani-total-gas,Mid Cap,Jan-2025
133353,4920,1,IDBI Bank Ltd.,Bank,Banking,Domestic Equities,1167.0,1080.0,8.055555555555555,0.009466704,0.00826092,14.596243517671152,0.0695334327714153,1100,idbi-bank,Mid Cap,Jan-2025
133909,100034,1,Metro Brands Ltd.,Retailing,Retailing,Domestic Equities,77.0,71.0,8.450704225352112,0.009123345,0.008639635,5.598731890872711,0.0670114430754282,1100,metro-brands,Mid Cap,Jan-2025
58164,86911,1,The New India Assurance Company Ltd.,Insurance,Finance,Domestic Equities,500.0,463.0,7.991360691144708,0.0090925,0.009376676,-3.0306688638916435,0.0667848849477171,1100,the-new-india-assurance-company,Mid Cap,Jan-2025
57345,99844,1,AWL Agri Business Ltd.,FMCG,Fast Moving Consumer Goods,Domestic Equities,328.0,304.0,7.894736842105263,0.00874612,0.00936472,-6.605643308075418,0.0642407058497584,1100,awl-agri-business,Mid Cap,Jan-2025
225180,112809,1,ITC Hotels Ltd.,Hospitality,Hospitality,Domestic Equities,503.0,,,0.008196385,,,0.0602028737104421,1100,itc-hotels,,Jan-2025
133551,7167,1,Indian Overseas Bank,Bank,Banking,Domestic Equities,1426.0,1320.0,8.030303030303031,0.0072726,0.0068323199999999,6.444077560769998,0.0534176248854295,1100,indian-overseas-bank,Large Cap,Jan-2025
171883,5324,1,Mangalore Refinery And Petrochemicals Ltd.,Crude Oil,Crude Oil,Domestic Equities,381.0,352.0,8.238636363636363,0.0049339499999999,0.005224032,-5.552837348622671,0.036240119118811,1100,mangalore-refinery-and-petrochemicals,Small Cap,Jan-2025
171875,5051,1,HDFC Bank Ltd.,Bank,Banking,Domestic Equities,4525.0,4122.0,9.77680737506065,0.7839109999999999,0.70022475,11.951341337192089,5.73245131828078,1100,hdfc-bank,Large Cap,Feb-2025
171888,8748,1,ICICI Bank Ltd.,Bank,Banking,Domestic Equities,4199.0,3824.0,9.806485355648537,0.5056015899999999,0.47907072,5.537986124470306,3.697277498492,1100,icici-bank,Large Cap,Feb-2025
171531,4897,1,Reliance Industries Ltd.,Crude Oil,Crude Oil,Domestic Equities,4040.0,3679.0,9.812449035063876,0.4848404,0.4654302899999999,4.170358143214107,3.54545859177353,1100,reliance-industries,Large Cap,Feb-2025
171889,4926,1,Infosys Ltd.,IT,Information Technology,Domestic Equities,2143.0,1952.0,9.78483606557377,0.36167411,0.36693696,-1.4342654389462468,2.64478904959559,1100,infosys,Large Cap,Feb-2025
133593,6508,1,Bharti Airtel Ltd.,Telecom,Telecom,Domestic Equities,1596.0,1453.0,9.841706813489331,0.25060392,0.23630139,6.052664353772952,1.83257381459162,1100,bharti-airtel,Large Cap,Feb-2025
152372,4964,1,Larsen & Toubro Ltd.,Infrastructure,Infrastructure,Domestic Equities,700.0,638.0,9.717868338557992,0.2214695,0.22760012,-2.6935926044327188,1.61952457260325,1100,larsen-toubro,Large Cap,Feb-2025
152408,5535,1,ITC Ltd.,FMCG,Fast Moving Consumer Goods,Domestic Equities,5533.0,5039.0,9.80353244691407,0.2185535,0.2254952499999999,-3.0784462200423195,1.59820094269615,1100,itc,Large Cap,Feb-2025
171915,6797,1,Tata Consultancy Services Ltd.,IT,Information Technology,Domestic Equities,608.0,553.0,9.945750452079563,0.2117816,0.22741572,-6.874687466636005,1.54868054167835,1100,tata-consultancy-services,Large Cap,Feb-2025
171400,5889,1,Axis Bank Ltd.,Bank,Banking,Domestic Equities,1697.0,1545.0,9.838187702265373,0.172338835,0.15235245,13.118518934221274,1.26025018386874,1100,axis-bank,Large Cap,Feb-2025
171492,5886,1,Kotak Mahindra Bank Ltd.,Bank,Banking,Domestic Equities,873.0,795.0,9.811320754716984,0.166127535,0.15115335,9.906618014089666,1.21482924338794,1100,kotak-mahindra-bank,Large Cap,Feb-2025
77009,96064,1,Max Healthcare Institute Ltd.,Healthcare,Healthcare,Domestic Equities,1697.0,1545.0,9.838187702265373,0.16598357,0.163963125,1.2322557282315734,1.21377648056916,1100,max-healthcare-institute,Mid Cap,Feb-2025
133350,8843,1,State Bank Of India,Bank,Banking,Domestic Equities,2290.0,2086.0,9.77948226270374,0.1577352,0.1612269399999999,-2.1657298711989426,1.15345920031647,1100,state-bank-of-india,Large Cap,Feb-2025
152406,5107,1,The Indian Hotels Company Ltd.,Hospitality,Hospitality,Domestic Equities,2010.0,1831.0,9.77607864554888,0.1439361,0.14001657,2.799332964662689,1.05255148376945,1100,the-indian-hotels-company,Mid Cap,Feb-2025
76200,82667,1,BSE Ltd.,Finance,Finance,Domestic Equities,309.0,282.0,9.574468085106384,0.14318133,0.1496277899999999,-4.308330691778579,1.04703212981027,1100,bse,Mid Cap,Feb-2025
171484,6114,1,Bajaj Finance Ltd.,Finance,Finance,Domestic Equities,166.0,151.0,9.933774834437086,0.14160298,0.11906501,18.929129557037776,1.03549023980208,1100,bajaj-finance,Large Cap,Feb-2025
171656,5311,1,Mahindra & Mahindra Ltd.,Automobile & Ancillaries,Automobile & Ancillaries,Domestic Equities,526.0,479.0,9.812108559498958,0.13597626,0.143213815,-5.053670974409831,0.9943441167325,1100,mahindra-mahindra,Large Cap,Feb-2025
152473,5056,1,Suzlon Energy Ltd.,Capital Goods,Capital Goods,Domestic Equities,27101.0,24497.0,10.629873045679062,0.134719071,0.142499049,-5.459670120324812,0.985150758378837,1100,suzlon-energy,Mid Cap,Feb-2025
95548,5980,1,Persistent Systems Ltd.,IT,Information Technology,Domestic Equities,241.0,219.0,10.04566210045662,0.12782399,0.13211394,-3.247159232401974,0.934729580250066,1100,persistent-systems,Mid Cap,Feb-2025
57445,86554,1,Dixon Technologies (India) Ltd.,Consumer Durables,Consumer Durables,Domestic Equities,87.0,79.0,10.126582278481012,0.121241895,0.1183890049999999,2.4097592508696275,0.886597153023252,1100,dixon-technologies-india,Mid Cap,Feb-2025
171717,5016,1,Hindustan Unilever Ltd.,FMCG,Fast Moving Consumer Goods,Domestic Equities,528.0,481.0,9.771309771309772,0.1156452,0.11874928,-2.613977954224233,0.845670591677939,1100,hindustan-unilever,Large Cap,Feb-2025
133657,7260,1,Coforge Ltd.,IT,Information Technology,Domestic Equities,152.0,138.0,10.144927536231885,0.1119046799999999,0.11404113,-1.8734030432704527,0.818317551849367,1100,coforge,Mid Cap,Feb-2025
157113,99763,1,PB Fintech Ltd.,IT,Information Technology,Domestic Equities,755.0,687.0,9.8981077147016,0.1105018,0.11863116,-6.852634670351369,0.80805880907705,1100,pb-fintech,Mid Cap,Feb-2025
152211,6247,1,Lupin Ltd.,Healthcare,Healthcare,Domestic Equities,551.0,502.0,9.760956175298803,0.104946215,0.10443859,0.4860511808901229,0.767432869962698,1100,lupin,Mid Cap,Feb-2025
420,5071,1,Sun Pharmaceutical Industries Ltd.,Healthcare,Healthcare,Domestic Equities,642.0,585.0,9.743589743589745,0.1022866499999999,0.102021075,0.2603138616212299,0.747984454402381,1100,sun-pharmaceutical-industries,Large Cap,Feb-2025
171685,5596,1,The Federal Bank Ltd.,Bank,Banking,Domestic Equities,5595.0,5096.0,9.791993720565149,0.09937839,0.095402216,4.167800462832013,0.726717424253674,1100,the-federal-bank,Mid Cap,Feb-2025
171528,8219,1,HCL Technologies Ltd.,IT,Information Technology,Domestic Equities,630.0,573.0,9.947643979057592,0.09922815,0.098868285,0.3639842645192027,0.725618774679859,1100,hcl-technologies,Large Cap,Feb-2025
133625,7239,1,Maruti Suzuki India Ltd.,Automobile & Ancillaries,Automobile & Ancillaries,Domestic Equities,78.0,71.0,9.859154929577464,0.09317763,0.087405615,6.603711901117556,0.681373558896072,1100,maruti-suzuki-india,Large Cap,Feb-2025
165,7447,1,SRF Ltd.,Chemicals,Chemicals,Domestic Equities,331.0,301.0,9.966777408637874,0.09252774,0.0845764849999999,9.401259700021832,0.676621153601036,1100,srf,Mid Cap,Feb-2025
38803,5403,1,Indus Towers Ltd.,Telecom,Telecom,Domestic Equities,2838.0,2585.0,9.787234042553193,0.0917667299999999,0.0897512,2.24568585155406,0.671056168828881,1100,indus-towers,Large Cap,Feb-2025
156921,98676,1,Eternal Ltd.,Retailing,Information Technology,Domestic Equities,4125.0,3757.0,9.795049241416024,0.09161625,0.082785495,10.667031706460175,0.669955764223798,1100,eternal,Large Cap,Feb-2025
133664,7760,1,NTPC Ltd.,Power,Power,Domestic Equities,2818.0,2566.0,9.820732657833204,0.08776661,0.0831384,5.566874031735034,0.641804770178675,1100,ntpc,Large Cap,Feb-2025
171877,6125,1,Cummins India Ltd.,Automobile & Ancillaries,Automobile & Ancillaries,Domestic Equities,309.0,282.0,9.574468085106384,0.083984655,0.08217621,2.2006916600315467,0.6141487315143,1100,cummins-india,Large Cap,Feb-2025
114530,88033,1,HDFC Asset Management Company Ltd.,Finance,Finance,Domestic Equities,231.0,210.0,10.0,0.08381373,0.0812679,3.132639086281302,0.612898820183069,1100,hdfc-asset-management-company,Mid Cap,Feb-2025
133334,5159,1,CG Power and Industrial Solutions Ltd.,Capital Goods,Capital Goods,Domestic Equities,1462.0,1331.0,9.842223891810669,0.0837141199999999,0.084498535,-0.9283178696530096,0.612170409080515,1100,cg-power-and-industrial-solutions,Large Cap,Feb-2025
7737,15826,1,IDFC First Bank Ltd.,Bank,Banking,Domestic Equities,14152.0,12890.0,9.790535298681148,0.082633528,0.08151636,1.3704831766285928,0.604268439297053,1100,idfc-first-bank,Mid Cap,Feb-2025
152378,5539,1,Tata Motors Ltd.,Automobile & Ancillaries,Automobile & Ancillaries,Domestic Equities,1247.0,1136.0,9.77112676056338,0.077395055,0.08134896,-4.860424767569242,0.565961422997207,1100,tata-motors,Large Cap,Feb-2025
171461,6050,1,Titan Company Ltd.,Diamond  &  Jewellery,Diamond & Jewellery,Domestic Equities,246.0,224.0,9.821428571428571,0.07570035,0.0781816,-3.1737007173043263,0.553568671892366,1100,titan-company,Large Cap,Feb-2025
171820,5969,1,Colgate-Palmolive (India) Ltd.,FMCG,Fast Moving Consumer Goods,Domestic Equities,302.0,275.0,9.818181818181818,0.07443092,0.077592625,-4.074749372121386,0.544285799631401,1100,colgate-palmolive-india,Mid Cap,Feb-2025
171635,7381,1,UPL Ltd.,Chemicals,Chemicals,Domestic Equities,1155.0,1052.0,9.790874524714829,0.073105725,0.0635145,15.100843114564396,0.534595138542669,1100,upl,Mid Cap,Feb-2025
152636,5140,1,Fortis Healthcare Ltd.,Healthcare,Healthcare,Domestic Equities,1189.0,1083.0,9.787626962142197,0.07285003,0.06933366,5.071663604661852,0.532725335542293,1100,fortis-healthcare,Mid Cap,Feb-2025
141614,85778,1,AU Small Finance Bank Ltd.,Bank,Banking,Domestic Equities,1281.0,1166.0,9.862778730703258,0.07246617,0.07007077,3.4185438521654588,0.529918309281614,1100,au-small-finance-bank,Mid Cap,Feb-2025
171327,5699,1,Marico Ltd.,FMCG,Fast Moving Consumer Goods,Domestic Equities,1205.0,1097.0,9.845031905195988,0.0723723,0.073570305,-1.6283811790640166,0.529231872676889,1100,marico,Mid Cap,Feb-2025
152455,7030,1,Yes Bank Ltd.,Bank,Banking,Domestic Equities,43054.0,39214.0,9.792421074106189,0.07211545,0.0754085219999999,-4.366975923490448,0.527353623588535,1100,yes-bank,Mid Cap,Feb-2025
599,7495,1,Sundaram Finance Ltd.,Finance,Finance,Domestic Equities,157.0,143.0,9.79020979020979,0.071242675,0.0660231,7.905679981703375,0.520971342692728,1100,sundaram-finance,Mid Cap,Feb-2025
171659,5756,1,Ashok Leyland Ltd.,Automobile & Ancillaries,Automobile & Ancillaries,Domestic Equities,3271.0,2979.0,9.801946962067808,0.069652674,0.064593657,7.832064687094584,0.509344253229106,1100,ashok-leyland,Mid Cap,Feb-2025
133654,6850,1,Ultratech Cement Ltd.,Construction Materials,Construction Materials,Domestic Equities,68.0,61.0,11.475409836065571,0.06887346,0.070073445,-1.7124675403071783,0.503646149335267,1100,ultratech-cement,Large Cap,Feb-2025
152379,5838,1,Voltas Ltd.,Consumer Durables,Consumer Durables,Domestic Equities,521.0,475.0,9.68421052631579,0.06877721,0.059890375,14.838502847911704,0.502942308670467,1100,voltas,Mid Cap,Feb-2025
152362,5226,1,Tata Steel Ltd.,Iron & Steel,Iron & Steel,Domestic Equities,4931.0,4491.0,9.797372522823425,0.06765332,0.060457842,11.901645447417724,0.494723716620983,1100,tata-steel,Large Cap,Feb-2025
517,7825,1,Power Grid Corporation Of India Ltd.,Power,Power,Domestic Equities,2695.0,2455.0,9.775967413441954,0.067604075,0.074055075,-8.711084284230344,0.494363606142665,1100,power-grid-corporation-of-india,Large Cap,Feb-2025
171465,6543,1,Aurobindo Pharma Ltd.,Healthcare,Healthcare,Domestic Equities,638.0,581.0,9.81067125645439,0.0675195399999999,0.06808739,-0.8340017145612503,0.493745432941638,1100,aurobindo-pharma,Mid Cap,Feb-2025
171946,6864,1,Godrej Properties Ltd.,Realty,Realty,Domestic Equities,344.0,313.0,9.904153354632587,0.06660872,0.072911785,-8.64478218438898,0.48708494302669,1100,godrej-properties,Mid Cap,Feb-2025
122,5767,1,The Phoenix Mills Ltd.,Realty,Realty,Domestic Equities,425.0,387.0,9.819121447028424,0.06579425,0.06353766,3.5515787015133924,0.481129025039571,1100,the-phoenix-mills,Mid Cap,Feb-2025
171365,5279,1,Hindustan Petroleum Corporation Ltd.,Crude Oil,Crude Oil,Domestic Equities,2193.0,1998.0,9.75975975975976,0.064419375,0.07157835,-10.001592660350518,0.471075072478348,1100,hindustan-petroleum-corporation,Mid Cap,Feb-2025
152205,8185,1,Trent Ltd.,Retailing,Retailing,Domestic Equities,132.0,120.0,10.0,0.06404046,0.0690384,-7.239362441771531,0.468304207174421,1100,trent,Large Cap,Feb-2025
171708,8443,1,Bajaj Finserv Ltd.,Finance,Finance,Domestic Equities,325.0,296.0,9.797297297297296,0.06084975,0.05138856,18.411082155250128,0.444971724602099,1100,bajaj-finserv,Large Cap,Feb-2025
152369,6790,1,Bharat Forge Ltd.,Automobile & Ancillaries,Automobile & Ancillaries,Domestic Equities,597.0,544.0,9.742647058823527,0.06068505,0.06658832,-8.865323528210356,0.443767334394383,1100,bharat-forge,Mid Cap,Feb-2025
101370,86936,1,Tube Investments of India Ltd.,Automobile & Ancillaries,Automobile & Ancillaries,Domestic Equities,243.0,222.0,9.45945945945946,0.059830245,0.07375062,-18.874926068418134,0.437516461464774,1100,tube-investments-of-india,Mid Cap,Feb-2025
587,7648,1,APL Apollo Tubes Ltd.,Iron & Steel,Iron & Steel,Domestic Equities,413.0,376.0,9.840425531914894,0.0594286349999999,0.0567590799999999,4.703309144545682,0.43457963601656,1100,apl-apollo-tubes,Mid Cap,Feb-2025
152222,5634,1,Max Financial Services Ltd.,Finance,Finance,Domestic Equities,589.0,536.0,9.888059701492535,0.05878809,0.0598041999999999,-1.6990612699442385,0.429895567251524,1100,max-financial-services,Mid Cap,Feb-2025
171658,4978,1,Asian Paints Ltd.,Chemicals,Chemicals,Domestic Equities,269.0,245.0,9.79591836734694,0.058635275,0.0563696,4.0193206976810165,0.428778087654729,1100,asian-paints,Large Cap,Feb-2025
19255,6350,1,Mphasis Ltd.,IT,Information Technology,Domestic Equities,258.0,235.0,9.787234042553193,0.05797905,0.067396825,-13.973618193438634,0.423979356846845,1100,mphasis,Mid Cap,Feb-2025
77639,92991,1,SBI Cards And Payment Services Ltd.,Finance,Finance,Domestic Equities,683.0,622.0,9.807073954983924,0.05729004,0.04840404,18.35797177260409,0.418940881455113,1100,sbi-cards-and-payment-services,Mid Cap,Feb-2025
152551,7908,1,GMR Airports Ltd.,Infrastructure,Aviation,Domestic Equities,8189.0,7459.0,9.786834696339993,0.056888983,0.054204553,4.952406857778156,0.416008099891446,1100,gmr-airports,Mid Cap,Feb-2025
171321,7864,1,Page Industries Ltd.,Textile,Textile,Domestic Equities,14.0,12.0,16.666666666666664,0.05672233,0.0536682599999999,5.690644712535876,0.414789428116786,1100,page-industries,Mid Cap,Feb-2025
38931,15891,1,Alkem Laboratories Ltd.,Healthcare,Healthcare,Domestic Equities,121.0,110.0,10.0,0.05621902,0.05569355,0.943502434303444,0.411108908168725,1100,alkem-laboratories,Mid Cap,Feb-2025
171369,7531,1,Tech Mahindra Ltd.,IT,Information Technology,Domestic Equities,377.0,344.0,9.593023255813954,0.056091945,0.05760108,-2.619976917099466,0.410179655675431,1100,tech-mahindra,Large Cap,Feb-2025
152118,7308,1,PI Industries Ltd.,Chemicals,Chemicals,Domestic Equities,185.0,168.0,10.11904761904762,0.055758075,0.0585269999999999,-4.731021579783686,0.407738187802632,1100,pi-industries,Mid Cap,Feb-2025
152795,99590,1,One97 Communications Ltd.,IT,Information Technology,Domestic Equities,775.0,706.0,9.773371104815864,0.055408625,0.05476795,1.1697991252183104,0.405182789150013,1100,one97-communications,Mid Cap,Feb-2025
152343,5043,1,Hindalco Industries Ltd.,Non - Ferrous Metals,Non - Ferrous Metals,Domestic Equities,865.0,787.0,9.91105463786531,0.054871275,0.04677141,17.31798335778203,0.401253347267097,1100,hindalco-industries,Large Cap,Feb-2025
152574,8059,1,Torrent Power Ltd.,Power,Power,Domestic Equities,434.0,395.0,9.873417721518988,0.05481203,0.057806275,-5.179792332233824,0.400820110485943,1100,torrent-power,Mid Cap,Feb-2025
96004,7992,1,Jubilant FoodWorks Ltd.,FMCG,Fast Moving Consumer Goods,Domestic Equities,871.0,794.0,9.697732997481108,0.05453331,0.05588966,-2.426835303703757,0.398781934173286,1100,jubilant-foodworks,Mid Cap,Feb-2025
1152,105806,1,Mankind Pharma Ltd.,Healthcare,Healthcare,Domestic Equities,237.0,216.0,9.722222222222223,0.05428722,0.05260464,3.198539140273554,0.396982368986784,1100,mankind-pharma,Mid Cap,Feb-2025
133434,4968,1,JSW Steel Ltd.,Iron & Steel,Iron & Steel,Domestic Equities,571.0,520.0,9.807692307692308,0.05428497,0.0491399999999999,10.47002442002443,0.396965915568646,1100,jsw-steel,Large Cap,Feb-2025
134131,90516,1,Polycab India Ltd.,Electricals,Electricals,Domestic Equities,114.0,104.0,9.615384615384617,0.05373276,0.0627946799999999,-14.43103141858514,0.392927807999715,1100,polycab-india,Large Cap,Feb-2025
152238,8313,1,MRF Ltd.,Automobile & Ancillaries,Automobile & Ancillaries,Domestic Equities,5.0,4.0,25.0,0.0526868499999999,0.045453,15.91501111037774,0.38527945485975,1100,mrf,Mid Cap,Feb-2025
133309,5981,1,Bharat Electronics Ltd.,Capital Goods,Capital Goods,Domestic Equities,2128.0,1938.0,9.803921568627452,0.052402,0.05671557,-7.605618703999628,0.383196452123455,1100,bharat-electronics,Large Cap,Feb-2025
707,8442,1,Bajaj Auto Ltd.,Automobile & Ancillaries,Automobile & Ancillaries,Domestic Equities,66.0,60.0,10.0,0.05215914,0.0530867999999999,-1.7474400415922626,0.381420506732769,1100,bajaj-auto,Large Cap,Feb-2025
77293,6578,1,Muthoot Finance Ltd.,Finance,Finance,Domestic Equities,244.0,223.0,9.417040358744394,0.05204032,0.05037124,3.3135574982867086,0.380551620002467,1100,muthoot-finance,Mid Cap,Feb-2025
152256,5774,1,Oil & Natural Gas Corporation Ltd.,Crude Oil,Crude Oil,Domestic Equities,2308.0,2102.0,9.800190294957185,0.0519877,0.055200622,-5.820445284112926,0.380166829396942,1100,oil-natural-gas-corporation,Large Cap,Feb-2025
96486,15829,1,Interglobe Aviation Ltd.,Aviation,Aviation,Domestic Equities,116.0,106.0,9.433962264150944,0.05193668,0.04583811,13.30458432950224,0.37979373899987,1100,interglobe-aviation,Large Cap,Feb-2025
56728,7719,1,Shriram Finance Ltd.,Finance,Finance,Domestic Equities,831.0,757.0,9.77542932628798,0.05129763,0.0411618749999999,24.6241333758484,0.375120602617108,1100,shriram-finance,Large Cap,Feb-2025
152245,5078,1,Grasim Industries Ltd.,Diversified,Construction Materials,Domestic Equities,221.0,201.0,9.950248756218906,0.050976965,0.050427885,1.0888420166738957,0.372775698027204,1100,grasim-industries,Large Cap,Feb-2025
1427,98308,1,Sona BLW Precision Forgings Ltd.,Automobile & Ancillaries,Automobile & Ancillaries,Domestic Equities,1023.0,931.0,9.881847475832435,0.0505259699999999,0.04695033,7.615793115831135,0.369477738332432,1100,sona-blw-precision-forgings,Mid Cap,Feb-2025
115643,7007,1,Coal India Ltd.,Mining,Mining,Domestic Equities,1349.0,1229.0,9.764035801464606,0.049825315,0.04865611,2.402997280300459,0.364354107361046,1100,coal-india,Large Cap,Feb-2025
191600,99819,1,FSN E-Commerce Ventures Ltd.,Retailing,Information Technology,Domestic Equities,3110.0,2833.0,9.77762089657607,0.0493867999999999,0.04784937,3.213062157349188,0.361147409292215,1100,fsn-e-commerce-ventures,Mid Cap,Feb-2025
19275,7232,1,NMDC Ltd.,Mining,Mining,Domestic Equities,7892.0,7188.0,9.794101279910963,0.0493092159999999,0.0475126799999999,3.781171678802374,0.360580066184289,1100,nmdc,Mid Cap,Feb-2025
56674,5695,1,Supreme Industries Ltd.,Plastic Products,Plastic Products,Domestic Equities,147.0,134.0,9.701492537313433,0.0489363,0.05318192,-7.983201809938413,0.357853069349434,1100,supreme-industries,Mid Cap,Feb-2025
133642,6320,1,Petronet LNG Ltd.,Inds. Gases & Fuels,Industrials Gases & Fuels,Domestic Equities,1711.0,1559.0,9.74983964079538,0.0484726299999999,0.04929558,-1.6694194489648002,0.354462422065817,1100,petronet-lng,Mid Cap,Feb-2025
171839,6306,1,Solar Industries India Ltd.,Chemicals,Chemicals,Domestic Equities,55.0,50.0,10.0,0.0479082999999999,0.05097325,-6.012859686207961,0.350335685417849,1100,solar-industries-india,Mid Cap,Feb-2025
79,7951,1,Balkrishna Industries Ltd.,Automobile & Ancillaries,Automobile & Ancillaries,Domestic Equities,183.0,167.0,9.580838323353294,0.047866395,0.046279875,3.428099146767359,0.350029249645813,1100,balkrishna-industries,Mid Cap,Feb-2025
539,7794,1,Adani Ports and Special Economic Zone Ltd.,Logistics,Logistics,Domestic Equities,438.0,399.0,9.774436090225564,0.04683972,0.0438640649999999,6.783810392402076,0.342521554949354,1100,adani-ports-and-special-economic-zone,Large Cap,Feb-2025
171511,5199,1,Wipro Ltd.,IT,Information Technology,Domestic Equities,1685.0,1534.0,9.84354628422425,0.046784025,0.04784546,-2.2184654510584694,0.342114278005706,1100,wipro,Large Cap,Feb-2025
152400,5891,1,Nestle India Ltd.,FMCG,Fast Moving Consumer Goods,Domestic Equities,213.0,194.0,9.793814432989691,0.046639545,0.04487608,3.929632445614684,0.341057749182325,1100,nestle-india,Large Cap,Feb-2025
133330,5128,1,Cipla Ltd.,Healthcare,Healthcare,Domestic Equities,327.0,297.0,10.1010101010101,0.04602525,0.0439381799999999,4.75001467971592,0.336565636962235,1100,cipla,Large Cap,Feb-2025
152616,7532,1,Vodafone Idea Ltd.,Telecom,Telecom,Domestic Equities,59286.0,53997.0,9.79498861047836,0.04476093,0.048867285,-8.403075800098176,0.32732013224202,1100,vodafone-idea,Mid Cap,Feb-2025
19182,5589,1,Coromandel International Ltd.,Chemicals,Chemicals,Domestic Equities,268.0,244.0,9.836065573770492,0.0446742599999999,0.0441530199999999,1.1805307994787235,0.326686346575336,1100,coromandel-international,Mid Cap,Feb-2025
123299,91366,1,KPIT Technologies Ltd.,IT,Information Technology,Domestic Equities,372.0,339.0,9.734513274336283,0.04454328,0.0477718799999999,-6.758369149382429,0.325728538260785,1100,kpit-technologies,Mid Cap,Feb-2025
152296,7356,1,Patanjali Foods Ltd.,FMCG,Fast Moving Consumer Goods,Domestic Equities,250.0,228.0,9.649122807017545,0.04401375,0.04160088,5.800045575958966,0.321856281146687,1100,patanjali-foods,Mid Cap,Feb-2025
133630,5815,1,Jindal Stainless Ltd.,Iron & Steel,Iron & Steel,Domestic Equities,745.0,678.0,9.882005899705016,0.0435713249999999,0.04429374,-1.6309641046342105,0.318620990693447,1100,jindal-stainless,Mid Cap,Feb-2025
153260,8051,1,Prestige Estates Projects Ltd.,Realty,Realty,Domestic Equities,385.0,350.0,10.0,0.0433741,0.0475825,-8.84442809856565,0.317178757185755,1100,prestige-estates-projects,Mid Cap,Feb-2025
756,88308,1,Rail Vikas Nigam Ltd.,Infrastructure,Infrastructure,Domestic Equities,1296.0,1180.0,9.830508474576272,0.04307904,0.0562033999999999,-23.351541009974486,0.315021092494263,1100,rail-vikas-nigam,Large Cap,Feb-2025
113892,8292,1,KEI Industries Ltd.,Electricals,Electricals,Domestic Equities,140.0,128.0,9.375,0.0429821,0.05150208,-16.542982341684066,0.314312206114567,1100,kei-industries,Mid Cap,Feb-2025
152323,7533,1,Tata Elxsi Ltd.,IT,Information Technology,Domestic Equities,79.0,72.0,9.722222222222223,0.04274769,0.0456192,-6.294520728114472,0.312598052449778,1100,tata-elxsi,Mid Cap,Feb-2025
677,6026,1,Oil India Ltd.,Crude Oil,Crude Oil,Domestic Equities,1245.0,1134.0,9.788359788359788,0.04266615,0.04767903,-10.51380449644214,0.31200178057645,1100,oil-india,Mid Cap,Feb-2025
352,7184,1,Ipca Laboratories Ltd.,Healthcare,Healthcare,Domestic Equities,310.0,282.0,9.929078014184398,0.0420158499999999,0.04070106,3.2303581282649563,0.307246377102997,1100,ipca-laboratories,Mid Cap,Feb-2025
171336,8097,1,JK Cement Ltd.,Construction Materials,Construction Materials,Domestic Equities,95.0,87.0,9.195402298850574,0.041698825,0.042063195,-0.8662442308531311,0.304928090487325,1100,jk-cement,Mid Cap,Feb-2025
152608,7159,1,Indian Bank,Bank,Banking,Domestic Equities,806.0,734.0,9.809264305177113,0.0411704799999999,0.0407920499999999,0.9277052759054676,0.301064498840114,1100,indian-bank,Mid Cap,Feb-2025
171698,8307,1,Oracle Financial Services Software Ltd.,IT,Information Technology,Domestic Equities,53.0,49.0,8.16326530612245,0.04114867,0.044698045,-7.940783539861757,0.300905010373628,1100,oracle-financial-services-software,Mid Cap,Feb-2025
171462,6372,1,Divi's Laboratories Ltd.,Healthcare,Healthcare,Domestic Equities,75.0,68.0,10.294117647058822,0.041101875,0.03792836,8.367129504149414,0.300562815839505,1100,divi's-laboratories,Large Cap,Feb-2025
2469,110949,1,JIO Financial Services Ltd.,Finance,Finance,Domestic Equities,1952.0,1778.0,9.786276715410573,0.040525472,0.0429653699999999,-5.678754773902788,0.296347793806122,1100,jio-financial-services,Large Cap,Feb-2025
171444,98250,1,Kalyan Jewellers India Ltd.,Diamond  &  Jewellery,Diamond & Jewellery,Domestic Equities,875.0,797.0,9.786700125470514,0.040446875,0.04009707,0.87239541442805,0.295773043003719,1100,kalyan-jewellers-india,Mid Cap,Feb-2025
171585,5257,1,Dr. Reddy's Laboratories Ltd.,Healthcare,Healthcare,Domestic Equities,362.0,330.0,9.696969696969695,0.0404173,0.0401725499999999,0.6092468613518608,0.29555677196308,1100,dr-reddy's-laboratories,Large Cap,Feb-2025
152242,5741,1,Vedanta Ltd.,Non - Ferrous Metals,Non - Ferrous Metals,Domestic Equities,1008.0,918.0,9.803921568627452,0.0397908,0.04052052,-1.8008653393391694,0.290975409090378,1100,vedanta,Large Cap,Feb-2025
153691,5278,1,Oberoi Realty Ltd.,Realty,Realty,Domestic Equities,268.0,244.0,9.836065573770492,0.0397846,0.04422866,-10.04791915468386,0.290930070782619,1100,oberoi-realty,Mid Cap,Feb-2025
75891,5355,1,Container Corporation Of India Ltd.,Logistics,Logistics,Domestic Equities,629.0,573.0,9.773123909249565,0.03923073,0.04469973,-12.23497323138194,0.286879824247418,1100,container-corporation-of-india,Mid Cap,Feb-2025
114442,5285,1,IndusInd Bank Ltd.,Bank,Banking,Domestic Equities,393.0,358.0,9.776536312849162,0.03891093,0.03548496,9.654710051807866,0.284541245082709,1100,indusind-bank,Mid Cap,Feb-2025
58168,86912,1,HDFC Life Insurance Company Ltd.,Insurance,Finance,Domestic Equities,636.0,579.0,9.844559585492227,0.0387006,0.036943095,4.757330158721134,0.28300317955515,1100,hdfc-life-insurance-company,Large Cap,Feb-2025
171572,5156,1,Eicher Motors Ltd.,Automobile & Ancillaries,Automobile & Ancillaries,Domestic Equities,81.0,74.0,9.45945945945946,0.03866616,0.03843782,0.5940503389630323,0.282751332568181,1100,eicher-motors,Large Cap,Feb-2025
152907,86648,1,SBI Life Insurance Company Ltd.,Insurance,Finance,Domestic Equities,266.0,242.0,9.917355371900827,0.0380513,0.03590312,5.983268306487018,0.278255088711981,1100,sbi-life-insurance-company,Large Cap,Feb-2025
171434,4916,1,Astral Ltd.,Plastic Products,Plastic Products,Domestic Equities,282.0,257.0,9.72762645914397,0.03771045,0.03873761,-2.6515833062494054,0.275762578679801,1100,astral,Mid Cap,Feb-2025
152401,5684,1,Tata Consumer Products Ltd.,Agri,Agriculture,Domestic Equities,387.0,352.0,9.943181818181818,0.03729519,0.03606768,3.403351698806233,0.272725935828216,1100,tata-consumer-products,Large Cap,Feb-2025
152519,8782,1,Mahindra & Mahindra Financial Services Ltd.,Finance,Finance,Domestic Equities,1351.0,1230.0,9.83739837398374,0.03655806,0.03504885,4.306018599754352,0.267335576667234,1100,mahindra-mahindra-financial-services,Mid Cap,Feb-2025
38020,6672,1,Apollo Hospitals Enterprise Ltd.,Healthcare,Healthcare,Domestic Equities,60.0,54.0,11.11111111111111,0.0363155999999999,0.0367767,-1.2537829658452253,0.265562556328662,1100,apollo-hospitals-enterprise,Mid Cap,Feb-2025
171509,5522,1,Tata Communications Ltd.,Telecom,Telecom,Domestic Equities,268.0,244.0,9.836065573770492,0.036247,0.0398452,-9.030447833114152,0.265060909891204,1100,tata-communications,Mid Cap,Feb-2025
171886,6139,1,Exide Industries Ltd.,Automobile & Ancillaries,Automobile & Ancillaries,Domestic Equities,1039.0,946.0,9.830866807610994,0.03613642,0.0354277,2.0004685599121603,0.264252279234439,1100,exide-industries,Mid Cap,Feb-2025
134703,87891,1,Hindustan Aeronautics Ltd.,Capital Goods,Capital Goods,Domestic Equities,113.0,102.0,10.784313725490197,0.03489666,0.04015536,-13.0958855804057,0.25518637271399,1100,hindustan-aeronautics,Large Cap,Feb-2025
38605,83193,1,Varun Beverages Ltd.,FMCG,Fast Moving Consumer Goods,Domestic Equities,797.0,726.0,9.77961432506887,0.034753185,0.03896805,-10.816207123528118,0.254137193084044,1100,varun-beverages,Large Cap,Feb-2025
171514,5399,1,Cholamandalam Investment and Finance Company Ltd.,Finance,Finance,Domestic Equities,248.0,226.0,9.734513274336283,0.0347386,0.02906021,19.540085911285576,0.254030538371357,1100,cholamandalam-investment-and-finance-company,Large Cap,Feb-2025
133351,5368,1,Steel Authority Of India Ltd.,Iron & Steel,Iron & Steel,Domestic Equities,3301.0,3006.0,9.813705921490351,0.034667102,0.032293458,7.350231740434864,0.253507699931337,1100,steel-authority-of-india,Mid Cap,Feb-2025
152207,5372,1,LIC Housing Finance Ltd.,Finance,Finance,Domestic Equities,686.0,625.0,9.76,0.03408734,0.03738125,-8.811663601404453,0.249268114772832,1100,lic-housing-finance,Mid Cap,Feb-2025
152316,5915,1,Tata Power Company Ltd.,Power,Power,Domestic Equities,1004.0,915.0,9.726775956284154,0.03405568,0.03335175,2.1106238803061355,0.249036596898052,1100,tata-power-company,Large Cap,Feb-2025
171840,6541,1,UNO Minda Ltd.,Automobile & Ancillaries,Automobile & Ancillaries,Domestic Equities,408.0,371.0,9.973045822102426,0.03369672,0.03508176,-3.9480345341852905,0.246411655131435,1100,uno-minda,Mid Cap,Feb-2025
152367,6359,1,Abbott India Ltd.,Healthcare,Healthcare,Domestic Equities,11.0,10.0,10.0,0.033435215,0.0261733,27.74550782667833,0.244499365749111,1100,abbott-india,Mid Cap,Feb-2025
173672,92657,1,Gujarat Fluorochemicals Ltd.,Chemicals,Chemicals,Domestic Equities,93.0,84.0,10.714285714285714,0.033339105,0.03005142,10.940198499771386,0.24379654885255,1100,gujarat-fluorochemicals,Mid Cap,Feb-2025
171333,7587,1,United Breweries Ltd.,Alcohol,Alcohol,Domestic Equities,171.0,156.0,9.615384615384617,0.033279165,0.0334776,-0.5927396229120337,0.243358229793349,1100,united-breweries,Mid Cap,Feb-2025
171628,5788,1,Britannia Industries Ltd.,FMCG,Fast Moving Consumer Goods,Domestic Equities,70.0,63.0,11.11111111111111,0.03216815,0.0323167949999999,-0.4599620723527762,0.235233787858767,1100,britannia-industries,Large Cap,Feb-2025
152572,7512,1,Info Edge (India) Ltd.,IT,Information Technology,Domestic Equities,46.0,42.0,9.523809523809524,0.03216619,0.03243954,-0.8426445011242418,0.235219455103411,1100,info-edge-india,Large Cap,Feb-2025
171433,6783,1,Berger Paints India Ltd.,Chemicals,Chemicals,Domestic Equities,650.0,592.0,9.797297297297296,0.03175575,0.0279868,13.4668843883545,0.232218059129793,1100,berger-paints-india,Mid Cap,Feb-2025
152604,5456,1,Power Finance Corporation Ltd.,Finance,Finance,Domestic Equities,865.0,788.0,9.771573604060912,0.03151195,0.0332929999999999,-5.349623043883097,0.230435239866641,1100,power-finance-corporation,Large Cap,Feb-2025
133643,6434,1,Biocon Ltd.,Healthcare,Healthcare,Domestic Equities,1028.0,936.0,9.82905982905983,0.03109186,0.03393468,-8.377329622675097,0.227363277010785,1100,biocon,Mid Cap,Feb-2025
75697,6614,1,Adani Enterprises Ltd.,Trading,Trading,Domestic Equities,148.0,134.0,10.44776119402985,0.0310208,0.03065652,1.1882627251886353,0.226843641502829,1100,adani-enterprises,Large Cap,Feb-2025
133507,6902,1,TVS Motor Company Ltd.,Automobile & Ancillaries,Automobile & Ancillaries,Domestic Equities,139.0,127.0,9.448818897637794,0.03093445,0.03121533,-0.8998142899658562,0.226212195877837,1100,tvs-motor-company,Large Cap,Feb-2025
47051,90577,1,Dalmia Bharat Ltd.,Construction Materials,Construction Materials,Domestic Equities,182.0,166.0,9.63855421686747,0.03075163,0.03098141,-0.7416705695447743,0.224875300809381,1100,dalmia-bharat,Mid Cap,Feb-2025
133635,5732,1,Indraprastha Gas Ltd.,Gas Transmission,Gas Transmission,Domestic Equities,1601.0,1458.0,9.8079561042524,0.030335748,0.02942244,3.1041205284129973,0.221834109501759,1100,indraprastha-gas,Mid Cap,Feb-2025
171619,82976,1,Avenue Supermarts Ltd.,Retailing,Retailing,Domestic Equities,88.0,80.0,10.0,0.02995476,0.0293171999999999,2.1746960828455704,0.219048085115255,1100,avenue-supermarts,Large Cap,Feb-2025
134830,88309,1,Mazagon Dock Shipbuilders Ltd.,Ship Building,Ship Building,Domestic Equities,140.0,127.0,10.236220472440944,0.0298347,0.03173095,-5.9760265608183785,0.218170130723401,1100,mazagon-dock-shipbuilders,Mid Cap,Feb-2025
46521,101004,1,Delhivery Ltd.,Logistics,Logistics,Domestic Equities,1164.0,1060.0,9.811320754716984,0.02908254,0.0340313,-14.541789470281774,0.212669862729256,1100,delhivery,Small Cap,Feb-2025
171335,5389,1,Bajaj Holdings & Investment Ltd.,Finance,Finance,Domestic Equities,25.0,23.0,8.695652173913043,0.028935875,0.02658731,8.833405861668602,0.211597355808705,1100,bajaj-holdings-investment,Large Cap,Feb-2025
19183,6082,1,Deepak Nitrite Ltd.,Chemicals,Chemicals,Domestic Equities,156.0,142.0,9.859154929577464,0.0288802799999999,0.03302352,-12.546330615270575,0.211190810128086,1100,deepak-nitrite,Mid Cap,Feb-2025
152325,5528,1,Thermax Ltd.,Capital Goods,Capital Goods,Domestic Equities,88.0,80.0,10.0,0.0285868,0.0309088,-7.512423646340192,0.209044699392443,1100,thermax,Mid Cap,Feb-2025
152079,6815,1,Linde India Ltd.,Inds. Gases & Fuels,Industrials Gases & Fuels,Domestic Equities,48.0,43.0,11.627906976744184,0.02844984,0.026951755,5.558394991346583,0.208043161548795,1100,linde-india,Mid Cap,Feb-2025
171565,6678,1,Apollo Tyres Ltd.,Automobile & Ancillaries,Automobile & Ancillaries,Domestic Equities,760.0,692.0,9.826589595375722,0.0284467999999999,0.03026116,-5.995672340386164,0.208020931152733,1100,apollo-tyres,Small Cap,Feb-2025
171410,5631,1,Procter & Gamble Hygiene and Health Care Ltd.,FMCG,Fast Moving Consumer Goods,Domestic Equities,21.0,19.0,10.526315789473683,0.02843799,0.02755114,3.2189230645265625,0.207956506879934,1100,procter-gamble-hygiene-and-health-care,Mid Cap,Feb-2025
171383,5551,1,Hero MotoCorp Ltd.,Automobile & Ancillaries,Automobile & Ancillaries,Domestic Equities,77.0,70.0,10.0,0.02834447,0.03037405,-6.6819538388855015,0.207272629695807,1100,hero-motocorp,Large Cap,Feb-2025
75659,6055,1,Lloyds Metals & Energy Ltd.,Iron & Steel,Iron & Steel,Domestic Equities,277.0,252.0,9.92063492063492,0.02828447,0.03122532,-9.418158084528836,0.206833871878789,1100,lloyds-metals-energy,Mid Cap,Feb-2025
152324,4941,1,ACC Ltd.,Construction Materials,Construction Materials,Domestic Equities,155.0,141.0,9.929078014184398,0.028187525,0.0283078649999999,-0.4251115370233636,0.206124948935941,1100,acc,Mid Cap,Feb-2025
44430,82482,1,L&T Technology Services Ltd.,IT,Information Technology,Domestic Equities,62.0,57.0,8.771929824561402,0.02810584,0.031061295,-9.514912369236384,0.205527616731222,1100,lt-technology-services,Mid Cap,Feb-2025
97743,96921,1,Gland Pharma Ltd.,Healthcare,Healthcare,Domestic Equities,181.0,165.0,9.696969696969695,0.02810568,0.025158375,11.715005440534217,0.205526446710376,1100,gland-pharma,Small Cap,Feb-2025
19098,6973,1,Schaeffler India Ltd.,Automobile & Ancillaries,Automobile & Ancillaries,Domestic Equities,91.0,83.0,9.63855421686747,0.027857375,0.02843414,-2.028424281515105,0.203710684047796,1100,schaeffler-india,Mid Cap,Feb-2025
152397,5267,1,Tata Chemicals Ltd.,Chemicals,Chemicals,Domestic Equities,357.0,325.0,9.846153846153848,0.0277513949999999,0.03204825,-13.407455945332432,0.202935691490336,1100,tata-chemicals,Small Cap,Feb-2025
152486,5772,1,AIA Engineering Ltd.,Automobile & Ancillaries,Automobile & Ancillaries,Domestic Equities,88.0,80.0,10.0,0.027643,0.0294448,-6.119246861924686,0.20214303893074,1100,aia-engineering,Mid Cap,Feb-2025
152376,5012,1,Bharat Petroleum Corporation Ltd.,Crude Oil,Crude Oil,Domestic Equities,1151.0,1049.0,9.723546234509056,0.02731323,0.02738939,-0.2780638780199057,0.199731552842104,1100,bharat-petroleum-corporation,Large Cap,Feb-2025
177212,94646,1,Hitachi Energy India Ltd.,Capital Goods,Capital Goods,Domestic Equities,24.0,21.0,14.285714285714285,0.02708244,0.027013455,0.2553727392516115,0.198043870898942,1100,hitachi-energy-india,Mid Cap,Feb-2025
19805,15724,1,Syngene International Ltd.,Business Services,Healthcare,Domestic Equities,412.0,376.0,9.574468085106384,0.02687888,0.02807404,-4.257171393928339,0.196555311878403,1100,syngene-international,Mid Cap,Feb-2025
83342,79963,1,Bandhan Bank Ltd.,Bank,Banking,Domestic Equities,1899.0,1730.0,9.768786127167632,0.026811981,0.02618874,2.379805213996553,0.196066104225058,1100,bandhan-bank,Small Cap,Feb-2025
171943,4973,1,REC Ltd.,Finance,Finance,Domestic Equities,742.0,676.0,9.763313609467456,0.02673426,0.03040986,-12.086869193084087,0.195497759286783,1100,rec,Large Cap,Feb-2025
133407,5997,1,Hindustan Zinc Ltd.,Non - Ferrous Metals,Non - Ferrous Metals,Domestic Equities,680.0,620.0,9.67741935483871,0.0265743999999999,0.0279092999999999,-4.782993482459256,0.19432876220964,1100,hindustan-zinc,Large Cap,Feb-2025
114414,5238,1,Bank Of India,Bank,Banking,Domestic Equities,2774.0,2527.0,9.774436090225564,0.026397384,0.028433804,-7.161968198134863,0.19303430964735,1100,bank-of-india,Mid Cap,Feb-2025
57541,86814,1,General Insurance Corporation of India,Insurance,Finance,Domestic Equities,706.0,643.0,9.79782270606532,0.02604434,0.026456235,-1.5568919765038454,0.190452629401492,1100,general-insurance-corporation-of-india,Mid Cap,Feb-2025
153405,17058,1,LTIMindtree Ltd.,IT,Information Technology,Domestic Equities,55.0,50.0,10.0,0.025662725,0.02957075,-13.215846740444526,0.1876620199958,1100,ltimindtree,Large Cap,Feb-2025
79346,86555,1,Aditya Birla Capital Ltd.,Finance,Finance,Domestic Equities,1625.0,1480.0,9.797297297297296,0.025403625,0.02654972,-4.3167875216763045,0.185767317489308,1100,aditya-birla-capital,Mid Cap,Feb-2025
57031,5903,1,Indian Oil Corporation Ltd.,Crude Oil,Crude Oil,Domestic Equities,2229.0,2030.0,9.80295566502463,0.025296921,0.02608347,-3.015507522580396,0.184987030587522,1100,indian-oil-corporation,Large Cap,Feb-2025
171741,5431,1,GAIL (India) Ltd.,Inds. Gases & Fuels,Industrials Gases & Fuels,Domestic Equities,1607.0,1463.0,9.842788790157211,0.025075628,0.025912656,-3.230189911833034,0.183368796694164,1100,gail-india,Large Cap,Feb-2025
1704,6920,1,L&T Finance Ltd.,Finance,Finance,Domestic Equities,1838.0,1674.0,9.79689366786141,0.0247633739999999,0.0243516779999999,1.690626822513008,0.181085398637575,1100,lt-finance,Mid Cap,Feb-2025
134823,84770,1,Cochin Shipyard Ltd.,Ship Building,Ship Building,Domestic Equities,193.0,176.0,9.659090909090908,0.024483015,0.02696848,-9.216184968526228,0.179035236923883,1100,cochin-shipyard,Mid Cap,Feb-2025
171837,6012,1,DLF Ltd.,Realty,Realty,Domestic Equities,381.0,347.0,9.798270893371756,0.024214455,0.025853235,-6.338781200882597,0.177071356934908,1100,dlf,Large Cap,Feb-2025
171387,6208,1,Pidilite Industries Ltd.,Chemicals,Chemicals,Domestic Equities,91.0,83.0,9.63855421686747,0.02418689,0.02383511,1.4758899791106546,0.176869784281139,1100,pidilite-industries,Large Cap,Feb-2025
133333,4917,1,CRISIL Ltd.,Ratings,Ratings,Domestic Equities,55.0,50.0,10.0,0.0241362,0.0271665,-11.154546960410803,0.176499107052062,1100,crisil,Mid Cap,Feb-2025
152377,4902,1,Siemens Ltd.,Capital Goods,Capital Goods,Domestic Equities,52.0,47.0,10.638297872340424,0.0240422,0.0285447449999999,-15.773638895705666,0.175811719805399,1100,siemens,Large Cap,Feb-2025
171636,86629,1,ICICI Lombard General Insurance Company Ltd.,Insurance,Finance,Domestic Equities,142.0,129.0,10.07751937984496,0.02401149,0.02397465,0.1536623058105224,0.175587148929388,1100,icici-lombard-general-insurance-company,Mid Cap,Feb-2025
114654,92672,1,Indian Renewable Energy Development Agency Ltd.,Finance,Finance,Domestic Equities,1538.0,1401.0,9.77872947894361,0.023995876,0.028315611,-15.25566585866716,0.17547296952014,1100,indian-renewable-energy-development-agency,Mid Cap,Feb-2025
133495,5019,1,Ajanta Pharma Ltd.,Healthcare,Healthcare,Domestic Equities,96.0,87.0,10.344827586206897,0.02386512,0.023441715,1.806203172421486,0.174516799234772,1100,ajanta-pharma,Mid Cap,Feb-2025
171948,7104,1,Emami Ltd.,FMCG,Fast Moving Consumer Goods,Domestic Equities,450.0,410.0,9.75609756097561,0.0238477499999999,0.02417565,-1.356323408057294,0.174389778846745,1100,emami,Small Cap,Feb-2025
171580,109023,1,Tata Technologies Ltd.,IT,Information Technology,Domestic Equities,352.0,320.0,10.0,0.0236456,0.0252032,-6.180167597765359,0.172911530634906,1100,tata-technologies,Mid Cap,Feb-2025
95549,7450,1,Aditya Birla Fashion and Retail Ltd.,Retailing,Retailing,Domestic Equities,973.0,886.0,9.81941309255079,0.023561195,0.02426311,-2.8929308732474923,0.172294308075816,1100,aditya-birla-fashion-and-retail,Mid Cap,Feb-2025
152318,6472,1,Sundram Fasteners Ltd.,Automobile & Ancillaries,Automobile & Ancillaries,Domestic Equities,252.0,230.0,9.565217391304348,0.02353428,0.0240166,-2.0082776079878104,0.172097488631731,1100,sundram-fasteners,Small Cap,Feb-2025
152386,5556,1,Glaxosmithkline Pharmaceuticals Ltd.,Healthcare,Healthcare,Domestic Equities,94.0,86.0,9.30232558139535,0.02326829,0.01700349,36.84420080818702,0.170152402102585,1100,glaxosmithkline-pharmaceuticals,Mid Cap,Feb-2025
133583,8200,1,United Spirits Ltd.,Alcohol,Alcohol,Domestic Equities,175.0,159.0,10.062893081761008,0.0224778749999999,0.0226415999999999,-0.7231158575365753,0.164372389436939,1100,united-spirits,Large Cap,Feb-2025
171402,5320,1,Godrej Consumer Products Ltd.,FMCG,Fast Moving Consumer Goods,Domestic Equities,223.0,203.0,9.852216748768472,0.022414845,0.022761375,-1.5224475674250808,0.163911474350161,1100,godrej-consumer-products,Large Cap,Feb-2025
38708,8062,1,Adani Power Ltd.,Power,Power,Domestic Equities,467.0,426.0,9.624413145539906,0.022366965,0.02186232,2.3082865862360404,0.163561345612181,1100,adani-power,Large Cap,Feb-2025
76174,111823,1,Bharti Hexacom Ltd.,Telecom,Telecom,Domestic Equities,171.0,156.0,9.615384615384617,0.02230524,0.02113644,5.529786473029522,0.163109973507923,1100,bharti-hexacom,Mid Cap,Feb-2025
114405,5008,1,Bank Of Baroda,Bank,Banking,Domestic Equities,1108.0,1009.0,9.81169474727453,0.021835356,0.021531051,1.4133309145011097,0.159673885539724,1100,bank-of-baroda,Large Cap,Feb-2025
152308,5173,1,Shree Cement Ltd.,Construction Materials,Construction Materials,Domestic Equities,8.0,7.0,14.285714285714285,0.0218272,0.01945713,12.180984554248246,0.15961424372713,1100,shree-cement,Mid Cap,Feb-2025
102429,100653,1,Global Health Ltd.,Healthcare,Healthcare,Domestic Equities,189.0,172.0,9.883720930232558,0.021728385,0.01788112,21.51579431266052,0.158891646165652,1100,global-health,Small Cap,Feb-2025
152370,5063,1,Escorts Kubota Ltd.,Automobile & Ancillaries,Automobile & Ancillaries,Domestic Equities,75.0,69.0,8.695652173913043,0.0215171249999999,0.025001805,-13.937713697071072,0.15734677989193,1100,escorts-kubota,Mid Cap,Feb-2025
171639,5614,1,Havells India Ltd.,Capital Goods,Capital Goods,Domestic Equities,150.0,137.0,9.48905109489051,0.021327,0.02145694,-0.6055849529336612,0.155956466059252,1100,havells-india,Large Cap,Feb-2025
171646,5397,1,Carborundum Universal Ltd.,Abrasives,Abrasives,Domestic Equities,254.0,231.0,9.956709956709958,0.02112391,0.02741277,-22.94135178604716,0.154471343974947,1100,carborundum-universal,Small Cap,Feb-2025
113818,7906,1,Samvardhana Motherson International Ltd.,Automobile & Ancillaries,Automobile & Ancillaries,Domestic Equities,1754.0,1597.0,9.830932999373823,0.020800686,0.022559222,-7.795197901771609,0.152107726364147,1100,samvardhana-motherson-international,Large Cap,Feb-2025
57781,87827,1,Bharat Dynamics Ltd.,Capital Goods,Capital Goods,Domestic Equities,210.0,191.0,9.947643979057592,0.0204834,0.0249255,-17.821508094120478,0.149787531151971,1100,bharat-dynamics,Mid Cap,Feb-2025
797,86851,1,Nippon Life India Asset Management Ltd.,Finance,Finance,Domestic Equities,397.0,362.0,9.668508287292818,0.02037801,0.02113356,-3.5751193835775914,0.149016853046378,1100,nippon-life-india-asset-management,Mid Cap,Feb-2025
133170,6243,1,Timken India Ltd.,Automobile & Ancillaries,Automobile & Ancillaries,Domestic Equities,82.0,74.0,10.81081081081081,0.0202884399999999,0.02114772,-4.063227619809606,0.148361860751872,1100,timken-india,Small Cap,Feb-2025
645,8087,1,IRB Infrastructure Developers Ltd.,Infrastructure,Infrastructure,Domestic Equities,4531.0,4126.0,9.815802229762484,0.019601106,0.023650232,-17.120872218082262,0.143335641328494,1100,irb-infrastructure-developers,Mid Cap,Feb-2025
152363,7424,1,SKF India Ltd.,Automobile & Ancillaries,Automobile & Ancillaries,Domestic Equities,53.0,48.0,10.416666666666668,0.01955859,0.01941048,0.7630414085586708,0.143024737539355,1100,skf-india,Small Cap,Feb-2025
171942,7813,1,Jindal Steel & Power Ltd.,Iron & Steel,Iron & Steel,Domestic Equities,225.0,205.0,9.75609756097561,0.019263375,0.016226775,18.71351516243985,0.140865939390169,1100,jindal-steel-power,Mid Cap,Feb-2025
115032,83788,1,Housing & Urban Development Corporation Ltd.,Finance,Finance,Domestic Equities,1146.0,1043.0,9.87535953978907,0.018925044,0.02395771,-21.00645679407589,0.138391849873674,1100,housing-urban-development-corporation,Mid Cap,Feb-2025
58178,99657,1,Star Health and Allied Insurance Company Ltd.,Insurance,Finance,Domestic Equities,502.0,457.0,9.846827133479213,0.01884006,0.019799525,-4.845899080912291,0.137770393301649,1100,star-health-and-allied-insurance-company,Small Cap,Feb-2025
171405,6966,1,Poonawalla Fincorp Ltd.,Finance,Finance,Domestic Equities,666.0,606.0,9.9009900990099,0.01873458,0.01881024,-0.4022277227722751,0.13699905705933,1100,poonawalla-fincorp,Small Cap,Feb-2025
134667,88599,1,Macrotech Developers Ltd.,Realty,Realty,Domestic Equities,165.0,150.0,10.0,0.01865985,0.0180675,3.278538812785384,0.136452584198234,1100,macrotech-developers,Large Cap,Feb-2025
152334,5218,1,Ambuja Cements Ltd.,Construction Materials,Construction Materials,Domestic Equities,399.0,363.0,9.917355371900827,0.018551505,0.01861464,-0.3391685254187071,0.135660297270153,1100,ambuja-cements,Large Cap,Feb-2025
509,8487,1,K.P.R. Mill Ltd.,Textile,Textile,Domestic Equities,229.0,208.0,10.096153846153848,0.01835664,0.0193856,-5.307857378672834,0.13423532156993,1100,kpr-mill,Small Cap,Feb-2025
196533,104025,1,Motherson Sumi Wiring India Ltd.,Iron & Steel,Iron & Steel,Domestic Equities,3872.0,3526.0,9.81281905842314,0.0181984,0.0197914379999999,-8.04912710233587,0.133078170953847,1100,motherson-sumi-wiring-india,Small Cap,Feb-2025
13,7543,1,Tata Investment Corporation Ltd.,Finance,Finance,Domestic Equities,30.0,27.0,11.11111111111111,0.01819635,0.016268445,11.850579449972008,0.133063180061765,1100,tata-investment-corporation,Mid Cap,Feb-2025
133599,5561,1,Punjab National Bank,Bank,Banking,Domestic Equities,2049.0,1866.0,9.807073954983924,0.017906211,0.01888392,-5.177468449347381,0.130941500823899,1100,punjab-national-bank,Large Cap,Feb-2025
171799,4956,1,Dabur India Ltd.,FMCG,Fast Moving Consumer Goods,Domestic Equities,351.0,320.0,9.6875,0.01731483,0.0169552,2.121060205718611,0.126616950214128,1100,dabur-india,Large Cap,Feb-2025
113787,7539,1,Honeywell Automation India Ltd.,Consumer Durables,Consumer Durables,Domestic Equities,5.0,4.0,25.0,0.016850825,0.0161889,4.088758346768471,0.123223853199367,1100,honeywell-automation-india,Mid Cap,Feb-2025
133645,6755,1,Bank Of Maharashtra,Bank,Banking,Domestic Equities,3592.0,3272.0,9.7799511002445,0.016670472,0.016782088,-0.6650900650741364,0.121904998389821,1100,bank-of-maharashtra,Mid Cap,Feb-2025
152331,7581,1,Torrent Pharmaceuticals Ltd.,Healthcare,Healthcare,Domestic Equities,55.0,50.0,10.0,0.01621455,0.0163455,-0.8011379278700473,0.118571009365642,1100,torrent-pharmaceuticals,Large Cap,Feb-2025
133614,6833,1,Canara Bank,Bank,Banking,Domestic Equities,2003.0,1824.0,9.81359649122807,0.01620427,0.017012448,-4.750509744394219,0.118495835526326,1100,canara-bank,Mid Cap,Feb-2025
133387,5868,1,Godrej Industries Ltd.,Chemicals,Chemicals,Domestic Equities,145.0,132.0,9.848484848484848,0.0159152,0.01175526,35.38790294727636,0.116381973490233,1100,godrej-industries,Mid Cap,Feb-2025
152064,6806,1,3M India Ltd.,Diversified,Diversified,Domestic Equities,6.0,5.0,20.0,0.01577838,0.014946125,5.568366382590818,0.115381459414825,1100,3m-india,Mid Cap,Feb-2025
78882,109773,1,JSW Infrastructure Ltd.,Logistics,Logistics,Domestic Equities,617.0,562.0,9.786476868327403,0.015718075,0.015455,1.702199935296016,0.11494047124557,1100,jsw-infrastructure,Mid Cap,Feb-2025
171853,7249,1,NLC India Ltd.,Power,Power,Domestic Equities,745.0,678.0,9.882005899705016,0.01542448,0.015046176,2.514286686530853,0.112793519557444,1100,nlc-india,Mid Cap,Feb-2025
19510,6302,1,ZF Commercial Vehicle Control Systems India Ltd.,Automobile & Ancillaries,Automobile & Ancillaries,Domestic Equities,14.0,12.0,16.666666666666664,0.01531866,0.0132407999999999,15.692858437556644,0.112019697020829,1100,zf-commercial-vehicle-control-systems-india,Small Cap,Feb-2025
133272,5382,1,ABB India Ltd.,Capital Goods,Capital Goods,Domestic Equities,31.0,28.0,10.714285714285714,0.01529974,0.01644902,-6.986920801360819,0.111881342055863,1100,abb-india,Large Cap,Feb-2025
19128,7053,1,Grindwell Norton Ltd.,Abrasives,Abrasives,Domestic Equities,105.0,96.0,9.375,0.015097425,0.01850352,-18.40782186308335,0.110401887260027,1100,grindwell-norton,Small Cap,Feb-2025
114697,5402,1,JSW Energy Ltd.,Power,Power,Domestic Equities,317.0,289.0,9.688581314878892,0.01471197,0.01469854,0.0913696190233924,0.107583197354046,1100,jsw-energy,Large Cap,Feb-2025
137768,15760,1,Gujarat Gas Ltd.,Gas Transmission,Gas Transmission,Domestic Equities,393.0,358.0,9.776536312849162,0.0145547549999999,0.0173988,-16.34621353196773,0.106433542184003,1100,gujarat-gas,Mid Cap,Feb-2025
171394,82477,1,Endurance Technologies Ltd.,Automobile & Ancillaries,Automobile & Ancillaries,Domestic Equities,80.0,73.0,9.58904109589041,0.014126,0.0145229849999999,-2.733494526090873,0.10329821538674,1100,endurance-technologies,Mid Cap,Feb-2025
84351,88646,1,Adani Green Energy Ltd.,Power,Power,Domestic Equities,182.0,165.0,10.303030303030305,0.01409408,0.016459575,-14.371543615190548,0.103064796228086,1100,adani-green-energy,Large Cap,Feb-2025
139932,15713,1,Adani Energy Solutions Ltd.,Power,Power,Domestic Equities,215.0,195.0,10.256410256410255,0.01399435,0.014592825,-4.101159302602482,0.102335507609898,1100,adani-energy-solutions,Large Cap,Feb-2025
1840,4901,1,SJVN Ltd.,Power,Power,Domestic Equities,1633.0,1487.0,9.818426361802286,0.013735163,0.0144997369999999,-5.273019779600141,0.100440168904571,1100,sjvn,Mid Cap,Feb-2025
19174,6780,1,Bayer CropScience Ltd.,Chemicals,Chemicals,Domestic Equities,29.0,26.0,11.538461538461538,0.01371439,0.01330134,3.105326230289591,0.100288263635689,1100,bayer-cropscience,Small Cap,Feb-2025
153586,8183,1,NHPC Ltd.,Power,Power,Domestic Equities,1880.0,1712.0,9.813084112149532,0.0137051999999999,0.01379016,-0.616091473920539,0.100221060563383,1100,nhpc,Mid Cap,Feb-2025
133342,5963,1,Bharat Heavy Electricals Ltd.,Capital Goods,Capital Goods,Domestic Equities,763.0,695.0,9.784172661870503,0.013670671,0.014462255,-5.47344795123581,0.0999685627523187,1100,bharat-heavy-electricals,Mid Cap,Feb-2025
152374,6232,1,Bosch Ltd.,Automobile & Ancillaries,Automobile & Ancillaries,Domestic Equities,5.0,4.0,25.0,0.0132719999999999,0.0114916599999999,15.492452787499808,0.0970532291245085,1100,bosch,Large Cap,Feb-2025
171968,4931,1,Zydus Lifesciences Ltd.,Healthcare,Healthcare,Domestic Equities,148.0,135.0,9.62962962962963,0.01297368,0.013098375,-0.9519883191617212,0.0948717252582921,1100,zydus-lifesciences,Large Cap,Feb-2025
133608,7612,1,Union Bank Of India,Bank,Banking,Domestic Equities,1148.0,1045.0,9.85645933014354,0.01286908,0.0120687049999999,6.6318217240375,0.0941068241306231,1100,union-bank-of-india,Mid Cap,Feb-2025
57620,82559,1,ICICI Prudential Life Insurance Company Ltd.,Insurance,Finance,Domestic Equities,232.0,211.0,9.95260663507109,0.01279712,0.0129976,-1.5424386040499831,0.0935806072554121,1100,icici-prudential-life-insurance-company,Large Cap,Feb-2025
114652,92620,1,Indian Railway Catering And Tourism Corporation Ltd.,Hospitality,Hospitality,Domestic Equities,179.0,163.0,9.8159509202454,0.0120100049999999,0.01340349,-10.396434063068655,0.0878247262697025,1100,indian-railway-catering-and-tourism-corporation,Mid Cap,Feb-2025
58145,71025,1,Indian Railway Finance Corporation Ltd.,Finance,Finance,Domestic Equities,1061.0,967.0,9.720785935884178,0.011927762,0.014595898,-18.280040049608463,0.0872233136172849,1100,indian-railway-finance-corporation,Large Cap,Feb-2025
152532,6617,1,Sun TV Network Ltd.,Media & Entertainment,Media & Entertainment,Domestic Equities,194.0,176.0,10.227272727272728,0.0108931,0.0108917599999999,0.0123028785063275,0.0796572129427504,1100,sun-tv-network,Small Cap,Feb-2025
555,5663,1,The Fertilisers And Chemicals Travancore Ltd.,Chemicals,Chemicals,Domestic Equities,142.0,129.0,10.07751937984496,0.00982214,0.011880255,-17.323828486846445,0.0718256784141802,1100,the-fertilisers-and-chemicals-travancore,Mid Cap,Feb-2025
58155,95800,1,Life Insurance Corporation of India,Insurance,Finance,Domestic Equities,131.0,120.0,9.166666666666666,0.00970055,0.0101454,-4.384745796124352,0.0709365356979921,1100,life-insurance-corporation-of-india,Large Cap,Feb-2025
133909,100034,1,Metro Brands Ltd.,Retailing,Retailing,Domestic Equities,84.0,77.0,9.090909090909092,0.00938406,0.009123345,2.857668979962932,0.0686221613395219,1100,metro-brands,Mid Cap,Feb-2025
97125,90518,1,Adani Total Gas Ltd.,Gas Transmission,Gas Transmission,Domestic Equities,164.0,150.0,9.333333333333334,0.00913726,0.0096465,-5.279013113564502,0.0668174041855189,1100,adani-total-gas,Mid Cap,Feb-2025
133353,4920,1,IDBI Bank Ltd.,Bank,Banking,Domestic Equities,1282.0,1167.0,9.85432733504713,0.008876568,0.009466704,-6.233806401890246,0.0649110599716154,1100,idbi-bank,Mid Cap,Feb-2025
57345,99844,1,AWL Agri Business Ltd.,FMCG,Fast Moving Consumer Goods,Domestic Equities,360.0,328.0,9.75609756097561,0.0088614,0.00874612,1.318070184264576,0.0648001419954731,1100,awl-agri-business,Mid Cap,Feb-2025
58164,86911,1,The New India Assurance Company Ltd.,Insurance,Finance,Domestic Equities,549.0,500.0,9.8,0.007801839,0.0090925,-14.194786912290343,0.0570519641395062,1100,the-new-india-assurance-company,Mid Cap,Feb-2025
133551,7167,1,Indian Overseas Bank,Bank,Banking,Domestic Equities,1566.0,1426.0,9.817671809256662,0.006816798,0.0072726,-6.267387179275646,0.0498487234922763,1100,indian-overseas-bank,Large Cap,Feb-2025
171883,5324,1,Mangalore Refinery And Petrochemicals Ltd.,Crude Oil,Crude Oil,Domestic Equities,418.0,381.0,9.711286089238843,0.00442244,0.0049339499999999,-10.367150052189412,0.0323396686715937,1100,mangalore-refinery-and-petrochemicals,Small Cap,Feb-2025
171875,5051,1,HDFC Bank Ltd.,Bank,Banking,Domestic Equities,4728.0,4525.0,4.486187845303868,0.8644,0.7839109999999999,10.267619666008008,5.42457122416834,1100,hdfc-bank,Large Cap,Mar-2025
171888,8748,1,ICICI Bank Ltd.,Bank,Banking,Domestic Equities,4386.0,4199.0,4.453441295546559,0.5914,0.5056015899999999,16.96956886547766,3.71135055758116,1100,icici-bank,Large Cap,Mar-2025
171531,4897,1,Reliance Industries Ltd.,Crude Oil,Crude Oil,Domestic Equities,4211.0,4040.0,4.232673267326733,0.5368999999999999,0.4848404,10.737471547338046,3.36933397762145,1100,reliance-industries,Large Cap,Mar-2025
171889,4926,1,Infosys Ltd.,IT,Information Technology,Domestic Equities,2237.0,2143.0,4.386374241717219,0.3514,0.36167411,-2.8407092783058228,2.20522249904298,1100,infosys,Large Cap,Mar-2025
133593,6508,1,Bharti Airtel Ltd.,Telecom,Telecom,Domestic Equities,1667.0,1596.0,4.448621553884712,0.289,0.25060392,15.3214203512858,1.81362920382306,1100,bharti-airtel,Large Cap,Mar-2025
152372,4964,1,Larsen & Toubro Ltd.,Infrastructure,Infrastructure,Domestic Equities,730.0,700.0,4.285714285714286,0.2548999999999999,0.2214695,15.09485504776052,1.59963350883909,1100,larsen-toubro,Large Cap,Mar-2025
152408,5535,1,ITC Ltd.,FMCG,Fast Moving Consumer Goods,Domestic Equities,5785.0,5533.0,4.554491234411712,0.237,0.2185535,8.440267485993122,1.48730145780645,1100,itc,Large Cap,Mar-2025
171915,6797,1,Tata Consultancy Services Ltd.,IT,Information Technology,Domestic Equities,635.0,608.0,4.440789473684211,0.2289999999999999,0.2117816,8.130262496836366,1.43709718918851,1100,tata-consultancy-services,Large Cap,Mar-2025
77009,96064,1,Max Healthcare Institute Ltd.,Healthcare,Healthcare,Domestic Equities,1883.0,1697.0,10.960518562168533,0.2066,0.16598357,24.470150870956687,1.29652523705828,1100,max-healthcare-institute,Mid Cap,Mar-2025
171492,5886,1,Kotak Mahindra Bank Ltd.,Bank,Banking,Domestic Equities,914.0,873.0,4.696449026345934,0.1984,0.166127535,19.42631906264064,1.24506586172489,1100,kotak-mahindra-bank,Large Cap,Mar-2025
171400,5889,1,Axis Bank Ltd.,Bank,Banking,Domestic Equities,1776.0,1697.0,4.655274012964054,0.1957,0.172338835,13.555368991556657,1.22812192106634,1100,axis-bank,Large Cap,Mar-2025
76200,82667,1,BSE Ltd.,Finance,Finance,Domestic Equities,344.0,309.0,11.326860841423947,0.1885,0.14318133,31.651242518839585,1.18293807931019,1100,bse,Mid Cap,Mar-2025
133350,8843,1,State Bank Of India,Bank,Banking,Domestic Equities,2388.0,2290.0,4.279475982532751,0.1842,0.1577352,16.77799248360545,1.15595328492805,1100,state-bank-of-india,Large Cap,Mar-2025
152473,5056,1,Suzlon Energy Ltd.,Capital Goods,Capital Goods,Domestic Equities,30079.0,27101.0,10.988524408693406,0.1704,0.134719071,26.48543278627567,1.06935092156211,1100,suzlon-energy,Mid Cap,Mar-2025
95548,5980,1,Persistent Systems Ltd.,IT,Information Technology,Domestic Equities,270.0,241.0,12.033195020746888,0.1489,0.12782399,16.488305520739893,0.934426949651395,1100,persistent-systems,Mid Cap,Mar-2025
171656,5311,1,Mahindra & Mahindra Ltd.,Automobile & Ancillaries,Automobile & Ancillaries,Domestic Equities,551.0,526.0,4.752851711026616,0.1469,0.13597626,8.03356409420291,0.92187588249691,1100,mahindra-mahindra,Large Cap,Mar-2025
171484,6114,1,Bajaj Finance Ltd.,Finance,Finance,Domestic Equities,163.0,166.0,-1.8072289156626504,0.1458,0.14160298,2.963934798547325,0.914972795561943,1100,bajaj-finance,Large Cap,Mar-2025
133657,7260,1,Coforge Ltd.,IT,Information Technology,Domestic Equities,169.0,152.0,11.18421052631579,0.1369999999999999,0.1119046799999999,22.42562152002937,0.85974810008221,1100,coforge,Mid Cap,Mar-2025
157113,99763,1,PB Fintech Ltd.,IT,Information Technology,Domestic Equities,839.0,755.0,11.125827814569536,0.1334,0.1105018,20.72201538798464,0.837156179204138,1100,pb-fintech,Mid Cap,Mar-2025
57445,86554,1,Dixon Technologies (India) Ltd.,Consumer Durables,Consumer Durables,Domestic Equities,98.0,87.0,12.643678160919542,0.1292,0.121241895,6.563824328215919,0.810798938179719,1100,dixon-technologies-india,Mid Cap,Mar-2025
171717,5016,1,Hindustan Unilever Ltd.,FMCG,Fast Moving Consumer Goods,Domestic Equities,552.0,528.0,4.545454545454546,0.1247,0.1156452,7.82981048932425,0.782559037082129,1100,hindustan-unilever,Large Cap,Mar-2025
152211,6247,1,Lupin Ltd.,Healthcare,Healthcare,Domestic Equities,612.0,551.0,11.070780399274046,0.1241,0.104946215,18.25104888251569,0.778793716935783,1100,lupin,Mid Cap,Mar-2025
171685,5596,1,The Federal Bank Ltd.,Bank,Banking,Domestic Equities,6213.0,5595.0,11.045576407506704,0.1197,0.09937839,20.44872129645087,0.751181369195916,1100,the-federal-bank,Mid Cap,Mar-2025
420,5071,1,Sun Pharmaceutical Industries Ltd.,Healthcare,Healthcare,Domestic Equities,670.0,642.0,4.361370716510903,0.1162,0.1022866499999999,13.602312716273335,0.729217001675568,1100,sun-pharmaceutical-industries,Large Cap,Mar-2025
38803,5403,1,Indus Towers Ltd.,Telecom,Telecom,Domestic Equities,3349.0,2838.0,18.005637773079634,0.1119999999999999,0.0917667299999999,22.048589941038543,0.70285976065115,1100,indus-towers,Large Cap,Mar-2025
165,7447,1,SRF Ltd.,Chemicals,Chemicals,Domestic Equities,368.0,331.0,11.178247734138973,0.1082,0.09252774,16.937904243635472,0.679012733057629,1100,srf,Mid Cap,Mar-2025
133664,7760,1,NTPC Ltd.,Power,Power,Domestic Equities,2947.0,2818.0,4.577714691270404,0.1054,0.08776661,20.091228315643026,0.66144123904135,1100,ntpc,Large Cap,Mar-2025
171528,8219,1,HCL Technologies Ltd.,IT,Information Technology,Domestic Equities,659.0,630.0,4.603174603174604,0.1049,0.09922815,5.715968704445264,0.658303472252729,1100,hcl-technologies,Large Cap,Mar-2025
171877,6125,1,Cummins India Ltd.,Automobile & Ancillaries,Automobile & Ancillaries,Domestic Equities,343.0,309.0,11.003236245954692,0.1047,0.083984655,24.665630882212948,0.65704836553728,1100,cummins-india,Large Cap,Mar-2025
114530,88033,1,HDFC Asset Management Company Ltd.,Finance,Finance,Domestic Equities,257.0,231.0,11.255411255411255,0.1032,0.08381373,23.13018404025212,0.647635065171417,1100,hdfc-asset-management-company,Mid Cap,Mar-2025
133625,7239,1,Maruti Suzuki India Ltd.,Automobile & Ancillaries,Automobile & Ancillaries,Domestic Equities,82.0,78.0,5.128205128205128,0.0944999999999999,0.09317763,1.419192568001568,0.593037923049408,1100,maruti-suzuki-india,Large Cap,Mar-2025
152636,5140,1,Fortis Healthcare Ltd.,Healthcare,Healthcare,Domestic Equities,1321.0,1189.0,11.101766190075695,0.0923,0.07285003,26.6986437754384,0.579231749179475,1100,fortis-healthcare,Mid Cap,Mar-2025
171365,5279,1,Hindustan Petroleum Corporation Ltd.,Crude Oil,Crude Oil,Domestic Equities,2434.0,2193.0,10.989512083903328,0.0877,0.064419375,36.139166205819286,0.550364294724159,1100,hindustan-petroleum-corporation,Mid Cap,Mar-2025
152378,5539,1,Tata Motors Ltd.,Automobile & Ancillaries,Automobile & Ancillaries,Domestic Equities,1297.0,1247.0,4.0096230954290295,0.0875,0.077395055,13.056318649815548,0.549109188008711,1100,tata-motors,Large Cap,Mar-2025
171327,5699,1,Marico Ltd.,FMCG,Fast Moving Consumer Goods,Domestic Equities,1337.0,1205.0,10.95435684647303,0.0871,0.0723723,20.34991288103322,0.546598974577814,1100,marico,Mid Cap,Mar-2025
156921,98676,1,Eternal Ltd.,Retailing,Information Technology,Domestic Equities,4317.0,4125.0,4.654545454545454,0.0871,0.09161625,-4.929529423000831,0.546598974577814,1100,eternal,Large Cap,Mar-2025
7737,15826,1,IDFC First Bank Ltd.,Bank,Banking,Domestic Equities,15711.0,14152.0,11.016110797060485,0.0863,0.082633528,4.437027062429199,0.54157854771602,1100,idfc-first-bank,Mid Cap,Mar-2025
152379,5838,1,Voltas Ltd.,Consumer Durables,Consumer Durables,Domestic Equities,577.0,521.0,10.748560460652593,0.0842,0.06877721,22.424273970985443,0.528399927203811,1100,voltas,Mid Cap,Mar-2025
133654,6850,1,Ultratech Cement Ltd.,Construction Materials,Construction Materials,Domestic Equities,72.0,68.0,5.88235294117647,0.0828999999999999,0.06887346,20.36566770422161,0.520241733553396,1100,ultratech-cement,Large Cap,Mar-2025
171465,6543,1,Aurobindo Pharma Ltd.,Healthcare,Healthcare,Domestic Equities,709.0,638.0,11.128526645768025,0.0823,0.0675195399999999,21.890640842636085,0.51647641340705,1100,aurobindo-pharma,Mid Cap,Mar-2025
517,7825,1,Power Grid Corporation Of India Ltd.,Power,Power,Domestic Equities,2817.0,2695.0,4.5269016697588125,0.0818,0.067604075,20.99862323388049,0.513338646618429,1100,power-grid-corporation-of-india,Large Cap,Mar-2025
171635,7381,1,UPL Ltd.,Chemicals,Chemicals,Domestic Equities,1283.0,1155.0,11.082251082251082,0.0816,0.073105725,11.619165256893355,0.512083539902981,1100,upl,Mid Cap,Mar-2025
171946,6864,1,Godrej Properties Ltd.,Realty,Realty,Domestic Equities,382.0,344.0,11.046511627906977,0.0814,0.06660872,22.20622164785632,0.510828433187532,1100,godrej-properties,Mid Cap,Mar-2025
152455,7030,1,Yes Bank Ltd.,Bank,Banking,Domestic Equities,47778.0,43054.0,10.97226738514424,0.0806,0.07211545,11.765231999522992,0.505808006325738,1100,yes-bank,Mid Cap,Mar-2025
171820,5969,1,Colgate-Palmolive (India) Ltd.,FMCG,Fast Moving Consumer Goods,Domestic Equities,334.0,302.0,10.596026490066226,0.0798,0.07443092,7.213507504676825,0.500787579463944,1100,colgate-palmolive-india,Mid Cap,Mar-2025
599,7495,1,Sundaram Finance Ltd.,Finance,Finance,Domestic Equities,174.0,157.0,10.828025477707008,0.0796,0.071242675,11.730784954383026,0.499532472748496,1100,sundaram-finance,Mid Cap,Mar-2025
152362,5226,1,Tata Steel Ltd.,Iron & Steel,Iron & Steel,Domestic Equities,5139.0,4931.0,4.21821131616305,0.0793,0.06765332,17.215237921804867,0.497649812675323,1100,tata-steel,Large Cap,Mar-2025
152369,6790,1,Bharat Forge Ltd.,Automobile & Ancillaries,Automobile & Ancillaries,Domestic Equities,676.0,597.0,13.23283082077052,0.079,0.06068505,30.18033271786049,0.49576715260215,1100,bharat-forge,Mid Cap,Mar-2025
171461,6050,1,Titan Company Ltd.,Diamond  &  Jewellery,Diamond & Jewellery,Domestic Equities,256.0,246.0,4.065040650406504,0.0784,0.07570035,3.5662318602225755,0.492001832455805,1100,titan-company,Large Cap,Mar-2025
122,5767,1,The Phoenix Mills Ltd.,Realty,Realty,Domestic Equities,473.0,425.0,11.294117647058824,0.0776999999999999,0.06579425,18.09542627205265,0.487608958951735,1100,the-phoenix-mills,Mid Cap,Mar-2025
141614,85778,1,AU Small Finance Bank Ltd.,Bank,Banking,Domestic Equities,1423.0,1281.0,11.085089773614364,0.0761,0.07246617,5.014519188746979,0.477568105228147,1100,au-small-finance-bank,Mid Cap,Mar-2025
101370,86936,1,Tube Investments of India Ltd.,Automobile & Ancillaries,Automobile & Ancillaries,Domestic Equities,273.0,243.0,12.34567901234568,0.0756,0.059830245,26.357496948240804,0.474430338439526,1100,tube-investments-of-india,Mid Cap,Mar-2025
152222,5634,1,Max Financial Services Ltd.,Finance,Finance,Domestic Equities,654.0,589.0,11.03565365025467,0.0751,0.05878809,27.746963713228297,0.471292571650905,1100,max-financial-services,Mid Cap,Mar-2025
171659,5756,1,Ashok Leyland Ltd.,Automobile & Ancillaries,Automobile & Ancillaries,Domestic Equities,3625.0,3271.0,10.822378477529808,0.074,0.069652674,6.2414344638082415,0.464389484715938,1100,ashok-leyland,Mid Cap,Mar-2025
152205,8185,1,Trent Ltd.,Retailing,Retailing,Domestic Equities,138.0,132.0,4.545454545454546,0.0735,0.06404046,14.7711930863707,0.461251717927317,1100,trent,Large Cap,Mar-2025
19255,6350,1,Mphasis Ltd.,IT,Information Technology,Domestic Equities,288.0,258.0,11.627906976744184,0.072,0.05797905,24.18278671347668,0.451838417561454,1100,mphasis,Mid Cap,Mar-2025
152574,8059,1,Torrent Power Ltd.,Power,Power,Domestic Equities,482.0,434.0,11.059907834101384,0.0717,0.05481203,30.81069976791592,0.449955757488281,1100,torrent-power,Mid Cap,Mar-2025
133342,5963,1,Bharat Heavy Electricals Ltd.,Capital Goods,Capital Goods,Domestic Equities,3257.0,763.0,326.86762778505897,0.0705,0.013670671,415.702557687183,0.44242511719559,1100,bharat-heavy-electricals,Mid Cap,Mar-2025
133317,6810,1,Blue Star Ltd.,Consumer Durables,Consumer Durables,Domestic Equities,329.0,,,0.0703,,,0.441170010480141,1100,blue-star,Mid Cap,Mar-2025
152118,7308,1,PI Industries Ltd.,Chemicals,Chemicals,Domestic Equities,205.0,185.0,10.81081081081081,0.0703,0.055758075,26.08039283996085,0.441170010480141,1100,pi-industries,Mid Cap,Mar-2025
587,7648,1,APL Apollo Tubes Ltd.,Iron & Steel,Iron & Steel,Domestic Equities,459.0,413.0,11.138014527845035,0.07,0.0594286349999999,17.788335538919924,0.439287350406969,1100,apl-apollo-tubes,Mid Cap,Mar-2025
171839,6306,1,Solar Industries India Ltd.,Chemicals,Chemicals,Domestic Equities,62.0,55.0,12.727272727272728,0.0697,0.0479082999999999,45.48627273353469,0.437404690333796,1100,solar-industries-india,Mid Cap,Mar-2025
1152,105806,1,Mankind Pharma Ltd.,Healthcare,Healthcare,Domestic Equities,286.0,237.0,20.675105485232063,0.0693,0.05428722,27.65435400818094,0.434894476902899,1100,mankind-pharma,Mid Cap,Mar-2025
152551,7908,1,GMR Airports Ltd.,Infrastructure,Aviation,Domestic Equities,9088.0,8189.0,10.978141409207472,0.0688,0.056888983,20.93729993380265,0.431756710114278,1100,gmr-airports,Mid Cap,Mar-2025
171321,7864,1,Page Industries Ltd.,Textile,Textile,Domestic Equities,16.0,14.0,14.285714285714285,0.0683,0.05672233,20.41113261743655,0.428618943325657,1100,page-industries,Mid Cap,Mar-2025
171708,8443,1,Bajaj Finserv Ltd.,Finance,Finance,Domestic Equities,338.0,325.0,4.0,0.0678,0.06084975,11.421986121553502,0.425481176537035,1100,bajaj-finserv,Large Cap,Mar-2025
152795,99590,1,One97 Communications Ltd.,IT,Information Technology,Domestic Equities,863.0,775.0,11.35483870967742,0.0676,0.055408625,22.00266655236436,0.424226069821587,1100,one97-communications,Mid Cap,Mar-2025
133309,5981,1,Bharat Electronics Ltd.,Capital Goods,Capital Goods,Domestic Equities,2226.0,2128.0,4.605263157894736,0.0670999999999999,0.052402,28.04854776535247,0.421088303032966,1100,bharat-electronics,Large Cap,Mar-2025
77639,92991,1,SBI Cards And Payment Services Ltd.,Finance,Finance,Domestic Equities,759.0,683.0,11.127379209370424,0.0669,0.05729004,16.774224629621497,0.419833196317517,1100,sbi-cards-and-payment-services,Mid Cap,Mar-2025
153586,8183,1,NHPC Ltd.,Power,Power,Domestic Equities,8018.0,1880.0,326.48936170212767,0.0659,0.0137051999999999,380.83938942883,0.413557662740275,1100,nhpc,Mid Cap,Mar-2025
38931,15891,1,Alkem Laboratories Ltd.,Healthcare,Healthcare,Domestic Equities,135.0,121.0,11.570247933884298,0.0659,0.05621902,17.220115185216663,0.413557662740275,1100,alkem-laboratories,Mid Cap,Mar-2025
134131,90516,1,Polycab India Ltd.,Electricals,Electricals,Domestic Equities,128.0,114.0,12.280701754385964,0.0659,0.05373276,22.643988509058538,0.413557662740275,1100,polycab-india,Large Cap,Mar-2025
171658,4978,1,Asian Paints Ltd.,Chemicals,Chemicals,Domestic Equities,281.0,269.0,4.4609665427509295,0.0658,0.058635275,12.21913771189783,0.412930109382551,1100,asian-paints,Large Cap,Mar-2025
77293,6578,1,Muthoot Finance Ltd.,Finance,Finance,Domestic Equities,272.0,244.0,11.475409836065571,0.0648,0.05204032,24.518834626689472,0.406654575805308,1100,muthoot-finance,Mid Cap,Mar-2025
96004,7992,1,Jubilant FoodWorks Ltd.,FMCG,Fast Moving Consumer Goods,Domestic Equities,964.0,871.0,10.677382319173365,0.064,0.05453331,17.359463417863317,0.401634148943514,1100,jubilant-foodworks,Mid Cap,Mar-2025
133434,4968,1,JSW Steel Ltd.,Iron & Steel,Iron & Steel,Domestic Equities,590.0,571.0,3.327495621716287,0.0626999999999999,0.05428497,15.50158358750128,0.393475955293099,1100,jsw-steel,Large Cap,Mar-2025
152245,5078,1,Grasim Industries Ltd.,Diversified,Construction Materials,Domestic Equities,239.0,221.0,8.144796380090497,0.0624,0.050976965,22.40822889318736,0.391593295219926,1100,grasim-industries,Large Cap,Mar-2025
96486,15829,1,Interglobe Aviation Ltd.,Aviation,Aviation,Domestic Equities,122.0,116.0,5.172413793103448,0.0624,0.05193668,20.14630122680157,0.391593295219926,1100,interglobe-aviation,Large Cap,Mar-2025
191600,99819,1,FSN E-Commerce Ventures Ltd.,Retailing,Information Technology,Domestic Equities,3454.0,3110.0,11.061093247588424,0.0619,0.0493867999999999,25.337134618967028,0.388455528431305,1100,fsn-e-commerce-ventures,Mid Cap,Mar-2025
133608,7612,1,Union Bank Of India,Bank,Banking,Domestic Equities,4896.0,1148.0,326.4808362369338,0.0617999999999999,0.01286908,380.2208083250706,0.387827975073581,1100,union-bank-of-india,Mid Cap,Mar-2025
152343,5043,1,Hindalco Industries Ltd.,Non - Ferrous Metals,Non - Ferrous Metals,Domestic Equities,900.0,865.0,4.046242774566474,0.0613999999999999,0.054871275,11.898256419228458,0.385317761642684,1100,hindalco-industries,Large Cap,Mar-2025
19275,7232,1,NMDC Ltd.,Mining,Mining,Domestic Equities,8758.0,7892.0,10.973137354282818,0.0603,0.0493092159999999,22.28951277586731,0.378414674707717,1100,nmdc,Mid Cap,Mar-2025
152256,5774,1,Oil & Natural Gas Corporation Ltd.,Crude Oil,Crude Oil,Domestic Equities,2414.0,2308.0,4.592720970537262,0.0595,0.0519877,14.45014878519343,0.373394247845923,1100,oil-natural-gas-corporation,Large Cap,Mar-2025
19182,5589,1,Coromandel International Ltd.,Chemicals,Chemicals,Domestic Equities,299.0,268.0,11.567164179104475,0.0593,0.0446742599999999,32.738628463012034,0.372139141130475,1100,coromandel-international,Mid Cap,Mar-2025
133463,8505,1,Glenmark Pharmaceuticals Ltd.,Healthcare,Healthcare,Domestic Equities,382.0,,,0.0588999999999999,,,0.369628927699578,1100,glenmark-pharmaceuticals,Mid Cap,Mar-2025
56728,7719,1,Shriram Finance Ltd.,Finance,Finance,Domestic Equities,870.0,831.0,4.693140794223827,0.0571,0.05129763,11.311185331564058,0.358332967260542,1100,shriram-finance,Large Cap,Mar-2025
152238,8313,1,MRF Ltd.,Automobile & Ancillaries,Automobile & Ancillaries,Domestic Equities,5.0,5.0,0.0,0.0562999999999999,0.0526868499999999,6.857783298868698,0.353312540398748,1100,mrf,Mid Cap,Mar-2025
56674,5695,1,Supreme Industries Ltd.,Plastic Products,Plastic Products,Domestic Equities,164.0,147.0,11.564625850340136,0.0562,0.0489363,14.843173676800252,0.352684987041023,1100,supreme-industries,Mid Cap,Mar-2025
115643,7007,1,Coal India Ltd.,Mining,Mining,Domestic Equities,1412.0,1349.0,4.670126019273535,0.0562,0.049825315,12.794068637599173,0.352684987041023,1100,coal-india,Large Cap,Mar-2025
171369,7531,1,Tech Mahindra Ltd.,IT,Information Technology,Domestic Equities,394.0,377.0,4.509283819628647,0.0559,0.056091945,-0.3421970837345759,0.350802326967851,1100,tech-mahindra,Large Cap,Mar-2025
133642,6320,1,Petronet LNG Ltd.,Inds. Gases & Fuels,Industrials Gases & Fuels,Domestic Equities,1899.0,1711.0,10.98772647574518,0.0558,0.0484726299999999,15.116510080018358,0.350174773610127,1100,petronet-lng,Mid Cap,Mar-2025
114652,92620,1,Indian Railway Catering And Tourism Corporation Ltd.,Hospitality,Hospitality,Domestic Equities,764.0,179.0,326.81564245810057,0.0556,0.0120100049999999,362.9473509794542,0.348919666894678,1100,indian-railway-catering-and-tourism-corporation,Mid Cap,Mar-2025
707,8442,1,Bajaj Auto Ltd.,Automobile & Ancillaries,Automobile & Ancillaries,Domestic Equities,69.0,66.0,4.545454545454546,0.0544,0.05215914,4.296198135168653,0.341389026601987,1100,bajaj-auto,Large Cap,Mar-2025
539,7794,1,Adani Ports and Special Economic Zone Ltd.,Logistics,Logistics,Domestic Equities,459.0,438.0,4.794520547945205,0.0542999999999999,0.04683972,15.927251486558845,0.340761473244263,1100,adani-ports-and-special-economic-zone,Large Cap,Mar-2025
123299,91366,1,KPIT Technologies Ltd.,IT,Information Technology,Domestic Equities,414.0,372.0,11.29032258064516,0.0541,0.04454328,21.45490857431244,0.339506366528814,1100,kpit-technologies,Mid Cap,Mar-2025
677,6026,1,Oil India Ltd.,Crude Oil,Crude Oil,Domestic Equities,1382.0,1245.0,11.004016064257028,0.0533999999999999,0.04266615,25.1577655823176,0.335113493024745,1100,oil-india,Mid Cap,Mar-2025
352,7184,1,Ipca Laboratories Ltd.,Healthcare,Healthcare,Domestic Equities,352.0,310.0,13.548387096774196,0.0529,0.0420158499999999,25.90486685381827,0.331975726236124,1100,ipca-laboratories,Mid Cap,Mar-2025
1427,98308,1,Sona BLW Precision Forgings Ltd.,Automobile & Ancillaries,Automobile & Ancillaries,Domestic Equities,1137.0,1023.0,11.143695014662756,0.0524,0.0505259699999999,3.709043092097008,0.328837959447502,1100,sona-blw-precision-forgings,Mid Cap,Mar-2025
171336,8097,1,JK Cement Ltd.,Construction Materials,Construction Materials,Domestic Equities,106.0,95.0,11.578947368421051,0.0523,0.041698825,25.423198375493804,0.328210406089778,1100,jk-cement,Mid Cap,Mar-2025
79,7951,1,Balkrishna Industries Ltd.,Automobile & Ancillaries,Automobile & Ancillaries,Domestic Equities,203.0,183.0,10.92896174863388,0.0519,0.047866395,8.426799218951013,0.325700192658881,1100,balkrishna-industries,Mid Cap,Mar-2025
152296,7356,1,Patanjali Foods Ltd.,FMCG,Fast Moving Consumer Goods,Domestic Equities,281.0,250.0,12.4,0.0508,0.04401375,15.418477180426576,0.318797105723914,1100,patanjali-foods,Mid Cap,Mar-2025
153260,8051,1,Prestige Estates Projects Ltd.,Realty,Realty,Domestic Equities,427.0,385.0,10.909090909090908,0.0506,0.0433741,16.659481118916574,0.317541999008466,1100,prestige-estates-projects,Mid Cap,Mar-2025
756,88308,1,Rail Vikas Nigam Ltd.,Infrastructure,Infrastructure,Domestic Equities,1438.0,1296.0,10.95679012345679,0.0506,0.04307904,17.458513467338175,0.317541999008466,1100,rail-vikas-nigam,Large Cap,Mar-2025
133330,5128,1,Cipla Ltd.,Healthcare,Healthcare,Domestic Equities,350.0,327.0,7.033639143730887,0.0504999999999999,0.04602525,9.722380649752036,0.316914445650742,1100,cipla,Large Cap,Mar-2025
152400,5891,1,Nestle India Ltd.,FMCG,Fast Moving Consumer Goods,Domestic Equities,223.0,213.0,4.694835680751173,0.0501999999999999,0.046639545,7.633983135984701,0.315031785577569,1100,nestle-india,Large Cap,Mar-2025
134703,87891,1,Hindustan Aeronautics Ltd.,Capital Goods,Capital Goods,Domestic Equities,118.0,113.0,4.424778761061947,0.0493,0.03489666,41.274265216212655,0.309383805358051,1100,hindustan-aeronautics,Large Cap,Mar-2025
152242,5741,1,Vedanta Ltd.,Non - Ferrous Metals,Non - Ferrous Metals,Domestic Equities,1055.0,1008.0,4.662698412698413,0.0489,0.0397908,22.8927289725263,0.306873591927154,1100,vedanta,Large Cap,Mar-2025
151967,5716,1,GE Vernova T&D India Ltd.,Capital Goods,Capital Goods,Domestic Equities,314.0,,,0.0489,,,0.306873591927154,1100,ge-vernova-td-india,Mid Cap,Mar-2025
153691,5278,1,Oberoi Realty Ltd.,Realty,Realty,Domestic Equities,298.0,268.0,11.194029850746269,0.0487999999999999,0.0397846,22.660526937558743,0.30624603856943,1100,oberoi-realty,Mid Cap,Mar-2025
152608,7159,1,Indian Bank,Bank,Banking,Domestic Equities,895.0,806.0,11.042183622828784,0.0484,0.0411704799999999,17.559960437672824,0.303735825138533,1100,indian-bank,Mid Cap,Mar-2025
75891,5355,1,Container Corporation Of India Ltd.,Logistics,Logistics,Domestic Equities,699.0,629.0,11.128775834658189,0.0483,0.03923073,23.11777017659371,0.303108271780808,1100,container-corporation-of-india,Mid Cap,Mar-2025
133630,5815,1,Jindal Stainless Ltd.,Iron & Steel,Iron & Steel,Domestic Equities,821.0,745.0,10.201342281879194,0.0476999999999999,0.0435713249999999,9.475670065117368,0.299342951634463,1100,jindal-stainless,Mid Cap,Mar-2025
171698,8307,1,Oracle Financial Services Software Ltd.,IT,Information Technology,Domestic Equities,60.0,53.0,13.20754716981132,0.0471,0.04114867,14.462994794242428,0.295577631488118,1100,oracle-financial-services-software,Mid Cap,Mar-2025
171509,5522,1,Tata Communications Ltd.,Telecom,Telecom,Domestic Equities,298.0,268.0,11.194029850746269,0.047,0.036247,29.665903385107743,0.294950078130393,1100,tata-communications,Mid Cap,Mar-2025
2469,110949,1,JIO Financial Services Ltd.,Finance,Finance,Domestic Equities,2036.0,1952.0,4.30327868852459,0.0463,0.040525472,14.249132002706832,0.290557204626324,1100,jio-financial-services,Large Cap,Mar-2025
171511,5199,1,Wipro Ltd.,IT,Information Technology,Domestic Equities,1765.0,1685.0,4.747774480712167,0.0463,0.046784025,-1.0345946078816413,0.290557204626324,1100,wipro,Large Cap,Mar-2025
152323,7533,1,Tata Elxsi Ltd.,IT,Information Technology,Domestic Equities,88.0,79.0,11.39240506329114,0.0458999999999999,0.04274769,7.374223028191694,0.288046991195427,1100,tata-elxsi,Mid Cap,Mar-2025
58168,86912,1,HDFC Life Insurance Company Ltd.,Insurance,Finance,Domestic Equities,665.0,636.0,4.559748427672956,0.0455999999999999,0.0387006,17.82763057937085,0.286164331122254,1100,hdfc-life-insurance-company,Large Cap,Mar-2025
171462,6372,1,Divi's Laboratories Ltd.,Healthcare,Healthcare,Domestic Equities,79.0,75.0,5.333333333333334,0.0455999999999999,0.041101875,10.943843802746208,0.286164331122254,1100,divi's-laboratories,Large Cap,Mar-2025
171572,5156,1,Eicher Motors Ltd.,Automobile & Ancillaries,Automobile & Ancillaries,Domestic Equities,85.0,81.0,4.938271604938271,0.0455,0.03866616,17.673955727695738,0.28553677776453,1100,eicher-motors,Large Cap,Mar-2025
171444,98250,1,Kalyan Jewellers India Ltd.,Diamond  &  Jewellery,Diamond & Jewellery,Domestic Equities,973.0,875.0,11.2,0.0455,0.040446875,12.493239588967,0.28553677776453,1100,kalyan-jewellers-india,Mid Cap,Mar-2025
113892,8292,1,KEI Industries Ltd.,Electricals,Electricals,Domestic Equities,156.0,140.0,11.428571428571429,0.0451,0.0429821,4.927400010702122,0.283026564333633,1100,kei-industries,Mid Cap,Mar-2025
38605,83193,1,Varun Beverages Ltd.,FMCG,Fast Moving Consumer Goods,Domestic Equities,834.0,797.0,4.642409033877039,0.045,0.034753185,29.48453501456053,0.282399010975908,1100,varun-beverages,Large Cap,Mar-2025
152616,7532,1,Vodafone Idea Ltd.,Telecom,Telecom,Domestic Equities,65744.0,59286.0,10.89295955200216,0.0447,0.04476093,-0.1361231770653537,0.280516350902736,1100,vodafone-idea,Mid Cap,Mar-2025
171585,5257,1,Dr. Reddy's Laboratories Ltd.,Healthcare,Healthcare,Domestic Equities,379.0,362.0,4.696132596685083,0.0434,0.0404173,7.379760647049643,0.272358157252321,1100,dr-reddy's-laboratories,Large Cap,Mar-2025
152907,86648,1,SBI Life Insurance Company Ltd.,Insurance,Finance,Domestic Equities,279.0,266.0,4.887218045112782,0.0432,0.0380513,13.530943752250254,0.271103050536872,1100,sbi-life-insurance-company,Large Cap,Mar-2025
152406,5107,1,The Indian Hotels Company Ltd.,Hospitality,Hospitality,Domestic Equities,546.0,2010.0,-72.83582089552239,0.043,0.1439361,-70.12563213815021,0.269847943821424,1100,the-indian-hotels-company,Mid Cap,Mar-2025
152207,5372,1,LIC Housing Finance Ltd.,Finance,Finance,Domestic Equities,762.0,686.0,11.078717201166182,0.043,0.03408734,26.14654003509807,0.269847943821424,1100,lic-housing-finance,Mid Cap,Mar-2025
133407,5997,1,Hindustan Zinc Ltd.,Non - Ferrous Metals,Non - Ferrous Metals,Domestic Equities,929.0,680.0,36.61764705882353,0.0429,0.0265743999999999,61.43356011800832,0.269220390463699,1100,hindustan-zinc,Large Cap,Mar-2025
152519,8782,1,Mahindra & Mahindra Financial Services Ltd.,Finance,Finance,Domestic Equities,1500.0,1351.0,11.028867505551442,0.0425,0.03655806,16.25343357935295,0.266710177032802,1100,mahindra-mahindra-financial-services,Mid Cap,Mar-2025
97125,90518,1,Adani Total Gas Ltd.,Gas Transmission,Gas Transmission,Domestic Equities,703.0,164.0,328.6585365853659,0.0424,0.00913726,364.034075860816,0.266082623675078,1100,adani-total-gas,Mid Cap,Mar-2025
133351,5368,1,Steel Authority Of India Ltd.,Iron & Steel,Iron & Steel,Domestic Equities,3663.0,3301.0,10.9663738261133,0.0421999999999999,0.034667102,21.72924059242101,0.26482751695963,1100,steel-authority-of-india,Mid Cap,Mar-2025
173672,92657,1,Gujarat Fluorochemicals Ltd.,Chemicals,Chemicals,Domestic Equities,104.0,93.0,11.827956989247312,0.0418,0.033339105,25.37829074895681,0.262317303528733,1100,gujarat-fluorochemicals,Mid Cap,Mar-2025
38020,6672,1,Apollo Hospitals Enterprise Ltd.,Healthcare,Healthcare,Domestic Equities,63.0,60.0,5.0,0.0417,0.0363155999999999,14.826686052275056,0.261689750171009,1100,apollo-hospitals-enterprise,Mid Cap,Mar-2025
171886,6139,1,Exide Industries Ltd.,Automobile & Ancillaries,Automobile & Ancillaries,Domestic Equities,1153.0,1039.0,10.9720885466795,0.0416,0.03613642,15.119317298171763,0.261062196813284,1100,exide-industries,Mid Cap,Mar-2025
134830,88309,1,Mazagon Dock Shipbuilders Ltd.,Ship Building,Ship Building,Domestic Equities,156.0,140.0,11.428571428571429,0.0412,0.0298347,38.09423255470978,0.258551983382387,1100,mazagon-dock-shipbuilders,Mid Cap,Mar-2025
152401,5684,1,Tata Consumer Products Ltd.,Agri,Agriculture,Domestic Equities,405.0,387.0,4.651162790697675,0.0406,0.03729519,8.861223122874554,0.254786663236042,1100,tata-consumer-products,Large Cap,Mar-2025
177212,94646,1,Hitachi Energy India Ltd.,Capital Goods,Capital Goods,Domestic Equities,32.0,24.0,33.33333333333333,0.0405,0.02708244,49.54339416980153,0.254159109878318,1100,hitachi-energy-india,Mid Cap,Mar-2025
171434,4916,1,Astral Ltd.,Plastic Products,Plastic Products,Domestic Equities,312.0,282.0,10.638297872340424,0.0404,0.03771045,7.132107943554108,0.253531556520593,1100,astral,Mid Cap,Mar-2025
133439,5473,1,National Aluminium Company Ltd.,Non - Ferrous Metals,Non - Ferrous Metals,Domestic Equities,2272.0,,,0.0399,,,0.250393789731972,1100,national-aluminium-company,Mid Cap,Mar-2025
152367,6359,1,Abbott India Ltd.,Healthcare,Healthcare,Domestic Equities,13.0,11.0,18.181818181818183,0.0399,0.033435215,19.3352577514456,0.250393789731972,1100,abbott-india,Mid Cap,Mar-2025
171514,5399,1,Cholamandalam Investment and Finance Company Ltd.,Finance,Finance,Domestic Equities,262.0,248.0,5.64516129032258,0.0398,0.0347386,14.569959641436322,0.249766236374248,1100,cholamandalam-investment-and-finance-company,Large Cap,Mar-2025
171840,6541,1,UNO Minda Ltd.,Automobile & Ancillaries,Automobile & Ancillaries,Domestic Equities,453.0,408.0,11.029411764705882,0.0397,0.03369672,17.815621223668067,0.249138683016524,1100,uno-minda,Mid Cap,Mar-2025
75659,6055,1,Lloyds Metals & Energy Ltd.,Iron & Steel,Iron & Steel,Domestic Equities,308.0,277.0,11.1913357400722,0.0395999999999999,0.02828447,40.00615885678607,0.248511129658799,1100,lloyds-metals-energy,Mid Cap,Mar-2025
152316,5915,1,Tata Power Company Ltd.,Power,Power,Domestic Equities,1043.0,1004.0,3.8844621513944224,0.0392,0.03405568,15.10561527475005,0.246000916227902,1100,tata-power-company,Large Cap,Mar-2025
133643,6434,1,Biocon Ltd.,Healthcare,Healthcare,Domestic Equities,1141.0,1028.0,10.992217898832685,0.039,0.03109186,25.43476009476436,0.244745809512454,1100,biocon,Mid Cap,Mar-2025
135555,92715,1,360 One Wam Ltd.,Finance,Finance,Domestic Equities,406.0,,,0.0383,,,0.240352936008384,1100,360-one-wam,Mid Cap,Mar-2025
152604,5456,1,Power Finance Corporation Ltd.,Finance,Finance,Domestic Equities,905.0,865.0,4.624277456647398,0.0375,0.03151195,19.00247366475258,0.23533250914659,1100,power-finance-corporation,Large Cap,Mar-2025
75697,6614,1,Adani Enterprises Ltd.,Trading,Trading,Domestic Equities,162.0,148.0,9.45945945945946,0.0375,0.0310208,20.88663090571488,0.23533250914659,1100,adani-enterprises,Large Cap,Mar-2025
171619,82976,1,Avenue Supermarts Ltd.,Retailing,Retailing,Domestic Equities,91.0,88.0,3.4090909090909087,0.0372,0.02995476,24.18727440981,0.233449849073418,1100,avenue-supermarts,Large Cap,Mar-2025
47051,90577,1,Dalmia Bharat Ltd.,Construction Materials,Construction Materials,Domestic Equities,202.0,182.0,10.989010989010987,0.0368,0.03075163,19.66845334702584,0.230939635642521,1100,dalmia-bharat,Mid Cap,Mar-2025
171333,7587,1,United Breweries Ltd.,Alcohol,Alcohol,Domestic Equities,183.0,171.0,7.017543859649122,0.0366,0.033279165,9.978720920431746,0.229684528927072,1100,united-breweries,Mid Cap,Mar-2025
171433,6783,1,Berger Paints India Ltd.,Chemicals,Chemicals,Domestic Equities,722.0,650.0,11.076923076923077,0.0361,0.03175575,13.680199648882487,0.226546762138451,1100,berger-paints-india,Mid Cap,Mar-2025
133635,5732,1,Indraprastha Gas Ltd.,Gas Transmission,Gas Transmission,Domestic Equities,1778.0,1601.0,11.055590256089944,0.0361,0.030335748,19.00151596723444,0.226546762138451,1100,indraprastha-gas,Mid Cap,Mar-2025
171628,5788,1,Britannia Industries Ltd.,FMCG,Fast Moving Consumer Goods,Domestic Equities,73.0,70.0,4.285714285714286,0.036,0.03216815,11.911937739658642,0.225919208780727,1100,britannia-industries,Large Cap,Mar-2025
152325,5528,1,Thermax Ltd.,Capital Goods,Capital Goods,Domestic Equities,98.0,88.0,11.363636363636363,0.0358,0.0285868,25.232624847831865,0.224664102065278,1100,thermax,Mid Cap,Mar-2025
133507,6902,1,TVS Motor Company Ltd.,Automobile & Ancillaries,Automobile & Ancillaries,Domestic Equities,146.0,139.0,5.035971223021583,0.0353,0.03093445,14.11225995613304,0.221526335276657,1100,tvs-motor-company,Large Cap,Mar-2025
171565,6678,1,Apollo Tyres Ltd.,Automobile & Ancillaries,Automobile & Ancillaries,Domestic Equities,817.0,760.0,7.5,0.0348,0.0284467999999999,22.3336192471561,0.218388568488036,1100,apollo-tyres,Small Cap,Mar-2025
19805,15724,1,Syngene International Ltd.,Business Services,Healthcare,Domestic Equities,479.0,412.0,16.2621359223301,0.0348,0.02687888,29.46968028429756,0.218388568488036,1100,syngene-international,Mid Cap,Mar-2025
171402,5320,1,Godrej Consumer Products Ltd.,FMCG,Fast Moving Consumer Goods,Domestic Equities,298.0,223.0,33.6322869955157,0.0345,0.022414845,53.9158535336738,0.216505908414863,1100,godrej-consumer-products,Large Cap,Mar-2025
19183,6082,1,Deepak Nitrite Ltd.,Chemicals,Chemicals,Domestic Equities,174.0,156.0,11.538461538461538,0.0345,0.0288802799999999,19.45867560840824,0.216505908414863,1100,deepak-nitrite,Mid Cap,Mar-2025
152572,7512,1,Info Edge (India) Ltd.,IT,Information Technology,Domestic Equities,48.0,46.0,4.3478260869565215,0.0345,0.03216619,7.255475392018765,0.216505908414863,1100,info-edge-india,Large Cap,Mar-2025
19098,6973,1,Schaeffler India Ltd.,Automobile & Ancillaries,Automobile & Ancillaries,Domestic Equities,102.0,91.0,12.087912087912088,0.0344,0.027857375,23.486150435925843,0.215878355057139,1100,schaeffler-india,Mid Cap,Mar-2025
171335,5389,1,Bajaj Holdings & Investment Ltd.,Finance,Finance,Domestic Equities,27.0,25.0,8.0,0.0337,0.028935875,16.46442348814404,0.211485481553069,1100,bajaj-holdings-investment,Large Cap,Mar-2025
152376,5012,1,Bharat Petroleum Corporation Ltd.,Crude Oil,Crude Oil,Domestic Equities,1204.0,1151.0,4.604691572545613,0.0335,0.02731323,22.651184059885992,0.210230374837621,1100,bharat-petroleum-corporation,Large Cap,Mar-2025
79346,86555,1,Aditya Birla Capital Ltd.,Finance,Finance,Domestic Equities,1807.0,1625.0,11.2,0.0334,0.025403625,31.477299007523523,0.209602821479897,1100,aditya-birla-capital,Mid Cap,Mar-2025
171943,4973,1,REC Ltd.,Finance,Finance,Domestic Equities,776.0,742.0,4.5822102425876015,0.0333,0.02673426,24.55927338179549,0.208975268122172,1100,rec,Large Cap,Mar-2025
152079,6815,1,Linde India Ltd.,Inds. Gases & Fuels,Industrials Gases & Fuels,Domestic Equities,53.0,48.0,10.416666666666668,0.0332,0.02844984,16.696614111010806,0.208347714764448,1100,linde-india,Mid Cap,Mar-2025
152324,4941,1,ACC Ltd.,Construction Materials,Construction Materials,Domestic Equities,171.0,155.0,10.32258064516129,0.0332,0.028187525,17.782600636274378,0.208347714764448,1100,acc,Mid Cap,Mar-2025
57541,86814,1,General Insurance Corporation of India,Insurance,Finance,Domestic Equities,784.0,706.0,11.048158640226628,0.033,0.02604434,26.70699276695052,0.207092608049,1100,general-insurance-corporation-of-india,Mid Cap,Mar-2025
114414,5238,1,Bank Of India,Bank,Banking,Domestic Equities,3079.0,2774.0,10.99495313626532,0.033,0.026397384,25.01238759113401,0.207092608049,1100,bank-of-india,Mid Cap,Mar-2025
152486,5772,1,AIA Engineering Ltd.,Automobile & Ancillaries,Automobile & Ancillaries,Domestic Equities,98.0,88.0,11.363636363636363,0.0327999999999999,0.027643,18.655717541511407,0.205837501333551,1100,aia-engineering,Mid Cap,Mar-2025
97743,96921,1,Gland Pharma Ltd.,Healthcare,Healthcare,Domestic Equities,202.0,181.0,11.60220994475138,0.0322,0.02810568,14.56758918481959,0.202072181187206,1100,gland-pharma,Small Cap,Mar-2025
44430,82482,1,L&T Technology Services Ltd.,IT,Information Technology,Domestic Equities,70.0,62.0,12.903225806451612,0.0315,0.02810584,12.076351391739223,0.197679307683136,1100,lt-technology-services,Mid Cap,Mar-2025
1704,6920,1,L&T Finance Ltd.,Finance,Finance,Domestic Equities,2034.0,1838.0,10.663764961915124,0.0312,0.0247633739999999,25.99252428203041,0.195796647609963,1100,lt-finance,Mid Cap,Mar-2025
83342,79963,1,Bandhan Bank Ltd.,Bank,Banking,Domestic Equities,2105.0,1899.0,10.847814639283834,0.0308,0.026811981,14.874018447200902,0.193286434179066,1100,bandhan-bank,Small Cap,Mar-2025
171741,5431,1,GAIL (India) Ltd.,Inds. Gases & Fuels,Industrials Gases & Fuels,Domestic Equities,1676.0,1607.0,4.293714996888612,0.0306999999999999,0.025075628,22.429635660570487,0.192658880821342,1100,gail-india,Large Cap,Mar-2025
95549,7450,1,Aditya Birla Fashion and Retail Ltd.,Retailing,Retailing,Domestic Equities,1189.0,973.0,22.199383350462487,0.0305,0.023561195,29.450140368516948,0.191403774105894,1100,aditya-birla-fashion-and-retail,Mid Cap,Mar-2025
152386,5556,1,Glaxosmithkline Pharmaceuticals Ltd.,Healthcare,Healthcare,Domestic Equities,105.0,94.0,11.702127659574469,0.0302,0.02326829,29.79037135947678,0.189521114032721,1100,glaxosmithkline-pharmaceuticals,Mid Cap,Mar-2025
171383,5551,1,Hero MotoCorp Ltd.,Automobile & Ancillaries,Automobile & Ancillaries,Domestic Equities,81.0,77.0,5.194805194805195,0.0302,0.02834447,6.546356308655624,0.189521114032721,1100,hero-motocorp,Large Cap,Mar-2025
134823,84770,1,Cochin Shipyard Ltd.,Ship Building,Ship Building,Domestic Equities,214.0,193.0,10.88082901554404,0.0301,0.024483015,22.942374540063792,0.188893560674997,1100,cochin-shipyard,Mid Cap,Mar-2025
57781,87827,1,Bharat Dynamics Ltd.,Capital Goods,Capital Goods,Domestic Equities,234.0,210.0,11.428571428571429,0.03,0.0204834,46.46006034154485,0.188266007317272,1100,bharat-dynamics,Mid Cap,Mar-2025
57031,5903,1,Indian Oil Corporation Ltd.,Crude Oil,Crude Oil,Domestic Equities,2322.0,2229.0,4.172274562584119,0.0297,0.025296921,17.405592562035515,0.1863833472441,1100,indian-oil-corporation,Large Cap,Mar-2025
171948,7104,1,Emami Ltd.,FMCG,Fast Moving Consumer Goods,Domestic Equities,500.0,450.0,11.11111111111111,0.0289999999999999,0.0238477499999999,21.60476355211708,0.18199047374003,1100,emami,Small Cap,Mar-2025
152377,4902,1,Siemens Ltd.,Capital Goods,Capital Goods,Domestic Equities,55.0,52.0,5.769230769230769,0.0289999999999999,0.0240422,20.62124098460207,0.18199047374003,1100,siemens,Large Cap,Mar-2025
133495,5019,1,Ajanta Pharma Ltd.,Healthcare,Healthcare,Domestic Equities,107.0,96.0,11.458333333333332,0.0281,0.02386512,17.745060573757847,0.176342493520512,1100,ajanta-pharma,Mid Cap,Mar-2025
76174,111823,1,Bharti Hexacom Ltd.,Telecom,Telecom,Domestic Equities,191.0,171.0,11.695906432748536,0.0279999999999999,0.02230524,25.531041136522177,0.175714940162787,1100,bharti-hexacom,Mid Cap,Mar-2025
114654,92672,1,Indian Renewable Energy Development Agency Ltd.,Finance,Finance,Domestic Equities,1707.0,1538.0,10.988296488946684,0.0274,0.023995876,14.1862876770992,0.171949620016442,1100,indian-renewable-energy-development-agency,Mid Cap,Mar-2025
171387,6208,1,Pidilite Industries Ltd.,Chemicals,Chemicals,Domestic Equities,96.0,91.0,5.494505494505495,0.0274,0.02418689,13.284510741149449,0.171949620016442,1100,pidilite-industries,Large Cap,Mar-2025
152370,5063,1,Escorts Kubota Ltd.,Automobile & Ancillaries,Automobile & Ancillaries,Domestic Equities,84.0,75.0,12.0,0.0273,0.0215171249999999,26.8756862266683,0.171322066658718,1100,escorts-kubota,Mid Cap,Mar-2025
171837,6012,1,DLF Ltd.,Realty,Realty,Domestic Equities,399.0,381.0,4.724409448818897,0.0272,0.024214455,12.329598167706036,0.170694513300994,1100,dlf,Large Cap,Mar-2025
171636,86629,1,ICICI Lombard General Insurance Company Ltd.,Insurance,Finance,Domestic Equities,149.0,142.0,4.929577464788732,0.0266999999999999,0.02401149,11.196764548972167,0.167556746512372,1100,icici-lombard-general-insurance-company,Mid Cap,Mar-2025
114442,5285,1,IndusInd Bank Ltd.,Bank,Banking,Domestic Equities,409.0,393.0,4.071246819338422,0.0266,0.03891093,-31.63874520603851,0.166929193154648,1100,indusind-bank,Mid Cap,Mar-2025
171580,109023,1,Tata Technologies Ltd.,IT,Information Technology,Domestic Equities,391.0,352.0,11.079545454545457,0.0266,0.0236456,12.49450214839125,0.166929193154648,1100,tata-technologies,Mid Cap,Mar-2025
114405,5008,1,Bank Of Baroda,Bank,Banking,Domestic Equities,1151.0,1108.0,3.88086642599278,0.0263,0.021835356,20.44685692323954,0.165046533081475,1100,bank-of-baroda,Large Cap,Mar-2025
133333,4917,1,CRISIL Ltd.,Ratings,Ratings,Domestic Equities,62.0,55.0,12.727272727272728,0.0259,0.0241362,7.307695494734051,0.162536319650578,1100,crisil,Mid Cap,Mar-2025
133583,8200,1,United Spirits Ltd.,Alcohol,Alcohol,Domestic Equities,184.0,175.0,5.142857142857142,0.0258,0.0224778749999999,14.779533207654206,0.161908766292854,1100,united-spirits,Large Cap,Mar-2025
797,86851,1,Nippon Life India Asset Management Ltd.,Finance,Finance,Domestic Equities,443.0,397.0,11.586901763224182,0.0256,0.02037801,25.62561309961081,0.160653659577406,1100,nippon-life-india-asset-management,Mid Cap,Mar-2025
153405,17058,1,LTIMindtree Ltd.,IT,Information Technology,Domestic Equities,57.0,55.0,3.636363636363636,0.0256,0.025662725,-0.2444206529119618,0.160653659577406,1100,ltimindtree,Large Cap,Mar-2025
133334,5159,1,CG Power and Industrial Solutions Ltd.,Capital Goods,Capital Goods,Domestic Equities,398.0,1462.0,-72.77701778385773,0.0254,0.0837141199999999,-69.6586430102831,0.159398552861957,1100,cg-power-and-industrial-solutions,Large Cap,Mar-2025
115032,83788,1,Housing & Urban Development Corporation Ltd.,Finance,Finance,Domestic Equities,1272.0,1146.0,10.99476439790576,0.0254,0.018925044,34.213690599609706,0.159398552861957,1100,housing-urban-development-corporation,Mid Cap,Mar-2025
102429,100653,1,Global Health Ltd.,Healthcare,Healthcare,Domestic Equities,211.0,189.0,11.64021164021164,0.0253,0.021728385,16.437553918526373,0.158770999504233,1100,global-health,Small Cap,Mar-2025
38708,8062,1,Adani Power Ltd.,Power,Power,Domestic Equities,489.0,467.0,4.710920770877944,0.0249,0.022366965,11.32489365454814,0.156260786073336,1100,adani-power,Large Cap,Mar-2025
152308,5173,1,Shree Cement Ltd.,Construction Materials,Construction Materials,Domestic Equities,8.0,8.0,0.0,0.0243999999999999,0.0218272,11.787127987098652,0.153123019284715,1100,shree-cement,Mid Cap,Mar-2025
113818,7906,1,Samvardhana Motherson International Ltd.,Automobile & Ancillaries,Automobile & Ancillaries,Domestic Equities,1832.0,1754.0,4.446978335233752,0.024,0.020800686,15.38081003674589,0.150612805853818,1100,samvardhana-motherson-international,Large Cap,Mar-2025
171639,5614,1,Havells India Ltd.,Capital Goods,Capital Goods,Domestic Equities,157.0,150.0,4.666666666666667,0.024,0.021327,12.533408355605577,0.150612805853818,1100,havells-india,Large Cap,Mar-2025
133445,6416,1,Apar Industries Ltd.,Capital Goods,Capital Goods,Domestic Equities,43.0,,,0.0237999999999999,,,0.149357699138369,1100,apar-industries,Mid Cap,Mar-2025
171485,6291,1,Motilal Oswal Financial Services Ltd.,Finance,Finance,Domestic Equities,377.0,,,0.0232,,,0.145592378992024,1100,motilal-oswal-financial-services,Mid Cap,Mar-2025
509,8487,1,K.P.R. Mill Ltd.,Textile,Textile,Domestic Equities,254.0,229.0,10.91703056768559,0.023,0.01835664,25.29526100637153,0.144337272276575,1100,kpr-mill,Small Cap,Mar-2025
645,8087,1,IRB Infrastructure Developers Ltd.,Infrastructure,Infrastructure,Domestic Equities,5027.0,4531.0,10.946810858530126,0.0227,0.019601106,15.809791549517673,0.142454612203403,1100,irb-infrastructure-developers,Mid Cap,Mar-2025
196533,104025,1,Motherson Sumi Wiring India Ltd.,Iron & Steel,Iron & Steel,Domestic Equities,4297.0,3872.0,10.976239669421489,0.0224,0.0181984,23.087743977492543,0.14057195213023,1100,motherson-sumi-wiring-india,Small Cap,Mar-2025
152334,5218,1,Ambuja Cements Ltd.,Construction Materials,Construction Materials,Domestic Equities,414.0,399.0,3.7593984962406015,0.0223,0.018551505,20.205880870581662,0.139944398772506,1100,ambuja-cements,Large Cap,Mar-2025
78882,109773,1,JSW Infrastructure Ltd.,Logistics,Logistics,Domestic Equities,688.0,617.0,11.507293354943274,0.022,0.015718075,39.96624904767283,0.138061738699333,1100,jsw-infrastructure,Mid Cap,Mar-2025
57345,99844,1,AWL Agri Business Ltd.,FMCG,Fast Moving Consumer Goods,Domestic Equities,836.0,360.0,132.22222222222223,0.0216,0.0088614,143.7538086532602,0.135551525268436,1100,awl-agri-business,Mid Cap,Mar-2025
171942,7813,1,Jindal Steel & Power Ltd.,Iron & Steel,Iron & Steel,Domestic Equities,236.0,225.0,4.888888888888889,0.0215,0.019263375,11.610763949723236,0.134923971910712,1100,jindal-steel-power,Mid Cap,Mar-2025
152331,7581,1,Torrent Pharmaceuticals Ltd.,Healthcare,Healthcare,Domestic Equities,65.0,55.0,18.181818181818183,0.021,0.01621455,29.51330749234484,0.131786205122091,1100,torrent-pharmaceuticals,Large Cap,Mar-2025
134667,88599,1,Macrotech Developers Ltd.,Realty,Realty,Domestic Equities,174.0,165.0,5.454545454545454,0.0208,0.01865985,11.469277620130926,0.130531098406642,1100,macrotech-developers,Large Cap,Mar-2025
13,7543,1,Tata Investment Corporation Ltd.,Finance,Finance,Domestic Equities,33.0,30.0,10.0,0.0208,0.01819635,14.308638820422786,0.130531098406642,1100,tata-investment-corporation,Mid Cap,Mar-2025
133599,5561,1,Punjab National Bank,Bank,Banking,Domestic Equities,2143.0,2049.0,4.587603709126404,0.0206,0.017906211,15.043880584228567,0.129275991691194,1100,punjab-national-bank,Large Cap,Mar-2025
58178,99657,1,Star Health and Allied Insurance Company Ltd.,Insurance,Finance,Domestic Equities,572.0,502.0,13.94422310756972,0.0204,0.01884006,8.279909936592556,0.128020884975745,1100,star-health-and-allied-insurance-company,Small Cap,Mar-2025
171853,7249,1,NLC India Ltd.,Power,Power,Domestic Equities,827.0,745.0,11.006711409395974,0.0202,0.01542448,30.96065475140815,0.126765778260297,1100,nlc-india,Mid Cap,Mar-2025
113787,7539,1,Honeywell Automation India Ltd.,Consumer Durables,Consumer Durables,Domestic Equities,6.0,5.0,20.0,0.0202,0.016850825,19.87543636587526,0.126765778260297,1100,honeywell-automation-india,Mid Cap,Mar-2025
152064,6806,1,3M India Ltd.,Diversified,Diversified,Domestic Equities,7.0,6.0,16.666666666666664,0.0202,0.01577838,28.023282491611933,0.126765778260297,1100,3m-india,Mid Cap,Mar-2025
222979,112566,1,Vishal Mega Mart Ltd.,Retailing,Retailing,Domestic Equities,1893.0,,,0.0197,,,0.123628011471675,1100,vishal-mega-mart,Mid Cap,Mar-2025
139932,15713,1,Adani Energy Solutions Ltd.,Power,Power,Domestic Equities,225.0,215.0,4.651162790697675,0.0196,0.01399435,40.05652281099158,0.123000458113951,1100,adani-energy-solutions,Large Cap,Mar-2025
222201,112407,1,NTPC Green Energy Ltd.,Power,Power,Domestic Equities,1888.0,,,0.019,,,0.119235137967606,1100,ntpc-green-energy,Large Cap,Mar-2025
133614,6833,1,Canara Bank,Bank,Banking,Domestic Equities,2095.0,2003.0,4.593110334498253,0.0186,0.01620427,14.78455987218184,0.116724924536709,1100,canara-bank,Mid Cap,Mar-2025
171799,4956,1,Dabur India Ltd.,FMCG,Fast Moving Consumer Goods,Domestic Equities,366.0,351.0,4.273504273504273,0.0185,0.01731483,6.844826082612418,0.116097371178985,1100,dabur-india,Large Cap,Mar-2025
133645,6755,1,Bank Of Maharashtra,Bank,Banking,Domestic Equities,3987.0,3592.0,10.996659242761693,0.0185,0.016670472,10.97466226511163,0.116097371178985,1100,bank-of-maharashtra,Mid Cap,Mar-2025
133272,5382,1,ABB India Ltd.,Capital Goods,Capital Goods,Domestic Equities,33.0,31.0,6.451612903225806,0.0183,0.01529974,19.60987572337832,0.114842264463536,1100,abb-india,Large Cap,Mar-2025
84351,88646,1,Adani Green Energy Ltd.,Power,Power,Domestic Equities,190.0,182.0,4.395604395604396,0.018,0.01409408,27.71319589501408,0.112959604390363,1100,adani-green-energy,Large Cap,Mar-2025
137768,15760,1,Gujarat Gas Ltd.,Gas Transmission,Gas Transmission,Domestic Equities,437.0,393.0,11.19592875318066,0.018,0.0145547549999999,23.67092403822669,0.112959604390363,1100,gujarat-gas,Mid Cap,Mar-2025
114697,5402,1,JSW Energy Ltd.,Power,Power,Domestic Equities,332.0,317.0,4.73186119873817,0.0179,0.01471197,21.66963363845902,0.112332051032639,1100,jsw-energy,Large Cap,Mar-2025
133387,5868,1,Godrej Industries Ltd.,Chemicals,Chemicals,Domestic Equities,157.0,145.0,8.275862068965518,0.0178,0.0159152,11.84276666331557,0.111704497674915,1100,godrej-industries,Mid Cap,Mar-2025
171394,82477,1,Endurance Technologies Ltd.,Automobile & Ancillaries,Automobile & Ancillaries,Domestic Equities,89.0,80.0,11.25,0.0175,0.014126,23.885034687809707,0.109821837601742,1100,endurance-technologies,Mid Cap,Mar-2025
1840,4901,1,SJVN Ltd.,Power,Power,Domestic Equities,1813.0,1633.0,11.022657685241889,0.0166,0.013735163,20.8576847613676,0.104173857382224,1100,sjvn,Mid Cap,Mar-2025
152532,6617,1,Sun TV Network Ltd.,Media & Entertainment,Media & Entertainment,Domestic Equities,250.0,194.0,28.865979381443296,0.0162,0.0108931,48.71799579550359,0.101663643951327,1100,sun-tv-network,Small Cap,Mar-2025
77359,100627,1,Waaree Energies Ltd.,Capital Goods,Capital Goods,Domestic Equities,67.0,,,0.0161,,,0.101036090593603,1100,waaree-energies,Mid Cap,Mar-2025
217845,112026,1,Premier Energies Ltd.,Electricals,Electricals,Domestic Equities,167.0,,,0.0157,,,0.0985258771627058,1100,premier-energies,Mid Cap,Mar-2025
152374,6232,1,Bosch Ltd.,Automobile & Ancillaries,Automobile & Ancillaries,Domestic Equities,5.0,5.0,0.0,0.0141999999999999,0.0132719999999999,6.99216395418927,0.0891125767968422,1100,bosch,Large Cap,Mar-2025
58145,71025,1,Indian Railway Finance Corporation Ltd.,Finance,Finance,Domestic Equities,1110.0,1061.0,4.618284637134779,0.0138,0.011927762,15.696473487650067,0.0866023633659453,1100,indian-railway-finance-corporation,Large Cap,Mar-2025
57620,82559,1,ICICI Prudential Life Insurance Company Ltd.,Insurance,Finance,Domestic Equities,243.0,232.0,4.741379310344827,0.0137,0.01279712,7.05533745092647,0.085974810008221,1100,icici-prudential-life-insurance-company,Large Cap,Mar-2025
171968,4931,1,Zydus Lifesciences Ltd.,Healthcare,Healthcare,Domestic Equities,155.0,148.0,4.72972972972973,0.0137,0.01297368,5.598411553237017,0.085974810008221,1100,zydus-lifesciences,Large Cap,Mar-2025
114606,112114,1,Hyundai Motor India Ltd.,Automobile & Ancillaries,Automobile & Ancillaries,Domestic Equities,75.0,,,0.0128,,,0.0803268297887029,1100,hyundai-motor-india,Large Cap,Mar-2025
176199,111753,1,OLA Electric Mobility Ltd.,Automobile & Ancillaries,Automobile & Ancillaries,Domestic Equities,2261.0,,,0.012,,,0.0753064029269089,1100,ola-electric-mobility,Mid Cap,Mar-2025
58155,95800,1,Life Insurance Corporation of India,Insurance,Finance,Domestic Equities,138.0,131.0,5.343511450381679,0.011,0.00970055,13.395632206421295,0.0690308693496665,1100,life-insurance-corporation-of-india,Large Cap,Mar-2025
58164,86911,1,The New India Assurance Company Ltd.,Insurance,Finance,Domestic Equities,610.0,549.0,11.11111111111111,0.0093999999999999,0.007801839,20.484413995213167,0.0589900156260787,1100,the-new-india-assurance-company,Mid Cap,Mar-2025
116180,112103,1,Bajaj Housing Finance Ltd.,Finance,Finance,Domestic Equities,578.0,,,0.0070999999999999,,,0.0445562883984211,1100,bajaj-housing-finance,Large Cap,Mar-2025
171883,5324,1,Mangalore Refinery And Petrochemicals Ltd.,Crude Oil,Crude Oil,Domestic Equities,452.0,418.0,8.133971291866029,0.0060999999999999,0.00442244,37.93290581669847,0.0382807548211787,1100,mangalore-refinery-and-petrochemicals,Small Cap,Mar-2025
84908,112552,1,Swiggy Ltd.,Retailing,Information Technology,Domestic Equities,167.0,,,0.0055,,,0.0345154346748333,1100,swiggy,Large Cap,Mar-2025
171875,5051,1,HDFC Bank Ltd.,Bank,Banking,Domestic Equities,5201.0,4728.0,10.004230118443315,1.0012,0.8644,15.826006478482194,5.50312477670351,1100,hdfc-bank,Large Cap,Apr-2025
171888,8748,1,ICICI Bank Ltd.,Bank,Banking,Domestic Equities,4826.0,4386.0,10.031919744642044,0.6887000000000001,0.5914,16.452485627324997,3.7854594823369,1100,icici-bank,Large Cap,Apr-2025
171531,4897,1,Reliance Industries Ltd.,Crude Oil,Crude Oil,Domestic Equities,4632.0,4211.0,9.997625267157446,0.6507999999999999,0.5368999999999999,21.21437884149749,3.57714103543612,1100,reliance-industries,Large Cap,Apr-2025
171889,4926,1,Infosys Ltd.,IT,Information Technology,Domestic Equities,2461.0,2237.0,10.013410818059905,0.3692,0.3514,5.065452475811045,2.02931848537648,1100,infosys,Large Cap,Apr-2025
133593,6508,1,Bharti Airtel Ltd.,Telecom,Telecom,Domestic Equities,1834.0,1667.0,10.017996400719856,0.3419,0.289,18.30449826989619,1.87926324526062,1100,bharti-airtel,Large Cap,Apr-2025
152408,5535,1,ITC Ltd.,FMCG,Fast Moving Consumer Goods,Domestic Equities,6365.0,5785.0,10.025929127052722,0.271,0.237,14.345991561181446,1.48955934327472,1100,itc,Large Cap,Apr-2025
152372,4964,1,Larsen & Toubro Ltd.,Infrastructure,Infrastructure,Domestic Equities,802.0,730.0,9.863013698630136,0.2678999999999999,0.2548999999999999,5.100039231071012,1.47252010355461,1100,larsen-toubro,Large Cap,Apr-2025
171915,6797,1,Tata Consultancy Services Ltd.,IT,Information Technology,Domestic Equities,698.0,635.0,9.921259842519683,0.2410999999999999,0.2289999999999999,5.283842794759829,1.32521312790973,1100,tata-consultancy-services,Large Cap,Apr-2025
76200,82667,1,BSE Ltd.,Finance,Finance,Domestic Equities,378.0,344.0,9.883720930232558,0.2404,0.1885,27.533156498673726,1.32136555765034,1100,bse,Mid Cap,Apr-2025
171400,5889,1,Axis Bank Ltd.,Bank,Banking,Domestic Equities,1953.0,1776.0,9.966216216216216,0.2314,0.1957,18.24220746039857,1.27189679717259,1100,axis-bank,Large Cap,Apr-2025
77009,96064,1,Max Healthcare Institute Ltd.,Healthcare,Healthcare,Domestic Equities,2072.0,1883.0,10.037174721189592,0.2275,0.2066,10.116166505324298,1.25046033429889,1100,max-healthcare-institute,Mid Cap,Apr-2025
171492,5886,1,Kotak Mahindra Bank Ltd.,Bank,Banking,Domestic Equities,1005.0,914.0,9.956236323851202,0.2219,0.1984,11.844758064516135,1.21967977222384,1100,kotak-mahindra-bank,Large Cap,Apr-2025
133350,8843,1,State Bank Of India,Bank,Banking,Domestic Equities,2627.0,2388.0,10.008375209380231,0.2072,0.1842,12.486427795874032,1.13888079677684,1100,state-bank-of-india,Large Cap,Apr-2025
152473,5056,1,Suzlon Energy Ltd.,Capital Goods,Capital Goods,Domestic Equities,33095.0,30079.0,10.026929086738257,0.1867,0.1704,9.565727699530532,1.02620195346639,1100,suzlon-energy,Mid Cap,Apr-2025
171656,5311,1,Mahindra & Mahindra Ltd.,Automobile & Ancillaries,Automobile & Ancillaries,Domestic Equities,605.0,551.0,9.800362976406534,0.1772,0.1469,20.626276378488765,0.973984928517641,1100,mahindra-mahindra,Large Cap,Apr-2025
57445,86554,1,Dixon Technologies (India) Ltd.,Consumer Durables,Consumer Durables,Domestic Equities,107.0,98.0,9.183673469387756,0.176,0.1292,36.22291021671828,0.967389093787273,1100,dixon-technologies-india,Mid Cap,Apr-2025
95548,5980,1,Persistent Systems Ltd.,IT,Information Technology,Domestic Equities,296.0,270.0,9.62962962962963,0.1575,0.1489,5.775688381464065,0.86570330836077,1100,persistent-systems,Mid Cap,Apr-2025
171484,6114,1,Bajaj Finance Ltd.,Finance,Finance,Domestic Equities,178.0,163.0,9.202453987730062,0.1537,0.1458,5.418381344307265,0.844816498381272,1100,bajaj-finance,Large Cap,Apr-2025
38803,5403,1,Indus Towers Ltd.,Telecom,Telecom,Domestic Equities,3685.0,3349.0,10.032845625559869,0.1503999999999999,0.1119999999999999,34.285714285714285,0.826677952872761,1100,indus-towers,Large Cap,Apr-2025
157113,99763,1,PB Fintech Ltd.,IT,Information Technology,Domestic Equities,922.0,839.0,9.892729439809298,0.1499,0.1334,12.368815592203902,0.823929688401774,1100,pb-fintech,Mid Cap,Apr-2025
171717,5016,1,Hindustan Unilever Ltd.,FMCG,Fast Moving Consumer Goods,Domestic Equities,606.0,552.0,9.782608695652174,0.1419,0.1247,13.793103448275854,0.779957456865989,1100,hindustan-unilever,Large Cap,Apr-2025
152211,6247,1,Lupin Ltd.,Healthcare,Healthcare,Domestic Equities,673.0,612.0,9.967320261437909,0.141,0.1241,13.618049959709907,0.775010580818213,1100,lupin,Mid Cap,Apr-2025
133657,7260,1,Coforge Ltd.,IT,Information Technology,Domestic Equities,185.0,169.0,9.467455621301776,0.1351,0.1369999999999999,-1.3868613138686097,0.742581060060572,1100,coforge,Mid Cap,Apr-2025
420,5071,1,Sun Pharmaceutical Industries Ltd.,Healthcare,Healthcare,Domestic Equities,737.0,670.0,10.0,0.135,0.1162,16.1790017211704,0.742031407166375,1100,sun-pharmaceutical-industries,Large Cap,Apr-2025
171685,5596,1,The Federal Bank Ltd.,Bank,Banking,Domestic Equities,6836.0,6213.0,10.027361982939,0.1344999999999999,0.1197,12.3642439431913,0.739283142695388,1100,the-federal-bank,Mid Cap,Apr-2025
114530,88033,1,HDFC Asset Management Company Ltd.,Finance,Finance,Domestic Equities,282.0,257.0,9.72762645914397,0.1234,0.1032,19.57364341085271,0.678271671439486,1100,hdfc-asset-management-company,Mid Cap,Apr-2025
165,7447,1,SRF Ltd.,Chemicals,Chemicals,Domestic Equities,404.0,368.0,9.782608695652174,0.1216,0.1082,12.384473197781883,0.668377919343934,1100,srf,Mid Cap,Apr-2025
133664,7760,1,NTPC Ltd.,Power,Power,Domestic Equities,3242.0,2947.0,10.01017984390906,0.1149,0.1054,9.013282732447829,0.631551175432714,1100,ntpc,Large Cap,Apr-2025
171528,8219,1,HCL Technologies Ltd.,IT,Information Technology,Domestic Equities,725.0,659.0,10.015174506828528,0.1135999999999999,0.1049,8.293612964728304,0.624405687808149,1100,hcl-technologies,Large Cap,Apr-2025
7737,15826,1,IDFC First Bank Ltd.,Bank,Banking,Domestic Equities,17286.0,15711.0,10.024823372159632,0.1122,0.0863,30.01158748551564,0.616710547289387,1100,idfc-first-bank,Mid Cap,Apr-2025
156921,98676,1,Eternal Ltd.,Retailing,Information Technology,Domestic Equities,4750.0,4317.0,10.030113504748668,0.1104,0.0871,26.75086107921927,0.606816795193835,1100,eternal,Large Cap,Apr-2025
171877,6125,1,Cummins India Ltd.,Automobile & Ancillaries,Automobile & Ancillaries,Domestic Equities,377.0,343.0,9.912536443148689,0.1092,0.1047,4.297994269340967,0.600220960463467,1100,cummins-india,Large Cap,Apr-2025
133625,7239,1,Maruti Suzuki India Ltd.,Automobile & Ancillaries,Automobile & Ancillaries,Domestic Equities,89.0,82.0,8.536585365853659,0.1091,0.0944999999999999,15.44973544973546,0.59967130756927,1100,maruti-suzuki-india,Large Cap,Apr-2025
141614,85778,1,AU Small Finance Bank Ltd.,Bank,Banking,Domestic Equities,1565.0,1423.0,9.978917779339422,0.1061999999999999,0.0761,39.5532194480946,0.583731373637548,1100,au-small-finance-bank,Mid Cap,Apr-2025
171327,5699,1,Marico Ltd.,FMCG,Fast Moving Consumer Goods,Domestic Equities,1471.0,1337.0,10.022438294689604,0.1045,0.0871,19.97703788748563,0.574387274436194,1100,marico,Mid Cap,Apr-2025
171365,5279,1,Hindustan Petroleum Corporation Ltd.,Crude Oil,Crude Oil,Domestic Equities,2678.0,2434.0,10.024650780608052,0.1014,0.0877,15.62143671607755,0.557348034716077,1100,hindustan-petroleum-corporation,Mid Cap,Apr-2025
599,7495,1,Sundaram Finance Ltd.,Finance,Finance,Domestic Equities,191.0,174.0,9.770114942528735,0.1003999999999999,0.0796,26.13065326633165,0.551851505774104,1100,sundaram-finance,Mid Cap,Apr-2025
152636,5140,1,Fortis Healthcare Ltd.,Healthcare,Healthcare,Domestic Equities,1452.0,1321.0,9.91672975018925,0.0994999999999999,0.0923,7.800650054171168,0.546904629726328,1100,fortis-healthcare,Mid Cap,Apr-2025
171465,6543,1,Aurobindo Pharma Ltd.,Healthcare,Healthcare,Domestic Equities,779.0,709.0,9.873060648801127,0.0957,0.0823,16.28189550425273,0.52601781974683,1100,aurobindo-pharma,Mid Cap,Apr-2025
171461,6050,1,Titan Company Ltd.,Diamond  &  Jewellery,Diamond & Jewellery,Domestic Equities,282.0,256.0,10.15625,0.0953,0.0784,21.556122448979583,0.523819208170041,1100,titan-company,Large Cap,Apr-2025
517,7825,1,Power Grid Corporation Of India Ltd.,Power,Power,Domestic Equities,3099.0,2817.0,10.010649627263046,0.0953,0.0818,16.50366748166259,0.523819208170041,1100,power-grid-corporation-of-india,Large Cap,Apr-2025
171820,5969,1,Colgate-Palmolive (India) Ltd.,FMCG,Fast Moving Consumer Goods,Domestic Equities,367.0,334.0,9.880239520958083,0.095,0.0798,19.04761904761904,0.522170249487449,1100,colgate-palmolive-india,Mid Cap,Apr-2025
171635,7381,1,UPL Ltd.,Chemicals,Chemicals,Domestic Equities,1411.0,1283.0,9.976617303195637,0.0944999999999999,0.0816,15.808823529411754,0.519421985016462,1100,upl,Mid Cap,Apr-2025
152222,5634,1,Max Financial Services Ltd.,Finance,Finance,Domestic Equities,719.0,654.0,9.938837920489297,0.0938,0.0751,24.900133155792293,0.515574414757081,1100,max-financial-services,Mid Cap,Apr-2025
152455,7030,1,Yes Bank Ltd.,Bank,Banking,Domestic Equities,52569.0,47778.0,10.02762777847545,0.0932,0.0806,15.63275434243176,0.512276497391897,1100,yes-bank,Mid Cap,Apr-2025
133654,6850,1,Ultratech Cement Ltd.,Construction Materials,Construction Materials,Domestic Equities,79.0,72.0,9.722222222222223,0.092,0.0828999999999999,10.977080820265382,0.505680662661529,1100,ultratech-cement,Large Cap,Apr-2025
152378,5539,1,Tata Motors Ltd.,Automobile & Ancillaries,Automobile & Ancillaries,Domestic Equities,1426.0,1297.0,9.946029298380878,0.0919,0.0875,5.028571428571423,0.505131009767332,1100,tata-motors,Large Cap,Apr-2025
171946,6864,1,Godrej Properties Ltd.,Realty,Realty,Domestic Equities,420.0,382.0,9.947643979057592,0.0908,0.0814,11.54791154791154,0.499084827931161,1100,godrej-properties,Mid Cap,Apr-2025
171659,5756,1,Ashok Leyland Ltd.,Automobile & Ancillaries,Automobile & Ancillaries,Domestic Equities,3988.0,3625.0,10.013793103448275,0.0899,0.074,21.486486486486484,0.494137951883386,1100,ashok-leyland,Mid Cap,Apr-2025
171839,6306,1,Solar Industries India Ltd.,Chemicals,Chemicals,Domestic Equities,67.0,62.0,8.064516129032258,0.0883,0.0697,26.68579626972741,0.485343505576229,1100,solar-industries-india,Mid Cap,Apr-2025
152551,7908,1,GMR Airports Ltd.,Infrastructure,Aviation,Domestic Equities,9999.0,9088.0,10.024207746478874,0.0872,0.0688,26.74418604651164,0.479297323740058,1100,gmr-airports,Mid Cap,Apr-2025
101370,86936,1,Tube Investments of India Ltd.,Automobile & Ancillaries,Automobile & Ancillaries,Domestic Equities,299.0,273.0,9.523809523809524,0.0867,0.0756,14.682539682539687,0.476549059269072,1100,tube-investments-of-india,Mid Cap,Apr-2025
122,5767,1,The Phoenix Mills Ltd.,Realty,Realty,Domestic Equities,519.0,473.0,9.725158562367865,0.0864,0.0776999999999999,11.196911196911213,0.47490010058648,1100,the-phoenix-mills,Mid Cap,Apr-2025
152795,99590,1,One97 Communications Ltd.,IT,Information Technology,Domestic Equities,949.0,863.0,9.965237543453073,0.0821,0.0676,21.44970414201185,0.451265026135995,1100,one97-communications,Mid Cap,Apr-2025
152369,6790,1,Bharat Forge Ltd.,Automobile & Ancillaries,Automobile & Ancillaries,Domestic Equities,743.0,676.0,9.911242603550296,0.0819999999999999,0.079,3.797468354430366,0.450715373241798,1100,bharat-forge,Mid Cap,Apr-2025
152118,7308,1,PI Industries Ltd.,Chemicals,Chemicals,Domestic Equities,225.0,205.0,9.75609756097561,0.0819,0.0703,16.500711237553332,0.450165720347601,1100,pi-industries,Mid Cap,Apr-2025
587,7648,1,APL Apollo Tubes Ltd.,Iron & Steel,Iron & Steel,Domestic Equities,505.0,459.0,10.021786492374728,0.0818,0.07,16.857142857142854,0.449616067453403,1100,apl-apollo-tubes,Mid Cap,Apr-2025
152574,8059,1,Torrent Power Ltd.,Power,Power,Domestic Equities,530.0,482.0,9.95850622406639,0.0816,0.0717,13.80753138075314,0.448516761665009,1100,torrent-power,Mid Cap,Apr-2025
133342,5963,1,Bharat Heavy Electricals Ltd.,Capital Goods,Capital Goods,Domestic Equities,3583.0,3257.0,10.00921093030396,0.0813,0.0705,15.319148936170226,0.446867802982417,1100,bharat-heavy-electricals,Mid Cap,Apr-2025
152362,5226,1,Tata Steel Ltd.,Iron & Steel,Iron & Steel,Domestic Equities,5654.0,5139.0,10.021404942595836,0.0791999999999999,0.0793,-0.1261034047919267,0.435325092204273,1100,tata-steel,Large Cap,Apr-2025
152379,5838,1,Voltas Ltd.,Consumer Durables,Consumer Durables,Domestic Equities,634.0,577.0,9.878682842287697,0.0784,0.0842,-6.888361045130642,0.430927869050695,1100,voltas,Mid Cap,Apr-2025
152205,8185,1,Trent Ltd.,Retailing,Retailing,Domestic Equities,151.0,138.0,9.420289855072465,0.0781,0.0735,6.258503401360543,0.429278910368103,1100,trent,Large Cap,Apr-2025
19255,6350,1,Mphasis Ltd.,IT,Information Technology,Domestic Equities,316.0,288.0,9.722222222222223,0.078,0.072,8.333333333333329,0.428729257473905,1100,mphasis,Mid Cap,Apr-2025
171321,7864,1,Page Industries Ltd.,Textile,Textile,Domestic Equities,17.0,16.0,6.25,0.0775,0.0683,13.469985358711565,0.425980993002919,1100,page-industries,Mid Cap,Apr-2025
1152,105806,1,Mankind Pharma Ltd.,Healthcare,Healthcare,Domestic Equities,314.0,286.0,9.79020979020979,0.0774,0.0693,11.688311688311696,0.425431340108721,1100,mankind-pharma,Mid Cap,Apr-2025
134131,90516,1,Polycab India Ltd.,Electricals,Electricals,Domestic Equities,140.0,128.0,9.375,0.0773,0.0659,17.29893778452201,0.424881687214524,1100,polycab-india,Large Cap,Apr-2025
133309,5981,1,Bharat Electronics Ltd.,Capital Goods,Capital Goods,Domestic Equities,2448.0,2226.0,9.973045822102426,0.0769,0.0670999999999999,14.605067064083462,0.422683075637735,1100,bharat-electronics,Large Cap,Apr-2025
96004,7992,1,Jubilant FoodWorks Ltd.,FMCG,Fast Moving Consumer Goods,Domestic Equities,1061.0,964.0,10.062240663900416,0.0759,0.064,18.59375,0.417186546695762,1100,jubilant-foodworks,Mid Cap,Apr-2025
153586,8183,1,NHPC Ltd.,Power,Power,Domestic Equities,8821.0,8018.0,10.014966325767023,0.0757,0.0659,14.871016691957518,0.416087240907367,1100,nhpc,Mid Cap,Apr-2025
38931,15891,1,Alkem Laboratories Ltd.,Healthcare,Healthcare,Domestic Equities,148.0,135.0,9.62962962962963,0.0757,0.0659,14.871016691957518,0.416087240907367,1100,alkem-laboratories,Mid Cap,Apr-2025
171658,4978,1,Asian Paints Ltd.,Chemicals,Chemicals,Domestic Equities,309.0,281.0,9.9644128113879,0.075,0.0658,13.98176291793313,0.412239670647986,1100,asian-paints,Large Cap,Apr-2025
191600,99819,1,FSN E-Commerce Ventures Ltd.,Retailing,Information Technology,Domestic Equities,3799.0,3454.0,9.988419224088014,0.0738,0.0619,19.224555735056533,0.405643835917618,1100,fsn-e-commerce-ventures,Mid Cap,Apr-2025
77639,92991,1,SBI Cards And Payment Services Ltd.,Finance,Finance,Domestic Equities,835.0,759.0,10.013175230566535,0.0729,0.0669,8.968609865470846,0.400696959869842,1100,sbi-cards-and-payment-services,Mid Cap,Apr-2025
19182,5589,1,Coromandel International Ltd.,Chemicals,Chemicals,Domestic Equities,329.0,299.0,10.033444816053512,0.0728,0.0593,22.765598650927497,0.400147306975645,1100,coromandel-international,Mid Cap,Apr-2025
171708,8443,1,Bajaj Finserv Ltd.,Finance,Finance,Domestic Equities,372.0,338.0,10.059171597633137,0.0726,0.0678,7.079646017699108,0.39904800118725,1100,bajaj-finserv,Large Cap,Apr-2025
152245,5078,1,Grasim Industries Ltd.,Diversified,Construction Materials,Domestic Equities,262.0,239.0,9.623430962343097,0.0717,0.0624,14.903846153846148,0.394101125139474,1100,grasim-industries,Large Cap,Apr-2025
96486,15829,1,Interglobe Aviation Ltd.,Aviation,Aviation,Domestic Equities,134.0,122.0,9.836065573770492,0.0703,0.0624,12.660256410256409,0.386405984620712,1100,interglobe-aviation,Large Cap,Apr-2025
133608,7612,1,Union Bank Of India,Bank,Banking,Domestic Equities,5387.0,4896.0,10.028594771241831,0.0678,0.0617999999999999,9.70873786407768,0.372664662265779,1100,union-bank-of-india,Mid Cap,Apr-2025
152238,8313,1,MRF Ltd.,Automobile & Ancillaries,Automobile & Ancillaries,Domestic Equities,5.0,5.0,0.0,0.0673,0.0562999999999999,19.538188277087045,0.369916397794793,1100,mrf,Mid Cap,Apr-2025
133434,4968,1,JSW Steel Ltd.,Iron & Steel,Iron & Steel,Domestic Equities,648.0,590.0,9.830508474576272,0.0667,0.0626999999999999,6.379585326953754,0.366618480429609,1100,jsw-steel,Large Cap,Apr-2025
133642,6320,1,Petronet LNG Ltd.,Inds. Gases & Fuels,Industrials Gases & Fuels,Domestic Equities,2089.0,1899.0,10.005265929436543,0.0655,0.0558,17.383512544802862,0.360022645699241,1100,petronet-lng,Mid Cap,Apr-2025
171369,7531,1,Tech Mahindra Ltd.,IT,Information Technology,Domestic Equities,433.0,394.0,9.898477157360407,0.0650999999999999,0.0559,16.457960644007155,0.357824034122452,1100,tech-mahindra,Large Cap,Apr-2025
152256,5774,1,Oil & Natural Gas Corporation Ltd.,Crude Oil,Crude Oil,Domestic Equities,2655.0,2414.0,9.983429991714996,0.0649,0.0595,9.07563025210084,0.356724728334057,1100,oil-natural-gas-corporation,Large Cap,Apr-2025
77293,6578,1,Muthoot Finance Ltd.,Finance,Finance,Domestic Equities,298.0,272.0,9.558823529411764,0.0647,0.0648,-0.1543209876543314,0.355625422545662,1100,muthoot-finance,Mid Cap,Apr-2025
153260,8051,1,Prestige Estates Projects Ltd.,Realty,Realty,Domestic Equities,470.0,427.0,10.070257611241216,0.0646,0.0506,27.667984189723327,0.355075769651465,1100,prestige-estates-projects,Mid Cap,Apr-2025
56674,5695,1,Supreme Industries Ltd.,Plastic Products,Plastic Products,Domestic Equities,180.0,164.0,9.75609756097561,0.0637,0.0562,13.345195729537366,0.350128893603689,1100,supreme-industries,Mid Cap,Apr-2025
114652,92620,1,Indian Railway Catering And Tourism Corporation Ltd.,Hospitality,Hospitality,Domestic Equities,841.0,764.0,10.078534031413612,0.0632,0.0556,13.669064748201452,0.347380629132703,1100,indian-railway-catering-and-tourism-corporation,Mid Cap,Apr-2025
677,6026,1,Oil India Ltd.,Crude Oil,Crude Oil,Domestic Equities,1520.0,1382.0,9.985528219971057,0.0624,0.0533999999999999,16.85393258426967,0.342983405979124,1100,oil-india,Mid Cap,Apr-2025
19275,7232,1,NMDC Ltd.,Mining,Mining,Domestic Equities,9636.0,8758.0,10.025119890385934,0.0624,0.0603,3.482587064676616,0.342983405979124,1100,nmdc,Mid Cap,Apr-2025
152343,5043,1,Hindalco Industries Ltd.,Non - Ferrous Metals,Non - Ferrous Metals,Domestic Equities,989.0,900.0,9.88888888888889,0.0617999999999999,0.0613999999999999,0.6514657980456032,0.33968548861394,1100,hindalco-industries,Large Cap,Apr-2025
133317,6810,1,Blue Star Ltd.,Consumer Durables,Consumer Durables,Domestic Equities,361.0,329.0,9.72644376899696,0.0616,0.0703,-12.375533428165008,0.338586182825546,1100,blue-star,Mid Cap,Apr-2025
539,7794,1,Adani Ports and Special Economic Zone Ltd.,Logistics,Logistics,Domestic Equities,504.0,459.0,9.803921568627452,0.0613,0.0542999999999999,12.891344383057094,0.336937224142954,1100,adani-ports-and-special-economic-zone,Large Cap,Apr-2025
707,8442,1,Bajaj Auto Ltd.,Automobile & Ancillaries,Automobile & Ancillaries,Domestic Equities,75.0,69.0,8.695652173913043,0.0602,0.0544,10.661764705882335,0.330891042306783,1100,bajaj-auto,Large Cap,Apr-2025
1427,98308,1,Sona BLW Precision Forgings Ltd.,Automobile & Ancillaries,Automobile & Ancillaries,Domestic Equities,1250.0,1137.0,9.938434476693052,0.0601,0.0524,14.69465648854961,0.330341389412586,1100,sona-blw-precision-forgings,Mid Cap,Apr-2025
115643,7007,1,Coal India Ltd.,Mining,Mining,Domestic Equities,1553.0,1412.0,9.98583569405099,0.0598,0.0562,6.405693950177942,0.328692430729994,1100,coal-india,Large Cap,Apr-2025
79,7951,1,Balkrishna Industries Ltd.,Automobile & Ancillaries,Automobile & Ancillaries,Domestic Equities,223.0,203.0,9.852216748768472,0.0596999999999999,0.0519,15.028901734104034,0.328142777835797,1100,balkrishna-industries,Mid Cap,Apr-2025
133330,5128,1,Cipla Ltd.,Healthcare,Healthcare,Domestic Equities,384.0,350.0,9.714285714285714,0.0595,0.0504999999999999,17.82178217821783,0.327043472047402,1100,cipla,Large Cap,Apr-2025
171336,8097,1,JK Cement Ltd.,Construction Materials,Construction Materials,Domestic Equities,116.0,106.0,9.433962264150944,0.0593,0.0523,13.384321223709357,0.325944166259007,1100,jk-cement,Mid Cap,Apr-2025
152296,7356,1,Patanjali Foods Ltd.,FMCG,Fast Moving Consumer Goods,Domestic Equities,308.0,281.0,9.608540925266905,0.0587,0.0508,15.551181102362206,0.322646248893824,1100,patanjali-foods,Mid Cap,Apr-2025
56728,7719,1,Shriram Finance Ltd.,Finance,Finance,Domestic Equities,957.0,870.0,10.0,0.0584999999999999,0.0571,2.451838879159364,0.321546943105429,1100,shriram-finance,Large Cap,Apr-2025
152400,5891,1,Nestle India Ltd.,FMCG,Fast Moving Consumer Goods,Domestic Equities,245.0,223.0,9.865470852017935,0.0584999999999999,0.0501999999999999,16.53386454183267,0.321546943105429,1100,nestle-india,Large Cap,Apr-2025
2469,110949,1,JIO Financial Services Ltd.,Finance,Finance,Domestic Equities,2239.0,2036.0,9.970530451866406,0.0583,0.0463,25.917926565874733,0.320447637317034,1100,jio-financial-services,Large Cap,Apr-2025
134703,87891,1,Hindustan Aeronautics Ltd.,Capital Goods,Capital Goods,Domestic Equities,129.0,118.0,9.322033898305085,0.0579,0.0493,17.444219066937126,0.318249025740245,1100,hindustan-aeronautics,Large Cap,Apr-2025
133463,8505,1,Glenmark Pharmaceuticals Ltd.,Healthcare,Healthcare,Domestic Equities,419.0,382.0,9.68586387434555,0.0579,0.0588999999999999,-1.697792869269943,0.318249025740245,1100,glenmark-pharmaceuticals,Mid Cap,Apr-2025
123299,91366,1,KPIT Technologies Ltd.,IT,Information Technology,Domestic Equities,455.0,414.0,9.903381642512077,0.057,0.0541,5.360443622920518,0.313302149692469,1100,kpit-technologies,Mid Cap,Apr-2025
171698,8307,1,Oracle Financial Services Software Ltd.,IT,Information Technology,Domestic Equities,65.0,60.0,8.333333333333332,0.0567,0.0471,20.38216560509554,0.311653191009877,1100,oracle-financial-services-software,Mid Cap,Apr-2025
152608,7159,1,Indian Bank,Bank,Banking,Domestic Equities,985.0,895.0,10.05586592178771,0.0557,0.0484,15.082644628099182,0.306156662067904,1100,indian-bank,Mid Cap,Apr-2025
152323,7533,1,Tata Elxsi Ltd.,IT,Information Technology,Domestic Equities,96.0,88.0,9.090909090909092,0.0554,0.0458999999999999,20.697167755991288,0.304507703385312,1100,tata-elxsi,Mid Cap,Apr-2025
756,88308,1,Rail Vikas Nigam Ltd.,Infrastructure,Infrastructure,Domestic Equities,1582.0,1438.0,10.013908205841446,0.0553,0.0506,9.288537549407128,0.303958050491115,1100,rail-vikas-nigam,Large Cap,Apr-2025
171444,98250,1,Kalyan Jewellers India Ltd.,Diamond  &  Jewellery,Diamond & Jewellery,Domestic Equities,1070.0,973.0,9.969167523124357,0.0553,0.0455,21.538461538461547,0.303958050491115,1100,kalyan-jewellers-india,Mid Cap,Apr-2025
152616,7532,1,Vodafone Idea Ltd.,Telecom,Telecom,Domestic Equities,76980.0,65744.0,17.090532976393284,0.0548,0.0447,22.595078299776304,0.301209786020128,1100,vodafone-idea,Mid Cap,Apr-2025
58168,86912,1,HDFC Life Insurance Company Ltd.,Insurance,Finance,Domestic Equities,732.0,665.0,10.075187969924812,0.0544,0.0455999999999999,19.298245614035107,0.299011174443339,1100,hdfc-life-insurance-company,Large Cap,Apr-2025
352,7184,1,Ipca Laboratories Ltd.,Healthcare,Healthcare,Domestic Equities,387.0,352.0,9.943181818181818,0.0542,0.0529,2.457466918714554,0.297911868654944,1100,ipca-laboratories,Mid Cap,Apr-2025
152907,86648,1,SBI Life Insurance Company Ltd.,Insurance,Finance,Domestic Equities,306.0,279.0,9.67741935483871,0.054,0.0432,25.0,0.29681256286655,1100,sbi-life-insurance-company,Large Cap,Apr-2025
151967,5716,1,GE Vernova T&D India Ltd.,Capital Goods,Capital Goods,Domestic Equities,345.0,314.0,9.872611464968154,0.054,0.0489,10.42944785276075,0.29681256286655,1100,ge-vernova-td-india,Mid Cap,Apr-2025
153691,5278,1,Oberoi Realty Ltd.,Realty,Realty,Domestic Equities,328.0,298.0,10.06711409395973,0.0538,0.0487999999999999,10.245901639344265,0.295713257078155,1100,oberoi-realty,Mid Cap,Apr-2025
133630,5815,1,Jindal Stainless Ltd.,Iron & Steel,Iron & Steel,Domestic Equities,903.0,821.0,9.987819732034104,0.0527,0.0476999999999999,10.482180293501049,0.289667075241985,1100,jindal-stainless,Mid Cap,Apr-2025
113892,8292,1,KEI Industries Ltd.,Electricals,Electricals,Domestic Equities,171.0,156.0,9.615384615384617,0.0524,0.0451,16.186252771618637,0.288018116559393,1100,kei-industries,Mid Cap,Apr-2025
134830,88309,1,Mazagon Dock Shipbuilders Ltd.,Ship Building,Ship Building,Domestic Equities,171.0,156.0,9.615384615384617,0.0523,0.0412,26.94174757281554,0.287468463665195,1100,mazagon-dock-shipbuilders,Mid Cap,Apr-2025
171462,6372,1,Divi's Laboratories Ltd.,Healthcare,Healthcare,Domestic Equities,86.0,79.0,8.860759493670885,0.0523,0.0455999999999999,14.692982456140369,0.287468463665195,1100,divi's-laboratories,Large Cap,Apr-2025
171509,5522,1,Tata Communications Ltd.,Telecom,Telecom,Domestic Equities,327.0,298.0,9.731543624161072,0.052,0.047,10.638297872340424,0.285819504982604,1100,tata-communications,Mid Cap,Apr-2025
152401,5684,1,Tata Consumer Products Ltd.,Agri,Agriculture,Domestic Equities,445.0,405.0,9.876543209876544,0.0519,0.0406,27.83251231527096,0.285269852088406,1100,tata-consumer-products,Large Cap,Apr-2025
171572,5156,1,Eicher Motors Ltd.,Automobile & Ancillaries,Automobile & Ancillaries,Domestic Equities,93.0,85.0,9.411764705882351,0.0518,0.0455,13.846153846153843,0.284720199194209,1100,eicher-motors,Large Cap,Apr-2025
75891,5355,1,Container Corporation Of India Ltd.,Logistics,Logistics,Domestic Equities,768.0,699.0,9.871244635193133,0.0516999999999999,0.0483,7.039337474120081,0.284170546300012,1100,container-corporation-of-india,Mid Cap,Apr-2025
177212,94646,1,Hitachi Energy India Ltd.,Capital Goods,Capital Goods,Domestic Equities,35.0,32.0,9.375,0.0509,0.0405,25.679012345679013,0.279773323146433,1100,hitachi-energy-india,Mid Cap,Apr-2025
152207,5372,1,LIC Housing Finance Ltd.,Finance,Finance,Domestic Equities,838.0,762.0,9.973753280839896,0.0504,0.043,17.2093023255814,0.277025058675446,1100,lic-housing-finance,Mid Cap,Apr-2025
171585,5257,1,Dr. Reddy's Laboratories Ltd.,Healthcare,Healthcare,Domestic Equities,417.0,379.0,10.026385224274406,0.0494,0.0434,13.82488479262674,0.271528529733473,1100,dr-reddy's-laboratories,Large Cap,Apr-2025
152242,5741,1,Vedanta Ltd.,Non - Ferrous Metals,Non - Ferrous Metals,Domestic Equities,1160.0,1055.0,9.95260663507109,0.0486,0.0489,-0.6134969325153244,0.267131306579895,1100,vedanta,Large Cap,Apr-2025
38020,6672,1,Apollo Hospitals Enterprise Ltd.,Healthcare,Healthcare,Domestic Equities,69.0,63.0,9.523809523809524,0.0481,0.0417,15.34772182254196,0.264383042108908,1100,apollo-hospitals-enterprise,Mid Cap,Apr-2025
38605,83193,1,Varun Beverages Ltd.,FMCG,Fast Moving Consumer Goods,Domestic Equities,917.0,834.0,9.952038369304557,0.0479,0.045,6.4444444444444455,0.263283736320514,1100,varun-beverages,Large Cap,Apr-2025
152406,5107,1,The Indian Hotels Company Ltd.,Hospitality,Hospitality,Domestic Equities,600.0,546.0,9.89010989010989,0.0473,0.043,10.000000000000014,0.25998581895533,1100,the-indian-hotels-company,Mid Cap,Apr-2025
171511,5199,1,Wipro Ltd.,IT,Information Technology,Domestic Equities,1942.0,1765.0,10.028328611898017,0.0469,0.0463,1.2958963282937472,0.25778720737854,1100,wipro,Large Cap,Apr-2025
97125,90518,1,Adani Total Gas Ltd.,Gas Transmission,Gas Transmission,Domestic Equities,773.0,703.0,9.95732574679943,0.0464,0.0424,9.43396226415093,0.255038942907554,1100,adani-total-gas,Mid Cap,Apr-2025
171434,4916,1,Astral Ltd.,Plastic Products,Plastic Products,Domestic Equities,343.0,312.0,9.935897435897436,0.0461,0.0404,14.108910891089115,0.253389984224962,1100,astral,Mid Cap,Apr-2025
133351,5368,1,Steel Authority Of India Ltd.,Iron & Steel,Iron & Steel,Domestic Equities,4030.0,3663.0,10.01911001911002,0.0458,0.0421999999999999,8.530805687203799,0.25174102554237,1100,steel-authority-of-india,Mid Cap,Apr-2025
133407,5997,1,Hindustan Zinc Ltd.,Non - Ferrous Metals,Non - Ferrous Metals,Domestic Equities,1022.0,929.0,10.010764262648008,0.0449,0.0429,4.662004662004666,0.246794149494594,1100,hindustan-zinc,Large Cap,Apr-2025
171886,6139,1,Exide Industries Ltd.,Automobile & Ancillaries,Automobile & Ancillaries,Domestic Equities,1268.0,1153.0,9.97398091934085,0.0446,0.0416,7.211538461538456,0.245145190812002,1100,exide-industries,Mid Cap,Apr-2025
171840,6541,1,UNO Minda Ltd.,Automobile & Ancillaries,Automobile & Ancillaries,Domestic Equities,498.0,453.0,9.933774834437086,0.0445,0.0397,12.090680100755666,0.244595537917805,1100,uno-minda,Mid Cap,Apr-2025
135555,92715,1,360 One Wam Ltd.,Finance,Finance,Domestic Equities,447.0,406.0,10.098522167487683,0.0441,0.0383,15.143603133159267,0.242396926341016,1100,360-one-wam,Mid Cap,Apr-2025
152316,5915,1,Tata Power Company Ltd.,Power,Power,Domestic Equities,1148.0,1043.0,10.06711409395973,0.0441,0.0392,12.500000000000004,0.242396926341016,1100,tata-power-company,Large Cap,Apr-2025
173672,92657,1,Gujarat Fluorochemicals Ltd.,Chemicals,Chemicals,Domestic Equities,113.0,104.0,8.653846153846153,0.044,0.0418,5.263157894736858,0.241847273446818,1100,gujarat-fluorochemicals,Mid Cap,Apr-2025
171628,5788,1,Britannia Industries Ltd.,FMCG,Fast Moving Consumer Goods,Domestic Equities,80.0,73.0,9.58904109589041,0.0435,0.036,20.83333333333332,0.239099008975832,1100,britannia-industries,Large Cap,Apr-2025
171333,7587,1,United Breweries Ltd.,Alcohol,Alcohol,Domestic Equities,201.0,183.0,9.836065573770492,0.0434,0.0366,18.57923497267759,0.238549356081634,1100,united-breweries,Mid Cap,Apr-2025
171433,6783,1,Berger Paints India Ltd.,Chemicals,Chemicals,Domestic Equities,793.0,722.0,9.833795013850416,0.0432,0.0361,19.667590027700843,0.23745005029324,1100,berger-paints-india,Mid Cap,Apr-2025
152519,8782,1,Mahindra & Mahindra Financial Services Ltd.,Finance,Finance,Domestic Equities,1650.0,1500.0,10.0,0.0432,0.0425,1.6470588235294186,0.23745005029324,1100,mahindra-mahindra-financial-services,Mid Cap,Apr-2025
47051,90577,1,Dalmia Bharat Ltd.,Construction Materials,Construction Materials,Domestic Equities,222.0,202.0,9.9009900990099,0.0431,0.0368,17.11956521739129,0.236900397399042,1100,dalmia-bharat,Mid Cap,Apr-2025
171514,5399,1,Cholamandalam Investment and Finance Company Ltd.,Finance,Finance,Domestic Equities,287.0,262.0,9.541984732824428,0.0428,0.0398,7.537688442211062,0.235251438716451,1100,cholamandalam-investment-and-finance-company,Large Cap,Apr-2025
133507,6902,1,TVS Motor Company Ltd.,Automobile & Ancillaries,Automobile & Ancillaries,Domestic Equities,160.0,146.0,9.58904109589041,0.0428,0.0353,21.24645892351276,0.235251438716451,1100,tvs-motor-company,Large Cap,Apr-2025
171565,6678,1,Apollo Tyres Ltd.,Automobile & Ancillaries,Automobile & Ancillaries,Domestic Equities,899.0,817.0,10.03671970624235,0.0424,0.0348,21.839080459770123,0.233052827139661,1100,apollo-tyres,Small Cap,Apr-2025
152367,6359,1,Abbott India Ltd.,Healthcare,Healthcare,Domestic Equities,14.0,13.0,7.6923076923076925,0.042,0.0399,5.263157894736841,0.230854215562872,1100,abbott-india,Mid Cap,Apr-2025
171619,82976,1,Avenue Supermarts Ltd.,Retailing,Retailing,Domestic Equities,100.0,91.0,9.89010989010989,0.042,0.0372,12.903225806451612,0.230854215562872,1100,avenue-supermarts,Large Cap,Apr-2025
171402,5320,1,Godrej Consumer Products Ltd.,FMCG,Fast Moving Consumer Goods,Domestic Equities,327.0,298.0,9.731543624161072,0.0412,0.0345,19.42028985507246,0.226456992409294,1100,godrej-consumer-products,Large Cap,Apr-2025
152376,5012,1,Bharat Petroleum Corporation Ltd.,Crude Oil,Crude Oil,Domestic Equities,1325.0,1204.0,10.04983388704319,0.0411,0.0335,22.68656716417911,0.225907339515096,1100,bharat-petroleum-corporation,Large Cap,Apr-2025
75697,6614,1,Adani Enterprises Ltd.,Trading,Trading,Domestic Equities,178.0,162.0,9.876543209876544,0.0409999999999999,0.0375,9.333333333333323,0.225357686620899,1100,adani-enterprises,Large Cap,Apr-2025
75659,6055,1,Lloyds Metals & Energy Ltd.,Iron & Steel,Iron & Steel,Domestic Equities,338.0,308.0,9.740259740259742,0.0407,0.0395999999999999,2.777777777777786,0.223708727938307,1100,lloyds-metals-energy,Mid Cap,Apr-2025
152604,5456,1,Power Finance Corporation Ltd.,Finance,Finance,Domestic Equities,995.0,905.0,9.94475138121547,0.0405,0.0375,7.999999999999995,0.222609422149912,1100,power-finance-corporation,Large Cap,Apr-2025
133643,6434,1,Biocon Ltd.,Healthcare,Healthcare,Domestic Equities,1255.0,1141.0,9.991235758106924,0.0404,0.039,3.589743589743593,0.222059769255715,1100,biocon,Mid Cap,Apr-2025
57781,87827,1,Bharat Dynamics Ltd.,Capital Goods,Capital Goods,Domestic Equities,256.0,234.0,9.401709401709402,0.0392,0.03,30.666666666666664,0.215463934525347,1100,bharat-dynamics,Mid Cap,Apr-2025
133439,5473,1,National Aluminium Company Ltd.,Non - Ferrous Metals,Non - Ferrous Metals,Domestic Equities,2500.0,2272.0,10.035211267605634,0.0391,0.0399,-2.0050125313283225,0.21491428163115,1100,national-aluminium-company,Mid Cap,Apr-2025
79346,86555,1,Aditya Birla Capital Ltd.,Finance,Finance,Domestic Equities,1988.0,1807.0,10.01660210293304,0.039,0.0334,16.766467065868266,0.214364628736953,1100,aditya-birla-capital,Mid Cap,Apr-2025
114414,5238,1,Bank Of India,Bank,Banking,Domestic Equities,3388.0,3079.0,10.035725885027606,0.039,0.033,18.181818181818183,0.214364628736953,1100,bank-of-india,Mid Cap,Apr-2025
19098,6973,1,Schaeffler India Ltd.,Automobile & Ancillaries,Automobile & Ancillaries,Domestic Equities,112.0,102.0,9.803921568627452,0.0389,0.0344,13.081395348837216,0.213814975842755,1100,schaeffler-india,Mid Cap,Apr-2025
83342,79963,1,Bandhan Bank Ltd.,Bank,Banking,Domestic Equities,2316.0,2105.0,10.02375296912114,0.0384,0.0308,24.675324675324667,0.211066711371769,1100,bandhan-bank,Small Cap,Apr-2025
133635,5732,1,Indraprastha Gas Ltd.,Gas Transmission,Gas Transmission,Domestic Equities,1955.0,1778.0,9.955005624296962,0.0377,0.0361,4.432132963988924,0.207219141112388,1100,indraprastha-gas,Mid Cap,Apr-2025
114442,5285,1,IndusInd Bank Ltd.,Bank,Banking,Domestic Equities,450.0,409.0,10.024449877750612,0.0377,0.0266,41.72932330827067,0.207219141112388,1100,indusind-bank,Mid Cap,Apr-2025
152572,7512,1,Info Edge (India) Ltd.,IT,Information Technology,Domestic Equities,53.0,48.0,10.416666666666668,0.0375,0.0345,8.695652173913038,0.206119835323993,1100,info-edge-india,Large Cap,Apr-2025
134823,84770,1,Cochin Shipyard Ltd.,Ship Building,Ship Building,Domestic Equities,235.0,214.0,9.813084112149532,0.0374,0.0301,24.252491694352173,0.205570182429796,1100,cochin-shipyard,Mid Cap,Apr-2025
19183,6082,1,Deepak Nitrite Ltd.,Chemicals,Chemicals,Domestic Equities,191.0,174.0,9.770114942528735,0.037,0.0345,7.246376811594203,0.203371570853006,1100,deepak-nitrite,Mid Cap,Apr-2025
152079,6815,1,Linde India Ltd.,Inds. Gases & Fuels,Industrials Gases & Fuels,Domestic Equities,58.0,53.0,9.433962264150944,0.0366999999999999,0.0332,10.542168674698798,0.201722612170414,1100,linde-india,Mid Cap,Apr-2025
1704,6920,1,L&T Finance Ltd.,Finance,Finance,Domestic Equities,2237.0,2034.0,9.980334316617505,0.0366999999999999,0.0312,17.62820512820512,0.201722612170414,1100,lt-finance,Mid Cap,Apr-2025
57541,86814,1,General Insurance Corporation of India,Insurance,Finance,Domestic Equities,862.0,784.0,9.948979591836734,0.036,0.033,9.0909090909091,0.197875041911033,1100,general-insurance-corporation-of-india,Mid Cap,Apr-2025
171943,4973,1,REC Ltd.,Finance,Finance,Domestic Equities,854.0,776.0,10.051546391752575,0.0359,0.0333,7.8078078078078015,0.197325389016836,1100,rec,Large Cap,Apr-2025
152325,5528,1,Thermax Ltd.,Capital Goods,Capital Goods,Domestic Equities,108.0,98.0,10.20408163265306,0.0355,0.0358,-0.8379888268156493,0.195126777440047,1100,thermax,Mid Cap,Apr-2025
76174,111823,1,Bharti Hexacom Ltd.,Telecom,Telecom,Domestic Equities,209.0,191.0,9.424083769633508,0.0353,0.0279999999999999,26.071428571428573,0.194027471651652,1100,bharti-hexacom,Mid Cap,Apr-2025
152324,4941,1,ACC Ltd.,Construction Materials,Construction Materials,Domestic Equities,187.0,171.0,9.35672514619883,0.0353,0.0332,6.325301204819277,0.194027471651652,1100,acc,Mid Cap,Apr-2025
57031,5903,1,Indian Oil Corporation Ltd.,Crude Oil,Crude Oil,Domestic Equities,2554.0,2322.0,9.991386735572782,0.0352,0.0297,18.518518518518512,0.193477818757455,1100,indian-oil-corporation,Large Cap,Apr-2025
171741,5431,1,GAIL (India) Ltd.,Inds. Gases & Fuels,Industrials Gases & Fuels,Domestic Equities,1844.0,1676.0,10.023866348448689,0.0349,0.0306999999999999,13.680781758957666,0.191828860074863,1100,gail-india,Large Cap,Apr-2025
171335,5389,1,Bajaj Holdings & Investment Ltd.,Finance,Finance,Domestic Equities,29.0,27.0,7.4074074074074066,0.0347,0.0337,2.9673590504451064,0.190729554286468,1100,bajaj-holdings-investment,Large Cap,Apr-2025
95549,7450,1,Aditya Birla Fashion and Retail Ltd.,Retailing,Retailing,Domestic Equities,1308.0,1189.0,10.008410428931876,0.0345,0.0305,13.114754098360669,0.189630248498073,1100,aditya-birla-fashion-and-retail,Mid Cap,Apr-2025
152486,5772,1,AIA Engineering Ltd.,Automobile & Ancillaries,Automobile & Ancillaries,Domestic Equities,108.0,98.0,10.20408163265306,0.0345,0.0327999999999999,5.182926829268304,0.189630248498073,1100,aia-engineering,Mid Cap,Apr-2025
171948,7104,1,Emami Ltd.,FMCG,Fast Moving Consumer Goods,Domestic Equities,549.0,500.0,9.8,0.0343,0.0289999999999999,18.275862068965527,0.188530942709679,1100,emami,Small Cap,Apr-2025
152386,5556,1,Glaxosmithkline Pharmaceuticals Ltd.,Healthcare,Healthcare,Domestic Equities,115.0,105.0,9.523809523809524,0.0341,0.0302,12.913907284768216,0.187431636921284,1100,glaxosmithkline-pharmaceuticals,Mid Cap,Apr-2025
171383,5551,1,Hero MotoCorp Ltd.,Automobile & Ancillaries,Automobile & Ancillaries,Domestic Equities,88.0,81.0,8.641975308641975,0.0337,0.0302,11.589403973509937,0.185233025344495,1100,hero-motocorp,Large Cap,Apr-2025
19805,15724,1,Syngene International Ltd.,Business Services,Healthcare,Domestic Equities,527.0,479.0,10.020876826722338,0.0334,0.0348,-4.02298850574713,0.183584066661903,1100,syngene-international,Mid Cap,Apr-2025
44430,82482,1,L&T Technology Services Ltd.,IT,Information Technology,Domestic Equities,76.0,70.0,8.571428571428571,0.0324,0.0315,2.857142857142867,0.17808753771993,1100,lt-technology-services,Mid Cap,Apr-2025
171387,6208,1,Pidilite Industries Ltd.,Chemicals,Chemicals,Domestic Equities,105.0,96.0,9.375,0.0319,0.0274,16.423357664233563,0.175339273248943,1100,pidilite-industries,Large Cap,Apr-2025
133495,5019,1,Ajanta Pharma Ltd.,Healthcare,Healthcare,Domestic Equities,117.0,107.0,9.345794392523365,0.0317,0.0281,12.811387900355866,0.174239967460549,1100,ajanta-pharma,Mid Cap,Apr-2025
114405,5008,1,Bank Of Baroda,Bank,Banking,Domestic Equities,1266.0,1151.0,9.99131190269331,0.0316,0.0263,20.152091254752865,0.173690314566351,1100,bank-of-baroda,Large Cap,Apr-2025
114654,92672,1,Indian Renewable Energy Development Agency Ltd.,Finance,Finance,Domestic Equities,1878.0,1707.0,10.01757469244288,0.0314,0.0274,14.598540145985398,0.172591008777957,1100,indian-renewable-energy-development-agency,Mid Cap,Apr-2025
133583,8200,1,United Spirits Ltd.,Alcohol,Alcohol,Domestic Equities,201.0,184.0,9.239130434782608,0.0314,0.0258,21.70542635658915,0.172591008777957,1100,united-spirits,Large Cap,Apr-2025
115032,83788,1,Housing & Urban Development Corporation Ltd.,Finance,Finance,Domestic Equities,1399.0,1272.0,9.984276729559747,0.0313,0.0254,23.228346456692908,0.172041355883759,1100,housing-urban-development-corporation,Mid Cap,Apr-2025
797,86851,1,Nippon Life India Asset Management Ltd.,Finance,Finance,Domestic Equities,487.0,443.0,9.932279909706546,0.0311,0.0256,21.484375,0.170942050095365,1100,nippon-life-india-asset-management,Mid Cap,Apr-2025
97743,96921,1,Gland Pharma Ltd.,Healthcare,Healthcare,Domestic Equities,221.0,202.0,9.405940594059404,0.0308999999999999,0.0322,-4.037267080745352,0.16984274430697,1100,gland-pharma,Small Cap,Apr-2025
171636,86629,1,ICICI Lombard General Insurance Company Ltd.,Insurance,Finance,Domestic Equities,163.0,149.0,9.395973154362416,0.0306,0.0266999999999999,14.606741573033712,0.168193785624378,1100,icici-lombard-general-insurance-company,Mid Cap,Apr-2025
152370,5063,1,Escorts Kubota Ltd.,Automobile & Ancillaries,Automobile & Ancillaries,Domestic Equities,92.0,84.0,9.523809523809524,0.03,0.0273,9.89010989010989,0.164895868259194,1100,escorts-kubota,Mid Cap,Apr-2025
133333,4917,1,CRISIL Ltd.,Ratings,Ratings,Domestic Equities,67.0,62.0,8.064516129032258,0.0298,0.0259,15.057915057915064,0.1637965624708,1100,crisil,Mid Cap,Apr-2025
171837,6012,1,DLF Ltd.,Realty,Realty,Domestic Equities,438.0,399.0,9.774436090225564,0.0295,0.0272,8.455882352941176,0.162147603788208,1100,dlf,Large Cap,Apr-2025
153405,17058,1,LTIMindtree Ltd.,IT,Information Technology,Domestic Equities,63.0,57.0,10.526315789473683,0.0289,0.0256,12.890625000000004,0.158849686423024,1100,ltimindtree,Large Cap,Apr-2025
38708,8062,1,Adani Power Ltd.,Power,Power,Domestic Equities,538.0,489.0,10.020449897750511,0.0286,0.0249,14.859437751004002,0.157200727740432,1100,adani-power,Large Cap,Apr-2025
171580,109023,1,Tata Technologies Ltd.,IT,Information Technology,Domestic Equities,429.0,391.0,9.718670076726342,0.0282,0.0266,6.015037593984951,0.155002116163643,1100,tata-technologies,Mid Cap,Apr-2025
102429,100653,1,Global Health Ltd.,Healthcare,Healthcare,Domestic Equities,232.0,211.0,9.95260663507109,0.0278,0.0253,9.881422924901187,0.152803504586853,1100,global-health,Small Cap,Apr-2025
509,8487,1,K.P.R. Mill Ltd.,Textile,Textile,Domestic Equities,279.0,254.0,9.84251968503937,0.0278,0.023,20.869565217391305,0.152803504586853,1100,kpr-mill,Small Cap,Apr-2025
171639,5614,1,Havells India Ltd.,Capital Goods,Capital Goods,Domestic Equities,172.0,157.0,9.554140127388536,0.0275,0.024,14.583333333333336,0.151154545904261,1100,havells-india,Large Cap,Apr-2025
133334,5159,1,CG Power and Industrial Solutions Ltd.,Capital Goods,Capital Goods,Domestic Equities,437.0,398.0,9.798994974874372,0.0274,0.0254,7.8740157480315025,0.150604893010064,1100,cg-power-and-industrial-solutions,Large Cap,Apr-2025
171485,6291,1,Motilal Oswal Financial Services Ltd.,Finance,Finance,Domestic Equities,414.0,377.0,9.814323607427056,0.027,0.0232,16.3793103448276,0.148406281433275,1100,motilal-oswal-financial-services,Mid Cap,Apr-2025
113818,7906,1,Samvardhana Motherson International Ltd.,Automobile & Ancillaries,Automobile & Ancillaries,Domestic Equities,2015.0,1832.0,9.989082969432314,0.0269,0.024,12.083333333333336,0.147856628539078,1100,samvardhana-motherson-international,Large Cap,Apr-2025
152308,5173,1,Shree Cement Ltd.,Construction Materials,Construction Materials,Domestic Equities,9.0,8.0,12.5,0.0266999999999999,0.0243999999999999,9.42622950819672,0.146757322750683,1100,shree-cement,Mid Cap,Apr-2025
196533,104025,1,Motherson Sumi Wiring India Ltd.,Iron & Steel,Iron & Steel,Domestic Equities,4728.0,4297.0,10.030253665347916,0.0264,0.0224,17.85714285714285,0.145108364068091,1100,motherson-sumi-wiring-india,Small Cap,Apr-2025
133445,6416,1,Apar Industries Ltd.,Capital Goods,Capital Goods,Domestic Equities,47.0,43.0,9.30232558139535,0.0263,0.0237999999999999,10.504201680672267,0.144558711173894,1100,apar-industries,Mid Cap,Apr-2025
134667,88599,1,Macrotech Developers Ltd.,Realty,Realty,Domestic Equities,191.0,174.0,9.770114942528735,0.0254,0.0208,22.115384615384613,0.139611835126118,1100,macrotech-developers,Large Cap,Apr-2025
645,8087,1,IRB Infrastructure Developers Ltd.,Infrastructure,Infrastructure,Domestic Equities,5531.0,5027.0,10.025860354087923,0.0252,0.0227,11.013215859030836,0.138512529337723,1100,irb-infrastructure-developers,Mid Cap,Apr-2025
222979,112566,1,Vishal Mega Mart Ltd.,Retailing,Retailing,Domestic Equities,2082.0,1893.0,9.984152139461171,0.0247,0.0197,25.380710659898487,0.135764264866737,1100,vishal-mega-mart,Mid Cap,Apr-2025
152334,5218,1,Ambuja Cements Ltd.,Construction Materials,Construction Materials,Domestic Equities,455.0,414.0,9.903381642512077,0.0246,0.0223,10.31390134529148,0.135214611972539,1100,ambuja-cements,Large Cap,Apr-2025
57345,99844,1,AWL Agri Business Ltd.,FMCG,Fast Moving Consumer Goods,Domestic Equities,919.0,836.0,9.92822966507177,0.0245,0.0216,13.425925925925927,0.134664959078342,1100,awl-agri-business,Mid Cap,Apr-2025
58178,99657,1,Star Health and Allied Insurance Company Ltd.,Insurance,Finance,Domestic Equities,628.0,572.0,9.79020979020979,0.0245,0.0204,20.09803921568628,0.134664959078342,1100,star-health-and-allied-insurance-company,Small Cap,Apr-2025
133599,5561,1,Punjab National Bank,Bank,Banking,Domestic Equities,2357.0,2143.0,9.986000933271114,0.0236,0.0206,14.563106796116497,0.129718083030566,1100,punjab-national-bank,Large Cap,Apr-2025
152331,7581,1,Torrent Pharmaceuticals Ltd.,Healthcare,Healthcare,Domestic Equities,71.0,65.0,9.230769230769232,0.0236,0.021,12.38095238095237,0.129718083030566,1100,torrent-pharmaceuticals,Large Cap,Apr-2025
171942,7813,1,Jindal Steel & Power Ltd.,Iron & Steel,Iron & Steel,Domestic Equities,259.0,236.0,9.745762711864408,0.0232,0.0215,7.906976744186044,0.127519471453777,1100,jindal-steel-power,Mid Cap,Apr-2025
133614,6833,1,Canara Bank,Bank,Banking,Domestic Equities,2305.0,2095.0,10.023866348448689,0.0225,0.0186,20.967741935483865,0.123671901194396,1100,canara-bank,Mid Cap,Apr-2025
133645,6755,1,Bank Of Maharashtra,Bank,Banking,Domestic Equities,4386.0,3987.0,10.00752445447705,0.0222,0.0185,20.000000000000004,0.122022942511804,1100,bank-of-maharashtra,Mid Cap,Apr-2025
139932,15713,1,Adani Energy Solutions Ltd.,Power,Power,Domestic Equities,247.0,225.0,9.77777777777778,0.0222,0.0196,13.265306122448992,0.122022942511804,1100,adani-energy-solutions,Large Cap,Apr-2025
78882,109773,1,JSW Infrastructure Ltd.,Logistics,Logistics,Domestic Equities,757.0,688.0,10.02906976744186,0.0222,0.022,0.9090909090909096,0.122022942511804,1100,jsw-infrastructure,Mid Cap,Apr-2025
137768,15760,1,Gujarat Gas Ltd.,Gas Transmission,Gas Transmission,Domestic Equities,480.0,437.0,9.839816933638444,0.0218,0.018,21.11111111111112,0.119824330935015,1100,gujarat-gas,Mid Cap,Apr-2025
13,7543,1,Tata Investment Corporation Ltd.,Finance,Finance,Domestic Equities,36.0,33.0,9.090909090909092,0.0214,0.0208,2.8846153846153872,0.117625719358225,1100,tata-investment-corporation,Mid Cap,Apr-2025
152064,6806,1,3M India Ltd.,Diversified,Diversified,Domestic Equities,7.0,7.0,0.0,0.0210999999999999,0.0202,4.455445544554449,0.115976760675633,1100,3m-india,Mid Cap,Apr-2025
222201,112407,1,NTPC Green Energy Ltd.,Power,Power,Domestic Equities,2077.0,1888.0,10.010593220338984,0.0209,0.019,9.999999999999998,0.114877454887239,1100,ntpc-green-energy,Large Cap,Apr-2025
113787,7539,1,Honeywell Automation India Ltd.,Consumer Durables,Consumer Durables,Domestic Equities,6.0,6.0,0.0,0.0207,0.0202,2.4752475247524663,0.113778149098844,1100,honeywell-automation-india,Mid Cap,Apr-2025
171853,7249,1,NLC India Ltd.,Power,Power,Domestic Equities,909.0,827.0,9.915356711003628,0.0207,0.0202,2.4752475247524663,0.113778149098844,1100,nlc-india,Mid Cap,Apr-2025
171799,4956,1,Dabur India Ltd.,FMCG,Fast Moving Consumer Goods,Domestic Equities,403.0,366.0,10.10928961748634,0.0197,0.0185,6.48648648648648,0.108281620156871,1100,dabur-india,Large Cap,Apr-2025
133272,5382,1,ABB India Ltd.,Capital Goods,Capital Goods,Domestic Equities,35.0,33.0,6.0606060606060606,0.0192999999999999,0.0183,5.464480874316932,0.106083008580082,1100,abb-india,Large Cap,Apr-2025
77359,100627,1,Waaree Energies Ltd.,Capital Goods,Capital Goods,Domestic Equities,73.0,67.0,8.955223880597014,0.019,0.0161,18.012422360248433,0.10443404989749,1100,waaree-energies,Mid Cap,Apr-2025
84351,88646,1,Adani Green Energy Ltd.,Power,Power,Domestic Equities,209.0,190.0,10.0,0.0187999999999999,0.018,4.444444444444437,0.103334744109095,1100,adani-green-energy,Large Cap,Apr-2025
1840,4901,1,SJVN Ltd.,Power,Power,Domestic Equities,1994.0,1813.0,9.983452840595698,0.0187,0.0166,12.650602409638568,0.102785091214898,1100,sjvn,Mid Cap,Apr-2025
133387,5868,1,Godrej Industries Ltd.,Chemicals,Chemicals,Domestic Equities,172.0,157.0,9.554140127388536,0.0186,0.0178,4.494382022471914,0.1022354383207,1100,godrej-industries,Mid Cap,Apr-2025
171394,82477,1,Endurance Technologies Ltd.,Automobile & Ancillaries,Automobile & Ancillaries,Domestic Equities,98.0,89.0,10.112359550561797,0.0184,0.0175,5.142857142857148,0.101136132532306,1100,endurance-technologies,Mid Cap,Apr-2025
217845,112026,1,Premier Energies Ltd.,Electricals,Electricals,Domestic Equities,183.0,167.0,9.580838323353294,0.018,0.0157,14.64968152866242,0.0989375209555166,1100,premier-energies,Mid Cap,Apr-2025
114697,5402,1,JSW Energy Ltd.,Power,Power,Domestic Equities,365.0,332.0,9.939759036144578,0.0175,0.0179,-2.234636871508381,0.09618925648453,1100,jsw-energy,Large Cap,Apr-2025
152377,4902,1,Siemens Ltd.,Capital Goods,Capital Goods,Domestic Equities,60.0,55.0,9.090909090909092,0.0174,0.0289999999999999,-40.0,0.0956396035903327,1100,siemens,Large Cap,Apr-2025
152532,6617,1,Sun TV Network Ltd.,Media & Entertainment,Media & Entertainment,Domestic Equities,275.0,250.0,10.0,0.0171,0.0162,5.5555555555555465,0.0939906449077408,1100,sun-tv-network,Small Cap,Apr-2025
57620,82559,1,ICICI Prudential Life Insurance Company Ltd.,Insurance,Finance,Domestic Equities,267.0,243.0,9.876543209876544,0.0163999999999999,0.0137,19.708029197080275,0.0901430746483596,1100,icici-prudential-life-insurance-company,Large Cap,Apr-2025
58145,71025,1,Indian Railway Finance Corporation Ltd.,Finance,Finance,Domestic Equities,1221.0,1110.0,10.0,0.0152,0.0138,10.144927536231894,0.0835472399179918,1100,indian-railway-finance-corporation,Large Cap,Apr-2025
171968,4931,1,Zydus Lifesciences Ltd.,Healthcare,Healthcare,Domestic Equities,170.0,155.0,9.67741935483871,0.0151,0.0137,10.218978102189771,0.0829975870237945,1100,zydus-lifesciences,Large Cap,Apr-2025
152374,6232,1,Bosch Ltd.,Automobile & Ancillaries,Automobile & Ancillaries,Domestic Equities,5.0,5.0,0.0,0.0147,0.0141999999999999,3.521126760563384,0.0807989754470052,1100,bosch,Large Cap,Apr-2025
114606,112114,1,Hyundai Motor India Ltd.,Automobile & Ancillaries,Automobile & Ancillaries,Domestic Equities,82.0,75.0,9.333333333333334,0.0139999999999999,0.0128,9.374999999999991,0.076951405187624,1100,hyundai-motor-india,Large Cap,Apr-2025
227975,113151,1,Siemens Energy India Ltd.,Others,,Domestic Equities,56.0,,,0.0139,,,0.0764017522934267,1100,siemens-energy-india,,Apr-2025
176199,111753,1,OLA Electric Mobility Ltd.,Automobile & Ancillaries,Automobile & Ancillaries,Domestic Equities,2487.0,2261.0,9.995577178239715,0.0121,0.012,0.8333333333333341,0.066508000197875,1100,ola-electric-mobility,Mid Cap,Apr-2025
58155,95800,1,Life Insurance Corporation of India,Insurance,Finance,Domestic Equities,151.0,138.0,9.420289855072465,0.012,0.011,9.09090909090908,0.0659583473036777,1100,life-insurance-corporation-of-india,Large Cap,Apr-2025
58164,86911,1,The New India Assurance Company Ltd.,Insurance,Finance,Domestic Equities,671.0,610.0,10.0,0.0115,0.0093999999999999,22.34042553191489,0.0632100828326912,1100,the-new-india-assurance-company,Mid Cap,Apr-2025
116180,112103,1,Bajaj Housing Finance Ltd.,Finance,Finance,Domestic Equities,636.0,578.0,10.034602076124568,0.0078,0.0070999999999999,9.859154929577477,0.0428729257473905,1100,bajaj-housing-finance,Large Cap,Apr-2025
171883,5324,1,Mangalore Refinery And Petrochemicals Ltd.,Crude Oil,Crude Oil,Domestic Equities,497.0,452.0,9.95575221238938,0.0067,0.0060999999999999,9.8360655737705,0.0368267439112201,1100,mangalore-refinery-and-petrochemicals,Small Cap,Apr-2025
84908,112552,1,Swiggy Ltd.,Retailing,Information Technology,Domestic Equities,183.0,167.0,9.580838323353294,0.0058,0.0055,5.454545454545439,0.0318798678634442,1100,swiggy,Large Cap,Apr-2025
171875,5051,1,HDFC Bank Ltd.,Bank,Banking,Domestic Equities,5394.0,5201.0,3.710824841376658,1.0491,1.0012,4.784258889332793,5.32897844737818,1100,hdfc-bank,Large Cap,May-2025
171888,8748,1,ICICI Bank Ltd.,Bank,Banking,Domestic Equities,5005.0,4826.0,3.70907583920431,0.7236,0.6887000000000001,5.067518513140692,3.67557792824597,1100,icici-bank,Large Cap,May-2025
171531,4897,1,Reliance Industries Ltd.,Crude Oil,Crude Oil,Domestic Equities,4804.0,4632.0,3.713298791018999,0.6826000000000001,0.6507999999999999,4.886293792255696,3.46731549726465,1100,reliance-industries,Large Cap,May-2025
171889,4926,1,Infosys Ltd.,IT,Information Technology,Domestic Equities,2552.0,2461.0,3.6976838683462008,0.3988,0.3692,8.01733477789816,2.02573310915491,1100,infosys,Large Cap,May-2025
133593,6508,1,Bharti Airtel Ltd.,Telecom,Telecom,Domestic Equities,1902.0,1834.0,3.707742639040349,0.353,0.3419,3.246563322608949,1.79308873503431,1100,bharti-airtel,Large Cap,May-2025
76200,82667,1,BSE Ltd.,Finance,Finance,Domestic Equities,1177.0,378.0,211.3756613756614,0.3147,0.2404,30.906821963394343,1.59854114706883,1100,bse,Mid Cap,May-2025
152372,4964,1,Larsen & Toubro Ltd.,Infrastructure,Infrastructure,Domestic Equities,832.0,802.0,3.740648379052369,0.3057999999999999,0.2678999999999999,14.147069802164983,1.55333296083142,1100,larsen-toubro,Large Cap,May-2025
152408,5535,1,ITC Ltd.,FMCG,Fast Moving Consumer Goods,Domestic Equities,6600.0,6365.0,3.692065985860173,0.2759,0.271,1.808118081180806,1.40145377335968,1100,itc,Large Cap,May-2025
171915,6797,1,Tata Consultancy Services Ltd.,IT,Information Technology,Domestic Equities,724.0,698.0,3.7249283667621778,0.2507999999999999,0.2410999999999999,4.023226876814595,1.27395652902721,1100,tata-consultancy-services,Large Cap,May-2025
152473,5056,1,Suzlon Energy Ltd.,Capital Goods,Capital Goods,Domestic Equities,34321.0,33095.0,3.7044870826408816,0.2453,0.1867,31.38725227637921,1.24601888584679,1100,suzlon-energy,Mid Cap,May-2025
77009,96064,1,Max Healthcare Institute Ltd.,Healthcare,Healthcare,Domestic Equities,2148.0,2072.0,3.667953667953668,0.2417,0.2275,6.24175824175825,1.22773242849233,1100,max-healthcare-institute,Mid Cap,May-2025
171400,5889,1,Axis Bank Ltd.,Bank,Banking,Domestic Equities,2026.0,1953.0,3.7378392217101895,0.2415,0.2314,4.364736387208288,1.22671651419486,1100,axis-bank,Large Cap,May-2025
133350,8843,1,State Bank Of India,Bank,Banking,Domestic Equities,2724.0,2627.0,3.692424819185383,0.2213,0.2072,6.805019305019306,1.12410917015041,1100,state-bank-of-india,Large Cap,May-2025
171492,5886,1,Kotak Mahindra Bank Ltd.,Bank,Banking,Domestic Equities,1042.0,1005.0,3.681592039800995,0.2162,0.2219,-2.568724650743579,1.09820335556492,1100,kotak-mahindra-bank,Large Cap,May-2025
171656,5311,1,Mahindra & Mahindra Ltd.,Automobile & Ancillaries,Automobile & Ancillaries,Domestic Equities,628.0,605.0,3.8016528925619832,0.1869,0.1772,5.474040632054191,0.949371910985589,1100,mahindra-mahindra,Large Cap,May-2025
95548,5980,1,Persistent Systems Ltd.,IT,Information Technology,Domestic Equities,307.0,296.0,3.716216216216216,0.1730999999999999,0.1575,9.904761904761896,0.879273824460168,1100,persistent-systems,Mid Cap,May-2025
171484,6114,1,Bajaj Finance Ltd.,Finance,Finance,Domestic Equities,185.0,178.0,3.932584269662921,0.1698,0.1537,10.474951203643467,0.862511238551916,1100,bajaj-finance,Large Cap,May-2025
157113,99763,1,PB Fintech Ltd.,IT,Information Technology,Domestic Equities,956.0,922.0,3.68763557483731,0.1684,0.1499,12.341561040693794,0.855399838469627,1100,pb-fintech,Mid Cap,May-2025
57445,86554,1,Dixon Technologies (India) Ltd.,Consumer Durables,Consumer Durables,Domestic Equities,112.0,107.0,4.672897196261682,0.1646,0.176,-6.47727272727273,0.836097466817699,1100,dixon-technologies-india,Mid Cap,May-2025
133657,7260,1,Coforge Ltd.,IT,Information Technology,Domestic Equities,192.0,185.0,3.783783783783784,0.1642,0.1351,21.539600296077,0.83406563822276,1100,coforge,Mid Cap,May-2025
171717,5016,1,Hindustan Unilever Ltd.,FMCG,Fast Moving Consumer Goods,Domestic Equities,629.0,606.0,3.7953795379537953,0.1477,0.1419,4.087385482734321,0.750252708681496,1100,hindustan-unilever,Large Cap,May-2025
38803,5403,1,Indus Towers Ltd.,Telecom,Telecom,Domestic Equities,3821.0,3685.0,3.690637720488467,0.1467999999999999,0.1503999999999999,-2.3936170212765924,0.745681094342881,1100,indus-towers,Large Cap,May-2025
171685,5596,1,The Federal Bank Ltd.,Bank,Banking,Domestic Equities,7089.0,6836.0,3.700994733762434,0.1432,0.1344999999999999,6.468401486988855,0.727394636988424,1100,the-federal-bank,Mid Cap,May-2025
114530,88033,1,HDFC Asset Management Company Ltd.,Finance,Finance,Domestic Equities,293.0,282.0,3.900709219858156,0.1401,0.1234,13.53322528363047,0.711647965377641,1100,hdfc-asset-management-company,Mid Cap,May-2025
152211,6247,1,Lupin Ltd.,Healthcare,Healthcare,Domestic Equities,698.0,673.0,3.714710252600297,0.1366,0.141,-3.1205673758865213,0.693869465171918,1100,lupin,Mid Cap,May-2025
420,5071,1,Sun Pharmaceutical Industries Ltd.,Healthcare,Healthcare,Domestic Equities,764.0,737.0,3.6635006784260513,0.1282,0.135,-5.037037037037035,0.651201064678184,1100,sun-pharmaceutical-industries,Large Cap,May-2025
171877,6125,1,Cummins India Ltd.,Automobile & Ancillaries,Automobile & Ancillaries,Domestic Equities,391.0,377.0,3.7135278514588856,0.1278,0.1092,17.03296703296703,0.649169236083244,1100,cummins-india,Large Cap,May-2025
171528,8219,1,HCL Technologies Ltd.,IT,Information Technology,Domestic Equities,752.0,725.0,3.724137931034482,0.1231,0.1135999999999999,8.362676056338039,0.625295250092702,1100,hcl-technologies,Large Cap,May-2025
7737,15826,1,IDFC First Bank Ltd.,Bank,Banking,Domestic Equities,17926.0,17286.0,3.702418141848895,0.1217999999999999,0.1122,8.556149732620312,0.618691807159148,1100,idfc-first-bank,Mid Cap,May-2025
165,7447,1,SRF Ltd.,Chemicals,Chemicals,Domestic Equities,419.0,404.0,3.7128712871287126,0.1199,0.1216,-1.398026315789473,0.609040621333184,1100,srf,Mid Cap,May-2025
156921,98676,1,Eternal Ltd.,Retailing,Information Technology,Domestic Equities,4926.0,4750.0,3.705263157894737,0.1174,0.1104,6.3405797101449375,0.596341692614811,1100,eternal,Large Cap,May-2025
152455,7030,1,Yes Bank Ltd.,Bank,Banking,Domestic Equities,54516.0,52569.0,3.7037037037037033,0.1171,0.0932,25.643776824034344,0.594817821168606,1100,yes-bank,Mid Cap,May-2025
133625,7239,1,Maruti Suzuki India Ltd.,Automobile & Ancillaries,Automobile & Ancillaries,Domestic Equities,93.0,89.0,4.49438202247191,0.1146,0.1091,5.041246562786441,0.582118892450233,1100,maruti-suzuki-india,Large Cap,May-2025
171365,5279,1,Hindustan Petroleum Corporation Ltd.,Crude Oil,Crude Oil,Domestic Equities,2777.0,2678.0,3.6967886482449592,0.1141,0.1014,12.524654832347135,0.579579106706558,1100,hindustan-petroleum-corporation,Mid Cap,May-2025
171839,6306,1,Solar Industries India Ltd.,Chemicals,Chemicals,Domestic Equities,70.0,67.0,4.477611940298507,0.1127,0.0883,27.6330690826727,0.572467706624269,1100,solar-industries-india,Mid Cap,May-2025
141614,85778,1,AU Small Finance Bank Ltd.,Bank,Banking,Domestic Equities,1623.0,1565.0,3.706070287539936,0.1125,0.1061999999999999,5.932203389830517,0.571451792326799,1100,au-small-finance-bank,Mid Cap,May-2025
133664,7760,1,NTPC Ltd.,Power,Power,Domestic Equities,3362.0,3242.0,3.701418877236274,0.1123,0.1149,-2.2628372497824176,0.570435878029329,1100,ntpc,Large Cap,May-2025
152222,5634,1,Max Financial Services Ltd.,Finance,Finance,Domestic Equities,745.0,719.0,3.616133518776078,0.1119999999999999,0.0938,19.402985074626848,0.568912006583125,1100,max-financial-services,Mid Cap,May-2025
171327,5699,1,Marico Ltd.,FMCG,Fast Moving Consumer Goods,Domestic Equities,1526.0,1471.0,3.7389530931339214,0.1093,0.1045,4.593301435406703,0.555197163567281,1100,marico,Mid Cap,May-2025
152636,5140,1,Fortis Healthcare Ltd.,Healthcare,Healthcare,Domestic Equities,1506.0,1452.0,3.71900826446281,0.1064,0.0994999999999999,6.934673366834184,0.540466406253968,1100,fortis-healthcare,Mid Cap,May-2025
152378,5539,1,Tata Motors Ltd.,Automobile & Ancillaries,Automobile & Ancillaries,Domestic Equities,1479.0,1426.0,3.716690042075736,0.1064,0.0919,15.778019586507083,0.540466406253968,1100,tata-motors,Large Cap,May-2025
171461,6050,1,Titan Company Ltd.,Diamond  &  Jewellery,Diamond & Jewellery,Domestic Equities,292.0,282.0,3.546099290780142,0.1038,0.0953,8.91920251836308,0.52725952038686,1100,titan-company,Large Cap,May-2025
599,7495,1,Sundaram Finance Ltd.,Finance,Finance,Domestic Equities,199.0,191.0,4.18848167539267,0.1022,0.1003999999999999,1.7928286852589792,0.519132206007101,1100,sundaram-finance,Mid Cap,May-2025
171946,6864,1,Godrej Properties Ltd.,Realty,Realty,Domestic Equities,436.0,420.0,3.8095238095238098,0.0978,0.0908,7.709251101321578,0.496782091462764,1100,godrej-properties,Mid Cap,May-2025
133309,5981,1,Bharat Electronics Ltd.,Capital Goods,Capital Goods,Domestic Equities,2539.0,2448.0,3.7173202614379086,0.0975999999999999,0.0769,26.91807542262678,0.495766177165294,1100,bharat-electronics,Large Cap,May-2025
171659,5756,1,Ashok Leyland Ltd.,Automobile & Ancillaries,Automobile & Ancillaries,Domestic Equities,4135.0,3988.0,3.6860581745235694,0.0975999999999999,0.0899,8.565072302558393,0.495766177165294,1100,ashok-leyland,Mid Cap,May-2025
133342,5963,1,Bharat Heavy Electricals Ltd.,Capital Goods,Capital Goods,Domestic Equities,3716.0,3583.0,3.711973206809936,0.0966,0.0813,18.819188191881903,0.490686605677945,1100,bharat-heavy-electricals,Mid Cap,May-2025
152369,6790,1,Bharat Forge Ltd.,Automobile & Ancillaries,Automobile & Ancillaries,Domestic Equities,771.0,743.0,3.768506056527591,0.0957,0.0819999999999999,16.707317073170746,0.486114991339331,1100,bharat-forge,Mid Cap,May-2025
101370,86936,1,Tube Investments of India Ltd.,Automobile & Ancillaries,Automobile & Ancillaries,Domestic Equities,310.0,299.0,3.678929765886288,0.0949,0.0867,9.45790080738178,0.482051334149451,1100,tube-investments-of-india,Mid Cap,May-2025
587,7648,1,APL Apollo Tubes Ltd.,Iron & Steel,Iron & Steel,Domestic Equities,523.0,505.0,3.564356435643564,0.0948,0.0818,15.89242053789732,0.481543377000716,1100,apl-apollo-tubes,Mid Cap,May-2025
152362,5226,1,Tata Steel Ltd.,Iron & Steel,Iron & Steel,Domestic Equities,5863.0,5654.0,3.696498054474709,0.0944,0.0791999999999999,19.191919191919187,0.479511548405776,1100,tata-steel,Large Cap,May-2025
171820,5969,1,Colgate-Palmolive (India) Ltd.,FMCG,Fast Moving Consumer Goods,Domestic Equities,381.0,367.0,3.8147138964577656,0.0935999999999999,0.095,-1.473684210526322,0.475447891215897,1100,colgate-palmolive-india,Mid Cap,May-2025
517,7825,1,Power Grid Corporation Of India Ltd.,Power,Power,Domestic Equities,3213.0,3099.0,3.678606001936109,0.0931,0.0953,-2.3084994753410166,0.472908105472222,1100,power-grid-corporation-of-india,Large Cap,May-2025
171465,6543,1,Aurobindo Pharma Ltd.,Healthcare,Healthcare,Domestic Equities,808.0,779.0,3.722721437740693,0.0926999999999999,0.0957,-3.1347962382445216,0.470876276877283,1100,aurobindo-pharma,Mid Cap,May-2025
133654,6850,1,Ultratech Cement Ltd.,Construction Materials,Construction Materials,Domestic Equities,82.0,79.0,3.79746835443038,0.0919,0.092,-0.1086956521739107,0.466812619687403,1100,ultratech-cement,Large Cap,May-2025
171635,7381,1,UPL Ltd.,Chemicals,Chemicals,Domestic Equities,1463.0,1411.0,3.6853295535081503,0.0919,0.0944999999999999,-2.7513227513227494,0.466812619687403,1100,upl,Mid Cap,May-2025
152118,7308,1,PI Industries Ltd.,Chemicals,Chemicals,Domestic Equities,234.0,225.0,4.0,0.0895,0.0819,9.279609279609277,0.454621648117765,1100,pi-industries,Mid Cap,May-2025
152205,8185,1,Trent Ltd.,Retailing,Retailing,Domestic Equities,157.0,151.0,3.9735099337748334,0.0886,0.0781,13.44430217669654,0.45005003377915,1100,trent,Large Cap,May-2025
152795,99590,1,One97 Communications Ltd.,IT,Information Technology,Domestic Equities,984.0,949.0,3.68809272918862,0.0876,0.0821,6.699147381242374,0.444970462291801,1100,one97-communications,Mid Cap,May-2025
152551,7908,1,GMR Airports Ltd.,Infrastructure,Aviation,Domestic Equities,10369.0,9999.0,3.7003700370037,0.0872,0.0872,0.0,0.442938633696861,1100,gmr-airports,Mid Cap,May-2025
134131,90516,1,Polycab India Ltd.,Electricals,Electricals,Domestic Equities,145.0,140.0,3.571428571428571,0.0868999999999999,0.0773,12.419146183699858,0.441414762250657,1100,polycab-india,Large Cap,May-2025
19255,6350,1,Mphasis Ltd.,IT,Information Technology,Domestic Equities,328.0,316.0,3.79746835443038,0.0839,0.078,7.564102564102574,0.426176047788609,1100,mphasis,Mid Cap,May-2025
171321,7864,1,Page Industries Ltd.,Textile,Textile,Domestic Equities,18.0,17.0,5.88235294117647,0.0834999999999999,0.0775,7.741935483870963,0.424144219193669,1100,page-industries,Mid Cap,May-2025
152238,8313,1,MRF Ltd.,Automobile & Ancillaries,Automobile & Ancillaries,Domestic Equities,6.0,5.0,20.0,0.0833,0.0673,23.774145616641896,0.423128304896199,1100,mrf,Mid Cap,May-2025
152379,5838,1,Voltas Ltd.,Consumer Durables,Consumer Durables,Domestic Equities,658.0,634.0,3.785488958990536,0.0831,0.0784,5.994897959183682,0.422112390598729,1100,voltas,Mid Cap,May-2025
122,5767,1,The Phoenix Mills Ltd.,Realty,Realty,Domestic Equities,539.0,519.0,3.853564547206165,0.0828,0.0864,-4.16666666666668,0.420588519152524,1100,the-phoenix-mills,Mid Cap,May-2025
133608,7612,1,Union Bank Of India,Bank,Banking,Domestic Equities,5587.0,5387.0,3.7126415444588825,0.0819999999999999,0.0678,20.943952802359867,0.416524861962645,1100,union-bank-of-india,Mid Cap,May-2025
1152,105806,1,Mankind Pharma Ltd.,Healthcare,Healthcare,Domestic Equities,326.0,314.0,3.821656050955414,0.0803999999999999,0.0774,3.875968992248048,0.408397547582886,1100,mankind-pharma,Mid Cap,May-2025
151967,5716,1,GE Vernova T&D India Ltd.,Capital Goods,Capital Goods,Domestic Equities,358.0,345.0,3.768115942028986,0.0802,0.054,48.5185185185185,0.407381633285416,1100,ge-vernova-td-india,Mid Cap,May-2025
191600,99819,1,FSN E-Commerce Ventures Ltd.,Retailing,Information Technology,Domestic Equities,3940.0,3799.0,3.7115030271123977,0.0801,0.0738,8.536585365853657,0.406873676136681,1100,fsn-e-commerce-ventures,Mid Cap,May-2025
153586,8183,1,NHPC Ltd.,Power,Power,Domestic Equities,9148.0,8821.0,3.707062691304841,0.08,0.0757,5.680317040951119,0.406365718987946,1100,nhpc,Mid Cap,May-2025
77639,92991,1,SBI Cards And Payment Services Ltd.,Finance,Finance,Domestic Equities,866.0,835.0,3.7125748502994016,0.0798,0.0729,9.465020576131693,0.405349804690476,1100,sbi-cards-and-payment-services,Mid Cap,May-2025
38931,15891,1,Alkem Laboratories Ltd.,Healthcare,Healthcare,Domestic Equities,154.0,148.0,4.054054054054054,0.0785,0.0757,3.698811096433281,0.398746361756922,1100,alkem-laboratories,Mid Cap,May-2025
19182,5589,1,Coromandel International Ltd.,Chemicals,Chemicals,Domestic Equities,341.0,329.0,3.64741641337386,0.0781,0.0728,7.280219780219771,0.396714533161982,1100,coromandel-international,Mid Cap,May-2025
171708,8443,1,Bajaj Finserv Ltd.,Finance,Finance,Domestic Equities,385.0,372.0,3.494623655913978,0.0776999999999999,0.0726,7.0247933884297495,0.394682704567043,1100,bajaj-finserv,Large Cap,May-2025
56674,5695,1,Supreme Industries Ltd.,Plastic Products,Plastic Products,Domestic Equities,186.0,180.0,3.333333333333333,0.0771,0.0637,21.03610675039246,0.391634961674633,1100,supreme-industries,Mid Cap,May-2025
152574,8059,1,Torrent Power Ltd.,Power,Power,Domestic Equities,550.0,530.0,3.7735849056603774,0.0756,0.0816,-7.352941176470594,0.384015604443609,1100,torrent-power,Mid Cap,May-2025
539,7794,1,Adani Ports and Special Economic Zone Ltd.,Logistics,Logistics,Domestic Equities,523.0,504.0,3.7698412698412698,0.0749,0.0613,22.18597063621534,0.380459904402465,1100,adani-ports-and-special-economic-zone,Large Cap,May-2025
96486,15829,1,Interglobe Aviation Ltd.,Aviation,Aviation,Domestic Equities,139.0,134.0,3.731343283582089,0.0741,0.0703,5.405405405405404,0.376396247212585,1100,interglobe-aviation,Large Cap,May-2025
171658,4978,1,Asian Paints Ltd.,Chemicals,Chemicals,Domestic Equities,320.0,309.0,3.559870550161812,0.0723,0.075,-3.5999999999999943,0.367253018535356,1100,asian-paints,Large Cap,May-2025
96004,7992,1,Jubilant FoodWorks Ltd.,FMCG,Fast Moving Consumer Goods,Domestic Equities,1100.0,1061.0,3.6757775683317626,0.0721,0.0759,-5.006587615283266,0.366237104237886,1100,jubilant-foodworks,Mid Cap,May-2025
153260,8051,1,Prestige Estates Projects Ltd.,Realty,Realty,Domestic Equities,487.0,470.0,3.617021276595744,0.0713999999999999,0.0646,10.52631578947368,0.362681404196742,1100,prestige-estates-projects,Mid Cap,May-2025
19275,7232,1,NMDC Ltd.,Mining,Mining,Domestic Equities,9993.0,9636.0,3.704856787048568,0.0711,0.0624,13.942307692307692,0.361157532750537,1100,nmdc,Mid Cap,May-2025
171369,7531,1,Tech Mahindra Ltd.,IT,Information Technology,Domestic Equities,449.0,433.0,3.695150115473441,0.0707,0.0650999999999999,8.602150537634417,0.359125704155597,1100,tech-mahindra,Large Cap,May-2025
1427,98308,1,Sona BLW Precision Forgings Ltd.,Automobile & Ancillaries,Automobile & Ancillaries,Domestic Equities,1297.0,1250.0,3.76,0.0706,0.0601,17.47088186356073,0.358617747006863,1100,sona-blw-precision-forgings,Mid Cap,May-2025
177212,94646,1,Hitachi Energy India Ltd.,Capital Goods,Capital Goods,Domestic Equities,36.0,35.0,2.857142857142857,0.0695,0.0509,36.54223968565816,0.353030218370778,1100,hitachi-energy-india,Mid Cap,May-2025
152245,5078,1,Grasim Industries Ltd.,Diversified,Construction Materials,Domestic Equities,272.0,262.0,3.816793893129771,0.0692,0.0717,-3.486750348675035,0.351506346924573,1100,grasim-industries,Large Cap,May-2025
77293,6578,1,Muthoot Finance Ltd.,Finance,Finance,Domestic Equities,310.0,298.0,4.026845637583892,0.0687,0.0647,6.182380216383313,0.348966561180899,1100,muthoot-finance,Mid Cap,May-2025
677,6026,1,Oil India Ltd.,Crude Oil,Crude Oil,Domestic Equities,1577.0,1520.0,3.75,0.0673,0.0624,7.852564102564105,0.34185516109861,1100,oil-india,Mid Cap,May-2025
707,8442,1,Bajaj Auto Ltd.,Automobile & Ancillaries,Automobile & Ancillaries,Domestic Equities,78.0,75.0,4.0,0.0670999999999999,0.0602,11.461794019933562,0.34083924680114,1100,bajaj-auto,Large Cap,May-2025
133434,4968,1,JSW Steel Ltd.,Iron & Steel,Iron & Steel,Domestic Equities,672.0,648.0,3.7037037037037033,0.0668,0.0667,0.1499250374812561,0.339315375354935,1100,jsw-steel,Large Cap,May-2025
134703,87891,1,Hindustan Aeronautics Ltd.,Capital Goods,Capital Goods,Domestic Equities,134.0,129.0,3.875968992248062,0.0667,0.0579,15.198618307426596,0.3388074182062,1100,hindustan-aeronautics,Large Cap,May-2025
756,88308,1,Rail Vikas Nigam Ltd.,Infrastructure,Infrastructure,Domestic Equities,1641.0,1582.0,3.729456384323641,0.0666,0.0553,20.43399638336347,0.338299461057465,1100,rail-vikas-nigam,Large Cap,May-2025
133642,6320,1,Petronet LNG Ltd.,Inds. Gases & Fuels,Industrials Gases & Fuels,Domestic Equities,2167.0,2089.0,3.733843944471039,0.0666,0.0655,1.6793893129771045,0.338299461057465,1100,petronet-lng,Mid Cap,May-2025
2469,110949,1,JIO Financial Services Ltd.,Finance,Finance,Domestic Equities,2322.0,2239.0,3.707012058954891,0.0666,0.0583,14.23670668953688,0.338299461057465,1100,jio-financial-services,Large Cap,May-2025
171336,8097,1,JK Cement Ltd.,Construction Materials,Construction Materials,Domestic Equities,120.0,116.0,3.4482758620689653,0.066,0.0593,11.29848229342327,0.335251718165056,1100,jk-cement,Mid Cap,May-2025
152256,5774,1,Oil & Natural Gas Corporation Ltd.,Crude Oil,Crude Oil,Domestic Equities,2754.0,2655.0,3.728813559322034,0.0659,0.0649,1.54083204930662,0.334743761016321,1100,oil-natural-gas-corporation,Large Cap,May-2025
114652,92620,1,Indian Railway Catering And Tourism Corporation Ltd.,Hospitality,Hospitality,Domestic Equities,872.0,841.0,3.686087990487515,0.0659,0.0632,4.27215189873417,0.334743761016321,1100,indian-railway-catering-and-tourism-corporation,Mid Cap,May-2025
152343,5043,1,Hindalco Industries Ltd.,Non - Ferrous Metals,Non - Ferrous Metals,Domestic Equities,1026.0,989.0,3.741152679474216,0.065,0.0617999999999999,5.177993527508096,0.330172146677706,1100,hindalco-industries,Large Cap,May-2025
152323,7533,1,Tata Elxsi Ltd.,IT,Information Technology,Domestic Equities,100.0,96.0,4.166666666666666,0.0644,0.0554,16.245487364620946,0.327124403785297,1100,tata-elxsi,Mid Cap,May-2025
113892,8292,1,KEI Industries Ltd.,Electricals,Electricals,Domestic Equities,178.0,171.0,4.093567251461988,0.0643,0.0524,22.70992366412213,0.326616446636562,1100,kei-industries,Mid Cap,May-2025
115643,7007,1,Coal India Ltd.,Mining,Mining,Domestic Equities,1610.0,1553.0,3.670315518351577,0.064,0.0598,7.023411371237456,0.325092575190357,1100,coal-india,Large Cap,May-2025
133463,8505,1,Glenmark Pharmaceuticals Ltd.,Healthcare,Healthcare,Domestic Equities,435.0,419.0,3.818615751789976,0.0634,0.0579,9.49913644214162,0.322044832297947,1100,glenmark-pharmaceuticals,Mid Cap,May-2025
56728,7719,1,Shriram Finance Ltd.,Finance,Finance,Domestic Equities,992.0,957.0,3.657262277951933,0.0634,0.0584999999999999,8.37606837606838,0.322044832297947,1100,shriram-finance,Large Cap,May-2025
123299,91366,1,KPIT Technologies Ltd.,IT,Information Technology,Domestic Equities,472.0,455.0,3.736263736263736,0.0630999999999999,0.057,10.701754385964902,0.320520960851743,1100,kpit-technologies,Mid Cap,May-2025
152608,7159,1,Indian Bank,Bank,Banking,Domestic Equities,1021.0,985.0,3.654822335025381,0.063,0.0557,13.10592459605026,0.320013003703008,1100,indian-bank,Mid Cap,May-2025
75891,5355,1,Container Corporation Of India Ltd.,Logistics,Logistics,Domestic Equities,797.0,768.0,3.7760416666666665,0.0625,0.0516999999999999,20.88974854932302,0.317473217959333,1100,container-corporation-of-india,Mid Cap,May-2025
171444,98250,1,Kalyan Jewellers India Ltd.,Diamond  &  Jewellery,Diamond & Jewellery,Domestic Equities,1110.0,1070.0,3.738317757009345,0.0622,0.0553,12.477396021699809,0.315949346513128,1100,kalyan-jewellers-india,Mid Cap,May-2025
134830,88309,1,Mazagon Dock Shipbuilders Ltd.,Ship Building,Ship Building,Domestic Equities,177.0,171.0,3.508771929824561,0.0616,0.0523,17.78202676864244,0.312901603620719,1100,mazagon-dock-shipbuilders,Mid Cap,May-2025
152400,5891,1,Nestle India Ltd.,FMCG,Fast Moving Consumer Goods,Domestic Equities,254.0,245.0,3.673469387755103,0.0608999999999999,0.0584999999999999,4.102564102564107,0.309345903579574,1100,nestle-india,Large Cap,May-2025
133630,5815,1,Jindal Stainless Ltd.,Iron & Steel,Iron & Steel,Domestic Equities,937.0,903.0,3.765227021040975,0.0604,0.0527,14.61100569259963,0.306806117835899,1100,jindal-stainless,Mid Cap,May-2025
171462,6372,1,Divi's Laboratories Ltd.,Healthcare,Healthcare,Domestic Equities,90.0,86.0,4.651162790697675,0.0595,0.0523,13.766730401529632,0.302234503497285,1100,divi's-laboratories,Large Cap,May-2025
153691,5278,1,Oberoi Realty Ltd.,Realty,Realty,Domestic Equities,340.0,328.0,3.658536585365853,0.0594,0.0538,10.408921933085512,0.30172654634855,1100,oberoi-realty,Mid Cap,May-2025
58168,86912,1,HDFC Life Insurance Company Ltd.,Insurance,Finance,Domestic Equities,759.0,732.0,3.6885245901639343,0.059,0.0544,8.455882352941176,0.29969471775361,1100,hdfc-life-insurance-company,Large Cap,May-2025
133330,5128,1,Cipla Ltd.,Healthcare,Healthcare,Domestic Equities,398.0,384.0,3.6458333333333335,0.0583,0.0595,-2.0168067226890773,0.296139017712466,1100,cipla,Large Cap,May-2025
171698,8307,1,Oracle Financial Services Software Ltd.,IT,Information Technology,Domestic Equities,68.0,65.0,4.615384615384616,0.0575,0.0567,1.4109347442680789,0.292075360522586,1100,oracle-financial-services-software,Mid Cap,May-2025
133317,6810,1,Blue Star Ltd.,Consumer Durables,Consumer Durables,Domestic Equities,375.0,361.0,3.878116343490305,0.0575,0.0616,-6.655844155844158,0.292075360522586,1100,blue-star,Mid Cap,May-2025
152907,86648,1,SBI Life Insurance Company Ltd.,Insurance,Finance,Domestic Equities,317.0,306.0,3.594771241830065,0.0574,0.054,6.296296296296293,0.291567403373851,1100,sbi-life-insurance-company,Large Cap,May-2025
79,7951,1,Balkrishna Industries Ltd.,Automobile & Ancillaries,Automobile & Ancillaries,Domestic Equities,231.0,223.0,3.587443946188341,0.0571,0.0596999999999999,-4.355108877721939,0.290043531927647,1100,balkrishna-industries,Mid Cap,May-2025
352,7184,1,Ipca Laboratories Ltd.,Healthcare,Healthcare,Domestic Equities,401.0,387.0,3.617571059431525,0.0571,0.0542,5.350553505535056,0.290043531927647,1100,ipca-laboratories,Mid Cap,May-2025
171509,5522,1,Tata Communications Ltd.,Telecom,Telecom,Domestic Equities,339.0,327.0,3.669724770642202,0.0567999999999999,0.052,9.23076923076922,0.288519660481442,1100,tata-communications,Mid Cap,May-2025
152616,7532,1,Vodafone Idea Ltd.,Telecom,Telecom,Domestic Equities,79831.0,76980.0,3.703559366069109,0.0552,0.0548,0.7299270072992544,0.280392346101683,1100,vodafone-idea,Mid Cap,May-2025
97125,90518,1,Adani Total Gas Ltd.,Gas Transmission,Gas Transmission,Domestic Equities,802.0,773.0,3.751617076326003,0.0548,0.0464,18.103448275862085,0.278360517506743,1100,adani-total-gas,Mid Cap,May-2025
171585,5257,1,Dr. Reddy's Laboratories Ltd.,Healthcare,Healthcare,Domestic Equities,432.0,417.0,3.597122302158273,0.0541,0.0494,9.514170040485824,0.274804817465599,1100,dr-reddy's-laboratories,Large Cap,May-2025
133351,5368,1,Steel Authority Of India Ltd.,Iron & Steel,Iron & Steel,Domestic Equities,4179.0,4030.0,3.697270471464019,0.054,0.0458,17.903930131004373,0.274296860316864,1100,steel-authority-of-india,Mid Cap,May-2025
57781,87827,1,Bharat Dynamics Ltd.,Capital Goods,Capital Goods,Domestic Equities,266.0,256.0,3.90625,0.0536,0.0392,36.73469387755103,0.272265031721924,1100,bharat-dynamics,Mid Cap,May-2025
152296,7356,1,Patanjali Foods Ltd.,FMCG,Fast Moving Consumer Goods,Domestic Equities,320.0,308.0,3.896103896103896,0.0535,0.0587,-8.858603066439532,0.271757074573189,1100,patanjali-foods,Mid Cap,May-2025
171434,4916,1,Astral Ltd.,Plastic Products,Plastic Products,Domestic Equities,356.0,343.0,3.7900874635568513,0.0533,0.0461,15.618221258134485,0.270741160275719,1100,astral,Mid Cap,May-2025
152242,5741,1,Vedanta Ltd.,Non - Ferrous Metals,Non - Ferrous Metals,Domestic Equities,1203.0,1160.0,3.706896551724138,0.0524,0.0486,7.818930041152261,0.266169545937105,1100,vedanta,Large Cap,May-2025
171840,6541,1,UNO Minda Ltd.,Automobile & Ancillaries,Automobile & Ancillaries,Domestic Equities,516.0,498.0,3.614457831325301,0.0519,0.0445,16.62921348314607,0.26362976019343,1100,uno-minda,Mid Cap,May-2025
152207,5372,1,LIC Housing Finance Ltd.,Finance,Finance,Domestic Equities,869.0,838.0,3.699284009546539,0.0518,0.0504,2.7777777777777715,0.263121803044695,1100,lic-housing-finance,Mid Cap,May-2025
171572,5156,1,Eicher Motors Ltd.,Automobile & Ancillaries,Automobile & Ancillaries,Domestic Equities,97.0,93.0,4.301075268817205,0.0516999999999999,0.0518,-0.1930501930501889,0.26261384589596,1100,eicher-motors,Large Cap,May-2025
152401,5684,1,Tata Consumer Products Ltd.,Agri,Agriculture,Domestic Equities,461.0,445.0,3.5955056179775284,0.051,0.0519,-1.734104046242789,0.259058145854816,1100,tata-consumer-products,Large Cap,May-2025
171886,6139,1,Exide Industries Ltd.,Automobile & Ancillaries,Automobile & Ancillaries,Domestic Equities,1315.0,1268.0,3.7066246056782335,0.0509,0.0446,14.125560538116588,0.258550188706081,1100,exide-industries,Mid Cap,May-2025
152519,8782,1,Mahindra & Mahindra Financial Services Ltd.,Finance,Finance,Domestic Equities,1925.0,1650.0,16.666666666666664,0.0503,0.0432,16.435185185185183,0.255502445813671,1100,mahindra-mahindra-financial-services,Mid Cap,May-2025
171511,5199,1,Wipro Ltd.,IT,Information Technology,Domestic Equities,2014.0,1942.0,3.707518022657055,0.0503,0.0469,7.249466950959485,0.255502445813671,1100,wipro,Large Cap,May-2025
38020,6672,1,Apollo Hospitals Enterprise Ltd.,Healthcare,Healthcare,Domestic Equities,71.0,69.0,2.898550724637681,0.0489,0.0481,1.6632016632016646,0.248391045731382,1100,apollo-hospitals-enterprise,Mid Cap,May-2025
75659,6055,1,Lloyds Metals & Energy Ltd.,Iron & Steel,Iron & Steel,Domestic Equities,351.0,338.0,3.8461538461538463,0.0489,0.0407,20.14742014742013,0.248391045731382,1100,lloyds-metals-energy,Mid Cap,May-2025
19098,6973,1,Schaeffler India Ltd.,Automobile & Ancillaries,Automobile & Ancillaries,Domestic Equities,116.0,112.0,3.571428571428571,0.0486,0.0389,24.93573264781492,0.246867174285177,1100,schaeffler-india,Mid Cap,May-2025
133407,5997,1,Hindustan Zinc Ltd.,Non - Ferrous Metals,Non - Ferrous Metals,Domestic Equities,1060.0,1022.0,3.718199608610568,0.0486,0.0449,8.240534521158132,0.246867174285177,1100,hindustan-zinc,Large Cap,May-2025
152406,5107,1,The Indian Hotels Company Ltd.,Hospitality,Hospitality,Domestic Equities,622.0,600.0,3.6666666666666665,0.0479,0.0473,1.2684989429175393,0.243311474244033,1100,the-indian-hotels-company,Mid Cap,May-2025
171514,5399,1,Cholamandalam Investment and Finance Company Ltd.,Finance,Finance,Domestic Equities,298.0,287.0,3.8327526132404177,0.0476999999999999,0.0428,11.448598130841106,0.242295559946563,1100,cholamandalam-investment-and-finance-company,Large Cap,May-2025
134823,84770,1,Cochin Shipyard Ltd.,Ship Building,Ship Building,Domestic Equities,244.0,235.0,3.829787234042553,0.0475,0.0374,27.00534759358288,0.241279645649093,1100,cochin-shipyard,Mid Cap,May-2025
171433,6783,1,Berger Paints India Ltd.,Chemicals,Chemicals,Domestic Equities,823.0,793.0,3.783102143757881,0.0467999999999999,0.0432,8.33333333333332,0.237723945607949,1100,berger-paints-india,Mid Cap,May-2025
133439,5473,1,National Aluminium Company Ltd.,Non - Ferrous Metals,Non - Ferrous Metals,Domestic Equities,2592.0,2500.0,3.68,0.0467,0.0391,19.43734015345268,0.237215988459214,1100,national-aluminium-company,Mid Cap,May-2025
152316,5915,1,Tata Power Company Ltd.,Power,Power,Domestic Equities,1190.0,1148.0,3.658536585365853,0.0467,0.0441,5.89569160997732,0.237215988459214,1100,tata-power-company,Large Cap,May-2025
75697,6614,1,Adani Enterprises Ltd.,Trading,Trading,Domestic Equities,184.0,178.0,3.3707865168539324,0.0464,0.0409999999999999,13.170731707317076,0.235692117013009,1100,adani-enterprises,Large Cap,May-2025
47051,90577,1,Dalmia Bharat Ltd.,Construction Materials,Construction Materials,Domestic Equities,230.0,222.0,3.603603603603604,0.0464,0.0431,7.656612529002323,0.235692117013009,1100,dalmia-bharat,Mid Cap,May-2025
133507,6902,1,TVS Motor Company Ltd.,Automobile & Ancillaries,Automobile & Ancillaries,Domestic Equities,166.0,160.0,3.75,0.0462,0.0428,7.943925233644856,0.234676202715539,1100,tvs-motor-company,Large Cap,May-2025
135555,92715,1,360 One Wam Ltd.,Finance,Finance,Domestic Equities,463.0,447.0,3.5794183445190155,0.0462,0.0441,4.761904761904761,0.234676202715539,1100,360-one-wam,Mid Cap,May-2025
79346,86555,1,Aditya Birla Capital Ltd.,Finance,Finance,Domestic Equities,2062.0,1988.0,3.722334004024145,0.0458999999999999,0.039,17.69230769230769,0.233152331269334,1100,aditya-birla-capital,Mid Cap,May-2025
152367,6359,1,Abbott India Ltd.,Healthcare,Healthcare,Domestic Equities,15.0,14.0,7.142857142857142,0.0457,0.042,8.809523809523812,0.232136416971864,1100,abbott-india,Mid Cap,May-2025
171628,5788,1,Britannia Industries Ltd.,FMCG,Fast Moving Consumer Goods,Domestic Equities,83.0,80.0,3.75,0.0457,0.0435,5.057471264367831,0.232136416971864,1100,britannia-industries,Large Cap,May-2025
38605,83193,1,Varun Beverages Ltd.,FMCG,Fast Moving Consumer Goods,Domestic Equities,951.0,917.0,3.707742639040349,0.0453,0.0479,-5.427974947807929,0.230104588376925,1100,varun-beverages,Large Cap,May-2025
152079,6815,1,Linde India Ltd.,Inds. Gases & Fuels,Industrials Gases & Fuels,Domestic Equities,60.0,58.0,3.4482758620689653,0.045,0.0366999999999999,22.6158038147139,0.22858071693072,1100,linde-india,Mid Cap,May-2025
171565,6678,1,Apollo Tyres Ltd.,Automobile & Ancillaries,Automobile & Ancillaries,Domestic Equities,932.0,899.0,3.670745272525028,0.0438999999999999,0.0424,3.537735849056592,0.222993188294635,1100,apollo-tyres,Small Cap,May-2025
152376,5012,1,Bharat Petroleum Corporation Ltd.,Crude Oil,Crude Oil,Domestic Equities,1374.0,1325.0,3.69811320754717,0.0437,0.0411,6.326034063260335,0.221977273997166,1100,bharat-petroleum-corporation,Large Cap,May-2025
133643,6434,1,Biocon Ltd.,Healthcare,Healthcare,Domestic Equities,1302.0,1255.0,3.745019920318725,0.0437,0.0404,8.16831683168317,0.221977273997166,1100,biocon,Mid Cap,May-2025
114414,5238,1,Bank Of India,Bank,Banking,Domestic Equities,3513.0,3388.0,3.689492325855962,0.0428,0.039,9.743589743589752,0.217405659658551,1100,bank-of-india,Mid Cap,May-2025
152604,5456,1,Power Finance Corporation Ltd.,Finance,Finance,Domestic Equities,1032.0,995.0,3.71859296482412,0.0419,0.0405,3.4567901234568046,0.212834045319937,1100,power-finance-corporation,Large Cap,May-2025
133635,5732,1,Indraprastha Gas Ltd.,Gas Transmission,Gas Transmission,Domestic Equities,2028.0,1955.0,3.734015345268544,0.0419,0.0377,11.140583554376668,0.212834045319937,1100,indraprastha-gas,Mid Cap,May-2025
173672,92657,1,Gujarat Fluorochemicals Ltd.,Chemicals,Chemicals,Domestic Equities,118.0,113.0,4.424778761061947,0.0419,0.044,-4.772727272727272,0.212834045319937,1100,gujarat-fluorochemicals,Mid Cap,May-2025
171402,5320,1,Godrej Consumer Products Ltd.,FMCG,Fast Moving Consumer Goods,Domestic Equities,339.0,327.0,3.669724770642202,0.0417,0.0412,1.2135922330097044,0.211818131022467,1100,godrej-consumer-products,Large Cap,May-2025
171619,82976,1,Avenue Supermarts Ltd.,Retailing,Retailing,Domestic Equities,104.0,100.0,4.0,0.0416,0.042,-0.9523809523809532,0.211310173873732,1100,avenue-supermarts,Large Cap,May-2025
171333,7587,1,United Breweries Ltd.,Alcohol,Alcohol,Domestic Equities,208.0,201.0,3.482587064676617,0.0411,0.0434,-5.299539170506902,0.208770388130057,1100,united-breweries,Mid Cap,May-2025
83342,79963,1,Bandhan Bank Ltd.,Bank,Banking,Domestic Equities,2402.0,2316.0,3.713298791018999,0.0409,0.0384,6.510416666666667,0.207754473832587,1100,bandhan-bank,Small Cap,May-2025
171335,5389,1,Bajaj Holdings & Investment Ltd.,Finance,Finance,Domestic Equities,30.0,29.0,3.4482758620689653,0.0401999999999999,0.0347,15.850144092219,0.204198773791443,1100,bajaj-holdings-investment,Large Cap,May-2025
19183,6082,1,Deepak Nitrite Ltd.,Chemicals,Chemicals,Domestic Equities,198.0,191.0,3.664921465968586,0.0401,0.037,8.378378378378368,0.203690816642708,1100,deepak-nitrite,Mid Cap,May-2025
133445,6416,1,Apar Industries Ltd.,Capital Goods,Capital Goods,Domestic Equities,49.0,47.0,4.25531914893617,0.0398,0.0263,51.330798479087456,0.202166945196503,1100,apar-industries,Mid Cap,May-2025
1704,6920,1,L&T Finance Ltd.,Finance,Finance,Domestic Equities,2320.0,2237.0,3.710326329906125,0.0397,0.0366999999999999,8.174386920980933,0.201658988047768,1100,lt-finance,Mid Cap,May-2025
76174,111823,1,Bharti Hexacom Ltd.,Telecom,Telecom,Domestic Equities,217.0,209.0,3.827751196172249,0.0397,0.0353,12.464589235127493,0.201658988047768,1100,bharti-hexacom,Mid Cap,May-2025
171383,5551,1,Hero MotoCorp Ltd.,Automobile & Ancillaries,Automobile & Ancillaries,Domestic Equities,92.0,88.0,4.545454545454546,0.0395999999999999,0.0337,17.507418397626108,0.201151030899033,1100,hero-motocorp,Large Cap,May-2025
152572,7512,1,Info Edge (India) Ltd.,IT,Information Technology,Domestic Equities,275.0,53.0,418.867924528302,0.0393,0.0375,4.800000000000004,0.199627159452829,1100,info-edge-india,Large Cap,May-2025
152386,5556,1,Glaxosmithkline Pharmaceuticals Ltd.,Healthcare,Healthcare,Domestic Equities,119.0,115.0,3.4782608695652173,0.0393,0.0341,15.249266862170089,0.199627159452829,1100,glaxosmithkline-pharmaceuticals,Mid Cap,May-2025
152486,5772,1,AIA Engineering Ltd.,Automobile & Ancillaries,Automobile & Ancillaries,Domestic Equities,112.0,108.0,3.7037037037037033,0.0392,0.0345,13.623188405797093,0.199119202304094,1100,aia-engineering,Mid Cap,May-2025
114442,5285,1,IndusInd Bank Ltd.,Bank,Banking,Domestic Equities,466.0,450.0,3.555555555555556,0.0381,0.0377,1.0610079575596827,0.193531673668009,1100,indusind-bank,Mid Cap,May-2025
152325,5528,1,Thermax Ltd.,Capital Goods,Capital Goods,Domestic Equities,112.0,108.0,3.7037037037037033,0.0379,0.0355,6.760563380281696,0.192515759370539,1100,thermax,Mid Cap,May-2025
57031,5903,1,Indian Oil Corporation Ltd.,Crude Oil,Crude Oil,Domestic Equities,2649.0,2554.0,3.719655442443226,0.0375999999999999,0.0352,6.818181818181812,0.190991887924335,1100,indian-oil-corporation,Large Cap,May-2025
797,86851,1,Nippon Life India Asset Management Ltd.,Finance,Finance,Domestic Equities,505.0,487.0,3.696098562628337,0.0374,0.0311,20.257234726688115,0.189975973626865,1100,nippon-life-india-asset-management,Mid Cap,May-2025
57541,86814,1,General Insurance Corporation of India,Insurance,Finance,Domestic Equities,894.0,862.0,3.712296983758701,0.0368,0.036,2.222222222222224,0.186928230734455,1100,general-insurance-corporation-of-india,Mid Cap,May-2025
133333,4917,1,CRISIL Ltd.,Ratings,Ratings,Domestic Equities,70.0,67.0,4.477611940298507,0.0366999999999999,0.0298,23.15436241610738,0.18642027358572,1100,crisil,Mid Cap,May-2025
152324,4941,1,ACC Ltd.,Construction Materials,Construction Materials,Domestic Equities,194.0,187.0,3.7433155080213902,0.0365,0.0353,3.399433427762043,0.18540435928825,1100,acc,Mid Cap,May-2025
97743,96921,1,Gland Pharma Ltd.,Healthcare,Healthcare,Domestic Equities,230.0,221.0,4.072398190045249,0.0365,0.0308999999999999,18.12297734627832,0.18540435928825,1100,gland-pharma,Small Cap,May-2025
171741,5431,1,GAIL (India) Ltd.,Inds. Gases & Fuels,Industrials Gases & Fuels,Domestic Equities,1912.0,1844.0,3.68763557483731,0.0363,0.0349,4.011461318051566,0.184388444990781,1100,gail-india,Large Cap,May-2025
171837,6012,1,DLF Ltd.,Realty,Realty,Domestic Equities,454.0,438.0,3.65296803652968,0.0362,0.0295,22.711864406779657,0.183880487842046,1100,dlf,Large Cap,May-2025
171943,4973,1,REC Ltd.,Finance,Finance,Domestic Equities,885.0,854.0,3.629976580796253,0.0356,0.0359,-0.8356545961002733,0.180832744949636,1100,rec,Large Cap,May-2025
19805,15724,1,Syngene International Ltd.,Business Services,Healthcare,Domestic Equities,546.0,527.0,3.6053130929791273,0.0353,0.0334,5.688622754491016,0.179308873503431,1100,syngene-international,Mid Cap,May-2025
115032,83788,1,Housing & Urban Development Corporation Ltd.,Finance,Finance,Domestic Equities,1451.0,1399.0,3.716940671908506,0.035,0.0313,11.821086261980836,0.177785002057226,1100,housing-urban-development-corporation,Mid Cap,May-2025
171485,6291,1,Motilal Oswal Financial Services Ltd.,Finance,Finance,Domestic Equities,429.0,414.0,3.6231884057971016,0.0347,0.027,28.518518518518515,0.176261130611022,1100,motilal-oswal-financial-services,Mid Cap,May-2025
44430,82482,1,L&T Technology Services Ltd.,IT,Information Technology,Domestic Equities,79.0,76.0,3.947368421052632,0.0345,0.0324,6.48148148148148,0.175245216313552,1100,lt-technology-services,Mid Cap,May-2025
171580,109023,1,Tata Technologies Ltd.,IT,Information Technology,Domestic Equities,445.0,429.0,3.7296037296037294,0.0344,0.0282,21.985815602836883,0.174737259164817,1100,tata-technologies,Mid Cap,May-2025
114654,92672,1,Indian Renewable Energy Development Agency Ltd.,Finance,Finance,Domestic Equities,1948.0,1878.0,3.727369542066028,0.034,0.0314,8.280254777070056,0.172705430569877,1100,indian-renewable-energy-development-agency,Mid Cap,May-2025
171387,6208,1,Pidilite Industries Ltd.,Chemicals,Chemicals,Domestic Equities,109.0,105.0,3.8095238095238098,0.0339,0.0319,6.269592476489034,0.172197473421142,1100,pidilite-industries,Large Cap,May-2025
171948,7104,1,Emami Ltd.,FMCG,Fast Moving Consumer Goods,Domestic Equities,570.0,549.0,3.825136612021858,0.0333,0.0343,-2.9154518950437343,0.169149730528733,1100,emami,Small Cap,May-2025
153405,17058,1,LTIMindtree Ltd.,IT,Information Technology,Domestic Equities,65.0,63.0,3.1746031746031744,0.0329,0.0289,13.840830449826983,0.167117901933793,1100,ltimindtree,Large Cap,May-2025
114405,5008,1,Bank Of Baroda,Bank,Banking,Domestic Equities,1313.0,1266.0,3.712480252764613,0.0327999999999999,0.0316,3.797468354430369,0.166609944785058,1100,bank-of-baroda,Large Cap,May-2025
509,8487,1,K.P.R. Mill Ltd.,Textile,Textile,Domestic Equities,290.0,279.0,3.942652329749104,0.0327,0.0278,17.62589928057555,0.166101987636323,1100,kpr-mill,Small Cap,May-2025
113818,7906,1,Samvardhana Motherson International Ltd.,Automobile & Ancillaries,Automobile & Ancillaries,Domestic Equities,2090.0,2015.0,3.722084367245657,0.032,0.0269,18.95910780669146,0.162546287595178,1100,samvardhana-motherson-international,Large Cap,May-2025
133583,8200,1,United Spirits Ltd.,Alcohol,Alcohol,Domestic Equities,209.0,201.0,3.9800995024875614,0.0318,0.0314,1.2738853503184724,0.161530373297709,1100,united-spirits,Large Cap,May-2025
171636,86629,1,ICICI Lombard General Insurance Company Ltd.,Insurance,Finance,Domestic Equities,169.0,163.0,3.6809815950920246,0.0317,0.0306,3.594771241830061,0.161022416148974,1100,icici-lombard-general-insurance-company,Mid Cap,May-2025
152370,5063,1,Escorts Kubota Ltd.,Automobile & Ancillaries,Automobile & Ancillaries,Domestic Equities,95.0,92.0,3.260869565217391,0.0316,0.03,5.3333333333333375,0.160514459000239,1100,escorts-kubota,Mid Cap,May-2025
133334,5159,1,CG Power and Industrial Solutions Ltd.,Capital Goods,Capital Goods,Domestic Equities,454.0,437.0,3.8901601830663615,0.0312,0.0274,13.868613138686126,0.158482630405299,1100,cg-power-and-industrial-solutions,Large Cap,May-2025
58178,99657,1,Star Health and Allied Insurance Company Ltd.,Insurance,Finance,Domestic Equities,652.0,628.0,3.821656050955414,0.0311,0.0245,26.938775510204067,0.157974673256564,1100,star-health-and-allied-insurance-company,Small Cap,May-2025
133495,5019,1,Ajanta Pharma Ltd.,Healthcare,Healthcare,Domestic Equities,121.0,117.0,3.418803418803419,0.0304,0.0317,-4.100946372239744,0.15441897321542,1100,ajanta-pharma,Mid Cap,May-2025
38708,8062,1,Adani Power Ltd.,Power,Power,Domestic Equities,558.0,538.0,3.717472118959108,0.0302999999999999,0.0286,5.9440559440559415,0.153911016066685,1100,adani-power,Large Cap,May-2025
645,8087,1,IRB Infrastructure Developers Ltd.,Infrastructure,Infrastructure,Domestic Equities,5736.0,5531.0,3.706382209365395,0.0294,0.0252,16.666666666666664,0.14933940172807,1100,irb-infrastructure-developers,Mid Cap,May-2025
102429,100653,1,Global Health Ltd.,Healthcare,Healthcare,Domestic Equities,240.0,232.0,3.4482758620689653,0.0285,0.0278,2.517985611510802,0.144767787389456,1100,global-health,Small Cap,May-2025
196533,104025,1,Motherson Sumi Wiring India Ltd.,Iron & Steel,Iron & Steel,Domestic Equities,4903.0,4728.0,3.7013536379018617,0.0283999999999999,0.0264,7.575757575757565,0.144259830240721,1100,motherson-sumi-wiring-india,Small Cap,May-2025
134667,88599,1,Macrotech Developers Ltd.,Realty,Realty,Domestic Equities,198.0,191.0,3.664921465968586,0.0282,0.0254,11.023622047244086,0.143243915943251,1100,macrotech-developers,Large Cap,May-2025
133614,6833,1,Canara Bank,Bank,Banking,Domestic Equities,2390.0,2305.0,3.68763557483731,0.0274,0.0225,21.77777777777779,0.139180258753372,1100,canara-bank,Mid Cap,May-2025
171639,5614,1,Havells India Ltd.,Capital Goods,Capital Goods,Domestic Equities,178.0,172.0,3.488372093023256,0.0272,0.0275,-1.090909090909084,0.138164344455902,1100,havells-india,Large Cap,May-2025
222979,112566,1,Vishal Mega Mart Ltd.,Retailing,Retailing,Domestic Equities,2159.0,2082.0,3.698366954851104,0.0269,0.0247,8.906882591093106,0.136640473009697,1100,vishal-mega-mart,Mid Cap,May-2025
152308,5173,1,Shree Cement Ltd.,Construction Materials,Construction Materials,Domestic Equities,9.0,9.0,0.0,0.0266,0.0266999999999999,-0.3745318352059845,0.135116601563492,1100,shree-cement,Mid Cap,May-2025
57345,99844,1,AWL Agri Business Ltd.,FMCG,Fast Moving Consumer Goods,Domestic Equities,953.0,919.0,3.6996735582154514,0.0262,0.0245,6.938775510204079,0.133084772968552,1100,awl-agri-business,Mid Cap,May-2025
152334,5218,1,Ambuja Cements Ltd.,Construction Materials,Construction Materials,Domestic Equities,472.0,455.0,3.736263736263736,0.0260999999999999,0.0246,6.097560975609753,0.132576815819817,1100,ambuja-cements,Large Cap,May-2025
133599,5561,1,Punjab National Bank,Bank,Banking,Domestic Equities,2444.0,2357.0,3.691132795927026,0.0259,0.0236,9.745762711864408,0.131560901522348,1100,punjab-national-bank,Large Cap,May-2025
171942,7813,1,Jindal Steel & Power Ltd.,Iron & Steel,Iron & Steel,Domestic Equities,269.0,259.0,3.861003861003861,0.0255,0.0232,9.913793103448276,0.129529072927408,1100,jindal-steel-power,Mid Cap,May-2025
13,7543,1,Tata Investment Corporation Ltd.,Finance,Finance,Domestic Equities,37.0,36.0,2.7777777777777777,0.0249,0.0214,16.35514018691589,0.126481330034998,1100,tata-investment-corporation,Mid Cap,May-2025
133645,6755,1,Bank Of Maharashtra,Bank,Banking,Domestic Equities,4549.0,4386.0,3.716370269037848,0.0246,0.0222,10.810810810810798,0.124957458588793,1100,bank-of-maharashtra,Mid Cap,May-2025
171394,82477,1,Endurance Technologies Ltd.,Automobile & Ancillaries,Automobile & Ancillaries,Domestic Equities,101.0,98.0,3.061224489795918,0.0246,0.0184,33.69565217391304,0.124957458588793,1100,endurance-technologies,Mid Cap,May-2025
222201,112407,1,NTPC Green Energy Ltd.,Power,Power,Domestic Equities,2154.0,2077.0,3.7072701011073663,0.024,0.0209,14.832535885167466,0.121909715696384,1100,ntpc-green-energy,Large Cap,May-2025
152331,7581,1,Torrent Pharmaceuticals Ltd.,Healthcare,Healthcare,Domestic Equities,74.0,71.0,4.225352112676056,0.0235,0.0236,-0.423728813559313,0.119369929952709,1100,torrent-pharmaceuticals,Large Cap,May-2025
152064,6806,1,3M India Ltd.,Diversified,Diversified,Domestic Equities,8.0,7.0,14.285714285714285,0.0233999999999999,0.0210999999999999,10.90047393364929,0.118861972803974,1100,3m-india,Mid Cap,May-2025
113787,7539,1,Honeywell Automation India Ltd.,Consumer Durables,Consumer Durables,Domestic Equities,6.0,6.0,0.0,0.0231,0.0207,11.594202898550735,0.117338101357769,1100,honeywell-automation-india,Mid Cap,May-2025
137768,15760,1,Gujarat Gas Ltd.,Gas Transmission,Gas Transmission,Domestic Equities,498.0,480.0,3.75,0.0229,0.0218,5.045871559633022,0.1163221870603,1100,gujarat-gas,Mid Cap,May-2025
229270,113158,1,Aditya Birla Lifestyle Brands Ltd.,Others,,Domestic Equities,1339.0,,,0.0229,,,0.1163221870603,1100,aditya-birla-lifestyle-brands,,May-2025
171853,7249,1,NLC India Ltd.,Power,Power,Domestic Equities,943.0,909.0,3.74037403740374,0.0227999999999999,0.0207,10.144927536231885,0.115814229911565,1100,nlc-india,Mid Cap,May-2025
78882,109773,1,JSW Infrastructure Ltd.,Logistics,Logistics,Domestic Equities,785.0,757.0,3.6988110964332894,0.0227999999999999,0.0222,2.702702702702685,0.115814229911565,1100,jsw-infrastructure,Mid Cap,May-2025
77359,100627,1,Waaree Energies Ltd.,Capital Goods,Capital Goods,Domestic Equities,76.0,73.0,4.10958904109589,0.0226,0.019,18.947368421052627,0.114798315614095,1100,waaree-energies,Mid Cap,May-2025
139932,15713,1,Adani Energy Solutions Ltd.,Power,Power,Domestic Equities,256.0,247.0,3.643724696356275,0.0222,0.0222,0.0,0.112766487019155,1100,adani-energy-solutions,Large Cap,May-2025
133272,5382,1,ABB India Ltd.,Capital Goods,Capital Goods,Domestic Equities,37.0,35.0,5.714285714285714,0.0220999999999999,0.0192999999999999,14.50777202072539,0.11225852987042,1100,abb-india,Large Cap,May-2025
84351,88646,1,Adani Green Energy Ltd.,Power,Power,Domestic Equities,217.0,209.0,3.827751196172249,0.022,0.0187999999999999,17.0212765957447,0.111750572721685,1100,adani-green-energy,Large Cap,May-2025
133387,5868,1,Godrej Industries Ltd.,Chemicals,Chemicals,Domestic Equities,179.0,172.0,4.069767441860465,0.0212,0.0186,13.978494623655912,0.107686915531806,1100,godrej-industries,Mid Cap,May-2025
152377,4902,1,Siemens Ltd.,Capital Goods,Capital Goods,Domestic Equities,62.0,60.0,3.333333333333333,0.0202,0.0174,16.09195402298851,0.102607344044456,1100,siemens,Large Cap,May-2025
171799,4956,1,Dabur India Ltd.,FMCG,Fast Moving Consumer Goods,Domestic Equities,418.0,403.0,3.722084367245657,0.0202,0.0197,2.53807106598985,0.102607344044456,1100,dabur-india,Large Cap,May-2025
217845,112026,1,Premier Energies Ltd.,Electricals,Electricals,Domestic Equities,190.0,183.0,3.825136612021858,0.0202,0.018,12.22222222222222,0.102607344044456,1100,premier-energies,Mid Cap,May-2025
1840,4901,1,SJVN Ltd.,Power,Power,Domestic Equities,2068.0,1994.0,3.711133400200602,0.0199,0.0187,6.417112299465234,0.101083472598252,1100,sjvn,Mid Cap,May-2025
152374,6232,1,Bosch Ltd.,Automobile & Ancillaries,Automobile & Ancillaries,Domestic Equities,6.0,5.0,20.0,0.0187999999999999,0.0147,27.89115646258503,0.0954959439621673,1100,bosch,Large Cap,May-2025
114697,5402,1,JSW Energy Ltd.,Power,Power,Domestic Equities,378.0,365.0,3.5616438356164384,0.0184,0.0175,5.142857142857148,0.0934641153672276,1100,jsw-energy,Large Cap,May-2025
57620,82559,1,ICICI Prudential Life Insurance Company Ltd.,Insurance,Finance,Domestic Equities,277.0,267.0,3.745318352059925,0.0183,0.0163999999999999,11.585365853658548,0.0929561582184927,1100,icici-prudential-life-insurance-company,Large Cap,May-2025
152532,6617,1,Sun TV Network Ltd.,Media & Entertainment,Media & Entertainment,Domestic Equities,285.0,275.0,3.636363636363636,0.0179,0.0171,4.678362573099419,0.090924329623553,1100,sun-tv-network,Small Cap,May-2025
58145,71025,1,Indian Railway Finance Corporation Ltd.,Finance,Finance,Domestic Equities,1266.0,1221.0,3.6855036855036856,0.0176,0.0152,15.789473684210526,0.0894004581773482,1100,indian-railway-finance-corporation,Large Cap,May-2025
171968,4931,1,Zydus Lifesciences Ltd.,Healthcare,Healthcare,Domestic Equities,174.0,170.0,2.3529411764705883,0.0162,0.0151,7.284768211920537,0.0822890580950591,1100,zydus-lifesciences,Large Cap,May-2025
114606,112114,1,Hyundai Motor India Ltd.,Automobile & Ancillaries,Automobile & Ancillaries,Domestic Equities,86.0,82.0,4.878048780487805,0.0159,0.0139999999999999,13.571428571428584,0.0807651866488543,1100,hyundai-motor-india,Large Cap,May-2025
58155,95800,1,Life Insurance Corporation of India,Insurance,Finance,Domestic Equities,157.0,151.0,3.9735099337748334,0.015,0.012,25.000000000000007,0.0761935723102399,1100,life-insurance-corporation-of-india,Large Cap,May-2025
227975,113151,1,Siemens Energy India Ltd.,Others,Other,Domestic Equities,56.0,56.0,0.0,0.0139,0.0139,0.0,0.0706060436741556,1100,siemens-energy-india,,May-2025
176199,111753,1,OLA Electric Mobility Ltd.,Automobile & Ancillaries,Automobile & Ancillaries,Domestic Equities,2579.0,2487.0,3.69923602734218,0.0131,0.0121,8.264462809917363,0.0665423864842762,1100,ola-electric-mobility,Mid Cap,May-2025
58164,86911,1,The New India Assurance Company Ltd.,Insurance,Finance,Domestic Equities,695.0,671.0,3.5767511177347244,0.013,0.0115,13.04347826086958,0.0660344293355413,1100,the-new-india-assurance-company,Mid Cap,May-2025
95549,7450,1,Aditya Birla Fashion and Retail Ltd.,Retailing,Retailing,Domestic Equities,1357.0,1308.0,3.746177370030581,0.0116,0.0345,-66.3768115942029,0.0589230292532522,1100,aditya-birla-fashion-and-retail,Mid Cap,May-2025
84908,112552,1,Swiggy Ltd.,Retailing,Information Technology,Domestic Equities,275.0,183.0,50.27322404371585,0.0092,0.0058,58.620689655172434,0.0467320576836138,1100,swiggy,Large Cap,May-2025
116180,112103,1,Bajaj Housing Finance Ltd.,Finance,Finance,Domestic Equities,659.0,636.0,3.6163522012578615,0.008,0.0078,2.5641025641025665,0.0406365718987946,1100,bajaj-housing-finance,Large Cap,May-2025
171883,5324,1,Mangalore Refinery And Petrochemicals Ltd.,Crude Oil,Crude Oil,Domestic Equities,516.0,497.0,3.8229376257545273,0.0074,0.0067,10.447761194029844,0.037588829006385,1100,mangalore-refinery-and-petrochemicals,Small Cap,May-2025
