CompanyID,SecurityID,MfSchemeAssetAllocationID,Name,SectorName,EquitySectorName,Type,NoOfShare,PrevNoOfShare,SharesZG,MarketValue,PrevMarketValue,MarketValueZG,HoldingPercentage,Priority,SecuritySlug,McapCategory,Month
171875,5051.0,1,HDFC Bank Ltd.,Bank,Banking,Domestic Equities,13325.0,12795.0,4.142243063696757,2.263584375,2.268361575,-0.21060134559897267,6.97931408069987,1100,hdfc-bank,Large Cap,Jan-2025
171888,8748.0,1,ICICI Bank Ltd.,Bank,Banking,Domestic Equities,12364.0,11872.0,4.144204851752022,1.5489619200000002,1.52157488,1.7999140469511514,4.77591728327949,1100,icici-bank,Large Cap,Jan-2025
171531,4897.0,1,Reliance Industries Ltd.,Crude Oil,Crude Oil,Domestic Equities,11895.0,11422.0,4.1411311504114865,1.50483645,1.38828699,8.39519932402449,4.63986513629977,1100,reliance-industries,Large Cap,Jan-2025
171889,4926.0,1,Infosys Ltd.,IT,Information Technology,Domestic Equities,6312.0,6061.0,4.1412308199967,1.18652976,1.139468,4.1301519656541466,3.65842950348932,1100,infosys,Large Cap,Jan-2025
133593,6508.0,1,Bharti Airtel Ltd.,Telecom,Telecom,Domestic Equities,4699.0,4513.0,4.121426988699313,0.76419837,0.716551575,6.649457856540193,2.35625431200853,1100,bharti-airtel,Large Cap,Jan-2025
171915,6797.0,1,Tata Consultancy Services Ltd.,IT,Information Technology,Domestic Equities,1790.0,1720.0,4.069767441860465,0.7361196,0.7043056,4.517073270466679,2.26967898616952,1100,tata-consultancy-services,Large Cap,Jan-2025
152372,4964.0,1,Larsen & Toubro Ltd.,Infrastructure,Infrastructure,Domestic Equities,2062.0,1981.0,4.08884401817264,0.7355978799999999,0.714675465,2.9275406844979632,2.26807036588463,1100,larsen-toubro,Large Cap,Jan-2025
152408,5535.0,1,ITC Ltd.,FMCG,Fast Moving Consumer Goods,Domestic Equities,16292.0,15644.0,4.142163129634365,0.729067,0.75662206,-3.6418525782872324,2.24793369095138,1100,itc,Large Cap,Jan-2025
133350,8843.0,1,State Bank Of India,Bank,Banking,Domestic Equities,6743.0,6475.0,4.13899613899614,0.52116647,0.514730125,1.2504309904146322,1.60691358476958,1100,state-bank-of-india,Large Cap,Jan-2025
171400,5889.0,1,Axis Bank Ltd.,Bank,Banking,Domestic Equities,4997.0,4799.0,4.125859554073765,0.49275417,0.51094953,-3.5610875305042344,1.51930988523659,1100,axis-bank,Large Cap,Jan-2025
171492,5886.0,1,Kotak Mahindra Bank Ltd.,Bank,Banking,Domestic Equities,2573.0,2471.0,4.127883447996762,0.48920449,0.441332955,10.847033845455739,1.5083651500283,1100,kotak-mahindra-bank,Large Cap,Jan-2025
171656,5311.0,1,Mahindra & Mahindra Ltd.,Automobile & Ancillaries,Automobile & Ancillaries,Domestic Equities,1551.0,1490.0,4.093959731543624,0.463725735,0.4480579,3.4968326638142067,1.42980645546663,1100,mahindra-mahindra,Large Cap,Jan-2025
171484,6114.0,1,Bajaj Finance Ltd.,Finance,Finance,Domestic Equities,490.0,471.0,4.033970276008493,0.3863699,0.3213633,20.22838326591741,1.19129505982237,1100,bajaj-finance,Large Cap,Jan-2025
171717,5016.0,1,Hindustan Unilever Ltd.,FMCG,Fast Moving Consumer Goods,Domestic Equities,1555.0,1494.0,4.0829986613119145,0.3838984,0.34763139000000004,10.432605064807285,1.18367467909304,1100,hindustan-unilever,Large Cap,Jan-2025
420,5071.0,1,Sun Pharmaceutical Industries Ltd.,Healthcare,Healthcare,Domestic Equities,1891.0,1817.0,4.072647220693451,0.329780945,0.342749795,-3.7837659392327376,1.01681422544057,1100,sun-pharmaceutical-industries,Large Cap,Jan-2025
171528,8219.0,1,HCL Technologies Ltd.,IT,Information Technology,Domestic Equities,1854.0,1782.0,4.040404040404041,0.31989843,0.34168067999999996,-6.375031213353935,0.986343447830516,1100,hcl-technologies,Large Cap,Jan-2025
133625,7239.0,1,Maruti Suzuki India Ltd.,Automobile & Ancillaries,Automobile & Ancillaries,Domestic Equities,230.0,222.0,3.6036036036036037,0.28314495,0.24105648,17.46000356430992,0.873021371873563,1100,maruti-suzuki-india,Large Cap,Jan-2025
133664,7760.0,1,NTPC Ltd.,Power,Power,Domestic Equities,8297.0,7967.0,4.142086105183884,0.26882280000000003,0.265579945,1.221046641906647,0.828861859082751,1100,ntpc,Large Cap,Jan-2025
156921,98676.0,1,Eternal Ltd.,Retailing,Information Technology,Domestic Equities,12147.0,11646.0,4.301906233900051,0.267659145,0.32381703,-17.342474236145026,0.825273959371004,1100,eternal,Large Cap,Jan-2025
152378,5539.0,1,Tata Motors Ltd.,Automobile & Ancillaries,Automobile & Ancillaries,Domestic Equities,3673.0,3527.0,4.139495321803232,0.26302353,0.261050905,0.7556476389154858,0.810980958677268,1100,tata-motors,Large Cap,Jan-2025
171461,6050.0,1,Titan Company Ltd.,Diamond  &  Jewellery,Diamond & Jewellery,Domestic Equities,724.0,697.0,3.873744619799139,0.25269410000000003,0.22674455500000001,11.444396095862148,0.779132207183477,1100,titan-company,Large Cap,Jan-2025
517,7825.0,1,Power Grid Corporation Of India Ltd.,Power,Power,Domestic Equities,7937.0,7622.0,4.132773550249278,0.239419605,0.23529114,1.7546198297139475,0.738202931080094,1100,power-grid-corporation-of-india,Large Cap,Jan-2025
133654,6850.0,1,Ultratech Cement Ltd.,Construction Materials,Construction Materials,Domestic Equities,199.0,192.0,3.6458333333333335,0.228600255,0.21938592,4.200057597132939,0.704843608302907,1100,ultratech-cement,Large Cap,Jan-2025
152205,8185.0,1,Trent Ltd.,Retailing,Retailing,Domestic Equities,389.0,374.0,4.010695187165775,0.22379948,0.26641328999999997,-15.995376957358246,0.69004136946179,1100,trent,Large Cap,Jan-2025
152362,5226.0,1,Tata Steel Ltd.,Iron & Steel,Iron & Steel,Domestic Equities,14520.0,13942.0,4.145746664753981,0.19546824000000002,0.19246931,1.5581341253834227,0.602687602383553,1100,tata-steel,Large Cap,Jan-2025
171369,7531.0,1,Tech Mahindra Ltd.,IT,Information Technology,Domestic Equities,1112.0,1069.0,4.022450888681011,0.18619883999999998,0.18239277999999998,2.0867383018121672,0.574107243438621,1100,tech-mahindra,Large Cap,Jan-2025
133309,5981.0,1,Bharat Electronics Ltd.,Capital Goods,Capital Goods,Domestic Equities,6267.0,6018.0,4.137587238285144,0.183403755,0.17641767000000003,3.9599689758967953,0.565489152453056,1100,bharat-electronics,Large Cap,Jan-2025
171658,4978.0,1,Asian Paints Ltd.,Chemicals,Chemicals,Domestic Equities,792.0,761.0,4.07358738501971,0.18222335999999997,0.173610735,4.960882747256376,0.561849638266938,1100,asian-paints,Large Cap,Jan-2025
152256,5774.0,1,Oil & Natural Gas Corporation Ltd.,Crude Oil,Crude Oil,Domestic Equities,6796.0,6527.0,4.1213421173586635,0.178469756,0.156158475,14.287588938096388,0.550276143795113,1100,oil-natural-gas-corporation,Large Cap,Jan-2025
707,8442.0,1,Bajaj Auto Ltd.,Automobile & Ancillaries,Automobile & Ancillaries,Domestic Equities,194.0,187.0,3.7433155080213902,0.17164732000000002,0.16453382000000003,4.323427244319736,0.529240513683258,1100,bajaj-auto,Large Cap,Jan-2025
171708,8443.0,1,Bajaj Finserv Ltd.,Finance,Finance,Domestic Equities,958.0,921.0,4.017372421281216,0.16631838,0.14442201000000002,15.161380180209358,0.512809782676288,1100,bajaj-finserv,Large Cap,Jan-2025
152245,5078.0,1,Grasim Industries Ltd.,Diversified,Construction Materials,Domestic Equities,651.0,626.0,3.993610223642172,0.163326135,0.15291302,6.8098288818048385,0.503583787881461,1100,grasim-industries,Large Cap,Jan-2025
133434,4968.0,1,JSW Steel Ltd.,Iron & Steel,Iron & Steel,Domestic Equities,1681.0,1615.0,4.086687306501548,0.1588545,0.14559225,9.109173050076503,0.489796387038826,1100,jsw-steel,Large Cap,Jan-2025
115643,7007.0,1,Coal India Ltd.,Mining,Mining,Domestic Equities,3974.0,3817.0,4.113177888394027,0.15733066,0.146630055,7.297688731004024,0.485097928220062,1100,coal-india,Large Cap,Jan-2025
171511,5199.0,1,Wipro Ltd.,IT,Information Technology,Domestic Equities,4961.0,4765.0,4.113326337880378,0.15473359,0.143831525,7.579746512456159,0.477090377266914,1100,wipro,Large Cap,Jan-2025
152343,5043.0,1,Hindalco Industries Ltd.,Non - Ferrous Metals,Non - Ferrous Metals,Domestic Equities,2547.0,2446.0,4.129190515126738,0.15136821,0.14735927000000001,2.7205210774999036,0.466713894605027,1100,hindalco-industries,Large Cap,Jan-2025
96486,15829.0,1,Interglobe Aviation Ltd.,Aviation,Aviation,Domestic Equities,343.0,329.0,4.25531914893617,0.148325205,0.149834825,-1.0075227838388026,0.45733139140404,1100,interglobe-aviation,Large Cap,Jan-2025
152400,5891.0,1,Nestle India Ltd.,FMCG,Fast Moving Consumer Goods,Domestic Equities,627.0,603.0,3.9800995024875623,0.14503764,0.130854015,10.839273827402245,0.44719483588213,1100,nestle-india,Large Cap,Jan-2025
133330,5128.0,1,Cipla Ltd.,Healthcare,Healthcare,Domestic Equities,963.0,925.0,4.108108108108108,0.14246622,0.1414325,0.7308928287345571,0.439266371623583,1100,cipla,Large Cap,Jan-2025
539,7794.0,1,Adani Ports and Special Economic Zone Ltd.,Logistics,Logistics,Domestic Equities,1291.0,1241.0,4.0290088638195005,0.141926085,0.15277951,-7.103979453789316,0.437600972333584,1100,adani-ports-and-special-economic-zone,Large Cap,Jan-2025
2469,110949.0,1,JIO Financial Services Ltd.,Finance,Finance,Domestic Equities,5749.0,5521.0,4.129686650969027,0.138924585,0.16491226999999997,-15.758490863050994,0.428346441579359,1100,jio-financial-services,Large Cap,Jan-2025
77009,96064.0,1,Max Healthcare Institute Ltd.,Healthcare,Healthcare,Domestic Equities,1300.0,1249.0,4.083266613290633,0.13796250000000002,0.140905935,-2.0889361402697486,0.425380043038403,1100,max-healthcare-institute,Mid Cap,Jan-2025
56728,7719.0,1,Shriram Finance Ltd.,Finance,Finance,Domestic Equities,2449.0,471.0,419.95753715498944,0.133164375,0.136078965,-2.1418372780833645,0.41058597494741,1100,shriram-finance,Large Cap,Jan-2025
152242,5741.0,1,Vedanta Ltd.,Non - Ferrous Metals,Non - Ferrous Metals,Domestic Equities,2970.0,2853.0,4.100946372239748,0.13109579999999998,0.126801585,3.3865625575579372,0.404207933649752,1100,vedanta,Large Cap,Jan-2025
134703,87891.0,1,Hindustan Aeronautics Ltd.,Capital Goods,Capital Goods,Domestic Equities,332.0,320.0,3.75,0.13070176,0.1337072,-2.247777232639681,0.402992989355767,1100,hindustan-aeronautics,Large Cap,Jan-2025
171585,5257.0,1,Dr. Reddy's Laboratories Ltd.,Healthcare,Healthcare,Domestic Equities,1061.0,1027.0,3.3106134371957157,0.129160835,0.14259895,-9.423712446690534,0.398241852323465,1100,dr-reddy's-laboratories,Large Cap,Jan-2025
38605,83193.0,1,Varun Beverages Ltd.,FMCG,Fast Moving Consumer Goods,Domestic Equities,2347.0,2250.0,4.311111111111112,0.125975225,0.1436625,-12.311685373705739,0.388419654850213,1100,varun-beverages,Large Cap,Jan-2025
76200,82667.0,1,BSE Ltd.,Finance,Finance,Domestic Equities,237.0,229.0,3.4934497816593884,0.125751015,0.12195166,3.1154598469590344,0.387728347723641,1100,bse,Mid Cap,Jan-2025
171572,5156.0,1,Eicher Motors Ltd.,Automobile & Ancillaries,Automobile & Ancillaries,Domestic Equities,241.0,232.0,3.8793103448275863,0.12518263,0.11186808,11.902009938849403,0.385975845154013,1100,eicher-motors,Large Cap,Jan-2025
171462,6372.0,1,Divi's Laboratories Ltd.,Healthcare,Healthcare,Domestic Equities,222.0,214.0,3.7383177570093453,0.12382494,0.13051432,-5.125399266532598,0.381789676951546,1100,divi's-laboratories,Large Cap,Jan-2025
152473,5056.0,1,Suzlon Energy Ltd.,Capital Goods,Capital Goods,Domestic Equities,20759.0,19940.0,4.107321965897693,0.12075510299999999,0.12406668,-2.6691912768198547,0.372324442593073,1100,suzlon-energy,Mid Cap,Jan-2025
38020,6672.0,1,Apollo Hospitals Enterprise Ltd.,Healthcare,Healthcare,Domestic Equities,177.0,171.0,3.508771929824561,0.12054585,0.12476758500000001,-3.3836793426754337,0.371679252413524,1100,apollo-hospitals-enterprise,Mid Cap,Jan-2025
58168,86912.0,1,HDFC Life Insurance Company Ltd.,Insurance,Finance,Domestic Equities,1872.0,1799.0,4.05780989438577,0.11944296,0.111007295,7.599198773377909,0.368278709543784,1100,hdfc-life-insurance-company,Large Cap,Jan-2025
152406,5107.0,1,The Indian Hotels Company Ltd.,Hospitality,Hospitality,Domestic Equities,1540.0,1480.0,4.054054054054054,0.1177638,0.1298774,-9.326949877345871,0.363101352268666,1100,the-indian-hotels-company,Mid Cap,Jan-2025
152401,5684.0,1,Tata Consumer Products Ltd.,Agri,Agriculture,Domestic Equities,1139.0,1095.0,4.018264840182648,0.11670763499999999,0.10015964999999999,16.521608252425004,0.359844876681781,1100,tata-consumer-products,Large Cap,Jan-2025
152907,86648.0,1,SBI Life Insurance Company Ltd.,Insurance,Finance,Domestic Equities,784.0,753.0,4.116865869853918,0.11631424000000001,0.10469711999999999,11.095930814524808,0.358631921117544,1100,sbi-life-insurance-company,Large Cap,Jan-2025
114442,5285.0,1,IndusInd Bank Ltd.,Bank,Banking,Domestic Equities,1157.0,1112.0,4.046762589928058,0.11468184000000001,0.10676868,7.411499327330824,0.35359873904085,1100,indusind-bank,Mid Cap,Jan-2025
95548,5980.0,1,Persistent Systems Ltd.,IT,Information Technology,Domestic Equities,184.0,178.0,3.3707865168539324,0.11099983999999999,0.11494706,-3.433946026979738,0.342246021320691,1100,persistent-systems,Mid Cap,Jan-2025
152316,5915.0,1,Tata Power Company Ltd.,Power,Power,Domestic Equities,2957.0,2841.0,4.083069341781063,0.10778265,0.11148084000000001,-3.3173323774740258,0.33232645317237,1100,tata-power-company,Large Cap,Jan-2025
152604,5456.0,1,Power Finance Corporation Ltd.,Finance,Finance,Domestic Equities,2547.0,2447.0,4.086636697997548,0.10761075,0.10974795,-1.9473712265240521,0.331796433569954,1100,power-finance-corporation,Large Cap,Jan-2025
152572,7512.0,1,Info Edge (India) Ltd.,IT,Information Technology,Domestic Equities,137.0,132.0,3.787878787878788,0.10581469,0.1145397,-7.617454908647392,0.326258638298779,1100,info-edge-india,Large Cap,Jan-2025
171628,5788.0,1,Britannia Industries Ltd.,FMCG,Fast Moving Consumer Goods,Domestic Equities,206.0,199.0,3.5175879396984926,0.10567079,0.09477872500000001,11.492099097133872,0.325814951150509,1100,britannia-industries,Large Cap,Jan-2025
133507,6902.0,1,TVS Motor Company Ltd.,Automobile & Ancillaries,Automobile & Ancillaries,Domestic Equities,410.0,395.0,3.79746835443038,0.1007739,0.09355575,7.715346197320843,0.310716360744026,1100,tvs-motor-company,Large Cap,Jan-2025
157113,99763.0,1,PB Fintech Ltd.,IT,Information Technology,Domestic Equities,578.0,554.0,4.332129963898916,0.09980904,0.11683028999999999,-14.569209748602002,0.307741406040204,1100,pb-fintech,Mid Cap,Jan-2025
75697,6614.0,1,Adani Enterprises Ltd.,Trading,Trading,Domestic Equities,436.0,418.0,4.30622009569378,0.09974807999999999,0.10569756999999999,-5.628785978712659,0.307553447954321,1100,adani-enterprises,Large Cap,Jan-2025
57445,86554.0,1,Dixon Technologies (India) Ltd.,Consumer Durables,Consumer Durables,Domestic Equities,66.0,64.0,3.125,0.09890727,0.11479232,-13.838077320852124,0.304960976855384,1100,dixon-technologies-india,Mid Cap,Jan-2025
171383,5551.0,1,Hero MotoCorp Ltd.,Automobile & Ancillaries,Automobile & Ancillaries,Domestic Equities,227.0,219.0,3.65296803652968,0.09849870499999999,0.09111713999999999,8.101181621811227,0.303701247600811,1100,hero-motocorp,Large Cap,Jan-2025
171943,4973.0,1,REC Ltd.,Finance,Finance,Domestic Equities,2185.0,2099.0,4.097189137684612,0.098292225,0.10509693,-6.474694360720148,0.303064607417526,1100,rec,Large Cap,Jan-2025
133657,7260.0,1,Coforge Ltd.,IT,Information Technology,Domestic Equities,116.0,112.0,3.571428571428571,0.09586066,0.10822504000000001,-11.424694322127298,0.295567358350927,1100,coforge,Mid Cap,Jan-2025
153405,17058.0,1,LTIMindtree Ltd.,IT,Information Technology,Domestic Equities,162.0,156.0,3.8461538461538463,0.09580923000000001,0.08714003999999999,9.948572435817118,0.295408784132473,1100,ltimindtree,Large Cap,Jan-2025
171619,82976.0,1,Avenue Supermarts Ltd.,Retailing,Retailing,Domestic Equities,259.0,249.0,4.016064257028113,0.094914435,0.088690065,7.018114148411116,0.292649860978641,1100,avenue-supermarts,Large Cap,Jan-2025
171514,5399.0,1,Cholamandalam Investment and Finance Company Ltd.,Finance,Finance,Domestic Equities,732.0,703.0,4.125177809388336,0.09412422,0.083372285,12.896294014251849,0.290213389541043,1100,cholamandalam-investment-and-finance-company,Large Cap,Jan-2025
152377,4902.0,1,Siemens Ltd.,Capital Goods,Capital Goods,Domestic Equities,154.0,149.0,3.3557046979865772,0.09352959,0.09738714500000001,-3.9610515330334426,0.288379965712162,1100,siemens,Large Cap,Jan-2025
152376,5012.0,1,Bharat Petroleum Corporation Ltd.,Crude Oil,Crude Oil,Domestic Equities,3391.0,3257.0,4.114215535769112,0.08853901,0.095250965,-7.046600525254516,0.272992500747504,1100,bharat-petroleum-corporation,Large Cap,Jan-2025
152211,6247.0,1,Lupin Ltd.,Healthcare,Healthcare,Domestic Equities,422.0,406.0,3.9408866995073892,0.08779498999999999,0.09564142,-8.2040082633654,0.270698462442737,1100,lupin,Mid Cap,Jan-2025
171335,5389.0,1,Bajaj Holdings & Investment Ltd.,Finance,Finance,Domestic Equities,75.0,73.0,2.73972602739726,0.08669774999999999,0.08677327500000001,-0.08703716668526065,0.267315340228922,1100,bajaj-holdings-investment,Large Cap,Jan-2025
57031,5903.0,1,Indian Oil Corporation Ltd.,Crude Oil,Crude Oil,Domestic Equities,6564.0,6303.0,4.140885292717753,0.08434083599999999,0.08597922300000001,-1.9055615331625086,0.260048262734981,1100,indian-oil-corporation,Large Cap,Jan-2025
171741,5431.0,1,GAIL (India) Ltd.,Inds. Gases & Fuels,Industrials Gases & Fuels,Domestic Equities,4732.0,4544.0,4.137323943661972,0.083813184,0.086781312,-3.4202386799591102,0.258421352303021,1100,gail-india,Large Cap,Jan-2025
171837,6012.0,1,DLF Ltd.,Realty,Realty,Domestic Equities,1122.0,1079.0,3.985171455050973,0.08359461,0.08900671,-6.080552803266195,0.257747422666148,1100,dlf,Large Cap,Jan-2025
171685,5596.0,1,The Federal Bank Ltd.,Bank,Banking,Domestic Equities,4287.0,4117.0,4.129220306048094,0.080256927,0.08234823399999999,-2.539589373586316,0.247456338217921,1100,the-federal-bank,Mid Cap,Jan-2025
171636,86629.0,1,ICICI Lombard General Insurance Company Ltd.,Insurance,Finance,Domestic Equities,418.0,402.0,3.9800995024875623,0.0776853,0.07186755,8.095099944272489,0.239527235715874,1100,icici-lombard-general-insurance-company,Mid Cap,Jan-2025
171387,6208.0,1,Pidilite Industries Ltd.,Chemicals,Chemicals,Domestic Equities,269.0,259.0,3.861003861003861,0.07724873,0.075220075,2.6969595550124046,0.238181158590646,1100,pidilite-industries,Large Cap,Jan-2025
38803,5403.0,1,Indus Towers Ltd.,Telecom,Telecom,Domestic Equities,2174.0,2089.0,4.068932503590235,0.07548128,0.07140202000000001,5.713087668948298,0.232731576587796,1100,indus-towers,Large Cap,Jan-2025
171402,5320.0,1,Godrej Consumer Products Ltd.,FMCG,Fast Moving Consumer Goods,Domestic Equities,659.0,634.0,3.943217665615142,0.073890375,0.06860197,7.708823813660152,0.227826336124844,1100,godrej-consumer-products,Large Cap,Jan-2025
133583,8200.0,1,United Spirits Ltd.,Alcohol,Alcohol,Domestic Equities,516.0,497.0,3.8229376257545273,0.0734784,0.080784865,-9.044348839352526,0.226556092810677,1100,united-spirits,Large Cap,Jan-2025
113818,7906.0,1,Samvardhana Motherson International Ltd.,Automobile & Ancillaries,Automobile & Ancillaries,Domestic Equities,5165.0,4951.0,4.322359119369825,0.07296079,0.077295012,-5.607376061989613,0.224960144896736,1100,samvardhana-motherson-international,Large Cap,Jan-2025
165,7447.0,1,SRF Ltd.,Chemicals,Chemicals,Domestic Equities,254.0,244.0,4.098360655737705,0.07137019,0.05460598,30.700318902801477,0.220055844840873,1100,srf,Mid Cap,Jan-2025
133334,5159.0,1,CG Power and Industrial Solutions Ltd.,Capital Goods,Capital Goods,Domestic Equities,1120.0,1076.0,4.089219330855019,0.07110319999999999,0.07833280000000001,-9.229339433800407,0.219232634057575,1100,cg-power-and-industrial-solutions,Large Cap,Jan-2025
38708,8062.0,1,Adani Power Ltd.,Power,Power,Domestic Equities,1377.0,1323.0,4.081632653061225,0.07066764,0.070046235,0.8871354755898005,0.2178896710673,1100,adani-power,Large Cap,Jan-2025
114405,5008.0,1,Bank Of Baroda,Bank,Banking,Domestic Equities,3264.0,3135.0,4.114832535885168,0.069650496,0.075412425,-7.640556579370039,0.214753509005172,1100,bank-of-baroda,Large Cap,Jan-2025
171639,5614.0,1,Havells India Ltd.,Capital Goods,Capital Goods,Domestic Equities,442.0,426.0,3.755868544600939,0.06922604,0.07135926000000001,-2.9894088027258223,0.21344478299957,1100,havells-india,Large Cap,Jan-2025
171877,6125.0,1,Cummins India Ltd.,Automobile & Ancillaries,Automobile & Ancillaries,Domestic Equities,237.0,228.0,3.9473684210526314,0.06906298500000001,0.0746472,-7.480809728965047,0.212942035202759,1100,cummins-india,Large Cap,Jan-2025
7737,15826.0,1,IDFC First Bank Ltd.,Bank,Banking,Domestic Equities,10844.0,10413.0,4.139056948045712,0.06857745600000001,0.065747682,4.303990519391999,0.211445002698155,1100,idfc-first-bank,Mid Cap,Jan-2025
114530,88033.0,1,HDFC Asset Management Company Ltd.,Finance,Finance,Domestic Equities,177.0,171.0,3.508771929824561,0.06849723,0.071803755,-4.604947192524962,0.211197641717216,1100,hdfc-asset-management-company,Mid Cap,Jan-2025
171820,5969.0,1,Colgate-Palmolive (India) Ltd.,FMCG,Fast Moving Consumer Goods,Domestic Equities,231.0,223.0,3.587443946188341,0.06517780499999999,0.059778494999999994,9.032194604430911,0.200962852195695,1100,colgate-palmolive-india,Mid Cap,Jan-2025
152308,5173.0,1,Shree Cement Ltd.,Construction Materials,Construction Materials,Domestic Equities,23.0,22.0,4.545454545454546,0.06393056999999999,0.05652724,13.09692459776914,0.197117250108324,1100,shree-cement,Mid Cap,Jan-2025
152455,7030.0,1,Yes Bank Ltd.,Bank,Banking,Domestic Equities,32990.0,31677.0,4.144963222527386,0.06343976999999999,0.062055243,2.2311201005207457,0.195603965519227,1100,yes-bank,Mid Cap,Jan-2025
171327,5699.0,1,Marico Ltd.,FMCG,Fast Moving Consumer Goods,Domestic Equities,923.0,887.0,4.058624577226606,0.06190099499999999,0.05672365,9.127312858040685,0.190859457586083,1100,marico,Mid Cap,Jan-2025
101370,86936.0,1,Tube Investments of India Ltd.,Automobile & Ancillaries,Automobile & Ancillaries,Domestic Equities,186.0,180.0,3.3333333333333335,0.06179106,0.0643725,-4.010159617849233,0.190520494787993,1100,tube-investments-of-india,Mid Cap,Jan-2025
171946,6864.0,1,Godrej Properties Ltd.,Realty,Realty,Domestic Equities,264.0,253.0,4.3478260869565215,0.06149748,0.07049845,-12.767614039741307,0.189615299006276,1100,godrej-properties,Mid Cap,Jan-2025
133599,5561.0,1,Punjab National Bank,Bank,Banking,Domestic Equities,6033.0,5783.0,4.323015735777278,0.06105396,0.059437673999999996,2.719295509444065,0.188247792932608,1100,punjab-national-bank,Large Cap,Jan-2025
152334,5218.0,1,Ambuja Cements Ltd.,Construction Materials,Construction Materials,Domestic Equities,1175.0,1127.0,4.259094942324756,0.060254,0.06038466,-0.21637945796166375,0.185781274717666,1100,ambuja-cements,Large Cap,Jan-2025
171365,5279.0,1,Hindustan Petroleum Corporation Ltd.,Crude Oil,Crude Oil,Domestic Equities,1680.0,1614.0,4.089219330855019,0.060186,0.06597225,-8.770733149164986,0.185571610186169,1100,hindustan-petroleum-corporation,Mid Cap,Jan-2025
141614,85778.0,1,AU Small Finance Bank Ltd.,Bank,Banking,Domestic Equities,981.0,943.0,4.029692470837752,0.058953195,0.05272312999999999,11.81656893283841,0.181770500145702,1100,au-small-finance-bank,Mid Cap,Jan-2025
134667,88599.0,1,Macrotech Developers Ltd.,Realty,Realty,Domestic Equities,487.0,469.0,3.8379530916844353,0.05865915,0.06516286,-9.980700662923631,0.180863870628585,1100,macrotech-developers,Large Cap,Jan-2025
152636,5140.0,1,Fortis Healthcare Ltd.,Healthcare,Healthcare,Domestic Equities,911.0,876.0,3.9954337899543377,0.05832222,0.06305886,-7.511458342253576,0.179825013708038,1100,fortis-healthcare,Mid Cap,Jan-2025
171465,6543.0,1,Aurobindo Pharma Ltd.,Healthcare,Healthcare,Domestic Equities,489.0,470.0,4.042553191489362,0.05730591,0.0627215,-8.634343885270592,0.176691423119723,1100,aurobindo-pharma,Mid Cap,Jan-2025
19255,6350.0,1,Mphasis Ltd.,IT,Information Technology,Domestic Equities,198.0,190.0,4.2105263157894735,0.05678541,0.0540968,4.969998225403356,0.175086564463194,1100,mphasis,Mid Cap,Jan-2025
152369,6790.0,1,Bharat Forge Ltd.,Automobile & Ancillaries,Automobile & Ancillaries,Domestic Equities,458.0,439.0,4.328018223234624,0.056061490000000005,0.05704805,-1.7293492065022393,0.172854500527295,1100,bharat-forge,Mid Cap,Jan-2025
599,7495.0,1,Sundaram Finance Ltd.,Finance,Finance,Domestic Equities,120.0,115.0,4.3478260869565215,0.055404,0.047652549999999995,16.26660063312457,0.170827260338858,1100,sundaram-finance,Mid Cap,Jan-2025
133614,6833.0,1,Canara Bank,Bank,Banking,Domestic Equities,5899.0,5665.0,4.130626654898499,0.055019973,0.05671798,-2.993771992585062,0.169643189147136,1100,canara-bank,Mid Cap,Jan-2025
171799,4956.0,1,Dabur India Ltd.,FMCG,Fast Moving Consumer Goods,Domestic Equities,1034.0,994.0,4.0241448692152915,0.05478649,0.0503958,8.712412542315032,0.168923290561733,1100,dabur-india,Large Cap,Jan-2025
171659,5756.0,1,Ashok Leyland Ltd.,Automobile & Ancillaries,Automobile & Ancillaries,Domestic Equities,2506.0,2407.0,4.113003739094308,0.054337598,0.05307435,2.380147849196456,0.167539220990077,1100,ashok-leyland,Mid Cap,Jan-2025
152331,7581.0,1,Torrent Pharmaceuticals Ltd.,Healthcare,Healthcare,Domestic Equities,164.0,157.0,4.45859872611465,0.05361324,0.052752784999999996,1.6311081964677316,0.165305806567931,1100,torrent-pharmaceuticals,Large Cap,Jan-2025
122,5767.0,1,The Phoenix Mills Ltd.,Realty,Realty,Domestic Equities,326.0,314.0,3.821656050955414,0.053522679999999996,0.0513076,4.317255143487497,0.165026582744809,1100,the-phoenix-mills,Mid Cap,Jan-2025
84351,88646.0,1,Adani Green Energy Ltd.,Power,Power,Domestic Equities,536.0,515.0,4.077669902912621,0.05346868,0.05359605,-0.23764811026186525,0.164860084440385,1100,adani-green-energy,Large Cap,Jan-2025
133272,5382.0,1,ABB India Ltd.,Capital Goods,Capital Goods,Domestic Equities,91.0,88.0,3.4090909090909087,0.053459315,0.060827799999999994,-12.113679929242876,0.164831209317775,1100,abb-india,Large Cap,Jan-2025
171635,7381.0,1,UPL Ltd.,Chemicals,Chemicals,Domestic Equities,885.0,851.0,3.9952996474735603,0.053431875,0.0426351,25.323676970383552,0.164746603512712,1100,upl,Mid Cap,Jan-2025
134131,90516.0,1,Polycab India Ltd.,Electricals,Electricals,Domestic Equities,88.0,84.0,4.761904761904762,0.05313396,0.06108774,-13.0202557829116,0.163828041617112,1100,polycab-india,Large Cap,Jan-2025
171942,7813.0,1,Jindal Steel & Power Ltd.,Iron & Steel,Iron & Steel,Domestic Equities,664.0,639.0,3.912363067292645,0.05255892,0.05947173,-11.62369078552112,0.162055019673114,1100,jindal-steel-power,Mid Cap,Jan-2025
152686,7802.0,1,Multi Commodity Exchange Of India Ltd.,Finance,Finance,Domestic Equities,89.0,86.0,3.488372093023256,0.051023255,0.05361326,-4.830903772686085,0.157320100808984,1100,multi-commodity-exchange-of-india,Small Cap,Jan-2025
152222,5634.0,1,Max Financial Services Ltd.,Finance,Finance,Domestic Equities,451.0,432.0,4.398148148148148,0.050320325,0.04812048,4.571535861653912,0.155152755380675,1100,max-financial-services,Mid Cap,Jan-2025
152379,5838.0,1,Voltas Ltd.,Consumer Durables,Consumer Durables,Domestic Equities,399.0,384.0,3.90625,0.050307915,0.06873408,-26.807902280789964,0.155114491603677,1100,voltas,Mid Cap,Jan-2025
152118,7308.0,1,PI Industries Ltd.,Chemicals,Chemicals,Domestic Equities,142.0,137.0,3.64963503649635,0.04946925,0.050493405,-2.028294586193966,0.152528634187388,1100,pi-industries,Mid Cap,Jan-2025
152574,8059.0,1,Torrent Power Ltd.,Power,Power,Domestic Equities,332.0,319.0,4.075235109717868,0.04858654,0.047401805,2.499345752761935,0.149806972737426,1100,torrent-power,Mid Cap,Jan-2025
587,7648.0,1,APL Apollo Tubes Ltd.,Iron & Steel,Iron & Steel,Domestic Equities,316.0,305.0,3.606557377049181,0.04770178,0.047831625,-0.271462656767376,0.147078990518499,1100,apl-apollo-tubes,Mid Cap,Jan-2025
114697,5402.0,1,JSW Energy Ltd.,Power,Power,Domestic Equities,935.0,898.0,4.120267260579064,0.0475541,0.057709970000000006,-17.598120394101745,0.146623648488919,1100,jsw-energy,Large Cap,Jan-2025
139932,15713.0,1,Adani Energy Solutions Ltd.,Power,Power,Domestic Equities,633.0,609.0,3.9408866995073892,0.047370555,0.04909758,-3.517535894844507,0.146057723835485,1100,adani-energy-solutions,Large Cap,Jan-2025
756,88308.0,1,Rail Vikas Nigam Ltd.,Infrastructure,Infrastructure,Domestic Equities,993.0,954.0,4.088050314465408,0.04729659,0.04032558,17.286818937260172,0.145829667407953,1100,rail-vikas-nigam,Large Cap,Jan-2025
58145,71025.0,1,Indian Railway Finance Corporation Ltd.,Finance,Finance,Domestic Equities,3126.0,3003.0,4.095904095904096,0.047183843999999996,0.044756712,5.422945278017739,0.145482037448127,1100,indian-railway-finance-corporation,Large Cap,Jan-2025
38931,15891.0,1,Alkem Laboratories Ltd.,Healthcare,Healthcare,Domestic Equities,93.0,89.0,4.49438202247191,0.047086365,0.05014171,-6.093420028953943,0.145181480258925,1100,alkem-laboratories,Mid Cap,Jan-2025
96004,7992.0,1,Jubilant FoodWorks Ltd.,FMCG,Fast Moving Consumer Goods,Domestic Equities,668.0,642.0,4.049844236760125,0.04702052,0.04610202,1.9923205100340502,0.144978460243096,1100,jubilant-foodworks,Mid Cap,Jan-2025
133342,5963.0,1,Bharat Heavy Electricals Ltd.,Capital Goods,Capital Goods,Domestic Equities,2249.0,2160.0,4.12037037037037,0.046799441000000004,0.0495504,-5.551840146598215,0.144296806934879,1100,bharat-heavy-electricals,Mid Cap,Jan-2025
152795,99590.0,1,One97 Communications Ltd.,IT,Information Technology,Domestic Equities,594.0,571.0,4.028021015761821,0.04607955,0.058119235,-20.715491179469243,0.142077165622472,1100,one97-communications,Mid Cap,Jan-2025
152551,7908.0,1,GMR Airports Ltd.,Infrastructure,Aviation,Domestic Equities,6275.0,6026.0,4.132094258214404,0.045600425,0.047340256,-3.6751617904220892,0.140599878583452,1100,gmr-airports,Mid Cap,Jan-2025
56674,5695.0,1,Supreme Industries Ltd.,Plastic Products,Plastic Products,Domestic Equities,113.0,109.0,3.669724770642202,0.04484744,0.051235995,-12.468880520423191,0.138278198476848,1100,supreme-industries,Mid Cap,Jan-2025
171321,7864.0,1,Page Industries Ltd.,Textile,Textile,Domestic Equities,10.0,10.0,0.0,0.04472355,0.0475144,-5.873693027797875,0.137896208200273,1100,page-industries,Mid Cap,Jan-2025
153586,8183.0,1,NHPC Ltd.,Power,Power,Domestic Equities,5537.0,5317.0,4.137671619334211,0.044600535,0.042902873,3.956989080894414,0.13751691581289,1100,nhpc,Mid Cap,Jan-2025
1152,105806.0,1,Mankind Pharma Ltd.,Healthcare,Healthcare,Domestic Equities,181.0,174.0,4.022988505747127,0.04408074,0.050118960000000004,-12.047775931503768,0.135914230884223,1100,mankind-pharma,Mid Cap,Jan-2025
114652,92620.0,1,Indian Railway Catering And Tourism Corporation Ltd.,Hospitality,Hospitality,Domestic Equities,527.0,507.0,3.9447731755424065,0.04333521,0.03989583,8.620900981380762,0.133615536793536,1100,indian-railway-catering-and-tourism-corporation,Mid Cap,Jan-2025
152374,6232.0,1,Bosch Ltd.,Automobile & Ancillaries,Automobile & Ancillaries,Domestic Equities,15.0,14.0,7.142857142857142,0.043093725,0.04774028,-9.732986484369176,0.132870965626059,1100,bosch,Large Cap,Jan-2025
113892,8292.0,1,KEI Industries Ltd.,Electricals,Electricals,Domestic Equities,107.0,103.0,3.8834951456310676,0.043052520000000004,0.045697495000000005,-5.788008730019009,0.132743918169877,1100,kei-industries,Mid Cap,Jan-2025
171839,6306.0,1,Solar Industries India Ltd.,Chemicals,Chemicals,Domestic Equities,42.0,41.0,2.4390243902439024,0.04281753,0.04011153,6.746189935911194,0.13201937304846,1100,solar-industries-india,Mid Cap,Jan-2025
171968,4931.0,1,Zydus Lifesciences Ltd.,Healthcare,Healthcare,Domestic Equities,437.0,421.0,3.800475059382423,0.042399925,0.04090857,3.645580864840787,0.130731770744406,1100,zydus-lifesciences,Large Cap,Jan-2025
77293,6578.0,1,Muthoot Finance Ltd.,Finance,Finance,Domestic Equities,187.0,181.0,3.314917127071823,0.04223956,0.038664315,9.246885661882287,0.130237317029796,1100,muthoot-finance,Mid Cap,Jan-2025
57620,82559.0,1,ICICI Prudential Life Insurance Company Ltd.,Insurance,Finance,Domestic Equities,683.0,656.0,4.115853658536586,0.0420728,0.04295816,-2.0609821277261497,0.129723145599319,1100,icici-prudential-life-insurance-company,Large Cap,Jan-2025
133642,6320.0,1,Petronet LNG Ltd.,Inds. Gases & Fuels,Industrials Gases & Fuels,Domestic Equities,1311.0,1260.0,4.0476190476190474,0.041453819999999995,0.0436212,-4.968639102087983,0.127814643368352,1100,petronet-lng,Mid Cap,Jan-2025
133317,6810.0,1,Blue Star Ltd.,Consumer Durables,Consumer Durables,Domestic Equities,227.0,219.0,3.65296803652968,0.041258385,0.046847385,-11.930228336117363,0.127212058254924,1100,blue-star,Mid Cap,Jan-2025
152616,7532.0,1,Vodafone Idea Ltd.,Telecom,Telecom,Domestic Equities,45427.0,43551.0,4.307593396248077,0.041111435,0.034579494,18.889637309325575,0.126758967035756,1100,vodafone-idea,Mid Cap,Jan-2025
77639,92991.0,1,SBI Cards And Payment Services Ltd.,Finance,Finance,Domestic Equities,524.0,504.0,3.968253968253968,0.04077768,0.033458039999999994,21.877073492649306,0.125729899598849,1100,sbi-cards-and-payment-services,Mid Cap,Jan-2025
95265,83775.0,1,Central Depository Services (India) Ltd.,Business Services,Finance,Domestic Equities,311.0,300.0,3.6666666666666665,0.04073167,0.0527595,-22.797467754622396,0.125588036876876,1100,central-depository-services-india,Small Cap,Jan-2025
191600,99819.0,1,FSN E-Commerce Ventures Ltd.,Retailing,Information Technology,Domestic Equities,2383.0,2289.0,4.106596767147226,0.04024887,0.037484664,7.3742317658229455,0.12409941870325,1100,fsn-e-commerce-ventures,Mid Cap,Jan-2025
139924,82380.0,1,Laurus Labs Ltd.,Healthcare,Healthcare,Domestic Equities,688.0,662.0,3.927492447129909,0.040182640000000006,0.03989874,0.7115512920959499,0.123895211616176,1100,laurus-labs,Small Cap,Jan-2025
123299,91366.0,1,KPIT Technologies Ltd.,IT,Information Technology,Domestic Equities,285.0,274.0,4.014598540145985,0.040162199999999995,0.04013278,0.0733066585469534,0.123832188924649,1100,kpit-technologies,Mid Cap,Jan-2025
677,6026.0,1,Oil India Ltd.,Crude Oil,Crude Oil,Domestic Equities,954.0,917.0,4.0348964013086155,0.040110929999999996,0.039499775,1.5472366614746453,0.123674108034505,1100,oil-india,Mid Cap,Jan-2025
153260,8051.0,1,Prestige Estates Projects Ltd.,Realty,Realty,Domestic Equities,295.0,284.0,3.873239436619718,0.04010525,0.048109599999999995,-16.637739661107126,0.123656594879521,1100,prestige-estates-projects,Mid Cap,Jan-2025
19275,7232.0,1,NMDC Ltd.,Mining,Mining,Domestic Equities,6047.0,5807.0,4.132942999827794,0.03997067,0.038279744,4.417286594184118,0.123241644105274,1100,nmdc,Mid Cap,Jan-2025
1427,98308.0,1,Sona BLW Precision Forgings Ltd.,Automobile & Ancillaries,Automobile & Ancillaries,Domestic Equities,784.0,753.0,4.116865869853918,0.03953712,0.04478844,-11.724721825542478,0.121904878551885,1100,sona-blw-precision-forgings,Mid Cap,Jan-2025
133608,7612.0,1,Union Bank Of India,Bank,Banking,Domestic Equities,3380.0,3247.0,4.096088697259008,0.03903562,0.039084139000000004,-0.12413987167531673,0.120358602632097,1100,union-bank-of-india,Mid Cap,Jan-2025
79,7951.0,1,Balkrishna Industries Ltd.,Automobile & Ancillaries,Automobile & Ancillaries,Domestic Equities,140.0,135.0,3.7037037037037033,0.0387975,0.03928635,-1.244325319099378,0.119624406775627,1100,balkrishna-industries,Mid Cap,Jan-2025
26837,16127.0,1,Crompton Greaves Consumer Electricals Ltd.,Consumer Durables,Consumer Durables,Domestic Equities,1127.0,1083.0,4.062788550323177,0.03870118,0.04286514,-9.71409401672315,0.119327423133366,1100,crompton-greaves-consumer-electricals,Small Cap,Jan-2025
133463,8505.0,1,Glenmark Pharmaceuticals Ltd.,Healthcare,Healthcare,Domestic Equities,263.0,254.0,3.543307086614173,0.03821916,0.04087114,-6.488637214425627,0.117841209935248,1100,glenmark-pharmaceuticals,Mid Cap,Jan-2025
152323,7533.0,1,Tata Elxsi Ltd.,IT,Information Technology,Domestic Equities,60.0,58.0,3.4482758620689653,0.038016,0.03941999,-3.5616193712885247,0.117214806314382,1100,tata-elxsi,Mid Cap,Jan-2025
75891,5355.0,1,Container Corporation Of India Ltd.,Logistics,Logistics,Domestic Equities,482.0,464.0,3.8793103448275863,0.03760082,0.0365632,2.837880710659902,0.115934681017517,1100,container-corporation-of-india,Mid Cap,Jan-2025
171698,8307.0,1,Oracle Financial Services Software Ltd.,IT,Information Technology,Domestic Equities,41.0,39.0,5.128205128205128,0.037400405,0.049878855,-25.01751493694071,0.11531674106046,1100,oracle-financial-services-software,Mid Cap,Jan-2025
133630,5815.0,1,Jindal Stainless Ltd.,Iron & Steel,Iron & Steel,Domestic Equities,570.0,549.0,3.825136612021858,0.037238099999999996,0.038386079999999996,-2.990615348063672,0.114816305740099,1100,jindal-stainless,Mid Cap,Jan-2025
153691,5278.0,1,Oberoi Realty Ltd.,Realty,Realty,Domestic Equities,205.0,198.0,3.535353535353535,0.037159325,0.045767699999999994,-18.808843354592863,0.114573418630265,1100,oberoi-realty,Mid Cap,Jan-2025
19182,5589.0,1,Coromandel International Ltd.,Chemicals,Chemicals,Domestic Equities,205.0,198.0,3.535353535353535,0.037095775,0.03722301,-0.3418181388340139,0.114377474792374,1100,coromandel-international,Mid Cap,Jan-2025
171336,8097.0,1,JK Cement Ltd.,Construction Materials,Construction Materials,Domestic Equities,73.0,70.0,4.285714285714286,0.035294405,0.032167799999999996,9.719673089238313,0.10882330718793,1100,jk-cement,Mid Cap,Jan-2025
152296,7356.0,1,Patanjali Foods Ltd.,FMCG,Fast Moving Consumer Goods,Domestic Equities,192.0,184.0,4.3478260869565215,0.03503232,0.03278788,6.845334312556959,0.108015220000617,1100,patanjali-foods,Mid Cap,Jan-2025
152608,7159.0,1,Indian Bank,Bank,Banking,Domestic Equities,618.0,594.0,4.040404040404041,0.03434535,0.03147903,9.105490226350685,0.105897084071172,1100,indian-bank,Mid Cap,Jan-2025
135555,92715.0,1,360 One Wam Ltd.,Finance,Finance,Domestic Equities,340.0,327.0,3.9755351681957185,0.034263499999999995,0.04103196,-16.49558051821068,0.105644715807892,1100,360-one-wam,Mid Cap,Jan-2025
352,7184.0,1,Ipca Laboratories Ltd.,Healthcare,Healthcare,Domestic Equities,237.0,229.0,3.4934497816593884,0.03420621,0.03882008,-11.885266593989495,0.105468073440106,1100,ipca-laboratories,Mid Cap,Jan-2025
152238,8313.0,1,MRF Ltd.,Automobile & Ancillaries,Automobile & Ancillaries,Domestic Equities,3.0,3.0,0.0,0.03408975,0.039190455,-13.015171678920295,0.105108992096899,1100,mrf,Mid Cap,Jan-2025
171444,98250.0,1,Kalyan Jewellers India Ltd.,Diamond  &  Jewellery,Diamond & Jewellery,Domestic Equities,671.0,643.0,4.354587869362364,0.03375801,0.049269875,-31.483467331711314,0.104086137513388,1100,kalyan-jewellers-india,Mid Cap,Jan-2025
171509,5522.0,1,Tata Communications Ltd.,Telecom,Telecom,Domestic Equities,205.0,198.0,3.535353535353535,0.0334765,0.03372732,-0.7436701166887932,0.103218157186011,1100,tata-communications,Mid Cap,Jan-2025
58155,95800.0,1,Life Insurance Corporation of India,Insurance,Finance,Domestic Equities,388.0,373.0,4.021447721179625,0.03280346,0.0332716,-1.4070258118034573,0.101142971652504,1100,life-insurance-corporation-of-india,Large Cap,Jan-2025
543,5039.0,1,Karur Vysya Bank Ltd.,Bank,Banking,Domestic Equities,1375.0,1321.0,4.08781226343679,0.03275525,0.028682873,14.197939655487094,0.100994325666276,1100,karur-vysya-bank,Small Cap,Jan-2025
171434,4916.0,1,Astral Ltd.,Plastic Products,Plastic Products,Domestic Equities,216.0,208.0,3.8461538461538463,0.032557680000000006,0.0343668,-5.264150284576967,0.10038515770322,1100,astral,Mid Cap,Jan-2025
151967,5716.0,1,GE Vernova T&D India Ltd.,Capital Goods,Capital Goods,Domestic Equities,179.0,171.0,4.678362573099415,0.031996250000000004,0.035497890000000004,-9.864360952158,0.0986540994985413,1100,ge-vernova-td-india,Mid Cap,Jan-2025
133439,5473.0,1,National Aluminium Company Ltd.,Non - Ferrous Metals,Non - Ferrous Metals,Domestic Equities,1569.0,1507.0,4.11413404114134,0.031731456,0.03190319,-0.5382972674519487,0.0978376596462893,1100,national-aluminium-company,Mid Cap,Jan-2025
152207,5372.0,1,LIC Housing Finance Ltd.,Finance,Finance,Domestic Equities,526.0,506.0,3.9525691699604746,0.03146006,0.030261330000000003,3.961260129677039,0.0970008638346706,1100,lic-housing-finance,Mid Cap,Jan-2025
97125,90518.0,1,Adani Total Gas Ltd.,Gas Transmission,Gas Transmission,Domestic Equities,485.0,466.0,4.07725321888412,0.03119035,0.03546493,-12.05297740613051,0.0961692664701121,1100,adani-total-gas,Mid Cap,Jan-2025
57412,93539.0,1,Computer Age Management Services Ltd.,Business Services,Finance,Domestic Equities,83.0,80.0,3.75,0.029909050000000003,0.0406032,-26.338195019111787,0.0922186317023665,1100,computer-age-management-services,Small Cap,Jan-2025
171886,6139.0,1,Exide Industries Ltd.,Automobile & Ancillaries,Automobile & Ancillaries,Domestic Equities,796.0,765.0,4.052287581699346,0.0298102,0.031866075,-6.4516103724729215,0.0919138473062129,1100,exide-industries,Mid Cap,Jan-2025
133623,8531.0,1,Radico Khaitan Ltd.,Alcohol,Alcohol,Domestic Equities,136.0,132.0,3.0303030303030303,0.029626239999999998,0.03439788,-13.871901407877466,0.0913466430824757,1100,radico-khaitan,Small Cap,Jan-2025
171840,6541.0,1,UNO Minda Ltd.,Automobile & Ancillaries,Automobile & Ancillaries,Domestic Equities,312.0,301.0,3.6544850498338874,0.02950272,0.031701320000000005,-6.935357896768972,0.0909657936276158,1100,uno-minda,Mid Cap,Jan-2025
152519,8782.0,1,Mahindra & Mahindra Financial Services Ltd.,Finance,Finance,Domestic Equities,1035.0,995.0,4.0201005025125625,0.029492325,0.026362524999999998,11.872155645181941,0.0909337427040142,1100,mahindra-mahindra-financial-services,Mid Cap,Jan-2025
46521,101004.0,1,Delhivery Ltd.,Logistics,Logistics,Domestic Equities,891.0,855.0,4.2105263157894735,0.028605554999999998,0.029595825,-3.3459786980089246,0.0881995630482008,1100,delhivery,Small Cap,Jan-2025
133643,6434.0,1,Biocon Ltd.,Healthcare,Healthcare,Domestic Equities,787.0,757.0,3.963011889035667,0.028532685,0.027656995000000004,3.1662514311478804,0.0879748828362866,1100,biocon,Mid Cap,Jan-2025
617,7969.0,1,Brigade Enterprises Ltd.,Realty,Realty,Domestic Equities,241.0,233.0,3.4334763948497855,0.028222305,0.0289619,-2.553682596790955,0.0870178875820816,1100,brigade-enterprises,Small Cap,Jan-2025
171333,7587.0,1,United Breweries Ltd.,Alcohol,Alcohol,Domestic Equities,131.0,127.0,3.149606299212598,0.028112599999999998,0.0258699,8.669148315223474,0.0866796339434368,1100,united-breweries,Mid Cap,Jan-2025
19183,6082.0,1,Deepak Nitrite Ltd.,Chemicals,Chemicals,Domestic Equities,120.0,116.0,3.4482758620689653,0.0279072,0.02893388,-3.548366136861008,0.0860463237262395,1100,deepak-nitrite,Mid Cap,Jan-2025
133351,5368.0,1,Steel Authority Of India Ltd.,Iron & Steel,Iron & Steel,Domestic Equities,2529.0,2429.0,4.116920543433512,0.027169047,0.027479277,-1.1289598339868914,0.0837703751539178,1100,steel-authority-of-india,Mid Cap,Jan-2025
152397,5267.0,1,Tata Chemicals Ltd.,Chemicals,Chemicals,Domestic Equities,274.0,264.0,3.787878787878788,0.02701914,0.027778079999999997,-2.732154274161494,0.0833081666109315,1100,tata-chemicals,Small Cap,Jan-2025
134830,88309.0,1,Mazagon Dock Shipbuilders Ltd.,Ship Building,Ship Building,Domestic Equities,107.0,102.0,4.901960784313726,0.026733950000000003,0.022723559999999997,17.648599075144933,0.0824288397324383,1100,mazagon-dock-shipbuilders,Mid Cap,Jan-2025
225180,112809.0,1,ITC Hotels Ltd.,Hospitality,Hospitality,Domestic Equities,1629.0,,,0.026544555,,,0.081844877762691,1100,itc-hotels,,Jan-2025
75659,6055.0,1,Lloyds Metals & Energy Ltd.,Iron & Steel,Iron & Steel,Domestic Equities,212.0,204.0,3.9215686274509802,0.026268919999999998,0.025129739999999998,4.533194533648179,0.0809950118341749,1100,lloyds-metals-energy,Mid Cap,Jan-2025
44430,82482.0,1,L&T Technology Services Ltd.,IT,Information Technology,Domestic Equities,48.0,46.0,4.3478260869565215,0.02615688,0.02179204,20.029515364325697,0.0806495586855148,1100,lt-technology-services,Mid Cap,Jan-2025
58504,98271.0,1,Krishna Institute of Medical Sciences Ltd,Healthcare,Healthcare,Domestic Equities,429.0,413.0,3.87409200968523,0.02613468,0.024697399999999998,5.819559953679347,0.080581109382585,1100,krishna-institute-of-medical-sciences,Small Cap,Jan-2025
171404,5514.0,1,Cholamandalam Financial Holdings Ltd.,Finance,Finance,Domestic Equities,171.0,166.0,3.0120481927710845,0.025971479999999998,0.023220909999999997,11.845229149072965,0.080077914506993,1100,cholamandalam-financial-holdings,Small Cap,Jan-2025
47051,90577.0,1,Dalmia Bharat Ltd.,Construction Materials,Construction Materials,Domestic Equities,139.0,135.0,2.9629629629629632,0.025942265,0.023857875,8.736695954690004,0.0799878358409978,1100,dalmia-bharat,Mid Cap,Jan-2025
152325,5528.0,1,Thermax Ltd.,Capital Goods,Capital Goods,Domestic Equities,67.0,65.0,3.076923076923077,0.02588612,0.026258374999999997,-1.4176619840336622,0.079814723853926,1100,thermax,Mid Cap,Jan-2025
26622,79332.0,1,Five-Star Business Finance Ltd.,Finance,Finance,Domestic Equities,326.0,312.0,4.487179487179487,0.02573118,0.02414256,6.580163826868405,0.0793369970523069,1100,five-star-business-finance,Small Cap,Jan-2025
171565,6678.0,1,Apollo Tyres Ltd.,Automobile & Ancillaries,Automobile & Ancillaries,Domestic Equities,582.0,560.0,3.9285714285714284,0.02545086,0.029646400000000003,-14.151937503373096,0.0784726858542312,1100,apollo-tyres,Small Cap,Jan-2025
173672,92657.0,1,Gujarat Fluorochemicals Ltd.,Chemicals,Chemicals,Domestic Equities,71.0,69.0,2.898550724637681,0.025400605,0.02874264,-11.627446191442402,0.0783177345155493,1100,gujarat-fluorochemicals,Mid Cap,Jan-2025
133627,5088.0,1,Navin Fluorine International Ltd.,Chemicals,Chemicals,Domestic Equities,61.0,58.0,5.172413793103448,0.02530707,0.018825639999999998,34.42873655291401,0.0780293378691737,1100,navin-fluorine-international,Small Cap,Jan-2025
201928,105635.0,1,Piramal Pharma Ltd.,Healthcare,Healthcare,Domestic Equities,1078.0,1036.0,4.054054054054054,0.02510662,0.0275835,-8.979571120416194,0.0774112899965485,1100,piramal-pharma,Small Cap,Jan-2025
133635,5732.0,1,Indraprastha Gas Ltd.,Gas Transmission,Gas Transmission,Domestic Equities,1226.0,590.0,107.79661016949153,0.02474068,0.024523350000000003,0.8862166058062939,0.076282986486903,1100,indraprastha-gas,Mid Cap,Jan-2025
152486,5772.0,1,AIA Engineering Ltd.,Automobile & Ancillaries,Automobile & Ancillaries,Domestic Equities,67.0,66.0,1.5151515151515151,0.02466002,0.02245749,9.807551957053082,0.0760342873529247,1100,aia-engineering,Mid Cap,Jan-2025
19098,6973.0,1,Schaeffler India Ltd.,Automobile & Ancillaries,Automobile & Ancillaries,Domestic Equities,70.0,68.0,2.941176470588235,0.0239806,0.02315944,3.545681588155848,0.0739394303530795,1100,schaeffler-india,Mid Cap,Jan-2025
114414,5238.0,1,Bank Of India,Bank,Banking,Domestic Equities,2126.0,2042.0,4.113614103819784,0.023921752,0.02080798,14.96431657469874,0.0737579842008807,1100,bank-of-india,Mid Cap,Jan-2025
152324,4941.0,1,ACC Ltd.,Construction Materials,Construction Materials,Domestic Equities,119.0,115.0,3.4782608695652173,0.023891035,0.02360375,1.21711592437643,0.0736632744153809,1100,acc,Mid Cap,Jan-2025
114654,92672.0,1,Indian Renewable Energy Development Agency Ltd.,Finance,Finance,Domestic Equities,1178.0,1132.0,4.063604240282685,0.023808558,0.0243663,-2.2889893007965965,0.073408972921789,1100,indian-renewable-energy-development-agency,Mid Cap,Jan-2025
38741,90008.0,1,Angel One Ltd.,Finance,Finance,Domestic Equities,101.0,97.0,4.123711340206185,0.02369561,0.028437005,-16.673327588471434,0.073060720134973,1100,angel-one,Small Cap,Jan-2025
19805,15724.0,1,Syngene International Ltd.,Business Services,Healthcare,Domestic Equities,316.0,304.0,3.9473684210526314,0.02359414,0.02609688,-9.590188558938834,0.0727478574877529,1100,syngene-international,Mid Cap,Jan-2025
152367,6359.0,1,Abbott India Ltd.,Healthcare,Healthcare,Domestic Equities,9.0,8.0,12.5,0.02355597,0.0237928,-0.9953851585353602,0.0726301678529407,1100,abbott-india,Mid Cap,Jan-2025
171433,6783.0,1,Berger Paints India Ltd.,Chemicals,Chemicals,Domestic Equities,498.0,479.0,3.966597077244259,0.02354295,0.021485544999999998,9.575763612233253,0.0725900232617629,1100,berger-paints-india,Mid Cap,Jan-2025
133407,5997.0,1,Hindustan Zinc Ltd.,Non - Ferrous Metals,Non - Ferrous Metals,Domestic Equities,521.0,501.0,3.992015968063872,0.023452815000000002,0.0222444,5.432445918972867,0.0723121098419621,1100,hindustan-zinc,Large Cap,Jan-2025
178941,94376.0,1,Cohance Lifesciences Ltd.,Healthcare,Healthcare,Domestic Equities,222.0,214.0,3.7383177570093453,0.02341545,0.02436925,-3.9139489315428264,0.0721969022652066,1100,cohance-lifesciences,Small Cap,Jan-2025
171410,5631.0,1,Procter & Gamble Hygiene and Health Care Ltd.,FMCG,Fast Moving Consumer Goods,Domestic Equities,16.0,16.0,0.0,0.02320096,0.023542399999999998,-1.4503194236781278,0.0715355648334313,1100,procter-gamble-hygiene-and-health-care,Mid Cap,Jan-2025
177212,94646.0,1,Hitachi Energy India Ltd.,Capital Goods,Capital Goods,Domestic Equities,18.0,17.0,5.88235294117647,0.02315439,0.02450074,-5.495140146787397,0.0713919754623754,1100,hitachi-energy-india,Mid Cap,Jan-2025
171646,5397.0,1,Carborundum Universal Ltd.,Abrasives,Abrasives,Domestic Equities,195.0,188.0,3.723404255319149,0.02314065,0.02405742,-3.8107577620542945,0.0713496108938053,1100,carborundum-universal,Small Cap,Jan-2025
58595,86782.0,1,Indian Energy Exchange Ltd.,Power,Power,Domestic Equities,1325.0,1274.0,4.003139717425432,0.0231345,0.023158772,-0.10480693881351195,0.0713306485869126,1100,indian-energy-exchange,Small Cap,Jan-2025
133333,4917.0,1,CRISIL Ltd.,Ratings,Ratings,Domestic Equities,42.0,41.0,2.4390243902439024,0.022819859999999997,0.02727771,-16.342464231784863,0.0703605184664697,1100,crisil,Mid Cap,Jan-2025
134823,84770.0,1,Cochin Shipyard Ltd.,Ship Building,Ship Building,Domestic Equities,148.0,141.0,4.964539007092199,0.02267804,0.021696375,4.524557673804958,0.0699232445862218,1100,cochin-shipyard,Mid Cap,Jan-2025
152079,6815.0,1,Linde India Ltd.,Inds. Gases & Fuels,Industrials Gases & Fuels,Domestic Equities,36.0,35.0,2.857142857142857,0.02256426,0.020986175,7.5196409064538825,0.0695724264921969,1100,linde-india,Mid Cap,Jan-2025
153885,104233.0,1,Kaynes Technology India Ltd.,Electricals,Electricals,Domestic Equities,47.0,45.0,4.444444444444445,0.022524045,0.03337785,-32.517987228056924,0.0694484315049301,1100,kaynes-technology-india,Mid Cap,Jan-2025
79346,86555.0,1,Aditya Birla Capital Ltd.,Finance,Finance,Domestic Equities,1245.0,1196.0,4.096989966555184,0.022334055,0.021267272,5.016078225735769,0.0688626349705323,1100,aditya-birla-capital,Mid Cap,Jan-2025
57541,86814.0,1,General Insurance Corporation of India,Insurance,Finance,Domestic Equities,541.0,520.0,4.038461538461538,0.022259445000000003,0.023100999999999997,-3.6429375351716207,0.0686325898132533,1100,general-insurance-corporation-of-india,Mid Cap,Jan-2025
133275,8322.0,1,Amara Raja Energy & Mobility Ltd.,Automobile & Ancillaries,Automobile & Ancillaries,Domestic Equities,214.0,206.0,3.8834951456310676,0.022141510000000003,0.024718969999999996,-10.427052583501643,0.0682689605996936,1100,amara-raja-energy-mobility,Small Cap,Jan-2025
37877,7189.0,1,JB Chemicals & Pharmaceuticals Ltd.,Healthcare,Healthcare,Domestic Equities,125.0,120.0,4.166666666666666,0.02204875,0.022129799999999998,-0.36624822637348864,0.0679829535123166,1100,jb-chemicals-pharmaceuticals,Small Cap,Jan-2025
83342,79963.0,1,Bandhan Bank Ltd.,Bank,Banking,Domestic Equities,1455.0,1398.0,4.07725321888412,0.02202579,0.022236587999999998,-0.9479781700321953,0.0679121608999172,1100,bandhan-bank,Small Cap,Jan-2025
198435,104143.0,1,KFin Technologies Ltd.,Business Services,Finance,Domestic Equities,201.0,194.0,3.608247422680412,0.021914025,0.02982265,-26.518853958316914,0.0675675556592888,1100,kfin-technologies,Small Cap,Jan-2025
114451,6891.0,1,City Union Bank Ltd.,Bank,Banking,Domestic Equities,1261.0,1212.0,4.042904290429043,0.021906092,0.020886396,4.8821060368672455,0.0675430958250482,1100,city-union-bank,Small Cap,Jan-2025
133445,6416.0,1,Apar Industries Ltd.,Capital Goods,Capital Goods,Domestic Equities,29.0,28.0,3.571428571428571,0.021726654999999997,0.02888928,-24.793366259041417,0.0669898373759575,1100,apar-industries,Mid Cap,Jan-2025
96732,87407.0,1,Amber Enterprises India Ltd.,Consumer Durables,Consumer Durables,Domestic Equities,33.0,31.0,6.451612903225806,0.02145594,0.022901405,-6.311686990383347,0.0661551412929556,1100,amber-enterprises-india,Small Cap,Jan-2025
152599,8349.0,1,Redington Ltd.,Trading,Trading,Domestic Equities,1040.0,999.0,4.1041041041041035,0.02144792,0.019986992999999998,7.309388660915619,0.0661304132114467,1100,redington,Small Cap,Jan-2025
114433,5462.0,1,Cyient Ltd.,IT,Information Technology,Domestic Equities,147.0,142.0,3.5211267605633805,0.021380415,0.026090369999999998,-18.052465334910924,0.0659222749144073,1100,cyient,Small Cap,Jan-2025
171470,5477.0,1,Piramal Enterprises Ltd.,Finance,Finance,Domestic Equities,208.0,201.0,3.482587064676617,0.02128048,0.02220447,-4.1612792379192065,0.0656141451356555,1100,piramal-enterprises,Small Cap,Jan-2025
97743,96921.0,1,Gland Pharma Ltd.,Healthcare,Healthcare,Domestic Equities,139.0,134.0,3.731343283582089,0.021194025000000002,0.023843290000000003,-11.111155381660838,0.065347578266971,1100,gland-pharma,Small Cap,Jan-2025
171580,109023.0,1,Tata Technologies Ltd.,IT,Information Technology,Domestic Equities,269.0,258.0,4.263565891472868,0.02118644,0.02299683,-7.872345884193592,0.0653241914218033,1100,tata-technologies,Mid Cap,Jan-2025
371,7979.0,1,Neuland Laboratories Ltd.,Healthcare,Healthcare,Domestic Equities,15.0,14.0,7.142857142857142,0.021185025,0.01921332,10.262177489366747,0.065319828549567,1100,neuland-laboratories,Small Cap,Jan-2025
152370,5063.0,1,Escorts Kubota Ltd.,Automobile & Ancillaries,Automobile & Ancillaries,Domestic Equities,58.0,56.0,3.571428571428571,0.02101601,0.01866228,12.612231731599785,0.0647987042732301,1100,escorts-kubota,Mid Cap,Jan-2025
57781,87827.0,1,Bharat Dynamics Ltd.,Capital Goods,Capital Goods,Domestic Equities,161.0,155.0,3.870967741935484,0.021010499999999998,0.017404175,20.721033889856884,0.064781715279575,1100,bharat-dynamics,Mid Cap,Jan-2025
171520,5812.0,1,Kalpataru Projects International Ltd.,Infrastructure,Infrastructure,Domestic Equities,198.0,190.0,4.2105263157894735,0.02096127,0.0246468,-14.95338137202395,0.0646299243253753,1100,kalpataru-projects-international,Small Cap,Jan-2025
58272,82478.0,1,PNB Housing Finance Ltd.,Finance,Finance,Domestic Equities,237.0,227.0,4.405286343612335,0.02081334,0.01992379,4.464762979332754,0.064173811470312,1100,pnb-housing-finance,Small Cap,Jan-2025
133403,4970.0,1,Himadri Speciality Chemical Ltd.,Chemicals,Chemicals,Domestic Equities,416.0,400.0,4.0,0.02053792,0.023388,-12.186078330767911,0.0633246084517117,1100,himadri-speciality-chemical,Small Cap,Jan-2025
1704,6920.0,1,L&T Finance Ltd.,Finance,Finance,Domestic Equities,1408.0,1353.0,4.0650406504065035,0.020482176,0.018350739,11.614992725906028,0.0631527328687154,1100,lt-finance,Mid Cap,Jan-2025
133466,5090.0,1,Wockhardt Ltd.,Healthcare,Healthcare,Domestic Equities,144.0,139.0,3.597122302158273,0.02040336,0.019694215,3.6007781980647615,0.062909719343503,1100,wockhardt,Small Cap,Jan-2025
95549,7450.0,1,Aditya Birla Fashion and Retail Ltd.,Retailing,Retailing,Domestic Equities,745.0,673.0,10.698365527488855,0.020401825,0.018840634999999998,8.286291836766644,0.0629049864750346,1100,aditya-birla-fashion-and-retail,Mid Cap,Jan-2025
171802,6070.0,1,Elgi Equipments Ltd.,Capital Goods,Capital Goods,Domestic Equities,377.0,363.0,3.8567493112947657,0.02039193,0.02104674,-3.111218174406113,0.0628744772023999,1100,elgi-equipments,Small Cap,Jan-2025
171752,6261.0,1,The Ramco Cements Ltd.,Construction Materials,Construction Materials,Domestic Equities,222.0,214.0,3.7383177570093453,0.020368499999999998,0.02066491,-1.434363856411678,0.0628022354380916,1100,the-ramco-cements,Small Cap,Jan-2025
171948,7104.0,1,Emami Ltd.,FMCG,Fast Moving Consumer Goods,Domestic Equities,345.0,332.0,3.91566265060241,0.020342924999999998,0.0199449,1.9956229412030013,0.0627233799911353,1100,emami,Small Cap,Jan-2025
115032,83788.0,1,Housing & Urban Development Corporation Ltd.,Finance,Finance,Domestic Equities,878.0,844.0,4.028436018957346,0.02016766,0.019809524000000002,1.8078980595394416,0.0621829850777123,1100,housing-urban-development-corporation,Mid Cap,Jan-2025
152318,6472.0,1,Sundram Fasteners Ltd.,Automobile & Ancillaries,Automobile & Ancillaries,Domestic Equities,193.0,185.0,4.324324324324325,0.020153059999999997,0.0195952,2.8469216951090006,0.0621379688694791,1100,sundram-fasteners,Small Cap,Jan-2025
645,8087.0,1,IRB Infrastructure Developers Ltd.,Infrastructure,Infrastructure,Domestic Equities,3471.0,3334.0,4.109178164367126,0.019895772,0.019083816,4.254683654464078,0.0613446722815421,1100,irb-infrastructure-developers,Mid Cap,Jan-2025
133495,5019.0,1,Ajanta Pharma Ltd.,Healthcare,Healthcare,Domestic Equities,73.0,71.0,2.8169014084507045,0.019669485,0.02081862,-5.519746265602624,0.060646961136854,1100,ajanta-pharma,Mid Cap,Jan-2025
171359,5112.0,1,Aditya Birla Real Estate Ltd.,Diversified,Paper,Domestic Equities,91.0,88.0,3.4090909090909087,0.019595485,0.02207612,-11.236734534872985,0.0604187967937547,1100,aditya-birla-real-estate,Small Cap,Jan-2025
77309,15532.0,1,Inox Wind Ltd.,Capital Goods,Capital Goods,Domestic Equities,1162.0,1114.0,4.308797127468582,0.019590158,0.020165628,-2.8537172261632526,0.0604023720443534,1100,inox-wind,Small Cap,Jan-2025
96614,6762.0,1,PG Electroplast Ltd.,Consumer Durables,Consumer Durables,Domestic Equities,249.0,239.0,4.184100418410042,0.01948425,0.023436340000000003,-16.86308527696731,0.0600758257031512,1100,pg-electroplast,Small Cap,Jan-2025
152513,6479.0,1,KEC International Ltd.,Infrastructure,Infrastructure,Domestic Equities,227.0,217.0,4.6082949308755765,0.01908616,0.02601396,-26.631085770870712,0.0588483940363348,1100,kec-international,Small Cap,Jan-2025
20865,87606.0,1,Aster DM Healthcare Ltd.,Healthcare,Healthcare,Domestic Equities,383.0,367.0,4.35967302452316,0.018826365,0.018861965,-0.1887396143508912,0.0580473676104498,1100,aster-dm-healthcare,Small Cap,Jan-2025
75798,7006.0,1,Manappuram Finance Ltd.,Finance,Finance,Domestic Equities,960.0,920.0,4.3478260869565215,0.01881888,0.0173374,8.544995212661641,0.0580242890954755,1100,manappuram-finance,Small Cap,Jan-2025
171576,15890.0,1,Dr. Lal Pathlabs Ltd.,Healthcare,Healthcare,Domestic Equities,65.0,62.0,4.838709677419355,0.018544825,0.018602479999999998,-0.3099317940403574,0.0571792947840149,1100,dr-lal-pathlabs,Small Cap,Jan-2025
171771,7580.0,1,Firstsource Solutions Ltd.,IT,Information Technology,Domestic Equities,552.0,531.0,3.954802259887006,0.01850028,0.0199656,-7.339223464358692,0.0570419490993749,1100,firstsource-solutions,Small Cap,Jan-2025
453,8676.0,1,Natco Pharma Ltd.,Healthcare,Healthcare,Domestic Equities,156.0,151.0,3.3112582781456954,0.018312059999999998,0.020948229999999998,-12.584213558854376,0.0564616100093998,1100,natco-pharma,Small Cap,Jan-2025
152719,5290.0,1,NBCC (India) Ltd.,Realty,Realty,Domestic Equities,1811.0,1740.0,4.080459770114943,0.018079213,0.016173299999999998,11.784317362566709,0.0557436724040261,1100,nbcc-india,Small Cap,Jan-2025
152241,8254.0,1,NCC Ltd.,Infrastructure,Infrastructure,Domestic Equities,714.0,687.0,3.9301310043668125,0.01801422,0.01881693,-4.265892470238236,0.0555432793614443,1100,ncc,Small Cap,Jan-2025
133437,6005.0,1,Sonata Software Ltd.,IT,Information Technology,Domestic Equities,340.0,328.0,3.6585365853658534,0.017986,0.01966032,-8.516239817052826,0.0554562685808732,1100,sonata-software,Small Cap,Jan-2025
76174,111823.0,1,Bharti Hexacom Ltd.,Telecom,Telecom,Domestic Equities,131.0,126.0,3.968253968253968,0.017749189999999998,0.01835694,-3.3107369746809665,0.054726111849936,1100,bharti-hexacom,Mid Cap,Jan-2025
797,86851.0,1,Nippon Life India Asset Management Ltd.,Finance,Finance,Domestic Equities,304.0,292.0,4.10958904109589,0.017747520000000003,0.0212284,-16.397279116655046,0.0547209627357066,1100,nippon-life-india-asset-management,Mid Cap,Jan-2025
133170,6243.0,1,Timken India Ltd.,Automobile & Ancillaries,Automobile & Ancillaries,Domestic Equities,62.0,60.0,3.3333333333333335,0.01771836,0.018730800000000002,-5.405214940098666,0.0546310536513177,1100,timken-india,Small Cap,Jan-2025
171687,7000.0,1,Zensar Technologies Ltd.,IT,Information Technology,Domestic Equities,200.0,193.0,3.6269430051813467,0.0174,0.014506844999999999,19.943378453412862,0.0536494536476811,1100,zensar-technologies,Small Cap,Jan-2025
152503,5921.0,1,Gujarat State Petronet Ltd.,Gas Transmission,Gas Transmission,Domestic Equities,503.0,484.0,3.925619834710744,0.01738871,0.01751596,-0.7264803071027723,0.0536146431688488,1100,gujarat-state-petronet,Small Cap,Jan-2025
152206,6006.0,1,LMW Ltd.,Textile,Textile,Domestic Equities,11.0,11.0,0.0,0.017218024999999998,0.019441234999999998,-11.43553894595688,0.0530883697782825,1100,lmw,Small Cap,Jan-2025
787,70906.0,1,RBL Bank Ltd.,Bank,Banking,Domestic Equities,1041.0,1001.0,3.996003996003996,0.017152557,0.0158158,8.452035306465683,0.0528865121672821,1100,rbl-bank,Small Cap,Jan-2025
139601,89162.0,1,Aavas Financiers Ltd.,Finance,Finance,Domestic Equities,100.0,96.0,4.166666666666666,0.017128,0.01612368,6.228850981909841,0.0528107955216944,1100,aavas-financiers,Small Cap,Jan-2025
19065,5958.0,1,Zee Entertainment Enterprises Ltd.,Media & Entertainment,Media & Entertainment,Domestic Equities,1617.0,1553.0,4.12105602060528,0.017073902999999998,0.018836337,-9.35656438935023,0.052643998136983,1100,zee-entertainment-enterprises,Small Cap,Jan-2025
152380,4958.0,1,The Great Eastern Shipping Company Ltd.,Logistics,Logistics,Domestic Equities,173.0,167.0,3.592814371257485,0.017023200000000002,0.0160654,5.961880812180212,0.0524876654790348,1100,the-great-eastern-shipping-company,Small Cap,Jan-2025
133287,5307.0,1,Atul Ltd.,Chemicals,Chemicals,Domestic Equities,27.0,26.0,3.8461538461538463,0.01697139,0.01809587,-6.214014579017206,0.0523279196058459,1100,atul,Small Cap,Jan-2025
114411,5677.0,1,Welspun Corp Ltd.,Iron & Steel,Iron & Steel,Domestic Equities,228.0,220.0,3.6363636363636362,0.016917599999999998,0.0179036,-5.50727228043522,0.0521620687948282,1100,welspun-corp,Small Cap,Jan-2025
20668,5513.0,1,Sammaan Capital Ltd.,Finance,Finance,Domestic Equities,1200.0,1150.0,4.3478260869565215,0.016884,0.01737305,-2.8149921861734235,0.0520584698498534,1100,sammaan-capital,Small Cap,Jan-2025
196533,104025.0,1,Motherson Sumi Wiring India Ltd.,Iron & Steel,Iron & Steel,Domestic Equities,2967.0,2849.0,4.141804141804141,0.016653770999999998,0.016592576,0.3688095205952248,0.0513486043289423,1100,motherson-sumi-wiring-india,Small Cap,Jan-2025
58178,99657.0,1,Star Health and Allied Insurance Company Ltd.,Insurance,Finance,Domestic Equities,384.0,368.0,4.3478260869565215,0.0166368,0.01747816,-4.813779024794371,0.0512962776118242,1100,star-health-and-allied-insurance-company,Small Cap,Jan-2025
154545,89466.0,1,Affle 3i Ltd.,IT,Information Technology,Domestic Equities,110.0,106.0,3.7735849056603774,0.01658745,0.01890245,-12.247089662980198,0.0511441166613924,1100,affle-3i,Small Cap,Jan-2025
171485,6291.0,1,Motilal Oswal Financial Services Ltd.,Finance,Finance,Domestic Equities,258.0,247.0,4.4534412955465585,0.01643847,0.02355886,-30.223830864481556,0.0506847663392987,1100,motilal-oswal-financial-services,Mid Cap,Jan-2025
96304,15914.0,1,Narayana Hrudayalaya Ltd.,Healthcare,Healthcare,Domestic Equities,118.0,114.0,3.508771929824561,0.01636837,0.01450992,12.808134021414316,0.0504686268737411,1100,narayana-hrudayalaya,Small Cap,Jan-2025
509,8487.0,1,K.P.R. Mill Ltd.,Textile,Textile,Domestic Equities,175.0,168.0,4.166666666666666,0.01631,0.016702559999999998,-2.3502983973714184,0.0502886545398666,1100,kpr-mill,Small Cap,Jan-2025
152363,7424.0,1,SKF India Ltd.,Automobile & Ancillaries,Automobile & Ancillaries,Domestic Equities,40.0,39.0,2.564102564102564,0.0161754,0.01746537,-7.385872729864872,0.0498736420995805,1100,skf-india,Small Cap,Jan-2025
171371,111171.0,1,Jyoti CNC Automation Ltd.,Capital Goods,Capital Goods,Domestic Equities,149.0,142.0,4.929577464788732,0.016029420000000003,0.019178519999999998,-16.419932299259788,0.0494235416832881,1100,jyoti-cnc-automation,Small Cap,Jan-2025
171810,7890.0,1,Aarti Industries Ltd.,Chemicals,Chemicals,Domestic Equities,356.0,341.0,4.398826979472141,0.01583132,0.013982705,13.22072517442083,0.0488127395702073,1100,aarti-industries,Small Cap,Jan-2025
171405,6966.0,1,Poonawalla Fincorp Ltd.,Finance,Finance,Domestic Equities,510.0,489.0,4.294478527607362,0.0158304,0.015371715,2.983954620548201,0.0488099029324283,1100,poonawalla-fincorp,Small Cap,Jan-2025
133327,6870.0,1,CESC Ltd.,Power,Power,Domestic Equities,1103.0,1060.0,4.056603773584905,0.015770694000000002,0.01970858,-19.980566839417143,0.0486258113071703,1100,cesc,Small Cap,Jan-2025
133402,7102.0,1,HFCL Ltd.,Telecom,Telecom,Domestic Equities,1605.0,1538.0,4.356306892067621,0.015733814999999998,0.017322494,-9.171190938210165,0.0485121022151546,1100,hfcl,Small Cap,Jan-2025
19128,7053.0,1,Grindwell Norton Ltd.,Abrasives,Abrasives,Domestic Equities,80.0,78.0,2.564102564102564,0.0154196,0.014975220000000001,2.967435536840192,0.0475432824980336,1100,grindwell-norton,Small Cap,Jan-2025
95205,5743.0,1,Poly Medicure Ltd.,Healthcare,Healthcare,Domestic Equities,66.0,64.0,3.125,0.015378000000000001,0.0167376,-8.123028391167185,0.0474150171375885,1100,poly-medicure,Small Cap,Jan-2025
171697,5757.0,1,Aegis Logistics Ltd.,Logistics,Logistics,Domestic Equities,219.0,212.0,3.30188679245283,0.015339855,0.017384,-11.758772434422454,0.0472974045853247,1100,aegis-logistics,Small Cap,Jan-2025
133561,8133.0,1,Birlasoft Ltd.,IT,Information Technology,Domestic Equities,286.0,276.0,3.6231884057971016,0.01528956,0.01546566,-1.138651696726821,0.0471423299145655,1100,birlasoft,Small Cap,Jan-2025
102429,100653.0,1,Global Health Ltd.,Healthcare,Healthcare,Domestic Equities,145.0,140.0,3.571428571428571,0.0150742,0.015099,-0.1642492880323225,0.0464783100101078,1100,global-health,Small Cap,Jan-2025
152407,5597.0,1,Castrol India Ltd.,Automobile & Ancillaries,Automobile & Ancillaries,Domestic Equities,846.0,813.0,4.059040590405904,0.015006348000000001,0.016050246,-6.503937696655856,0.0462691018072973,1100,castrol-india,Small Cap,Jan-2025
137768,15760.0,1,Gujarat Gas Ltd.,Gas Transmission,Gas Transmission,Domestic Equities,301.0,290.0,3.793103448275862,0.0146286,0.014462299999999999,1.1498862559897212,0.0451043906684177,1100,gujarat-gas,Mid Cap,Jan-2025
171535,5421.0,1,E.I.D. - Parry (India) Ltd.,Agri,Agriculture,Domestic Equities,177.0,171.0,3.508771929824561,0.01451223,0.015281415,-5.03346712329978,0.0447455868223844,1100,eid-parry-india,Small Cap,Jan-2025
152444,7037.0,1,IIFL Finance Ltd.,Finance,Finance,Domestic Equities,405.0,389.0,4.113110539845758,0.014436225,0.01608515,-10.25122550924299,0.0445112404589078,1100,iifl-finance,Small Cap,Jan-2025
171884,5613.0,1,Bata India Ltd.,FMCG,Retailing,Domestic Equities,111.0,108.0,2.7777777777777777,0.014394480000000001,0.014848920000000002,-3.060424596536316,0.0443825280196824,1100,bata-india,Small Cap,Jan-2025
152190,5796.0,1,Kajaria Ceramics Ltd.,Construction Materials,Construction Materials,Domestic Equities,145.0,140.0,3.571428571428571,0.0143753,0.0162253,-11.401946343056835,0.0443233902885926,1100,kajaria-ceramics,Small Cap,Jan-2025
695,7346.0,1,Titagarh Rail Systems Ltd.,Automobile & Ancillaries,Automobile & Ancillaries,Domestic Equities,140.0,135.0,3.7037037037037033,0.014265300000000002,0.014914799999999999,-4.35473489419904,0.0439842270758774,1100,titagarh-rail-systems,Small Cap,Jan-2025
152386,5556.0,1,Glaxosmithkline Pharmaceuticals Ltd.,Healthcare,Healthcare,Domestic Equities,72.0,70.0,2.857142857142857,0.01423548,0.01576295,-9.690254679485752,0.0438922830122122,1100,glaxosmithkline-pharmaceuticals,Mid Cap,Jan-2025
94723,5905.0,1,Anant Raj Ltd.,Realty,Realty,Domestic Equities,236.0,226.0,4.424778761061947,0.01411988,0.01933091,-26.956982366582842,0.0435358533086678,1100,anant-raj,Small Cap,Jan-2025
133645,6755.0,1,Bank Of Maharashtra,Bank,Banking,Domestic Equities,2752.0,2644.0,4.084720121028744,0.014115008,0.013799036,2.2898121289052358,0.0435208314616465,1100,bank-of-maharashtra,Mid Cap,Jan-2025
133613,5313.0,1,Granules India Ltd.,Healthcare,Healthcare,Domestic Equities,253.0,244.0,3.6885245901639343,0.014075655,0.014452119999999999,-2.6049119437148263,0.0433994942806466,1100,granules-india,Small Cap,Jan-2025
133647,6517.0,1,Ramkrishna Forgings Ltd.,Automobile & Ancillaries,Automobile & Ancillaries,Domestic Equities,179.0,173.0,3.4682080924855487,0.01403181,0.015463605,-9.259128126979448,0.0432643069073603,1100,ramkrishna-forgings,Small Cap,Jan-2025
13,7543.0,1,Tata Investment Corporation Ltd.,Finance,Finance,Domestic Equities,23.0,22.0,4.545454545454546,0.013858305,0.01506824,-8.02970353538303,0.0427293386053407,1100,tata-investment-corporation,Mid Cap,Jan-2025
152405,5856.0,1,EIH Ltd.,Hospitality,Hospitality,Domestic Equities,374.0,360.0,3.888888888888889,0.0138567,0.0151146,-8.322416736135926,0.042724389905737,1100,eih,Small Cap,Jan-2025
171807,7041.0,1,Hindustan Copper Ltd.,Non - Ferrous Metals,Non - Ferrous Metals,Domestic Equities,574.0,552.0,3.985507246376811,0.013717452000000002,0.01368684,0.22366009977468115,0.0422950462780627,1100,hindustan-copper,Small Cap,Jan-2025
133850,17036.0,1,Mahanagar Gas Ltd.,Gas Transmission,Gas Transmission,Domestic Equities,99.0,96.0,3.125,0.013660515,0.01233024,10.788719440984124,0.0421194923158594,1100,mahanagar-gas,Small Cap,Jan-2025
533,7363.0,1,Religare Enterprises Ltd.,Finance,Finance,Domestic Equities,573.0,552.0,3.804347826086957,0.013628804999999999,0.01511652,-9.841650062315933,0.0420217208115394,1100,religare-enterprises,Small Cap,Jan-2025
152438,6334.0,1,Jaiprakash Power Ventures Ltd.,Power,Power,Domestic Equities,8344.0,8013.0,4.130787470360664,0.013625752,0.014183010000000001,-3.929053141752001,0.0420123074907356,1100,jaiprakash-power-ventures,Small Cap,Jan-2025
133191,5194.0,1,Praj Industries Ltd.,Capital Goods,Capital Goods,Domestic Equities,215.0,208.0,3.3653846153846154,0.013579399999999998,0.01707992,-20.494943770228435,0.0418693902795012,1100,praj-industries,Small Cap,Jan-2025
152491,5679.0,1,PVR Inox Ltd.,Media & Entertainment,Media & Entertainment,Domestic Equities,124.0,120.0,3.3333333333333335,0.0135222,0.0156588,-13.644723733619433,0.0416930254088893,1100,pvr-inox,Small Cap,Jan-2025
133328,5242.0,1,Chambal Fertilisers and Chemicals Ltd.,Chemicals,Chemicals,Domestic Equities,267.0,256.0,4.296875,0.01345947,0.012645120000000001,6.440033783783777,0.0414996098785836,1100,chambal-fertilisers-and-chemicals,Small Cap,Jan-2025
131,7518.0,1,Swan Energy Ltd.,Textile,Textile,Domestic Equities,244.0,234.0,4.273504273504273,0.01345294,0.01682928,-20.062296188547577,0.0414794759169561,1100,swan-energy,Small Cap,Jan-2025
152383,6925.0,1,Deepak Fertilisers And Petrochemicals Corporation Ltd.,Chemicals,Chemicals,Domestic Equities,117.0,113.0,3.5398230088495577,0.013289445,0.013519885,-1.704452367753133,0.0409753714672936,1100,deepak-fertilisers-and-petrochemicals-corporation,Small Cap,Jan-2025
171403,76579.0,1,Equitas Small Finance Bank Ltd.,Bank,Banking,Domestic Equities,1991.0,1913.0,4.077365394668061,0.01324015,0.012247026000000001,8.109103385589272,0.0408233800984681,1100,equitas-small-finance-bank,Small Cap,Jan-2025
171668,8857.0,1,Zen Technologies Ltd.,Capital Goods,Capital Goods,Domestic Equities,76.0,73.0,4.10958904109589,0.01323236,0.017853245,-25.882605655162404,0.040799361176404,1100,zen-technologies,Small Cap,Jan-2025
133374,5879.0,1,Finolex Cables Ltd.,Electricals,Electricals,Domestic Equities,132.0,128.0,3.125,0.013219799999999999,0.0151296,-12.622937817258892,0.0407606349041158,1100,finolex-cables,Small Cap,Jan-2025
154120,5531.0,1,Triveni Turbine Ltd.,Capital Goods,Capital Goods,Domestic Equities,197.0,188.0,4.787234042553192,0.013205895,0.01393738,-5.248368057698064,0.0407177615907267,1100,triveni-turbine,Small Cap,Jan-2025
134937,5507.0,1,Kirloskar Oil Engines Ltd.,Capital Goods,Capital Goods,Domestic Equities,145.0,140.0,3.571428571428571,0.013100025,0.0143801,-8.901711392827591,0.0403913324149979,1100,kirloskar-oil-engines,Small Cap,Jan-2025
78882,109773.0,1,JSW Infrastructure Ltd.,Logistics,Logistics,Domestic Equities,473.0,453.0,4.415011037527594,0.0130075,0.014405399999999999,-9.70399988893053,0.0401060499035754,1100,jsw-infrastructure,Mid Cap,Jan-2025
94718,6682.0,1,Asahi India Glass Ltd.,Construction Materials,Construction Materials,Domestic Equities,192.0,185.0,3.783783783783784,0.012986880000000001,0.01410995,-7.959418708074793,0.040042472217701,1100,asahi-india-glass,Small Cap,Jan-2025
133044,7653.0,1,Ratnamani Metals & Tubes Ltd.,Iron & Steel,Iron & Steel,Domestic Equities,45.0,43.0,4.651162790697675,0.0128637,0.013666475,-5.87404579454468,0.0396626710854986,1100,ratnamani-metals-tubes,Small Cap,Jan-2025
38130,7638.0,1,Jubilant Pharmova Ltd.,Healthcare,Healthcare,Domestic Equities,132.0,128.0,3.125,0.01285614,0.014146559999999999,-9.121793566775237,0.0396393613228793,1100,jubilant-pharmova,Small Cap,Jan-2025
101649,14929.0,1,Intellect Design Arena Ltd.,IT,Information Technology,Domestic Equities,158.0,151.0,4.635761589403973,0.0128138,0.014434845,-11.230082484432641,0.0395088143190033,1100,intellect-design-arena,Small Cap,Jan-2025
98869,15650.0,1,PTC Industries Ltd.,Automobile & Ancillaries,Automobile & Ancillaries,Domestic Equities,9.0,8.0,12.5,0.012783105,0.010766880000000001,18.72617694262403,0.039414172366146,1100,ptc-industries,Small Cap,Jan-2025
133308,5965.0,1,BEML Ltd.,Capital Goods,Capital Goods,Domestic Equities,33.0,32.0,3.125,0.012687509999999999,0.01302,-2.5536866359447066,0.0391194241177868,1100,beml,Small Cap,Jan-2025
171776,7342.0,1,The Karnataka Bank Ltd.,Bank,Banking,Domestic Equities,660.0,633.0,4.265402843601896,0.01265088,0.013579749,-6.840104334770849,0.0390064827679527,1100,the-karnataka-bank,Small Cap,Jan-2025
171853,7249.0,1,NLC India Ltd.,Power,Power,Domestic Equities,570.0,549.0,3.825136612021858,0.012649440000000001,0.01365912,-7.391984256672461,0.039002042813168,1100,nlc-india,Mid Cap,Jan-2025
152106,69868.0,1,Ircon International Ltd.,Infrastructure,Infrastructure,Domestic Equities,570.0,548.0,4.014598540145985,0.01262151,0.011782547999999999,7.120378376561681,0.0389159261901577,1100,ircon-international,Small Cap,Jan-2025
114727,84195.0,1,Tejas Networks Ltd.,Telecom,Telecom,Domestic Equities,136.0,130.0,4.615384615384616,0.012459640000000001,0.0154141,-19.167255953964222,0.0384168321061376,1100,tejas-networks,Small Cap,Jan-2025
152194,7698.0,1,Whirlpool Of India Ltd.,Consumer Durables,Consumer Durables,Domestic Equities,109.0,105.0,3.8095238095238098,0.01242382,0.019321575,-35.69975532532932,0.0383063882308698,1100,whirlpool-of-india,Small Cap,Jan-2025
140194,102059.0,1,Rainbow Children's Medicare Ltd.,Healthcare,Healthcare,Domestic Equities,87.0,84.0,3.571428571428571,0.012386625,0.01259622,-1.663951566422309,0.038191704815443,1100,rainbow-children's-medicare,Small Cap,Jan-2025
152311,5037.0,1,Reliance Infrastructure Ltd.,Power,Power,Domestic Equities,493.0,473.0,4.2283298097251585,0.012354579999999999,0.014386295,-14.122572907061897,0.0380929004049752,1100,reliance-infrastructure,Small Cap,Jan-2025
57415,105415.0,1,Concord Biotech Ltd.,Healthcare,Healthcare,Domestic Equities,57.0,55.0,3.6363636363636362,0.012281505,0.012159125,1.0064868977002845,0.0378675881161646,1100,concord-biotech,Small Cap,Jan-2025
1840,4901.0,1,SJVN Ltd.,Power,Power,Domestic Equities,1251.0,1202.0,4.076539101497504,0.012198500999999999,0.012550082,-2.8014239269512404,0.0376116617224536,1100,sjvn,Mid Cap,Jan-2025
113787,7539.0,1,Honeywell Automation India Ltd.,Consumer Durables,Consumer Durables,Domestic Equities,3.0,3.0,0.0,0.012141675000000001,0.012586815,-3.5365578980862074,0.0374364500067649,1100,honeywell-automation-india,Mid Cap,Jan-2025
152626,5172.0,1,Embassy Developments Ltd.,Realty,Realty,Domestic Equities,833.0,801.0,3.9950062421972534,0.012135977,0.009281187,30.758888922289795,0.0374188813523462,1100,embassy-developments,Small Cap,Jan-2025
171394,82477.0,1,Endurance Technologies Ltd.,Automobile & Ancillaries,Automobile & Ancillaries,Domestic Equities,61.0,59.0,3.389830508474576,0.012135644999999999,0.012685295000000001,-4.3329697890352685,0.0374178576961042,1100,endurance-technologies,Mid Cap,Jan-2025
38589,8580.0,1,VA Tech Wabag Ltd.,Business Services,Other,Domestic Equities,88.0,85.0,3.5294117647058822,0.01207668,0.01396635,-13.530163571727766,0.0372360507975792,1100,va-tech-wabag,Small Cap,Jan-2025
37962,6229.0,1,Gillette India Ltd.,FMCG,Fast Moving Consumer Goods,Domestic Equities,14.0,13.0,7.6923076923076925,0.012050149999999999,0.012419095,-2.970788129086705,0.0371542507972761,1100,gillette-india,Small Cap,Jan-2025
152064,6806.0,1,3M India Ltd.,Diversified,Diversified,Domestic Equities,4.0,4.0,0.0,0.0119569,0.012157260000000001,-1.6480687260122893,0.0368667328919516,1100,3m-india,Mid Cap,Jan-2025
171612,88005.0,1,ICICI Securities Ltd.,Finance,Finance,Domestic Equities,144.0,139.0,3.597122302158273,0.01193184,0.011903265000000001,0.24006018516767938,0.0367894653454913,1100,icici-securities,Small Cap,Jan-2025
191898,99941.0,1,Sapphire Foods India Ltd.,FMCG,Fast Moving Consumer Goods,Domestic Equities,412.0,395.0,4.30379746835443,0.01193152,0.01301525,-8.326616853306703,0.0367884786888724,1100,sapphire-foods-india,Small Cap,Jan-2025
95355,98927.0,1,Devyani International Ltd.,FMCG,Fast Moving Consumer Goods,Domestic Equities,703.0,676.0,3.9940828402366866,0.011856095,0.01233362,-3.8717343326614637,0.0365559206405175,1100,devyani-international,Small Cap,Jan-2025
114457,7574.0,1,The South Indian Bank Ltd.,Bank,Banking,Domestic Equities,4565.0,4385.0,4.104903078677309,0.01181422,0.01097127,7.683249067792517,0.0364268073720407,1100,the-south-indian-bank,Small Cap,Jan-2025
152391,5643.0,1,Pfizer Ltd.,Healthcare,Healthcare,Domestic Equities,26.0,25.0,4.0,0.01179932,0.01320375,-10.636599450913572,0.0363808661732274,1100,pfizer,Small Cap,Jan-2025
113807,6098.0,1,HBL Engineering Ltd.,Automobile & Ancillaries,Automobile & Ancillaries,Domestic Equities,197.0,190.0,3.684210526315789,0.011757945,0.011815150000000002,-0.48416651502520214,0.0362532945557175,1100,hbl-engineering,Small Cap,Jan-2025
95396,111416.0,1,Nuvama Wealth Management Ltd.,Finance,Finance,Domestic Equities,21.0,20.0,5.0,0.011750024999999999,0.0138487,-15.154310512900135,0.036228874804402,1100,nuvama-wealth-management,Small Cap,Jan-2025
22095,99977.0,1,CMS Info Systems Ltd.,Business Services,Information Technology,Domestic Equities,271.0,260.0,4.230769230769231,0.011743785,0.0127517,-7.904161798034766,0.0362096350003352,1100,cms-info-systems,Small Cap,Jan-2025
115131,88043.0,1,Lemon Tree Hotels Ltd.,Hospitality,Hospitality,Domestic Equities,862.0,829.0,3.9806996381182147,0.011740440000000001,0.012680384,-7.412583088966384,0.0361993213553668,1100,lemon-tree-hotels,Small Cap,Jan-2025
19203,7298.0,1,PCBL Chemical Ltd.,Chemicals,Chemicals,Domestic Equities,307.0,296.0,3.7162162162162162,0.011664464999999999,0.01332,-12.42894144144145,0.0359650674909482,1100,pcbl-chemical,Small Cap,Jan-2025
650,8558.0,1,V-Guard Industries Ltd.,Capital Goods,Capital Goods,Domestic Equities,320.0,308.0,3.896103896103896,0.0116624,0.013012999999999999,-10.378851917313453,0.035958700472455,1100,v-guard-industries,Small Cap,Jan-2025
63978,98925.0,1,CarTrade Tech Ltd.,Automobile & Ancillaries,Information Technology,Domestic Equities,70.0,67.0,4.477611940298507,0.0115598,0.00995419,16.12999149102036,0.0356423536940497,1100,cartrade-tech,Small Cap,Jan-2025
46444,92584.0,1,Ujjivan Small Finance Bank Ltd.,Bank,Banking,Domestic Equities,3208.0,3081.0,4.122038299253489,0.011523136,0.010416861,10.620041872498836,0.0355293075119498,1100,ujjivan-small-finance-bank,Small Cap,Jan-2025
540,7044.0,1,Edelweiss Financial Services Ltd.,Finance,Finance,Domestic Equities,1045.0,1002.0,4.291417165668663,0.011444840000000001,0.012403758,-7.730866726035767,0.0352878973037429,1100,edelweiss-financial-services,Small Cap,Jan-2025
134343,87380.0,1,Newgen Software Technologies Ltd.,IT,Information Technology,Domestic Equities,109.0,105.0,3.8095238095238098,0.011424835,0.0178689,-36.06302010756119,0.0352262158485578,1100,newgen-software-technologies,Small Cap,Jan-2025
75715,7731.0,1,Nava Ltd.,Power,Power,Domestic Equities,257.0,124.0,107.25806451612902,0.011345265,0.01225678,-7.436822721791534,0.0349808775136873,1100,nava,Small Cap,Jan-2025
614,7779.0,1,eClerx Services Ltd.,IT,Information Technology,Domestic Equities,37.0,36.0,2.7777777777777777,0.011315154999999999,0.012540240000000001,-9.769230891912764,0.0348880392924613,1100,eclerx-services,Small Cap,Jan-2025
115768,100528.0,1,Data Patterns (India) Ltd.,Capital Goods,Capital Goods,Domestic Equities,51.0,50.0,2.0,0.01125774,0.0123535,-8.87003683166713,0.0347110115119337,1100,data-patterns-india,Small Cap,Jan-2025
19174,6780.0,1,Bayer CropScience Ltd.,Chemicals,Chemicals,Domestic Equities,22.0,21.0,4.761904761904762,0.011254980000000001,0.011656995000000002,-3.4487018309607236,0.0347025015985965,1100,bayer-cropscience,Small Cap,Jan-2025
96608,84153.0,1,Eris Lifesciences Ltd.,Healthcare,Healthcare,Domestic Equities,90.0,87.0,3.4482758620689653,0.01105245,0.01195119,-7.520087957768223,0.0340780404579491,1100,eris-lifesciences,Small Cap,Jan-2025
19510,6302.0,1,ZF Commercial Vehicle Control Systems India Ltd.,Automobile & Ancillaries,Automobile & Ancillaries,Domestic Equities,10.0,10.0,0.0,0.011033999999999999,0.012043950000000001,-8.38553796719516,0.0340211535372709,1100,zf-commercial-vehicle-control-systems-india,Small Cap,Jan-2025
19777,93855.0,1,Sumitomo Chemical India Ltd.,Chemicals,Chemicals,Domestic Equities,215.0,207.0,3.864734299516908,0.01100155,0.011026890000000001,-0.22980187523409012,0.0339211003895199,1100,sumitomo-chemical-india,Small Cap,Jan-2025
133621,6468.0,1,Astra Microwave Products Ltd.,Capital Goods,Capital Goods,Domestic Equities,148.0,143.0,3.4965034965034967,0.01099196,0.01097525,0.1522516571376486,0.033891531523975,1100,astra-microwave-products,Small Cap,Jan-2025
154192,90218.0,1,Anand Rathi Wealth Ltd.,Finance,Finance,Domestic Equities,30.0,29.0,3.4482758620689653,0.0109866,0.011437745,-3.9443526674182676,0.03387500502561,1100,anand-rathi-wealth,Small Cap,Jan-2025
171385,89248.0,1,Indiamart Intermesh Ltd.,Retailing,Information Technology,Domestic Equities,53.0,51.0,3.9215686274509802,0.010951919999999999,0.011468879999999999,-4.507502040303846,0.0337680761145467,1100,indiamart-intermesh,Small Cap,Jan-2025
9438,105416.0,1,Go Digit General Insurance Ltd.,Insurance,Finance,Domestic Equities,359.0,344.0,4.3604651162790695,0.01068743,0.01094092,-2.316898396112947,0.0329525735860826,1100,go-digit-general-insurance,Small Cap,Jan-2025
118743,98929.0,1,Aptus Value Housing Finance India Ltd.,Finance,Finance,Domestic Equities,349.0,335.0,4.179104477611941,0.0105747,0.009696574999999999,9.056032671329822,0.0326049929590881,1100,aptus-value-housing-finance-india,Small Cap,Jan-2025
102214,109824.0,1,Jupiter Life Line Hospitals Ltd.,Healthcare,Healthcare,Domestic Equities,64.0,62.0,3.225806451612903,0.01042624,0.009689360000000001,7.605043057539401,0.0321472459539999,1100,jupiter-life-line-hospitals,Small Cap,Jan-2025
133585,5972.0,1,Olectra Greentech Ltd.,Automobile & Ancillaries,Automobile & Ancillaries,Domestic Equities,71.0,69.0,2.898550724637681,0.010410019999999999,0.009981195,4.296329247149258,0.0320972347966341,1100,olectra-greentech,Small Cap,Jan-2025
133386,8742.0,1,Godfrey Phillips India Ltd.,FMCG,Fast Moving Consumer Goods,Domestic Equities,23.0,23.0,0.0,0.01039002,0.01202371,-13.587237217131825,0.0320355687579586,1100,godfrey-phillips-india,Small Cap,Jan-2025
113780,5843.0,1,Usha Martin Ltd.,Iron & Steel,Iron & Steel,Domestic Equities,303.0,290.0,4.482758620689655,0.01035957,0.0109127,-5.068681444555422,0.0319416822140752,1100,usha-martin,Small Cap,Jan-2025
115263,4992.0,1,Gravita India Ltd.,Non - Ferrous Metals,Non - Ferrous Metals,Domestic Equities,50.0,48.0,4.166666666666666,0.010325500000000001,0.0104616,-1.3009482297162862,0.0318366341171915,1100,gravita-india,Small Cap,Jan-2025
152553,7055.0,1,CIE Automotive India Ltd.,Automobile & Ancillaries,Automobile & Ancillaries,Domestic Equities,222.0,215.0,3.255813953488372,0.01031079,0.010121125,1.873951759315304,0.0317912787457457,1100,cie-automotive-india,Small Cap,Jan-2025
171765,6852.0,1,Ceat Ltd.,Automobile & Ancillaries,Automobile & Ancillaries,Domestic Equities,36.0,35.0,2.857142857142857,0.01028394,0.011313225,-9.09806885304588,0.0317084920888238,1100,ceat,Small Cap,Jan-2025
152413,5645.0,1,Finolex Industries Ltd.,Plastic Products,Plastic Products,Domestic Equities,496.0,478.0,3.765690376569038,0.01017792,0.012024090000000001,-15.353926991564437,0.031381600417805,1100,finolex-industries,Small Cap,Jan-2025
152303,6239.0,1,Jindal Saw Ltd.,Iron & Steel,Iron & Steel,Domestic Equities,405.0,390.0,3.8461538461538463,0.010127025000000001,0.0113646,-10.889736550340528,0.0312246757658855,1100,jindal-saw,Small Cap,Jan-2025
77334,87528.0,1,CreditAccess Grameen Ltd.,Finance,Finance,Domestic Equities,93.0,89.0,4.49438202247191,0.010070505,0.007890295,27.631539758652877,0.0310504075405886,1100,creditaccess-grameen,Small Cap,Jan-2025
152053,6921.0,1,DCM Shriram Ltd.,Diversified,Diversified,Domestic Equities,86.0,83.0,3.614457831325301,0.01005555,0.009561185,5.170541099246589,0.031004296760169,1100,dcm-shriram,Small Cap,Jan-2025
152441,8334.0,1,Gokaldas Exports Ltd.,Textile,Textile,Domestic Equities,106.0,102.0,3.9215686274509802,0.01004032,0.011549460000000001,-13.066758099512876,0.0309573380717176,1100,gokaldas-exports,Small Cap,Jan-2025
555,5663.0,1,The Fertilisers And Chemicals Travancore Ltd.,Chemicals,Chemicals,Domestic Equities,108.0,105.0,2.857142857142857,0.00994626,0.010299450000000002,-3.4292122394885256,0.0306673226918267,1100,the-fertilisers-and-chemicals-travancore,Mid Cap,Jan-2025
153943,100386.0,1,Vedant Fashions Ltd.,Textile,Textile,Domestic Equities,106.0,103.0,2.912621359223301,0.00989828,0.013283395,-25.483808920836875,0.0305193858650442,1100,vedant-fashions,Small Cap,Jan-2025
133387,5868.0,1,Godrej Industries Ltd.,Chemicals,Chemicals,Domestic Equities,111.0,108.0,2.7777777777777777,0.009885105,0.012594959999999999,-21.51539187103413,0.0304787633620667,1100,godrej-industries,Mid Cap,Jan-2025
56723,6834.0,1,Can Fin Homes Ltd.,Finance,Finance,Domestic Equities,147.0,143.0,2.797202797202797,0.00981519,0.01085799,-9.603987478345434,0.0302631943073669,1100,can-fin-homes,Small Cap,Jan-2025
78344,89378.0,1,Acutaas Chemicals Ltd.,Healthcare,Healthcare,Domestic Equities,41.0,40.0,2.5,0.00977973,0.0085954,13.778649044837938,0.0301538604207952,1100,acutaas-chemicals,Small Cap,Jan-2025
133298,5393.0,1,Balrampur Chini Mills Ltd.,Agri,Agriculture,Domestic Equities,200.0,193.0,3.6269430051813467,0.009747,0.010225139999999999,-4.6761217939314195,0.0300529439485028,1100,balrampur-chini-mills,Small Cap,Jan-2025
141321,96164.0,1,Happiest Minds Technologies Ltd.,IT,Information Technology,Domestic Equities,141.0,136.0,3.6764705882352944,0.009709259999999999,0.0099926,-2.83549826871886,0.0299365801335221,1100,happiest-minds-technologies,Small Cap,Jan-2025
133393,7068.0,1,GHCL Ltd.,Chemicals,Chemicals,Domestic Equities,132.0,128.0,3.125,0.00964986,0.0092608,4.201148928818244,0.0297534319986559,1100,ghcl,Small Cap,Jan-2025
95274,89247.0,1,Chalet Hotels Ltd.,Hospitality,Hospitality,Domestic Equities,124.0,120.0,3.3333333333333335,0.00955978,0.0116904,-18.22538150961473,0.0294756881604615,1100,chalet-hotels,Small Cap,Jan-2025
1896,5762.0,1,Jupiter Wagons Ltd.,Automobile & Ancillaries,Automobile & Ancillaries,Domestic Equities,237.0,229.0,3.4934497816593884,0.009495405,0.011471754999999998,-17.227965555401063,0.0292772005984747,1100,jupiter-wagons,Small Cap,Jan-2025
607,7527.0,1,Jyothy Labs Ltd.,FMCG,Fast Moving Consumer Goods,Domestic Equities,238.0,229.0,3.9301310043668125,0.00948192,0.00909359,4.2703706676900985,0.0292356222718978,1100,jyothy-labs,Small Cap,Jan-2025
1336,89761.0,1,Sansera Engineering Ltd.,Automobile & Ancillaries,Automobile & Ancillaries,Domestic Equities,75.0,72.0,4.166666666666666,0.009467999999999999,0.01072692,-11.736080813504717,0.0291927027089796,1100,sansera-engineering,Small Cap,Jan-2025
152579,7542.0,1,Sobha Ltd.,Realty,Realty,Domestic Equities,71.0,68.0,4.411764705882353,0.00941318,0.010721560000000002,-12.203261465682242,0.0290236760969701,1100,sobha,Small Cap,Jan-2025
20766,6076.0,1,Techno Electric & Engineering Company Ltd.,Infrastructure,Infrastructure,Domestic Equities,87.0,84.0,3.571428571428571,0.009376425,0.01319388,-28.933528272198927,0.0289103493343942,1100,techno-electric-engineering-company,Small Cap,Jan-2025
152578,8075.0,1,LT Foods Ltd.,FMCG,Fast Moving Consumer Goods,Domestic Equities,240.0,232.0,3.4482758620689653,0.0093624,0.00972312,-3.709920272505121,0.028867106024773,1100,lt-foods,Small Cap,Jan-2025
224124,112798.0,1,Onesource Specialty Pharma Ltd.,Healthcare,Healthcare,Domestic Equities,59.0,55.0,7.2727272727272725,0.00933085,0.0088275,5.702067403001984,0.0287698278487624,1100,onesource-specialty-pharma,,Jan-2025
139455,98272.0,1,Shyam Metalics And Energy Ltd.,Iron & Steel,Iron & Steel,Domestic Equities,122.0,118.0,3.389830508474576,0.009313479999999999,0.00860692,8.209208404400172,0.0287162708941727,1100,shyam-metalics-and-energy,Small Cap,Jan-2025
152559,7752.0,1,Action Construction Equipment Ltd.,Capital Goods,Capital Goods,Domestic Equities,72.0,69.0,4.3478260869565215,0.0092736,0.01040106,-10.839856706912567,0.0285933088130538,1100,action-construction-equipment,Small Cap,Jan-2025
171823,5029.0,1,Arvind Ltd.,Textile,Textile,Domestic Equities,274.0,264.0,3.787878787878788,0.00925983,0.01083456,-14.534323498139285,0.0285508517454257,1100,arvind,Small Cap,Jan-2025
83618,17010.0,1,BLS International Services Ltd.,Business Services,Hospitality,Domestic Equities,211.0,203.0,3.9408866995073892,0.009204875,0.0098049,-6.1196442595028975,0.0283814088876551,1100,bls-international-services,Small Cap,Jan-2025
152554,7075.0,1,Voltamp Transformers Ltd.,Capital Goods,Capital Goods,Domestic Equities,11.0,10.0,10.0,0.009193965,0.010135799999999999,-9.292162434144318,0.0283477700635576,1100,voltamp-transformers,Small Cap,Jan-2025
152532,6617.0,1,Sun TV Network Ltd.,Media & Entertainment,Media & Entertainment,Domestic Equities,148.0,143.0,3.4965034965034967,0.00915898,0.009771905,-6.272318447631243,0.0282399007454045,1100,sun-tv-network,Small Cap,Jan-2025
151986,6639.0,1,Safari Industries (India) Ltd.,FMCG,Fast Moving Consumer Goods,Domestic Equities,38.0,37.0,2.7027027027027026,0.009158,0.009626475,-4.86652694781839,0.0282368791095094,1100,safari-industries-india,Small Cap,Jan-2025
188402,98309.0,1,Jubilant Ingrevia Ltd.,Chemicals,Chemicals,Domestic Equities,129.0,125.0,3.2,0.008988075,0.010288124999999999,-12.636413340623283,0.0277129490284127,1100,jubilant-ingrevia,Small Cap,Jan-2025
58780,8388.0,1,Alembic Pharmaceuticals Ltd.,Healthcare,Healthcare,Domestic Equities,97.0,94.0,3.1914893617021276,0.008925455,0.01002275,-10.9480432017161,0.0275198726613198,1100,alembic-pharmaceuticals,Small Cap,Jan-2025
76822,89008.0,1,Craftsman Automation Ltd.,Automobile & Ancillaries,Automobile & Ancillaries,Domestic Equities,21.0,20.0,5.0,0.00877212,0.0107702,-18.551930326270643,0.0270470945593044,1100,craftsman-automation,Small Cap,Jan-2025
133302,6421.0,1,BASF India Ltd.,Chemicals,Chemicals,Domestic Equities,19.0,19.0,0.0,0.008767645,0.010569605,-17.048508435272655,0.0270332967831508,1100,basf-india,Small Cap,Jan-2025
152271,6134.0,1,Raymond Ltd.,Textile,Textile,Domestic Equities,58.0,56.0,3.571428571428571,0.008766119999999999,0.0093884,-6.628179455498281,0.0270285947477018,1100,raymond,Small Cap,Jan-2025
152305,7945.0,1,JK Lakshmi Cement Ltd.,Construction Materials,Construction Materials,Domestic Equities,108.0,105.0,2.857142857142857,0.008684279999999999,0.00877905,-1.0795017684145858,0.0267762573174416,1100,jk-lakshmi-cement,Small Cap,Jan-2025
56635,7585.0,1,ITD Cementation India Ltd.,Infrastructure,Infrastructure,Domestic Equities,160.0,154.0,3.896103896103896,0.008644800000000001,0.00828751,4.311186351509683,0.0266545285570962,1100,itd-cementation-india,Small Cap,Jan-2025
328,7817.0,1,Marksans Pharma Ltd.,Healthcare,Healthcare,Domestic Equities,358.0,345.0,3.768115942028986,0.00863138,0.010234425,-15.663263935199101,0.026613150645145,1100,marksans-pharma,Small Cap,Jan-2025
38814,98613.0,1,Aditya Birla Sun Life AMC Ltd.,Finance,Finance,Domestic Equities,126.0,122.0,3.278688524590164,0.00860706,0.01020835,-15.686080512521611,0.0265381647421155,1100,aditya-birla-sun-life-amc,Small Cap,Jan-2025
19064,6023.0,1,Westlife Foodworld Ltd,Hospitality,Hospitality,Domestic Equities,118.0,114.0,3.508771929824561,0.00856503,0.00903393,-5.190432071091982,0.026408573561839,1100,westlife-foodworld,Small Cap,Jan-2025
133662,6324.0,1,Century Plyboards (India) Ltd.,Construction Materials,Construction Materials,Domestic Equities,106.0,102.0,3.9215686274509802,0.00852929,0.00753117,13.253186423888986,0.0262983763507259,1100,century-plyboards-india,Small Cap,Jan-2025
133425,7180.0,1,Ion Exchange (India) Ltd.,Business Services,Capital Goods,Domestic Equities,146.0,140.0,4.285714285714286,0.00849209,0.0092008,-7.702699765237806,0.0261836775187895,1100,ion-exchange-india,Small Cap,Jan-2025
203281,106367.0,1,NMDC Steel Ltd.,Iron & Steel,Iron & Steel,Domestic Equities,2015.0,1936.0,4.080578512396695,0.00849121,0.00835384,1.6443934765329478,0.0261809642130877,1100,nmdc-steel,Small Cap,Jan-2025
190355,99127.0,1,Vijaya Diagnostic Centre Ltd.,Healthcare,Healthcare,Domestic Equities,82.0,80.0,2.5,0.008485359999999999,0.0084548,0.36145148318114534,0.0261629268967752,1100,vijaya-diagnostic-centre,Small Cap,Jan-2025
133404,7107.0,1,Hindustan Construction Company Ltd.,Infrastructure,Infrastructure,Domestic Equities,2638.0,2529.0,4.3100039541320685,0.00845479,0.009567207,-11.627395539785018,0.0260686703566597,1100,hindustan-construction-company,Small Cap,Jan-2025
37849,7492.0,1,Sudarshan Chemical Industries Ltd.,Chemicals,Chemicals,Domestic Equities,83.0,81.0,2.4691358024691357,0.00829419,0.00926478,-10.476125714803807,0.0255734920660954,1100,sudarshan-chemical-industries,Small Cap,Jan-2025
152389,5123.0,1,Sanofi India Ltd.,Healthcare,Healthcare,Domestic Equities,15.0,15.0,0.0,0.008287725000000001,0.009183975,-9.758846251214747,0.0255535585190936,1100,sanofi-india,Small Cap,Jan-2025
95495,88229.0,1,Garden Reach Shipbuilders & Engineers Ltd.,Ship Building,Ship Building,Domestic Equities,51.0,49.0,4.081632653061225,0.00828342,0.00792036,4.583882550793153,0.0255402849042687,1100,garden-reach-shipbuilders-engineers,Small Cap,Jan-2025
133388,7039.0,1,Kansai Nerolac Paints Ltd.,Chemicals,Chemicals,Domestic Equities,352.0,339.0,3.8348082595870205,0.00820512,0.0089835,-8.664551678076469,0.0252988623628541,1100,kansai-nerolac-paints,Small Cap,Jan-2025
200656,105054.0,1,Signatureglobal (India) Ltd.,Realty,Realty,Domestic Equities,68.0,66.0,3.0303030303030303,0.00820488,0.009007349999999999,-8.90905760295758,0.02529812237039,1100,signatureglobal-india,Small Cap,Jan-2025
19084,5742.0,1,Elecon Engineering Company Ltd.,Capital Goods,Capital Goods,Domestic Equities,154.0,149.0,3.3557046979865772,0.00819896,0.00945405,-13.275686081626404,0.0252798692229421,1100,elecon-engineering-company,Small Cap,Jan-2025
114436,6959.0,1,Engineers India Ltd.,Capital Goods,Capital Goods,Domestic Equities,479.0,461.0,3.9045553145336225,0.008193295,0.008390661,-2.352210392006064,0.0252624023174872,1100,engineers-india,Small Cap,Jan-2025
117,8100.0,1,Vardhman Textiles Ltd.,Textile,Textile,Domestic Equities,179.0,173.0,3.4682080924855487,0.008175825,0.0087538,-6.602561173433258,0.0252085370327042,1100,vardhman-textiles,Small Cap,Jan-2025
152197,7753.0,1,Kirloskar Brothers Ltd.,Capital Goods,Capital Goods,Domestic Equities,44.0,42.0,4.761904761904762,0.008174540000000001,0.00866985,-5.713016949543532,0.0252045749897193,1100,kirloskar-brothers,Small Cap,Jan-2025
117072,93022.0,1,Home First Finance Company India Ltd.,Finance,Finance,Domestic Equities,82.0,79.0,3.79746835443038,0.00816679,0.008338845000000001,-2.0632953364644604,0.0251806793997325,1100,home-first-finance-company-india,Small Cap,Jan-2025
171921,8516.0,1,Strides Pharma Science Ltd.,Healthcare,Healthcare,Domestic Equities,119.0,115.0,3.4782608695652173,0.00815745,0.007583100000000001,7.574079202436999,0.0251518813596711,1100,strides-pharma-science,Small Cap,Jan-2025
59506,99993.0,1,Medplus Health Services Ltd.,Healthcare,Healthcare,Domestic Equities,112.0,108.0,3.7037037037037033,0.00810152,0.008973179999999999,-9.714059006951823,0.024979432282515,1100,medplus-health-services,Small Cap,Jan-2025
152387,5364.0,1,Gujarat Narmada Valley Fertilizers & Chemicals Ltd.,Chemicals,Chemicals,Domestic Equities,146.0,141.0,3.546099290780142,0.00809497,0.007881899999999999,2.7032822035296156,0.0249592366548488,1100,gujarat-narmada-valley-fertilizers-chemicals,Small Cap,Jan-2025
97859,90258.0,1,Metropolis Healthcare Ltd.,Healthcare,Healthcare,Domestic Equities,45.0,43.0,4.651162790697675,0.008086050000000001,0.008929595,-9.446621039364048,0.0249317336015995,1100,metropolis-healthcare,Small Cap,Jan-2025
152392,4998.0,1,Gujarat State Fertilizers & Chemicals Ltd.,Chemicals,Chemicals,Domestic Equities,390.0,375.0,4.0,0.00799812,0.0074115,7.914996964177291,0.0246606188625627,1100,gujarat-state-fertilizers-chemicals,Small Cap,Jan-2025
134271,8157.0,1,Minda Corporation Ltd.,Automobile & Ancillaries,Automobile & Ancillaries,Domestic Equities,140.0,135.0,3.7037037037037033,0.0079856,0.0066082499999999995,20.84288578670602,0.0246220159223519,1100,minda-corporation,Small Cap,Jan-2025
133353,4920.0,1,IDBI Bank Ltd.,Bank,Banking,Domestic Equities,982.0,944.0,4.025423728813559,0.007965984,0.007220656,10.32216463434902,0.0245615338716189,1100,idbi-bank,Mid Cap,Jan-2025
153985,89725.0,1,Mrs. Bectors Food Specialities Ltd.,FMCG,Fast Moving Consumer Goods,Domestic Equities,54.0,52.0,3.8461538461538463,0.007937729999999999,0.00852072,-6.842027434301339,0.0244744182587821,1100,mrs-bectors-food-specialities,Small Cap,Jan-2025
133018,6609.0,1,CCL Products (India) Ltd.,Agri,Agriculture,Domestic Equities,125.0,121.0,3.3057851239669422,0.0077712499999999995,0.008980015000000001,-13.460612259556365,0.0239611101528472,1100,ccl-products-india,Small Cap,Jan-2025
114450,5588.0,1,The Jammu & Kashmir Bank Ltd.,Bank,Banking,Domestic Equities,780.0,750.0,4.0,0.007762559999999999,0.0075615,2.6589962309065607,0.0239343162590427,1100,the-jammu-kashmir-bank,Small Cap,Jan-2025
152067,7924.0,1,JM Financial Ltd.,Finance,Finance,Domestic Equities,704.0,677.0,3.9881831610044314,0.007748928,0.008801,-11.954005226678781,0.0238922846870815,1100,jm-financial,Small Cap,Jan-2025
95082,5635.0,1,Capri Global Capital Ltd.,Finance,Finance,Domestic Equities,435.0,419.0,3.8186157517899764,0.007748655,0.007819797,-0.909767862260372,0.0238914429456536,1100,capri-global-capital,Small Cap,Jan-2025
152533,5624.0,1,Godawari Power And Ispat Ltd.,Iron & Steel,Iron & Steel,Domestic Equities,427.0,411.0,3.8929440389294405,0.007695821,0.008305488,-7.3405319470692065,0.0237285397712846,1100,godawari-power-and-ispat,Small Cap,Jan-2025
152647,6951.0,1,Time Technoplast Ltd.,Plastic Products,Plastic Products,Domestic Equities,192.0,186.0,3.225806451612903,0.00769056,0.00918096,-16.233596486641925,0.023712318519811,1100,time-technoplast,Small Cap,Jan-2025
58164,86911.0,1,The New India Assurance Company Ltd.,Insurance,Finance,Domestic Equities,421.0,405.0,3.950617283950617,0.007655885,0.00820206,-6.658997861512837,0.0236054050252573,1100,the-new-india-assurance-company,Mid Cap,Jan-2025
133909,100034.0,1,Metro Brands Ltd.,Retailing,Retailing,Domestic Equities,64.0,62.0,3.225806451612903,0.00758304,0.00754447,0.5112353816769103,0.0233808018958915,1100,metro-brands,Mid Cap,Jan-2025
18970,6462.0,1,Sarda Energy & Minerals Ltd.,Iron & Steel,Iron & Steel,Domestic Equities,160.0,155.0,3.225806451612903,0.0075712,0.007481075,1.2047065428431045,0.0233442956009956,1100,sarda-energy-minerals,Small Cap,Jan-2025
171468,102668.0,1,Bikaji Foods International Ltd.,FMCG,Fast Moving Consumer Goods,Domestic Equities,109.0,105.0,3.8095238095238098,0.0075319,0.008184225,-7.970516450855154,0.0232231218349983,1100,bikaji-foods-international,Small Cap,Jan-2025
152132,7850.0,1,Mastek Ltd.,IT,Information Technology,Domestic Equities,29.0,27.0,7.4074074074074066,0.00752057,0.0080406,-6.4675521727234315,0.0231881880240886,1100,mastek,Small Cap,Jan-2025
94609,5685.0,1,Welspun Living Ltd.,Textile,Textile,Domestic Equities,545.0,522.0,4.406130268199234,0.007505195,0.008184438,-8.299201484573533,0.0231407822568568,1100,welspun-living,Small Cap,Jan-2025
19036,8047.0,1,Kirloskar Pneumatic Company Ltd.,Capital Goods,Capital Goods,Domestic Equities,66.0,64.0,3.125,0.00747978,0.0098368,-23.96124756018217,0.0230624201382099,1100,kirloskar-pneumatic-company,Small Cap,Jan-2025
643,7404.0,1,KNR Constructions Ltd.,Infrastructure,Infrastructure,Domestic Equities,252.0,243.0,3.7037037037037033,0.0074781,0.008411445,-11.096131520802905,0.0230572401909612,1100,knr-constructions,Small Cap,Jan-2025
38127,7192.0,1,JK Tyre & Industries Ltd.,Automobile & Ancillaries,Automobile & Ancillaries,Domestic Equities,235.0,227.0,3.524229074889868,0.00746125,0.008820085,-15.406144045097065,0.0230052865533771,1100,jk-tyre-industries,Small Cap,Jan-2025
133362,5245.0,1,Electrosteel Castings Ltd.,Iron & Steel,Automobile & Ancillaries,Domestic Equities,578.0,556.0,3.9568345323741005,0.00741574,0.007744524,-4.2453738925723625,0.022864965482371,1100,electrosteel-castings,Small Cap,Jan-2025
192044,99995.0,1,RateGain Travel Technologies Ltd.,IT,Information Technology,Domestic Equities,106.0,103.0,2.912621359223301,0.007410989999999999,0.007469045,-0.7772747386044695,0.0228503197981855,1100,rategain-travel-technologies,Small Cap,Jan-2025
19913,93142.0,1,UTI Asset Management Company Ltd.,Finance,Finance,Domestic Equities,71.0,69.0,2.898550724637681,0.00737335,0.009263595,-20.405091112035883,0.0227342643133983,1100,uti-asset-management-company,Small Cap,Jan-2025
171411,6555.0,1,Vinati Organics Ltd.,Chemicals,Chemicals,Domestic Equities,44.0,43.0,2.3255813953488373,0.00736406,0.007755265,-5.044379527972287,0.0227056204384335,1100,vinati-organics,Small Cap,Jan-2025
57345,99844.0,1,AWL Agri Business Ltd.,FMCG,Fast Moving Consumer Goods,Domestic Equities,276.0,266.0,3.7593984962406015,0.00735954,0.008194129999999999,-10.185217954804227,0.0226916839136928,1100,awl-agri-business,Mid Cap,Jan-2025
28396,92035.0,1,Sterling and Wilson Renewable Energy Ltd.,Infrastructure,Infrastructure,Domestic Equities,222.0,213.0,4.225352112676056,0.007345979999999999,0.00977457,-24.846003455906505,0.0226498743394708,1100,sterling-and-wilson-renewable-energy,Small Cap,Jan-2025
430,6832.0,1,Caplin Point Laboratories Ltd.,Healthcare,Healthcare,Domestic Equities,35.0,34.0,2.941176470588235,0.007260225,0.00850221,-14.607790209839559,0.02238546578214,1100,caplin-point-laboratories,Small Cap,Jan-2025
171937,5730.0,1,Astrazeneca Pharma India Ltd.,Healthcare,Healthcare,Domestic Equities,10.0,10.0,0.0,0.0072350999999999995,0.00730515,-0.9589125479969663,0.0223079978210539,1100,astrazeneca-pharma-india,Small Cap,Jan-2025
114515,6989.0,1,Gujarat Pipavav Port Ltd.,Logistics,Logistics,Domestic Equities,474.0,456.0,3.9473684210526314,0.007193424,0.008311968,-13.457029670951561,0.0221794981296619,1100,gujarat-pipavav-port,Small Cap,Jan-2025
65954,90814.0,1,Arvind Fashions Ltd.,Retailing,Retailing,Domestic Equities,149.0,143.0,4.195804195804196,0.00718329,0.00734734,-2.2327808431350666,0.022148251947865,1100,arvind-fashions,Small Cap,Jan-2025
155709,99978.0,1,Paradeep Phosphates Ltd.,Chemicals,Chemicals,Domestic Equities,628.0,604.0,3.9735099337748347,0.007084468,0.0066578919999999995,6.40707298946875,0.0218435538841655,1100,paradeep-phosphates,Small Cap,Jan-2025
75900,5318.0,1,Choice International Ltd.,Finance,Finance,Domestic Equities,139.0,134.0,3.731343283582089,0.007081355,0.0074457099999999995,-4.893489002391975,0.0218339555652457,1100,choice-international,Small Cap,Jan-2025
115894,7364.0,1,Texmaco Rail & Engineering Ltd.,Automobile & Ancillaries,Automobile & Ancillaries,Domestic Equities,358.0,344.0,4.069767441860465,0.007037564,0.006666032,5.57351059820895,0.0216989346902638,1100,texmaco-rail-engineering,Small Cap,Jan-2025
133360,5711.0,1,Procter & Gamble Health Ltd.,Healthcare,Healthcare,Domestic Equities,13.0,13.0,0.0,0.00699738,0.006809465,2.7596147421273125,0.021575035285357,1100,procter-gamble-health,Small Cap,Jan-2025
40249,8148.0,1,Schneider Electric Infrastructure Ltd.,Capital Goods,Capital Goods,Domestic Equities,102.0,98.0,4.081632653061225,0.00696456,0.0075131700000000004,-7.301977727111199,0.0214738413158905,1100,schneider-electric-infrastructure,Small Cap,Jan-2025
152585,6859.0,1,Tanla Platforms Ltd.,IT,Information Technology,Domestic Equities,126.0,121.0,4.132231404958678,0.00696276,0.008133015,-14.388944321386349,0.0214682913724097,1100,tanla-platforms,Small Cap,Jan-2025
19035,7076.0,1,GMM Pfaudler Ltd.,Capital Goods,Capital Goods,Domestic Equities,58.0,56.0,3.571428571428571,0.00690055,0.00659988,4.555688891313168,0.0212764791591095,1100,gmm-pfaudler,Small Cap,Jan-2025
58513,104175.0,1,Aadhar Housing Finance Ltd.,Finance,Finance,Domestic Equities,173.0,165.0,4.848484848484849,0.0068940500000000005,0.0069729,-1.1308064076639448,0.02125643769654,1100,aadhar-housing-finance,Small Cap,Jan-2025
77478,110778.0,1,NIIT Learning Systems Ltd. ,IT,Information Technology,Domestic Equities,146.0,141.0,3.546099290780142,0.00688244,0.006356985000000001,8.265789521290346,0.0212206405610889,1100,niit-learning-systems,Small Cap,Jan-2025
745,109745.0,1,RR Kabel Ltd.,Electricals,Electricals,Domestic Equities,56.0,53.0,5.660377358490567,0.0068655999999999995,0.0076301450000000005,-10.020058596527338,0.0211687177565241,1100,rr-kabel,Small Cap,Jan-2025
592,5266.0,1,Jai Balaji Industries Ltd.,Iron & Steel,Iron & Steel,Domestic Equities,504.0,97.0,419.5876288659794,0.00679896,0.008713025,-21.9678584647697,0.0209632465156574,1100,jai-balaji-industries,Small Cap,Jan-2025
37897,5454.0,1,Tilaknagar Industries Ltd.,Alcohol,Alcohol,Domestic Equities,185.0,178.0,3.932584269662921,0.00679875,0.00751605,-9.54357674576406,0.0209625990222513,1100,tilaknagar-industries,Small Cap,Jan-2025
171855,5247.0,1,Kesoram Industries Ltd.,Construction Materials,Construction Materials,Domestic Equities,307.0,296.0,3.7162162162162162,0.006761982,0.006443624,4.940666929044893,0.0208492321767502,1100,kesoram-industries,Small Cap,Jan-2025
152320,7509.0,1,Supreme Petrochem Ltd.,Crude Oil,Chemicals,Domestic Equities,110.0,107.0,2.803738317757009,0.0067374999999999996,0.00711978,-5.369267027913789,0.0207737467788076,1100,supreme-petrochem,Small Cap,Jan-2025
133589,7782.0,1,Cera Sanitaryware Ltd.,Construction Materials,Construction Materials,Domestic Equities,10.0,9.0,11.11111111111111,0.0066882,0.006828300000000001,-2.0517551952902005,0.0206217399934725,1100,cera-sanitaryware,Small Cap,Jan-2025
2515,87584.0,1,Nazara Technologies Ltd.,IT,Information Technology,Domestic Equities,71.0,66.0,7.575757575757576,0.006682165,0.0066891,-0.10367612982314714,0.0206031322663021,1100,nazara-technologies,Small Cap,Jan-2025
120445,17045.0,1,Quess Corp Ltd.,IT,Information Technology,Domestic Equities,112.0,108.0,3.7037037037037033,0.00667296,0.0071490600000000005,-6.659616788780628,0.0205747504720017,1100,quess-corp,Small Cap,Jan-2025
56877,7963.0,1,Shilpa Medicare Ltd.,Healthcare,Healthcare,Domestic Equities,94.0,91.0,3.296703296703297,0.00667118,0.00742105,-10.104634788877588,0.0205692621945596,1100,shilpa-medicare,Small Cap,Jan-2025
141018,17054.0,1,Lloyds Engineering Works Ltd.,Capital Goods,Capital Goods,Domestic Equities,857.0,824.0,4.0048543689320395,0.006661461,0.006330791999999999,5.22318534553023,0.0205392955830653,1100,lloyds-engineering-works,Small Cap,Jan-2025
133081,5148.0,1,Trident Ltd.,Textile,Textile,Domestic Equities,2118.0,2034.0,4.129793510324483,0.00658698,0.006801696,-3.1568008920128205,0.0203096481717358,1100,trident,Small Cap,Jan-2025
154098,6604.0,1,TD Power Systems Ltd.,Capital Goods,Capital Goods,Domestic Equities,179.0,172.0,4.069767441860465,0.006582725,0.00775806,-15.149857051891832,0.0202965287220076,1100,td-power-systems,Small Cap,Jan-2025
171624,5869.0,1,Blue Dart Express Ltd.,Logistics,Logistics,Domestic Equities,10.0,10.0,0.0,0.00658,0.006967449999999999,-5.56085798965187,0.020288126724238,1100,blue-dart-express,Small Cap,Jan-2025
79360,8286.0,1,Orient Cement Ltd.,Construction Materials,Construction Materials,Domestic Equities,193.0,187.0,3.2085561497326207,0.00657551,0.006414100000000001,2.5164871143262437,0.0202742826985554,1100,orient-cement,Small Cap,Jan-2025
8344,84168.0,1,Pricol Ltd.,Automobile & Ancillaries,Automobile & Ancillaries,Domestic Equities,129.0,124.0,4.032258064516129,0.0065144999999999995,0.00673444,-3.265898872066581,0.0200861704475758,1100,pricol,Small Cap,Jan-2025
211056,110999.0,1,DOMS Industries Ltd.,FMCG,Fast Moving Consumer Goods,Domestic Equities,26.0,25.0,4.0,0.00645385,0.0065535,-1.5205615320057988,0.0198991681852924,1100,doms-industries,Small Cap,Jan-2025
133045,6467.0,1,Vesuvius India Ltd.,Capital Goods,Capital Goods,Domestic Equities,15.0,15.0,0.0,0.006425175,0.0068172,-5.750528076042954,0.0198107545023414,1100,vesuvius-india,Small Cap,Jan-2025
152203,8715.0,1,KSB Ltd.,Capital Goods,Capital Goods,Domestic Equities,91.0,88.0,3.4090909090909087,0.006393205,0.00676104,-5.440509152438098,0.0197121813395186,1100,ksb,Small Cap,Jan-2025
189369,98614.0,1,Alivus Life Sciences Ltd.,Healthcare,Healthcare,Domestic Equities,53.0,51.0,3.9215686274509802,0.006361325,0.005015595,26.830914378054832,0.0196138856738698,1100,alivus-life-sciences,Small Cap,Jan-2025
30,5093.0,1,Bombay Burmah Trading Corporation Ltd.,Agri,Agriculture,Domestic Equities,30.0,29.0,3.4482758620689653,0.00635445,0.006149885000000001,3.326322362125469,0.0195926879730751,1100,bombay-burmah-trading-corporation,Small Cap,Jan-2025
133345,5047.0,1,IFCI Ltd.,Finance,Finance,Domestic Equities,1129.0,1083.0,4.247460757156047,0.006348367000000001,0.006742758,-5.849105069468599,0.019573932247412,1100,ifci,Small Cap,Jan-2025
171516,6987.0,1,Tata Teleservices (Maharashtra) Ltd.,Telecom,Telecom,Domestic Equities,879.0,845.0,4.023668639053255,0.0063103410000000006,0.006378905000000001,-1.0748553239153091,0.0194566866080783,1100,tata-teleservices-maharashtra,Small Cap,Jan-2025
678,15637.0,1,PNC Infratech Ltd.,Infrastructure,Infrastructure,Domestic Equities,197.0,190.0,3.684210526315789,0.0062843000000000005,0.00633745,-0.8386653938098065,0.0193763943424208,1100,pnc-infratech,Small Cap,Jan-2025
114425,8654.0,1,Saregama India Ltd.,Media & Entertainment,Media & Entertainment,Domestic Equities,132.0,128.0,3.125,0.00628386,0.0059238400000000005,6.077476771823679,0.01937503768957,1100,saregama-india,Small Cap,Jan-2025
171424,16069.0,1,Infibeam Avenues Ltd.,IT,Information Technology,Domestic Equities,2725.0,2617.0,4.126862820022927,0.0061912,0.006809434,-9.079080581440392,0.0190893389323864,1100,infibeam-avenues,Small Cap,Jan-2025
757,97957.0,1,Railtel Corporation Of India Ltd.,Telecom,Telecom,Domestic Equities,152.0,147.0,3.4013605442176873,0.00618032,0.005939535,4.0539368822643524,0.0190557926073469,1100,railtel-corporation-of-india,Small Cap,Jan-2025
133663,7375.0,1,Welspun Enterprises Ltd.,Realty,Realty,Domestic Equities,102.0,99.0,3.0303030303030303,0.00615825,0.006082065,1.2526173265165652,0.0189877441336685,1100,welspun-enterprises,Small Cap,Jan-2025
153397,98823.0,1,Nuvoco Vistas Corporation Ltd.,Construction Materials,Construction Materials,Domestic Equities,175.0,169.0,3.5502958579881656,0.00613375,0.005919225,3.6242075609560347,0.018912203236291,1100,nuvoco-vistas-corporation,Small Cap,Jan-2025
133551,7167.0,1,Indian Overseas Bank,Bank,Banking,Domestic Equities,1200.0,1153.0,4.076322636600174,0.00612,0.005967928,2.548154066201867,0.0188698078347016,1100,indian-overseas-bank,Large Cap,Jan-2025
815,89011.0,1,Rites Ltd.,Capital Goods,Capital Goods,Domestic Equities,234.0,226.0,3.5398230088495577,0.00610389,0.00659129,-7.39460712546406,0.0188201358405485,1100,rites,Small Cap,Jan-2025
171881,7520.0,1,V-Mart Retail Ltd.,Retailing,Retailing,Domestic Equities,19.0,18.0,5.555555555555555,0.00609938,0.00708543,-13.916586572727422,0.0188062301488272,1100,v-mart-retail,Small Cap,Jan-2025
192109,100019.0,1,Prudent Corporate Advisory Services Ltd.,Finance,Finance,Domestic Equities,30.0,29.0,3.4482758620689653,0.006096000000000001,0.007926134999999999,-23.08987924126954,0.0187958085882911,1100,prudent-corporate-advisory-services,Small Cap,Jan-2025
134702,8301.0,1,Valor Estate Ltd.,Realty,Realty,Domestic Equities,388.0,371.0,4.5822102425876015,0.006069872,0.006419042000000001,-5.439596749795387,0.0187152480753654,1100,valor-estate,Small Cap,Jan-2025
152593,8261.0,1,Network 18 Media & Investments Ltd.,Media & Entertainment,Media & Entertainment,Domestic Equities,1142.0,1098.0,4.007285974499089,0.006016056,0.007852896,-23.390606471803533,0.0185493170984974,1100,network-18-media-investments,Small Cap,Jan-2025
133644,8289.0,1,PTC India Ltd.,Power,Power,Domestic Equities,417.0,401.0,3.99002493765586,0.0060039659999999995,0.005813698000000001,3.272753417876178,0.018512039978118,1100,ptc-india,Small Cap,Jan-2025
19994,70937.0,1,Sheela Foam Ltd.,FMCG,Fast Moving Consumer Goods,Domestic Equities,65.0,63.0,3.1746031746031744,0.0059504250000000005,0.006246765,-4.743895440279879,0.0183469569092818,1100,sheela-foam,Small Cap,Jan-2025
19178,16203.0,1,Chemplast Sanmar Ltd.,Chemicals,Chemicals,Domestic Equities,124.0,120.0,3.3333333333333335,0.00588504,0.006001800000000001,-1.945416375087477,0.0181453552123419,1100,chemplast-sanmar,Small Cap,Jan-2025
65893,102659.0,1,Archean Chemical Industries Ltd.,Chemicals,Chemicals,Domestic Equities,100.0,97.0,3.0927835051546393,0.005856,0.0064946349999999995,-9.833270075993488,0.0180558161241851,1100,archean-chemical-industries,Small Cap,Jan-2025
38126,6453.0,1,The India Cements Ltd.,Construction Materials,Construction Materials,Domestic Equities,220.0,212.0,3.7735849056603774,0.0058102,0.007978619999999999,-27.177882892028947,0.0179146008956182,1100,the-india-cements,Small Cap,Jan-2025
56649,7087.0,1,HEG Ltd.,Capital Goods,Capital Goods,Domestic Equities,147.0,142.0,3.5211267605633805,0.0058065,0.00724484,-19.85330248839174,0.0179031926784633,1100,heg,Small Cap,Jan-2025
160595,87624.0,1,Fine Organic Industries Ltd.,Chemicals,Chemicals,Domestic Equities,13.0,12.0,8.333333333333332,0.005791305,0.00535188,8.210666158434044,0.0178563419055795,1100,fine-organic-industries,Small Cap,Jan-2025
76083,6699.0,1,Ashoka Buildcon Ltd.,Infrastructure,Infrastructure,Domestic Equities,224.0,216.0,3.7037037037037033,0.00577472,0.006721272,-14.082929540717895,0.0178052053430079,1100,ashoka-buildcon,Small Cap,Jan-2025
152107,5346.0,1,Shipping Corporation Of India Ltd.,Logistics,Logistics,Domestic Equities,295.0,285.0,3.508771929824561,0.00576607,0.00595422,-3.1599437037932803,0.0177785347812807,1100,shipping-corporation-of-india,Small Cap,Jan-2025
152275,6296.0,1,Birla Corporation Ltd.,Construction Materials,Construction Materials,Domestic Equities,49.0,48.0,2.083333333333333,0.00572075,0.00594,-3.6910774410774367,0.0176387995376421,1100,birla-corporation,Small Cap,Jan-2025
133520,5959.0,1,Triveni Engineering & Industries Ltd.,Agri,Agriculture,Domestic Equities,149.0,144.0,3.4722222222222223,0.00570968,0.006524640000000001,-12.490497560018639,0.0176046673852352,1100,triveni-engineering-industries,Small Cap,Jan-2025
133666,8476.0,1,JBM Auto Ltd.,Automobile & Ancillaries,Automobile & Ancillaries,Domestic Equities,70.0,34.0,105.88235294117648,0.00561085,0.0051935,8.036006546644838,0.0172999446551202,1100,jbm-auto,Small Cap,Jan-2025
189226,98548.0,1,Clean Science And Technology Ltd.,Chemicals,Chemicals,Domestic Equities,39.0,38.0,2.631578947368421,0.005602155,0.00540778,3.5943584983116907,0.017273135344806,1100,clean-science-and-technology,Small Cap,Jan-2025
195442,101899.0,1,Syrma SGS Technology Ltd.,Electricals,Electricals,Domestic Equities,105.0,101.0,3.9603960396039604,0.005586525,0.0059605149999999996,-6.274457827889027,0.0172249433355811,1100,syrma-sgs-technology,Small Cap,Jan-2025
133367,5954.0,1,EPL Ltd.,FMCG,Plastic Products,Domestic Equities,242.0,232.0,4.310344827586207,0.005526069999999999,0.0060204,-8.210916218191493,0.0170385423171748,1100,epl,Small Cap,Jan-2025
152683,97601.0,1,MTAR Technologies Ltd.,Capital Goods,Capital Goods,Domestic Equities,34.0,33.0,3.0303030303030303,0.0055219399999999995,0.005472225,0.9084970007629471,0.0170258082801883,1100,mtar-technologies,Small Cap,Jan-2025
56633,6412.0,1,Graphite India Ltd.,Capital Goods,Capital Goods,Domestic Equities,116.0,112.0,3.571428571428571,0.00552044,0.00633136,-12.8079907002603,0.0170211833272876,1100,graphite-india,Small Cap,Jan-2025
152567,6935.0,1,DCB Bank Ltd.,Bank,Banking,Domestic Equities,462.0,445.0,3.8202247191011236,0.005512122,0.005385835,2.344798903048469,0.0169955364218025,1100,dcb-bank,Small Cap,Jan-2025
505,6857.0,1,Central Bank Of India,Bank,Banking,Domestic Equities,1053.0,1012.0,4.051383399209486,0.0054808650000000006,0.0053949720000000005,1.5920935270841114,0.0168991616532585,1100,central-bank-of-india,Mid Cap,Jan-2025
133479,8056.0,1,Mahindra Lifespace Developers Ltd.,Realty,Realty,Domestic Equities,131.0,127.0,3.149606299212598,0.005477765,0.00588645,-6.942809333299353,0.0168896034172638,1100,mahindra-lifespace-developers,Small Cap,Jan-2025
152110,5928.0,1,ITI Ltd.,Telecom,Telecom,Domestic Equities,168.0,162.0,3.7037037037037033,0.00546084,0.006271830000000001,-12.930675735790038,0.0168374185320347,1100,iti,Small Cap,Jan-2025
152385,6093.0,1,Garware Hi-Tech Films Ltd.,Plastic Products,Plastic Products,Domestic Equities,15.0,14.0,7.142857142857142,0.005447475,0.00701113,-22.30246764786845,0.0167962102016898,1100,garware-hi-tech-films,Small Cap,Jan-2025
622,8212.0,1,ISGEC Heavy Engineering Ltd.,Infrastructure,Infrastructure,Domestic Equities,47.0,45.0,4.444444444444445,0.005443305000000001,0.006491475,-16.146869548138127,0.0167833528326259,1100,isgec-heavy-engineering,Small Cap,Jan-2025
59494,100957.0,1,Latent View Analytics Ltd.,Business Services,Other,Domestic Equities,124.0,120.0,3.3333333333333335,0.00543306,0.005874000000000001,-7.506639427987756,0.0167517644043144,1100,latent-view-analytics,Small Cap,Jan-2025
212222,111581.0,1,Azad Engineering Ltd.,Capital Goods,Capital Goods,Domestic Equities,35.0,34.0,2.941176470588235,0.005423424999999999,0.0058556500000000004,-7.3813325591522805,0.0167220567901825,1100,azad-engineering,Small Cap,Jan-2025
137807,98607.0,1,GR Infraprojects Ltd.,Infrastructure,Infrastructure,Domestic Equities,42.0,41.0,2.4390243902439024,0.00537642,0.006030895,-10.852037715795085,0.0165771261827854,1100,gr-infraprojects,Small Cap,Jan-2025
133631,6516.0,1,Suprajit Engineering Ltd.,Automobile & Ancillaries,Automobile & Ancillaries,Domestic Equities,132.0,128.0,3.125,0.0053691,0.00588032,-8.693744558119286,0.0165545564126302,1100,suprajit-engineering,Small Cap,Jan-2025
172886,92573.0,1,CSB Bank Ltd.,Bank,Banking,Domestic Equities,173.0,167.0,3.592814371257485,0.0052955300000000005,0.005228770000000001,1.276782111280476,0.0163277178893624,1100,csb-bank,Small Cap,Jan-2025
19274,6773.0,1,Ganesh Housing Corporation Ltd.,Realty,Realty,Domestic Equities,39.0,37.0,5.405405405405405,0.00528333,0.00465793,13.426565019225286,0.0162901016057703,1100,ganesh-housing-corporation,Small Cap,Jan-2025
204790,107779.0,1,Honasa Consumer Ltd.,Trading,Trading,Domestic Equities,240.0,230.0,4.3478260869565215,0.0052824000000000005,0.0058696,-10.004088864658577,0.0162872341349719,1100,honasa-consumer,Small Cap,Jan-2025
96376,16986.0,1,Shriram Pistons & Rings Ltd,Capital Goods,Capital Goods,Domestic Equities,26.0,25.0,4.0,0.00528073,0.005462625,-3.3298093865128893,0.0162820850207425,1100,shriram-pistons-rings,Small Cap,Jan-2025
152476,5252.0,1,Shree Renuka Sugars Ltd.,Agri,Agriculture,Domestic Equities,1394.0,1339.0,4.1075429424943986,0.005273502,0.005285033,-0.218182175967495,0.0162597989143652,1100,shree-renuka-sugars,Small Cap,Jan-2025
685,6024.0,1,Dhani Services Ltd.,Finance,Finance,Domestic Equities,676.0,650.0,4.0,0.005246436,0.0061034999999999996,-14.042172523961657,0.0161763462642256,1100,dhani-services,Small Cap,Jan-2025
640,7202.0,1,J Kumar Infraprojects Ltd.,Infrastructure,Infrastructure,Domestic Equities,70.0,68.0,2.941176470588235,0.0051527,0.005188399999999999,-0.6880733944954056,0.0158873298741613,1100,j-kumar-infraprojects,Small Cap,Jan-2025
133538,7699.0,1,Tips Music Ltd.,Media & Entertainment,Media & Entertainment,Domestic Equities,80.0,77.0,3.896103896103896,0.0051492000000000005,0.00586124,-12.148282615965211,0.0158765383173931,1100,tips-music,Small Cap,Jan-2025
19089,7012.0,1,Gabriel India Ltd.,Automobile & Ancillaries,Automobile & Ancillaries,Domestic Equities,111.0,107.0,3.7383177570093453,0.00511155,0.0050718,0.7837454158287122,0.0157604519995865,1100,gabriel-india,Small Cap,Jan-2025
133537,5258.0,1,Sterlite Technologies Ltd.,Electricals,Electricals,Domestic Equities,469.0,451.0,3.9911308203991127,0.005096154,0.005167107,-1.3731668417162477,0.0157129814830141,1100,sterlite-technologies,Small Cap,Jan-2025
23093,92714.0,1,IIFL Capital Services Ltd.,Finance,Finance,Domestic Equities,200.0,191.0,4.712041884816754,0.005083,0.00625907,-18.789852166535926,0.0156724237293772,1100,iifl-capital-services,Small Cap,Jan-2025
133293,6728.0,1,Force Motors Ltd.,Automobile & Ancillaries,Automobile & Ancillaries,Domestic Equities,8.0,8.0,0.0,0.00504904,0.00521,-3.0894433781190016,0.0155677147957062,1100,force-motors,Small Cap,Jan-2025
171806,5690.0,1,Bajaj Electricals Ltd.,Consumer Durables,Consumer Durables,Domestic Equities,72.0,70.0,2.857142857142857,0.00504432,0.00537285,-6.11463189927134,0.0155531616105788,1100,bajaj-electricals,Small Cap,Jan-2025
65311,106730.0,1,SBFC Finance Ltd.,Finance,Finance,Domestic Equities,590.0,565.0,4.424778761061947,0.0050297499999999995,0.005125115,-1.860738734643039,0.0155082379014037,1100,sbfc-finance,Small Cap,Jan-2025
207271,109317.0,1,Netweb Technologies India Ltd.,Consumer Durables,Consumer Durables,Domestic Equities,28.0,27.0,3.7037037037037033,0.005023339999999999,0.007359255,-31.7411884762792,0.0154884739360082,1100,netweb-technologies-india,Small Cap,Jan-2025
40702,7798.0,1,RHI Magnesita India Ltd.,Capital Goods,Capital Goods,Domestic Equities,106.0,102.0,3.9215686274509802,0.0050085,0.00513162,-2.39924234452278,0.015442717735311,1100,rhi-magnesita-india,Small Cap,Jan-2025
203237,106365.0,1,Aarti Pharmalabs Ltd.,Healthcare,Healthcare,Domestic Equities,85.0,81.0,4.938271604938271,0.0049686750000000005,0.005558625,-10.613236187006683,0.0153199252357984,1100,aarti-pharmalabs,Small Cap,Jan-2025
75687,8264.0,1,Avanti Feeds Ltd.,FMCG,Fast Moving Consumer Goods,Domestic Equities,70.0,67.0,4.477611940298507,0.0049549500000000005,0.004567725,8.47741490566967,0.0152776069167573,1100,avanti-feeds,Small Cap,Jan-2025
137941,15743.0,1,Power Mech Projects Ltd.,Infrastructure,Infrastructure,Domestic Equities,23.0,22.0,4.545454545454546,0.004954200000000001,0.00565411,-12.378782867683856,0.015275294440307,1100,power-mech-projects,Small Cap,Jan-2025
174214,92744.0,1,Samhi Hotels Ltd.,Hospitality,Hospitality,Domestic Equities,289.0,277.0,4.332129963898916,0.004942478,0.005561883,-11.136606073878209,0.0152391519750393,1100,samhi-hotels,Small Cap,Jan-2025
114424,7958.0,1,JK Paper Ltd.,Paper,Paper,Domestic Equities,134.0,130.0,3.076923076923077,0.00493321,0.0053924,-8.515503300942074,0.0152105759327171,1100,jk-paper,Small Cap,Jan-2025
152279,8202.0,1,Rain Industries Ltd.,Crude Oil,Crude Oil,Domestic Equities,340.0,327.0,3.9755351681957185,0.00492694,0.005535129,-10.987801729643511,0.0151912436295923,1100,rain-industries,Small Cap,Jan-2025
76268,106949.0,1,Indegene Ltd.,Healthcare,Healthcare,Domestic Equities,82.0,78.0,5.128205128205128,0.004917540000000001,0.0047088600000000005,4.431645876071915,0.0151622605914148,1100,indegene,Small Cap,Jan-2025
210775,110911.0,1,Cello World Ltd.,Trading,Fast Moving Consumer Goods,Domestic Equities,75.0,73.0,2.73972602739726,0.00489675,0.0055235449999999995,-11.347694279670021,0.0150981587442116,1100,cello-world,Small Cap,Jan-2025
133421,5619.0,1,Ingersoll-Rand (India) Ltd.,Capital Goods,Capital Goods,Domestic Equities,13.0,13.0,0.0,0.004864795,0.005426655,-10.353707762885241,0.0149996318309179,1100,ingersoll-rand-india,Small Cap,Jan-2025
2006,102339.0,1,Ethos Ltd.,Retailing,Retailing,Domestic Equities,20.0,20.0,0.0,0.0048627,0.0058755000000000005,-17.23768189941282,0.0149931723133666,1100,ethos,Small Cap,Jan-2025
171894,86746.0,1,Godrej Agrovet Ltd.,FMCG,Fast Moving Consumer Goods,Domestic Equities,66.0,63.0,4.761904761904762,0.00481734,0.004683735,2.852531153022107,0.0148533137376506,1100,godrej-agrovet,Small Cap,Jan-2025
84751,89823.0,1,Senco Gold Ltd.,Diamond  &  Jewellery,Diamond & Jewellery,Domestic Equities,102.0,49.0,108.16326530612245,0.0047919600000000005,0.005255495,-8.820006488446852,0.0147750595345714,1100,senco-gold,Small Cap,Jan-2025
175396,92940.0,1,Restaurant Brands Asia Ltd.,Hospitality,Hospitality,Domestic Equities,658.0,630.0,4.444444444444445,0.004779054,0.00534744,-10.629123468426016,0.0147352664398141,1100,restaurant-brands-asia,Small Cap,Jan-2025
133428,5610.0,1,Jain Irrigation Systems Ltd.,Plastic Products,Plastic Products,Domestic Equities,671.0,643.0,4.354587869362364,0.004741286,0.004371757,8.452642724652813,0.0146188162923793,1100,jain-irrigation-systems,Small Cap,Jan-2025
195742,102041.0,1,TBO Tek Ltd.,Hospitality,Hospitality,Domestic Equities,30.0,28.0,7.142857142857142,0.0046743,0.00485562,-3.734229614343788,0.0144122782290434,1100,tbo-tek,Small Cap,Jan-2025
32,5828.0,1,Greaves Cotton Ltd.,Automobile & Ancillaries,Automobile & Ancillaries,Domestic Equities,175.0,169.0,3.5502958579881656,0.004654125,0.004689243,-0.7489055269688538,0.0143500726125295,1100,greaves-cotton,Small Cap,Jan-2025
39589,15972.0,1,TeamLease Services Ltd.,Business Services,Other,Domestic Equities,19.0,19.0,0.0,0.0046400849999999995,0.0055689,-16.67860798362334,0.0143067830533793,1100,teamlease-services,Small Cap,Jan-2025
114439,5439.0,1,Gujarat Mineral Development Corporation Ltd.,Mining,Mining,Domestic Equities,144.0,139.0,3.597122302158273,0.00463752,0.004473019999999999,3.6776048396832612,0.0142988743839192,1100,gujarat-mineral-development-corporation,Small Cap,Jan-2025
75882,7888.0,1,Zydus Wellness Ltd.,FMCG,Fast Moving Consumer Goods,Domestic Equities,25.0,24.0,4.166666666666666,0.0045908749999999995,0.004731,-2.961847389558241,0.0141550537652183,1100,zydus-wellness,Small Cap,Jan-2025
133348,5626.0,1,Chennai Petroleum Corporation Ltd.,Crude Oil,Crude Oil,Domestic Equities,84.0,81.0,3.7037037037037033,0.00454818,0.00506898,-10.274256359267538,0.0140234121891558,1100,chennai-petroleum-corporation,Small Cap,Jan-2025
96716,89715.0,1,Dodla Dairy Ltd,FMCG,Fast Moving Consumer Goods,Domestic Equities,40.0,39.0,2.564102564102564,0.0045392,0.004957875,-8.444646143761188,0.0139957241377905,1100,dodla-dairy,Small Cap,Jan-2025
152217,6011.0,1,Maharashtra Seamless Ltd.,Iron & Steel,Iron & Steel,Domestic Equities,73.0,70.0,4.285714285714286,0.0045281900000000005,0.00490665,-7.713205547573189,0.0139617769834996,1100,maharashtra-seamless,Small Cap,Jan-2025
39503,103957.0,1,Gateway Distriparks Ltd.,Logistics,Logistics,Domestic Equities,593.0,570.0,4.035087719298246,0.004514509,0.00455772,-0.948083690968296,0.0139195943297436,1100,gateway-distriparks,Small Cap,Jan-2025
75571,8023.0,1,Sunteck Realty Ltd.,Realty,Realty,Domestic Equities,94.0,91.0,3.296703296703297,0.00447675,0.004621435,-3.130737530658766,0.0138031719320262,1100,sunteck-realty,Small Cap,Jan-2025
152605,7848.0,1,Ahluwalia Contracts (India) Ltd.,Realty,Realty,Domestic Equities,52.0,50.0,4.0,0.0044525,0.00512875,-13.18547404338289,0.0137284018601322,1100,ahluwalia-contracts-india,Small Cap,Jan-2025
174597,97684.0,1,Indigo Paints Ltd.,Chemicals,Chemicals,Domestic Equities,35.0,34.0,2.941176470588235,0.0044352,0.00476697,-6.959766895952766,0.0136750607366779,1100,indigo-paints,Small Cap,Jan-2025
171818,5576.0,1,Nocil Ltd.,Chemicals,Chemicals,Domestic Equities,190.0,183.0,3.825136612021858,0.00443099,0.00445971,-0.6439880620040284,0.0136620800355367,1100,nocil,Small Cap,Jan-2025
152327,6266.0,1,Thomas Cook (India) Ltd.,Hospitality,Hospitality,Domestic Equities,285.0,274.0,4.014598540145985,0.004427475,0.005381086,-17.72153427765325,0.0136512422292395,1100,thomas-cook-india,Small Cap,Jan-2025
141828,87574.0,1,Orient Electric Ltd.,Consumer Durables,Consumer Durables,Domestic Equities,201.0,194.0,3.608247422680412,0.004414965,0.004518842,-2.298752645036051,0.013612670122048,1100,orient-electric,Small Cap,Jan-2025
56976,4893.0,1,KRBL Ltd.,FMCG,Fast Moving Consumer Goods,Domestic Equities,159.0,153.0,3.9215686274509802,0.00439317,0.004599944999999999,-4.495162442159626,0.0135454695564013,1100,krbl,Small Cap,Jan-2025
76000,6304.0,1,Rajesh Exports Ltd.,Diamond  &  Jewellery,Diamond & Jewellery,Domestic Equities,235.0,227.0,3.524229074889868,0.004389565000000001,0.005235073999999999,-16.1508509717341,0.0135343542529301,1100,rajesh-exports,Small Cap,Jan-2025
43013,99994.0,1,Tega Industries Ltd.,Capital Goods,Capital Goods,Domestic Equities,29.0,28.0,3.571428571428571,0.00438828,0.004385780000000001,0.05700240322131353,0.0135303922099452,1100,tega-industries,Small Cap,Jan-2025
67,7522.0,1,Borosil Renewables Ltd.,Construction Materials,Construction Materials,Domestic Equities,83.0,80.0,3.75,0.00438489,0.0044836,-2.2015790882326622,0.0135199398163897,1100,borosil-renewables,Small Cap,Jan-2025
57098,5912.0,1,Patel Engineering Ltd.,Infrastructure,Infrastructure,Domestic Equities,879.0,845.0,4.023668639053255,0.004360719,0.004391465,-0.7001308219466585,0.0134454133253484,1100,patel-engineering,Small Cap,Jan-2025
133292,6154.0,1,Bajaj Hindusthan Sugar Ltd.,Agri,Agriculture,Domestic Equities,1573.0,1512.0,4.034391534391534,0.004360356,0.004590432,-5.012077294685982,0.0134442940867465,1100,bajaj-hindusthan-sugar,Small Cap,Jan-2025
210731,110843.0,1,Redtape Ltd.,Retailing,Retailing,Domestic Equities,64.0,62.0,3.225806451612903,0.00431904,0.00541601,-20.25420927952496,0.0133169043840506,1100,redtape,Small Cap,Jan-2025
519,6606.0,1,Paisalo Digital Ltd.,Finance,Finance,Domestic Equities,997.0,958.0,4.07098121085595,0.004318007,0.004788084000000001,-9.817643132409549,0.013313719333153,1100,paisalo-digital,Small Cap,Jan-2025
171754,5110.0,1,VIP Industries Ltd.,FMCG,Fast Moving Consumer Goods,Domestic Equities,116.0,112.0,3.571428571428571,0.00431636,0.00537768,-19.73564808616355,0.0133086411348681,1100,vip-industries,Small Cap,Jan-2025
176637,93115.0,1,Easy Trip Planners Ltd.,Hospitality,Hospitality,Domestic Equities,3173.0,2957.0,7.304700710179237,0.00428355,0.004689802,-8.662455259305196,0.013207477998421,1100,easy-trip-planners,Small Cap,Jan-2025
76446,99976.0,1,Epigral Ltd.,Chemicals,Chemicals,Domestic Equities,23.0,22.0,4.545454545454546,0.00424672,0.00417164,1.7997717923886085,0.0130939199882,1100,epigral,Small Cap,Jan-2025
673,8549.0,1,Man InfraConstruction Ltd.,Infrastructure,Infrastructure,Domestic Equities,211.0,204.0,3.431372549019608,0.004246375,0.00501738,-15.366685401544236,0.0130928562490329,1100,man-infraconstruction,Small Cap,Jan-2025
182,6786.0,1,Bharat Bijlee Ltd.,Capital Goods,Capital Goods,Domestic Equities,13.0,12.0,8.333333333333332,0.00421629,0.00450204,-6.347122637737562,0.0130000951103553,1100,bharat-bijlee,Small Cap,Jan-2025
19032,5817.0,1,Dynamatic Technologies Ltd.,Capital Goods,Capital Goods,Domestic Equities,6.0,6.0,0.0,0.00420744,0.00507681,-17.12433595111892,0.0129728078882414,1100,dynamatic-technologies,Small Cap,Jan-2025
133628,7605.0,1,UCO Bank,Bank,Banking,Domestic Equities,966.0,929.0,3.982777179763186,0.004203066,0.004075523,3.1294879209367723,0.012959321525583,1100,uco-bank,Mid Cap,Jan-2025
171883,5324.0,1,Mangalore Refinery And Petrochemicals Ltd.,Crude Oil,Crude Oil,Domestic Equities,320.0,308.0,3.896103896103896,0.004144,0.0045710279999999995,-9.342056097665555,0.0127772032135627,1100,mangalore-refinery-and-petrochemicals,Small Cap,Jan-2025
133066,6858.0,1,Indo Count Industries Ltd.,Textile,Textile,Domestic Equities,138.0,134.0,2.9850746268656714,0.00410964,0.0043751,-6.067518456720992,0.0126712609591182,1100,indo-count-industries,Small Cap,Jan-2025
98379,98534.0,1,Jana Small Finance Bank Ltd.,Bank,Banking,Domestic Equities,91.0,87.0,4.597701149425287,0.00410592,0.003436065,19.49482911411747,0.0126597910759245,1100,jana-small-finance-bank,Small Cap,Jan-2025
8162,87681.0,1,H.G. Infra Engineering Ltd.,Infrastructure,Infrastructure,Domestic Equities,32.0,30.0,6.666666666666667,0.00410208,0.00455175,-9.879057505355078,0.0126479511964988,1100,hg-infra-engineering,Small Cap,Jan-2025
140187,110794.0,1,India Shelter Finance Corporation Ltd.,Finance,Finance,Domestic Equities,62.0,59.0,5.084745762711865,0.00410006,0.0041595,-1.4290179108065886,0.0126417229265926,1100,india-shelter-finance-corporation,Small Cap,Jan-2025
192488,100187.0,1,CE Info Systems Ltd.,IT,Information Technology,Domestic Equities,24.0,23.0,4.3478260869565215,0.004083359999999999,0.003654585,11.732522297333338,0.0125902317842986,1100,ce-info-systems,Small Cap,Jan-2025
37858,5520.0,1,Alkyl Amines Chemicals Ltd.,Chemicals,Chemicals,Domestic Equities,24.0,23.0,4.3478260869565215,0.0040794,0.004052715,0.6584474852043675,0.0125780219086408,1100,alkyl-amines-chemicals,Small Cap,Jan-2025
133083,6007.0,1,Alok Industries Ltd.,Textile,Textile,Domestic Equities,2172.0,2086.0,4.1227229146692235,0.004059468,0.004384772,-7.418949035434457,0.0125165655344968,1100,alok-industries,Small Cap,Jan-2025
95085,5966.0,1,FDC Ltd.,Healthcare,Healthcare,Domestic Equities,86.0,83.0,3.614457831325301,0.0040420000000000005,0.004145435,-2.495154308293341,0.0124627064163177,1100,fdc,Small Cap,Jan-2025
155654,90605.0,1,Neogen Chemicals Ltd.,Chemicals,Chemicals,Domestic Equities,21.0,21.0,0.0,0.004002075,0.004685415,-14.584407144297785,0.0123396055866117,1100,neogen-chemicals,Small Cap,Jan-2025
171766,8713.0,1,Mahindra Holidays & Resorts India Ltd.,Hospitality,Hospitality,Domestic Equities,117.0,113.0,3.5398230088495577,0.003971565,0.00404088,-1.7153441824553017,0.0122455340446122,1100,mahindra-holidays-resorts-india,Small Cap,Jan-2025
817,98504.0,1,Rolex Rings Ltd,Automobile & Ancillaries,Automobile & Ancillaries,Domestic Equities,22.0,21.0,4.761904761904762,0.00395626,0.0038625300000000003,2.4266478189166074,0.0121983441085158,1100,rolex-rings,Small Cap,Jan-2025
289,5004.0,1,Rashtriya Chemicals and Fertilizers Ltd.,Chemicals,Chemicals,Domestic Equities,241.0,233.0,3.4334763948497855,0.003932879,0.00404954,-2.8808457256873514,0.0121262534260022,1100,rashtriya-chemicals-and-fertilizers,Small Cap,Jan-2025
191951,99980.0,1,Go Fashion (India) Ltd.,Retailing,Retailing,Domestic Equities,44.0,43.0,2.3255813953488373,0.0039281,0.004071455,-3.5209771445343248,0.0121115183260607,1100,go-fashion-india,Small Cap,Jan-2025
133876,6889.0,1,MOIL Ltd.,Mining,Mining,Domestic Equities,125.0,121.0,3.3057851239669422,0.003829375,0.004008125,-4.459691252144089,0.0118071193426488,1100,moil,Small Cap,Jan-2025
77419,105086.0,1,Sula Vineyards Ltd.,Alcohol,Alcohol,Domestic Equities,109.0,104.0,4.807692307692308,0.00382154,0.0043342,-11.828249734668459,0.0117829616719977,1100,sula-vineyards,Small Cap,Jan-2025
195761,102061.0,1,Campus Activewear Ltd.,FMCG,Retailing,Domestic Equities,140.0,135.0,3.7037037037037033,0.0038178,0.004357125,-12.378001549186676,0.0117714301227653,1100,campus-activewear,Small Cap,Jan-2025
211886,111359.0,1,Entero Healthcare Solutions Ltd.,Trading,Trading,Domestic Equities,28.0,27.0,3.7037037037037033,0.0037765,0.003845205,-1.7867707963554615,0.0116440897529005,1100,entero-healthcare-solutions,Small Cap,Jan-2025
39045,88307.0,1,Varroc Engineering Ltd.,Automobile & Ancillaries,Automobile & Ancillaries,Domestic Equities,67.0,64.0,4.6875,0.0037221850000000003,0.00376928,-1.2494428644197242,0.0114766202083675,1100,varroc-engineering,Small Cap,Jan-2025
317,5676.0,1,Orchid Pharma Ltd.,Healthcare,Healthcare,Domestic Equities,26.0,25.0,4.0,0.0036737999999999996,0.004517625,-18.678509172408074,0.0113274346443018,1100,orchid-pharma,Small Cap,Jan-2025
152276,6275.0,1,Surya Roshni Ltd.,Iron & Steel,Diversified,Domestic Equities,139.0,66.0,110.6060606060606,0.003648055,0.00392469,-7.048582181013025,0.0112480550360168,1100,surya-roshni,Small Cap,Jan-2025
102185,102621.0,1,Inox Green Energy Services Ltd.,Infrastructure,Capital Goods,Domestic Equities,227.0,218.0,4.128440366972478,0.0036376750000000004,0.003854458,-5.624214870158135,0.0112160503619442,1100,inox-green-energy-services,Small Cap,Jan-2025
152286,7340.0,1,Rallis India Ltd.,Chemicals,Chemicals,Domestic Equities,151.0,146.0,3.4246575342465753,0.003632305,0.0043216,-15.949995372084407,0.0111994930305598,1100,rallis-india,Small Cap,Jan-2025
57579,16047.0,1,Healthcare Global Enterprises Ltd.,Healthcare,Healthcare,Domestic Equities,70.0,67.0,4.477611940298507,0.0035826,0.003277305,9.315428377889774,0.0110462375079415,1100,healthcare-global-enterprises,Small Cap,Jan-2025
114673,111130.0,1,Inox India Ltd.,Capital Goods,Capital Goods,Domestic Equities,39.0,37.0,5.405405405405405,0.00357435,0.004095345,-12.721638836288523,0.0110208002669879,1100,inox-india,Small Cap,Jan-2025
133299,5776.0,1,Banco Products (India) Ltd.,Automobile & Ancillaries,Automobile & Ancillaries,Domestic Equities,78.0,112.0,-30.357142857142854,0.00350688,0.00532504,-34.143593287562155,0.0108127698855161,1100,banco-products-india,Small Cap,Jan-2025
172778,92545.0,1,Greenpanel Industries Ltd.,Construction Materials,Construction Materials,Domestic Equities,100.0,97.0,3.0927835051546393,0.003485,0.00366854,-5.003080244456933,0.0107453072392051,1100,greenpanel-industries,Small Cap,Jan-2025
195785,102076.0,1,Aether Industries Ltd.,Chemicals,Chemicals,Domestic Equities,42.0,40.0,5.0,0.0034824300000000003,0.0035478,-1.8425503128699363,0.0107373831532353,1100,aether-industries,Small Cap,Jan-2025
114765,102573.0,1,TVS Supply Chain Solutions Ltd.,Logistics,Logistics,Domestic Equities,244.0,236.0,3.389830508474576,0.0034821239999999996,0.00422086,-17.502025653539807,0.0107364396628436,1100,tvs-supply-chain-solutions,Small Cap,Jan-2025
133406,6580.0,1,AGI Greenpac Ltd.,FMCG,Fast Moving Consumer Goods,Domestic Equities,44.0,43.0,2.3255813953488373,0.0034799600000000003,0.004818365,-27.777160924919546,0.0107297673974589,1100,agi-greenpac,Small Cap,Jan-2025
171423,6205.0,1,Nesco Ltd.,Capital Goods,Capital Goods,Domestic Equities,36.0,35.0,2.857142857142857,0.00346338,0.003372775,2.686363602671382,0.0106786462513969,1100,nesco,Small Cap,Jan-2025
193124,100508.0,1,Electronics Mart India Ltd.,Retailing,Retailing,Domestic Equities,235.0,225.0,4.444444444444445,0.00345168,0.0036976500000000002,-6.65206279664112,0.0106425716187717,1100,electronics-mart-india,Small Cap,Jan-2025
95406,100018.0,1,Emcure Pharmaceuticals Ltd.,Healthcare,Healthcare,Domestic Equities,28.0,27.0,3.7037037037037033,0.0034398000000000002,0.00390717,-11.961854743970694,0.0106059419917985,1100,emcure-pharmaceuticals,Small Cap,Jan-2025
133405,6311.0,1,Hindustan Oil Exploration Company Ltd.,Crude Oil,Crude Oil,Domestic Equities,173.0,167.0,3.592814371257485,0.0034283409999999997,0.003058772,12.08226700126716,0.0105706104349394,1100,hindustan-oil-exploration-company,Small Cap,Jan-2025
56678,7680.0,1,VST Industries Ltd.,FMCG,Fast Moving Consumer Goods,Domestic Equities,107.0,102.0,4.901960784313726,0.00342828,0.00342924,-0.027994541064488045,0.0105704223535214,1100,vst-industries,Small Cap,Jan-2025
75723,6469.0,1,Shivalik Bimetal Controls Ltd.,Non - Ferrous Metals,Non - Ferrous Metals,Domestic Equities,66.0,63.0,4.761904761904762,0.0034184700000000003,0.003625335,-5.7060933679232395,0.0105401751615511,1100,shivalik-bimetal-controls,Small Cap,Jan-2025
171704,7556.0,1,Cigniti Technologies Ltd.,IT,Information Technology,Domestic Equities,23.0,22.0,4.545454545454546,0.003406645,0.0038364700000000002,-11.203658571551461,0.0105037151161842,1100,cigniti-technologies,Small Cap,Jan-2025
75679,8032.0,1,Sequent Scientific Ltd.,Healthcare,Healthcare,Domestic Equities,206.0,199.0,3.5175879396984926,0.003401678,0.003499614,-2.7984800609438523,0.0104884003554791,1100,sequent-scientific,Small Cap,Jan-2025
153043,7287.0,1,Just Dial Ltd.,Business Services,Information Technology,Domestic Equities,38.0,37.0,2.7027027027027026,0.0033869399999999997,0.00367595,-7.862185285436421,0.0104429586515791,1100,just-dial,Small Cap,Jan-2025
171642,5835.0,1,Symphony Ltd.,Consumer Durables,Consumer Durables,Domestic Equities,27.0,26.0,3.8461538461538463,0.003360015,0.00349869,-3.96362638587585,0.0103599407470123,1100,symphony,Small Cap,Jan-2025
37947,6666.0,1,Dhanuka Agritech Ltd.,Chemicals,Chemicals,Domestic Equities,23.0,22.0,4.545454545454546,0.00332028,0.0032507200000000003,2.1398336368558235,0.0102374257446737,1100,dhanuka-agritech,Small Cap,Jan-2025
40323,8128.0,1,RattanIndia Enterprises Ltd.,Business Services,Other,Domestic Equities,607.0,584.0,3.9383561643835616,0.0033105780000000002,0.003715408,-10.895976969420314,0.0102075115493122,1100,rattanindia-enterprises,Small Cap,Jan-2025
2225,17089.0,1,Dilip Buildcon Ltd.,Realty,Infrastructure,Domestic Equities,76.0,74.0,2.7027027027027026,0.0033029599999999998,0.00333296,-0.9001008112908654,0.0101840229551807,1100,dilip-buildcon,Small Cap,Jan-2025
97967,101080.0,1,eMudhra Ltd.,IT,Information Technology,Domestic Equities,47.0,45.0,4.444444444444445,0.0032744899999999997,0.004209075,-22.204047207521842,0.0100962413491262,1100,emudhra,Small Cap,Jan-2025
57043,5095.0,1,Balaji Amines Ltd.,Chemicals,Chemicals,Domestic Equities,19.0,18.0,5.555555555555555,0.00326743,0.00321606,1.5972960703469472,0.0100744732374737,1100,balaji-amines,Small Cap,Jan-2025
160292,110213.0,1,ASK Automotive Ltd.,Automobile & Ancillaries,Automobile & Ancillaries,Domestic Equities,72.0,69.0,4.3478260869565215,0.00324324,0.003281295,-1.1597555233528278,0.00999988816369571,1100,ask-automotive,Small Cap,Jan-2025
63725,92864.0,1,Route Mobile Ltd.,IT,Information Technology,Domestic Equities,27.0,26.0,3.8461538461538463,0.0032319,0.00362141,-10.755755354958433,0.00996492351976671,1100,route-mobile,Small Cap,Jan-2025
782,108121.0,1,Cyient DLM Ltd.,Electricals,Capital Goods,Domestic Equities,66.0,63.0,4.761904761904762,0.00322179,0.00421848,-23.626756556864084,0.00993375133721624,1100,cyient-dlm,Small Cap,Jan-2025
133009,8651.0,1,Heritage Foods Ltd.,FMCG,Fast Moving Consumer Goods,Domestic Equities,74.0,72.0,2.7777777777777777,0.00320901,0.00348876,-8.018608330753628,0.0098943467385026,1100,heritage-foods,Small Cap,Jan-2025
133806,98191.0,1,Laxmi Organic Industries Ltd.,Chemicals,Chemicals,Domestic Equities,146.0,141.0,3.546099290780142,0.003172142,0.00340797,-6.919896595333882,0.00978067156280819,1100,laxmi-organic-industries,Small Cap,Jan-2025
518,6748.0,1,Kaveri Seed Company Ltd.,Agri,Agriculture,Domestic Equities,35.0,33.0,6.0606060606060606,0.003162075,0.0028822199999999996,9.709702937319149,0.00974963196224088,1100,kaveri-seed-company,Small Cap,Jan-2025
152639,5416.0,1,Delta Corp Ltd.,Miscellaneous,Hospitality,Domestic Equities,310.0,298.0,4.026845637583892,0.00315766,0.003301244,-4.349390714530641,0.00973601918420327,1100,delta-corp,Small Cap,Jan-2025
201953,105633.0,1,Blue Jet Healthcare Ltd.,Healthcare,Healthcare,Domestic Equities,42.0,41.0,2.4390243902439024,0.00315189,0.00231527,36.13487843750404,0.00971822853204539,1100,blue-jet-healthcare,Small Cap,Jan-2025
38457,7732.0,1,The Orissa Minerals Development Company Ltd.,Mining,Mining,Domestic Equities,5.0,5.0,0.0,0.0031388500000000003,0.003551725,-11.624633100817201,0.00967802227482896,1100,the-orissa-minerals-development-company,Small Cap,Jan-2025
46352,86526.0,1,Share India Securities Ltd.,Finance,Finance,Domestic Equities,127.0,122.0,4.098360655737705,0.00313182,0.00374845,-16.450266109992125,0.00965634666223453,1100,share-india-securities,Small Cap,Jan-2025
113922,5953.0,1,Hindustan Foods Ltd.,FMCG,Fast Moving Consumer Goods,Domestic Equities,61.0,59.0,3.389830508474576,0.0030914799999999997,0.00304912,1.3892532927533066,0.00953196626222605,1100,hindustan-foods,Small Cap,Jan-2025
76241,86002.0,1,Star Cement Ltd.,Construction Materials,Construction Materials,Domestic Equities,144.0,139.0,3.597122302158273,0.0030745440000000002,0.003227858,-4.749713277349869,0.00947974746067564,1100,star-cement,Small Cap,Jan-2025
171464,5049.0,1,Jamna Auto Industries Ltd.,Automobile & Ancillaries,Automobile & Ancillaries,Domestic Equities,340.0,328.0,3.6585365853658534,0.00305626,0.0031920959999999997,-4.255385802933237,0.00942337236811851,1100,jamna-auto-industries,Small Cap,Jan-2025
929,7279.0,1,Sharda Motor Industries Ltd.,Automobile & Ancillaries,Automobile & Ancillaries,Domestic Equities,17.0,17.0,0.0,0.003042575,0.003161405,-3.7587718119000817,0.0093811773811548,1100,sharda-motor-industries,Small Cap,Jan-2025
511,6236.0,1,Puravankara Ltd.,Realty,Realty,Domestic Equities,103.0,100.0,3.0,0.003016355,0.0037995,-20.611791025134888,0.00930033320445122,1100,puravankara,Small Cap,Jan-2025
59969,6489.0,1,JTL Industries Ltd,Iron & Steel,Iron & Steel,Domestic Equities,305.0,294.0,3.741496598639456,0.002956975,0.002822694,4.757192951131082,0.00911724673562368,1100,jtl-industries,Small Cap,Jan-2025
188394,98230.0,1,Paras Defence And Space Technologies Ltd.,Capital Goods,Capital Goods,Domestic Equities,26.0,25.0,4.0,0.00295334,0.0025205,17.172783177940882,0.0091060389330944,1100,paras-defence-and-space-technologies,Small Cap,Jan-2025
254,7400.0,1,Polyplex Corporation Ltd.,Plastic Products,Plastic Products,Domestic Equities,26.0,25.0,4.0,0.0029509999999999996,0.0032335000000000003,-8.736663058605242,0.00909882400656937,1100,polyplex-corporation,Small Cap,Jan-2025
171440,6777.0,1,Greenply Industries Ltd.,Construction Materials,Construction Materials,Domestic Equities,104.0,100.0,4.0,0.00291356,0.0030755,-5.265485286945208,0.00898338518216884,1100,greenply-industries,Small Cap,Jan-2025
39606,5158.0,1,Wonderla Holidays Ltd.,Hospitality,Hospitality,Domestic Equities,41.0,40.0,2.5,0.00289993,0.0029232000000000004,-0.7960454296661272,0.00894135977681149,1100,wonderla-holidays,Small Cap,Jan-2025
19002,5518.0,1,Sandur Manganese & Iron Ores Ltd.,Mining,Mining,Domestic Equities,73.0,70.0,4.285714285714286,0.0028688999999999997,0.00289275,-0.8244749805548444,0.00884568491780646,1100,sandur-manganese-iron-ores,Small Cap,Jan-2025
201312,105351.0,1,Avalon Technologies Ltd.,Electricals,Electricals,Domestic Equities,43.0,41.0,4.878048780487805,0.002839075,0.0039524,-28.168328104442867,0.00875372543763163,1100,avalon-technologies,Small Cap,Jan-2025
152666,87989.0,1,Mishra Dhatu Nigam Ltd.,Iron & Steel,Iron & Steel,Domestic Equities,85.0,82.0,3.6585365853658534,0.002789275,0.00276668,0.8166828111671641,0.00860017700132965,1100,mishra-dhatu-nigam,Small Cap,Jan-2025
171515,5866.0,1,Sun Pharma Advanced Research Company Ltd.,Business Services,Healthcare,Domestic Equities,174.0,168.0,3.571428571428571,0.00278226,0.00336924,-17.421733091142226,0.00857854763826421,1100,sun-pharma-advanced-research-company,Small Cap,Jan-2025
1607,90490.0,1,Prince Pipes and Fittings Ltd.,Plastic Products,Plastic Products,Domestic Equities,75.0,72.0,4.166666666666666,0.0027795,0.00309096,-10.076481093252584,0.008570037724927,1100,prince-pipes-and-fittings,Small Cap,Jan-2025
171614,5038.0,1,Gujarat Ambuja Exports Ltd.,Agri,Agriculture,Domestic Equities,244.0,235.0,3.829787234042553,0.002775744,0.0029257499999999995,-5.127095616508579,0.00855845684286374,1100,gujarat-ambuja-exports,Small Cap,Jan-2025
198396,104128.0,1,Yatharth Hospital & Trauma Care Services Ltd.,Healthcare,Healthcare,Domestic Equities,65.0,44.0,47.72727272727273,0.0027742,0.0024932599999999997,11.267978469955002,0.00855369622467799,1100,yatharth-hospital-trauma-care-services,Small Cap,Jan-2025
139531,7409.0,1,Gulf Oil Lubricants India Ltd.,Automobile & Ancillaries,Automobile & Ancillaries,Domestic Equities,27.0,26.0,3.8461538461538463,0.00275724,0.0031622499999999997,-12.807652778875786,0.00850140342388117,1100,gulf-oil-lubricants-india,Small Cap,Jan-2025
152319,8540.0,1,Sunflag Iron And Steel Company Ltd.,Iron & Steel,Iron & Steel,Domestic Equities,117.0,113.0,3.5398230088495577,0.0027495,0.002840594,-3.2068644797531745,0.00847753866691375,1100,sunflag-iron-and-steel-company,Small Cap,Jan-2025
57351,17074.0,1,Advanced Enzyme Technologies Ltd.,Healthcare,Healthcare,Domestic Equities,83.0,80.0,3.75,0.0027365099999999997,0.0027868,-1.8045787282905144,0.00843748657479402,1100,advanced-enzyme-technologies,Small Cap,Jan-2025
198482,104165.0,1,DCX Systems Ltd.,Capital Goods,Electricals,Domestic Equities,83.0,79.0,5.063291139240507,0.0027257199999999996,0.0027488050000000004,-0.8398194851944923,0.00840421774692859,1100,dcx-systems,Small Cap,Jan-2025
191914,99958.0,1,Le Travenues Technology Ltd.,Hospitality,Hospitality,Domestic Equities,180.0,173.0,4.046242774566474,0.00270018,0.002901383,-6.934727335205326,0.00832547021553998,1100,le-travenues-technology,Small Cap,Jan-2025
182599,95655.0,1,Borosil Ltd.,Consumer Durables,Consumer Durables,Domestic Equities,69.0,66.0,4.545454545454546,0.0026758199999999998,0.00267036,0.20446681346334988,0.00825036098043323,1100,borosil,Small Cap,Jan-2025
1845,8501.0,1,Bajaj Consumer Care Ltd.,FMCG,Fast Moving Consumer Goods,Domestic Equities,141.0,137.0,2.9197080291970803,0.0026696940000000002,0.0027049279999999997,-1.3025855032000684,0.00823147267278692,1100,bajaj-consumer-care,Small Cap,Jan-2025
152598,7090.0,1,Technocraft Industries (India) Ltd.,Iron & Steel,Iron & Steel,Domestic Equities,10.0,9.0,11.11111111111111,0.00266785,0.00245754,8.557744736606523,0.00822578706402104,1100,technocraft-industries-india,Small Cap,Jan-2025
114419,8319.0,1,Vaibhav Global Ltd.,Retailing,Retailing,Domestic Equities,97.0,94.0,3.1914893617021276,0.0026578,0.00260803,1.908336943976875,0.00819479987958661,1100,vaibhav-global,Small Cap,Jan-2025
152548,6598.0,1,Allcargo Logistics Ltd.,Logistics,Logistics,Domestic Equities,629.0,603.0,4.311774461028192,0.00265438,0.003028869,-12.363988010045995,0.0081842549869731,1100,allcargo-logistics,Small Cap,Jan-2025
171329,5022.0,1,Bombay Dyeing And Manufacturing Company Ltd.,Textile,Textile,Domestic Equities,165.0,159.0,3.7735849056603774,0.0026441249999999998,0.0029981039999999997,-11.80676187350405,0.00815263572564224,1100,bombay-dyeing-and-manufacturing-company,Small Cap,Jan-2025
152239,7211.0,1,Heidelberg Cement India Ltd.,Construction Materials,Construction Materials,Domestic Equities,121.0,117.0,3.418803418803419,0.002638768,0.002431377,8.52977551403999,0.00813611847718301,1100,heidelberg-cement-india,Small Cap,Jan-2025
154337,97711.0,1,Anupam Rasayan India Ltd.,Chemicals,Chemicals,Domestic Equities,38.0,37.0,2.7027027027027026,0.0026305499999999997,0.0026719549999999997,-1.5496144209015466,0.00811077990189124,1100,anupam-rasayan-india,Small Cap,Jan-2025
116244,86677.0,1,Dishman Carbogen Amcis Ltd.,Healthcare,Healthcare,Domestic Equities,111.0,107.0,3.7383177570093453,0.002579085,0.002894136,-10.885839504432413,0.00795209776786952,1100,dishman-carbogen-amcis,Small Cap,Jan-2025
133836,91540.0,1,MSTC Ltd.,Trading,Information Technology,Domestic Equities,42.0,41.0,2.4390243902439024,0.00257397,0.0027839,-7.540859944681934,0.00793632667847827,1100,mstc,Small Cap,Jan-2025
133414,7150.0,1,India Glycols Ltd.,Chemicals,Chemicals,Domestic Equities,20.0,19.0,5.263157894736842,0.0025555,0.002439125,4.771178188899706,0.00787937809176145,1100,india-glycols,Small Cap,Jan-2025
152344,8645.0,1,West Coast Paper Mills Ltd.,Paper,Paper,Domestic Equities,48.0,47.0,2.127659574468085,0.0025440000000000003,0.00261179,-2.595537926096654,0.00784392011952304,1100,west-coast-paper-mills,Small Cap,Jan-2025
152564,7776.0,1,Fiem Industries Ltd.,Automobile & Ancillaries,Automobile & Ancillaries,Domestic Equities,18.0,18.0,0.0,0.00251865,0.00266751,-5.580485171564496,0.00776575841550185,1100,fiem-industries,Small Cap,Jan-2025
5178,111568.0,1,Juniper Hotels Ltd.,Hospitality,Hospitality,Domestic Equities,87.0,84.0,3.571428571428571,0.00248385,0.00294756,-15.731995277449832,0.00765845950820648,1100,juniper-hotels,Small Cap,Jan-2025
95022,5427.0,1,Eveready Industries India Ltd.,Automobile & Ancillaries,Automobile & Ancillaries,Domestic Equities,69.0,67.0,2.9850746268656714,0.0024405299999999998,0.002626735,-7.088838424888697,0.00752489086843536,1100,eveready-industries-india,Small Cap,Jan-2025
311,7883.0,1,Aarti Drugs Ltd.,Healthcare,Healthcare,Domestic Equities,60.0,58.0,3.4482758620689653,0.0024324,0.00267032,-8.909793582791568,0.00749982362371377,1100,aarti-drugs,Small Cap,Jan-2025
152326,6287.0,1,Thirumalai Chemicals Ltd.,Chemicals,Chemicals,Domestic Equities,102.0,99.0,3.0303030303030303,0.00243219,0.00317592,-23.417781304314968,0.00749917613030768,1100,thirumalai-chemicals,Small Cap,Jan-2025
195746,102043.0,1,Venus Pipes & Tubes Ltd.,Iron & Steel,Iron & Steel,Domestic Equities,18.0,17.0,5.88235294117647,0.00243126,0.0025597750000000002,-5.020558447519807,0.00749630865950927,1100,venus-pipes-tubes,Small Cap,Jan-2025
38173,6330.0,1,Optiemus Infracom Ltd.,Trading,Trading,Domestic Equities,37.0,36.0,2.7777777777777777,0.002404075,0.0025137,-4.361101165612439,0.0074124890964396,1100,optiemus-infracom,Small Cap,Jan-2025
186383,97418.0,1,TARC Ltd.,Realty,Realty,Domestic Equities,176.0,170.0,3.5294117647058822,0.002364736,0.00300135,-21.210921751878313,0.00729119508166683,1100,tarc,Small Cap,Jan-2025
19092,7145.0,1,IFB Industries Ltd.,Consumer Durables,Consumer Durables,Domestic Equities,17.0,17.0,0.0,0.0023540749999999997,0.0032229449999999996,-26.95888387794393,0.00725832399975086,1100,ifb-industries,Small Cap,Jan-2025
38106,5893.0,1,Stylam Industries Ltd.,Construction Materials,Construction Materials,Domestic Equities,12.0,11.0,9.090909090909092,0.0023464799999999997,0.00243177,-3.5073218273109745,0.00723490632156384,1100,stylam-industries,Small Cap,Jan-2025
152115,8260.0,1,National Fertilizers Ltd.,Chemicals,Chemicals,Domestic Equities,217.0,209.0,3.827751196172249,0.002329495,0.0024214740000000003,-3.7984715095020674,0.00718253643821868,1100,national-fertilizers,Small Cap,Jan-2025
152192,8410.0,1,Kalyani Steels Ltd.,Iron & Steel,Iron & Steel,Domestic Equities,26.0,25.0,4.0,0.00232518,0.00291525,-20.24080267558528,0.00716923199037444,1100,kalyani-steels,Small Cap,Jan-2025
174611,96811.0,1,Hemisphere Properties India Ltd.,Realty,Realty,Domestic Equities,154.0,148.0,4.054054054054054,0.002306766,0.00257372,-10.372301571266487,0.00711245606856591,1100,hemisphere-properties-india,Small Cap,Jan-2025
428,6829.0,1,Hikal Ltd.,Healthcare,Healthcare,Domestic Equities,64.0,62.0,3.225806451612903,0.00227168,0.0024211,-6.171574903969264,0.00700427533691749,1100,hikal,Small Cap,Jan-2025
1059,110909.0,1,Happy Forgings Ltd.,Automobile & Ancillaries,Automobile & Ancillaries,Domestic Equities,21.0,20.0,5.0,0.0022278899999999997,0.001997,11.56184276414622,0.00686925754523749,1100,happy-forgings,Small Cap,Jan-2025
152041,5577.0,1,Balmer Lawrie & Company Ltd.,Diversified,Diversified,Domestic Equities,113.0,109.0,3.669724770642202,0.002224631,0.002311781,-3.769820757243009,0.00685920906423532,1100,balmer-lawrie-company,Small Cap,Jan-2025
95051,5923.0,1,Jindal Worldwide Ltd.,Textile,Textile,Domestic Equities,52.0,50.0,4.0,0.0021801,0.00198075,10.064369556985994,0.0067219065458224,1100,jindal-worldwide,Small Cap,Jan-2025
97709,93131.0,1,Rossari Biotech Ltd.,Chemicals,Chemicals,Domestic Equities,30.0,29.0,3.4482758620689653,0.0021786,0.00225388,-3.3400181021172406,0.00671728159292173,1100,rossari-biotech,Small Cap,Jan-2025
95878,5075.0,1,Fineotex Chemical Ltd.,Chemicals,Chemicals,Domestic Equities,67.0,65.0,3.076923076923077,0.00217616,0.0021463,1.3912314215161052,0.00670975833620332,1100,fineotex-chemical,Small Cap,Jan-2025
113784,6078.0,1,Subros Ltd.,Automobile & Ancillaries,Automobile & Ancillaries,Domestic Equities,33.0,32.0,3.125,0.00213774,0.00198224,7.844660586003703,0.00659129787590769,1100,subros,Small Cap,Jan-2025
39219,111883.0,1,Akums Drugs & Pharmaceuticals Ltd.,Healthcare,Healthcare,Domestic Equities,37.0,35.0,5.714285714285714,0.002096235,0.0022344,-6.183539205155751,0.00646332542914637,1100,akums-drugs-pharmaceuticals,Small Cap,Jan-2025
38269,6328.0,1,NRB Bearings Ltd.,Automobile & Ancillaries,Automobile & Ancillaries,Domestic Equities,82.0,80.0,2.5,0.00209223,0.0022375999999999997,-6.496692885234177,0.00645097680490161,1100,nrb-bearings,Small Cap,Jan-2025
38125,5656.0,1,Gujarat Alkalies And Chemicals Ltd.,Chemicals,Chemicals,Domestic Equities,30.0,29.0,3.4482758620689653,0.0020793,0.002185295,-4.850374892177022,0.0064111097108979,1100,gujarat-alkalies-and-chemicals,Small Cap,Jan-2025
133648,6385.0,1,Datamatics Global Services Ltd.,IT,Information Technology,Domestic Equities,34.0,33.0,3.0303030303030303,0.00206329,0.002106885,-2.0691684643442754,0.00636174604693816,1100,datamatics-global-services,Small Cap,Jan-2025
134168,15856.0,1,Lux Industries Ltd.,Textile,Textile,Domestic Equities,13.0,13.0,0.0,0.002037425,0.0026146900000000002,-22.077760652314428,0.00628199644242108,1100,lux-industries,Small Cap,Jan-2025
133311,8457.0,1,Bhansali Engineering Polymers Ltd.,Chemicals,Chemicals,Domestic Equities,165.0,159.0,3.7735849056603774,0.002020095,0.002176233,-7.174691312924665,0.00622856281990876,1100,bhansali-engineering-polymers,Small Cap,Jan-2025
777,8277.0,1,Ramky Infrastructure Ltd.,Infrastructure,Infrastructure,Domestic Equities,36.0,35.0,2.857142857142857,0.00200142,0.00221935,-9.819541757721858,0.00617098215629552,1100,ramky-infrastructure,Small Cap,Jan-2025
38156,8685.0,1,Sanghvi Movers Ltd.,Capital Goods,Capital Goods,Domestic Equities,79.0,77.0,2.5974025974025974,0.00199475,0.00236544,-15.671080221861466,0.00615041653239724,1100,sanghvi-movers,Small Cap,Jan-2025
152632,8135.0,1,Dish TV India Ltd.,Media & Entertainment,Media & Entertainment,Domestic Equities,2318.0,2227.0,4.086214638527166,0.0019401660000000001,0.002300491,-15.662960646227258,0.00598211757964408,1100,dish-tv-india,Small Cap,Jan-2025
77005,86895.0,1,Mahindra Logistics Ltd.,Logistics,Logistics,Domestic Equities,52.0,51.0,1.9607843137254901,0.00192088,0.001938765,-0.9224944745753086,0.0059226530185493,1100,mahindra-logistics,Small Cap,Jan-2025
38751,93427.0,1,Apeejay Surrendra Park Hotels Ltd.,Hospitality,Hospitality,Domestic Equities,104.0,100.0,4.0,0.001854216,0.0018434,0.5867418899858892,0.00571710777843613,1100,apeejay-surrendra-park-hotels,Small Cap,Jan-2025
94495,5412.0,1,MMTC Ltd.,Trading,Trading,Domestic Equities,264.0,255.0,3.5294117647058822,0.001831104,0.00185028,-1.0363836824696757,0.00564584650414273,1100,mmtc,Small Cap,Jan-2025
58192,8446.0,1,Indian Metals & Ferro Alloys Ltd.,Ferro Manganese,Ferro Manganese,Domestic Equities,26.0,25.0,4.0,0.0018231200000000001,0.00213875,-14.757685563997667,0.00562122942150347,1100,indian-metals-ferro-alloys,Small Cap,Jan-2025
152065,7928.0,1,Johnson Controls - Hitachi Air Conditioning India Ltd.,Consumer Durables,Consumer Durables,Domestic Equities,11.0,11.0,0.0,0.001815605,0.00195756,-7.251629579680826,0.00559805840747116,1100,johnson-controls-hitachi-air-conditioning-india,Small Cap,Jan-2025
140232,102305.0,1,Landmark Cars Ltd.,Automobile & Ancillaries,Automobile & Ancillaries,Domestic Equities,34.0,33.0,3.0303030303030303,0.0017051,0.0020902200000000003,-18.424854799973218,0.00525733812727937,1100,landmark-cars,Small Cap,Jan-2025
61249,108764.0,1,Ideaforge Technology Ltd.,Capital Goods,Capital Goods,Domestic Equities,36.0,35.0,2.857142857142857,0.0016756199999999998,0.002065525,-18.87679887679888,0.00516644238627169,1100,ideaforge-technology,Small Cap,Jan-2025
196905,102455.0,1,Harsha Engineers International Ltd.,Capital Goods,Capital Goods,Domestic Equities,40.0,39.0,2.564102564102564,0.0016648,0.0019402500000000001,-14.196624146372896,0.00513308105934825,1100,harsha-engineers-international,Small Cap,Jan-2025
152029,6511.0,1,Venky'S (India) Ltd.,Agri,Agriculture,Domestic Equities,9.0,8.0,12.5,0.001637055,0.00145436,12.56188289006848,0.00504753484719567,1100,venky's-india,Small Cap,Jan-2025
157408,15531.0,1,Imagicaaworld Entertainment Ltd.,Hospitality,Hospitality,Domestic Equities,246.0,237.0,3.79746835443038,0.0016100700000000001,0.0016661100000000002,-3.3635234168212165,0.00496433194451276,1100,imagicaaworld-entertainment,Small Cap,Jan-2025
173697,92658.0,1,Hindware Home Innovation Ltd.,Consumer Durables,Consumer Durables,Domestic Equities,69.0,67.0,2.9850746268656714,0.00160494,0.00181838,-11.737920566658236,0.00494851460559249,1100,hindware-home-innovation,Small Cap,Jan-2025
96432,105168.0,1,Sai Silks (Kalamandir) Ltd.,Retailing,Retailing,Domestic Equities,94.0,91.0,3.296703296703297,0.0015906680000000002,0.00154063,3.247892096090562,0.00490450972039366,1100,sai-silks-kalamandir,Small Cap,Jan-2025
40233,98928.0,1,Supriya Lifescience Ltd.,Healthcare,Healthcare,Domestic Equities,22.0,22.0,0.0,0.0015842200000000001,0.0016275600000000001,-2.6628818599621544,0.00488462858952468,1100,supriya-lifescience,Small Cap,Jan-2025
133032,7434.0,1,JTEKT India Ltd.,Automobile & Ancillaries,Automobile & Ancillaries,Domestic Equities,103.0,100.0,3.0,0.001577548,0.0016194,-2.5844139804866,0.00486405679902253,1100,jtekt-india,Small Cap,Jan-2025
160620,87649.0,1,Utkarsh Small Finance Bank Ltd.,Bank,Banking,Domestic Equities,508.0,487.0,4.312114989733059,0.0015494,0.0016553129999999998,-6.398366955373394,0.00477726801619064,1100,utkarsh-small-finance-bank,Small Cap,Jan-2025
545,6862.0,1,Veedol Corporation Ltd.,Automobile & Ancillaries,Automobile & Ancillaries,Domestic Equities,10.0,9.0,11.11111111111111,0.00152345,0.001482255,2.779211404245557,0.00469725633100919,1100,veedol-corporation,Small Cap,Jan-2025
135318,83612.0,1,TCI Express Ltd.,Logistics,Logistics,Domestic Equities,19.0,18.0,5.555555555555555,0.001474305,0.0014637600000000001,0.7204049844236664,0.00454572745747382,1100,tci-express,Small Cap,Jan-2025
1849,89205.0,1,Spandana Sphoorty Financial Ltd.,Finance,Finance,Domestic Equities,45.0,43.0,4.651162790697675,0.0014701500000000001,0.0014233000000000002,3.291646174383471,0.00453291633793899,1100,spandana-sphoorty-financial,Small Cap,Jan-2025
114342,6244.0,1,Sindhu Trade Links Ltd.,Logistics,Finance,Domestic Equities,677.0,651.0,3.9938556067588324,0.001393943,0.001431549,-2.626944659246734,0.00429794714747182,1100,sindhu-trade-links,Small Cap,Jan-2025
19054,7594.0,1,Responsive Industries Ltd.,Plastic Products,Plastic Products,Domestic Equities,54.0,52.0,3.8461538461538463,0.0013353660000000002,0.00128934,3.5697333519475176,0.00411733657009709,1100,responsive-industries,Small Cap,Jan-2025
75745,8008.0,1,Steel Strips Wheels Ltd.,Automobile & Ancillaries,Automobile & Ancillaries,Domestic Equities,69.0,66.0,4.545454545454546,0.0013341149999999999,0.0013027739999999998,2.4057127329836185,0.00411347935937794,1100,steel-strips-wheels,Small Cap,Jan-2025
101769,99917.0,1,Fusion Finance Ltd.,Finance,Finance,Domestic Equities,74.0,71.0,4.225352112676056,0.0013089120000000002,0.0012598239999999999,3.896417277333992,0.00403577090074101,1100,fusion-finance,Small Cap,Jan-2025
19428,7120.0,1,Confidence Petroleum India Ltd.,Inds. Gases & Fuels,Industrials Gases & Fuels,Domestic Equities,191.0,183.0,4.371584699453552,0.0013079679999999998,0.001280451,2.1490084353091183,0.00403286026371553,1100,confidence-petroleum-india,Small Cap,Jan-2025
213604,111699.0,1,Gopal Snacks Ltd.,FMCG,Fast Moving Consumer Goods,Domestic Equities,36.0,34.0,5.88235294117647,0.00120942,0.00125885,-3.926599674305917,0.00372900702474589,1100,gopal-snacks,Small Cap,Jan-2025
19518,7576.0,1,Maithan Alloys Ltd.,Ferro Manganese,Ferro Manganese,Domestic Equities,12.0,12.0,0.0,0.0011747399999999999,0.00134298,-12.52736451771434,0.00362207811368258,1100,maithan-alloys,Small Cap,Jan-2025
115304,8666.0,1,Hathway Cable & Datacom Ltd.,Telecom,Telecom,Domestic Equities,776.0,746.0,4.021447721179625,0.001166328,0.001173458,-0.6076058964189646,0.00359614137781567,1100,hathway-cable-datacom,Small Cap,Jan-2025
609,5283.0,1,Kolte-Patil Developers Ltd.,Realty,Realty,Domestic Equities,40.0,39.0,2.564102564102564,0.001142,0.001394835,-18.126516756462244,0.0035211308083708,1100,kolte-patil-developers,Small Cap,Jan-2025
196589,102325.0,1,Dreamfolks Services Ltd.,Infrastructure,Aviation,Domestic Equities,31.0,30.0,3.3333333333333335,0.00112778,0.0011718,-3.756613756613759,0.00347728625487252,1100,dreamfolks-services,Small Cap,Jan-2025
103327,93468.0,1,ESAF Small Finance Bank Ltd.,Bank,Banking,Domestic Equities,297.0,287.0,3.484320557491289,0.0010989,0.0012059739999999998,-8.87863254100005,0.0033882404950251,1100,esaf-small-finance-bank,Small Cap,Jan-2025
75586,5176.0,1,Jai Corp Ltd.,Plastic Products,Plastic Products,Domestic Equities,79.0,77.0,2.5974025974025974,0.00107598,0.002515205,-57.22098198755171,0.00331757121470299,1100,jai-corp,Small Cap,Jan-2025
102911,89626.0,1,Muthoot Microfin Ltd.,Finance,Finance,Domestic Equities,58.0,56.0,3.571428571428571,0.0009306680000000001,0.000978712,-4.9089006776252875,0.00286953044410231,1100,muthoot-microfin,Small Cap,Jan-2025
187748,97967.0,1,India Pesticides Ltd.,Chemicals,Chemicals,Domestic Equities,50.0,48.0,4.166666666666666,0.0008284,0.000864816,-4.210837912342058,0.00255420732193903,1100,india-pesticides,Small Cap,Jan-2025
115610,8543.0,1,Den Networks Ltd.,Media & Entertainment,Media & Entertainment,Domestic Equities,208.0,200.0,4.0,0.000820352,0.0008728,-6.009165902841423,0.00252939290797601,1100,den-networks,Small Cap,Jan-2025
19324,8716.0,1,Sanghi Industries Ltd.,Construction Materials,Construction Materials,Domestic Equities,113.0,109.0,3.669724770642202,0.000662745,0.000661848,0.13552960800666938,0.00204344294009957,1100,sanghi-industries,Small Cap,Jan-2025
221815,112669.0,1,Odigma Consultancy Solutions Ltd.,Others,Other,Domestic Equities,28.0,27.0,3.7037037037037033,0.000158816,0.00018546300000000002,-14.367825388352406,0.000489677679914375,1100,odigma-consultancy-solutions,Small Cap,Jan-2025
171875,5051.0,1,HDFC Bank Ltd.,Bank,Banking,Domestic Equities,14231.0,13325.0,6.799249530956848,2.4653784400000003,2.263584375,8.914801994071901,7.77447408318106,1100,hdfc-bank,Large Cap,Feb-2025
171888,8748.0,1,ICICI Bank Ltd.,Bank,Banking,Domestic Equities,13205.0,12364.0,6.802005823358137,1.59001405,1.5489619200000002,2.65029949864745,5.0140468591178,1100,icici-bank,Large Cap,Feb-2025
171531,4897.0,1,Reliance Industries Ltd.,Crude Oil,Crude Oil,Domestic Equities,12704.0,11895.0,6.801176965111392,1.52460704,1.50483645,1.3138032375544844,4.80778842193306,1100,reliance-industries,Large Cap,Feb-2025
171889,4926.0,1,Infosys Ltd.,IT,Information Technology,Domestic Equities,6741.0,6312.0,6.7965779467680605,1.13767857,1.18652976,-4.1171483132458375,3.58762468834419,1100,infosys,Large Cap,Feb-2025
133593,6508.0,1,Bharti Airtel Ltd.,Telecom,Telecom,Domestic Equities,5019.0,4699.0,6.809959565865078,0.7880833800000001,0.76419837,3.125498684327219,2.48518998697649,1100,bharti-airtel,Large Cap,Feb-2025
152372,4964.0,1,Larsen & Toubro Ltd.,Infrastructure,Infrastructure,Domestic Equities,2203.0,2062.0,6.838021338506304,0.6969961549999999,0.7355978799999999,-5.247666700725136,2.19795000037574,1100,larsen-toubro,Large Cap,Feb-2025
152408,5535.0,1,ITC Ltd.,FMCG,Fast Moving Consumer Goods,Domestic Equities,17399.0,16292.0,6.794745887552173,0.6872605,0.729067,-5.734246646741657,2.1672489946996,1100,itc,Large Cap,Feb-2025
171915,6797.0,1,Tata Consultancy Services Ltd.,IT,Information Technology,Domestic Equities,1912.0,1790.0,6.815642458100559,0.6659974,0.7361196,-9.52592486329667,2.10019664395458,1100,tata-consultancy-services,Large Cap,Feb-2025
171400,5889.0,1,Axis Bank Ltd.,Bank,Banking,Domestic Equities,5337.0,4997.0,6.804082449469682,0.541999035,0.49275417,9.993799748056928,1.70917266994378,1100,axis-bank,Large Cap,Feb-2025
171492,5886.0,1,Kotak Mahindra Bank Ltd.,Bank,Banking,Domestic Equities,2748.0,2573.0,6.801399144966965,0.52293066,0.48920449,6.894084312267873,1.64904129828878,1100,kotak-mahindra-bank,Large Cap,Feb-2025
133350,8843.0,1,State Bank Of India,Bank,Banking,Domestic Equities,7202.0,6743.0,6.807059172475159,0.49607376000000003,0.52116647,-4.8147207167798,1.56434911893939,1100,state-bank-of-india,Large Cap,Feb-2025
171484,6114.0,1,Bajaj Finance Ltd.,Finance,Finance,Domestic Equities,523.0,490.0,6.73469387755102,0.44613469,0.3863699,15.468283114186704,1.40686822304369,1100,bajaj-finance,Large Cap,Feb-2025
171656,5311.0,1,Mahindra & Mahindra Ltd.,Automobile & Ancillaries,Automobile & Ancillaries,Domestic Equities,1656.0,1551.0,6.769825918762089,0.42809255999999996,0.463725735,-7.684105562957388,1.34997307469057,1100,mahindra-mahindra,Large Cap,Feb-2025
171717,5016.0,1,Hindustan Unilever Ltd.,FMCG,Fast Moving Consumer Goods,Domestic Equities,1661.0,1555.0,6.816720257234726,0.363800525,0.3838984,-5.235206763039392,1.14723066737785,1100,hindustan-unilever,Large Cap,Feb-2025
420,5071.0,1,Sun Pharmaceutical Industries Ltd.,Healthcare,Healthcare,Domestic Equities,2020.0,1891.0,6.821787414066631,0.3218365,0.329780945,-2.4090066816928957,1.01489876267098,1100,sun-pharmaceutical-industries,Large Cap,Feb-2025
171528,8219.0,1,HCL Technologies Ltd.,IT,Information Technology,Domestic Equities,1981.0,1854.0,6.850053937432578,0.31201740499999997,0.31989843,-2.4636022752596842,0.983934632231921,1100,hcl-technologies,Large Cap,Feb-2025
133625,7239.0,1,Maruti Suzuki India Ltd.,Automobile & Ancillaries,Automobile & Ancillaries,Domestic Equities,246.0,230.0,6.956521739130435,0.29386791,0.28314495,3.787092088345555,0.926700912568045,1100,maruti-suzuki-india,Large Cap,Feb-2025
156921,98676.0,1,Eternal Ltd.,Retailing,Information Technology,Domestic Equities,12973.0,12147.0,6.800032929941549,0.28813033,0.267659145,7.648229243204074,0.908607679380617,1100,eternal,Large Cap,Feb-2025
133664,7760.0,1,NTPC Ltd.,Power,Power,Domestic Equities,8861.0,8297.0,6.797637700373629,0.275975845,0.26882280000000003,2.660877351177052,0.870278988298645,1100,ntpc,Large Cap,Feb-2025
152378,5539.0,1,Tata Motors Ltd.,Automobile & Ancillaries,Automobile & Ancillaries,Domestic Equities,3922.0,3673.0,6.779199564388783,0.24341892999999998,0.26302353,-7.453553680159343,0.767612035513973,1100,tata-motors,Large Cap,Feb-2025
171461,6050.0,1,Titan Company Ltd.,Diamond  &  Jewellery,Diamond & Jewellery,Domestic Equities,774.0,724.0,6.906077348066299,0.23817915,0.25269410000000003,-5.744079501658335,0.751088595075527,1100,titan-company,Large Cap,Feb-2025
133654,6850.0,1,Ultratech Cement Ltd.,Construction Materials,Construction Materials,Domestic Equities,213.0,199.0,7.035175879396985,0.215735985,0.228600255,-5.6274084208698705,0.680314955699879,1100,ultratech-cement,Large Cap,Feb-2025
152362,5226.0,1,Tata Steel Ltd.,Iron & Steel,Iron & Steel,Domestic Equities,15507.0,14520.0,6.797520661157025,0.21275604,0.19546824000000002,8.844301253236845,0.670917816179261,1100,tata-steel,Large Cap,Feb-2025
517,7825.0,1,Power Grid Corporation Of India Ltd.,Power,Power,Domestic Equities,8477.0,7937.0,6.803578178152954,0.212645545,0.239419605,-11.182902085232332,0.670569374536435,1100,power-grid-corporation-of-india,Large Cap,Feb-2025
152205,8185.0,1,Trent Ltd.,Retailing,Retailing,Domestic Equities,415.0,389.0,6.683804627249357,0.201339325,0.22379948,-10.035838778535137,0.634915653816486,1100,trent,Large Cap,Feb-2025
171708,8443.0,1,Bajaj Finserv Ltd.,Finance,Finance,Domestic Equities,1023.0,958.0,6.784968684759916,0.19153629,0.16631838,15.162431235802085,0.604002167956677,1100,bajaj-finserv,Large Cap,Feb-2025
171658,4978.0,1,Asian Paints Ltd.,Chemicals,Chemicals,Domestic Equities,846.0,792.0,6.8181818181818175,0.18440684999999998,0.18222335999999997,1.1982492255658106,0.581519758924336,1100,asian-paints,Large Cap,Feb-2025
171369,7531.0,1,Tech Mahindra Ltd.,IT,Information Technology,Domestic Equities,1187.0,1112.0,6.744604316546762,0.176607795,0.18619883999999998,-5.150969254158612,0.556925745288522,1100,tech-mahindra,Large Cap,Feb-2025
152343,5043.0,1,Hindalco Industries Ltd.,Non - Ferrous Metals,Non - Ferrous Metals,Domestic Equities,2720.0,2547.0,6.792304672163329,0.1725432,0.15136821,13.989060186415633,0.544108204592365,1100,hindalco-industries,Large Cap,Feb-2025
133434,4968.0,1,JSW Steel Ltd.,Iron & Steel,Iron & Steel,Domestic Equities,1795.0,1681.0,6.78167757287329,0.17065065000000001,0.1588545,7.425757532836652,0.538140122496975,1100,jsw-steel,Large Cap,Feb-2025
133309,5981.0,1,Bharat Electronics Ltd.,Capital Goods,Capital Goods,Domestic Equities,6693.0,6267.0,6.797510770703687,0.164815125,0.183403755,-10.13535955138977,0.519738023598822,1100,bharat-electronics,Large Cap,Feb-2025
96486,15829.0,1,Interglobe Aviation Ltd.,Aviation,Aviation,Domestic Equities,367.0,343.0,6.997084548104956,0.16431691,0.148325205,10.781515521923609,0.518166922163639,1100,interglobe-aviation,Large Cap,Feb-2025
707,8442.0,1,Bajaj Auto Ltd.,Automobile & Ancillaries,Automobile & Ancillaries,Domestic Equities,207.0,194.0,6.701030927835052,0.16359003000000003,0.17164732000000002,-4.694096010354251,0.51587473463174,1100,bajaj-auto,Large Cap,Feb-2025
152256,5774.0,1,Oil & Natural Gas Corporation Ltd.,Crude Oil,Crude Oil,Domestic Equities,7259.0,6796.0,6.812831077104178,0.16350897499999997,0.178469756,-8.382810250494217,0.515619130872662,1100,oil-natural-gas-corporation,Large Cap,Feb-2025
56728,7719.0,1,Shriram Finance Ltd.,Finance,Finance,Domestic Equities,2615.0,2449.0,6.778276847692936,0.16142395,0.133164375,21.22157296198778,0.509044086424198,1100,shriram-finance,Large Cap,Feb-2025
152245,5078.0,1,Grasim Industries Ltd.,Diversified,Construction Materials,Domestic Equities,695.0,651.0,6.7588325652841785,0.160312175,0.163326135,-1.8453629604349628,0.50553814762649,1100,grasim-industries,Large Cap,Feb-2025
115643,7007.0,1,Coal India Ltd.,Mining,Mining,Domestic Equities,4244.0,3974.0,6.794162053346755,0.15675214,0.15733066,-0.36770963777817023,0.494311717073817,1100,coal-india,Large Cap,Feb-2025
539,7794.0,1,Adani Ports and Special Economic Zone Ltd.,Logistics,Logistics,Domestic Equities,1379.0,1291.0,6.816421378776143,0.14747026,0.141926085,3.906381973405379,0.465041673038226,1100,adani-ports-and-special-economic-zone,Large Cap,Feb-2025
171511,5199.0,1,Wipro Ltd.,IT,Information Technology,Domestic Equities,5299.0,4961.0,6.813142511590405,0.14712673499999998,0.15473359,-4.916098049557313,0.463958380442618,1100,wipro,Large Cap,Feb-2025
152400,5891.0,1,Nestle India Ltd.,FMCG,Fast Moving Consumer Goods,Domestic Equities,670.0,627.0,6.8580542264752795,0.14670655,0.14503764,1.150673714768109,0.462633343547819,1100,nestle-india,Large Cap,Feb-2025
133330,5128.0,1,Cipla Ltd.,Healthcare,Healthcare,Domestic Equities,1028.0,963.0,6.749740394600208,0.144691,0.14246622,1.5616193087736787,0.456277385783235,1100,cipla,Large Cap,Feb-2025
77009,96064.0,1,Max Healthcare Institute Ltd.,Healthcare,Healthcare,Domestic Equities,1388.0,1300.0,6.769230769230769,0.13576028,0.13796250000000002,-1.5962453565280397,0.428114711015889,1100,max-healthcare-institute,Mid Cap,Feb-2025
171462,6372.0,1,Divi's Laboratories Ltd.,Healthcare,Healthcare,Domestic Equities,237.0,222.0,6.756756756756757,0.129881925,0.12382494,4.891571116448761,0.409577549394877,1100,divi's-laboratories,Large Cap,Feb-2025
2469,110949.0,1,JIO Financial Services Ltd.,Finance,Finance,Domestic Equities,6140.0,5749.0,6.801182814402505,0.12747254,0.138924585,-8.24335375916365,0.401979648425603,1100,jio-financial-services,Large Cap,Feb-2025
171585,5257.0,1,Dr. Reddy's Laboratories Ltd.,Healthcare,Healthcare,Domestic Equities,1141.0,1061.0,7.5400565504241275,0.12739265,0.129160835,-1.3689792265588836,0.40172771844827,1100,dr-reddy's-laboratories,Large Cap,Feb-2025
152242,5741.0,1,Vedanta Ltd.,Non - Ferrous Metals,Non - Ferrous Metals,Domestic Equities,3172.0,2970.0,6.801346801346801,0.1252147,0.13109579999999998,-4.486108632008032,0.394859638661921,1100,vedanta,Large Cap,Feb-2025
171572,5156.0,1,Eicher Motors Ltd.,Automobile & Ancillaries,Automobile & Ancillaries,Domestic Equities,257.0,241.0,6.639004149377594,0.12268152,0.12518263,-1.997968887536543,0.386871355022176,1100,eicher-motors,Large Cap,Feb-2025
114442,5285.0,1,IndusInd Bank Ltd.,Bank,Banking,Domestic Equities,1236.0,1157.0,6.82800345721694,0.12237636,0.11468184000000001,6.7094493775125965,0.385909044947288,1100,indusind-bank,Mid Cap,Feb-2025
58168,86912.0,1,HDFC Life Insurance Company Ltd.,Insurance,Finance,Domestic Equities,2000.0,1872.0,6.837606837606838,0.1217,0.11944296,1.88963836797079,0.383776170251223,1100,hdfc-life-insurance-company,Large Cap,Feb-2025
152907,86648.0,1,SBI Life Insurance Company Ltd.,Insurance,Finance,Domestic Equities,837.0,784.0,6.760204081632653,0.11973285,0.11631424000000001,2.939115623332102,0.377572839985737,1100,sbi-life-insurance-company,Large Cap,Feb-2025
152406,5107.0,1,The Indian Hotels Company Ltd.,Hospitality,Hospitality,Domestic Equities,1645.0,1540.0,6.8181818181818175,0.11779845,0.1177638,0.029423303256181216,0.371472785558999,1100,the-indian-hotels-company,Mid Cap,Feb-2025
152401,5684.0,1,Tata Consumer Products Ltd.,Agri,Agriculture,Domestic Equities,1217.0,1139.0,6.848112379280071,0.11728229000000001,0.11670763499999999,0.49238852282458695,0.369845095271104,1100,tata-consumer-products,Large Cap,Feb-2025
76200,82667.0,1,BSE Ltd.,Finance,Finance,Domestic Equities,253.0,237.0,6.751054852320674,0.11723261000000001,0.125751015,-6.774024845843191,0.369688431342278,1100,bse,Mid Cap,Feb-2025
38020,6672.0,1,Apollo Hospitals Enterprise Ltd.,Healthcare,Healthcare,Domestic Equities,189.0,177.0,6.779661016949152,0.11439413999999999,0.12054585,-5.103211765481766,0.360737427677751,1100,apollo-hospitals-enterprise,Mid Cap,Feb-2025
152473,5056.0,1,Suzlon Energy Ltd.,Capital Goods,Capital Goods,Domestic Equities,22178.0,20759.0,6.835589382918253,0.110246838,0.12075510299999999,-8.702129134865626,0.347659073705399,1100,suzlon-energy,Mid Cap,Feb-2025
134703,87891.0,1,Hindustan Aeronautics Ltd.,Capital Goods,Capital Goods,Domestic Equities,355.0,332.0,6.927710843373494,0.10963110000000001,0.13070176,-16.121175414929375,0.345717368105414,1100,hindustan-aeronautics,Large Cap,Feb-2025
171514,5399.0,1,Cholamandalam Investment and Finance Company Ltd.,Finance,Finance,Domestic Equities,781.0,732.0,6.693989071038252,0.109398575,0.09412422,16.227868873707546,0.344984109650297,1100,cholamandalam-investment-and-finance-company,Large Cap,Feb-2025
38605,83193.0,1,Varun Beverages Ltd.,FMCG,Fast Moving Consumer Goods,Domestic Equities,2506.0,2347.0,6.774605879846613,0.10927413,0.125975225,-13.25744407283258,0.344591677230356,1100,varun-beverages,Large Cap,Feb-2025
152316,5915.0,1,Tata Power Company Ltd.,Power,Power,Domestic Equities,3159.0,2957.0,6.831247886371322,0.10715327999999999,0.10778265,-0.5839251493630914,0.337903660051413,1100,tata-power-company,Large Cap,Feb-2025
95548,5980.0,1,Persistent Systems Ltd.,IT,Information Technology,Domestic Equities,197.0,184.0,7.065217391304348,0.10448683,0.11099983999999999,-5.867585034356792,0.329495114700827,1100,persistent-systems,Mid Cap,Feb-2025
152572,7512.0,1,Info Edge (India) Ltd.,IT,Information Technology,Domestic Equities,146.0,137.0,6.569343065693431,0.10209269000000001,0.10581469,-3.5174700223570032,0.321945288240307,1100,info-edge-india,Large Cap,Feb-2025
171628,5788.0,1,Britannia Industries Ltd.,FMCG,Fast Moving Consumer Goods,Domestic Equities,220.0,206.0,6.796116504854369,0.10109989999999999,0.10567079,-4.325594613232283,0.318814563966981,1100,britannia-industries,Large Cap,Feb-2025
152604,5456.0,1,Power Finance Corporation Ltd.,Finance,Finance,Domestic Equities,2720.0,2547.0,6.792304672163329,0.0990896,0.10761075,-7.918493273209225,0.312475161871205,1100,power-finance-corporation,Large Cap,Feb-2025
57445,86554.0,1,Dixon Technologies (India) Ltd.,Consumer Durables,Consumer Durables,Domestic Equities,71.0,66.0,7.575757575757576,0.09894453499999999,0.09890727,0.03767670465476479,0.31201770509111,1100,dixon-technologies-india,Mid Cap,Feb-2025
133507,6902.0,1,TVS Motor Company Ltd.,Automobile & Ancillaries,Automobile & Ancillaries,Domestic Equities,438.0,410.0,6.829268292682928,0.0974769,0.1007739,-3.2716804648822664,0.307389575759749,1100,tvs-motor-company,Large Cap,Feb-2025
75697,6614.0,1,Adani Enterprises Ltd.,Trading,Trading,Domestic Equities,465.0,436.0,6.651376146788992,0.097464,0.09974807999999999,-2.28984858655926,0.307348896116394,1100,adani-enterprises,Large Cap,Feb-2025
171619,82976.0,1,Avenue Supermarts Ltd.,Retailing,Retailing,Domestic Equities,276.0,259.0,6.563706563706563,0.09394902,0.094914435,-1.017142439924978,0.296264544736693,1100,avenue-supermarts,Large Cap,Feb-2025
171335,5389.0,1,Bajaj Holdings & Investment Ltd.,Finance,Finance,Domestic Equities,80.0,75.0,6.666666666666667,0.0925948,0.08669774999999999,6.801848952250785,0.291994065153475,1100,bajaj-holdings-investment,Large Cap,Feb-2025
133657,7260.0,1,Coforge Ltd.,IT,Information Technology,Domestic Equities,124.0,116.0,6.896551724137931,0.09129066,0.09586066,-4.767336256604125,0.287881510883373,1100,coforge,Mid Cap,Feb-2025
157113,99763.0,1,PB Fintech Ltd.,IT,Information Technology,Domestic Equities,618.0,578.0,6.920415224913495,0.09045048,0.09980904,-9.376465298133326,0.285232036251313,1100,pb-fintech,Mid Cap,Feb-2025
171383,5551.0,1,Hero MotoCorp Ltd.,Automobile & Ancillaries,Automobile & Ancillaries,Domestic Equities,242.0,227.0,6.607929515418502,0.08908262,0.09849870499999999,-9.559602839448491,0.280918543463805,1100,hero-motocorp,Large Cap,Feb-2025
152376,5012.0,1,Bharat Petroleum Corporation Ltd.,Crude Oil,Crude Oil,Domestic Equities,3622.0,3391.0,6.812149808316131,0.08595006,0.08853901,-2.924078324345402,0.271040138534617,1100,bharat-petroleum-corporation,Large Cap,Feb-2025
152211,6247.0,1,Lupin Ltd.,Healthcare,Healthcare,Domestic Equities,451.0,422.0,6.872037914691943,0.085899715,0.08779498999999999,-2.1587507442053213,0.270881377554409,1100,lupin,Mid Cap,Feb-2025
171943,4973.0,1,REC Ltd.,Finance,Finance,Domestic Equities,2334.0,2185.0,6.8192219679633865,0.08409402,0.098292225,-14.44489124139778,0.265187189290302,1100,rec,Large Cap,Feb-2025
171685,5596.0,1,The Federal Bank Ltd.,Bank,Banking,Domestic Equities,4579.0,4287.0,6.8112899463494285,0.08133219800000001,0.080256927,1.3397859103177527,0.256477892083436,1100,the-federal-bank,Mid Cap,Feb-2025
153405,17058.0,1,LTIMindtree Ltd.,IT,Information Technology,Domestic Equities,173.0,162.0,6.790123456790123,0.080720935,0.09580923000000001,-15.74826872108252,0.254550298220196,1100,ltimindtree,Large Cap,Feb-2025
57031,5903.0,1,Indian Oil Corporation Ltd.,Crude Oil,Crude Oil,Domestic Equities,7010.0,6564.0,6.794637416209628,0.07955649000000001,0.08434083599999999,-5.672632886873437,0.250878266646095,1100,indian-oil-corporation,Large Cap,Feb-2025
171741,5431.0,1,GAIL (India) Ltd.,Inds. Gases & Fuels,Industrials Gases & Fuels,Domestic Equities,5053.0,4732.0,6.783601014370245,0.07884701200000001,0.083813184,-5.925287362904616,0.248640955637734,1100,gail-india,Large Cap,Feb-2025
152377,4902.0,1,Siemens Ltd.,Capital Goods,Capital Goods,Domestic Equities,165.0,154.0,7.142857142857142,0.07628775,0.09352959,-18.43463656795673,0.240570423435355,1100,siemens,Large Cap,Feb-2025
171387,6208.0,1,Pidilite Industries Ltd.,Chemicals,Chemicals,Domestic Equities,287.0,269.0,6.691449814126393,0.07628173,0.07724873,-1.251800515037585,0.24055143960179,1100,pidilite-industries,Large Cap,Feb-2025
171837,6012.0,1,DLF Ltd.,Realty,Realty,Domestic Equities,1199.0,1122.0,6.862745098039216,0.07620244500000001,0.08359461,-8.842872764165053,0.240301417468196,1100,dlf,Large Cap,Feb-2025
165,7447.0,1,SRF Ltd.,Chemicals,Chemicals,Domestic Equities,271.0,254.0,6.692913385826772,0.07575534,0.07137019,6.144231926522833,0.238891489410676,1100,srf,Mid Cap,Feb-2025
171636,86629.0,1,ICICI Lombard General Insurance Company Ltd.,Insurance,Finance,Domestic Equities,447.0,418.0,6.937799043062201,0.075585465,0.0776853,-2.7030017261953017,0.238355795269991,1100,icici-lombard-general-insurance-company,Mid Cap,Feb-2025
38803,5403.0,1,Indus Towers Ltd.,Telecom,Telecom,Domestic Equities,2322.0,2174.0,6.807727690892364,0.07508187000000001,0.07548128,-0.5291510689802794,0.236767728216107,1100,indus-towers,Large Cap,Feb-2025
133583,8200.0,1,United Spirits Ltd.,Alcohol,Alcohol,Domestic Equities,551.0,516.0,6.782945736434108,0.070773195,0.0734784,-3.6816329696890504,0.223180490826155,1100,united-spirits,Large Cap,Feb-2025
171402,5320.0,1,Godrej Consumer Products Ltd.,FMCG,Fast Moving Consumer Goods,Domestic Equities,704.0,659.0,6.828528072837632,0.07076256,0.073890375,-4.233047944336456,0.223146953771343,1100,godrej-consumer-products,Large Cap,Feb-2025
38708,8062.0,1,Adani Power Ltd.,Power,Power,Domestic Equities,1470.0,1377.0,6.753812636165578,0.07040565,0.07066764,-0.37073545968140553,0.222021452103928,1100,adani-power,Large Cap,Feb-2025
171877,6125.0,1,Cummins India Ltd.,Automobile & Ancillaries,Automobile & Ancillaries,Domestic Equities,253.0,237.0,6.751054852320674,0.068764135,0.06906298500000001,-0.4327209430637868,0.216844999021677,1100,cummins-india,Large Cap,Feb-2025
114405,5008.0,1,Bank Of Baroda,Bank,Banking,Domestic Equities,3485.0,3264.0,6.770833333333333,0.068678895,0.069650496,-1.3949663761188429,0.216576198029465,1100,bank-of-baroda,Large Cap,Feb-2025
114530,88033.0,1,HDFC Asset Management Company Ltd.,Finance,Finance,Domestic Equities,189.0,177.0,6.779661016949152,0.06857487,0.06849723,0.11334764924070481,0.216248159277531,1100,hdfc-asset-management-company,Mid Cap,Feb-2025
133334,5159.0,1,CG Power and Industrial Solutions Ltd.,Capital Goods,Capital Goods,Domestic Equities,1196.0,1120.0,6.785714285714286,0.06848296000000001,0.07110319999999999,-3.6851224698747647,0.215958324702282,1100,cg-power-and-industrial-solutions,Large Cap,Feb-2025
152308,5173.0,1,Shree Cement Ltd.,Construction Materials,Construction Materials,Domestic Equities,25.0,23.0,8.695652173913043,0.06820999999999999,0.06393056999999999,6.693871179312182,0.215097556062744,1100,shree-cement,Mid Cap,Feb-2025
7737,15826.0,1,IDFC First Bank Ltd.,Bank,Banking,Domestic Equities,11581.0,10844.0,6.796385097749908,0.067621459,0.06857745600000001,-1.3940397555721544,0.213241615134101,1100,idfc-first-bank,Mid Cap,Feb-2025
171639,5614.0,1,Havells India Ltd.,Capital Goods,Capital Goods,Domestic Equities,473.0,442.0,7.013574660633484,0.06725114,0.06922604,-2.8528282131983884,0.212073828711823,1100,havells-india,Large Cap,Feb-2025
113818,7906.0,1,Samvardhana Motherson International Ltd.,Automobile & Ancillaries,Automobile & Ancillaries,Domestic Equities,5516.0,5165.0,6.795740561471443,0.06541424400000001,0.07296079,-10.343289868434805,0.206281249319631,1100,samvardhana-motherson-international,Large Cap,Feb-2025
171820,5969.0,1,Colgate-Palmolive (India) Ltd.,FMCG,Fast Moving Consumer Goods,Domestic Equities,247.0,231.0,6.926406926406926,0.06087562,0.06517780499999999,-6.60069021962307,0.19196887678939,1100,colgate-palmolive-india,Mid Cap,Feb-2025
171942,7813.0,1,Jindal Steel & Power Ltd.,Iron & Steel,Iron & Steel,Domestic Equities,710.0,664.0,6.927710843373494,0.06078665,0.05255892,15.654298071573763,0.191688313388673,1100,jindal-steel-power,Mid Cap,Feb-2025
171635,7381.0,1,UPL Ltd.,Chemicals,Chemicals,Domestic Equities,945.0,885.0,6.779661016949152,0.059813775,0.053431875,11.94399410464259,0.188620390285689,1100,upl,Mid Cap,Feb-2025
152636,5140.0,1,Fortis Healthcare Ltd.,Healthcare,Healthcare,Domestic Equities,973.0,911.0,6.805708013172337,0.05961571,0.05832222,2.2178339576237045,0.187995800087161,1100,fortis-healthcare,Mid Cap,Feb-2025
141614,85778.0,1,AU Small Finance Bank Ltd.,Bank,Banking,Domestic Equities,1048.0,981.0,6.829765545361875,0.05928536,0.058953195,0.563438504053936,0.186954054336607,1100,au-small-finance-bank,Mid Cap,Feb-2025
171327,5699.0,1,Marico Ltd.,FMCG,Fast Moving Consumer Goods,Domestic Equities,986.0,923.0,6.825568797399784,0.05921916000000001,0.06190099499999999,-4.33245863010763,0.186745295236602,1100,marico,Mid Cap,Feb-2025
152455,7030.0,1,Yes Bank Ltd.,Bank,Banking,Domestic Equities,35233.0,32990.0,6.799030009093665,0.059015275000000006,0.06343976999999999,-6.974323835032811,0.186102351896654,1100,yes-bank,Mid Cap,Feb-2025
134667,88599.0,1,Macrotech Developers Ltd.,Realty,Realty,Domestic Equities,520.0,487.0,6.7761806981519515,0.0588068,0.05865915,0.2517083865006515,0.185444934171977,1100,macrotech-developers,Large Cap,Feb-2025
152334,5218.0,1,Ambuja Cements Ltd.,Construction Materials,Construction Materials,Domestic Equities,1255.0,1175.0,6.808510638297872,0.058351225,0.060254,-3.157923125435665,0.184008296302115,1100,ambuja-cements,Large Cap,Feb-2025
599,7495.0,1,Sundaram Finance Ltd.,Finance,Finance,Domestic Equities,128.0,120.0,6.666666666666667,0.0580832,0.055404,4.835751931268503,0.183163089991256,1100,sundaram-finance,Mid Cap,Feb-2025
171659,5756.0,1,Ashok Leyland Ltd.,Automobile & Ancillaries,Automobile & Ancillaries,Domestic Equities,2677.0,2506.0,6.823623304070231,0.057004038,0.054337598,4.9071731142771595,0.179759995008177,1100,ashok-leyland,Mid Cap,Feb-2025
133599,5561.0,1,Punjab National Bank,Bank,Banking,Domestic Equities,6443.0,6033.0,6.7959555776562235,0.056305377,0.06105396,-7.7776822338796725,0.177556794984481,1100,punjab-national-bank,Large Cap,Feb-2025
152379,5838.0,1,Voltas Ltd.,Consumer Durables,Consumer Durables,Domestic Equities,426.0,399.0,6.7669172932330826,0.056236259999999996,0.050307915,11.784119854698798,0.17733883723954,1100,voltas,Mid Cap,Feb-2025
171465,6543.0,1,Aurobindo Pharma Ltd.,Healthcare,Healthcare,Domestic Equities,522.0,489.0,6.748466257668712,0.05524326,0.05730591,-3.5993669762856944,0.174207450739462,1100,aurobindo-pharma,Mid Cap,Feb-2025
171799,4956.0,1,Dabur India Ltd.,FMCG,Fast Moving Consumer Goods,Domestic Equities,1104.0,1034.0,6.769825918762089,0.05446032,0.05478649,-0.5953475026416206,0.171738480199311,1100,dabur-india,Large Cap,Feb-2025
171946,6864.0,1,Godrej Properties Ltd.,Realty,Realty,Domestic Equities,281.0,264.0,6.4393939393939394,0.054410030000000005,0.06149748,-11.5247811780255,0.171579892659443,1100,godrej-properties,Mid Cap,Feb-2025
122,5767.0,1,The Phoenix Mills Ltd.,Realty,Realty,Domestic Equities,348.0,326.0,6.748466257668712,0.05387388,0.053522679999999996,0.6561704309276001,0.169889164691651,1100,the-phoenix-mills,Mid Cap,Feb-2025
171365,5279.0,1,Hindustan Petroleum Corporation Ltd.,Crude Oil,Crude Oil,Domestic Equities,1795.0,1680.0,6.845238095238096,0.052728124999999994,0.060186,-12.391378393646372,0.166276071298503,1100,hindustan-petroleum-corporation,Mid Cap,Feb-2025
152331,7581.0,1,Torrent Pharmaceuticals Ltd.,Healthcare,Healthcare,Domestic Equities,175.0,164.0,6.707317073170732,0.051591750000000006,0.05361324,-3.7705051961045344,0.162692557366956,1100,torrent-pharmaceuticals,Large Cap,Feb-2025
133614,6833.0,1,Canara Bank,Bank,Banking,Domestic Equities,6300.0,5899.0,6.797762332598746,0.050967000000000005,0.055019973,-7.366366755578015,0.160722432778916,1100,canara-bank,Mid Cap,Feb-2025
152369,6790.0,1,Bharat Forge Ltd.,Automobile & Ancillaries,Automobile & Ancillaries,Domestic Equities,489.0,458.0,6.768558951965066,0.04970685,0.056061490000000005,-11.335125056433581,0.156748599246113,1100,bharat-forge,Mid Cap,Feb-2025
101370,86936.0,1,Tube Investments of India Ltd.,Automobile & Ancillaries,Automobile & Ancillaries,Domestic Equities,199.0,186.0,6.989247311827956,0.048996785,0.06179106,-20.705705647386527,0.154509437156307,1100,tube-investments-of-india,Mid Cap,Feb-2025
587,7648.0,1,APL Apollo Tubes Ltd.,Iron & Steel,Iron & Steel,Domestic Equities,338.0,316.0,6.962025316455696,0.04863651,0.04770178,1.9595285542803722,0.153373324093552,1100,apl-apollo-tubes,Mid Cap,Feb-2025
152222,5634.0,1,Max Financial Services Ltd.,Finance,Finance,Domestic Equities,482.0,451.0,6.873614190687362,0.04810842,0.050320325,-4.395649272932948,0.151708013019206,1100,max-financial-services,Mid Cap,Feb-2025
133272,5382.0,1,ABB India Ltd.,Capital Goods,Capital Goods,Domestic Equities,97.0,91.0,6.593406593406594,0.04787338,0.053459315,-10.448946081707177,0.150966823610366,1100,abb-india,Large Cap,Feb-2025
152686,7802.0,1,Multi Commodity Exchange Of India Ltd.,Finance,Finance,Domestic Equities,95.0,89.0,6.741573033707865,0.047420675,0.051023255,-7.06066282913546,0.149539236172785,1100,multi-commodity-exchange-of-india,Small Cap,Feb-2025
19255,6350.0,1,Mphasis Ltd.,IT,Information Technology,Domestic Equities,211.0,198.0,6.565656565656567,0.047416975,0.05678541,-16.49796136014515,0.149527568368102,1100,mphasis,Mid Cap,Feb-2025
77639,92991.0,1,SBI Cards And Payment Services Ltd.,Finance,Finance,Domestic Equities,559.0,524.0,6.679389312977099,0.04688892,0.04077768,14.986728033571312,0.147862367664881,1100,sbi-cards-and-payment-services,Mid Cap,Feb-2025
152551,7908.0,1,GMR Airports Ltd.,Infrastructure,Aviation,Domestic Equities,6701.0,6275.0,6.7888446215139435,0.04655184700000001,0.045600425,2.086432308470823,0.146799421197871,1100,gmr-airports,Mid Cap,Feb-2025
133317,6810.0,1,Blue Star Ltd.,Consumer Durables,Consumer Durables,Domestic Equities,242.0,227.0,6.607929515418502,0.04640713,0.041258385,12.479269365487752,0.146343061822109,1100,blue-star,Mid Cap,Feb-2025
114697,5402.0,1,JSW Energy Ltd.,Power,Power,Domestic Equities,998.0,935.0,6.737967914438503,0.04631718,0.0475541,-2.6010796124834688,0.146059408029881,1100,jsw-energy,Large Cap,Feb-2025
38931,15891.0,1,Alkem Laboratories Ltd.,Healthcare,Healthcare,Domestic Equities,99.0,93.0,6.451612903225806,0.045997380000000004,0.047086365,-2.3127395797063452,0.145050931289977,1100,alkem-laboratories,Mid Cap,Feb-2025
152118,7308.0,1,PI Industries Ltd.,Chemicals,Chemicals,Domestic Equities,151.0,142.0,6.338028169014084,0.045510644999999995,0.04946925,-8.002152852529608,0.143516031583919,1100,pi-industries,Mid Cap,Feb-2025
152795,99590.0,1,One97 Communications Ltd.,IT,Information Technology,Domestic Equities,634.0,594.0,6.7340067340067336,0.04532783,0.04607955,-1.6313527367346112,0.14293953166145,1100,one97-communications,Mid Cap,Feb-2025
152574,8059.0,1,Torrent Power Ltd.,Power,Power,Domestic Equities,355.0,332.0,6.927710843373494,0.044834725000000006,0.04858654,-7.721922573618109,0.141384544410573,1100,torrent-power,Mid Cap,Feb-2025
96004,7992.0,1,Jubilant FoodWorks Ltd.,FMCG,Fast Moving Consumer Goods,Domestic Equities,713.0,668.0,6.736526946107785,0.04464093,0.04702052,-5.060747945790476,0.140773419489342,1100,jubilant-foodworks,Mid Cap,Feb-2025
171321,7864.0,1,Page Industries Ltd.,Textile,Textile,Domestic Equities,11.0,10.0,10.0,0.044567545,0.04472355,-0.34882069960905543,0.140542002774027,1100,page-industries,Mid Cap,Feb-2025
1152,105806.0,1,Mankind Pharma Ltd.,Healthcare,Healthcare,Domestic Equities,194.0,181.0,7.18232044198895,0.04443764,0.04408074,0.8096506546850115,0.140132352458526,1100,mankind-pharma,Mid Cap,Feb-2025
134131,90516.0,1,Polycab India Ltd.,Electricals,Electricals,Domestic Equities,94.0,88.0,6.8181818181818175,0.044305960000000005,0.05313396,-16.614609564203377,0.139717104750237,1100,polycab-india,Large Cap,Feb-2025
84351,88646.0,1,Adani Green Energy Ltd.,Power,Power,Domestic Equities,572.0,536.0,6.7164179104477615,0.04429568,0.05346868,-17.15583777269235,0.139684687173983,1100,adani-green-energy,Large Cap,Feb-2025
139932,15713.0,1,Adani Energy Solutions Ltd.,Power,Power,Domestic Equities,676.0,633.0,6.79304897314376,0.04400084,0.047370555,-7.113522313597563,0.138754920813778,1100,adani-energy-solutions,Large Cap,Feb-2025
153586,8183.0,1,NHPC Ltd.,Power,Power,Domestic Equities,5914.0,5537.0,6.8087411955932815,0.04311306,0.044600535,-3.335105733597138,0.135955341451201,1100,nhpc,Mid Cap,Feb-2025
133342,5963.0,1,Bharat Heavy Electricals Ltd.,Capital Goods,Capital Goods,Domestic Equities,2402.0,2249.0,6.8030235660293465,0.043036634,0.046799441000000004,-8.04028193413679,0.135714335061821,1100,bharat-heavy-electricals,Mid Cap,Feb-2025
77293,6578.0,1,Muthoot Finance Ltd.,Finance,Finance,Domestic Equities,200.0,187.0,6.951871657754011,0.042656,0.04223956,0.9859004213112019,0.134514020692162,1100,muthoot-finance,Mid Cap,Feb-2025
152374,6232.0,1,Bosch Ltd.,Automobile & Ancillaries,Automobile & Ancillaries,Domestic Equities,16.0,15.0,6.666666666666667,0.0424704,0.043093725,-1.4464402880001699,0.133928738381574,1100,bosch,Large Cap,Feb-2025
1427,98308.0,1,Sona BLW Precision Forgings Ltd.,Automobile & Ancillaries,Automobile & Ancillaries,Domestic Equities,837.0,784.0,6.760204081632653,0.04133943,0.03953712,4.558526265949581,0.130362268905247,1100,sona-blw-precision-forgings,Mid Cap,Feb-2025
171968,4931.0,1,Zydus Lifesciences Ltd.,Healthcare,Healthcare,Domestic Equities,467.0,437.0,6.864988558352403,0.040937219999999996,0.042399925,-3.449782045605033,0.129093915466983,1100,zydus-lifesciences,Large Cap,Feb-2025
133608,7612.0,1,Union Bank Of India,Bank,Banking,Domestic Equities,3610.0,3380.0,6.804733727810651,0.0404681,0.03903562,3.6696740054340067,0.127614563971598,1100,union-bank-of-india,Mid Cap,Feb-2025
191600,99819.0,1,FSN E-Commerce Ventures Ltd.,Retailing,Information Technology,Domestic Equities,2545.0,2383.0,6.798153587914394,0.040414599999999995,0.04024887,0.4117631128526136,0.127445853822803,1100,fsn-e-commerce-ventures,Mid Cap,Feb-2025
19275,7232.0,1,NMDC Ltd.,Mining,Mining,Domestic Equities,6458.0,6047.0,6.796758723333884,0.040349584,0.03997067,0.9479801064130251,0.127240828420296,1100,nmdc,Mid Cap,Feb-2025
57620,82559.0,1,ICICI Prudential Life Insurance Company Ltd.,Insurance,Finance,Domestic Equities,729.0,683.0,6.734992679355783,0.04021164,0.0420728,-4.423665646213235,0.126805827434025,1100,icici-prudential-life-insurance-company,Large Cap,Feb-2025
56674,5695.0,1,Supreme Industries Ltd.,Plastic Products,Plastic Products,Domestic Equities,120.0,113.0,6.1946902654867255,0.039948000000000004,0.04484744,-10.924681542580801,0.125974449048446,1100,supreme-industries,Mid Cap,Feb-2025
133642,6320.0,1,Petronet LNG Ltd.,Inds. Gases & Fuels,Industrials Gases & Fuels,Domestic Equities,1400.0,1311.0,6.7887109077040435,0.039662,0.041453819999999995,-4.322448449865405,0.125072559281052,1100,petronet-lng,Mid Cap,Feb-2025
79,7951.0,1,Balkrishna Industries Ltd.,Automobile & Ancillaries,Automobile & Ancillaries,Domestic Equities,150.0,140.0,7.142857142857142,0.03923475,0.0387975,1.1270056060313112,0.12372524318623,1100,balkrishna-industries,Mid Cap,Feb-2025
171839,6306.0,1,Solar Industries India Ltd.,Chemicals,Chemicals,Domestic Equities,45.0,42.0,7.142857142857142,0.0391977,0.04281753,-8.454084109942817,0.123608407466363,1100,solar-industries-india,Mid Cap,Feb-2025
139924,82380.0,1,Laurus Labs Ltd.,Healthcare,Healthcare,Domestic Equities,735.0,688.0,6.831395348837209,0.0387492,0.040182640000000006,-3.5673116549833543,0.122194080331131,1100,laurus-labs,Small Cap,Feb-2025
26837,16127.0,1,Crompton Greaves Consumer Electricals Ltd.,Consumer Durables,Consumer Durables,Domestic Equities,1204.0,1127.0,6.832298136645963,0.03866646,0.03870118,-0.08971302683795077,0.121933162990732,1100,crompton-greaves-consumer-electricals,Small Cap,Feb-2025
114652,92620.0,1,Indian Railway Catering And Tourism Corporation Ltd.,Hospitality,Hospitality,Domestic Equities,563.0,527.0,6.83111954459203,0.037774485000000003,0.04333521,-12.831886588296213,0.119120354860413,1100,indian-railway-catering-and-tourism-corporation,Mid Cap,Feb-2025
58145,71025.0,1,Indian Railway Finance Corporation Ltd.,Finance,Finance,Domestic Equities,3339.0,3126.0,6.813819577735125,0.037537037999999995,0.047183843999999996,-20.445146436140302,0.118371575071607,1100,indian-railway-finance-corporation,Large Cap,Feb-2025
95265,83775.0,1,Central Depository Services (India) Ltd.,Business Services,Finance,Domestic Equities,332.0,311.0,6.752411575562702,0.03678228,0.04073167,-9.696116068896757,0.115991475361612,1100,central-depository-services-india,Small Cap,Feb-2025
152616,7532.0,1,Vodafone Idea Ltd.,Telecom,Telecom,Domestic Equities,48516.0,45427.0,6.799920751975698,0.03662958,0.041111435,-10.901723571556179,0.115509941908881,1100,vodafone-idea,Mid Cap,Feb-2025
19182,5589.0,1,Coromandel International Ltd.,Chemicals,Chemicals,Domestic Equities,219.0,205.0,6.829268292682928,0.036506205,0.037095775,-1.5893184601211303,0.115120883691915,1100,coromandel-international,Mid Cap,Feb-2025
123299,91366.0,1,KPIT Technologies Ltd.,IT,Information Technology,Domestic Equities,304.0,285.0,6.666666666666667,0.03640096,0.040162199999999995,-9.365124420474961,0.114788997717896,1100,kpit-technologies,Mid Cap,Feb-2025
135555,92715.0,1,360 One Wam Ltd.,Finance,Finance,Domestic Equities,363.0,340.0,6.764705882352941,0.03623829,0.034263499999999995,5.76353845929343,0.114276024261735,1100,360-one-wam,Mid Cap,Feb-2025
152296,7356.0,1,Patanjali Foods Ltd.,FMCG,Fast Moving Consumer Goods,Domestic Equities,205.0,192.0,6.770833333333333,0.036091275,0.03503232,3.0227943795900445,0.113812418233227,1100,patanjali-foods,Mid Cap,Feb-2025
133463,8505.0,1,Glenmark Pharmaceuticals Ltd.,Healthcare,Healthcare,Domestic Equities,281.0,263.0,6.844106463878327,0.035938495,0.03821916,-5.967334185262045,0.113330632503638,1100,glenmark-pharmaceuticals,Mid Cap,Feb-2025
133630,5815.0,1,Jindal Stainless Ltd.,Iron & Steel,Iron & Steel,Domestic Equities,609.0,570.0,6.842105263157896,0.035617365,0.037238099999999996,-4.352356860312422,0.112317961660969,1100,jindal-stainless,Mid Cap,Feb-2025
153260,8051.0,1,Prestige Estates Projects Ltd.,Realty,Realty,Domestic Equities,315.0,295.0,6.779661016949152,0.035487899999999996,0.04010525,-11.513081205079146,0.111909698868187,1100,prestige-estates-projects,Mid Cap,Feb-2025
113892,8292.0,1,KEI Industries Ltd.,Electricals,Electricals,Domestic Equities,115.0,107.0,7.476635514018691,0.035306725000000004,0.043052520000000004,-17.991502007315717,0.111338370621307,1100,kei-industries,Mid Cap,Feb-2025
756,88308.0,1,Rail Vikas Nigam Ltd.,Infrastructure,Infrastructure,Domestic Equities,1061.0,993.0,6.847935548841893,0.03526764,0.04729659,-25.433017475467047,0.111215117608865,1100,rail-vikas-nigam,Large Cap,Feb-2025
677,6026.0,1,Oil India Ltd.,Crude Oil,Crude Oil,Domestic Equities,1019.0,954.0,6.813417190775681,0.034921129999999995,0.040110929999999996,-12.938617977693362,0.110122411932992,1100,oil-india,Mid Cap,Feb-2025
152323,7533.0,1,Tata Elxsi Ltd.,IT,Information Technology,Domestic Equities,64.0,60.0,6.666666666666667,0.03463104,0.038016,-8.904040404040407,0.109207624511232,1100,tata-elxsi,Mid Cap,Feb-2025
352,7184.0,1,Ipca Laboratories Ltd.,Healthcare,Healthcare,Domestic Equities,253.0,237.0,6.751054852320674,0.034290355,0.03420621,0.24599334448334875,0.108133287744083,1100,ipca-laboratories,Mid Cap,Feb-2025
171336,8097.0,1,JK Cement Ltd.,Construction Materials,Construction Materials,Domestic Equities,78.0,73.0,6.8493150684931505,0.03423693,0.035294405,-2.996154772973226,0.107964814104841,1100,jk-cement,Mid Cap,Feb-2025
171698,8307.0,1,Oracle Financial Services Software Ltd.,IT,Information Technology,Domestic Equities,44.0,41.0,7.317073170731707,0.03416116,0.037400405,-8.660989098914836,0.107725876385697,1100,oracle-financial-services-software,Mid Cap,Feb-2025
152608,7159.0,1,Indian Bank,Bank,Banking,Domestic Equities,660.0,618.0,6.796116504854369,0.0337128,0.03434535,-1.8417340338648416,0.106311990734967,1100,indian-bank,Mid Cap,Feb-2025
171444,98250.0,1,Kalyan Jewellers India Ltd.,Diamond  &  Jewellery,Diamond & Jewellery,Domestic Equities,716.0,671.0,6.7064083457526085,0.0330971,0.03375801,-1.9577872036888468,0.104370404966489,1100,kalyan-jewellers-india,Mid Cap,Feb-2025
153691,5278.0,1,Oberoi Realty Ltd.,Realty,Realty,Domestic Equities,219.0,205.0,6.829268292682928,0.03251055,0.037159325,-12.510386020198162,0.10252074257815,1100,oberoi-realty,Mid Cap,Feb-2025
75891,5355.0,1,Container Corporation Of India Ltd.,Logistics,Logistics,Domestic Equities,515.0,482.0,6.846473029045644,0.03212055,0.03760082,-14.574868314042094,0.10129089289534,1100,container-corporation-of-india,Mid Cap,Feb-2025
152238,8313.0,1,MRF Ltd.,Automobile & Ancillaries,Automobile & Ancillaries,Domestic Equities,3.0,3.0,0.0,0.03161211,0.03408975,-7.267991111697787,0.0996875473242431,1100,mrf,Mid Cap,Feb-2025
171434,4916.0,1,Astral Ltd.,Plastic Products,Plastic Products,Domestic Equities,231.0,216.0,6.944444444444445,0.030890475,0.032557680000000006,-5.120773347486684,0.0974118996938467,1100,astral,Mid Cap,Feb-2025
58155,95800.0,1,Life Insurance Corporation of India,Insurance,Finance,Domestic Equities,414.0,388.0,6.701030927835052,0.0306567,0.03280346,-6.5443096551400455,0.0966746994128239,1100,life-insurance-corporation-of-india,Large Cap,Feb-2025
133623,8531.0,1,Radico Khaitan Ltd.,Alcohol,Alcohol,Domestic Equities,146.0,136.0,7.352941176470589,0.03026653,0.029626239999999998,2.161225994253747,0.0954443136416906,1100,radico-khaitan,Small Cap,Feb-2025
171404,5514.0,1,Cholamandalam Financial Holdings Ltd.,Finance,Finance,Domestic Equities,183.0,171.0,7.017543859649122,0.03004677,0.025971479999999998,15.691404571476106,0.0947513091127308,1100,cholamandalam-financial-holdings,Small Cap,Feb-2025
152519,8782.0,1,Mahindra & Mahindra Financial Services Ltd.,Finance,Finance,Domestic Equities,1105.0,1035.0,6.763285024154589,0.029901300000000002,0.029492325,1.386716713585662,0.0942925751810427,1100,mahindra-mahindra-financial-services,Mid Cap,Feb-2025
133439,5473.0,1,National Aluminium Company Ltd.,Non - Ferrous Metals,Non - Ferrous Metals,Domestic Equities,1675.0,1569.0,6.755895474824729,0.029748,0.031731456,-6.250756347266248,0.0938091496518766,1100,national-aluminium-company,Mid Cap,Feb-2025
171509,5522.0,1,Tata Communications Ltd.,Telecom,Telecom,Domestic Equities,219.0,205.0,6.829268292682928,0.029619749999999997,0.0334765,-11.520768300150852,0.0934047183138756,1100,tata-communications,Mid Cap,Feb-2025
171886,6139.0,1,Exide Industries Ltd.,Automobile & Ancillaries,Automobile & Ancillaries,Domestic Equities,850.0,796.0,6.78391959798995,0.029563000000000002,0.0298102,-0.8292463653380338,0.0932257594177231,1100,exide-industries,Mid Cap,Feb-2025
543,5039.0,1,Karur Vysya Bank Ltd.,Bank,Banking,Domestic Equities,1469.0,1375.0,6.836363636363636,0.029543059,0.03275525,-9.806644736339976,0.0931628762574029,1100,karur-vysya-bank,Small Cap,Feb-2025
97125,90518.0,1,Adani Total Gas Ltd.,Gas Transmission,Gas Transmission,Domestic Equities,518.0,485.0,6.804123711340206,0.02886037,0.03119035,-7.470195108422953,0.0910100433084083,1100,adani-total-gas,Mid Cap,Feb-2025
178941,94376.0,1,Cohance Lifesciences Ltd.,Healthcare,Healthcare,Domestic Equities,237.0,222.0,6.756756756756757,0.02878839,0.02341545,22.94613172072286,0.0907830572054117,1100,cohance-lifesciences,Small Cap,Feb-2025
133351,5368.0,1,Steel Authority Of India Ltd.,Iron & Steel,Iron & Steel,Domestic Equities,2701.0,2529.0,6.801107156979043,0.028365902,0.027169047,4.405215243655755,0.08945075789056289,1100,steel-authority-of-india,Mid Cap,Feb-2025
57412,93539.0,1,Computer Age Management Services Ltd.,Business Services,Finance,Domestic Equities,89.0,83.0,7.228915662650602,0.027973590000000003,0.029909050000000003,-6.471151708262214,0.0882136174065564,1100,computer-age-management-services,Small Cap,Feb-2025
152207,5372.0,1,LIC Housing Finance Ltd.,Finance,Finance,Domestic Equities,562.0,526.0,6.844106463878327,0.027925779999999997,0.03146006,-11.234180735828224,0.0880628504492868,1100,lic-housing-finance,Mid Cap,Feb-2025
171840,6541.0,1,UNO Minda Ltd.,Automobile & Ancillaries,Automobile & Ancillaries,Domestic Equities,334.0,312.0,7.051282051282051,0.02758506,0.02950272,-6.499943056097875,0.0869884033110123,1100,uno-minda,Mid Cap,Feb-2025
152367,6359.0,1,Abbott India Ltd.,Healthcare,Healthcare,Domestic Equities,9.0,9.0,0.0,0.027356085000000002,0.02355597,16.132279842434855,0.0862663396414702,1100,abbott-india,Mid Cap,Feb-2025
171333,7587.0,1,United Breweries Ltd.,Alcohol,Alcohol,Domestic Equities,140.0,131.0,6.870229007633588,0.027246100000000002,0.028112599999999998,-3.082247817704505,0.0859195062636142,1100,united-breweries,Mid Cap,Feb-2025
173672,92657.0,1,Gujarat Fluorochemicals Ltd.,Chemicals,Chemicals,Domestic Equities,76.0,71.0,7.042253521126761,0.027244860000000003,0.025400605,7.260673515453672,0.085915595972315,1100,gujarat-fluorochemicals,Mid Cap,Feb-2025
26622,79332.0,1,Five-Star Business Finance Ltd.,Finance,Finance,Domestic Equities,348.0,326.0,6.748466257668712,0.0265002,0.02573118,2.988669777289655,0.0835673399087219,1100,five-star-business-finance,Small Cap,Feb-2025
171433,6783.0,1,Berger Paints India Ltd.,Chemicals,Chemicals,Domestic Equities,532.0,498.0,6.827309236947792,0.025990859999999998,0.02354295,10.397634960784428,0.0819611562229721,1100,berger-paints-india,Mid Cap,Feb-2025
151967,5716.0,1,GE Vernova T&D India Ltd.,Capital Goods,Capital Goods,Domestic Equities,191.0,179.0,6.70391061452514,0.025561530000000002,0.031996250000000004,-20.11085674102434,0.0806072809298418,1100,ge-vernova-td-india,Mid Cap,Feb-2025
133643,6434.0,1,Biocon Ltd.,Healthcare,Healthcare,Domestic Equities,841.0,787.0,6.861499364675986,0.025436044999999997,0.028532685,-10.852956880854366,0.0802115689107459,1100,biocon,Mid Cap,Feb-2025
47051,90577.0,1,Dalmia Bharat Ltd.,Construction Materials,Construction Materials,Domestic Equities,149.0,139.0,7.194244604316546,0.025175785,0.025942265,-2.95456082959603,0.0793908492224173,1100,dalmia-bharat,Mid Cap,Feb-2025
152599,8349.0,1,Redington Ltd.,Trading,Trading,Domestic Equities,1111.0,1040.0,6.826923076923077,0.024921951999999997,0.02144792,16.19752404895207,0.0785903968261693,1100,redington,Small Cap,Feb-2025
133635,5732.0,1,Indraprastha Gas Ltd.,Gas Transmission,Gas Transmission,Domestic Equities,1310.0,1226.0,6.851549755301795,0.024821879999999998,0.02474068,0.3282043985856454,0.0782748237044817,1100,indraprastha-gas,Mid Cap,Feb-2025
133627,5088.0,1,Navin Fluorine International Ltd.,Chemicals,Chemicals,Domestic Equities,65.0,61.0,6.557377049180328,0.024454625,0.02530707,-3.3684065361971953,0.0771166994858654,1100,navin-fluorine-international,Small Cap,Feb-2025
617,7969.0,1,Brigade Enterprises Ltd.,Realty,Realty,Domestic Equities,258.0,241.0,7.053941908713693,0.02443389,0.028222305,-13.42347834452218,0.0770513124777293,1100,brigade-enterprises,Small Cap,Feb-2025
134830,88309.0,1,Mazagon Dock Shipbuilders Ltd.,Ship Building,Ship Building,Domestic Equities,114.0,107.0,6.5420560747663545,0.024293969999999998,0.026733950000000003,-9.126896698766936,0.0766100802530658,1100,mazagon-dock-shipbuilders,Mid Cap,Feb-2025
58504,98271.0,1,Krishna Institute of Medical Sciences Ltd,Healthcare,Healthcare,Domestic Equities,458.0,429.0,6.75990675990676,0.02386409,0.02613468,-8.688034443123088,0.0752544705565366,1100,krishna-institute-of-medical-sciences,Small Cap,Feb-2025
46521,101004.0,1,Delhivery Ltd.,Logistics,Logistics,Domestic Equities,952.0,891.0,6.846240179573512,0.02378572,0.028605554999999998,-16.849297278098597,0.0750073338395063,1100,delhivery,Small Cap,Feb-2025
19183,6082.0,1,Deepak Nitrite Ltd.,Chemicals,Chemicals,Domestic Equities,128.0,120.0,6.666666666666667,0.02369664,0.0279072,-15.087719298245602,0.0747264235581096,1100,deepak-nitrite,Mid Cap,Feb-2025
38741,90008.0,1,Angel One Ltd.,Finance,Finance,Domestic Equities,108.0,101.0,6.9306930693069315,0.02342682,0.02369561,-1.1343451381922685,0.0738755567852486,1100,angel-one,Small Cap,Feb-2025
152325,5528.0,1,Thermax Ltd.,Capital Goods,Capital Goods,Domestic Equities,72.0,67.0,7.462686567164178,0.0233892,0.02588612,-9.64578700863629,0.0737569235927683,1100,thermax,Mid Cap,Feb-2025
171565,6678.0,1,Apollo Tyres Ltd.,Automobile & Ancillaries,Automobile & Ancillaries,Domestic Equities,621.0,582.0,6.701030927835052,0.023244030000000002,0.02545086,-8.670944714638317,0.0732991356992978,1100,apollo-tyres,Small Cap,Feb-2025
44430,82482.0,1,L&T Technology Services Ltd.,IT,Information Technology,Domestic Equities,51.0,48.0,6.25,0.023119320000000002,0.02615688,-11.612852909062546,0.0729058676122638,1100,lt-technology-services,Mid Cap,Feb-2025
152079,6815.0,1,Linde India Ltd.,Inds. Gases & Fuels,Industrials Gases & Fuels,Domestic Equities,39.0,36.0,8.333333333333332,0.023115495,0.02256426,2.4429562502825313,0.0728938056249901,1100,linde-india,Mid Cap,Feb-2025
152324,4941.0,1,ACC Ltd.,Construction Materials,Construction Materials,Domestic Equities,127.0,119.0,6.722689075630252,0.023095585000000002,0.023891035,-3.3294915854419855,0.0728310202219523,1100,acc,Mid Cap,Feb-2025
75659,6055.0,1,Lloyds Metals & Energy Ltd.,Iron & Steel,Iron & Steel,Domestic Equities,226.0,212.0,6.60377358490566,0.023076859999999998,0.026268919999999998,-12.151470254582218,0.0727719716698738,1100,lloyds-metals-energy,Mid Cap,Feb-2025
171410,5631.0,1,Procter & Gamble Hygiene and Health Care Ltd.,FMCG,Fast Moving Consumer Goods,Domestic Equities,17.0,16.0,6.25,0.02302123,0.02320096,-0.7746662207081094,0.0725965446497335,1100,procter-gamble-hygiene-and-health-care,Mid Cap,Feb-2025
97743,96921.0,1,Gland Pharma Ltd.,Healthcare,Healthcare,Domestic Equities,148.0,139.0,6.474820143884892,0.022981440000000002,0.021194025000000002,8.43357974712213,0.0724710684474796,1100,gland-pharma,Small Cap,Feb-2025
19098,6973.0,1,Schaeffler India Ltd.,Automobile & Ancillaries,Automobile & Ancillaries,Domestic Equities,75.0,70.0,7.142857142857142,0.022959375,0.0239806,-4.258546491747501,0.0724014873365791,1100,schaeffler-india,Mid Cap,Feb-2025
152397,5267.0,1,Tata Chemicals Ltd.,Chemicals,Chemicals,Domestic Equities,292.0,274.0,6.569343065693431,0.02269862,0.02701914,-15.99059037408297,0.0715792066851916,1100,tata-chemicals,Small Cap,Feb-2025
152486,5772.0,1,AIA Engineering Ltd.,Automobile & Ancillaries,Automobile & Ancillaries,Domestic Equities,72.0,67.0,7.462686567164178,0.022616999999999998,0.02466002,-8.284745916669985,0.0713218212208045,1100,aia-engineering,Mid Cap,Feb-2025
133275,8322.0,1,Amara Raja Energy & Mobility Ltd.,Automobile & Ancillaries,Automobile & Ancillaries,Domestic Equities,228.0,214.0,6.5420560747663545,0.02232462,0.022141510000000003,0.8269987006306139,0.070399812373984,1100,amara-raja-energy-mobility,Small Cap,Feb-2025
58595,86782.0,1,Indian Energy Exchange Ltd.,Power,Power,Domestic Equities,1416.0,1325.0,6.867924528301887,0.022079688,0.0231345,-4.559476107112746,0.0696274289316507,1100,indian-energy-exchange,Small Cap,Feb-2025
19805,15724.0,1,Syngene International Ltd.,Business Services,Healthcare,Domestic Equities,337.0,316.0,6.645569620253164,0.02198588,0.02359414,-6.816353552195594,0.0693316090879454,1100,syngene-international,Mid Cap,Feb-2025
83342,79963.0,1,Bandhan Bank Ltd.,Bank,Banking,Domestic Equities,1554.0,1455.0,6.804123711340206,0.021940926,0.02202579,-0.3852937851491468,0.0691898484145069,1100,bandhan-bank,Small Cap,Feb-2025
37877,7189.0,1,JB Chemicals & Pharmaceuticals Ltd.,Healthcare,Healthcare,Domestic Equities,133.0,125.0,6.4,0.021869855,0.02204875,-0.8113611882759745,0.0689657288073095,1100,jb-chemicals-pharmaceuticals,Small Cap,Feb-2025
201928,105635.0,1,Piramal Pharma Ltd.,Healthcare,Healthcare,Domestic Equities,1151.0,1078.0,6.771799628942486,0.021856339,0.02510662,-12.94591227333667,0.0689231066321483,1100,piramal-pharma,Small Cap,Feb-2025
133407,5997.0,1,Hindustan Zinc Ltd.,Non - Ferrous Metals,Non - Ferrous Metals,Domestic Equities,557.0,521.0,6.90978886756238,0.021767560000000002,0.023452815000000002,-7.185725892606063,0.0686431455424299,1100,hindustan-zinc,Large Cap,Feb-2025
114414,5238.0,1,Bank Of India,Bank,Banking,Domestic Equities,2270.0,2126.0,6.773283160865475,0.02160132,0.023921752,-9.70009220060471,0.0681189142314803,1100,bank-of-india,Mid Cap,Feb-2025
177212,94646.0,1,Hitachi Energy India Ltd.,Capital Goods,Capital Goods,Domestic Equities,19.0,18.0,5.555555555555555,0.021440265,0.02315439,-7.403023789441233,0.0676110336143906,1100,hitachi-energy-india,Mid Cap,Feb-2025
57541,86814.0,1,General Insurance Corporation of India,Insurance,Finance,Domestic Equities,577.0,541.0,6.654343807763401,0.02128553,0.022259445000000003,-4.375288781908088,0.0671230828690839,1100,general-insurance-corporation-of-india,Mid Cap,Feb-2025
96614,6762.0,1,PG Electroplast Ltd.,Consumer Durables,Consumer Durables,Domestic Equities,266.0,249.0,6.827309236947792,0.02114168,0.01948425,8.50651166968191,0.0666694575437706,1100,pg-electroplast,Small Cap,Feb-2025
79346,86555.0,1,Aditya Birla Capital Ltd.,Finance,Finance,Domestic Equities,1330.0,1245.0,6.827309236947792,0.02079189,0.022334055,-6.904993293873414,0.065566408516719,1100,aditya-birla-capital,Mid Cap,Feb-2025
153885,104233.0,1,Kaynes Technology India Ltd.,Electricals,Electricals,Domestic Equities,50.0,47.0,6.382978723404255,0.02072075,0.022524045,-8.006088604422521,0.0653420713207315,1100,kaynes-technology-india,Mid Cap,Feb-2025
75798,7006.0,1,Manappuram Finance Ltd.,Finance,Finance,Domestic Equities,1025.0,960.0,6.770833333333333,0.0205984,0.01881888,9.456035640803274,0.064956245401009,1100,manappuram-finance,Small Cap,Feb-2025
171771,7580.0,1,Firstsource Solutions Ltd.,IT,Information Technology,Domestic Equities,590.0,552.0,6.884057971014493,0.020413999999999998,0.01850028,10.344275870419253,0.0643747472432906,1100,firstsource-solutions,Small Cap,Feb-2025
1704,6920.0,1,L&T Finance Ltd.,Finance,Finance,Domestic Equities,1504.0,1408.0,6.8181818181818175,0.020263391999999998,0.020482176,-1.0681677571758146,0.0638998108303966,1100,lt-finance,Mid Cap,Feb-2025
134823,84770.0,1,Cochin Shipyard Ltd.,Ship Building,Ship Building,Domestic Equities,158.0,148.0,6.756756756756757,0.02004309,0.02267804,-11.618949433019775,0.0632050971257238,1100,cochin-shipyard,Mid Cap,Feb-2025
114433,5462.0,1,Cyient Ltd.,IT,Information Technology,Domestic Equities,158.0,147.0,7.482993197278912,0.02002097,0.021380415,-6.358365822178845,0.0631353425744834,1100,cyient,Small Cap,Feb-2025
114451,6891.0,1,City Union Bank Ltd.,Bank,Banking,Domestic Equities,1347.0,1261.0,6.819984139571768,0.01990866,0.021906092,-9.118157633958623,0.0627811774004414,1100,city-union-bank,Small Cap,Feb-2025
133333,4917.0,1,CRISIL Ltd.,Ratings,Ratings,Domestic Equities,45.0,42.0,7.142857142857142,0.0197478,0.022819859999999997,-13.46222106533519,0.0622739117081931,1100,crisil,Mid Cap,Feb-2025
96732,87407.0,1,Amber Enterprises India Ltd.,Consumer Durables,Consumer Durables,Domestic Equities,35.0,33.0,6.0606060606060606,0.019700275,0.02145594,-8.18265244962467,0.0621240434872302,1100,amber-enterprises-india,Small Cap,Feb-2025
171752,6261.0,1,The Ramco Cements Ltd.,Construction Materials,Construction Materials,Domestic Equities,237.0,222.0,6.756756756756757,0.0196473,0.020368499999999998,-3.5407614699167707,0.0619569889053152,1100,the-ramco-cements,Small Cap,Feb-2025
114654,92672.0,1,Indian Renewable Energy Development Agency Ltd.,Finance,Finance,Domestic Equities,1259.0,1178.0,6.8760611205432935,0.019642918,0.023808558,-17.49639772387727,0.0619431704404175,1100,indian-renewable-energy-development-agency,Mid Cap,Feb-2025
171948,7104.0,1,Emami Ltd.,FMCG,Fast Moving Consumer Goods,Domestic Equities,368.0,345.0,6.666666666666667,0.01950216,0.020342924999999998,-4.132960230645293,0.0614992956156663,1100,emami,Small Cap,Feb-2025
171470,5477.0,1,Piramal Enterprises Ltd.,Finance,Finance,Domestic Equities,223.0,208.0,7.211538461538461,0.01945452,0.02128048,-8.580445553859697,0.06134906474672,1100,piramal-enterprises,Small Cap,Feb-2025
133495,5019.0,1,Ajanta Pharma Ltd.,Healthcare,Healthcare,Domestic Equities,78.0,73.0,6.8493150684931505,0.01939041,0.019669485,-1.418822099307632,0.0611468963796304,1100,ajanta-pharma,Mid Cap,Feb-2025
171580,109023.0,1,Tata Technologies Ltd.,IT,Information Technology,Domestic Equities,288.0,269.0,7.063197026022305,0.0193464,0.02118644,-8.684989077919662,0.0610081125731164,1100,tata-technologies,Mid Cap,Feb-2025
58272,82478.0,1,PNB Housing Finance Ltd.,Finance,Finance,Domestic Equities,253.0,237.0,6.751054852320674,0.019312755,0.02081334,-7.209727030836959,0.0609020143870186,1100,pnb-housing-finance,Small Cap,Feb-2025
95549,7450.0,1,Aditya Birla Fashion and Retail Ltd.,Retailing,Retailing,Domestic Equities,796.0,745.0,6.845637583892618,0.01927514,0.020401825,-5.522471641630092,0.0607833969618419,1100,aditya-birla-fashion-and-retail,Mid Cap,Feb-2025
152318,6472.0,1,Sundram Fasteners Ltd.,Automobile & Ancillaries,Automobile & Ancillaries,Domestic Equities,206.0,193.0,6.7357512953367875,0.01923834,0.020153059999999997,-4.538864073247427,0.0606673496071562,1100,sundram-fasteners,Small Cap,Feb-2025
152407,5597.0,1,Castrol India Ltd.,Automobile & Ancillaries,Automobile & Ancillaries,Domestic Equities,904.0,846.0,6.8557919621749415,0.019221752,0.015006348000000001,28.09080530452846,0.0606150400006474,1100,castrol-india,Small Cap,Feb-2025
152386,5556.0,1,Glaxosmithkline Pharmaceuticals Ltd.,Healthcare,Healthcare,Domestic Equities,77.0,72.0,6.944444444444445,0.019060195,0.01423548,33.892183473967854,0.0601055763462737,1100,glaxosmithkline-pharmaceuticals,Mid Cap,Feb-2025
198435,104143.0,1,KFin Technologies Ltd.,Business Services,Finance,Domestic Equities,215.0,201.0,6.965174129353234,0.018718975,0.021914025,-14.579932257994601,0.0590295524776367,1100,kfin-technologies,Small Cap,Feb-2025
77309,15532.0,1,Inox Wind Ltd.,Capital Goods,Capital Goods,Domestic Equities,1241.0,1162.0,6.798623063683305,0.018638579,0.019590158,-4.857434023758257,0.0587760268491772,1100,inox-wind,Small Cap,Feb-2025
171520,5812.0,1,Kalpataru Projects International Ltd.,Infrastructure,Infrastructure,Domestic Equities,212.0,198.0,7.07070707070707,0.018637980000000002,0.02096127,-11.083727274158484,0.0587741379262029,1100,kalpataru-projects-international,Small Cap,Feb-2025
76174,111823.0,1,Bharti Hexacom Ltd.,Telecom,Telecom,Domestic Equities,140.0,131.0,6.870229007633588,0.0182616,0.017749189999999998,2.886948643853612,0.0575872383784695,1100,bharti-hexacom,Mid Cap,Feb-2025
96304,15914.0,1,Narayana Hrudayalaya Ltd.,Healthcare,Healthcare,Domestic Equities,126.0,118.0,6.779661016949152,0.0182007,0.01636837,11.194333950173412,0.0573951926203076,1100,narayana-hrudayalaya,Small Cap,Feb-2025
133403,4970.0,1,Himadri Speciality Chemical Ltd.,Chemicals,Chemicals,Domestic Equities,444.0,416.0,6.730769230769231,0.018126299999999998,0.02053792,-11.742279646624395,0.0571605751423562,1100,himadri-speciality-chemical,Small Cap,Feb-2025
171359,5112.0,1,Aditya Birla Real Estate Ltd.,Diversified,Paper,Domestic Equities,97.0,91.0,6.593406593406594,0.01807207,0.019595485,-7.77431637951293,0.0569895629672311,1100,aditya-birla-real-estate,Small Cap,Feb-2025
114411,5677.0,1,Welspun Corp Ltd.,Iron & Steel,Iron & Steel,Domestic Equities,244.0,228.0,7.017543859649122,0.01798036,0.016917599999999998,6.281978531233748,0.0567003590841272,1100,welspun-corp,Small Cap,Feb-2025
133445,6416.0,1,Apar Industries Ltd.,Capital Goods,Capital Goods,Domestic Equities,31.0,29.0,6.896551724137931,0.01797194,0.021726654999999997,-17.281606395462163,0.0566738069448214,1100,apar-industries,Mid Cap,Feb-2025
139601,89162.0,1,Aavas Financiers Ltd.,Finance,Finance,Domestic Equities,106.0,100.0,6.0,0.01786683,0.017128,4.313580102755717,0.0563423466880005,1100,aavas-financiers,Small Cap,Feb-2025
102429,100653.0,1,Global Health Ltd.,Healthcare,Healthcare,Domestic Equities,155.0,145.0,6.896551724137931,0.017819575,0.0150742,18.21240928208463,0.0561933299014333,1100,global-health,Small Cap,Feb-2025
133466,5090.0,1,Wockhardt Ltd.,Healthcare,Healthcare,Domestic Equities,154.0,144.0,6.944444444444445,0.0177947,0.02040336,-12.785443181907286,0.0561148875658951,1100,wockhardt,Small Cap,Feb-2025
171697,5757.0,1,Aegis Logistics Ltd.,Logistics,Logistics,Domestic Equities,234.0,219.0,6.8493150684931505,0.017788679999999998,0.015339855,15.963808002096492,0.0560959037323297,1100,aegis-logistics,Small Cap,Feb-2025
152370,5063.0,1,Escorts Kubota Ltd.,Automobile & Ancillaries,Automobile & Ancillaries,Domestic Equities,62.0,58.0,6.896551724137931,0.01778749,0.02101601,-15.362192918636797,0.0560921511140668,1100,escorts-kubota,Mid Cap,Feb-2025
787,70906.0,1,RBL Bank Ltd.,Bank,Banking,Domestic Equities,1112.0,1041.0,6.820365033621517,0.017607408,0.017152557,2.651797046935921,0.0555242695997596,1100,rbl-bank,Small Cap,Feb-2025
171646,5397.0,1,Carborundum Universal Ltd.,Abrasives,Abrasives,Domestic Equities,208.0,195.0,6.666666666666667,0.01729832,0.02314065,-25.247043622370153,0.0545495727311433,1100,carborundum-universal,Small Cap,Feb-2025
171802,6070.0,1,Elgi Equipments Ltd.,Capital Goods,Capital Goods,Domestic Equities,403.0,377.0,6.896551724137931,0.01725243,0.02039193,-15.395796278233592,0.054404860418466,1100,elgi-equipments,Small Cap,Feb-2025
371,7979.0,1,Neuland Laboratories Ltd.,Healthcare,Healthcare,Domestic Equities,16.0,15.0,6.666666666666667,0.0169776,0.021185025,-19.86037307012855,0.0535381948073719,1100,neuland-laboratories,Small Cap,Feb-2025
57781,87827.0,1,Bharat Dynamics Ltd.,Capital Goods,Capital Goods,Domestic Equities,172.0,161.0,6.832298136645963,0.01677688,0.021010499999999998,-20.150020227981237,0.0529052321706191,1100,bharat-dynamics,Mid Cap,Feb-2025
797,86851.0,1,Nippon Life India Asset Management Ltd.,Finance,Finance,Domestic Equities,325.0,304.0,6.907894736842106,0.01668225,0.017747520000000003,-6.002359766322282,0.0526068201821977,1100,nippon-life-india-asset-management,Mid Cap,Feb-2025
152513,6479.0,1,KEC International Ltd.,Infrastructure,Infrastructure,Domestic Equities,242.0,227.0,6.607929515418502,0.01661209,0.01908616,-12.962638896456916,0.052385573377721,1100,kec-international,Small Cap,Feb-2025
133170,6243.0,1,Timken India Ltd.,Automobile & Ancillaries,Automobile & Ancillaries,Domestic Equities,67.0,62.0,8.064516129032258,0.01657714,0.01771836,-6.440889563142416,0.0522753599253768,1100,timken-india,Small Cap,Feb-2025
20865,87606.0,1,Aster DM Healthcare Ltd.,Healthcare,Healthcare,Domestic Equities,409.0,383.0,6.7885117493472595,0.016480655,0.018826365,-12.459707436884395,0.0519710982673104,1100,aster-dm-healthcare,Small Cap,Feb-2025
152206,6006.0,1,LMW Ltd.,Textile,Textile,Domestic Equities,12.0,11.0,9.090909090909092,0.01639326,0.017218024999999998,-4.7901254644478595,0.0516955015672355,1100,lmw,Small Cap,Feb-2025
154545,89466.0,1,Affle 3i Ltd.,IT,Information Technology,Domestic Equities,117.0,110.0,6.363636363636363,0.016382925,0.01658745,-1.233010498901277,0.0516629105506411,1100,affle-3i,Small Cap,Feb-2025
171485,6291.0,1,Motilal Oswal Financial Services Ltd.,Finance,Finance,Domestic Equities,275.0,258.0,6.5891472868217065,0.01618375,0.01643847,-1.5495359361303187,0.0510348200107085,1100,motilal-oswal-financial-services,Mid Cap,Feb-2025
19065,5958.0,1,Zee Entertainment Enterprises Ltd.,Media & Entertainment,Media & Entertainment,Domestic Equities,1727.0,1617.0,6.802721088435375,0.016076642999999998,0.017073902999999998,-5.840843771924907,0.0506970622928195,1100,zee-entertainment-enterprises,Small Cap,Feb-2025
645,8087.0,1,IRB Infrastructure Developers Ltd.,Infrastructure,Infrastructure,Domestic Equities,3707.0,3471.0,6.799193316047249,0.016036482,0.019895772,-19.397538331259522,0.0505704161566366,1100,irb-infrastructure-developers,Mid Cap,Feb-2025
20668,5513.0,1,Sammaan Capital Ltd.,Finance,Finance,Domestic Equities,1445.0,1200.0,20.416666666666668,0.0159528,0.016884,-5.515280739161329,0.0503065282562343,1100,sammaan-capital,Small Cap,Feb-2025
171576,15890.0,1,Dr. Lal Pathlabs Ltd.,Healthcare,Healthcare,Domestic Equities,69.0,65.0,6.153846153846154,0.015942104999999998,0.018544825,-14.034750934559915,0.0502728019937788,1100,dr-lal-pathlabs,Small Cap,Feb-2025
152363,7424.0,1,SKF India Ltd.,Automobile & Ancillaries,Automobile & Ancillaries,Domestic Equities,43.0,40.0,7.5,0.01586829,0.0161754,-1.8986238361957004,0.0500400292903515,1100,skf-india,Small Cap,Feb-2025
171687,7000.0,1,Zensar Technologies Ltd.,IT,Information Technology,Domestic Equities,213.0,200.0,6.5,0.015728985,0.0174,-9.603534482758622,0.049600736444034,1100,zensar-technologies,Small Cap,Feb-2025
115032,83788.0,1,Housing & Urban Development Corporation Ltd.,Finance,Finance,Domestic Equities,937.0,878.0,6.719817767653759,0.015473618,0.02016766,-23.275094879624113,0.0487954466390336,1100,housing-urban-development-corporation,Mid Cap,Feb-2025
58178,99657.0,1,Star Health and Allied Insurance Company Ltd.,Insurance,Finance,Domestic Equities,411.0,384.0,7.03125,0.01542483,0.0166368,-7.2848744950952105,0.0486415955971748,1100,star-health-and-allied-insurance-company,Small Cap,Feb-2025
133327,6870.0,1,CESC Ltd.,Power,Power,Domestic Equities,1178.0,1103.0,6.799637352674524,0.015407062000000001,0.015770694000000002,-2.305745073742477,0.0485855649070103,1100,cesc,Small Cap,Feb-2025
133287,5307.0,1,Atul Ltd.,Chemicals,Chemicals,Domestic Equities,29.0,27.0,7.4074074074074066,0.015397115,0.01697139,-9.276052226718027,0.0485541974331772,1100,atul,Small Cap,Feb-2025
171405,6966.0,1,Poonawalla Fincorp Ltd.,Finance,Finance,Domestic Equities,545.0,510.0,6.862745098039216,0.01533085,0.0158304,-3.155637254901959,0.0483452333582248,1100,poonawalla-fincorp,Small Cap,Feb-2025
133328,5242.0,1,Chambal Fertilisers and Chemicals Ltd.,Chemicals,Chemicals,Domestic Equities,285.0,267.0,6.741573033707865,0.01521045,0.01345947,13.00927896863695,0.0479655566869163,1100,chambal-fertilisers-and-chemicals,Small Cap,Feb-2025
152380,4958.0,1,The Great Eastern Shipping Company Ltd.,Logistics,Logistics,Domestic Equities,185.0,173.0,6.9364161849710975,0.01499795,0.017023200000000002,-11.89699938906904,0.0472954462828211,1100,the-great-eastern-shipping-company,Small Cap,Feb-2025
509,8487.0,1,K.P.R. Mill Ltd.,Textile,Textile,Domestic Equities,187.0,175.0,6.857142857142858,0.01498992,0.01631,-8.09368485591661,0.0472701239931981,1100,kpr-mill,Small Cap,Feb-2025
196533,104025.0,1,Motherson Sumi Wiring India Ltd.,Iron & Steel,Iron & Steel,Domestic Equities,3168.0,2967.0,6.774519716885743,0.014889600000000001,0.016653770999999998,-10.593222399899691,0.0469537688132507,1100,motherson-sumi-wiring-india,Small Cap,Feb-2025
152503,5921.0,1,Gujarat State Petronet Ltd.,Gas Transmission,Gas Transmission,Domestic Equities,538.0,503.0,6.958250497017893,0.01464705,0.01738871,-15.76689702686399,0.0461888969143646,1100,gujarat-state-petronet,Small Cap,Feb-2025
13,7543.0,1,Tata Investment Corporation Ltd.,Finance,Finance,Domestic Equities,24.0,23.0,4.3478260869565215,0.01455708,0.013858305,5.04228330953894,0.0459051800529225,1100,tata-investment-corporation,Mid Cap,Feb-2025
171884,5613.0,1,Bata India Ltd.,FMCG,Retailing,Domestic Equities,119.0,111.0,7.207207207207207,0.01453109,0.014394480000000001,0.9490443558919753,0.0458232216086758,1100,bata-india,Small Cap,Feb-2025
95205,5743.0,1,Poly Medicure Ltd.,Healthcare,Healthcare,Domestic Equities,71.0,66.0,7.575757575757576,0.014452050000000001,0.015378000000000001,-6.021264143581739,0.0455739720729596,1100,poly-medicure,Small Cap,Feb-2025
171810,7890.0,1,Aarti Industries Ltd.,Chemicals,Chemicals,Domestic Equities,380.0,356.0,6.741573033707865,0.014288,0.01583132,-9.748523812291074,0.0450566468409981,1100,aarti-industries,Small Cap,Feb-2025
152719,5290.0,1,NBCC (India) Ltd.,Realty,Realty,Domestic Equities,1934.0,1811.0,6.7918277194919945,0.014091124,0.018079213,-22.058974580364758,0.0444358061072728,1100,nbcc-india,Small Cap,Feb-2025
533,7363.0,1,Religare Enterprises Ltd.,Finance,Finance,Domestic Equities,612.0,573.0,6.806282722513089,0.013755311999999999,0.013628804999999999,0.928232519285441,0.0433768361542374,1100,religare-enterprises,Small Cap,Feb-2025
191898,99941.0,1,Sapphire Foods India Ltd.,FMCG,Fast Moving Consumer Goods,Domestic Equities,440.0,412.0,6.796116504854369,0.013651,0.01193152,14.411240143753687,0.0430478923590751,1100,sapphire-foods-india,Small Cap,Feb-2025
133645,6755.0,1,Bank Of Maharashtra,Bank,Banking,Domestic Equities,2939.0,2752.0,6.795058139534883,0.013639899,0.014115008,-3.365984631393763,0.0430128857915652,1100,bank-of-maharashtra,Mid Cap,Feb-2025
133402,7102.0,1,HFCL Ltd.,Telecom,Telecom,Domestic Equities,1714.0,1605.0,6.7912772585669785,0.013573166000000001,0.015733814999999998,-13.732518146425384,0.0428024458969935,1100,hfcl,Small Cap,Feb-2025
113787,7539.0,1,Honeywell Automation India Ltd.,Consumer Durables,Consumer Durables,Domestic Equities,4.0,3.0,33.33333333333333,0.01348066,0.012141675000000001,11.028008903219689,0.0425107318591524,1100,honeywell-automation-india,Mid Cap,Feb-2025
152241,8254.0,1,NCC Ltd.,Infrastructure,Infrastructure,Domestic Equities,763.0,714.0,6.862745098039216,0.0133525,0.01801422,-25.878000823793645,0.0421065843326167,1100,ncc,Small Cap,Feb-2025
22095,99977.0,1,CMS Info Systems Ltd.,Business Services,Information Technology,Domestic Equities,289.0,271.0,6.642066420664207,0.013231865,0.011743785,12.671212901121748,0.0417261665980378,1100,cms-info-systems,Small Cap,Feb-2025
152190,5796.0,1,Kajaria Ceramics Ltd.,Construction Materials,Construction Materials,Domestic Equities,155.0,145.0,6.896551724137931,0.013210649999999999,0.0143753,-8.10174396360424,0.0416592659287537,1100,kajaria-ceramics,Small Cap,Feb-2025
154192,90218.0,1,Anand Rathi Wealth Ltd.,Finance,Finance,Domestic Equities,33.0,30.0,10.0,0.013203465000000001,0.0109866,20.1778985309377,0.0416366083134434,1100,anand-rathi-wealth,Small Cap,Feb-2025
152064,6806.0,1,3M India Ltd.,Diversified,Diversified,Domestic Equities,5.0,4.0,25.0,0.01314865,0.0119569,9.96704831519876,0.0414637513637941,1100,3m-india,Mid Cap,Feb-2025
133850,17036.0,1,Mahanagar Gas Ltd.,Gas Transmission,Gas Transmission,Domestic Equities,106.0,99.0,7.07070707070707,0.013117499999999999,0.013660515,-3.975069753958764,0.0413655210622056,1100,mahanagar-gas,Small Cap,Feb-2025
133437,6005.0,1,Sonata Software Ltd.,IT,Information Technology,Domestic Equities,363.0,340.0,6.764705882352941,0.0131043,0.017986,-27.141665740020017,0.0413238953806335,1100,sonata-software,Small Cap,Feb-2025
133387,5868.0,1,Godrej Industries Ltd.,Chemicals,Chemicals,Domestic Equities,119.0,111.0,7.207207207207207,0.01306144,0.009885105,32.132536781349316,0.0411887380539534,1100,godrej-industries,Mid Cap,Feb-2025
152444,7037.0,1,IIFL Finance Ltd.,Finance,Finance,Domestic Equities,432.0,405.0,6.666666666666667,0.013042080000000001,0.014436225,-9.657268434095478,0.0411276870543145,1100,iifl-finance,Small Cap,Feb-2025
133386,8742.0,1,Godfrey Phillips India Ltd.,FMCG,Fast Moving Consumer Goods,Domestic Equities,25.0,23.0,8.695652173913043,0.0129735,0.01039002,24.86501469679558,0.0409114227177834,1100,godfrey-phillips-india,Small Cap,Feb-2025
133561,8133.0,1,Birlasoft Ltd.,IT,Information Technology,Domestic Equities,305.0,286.0,6.643356643356643,0.012933525,0.01528956,-15.40943624276958,0.0407853631252954,1100,birlasoft,Small Cap,Feb-2025
453,8676.0,1,Natco Pharma Ltd.,Healthcare,Healthcare,Domestic Equities,167.0,156.0,7.051282051282051,0.01287069,0.018312059999999998,-29.714679833945496,0.0405872154206303,1100,natco-pharma,Small Cap,Feb-2025
78882,109773.0,1,JSW Infrastructure Ltd.,Logistics,Logistics,Domestic Equities,505.0,473.0,6.765327695560254,0.012864875,0.0130075,-1.0964827983855518,0.0405688780465136,1100,jsw-infrastructure,Mid Cap,Feb-2025
152405,5856.0,1,EIH Ltd.,Hospitality,Hospitality,Domestic Equities,399.0,374.0,6.684491978609626,0.012738075,0.0138567,-8.072809543397778,0.0401690192265641,1100,eih,Small Cap,Feb-2025
38130,7638.0,1,Jubilant Pharmova Ltd.,Healthcare,Healthcare,Domestic Equities,141.0,132.0,6.8181818181818175,0.012728070000000001,0.01285614,-0.9961777018607461,0.0401374688520089,1100,jubilant-pharmova,Small Cap,Feb-2025
171371,111171.0,1,Jyoti CNC Automation Ltd.,Capital Goods,Capital Goods,Domestic Equities,159.0,149.0,6.7114093959731544,0.012698535,0.016029420000000003,-20.77982235165091,0.0400443313894915,1100,jyoti-cnc-automation,Small Cap,Feb-2025
94718,6682.0,1,Asahi India Glass Ltd.,Construction Materials,Construction Materials,Domestic Equities,205.0,192.0,6.770833333333333,0.012621849999999999,0.012986880000000001,-2.810759782180183,0.0398025082537831,1100,asahi-india-glass,Small Cap,Feb-2025
171853,7249.0,1,NLC India Ltd.,Power,Power,Domestic Equities,609.0,570.0,6.842105263157896,0.012608736,0.012649440000000001,-0.3217849960156362,0.0397611537698334,1100,nlc-india,Mid Cap,Feb-2025
171535,5421.0,1,E.I.D. - Parry (India) Ltd.,Agri,Agriculture,Domestic Equities,189.0,177.0,6.779661016949152,0.01255149,0.01451223,-13.51094904091238,0.0395806307571612,1100,eid-parry-india,Small Cap,Feb-2025
133613,5313.0,1,Granules India Ltd.,Healthcare,Healthcare,Domestic Equities,270.0,253.0,6.719367588932807,0.012468600000000002,0.014075655,-11.417266194717044,0.0393192403976532,1100,granules-india,Small Cap,Feb-2025
133647,6517.0,1,Ramkrishna Forgings Ltd.,Automobile & Ancillaries,Automobile & Ancillaries,Domestic Equities,192.0,179.0,7.262569832402235,0.012441599999999999,0.01403181,-11.332892905476918,0.0392340969580741,1100,ramkrishna-forgings,Small Cap,Feb-2025
171807,7041.0,1,Hindustan Copper Ltd.,Non - Ferrous Metals,Non - Ferrous Metals,Domestic Equities,613.0,574.0,6.794425087108014,0.012402215999999999,0.013717452000000002,-9.58804885921964,0.0391099010608746,1100,hindustan-copper,Small Cap,Feb-2025
95355,98927.0,1,Devyani International Ltd.,FMCG,Fast Moving Consumer Goods,Domestic Equities,750.0,703.0,6.685633001422476,0.012376499999999999,0.011856095,4.389345733144002,0.0390288066648666,1100,devyani-international,Small Cap,Feb-2025
19128,7053.0,1,Grindwell Norton Ltd.,Abrasives,Abrasives,Domestic Equities,86.0,80.0,7.5,0.01236551,0.0154196,-19.806544916859064,0.0389941501314971,1100,grindwell-norton,Small Cap,Feb-2025
171612,88005.0,1,ICICI Securities Ltd.,Finance,Finance,Domestic Equities,154.0,144.0,6.944444444444445,0.012349259999999999,0.01193184,3.498370745836346,0.0389429063947134,1100,icici-securities,Small Cap,Feb-2025
38589,8580.0,1,VA Tech Wabag Ltd.,Business Services,Other,Domestic Equities,94.0,88.0,6.8181818181818175,0.0122529,0.01207668,1.459175866214889,0.0386390389192376,1100,va-tech-wabag,Small Cap,Feb-2025
171403,76579.0,1,Equitas Small Finance Bank Ltd.,Bank,Banking,Domestic Equities,2126.0,1991.0,6.780512305374184,0.012090562000000001,0.01324015,-8.682590454035635,0.0381271124120375,1100,equitas-small-finance-bank,Small Cap,Feb-2025
19510,6302.0,1,ZF Commercial Vehicle Control Systems India Ltd.,Automobile & Ancillaries,Automobile & Ancillaries,Domestic Equities,11.0,10.0,10.0,0.01203609,0.011033999999999999,9.081837955410549,0.0379553370994169,1100,zf-commercial-vehicle-control-systems-india,Small Cap,Feb-2025
152491,5679.0,1,PVR Inox Ltd.,Media & Entertainment,Media & Entertainment,Domestic Equities,133.0,124.0,7.258064516129033,0.012022535,0.0135222,-11.09039209596071,0.0379125919392875,1100,pvr-inox,Small Cap,Feb-2025
137768,15760.0,1,Gujarat Gas Ltd.,Gas Transmission,Gas Transmission,Domestic Equities,322.0,301.0,6.976744186046512,0.011925269999999998,0.0146286,-18.479758828596047,0.0376058705818554,1100,gujarat-gas,Mid Cap,Feb-2025
152383,6925.0,1,Deepak Fertilisers And Petrochemicals Corporation Ltd.,Chemicals,Chemicals,Domestic Equities,125.0,117.0,6.837606837606838,0.011914375,0.013289445,-10.347083719448031,0.0375715136272549,1100,deepak-fertilisers-and-petrochemicals-corporation,Small Cap,Feb-2025
152438,6334.0,1,Jaiprakash Power Ventures Ltd.,Power,Power,Domestic Equities,8912.0,8344.0,6.807286673058485,0.011906432,0.013625752,-12.618165955170765,0.037546465688715,1100,jaiprakash-power-ventures,Small Cap,Feb-2025
95396,111416.0,1,Nuvama Wealth Management Ltd.,Finance,Finance,Domestic Equities,22.0,21.0,4.761904761904762,0.0118811,0.011750024999999999,1.115529541426512,0.0374665822216254,1100,nuvama-wealth-management,Small Cap,Feb-2025
37962,6229.0,1,Gillette India Ltd.,FMCG,Fast Moving Consumer Goods,Domestic Equities,15.0,14.0,7.142857142857142,0.01182795,0.012050149999999999,-1.843960448625113,0.0372989757840834,1100,gillette-india,Small Cap,Feb-2025
171776,7342.0,1,The Karnataka Bank Ltd.,Bank,Banking,Domestic Equities,705.0,660.0,6.8181818181818175,0.011819325,0.01265088,-6.57310005311883,0.037271777185329,1100,the-karnataka-bank,Small Cap,Feb-2025
133044,7653.0,1,Ratnamani Metals & Tubes Ltd.,Iron & Steel,Iron & Steel,Domestic Equities,48.0,45.0,6.666666666666667,0.01180128,0.0128637,-8.25905454884675,0.0372148729865436,1100,ratnamani-metals-tubes,Small Cap,Feb-2025
19203,7298.0,1,PCBL Chemical Ltd.,Chemicals,Chemicals,Domestic Equities,328.0,307.0,6.840390879478828,0.0117424,0.011664464999999999,0.6681403733475997,0.0370291972190465,1100,pcbl-chemical,Small Cap,Feb-2025
9438,105416.0,1,Go Digit General Insurance Ltd.,Insurance,Finance,Domestic Equities,383.0,359.0,6.685236768802229,0.011675755000000001,0.01068743,9.247545948838972,0.0368190348290186,1100,go-digit-general-insurance,Small Cap,Feb-2025
94723,5905.0,1,Anant Raj Ltd.,Realty,Realty,Domestic Equities,252.0,236.0,6.779661016949152,0.0116739,0.01411988,-17.32295175313105,0.0368131851593735,1100,anant-raj,Small Cap,Feb-2025
114457,7574.0,1,The South Indian Bank Ltd.,Bank,Banking,Domestic Equities,4876.0,4565.0,6.812705366922234,0.01160488,0.01181422,-1.7719324678226753,0.0365955333001234,1100,the-south-indian-bank,Small Cap,Feb-2025
140194,102059.0,1,Rainbow Children's Medicare Ltd.,Healthcare,Healthcare,Domestic Equities,93.0,87.0,6.896551724137931,0.01152828,0.012386625,-6.929611577003423,0.0363539782085766,1100,rainbow-children's-medicare,Small Cap,Feb-2025
133374,5879.0,1,Finolex Cables Ltd.,Electricals,Electricals,Domestic Equities,141.0,132.0,6.8181818181818175,0.011517584999999999,0.013219799999999999,-12.87625380111651,0.0363202519461211,1100,finolex-cables,Small Cap,Feb-2025
171394,82477.0,1,Endurance Technologies Ltd.,Automobile & Ancillaries,Automobile & Ancillaries,Domestic Equities,65.0,61.0,6.557377049180328,0.011477375000000001,0.012135644999999999,-5.424268755389586,0.0361934512903626,1100,endurance-technologies,Mid Cap,Feb-2025
96608,84153.0,1,Eris Lifesciences Ltd.,Healthcare,Healthcare,Domestic Equities,97.0,90.0,7.777777777777778,0.01147316,0.01105245,3.8064863446566113,0.0361801594534061,1100,eris-lifesciences,Small Cap,Feb-2025
118743,98929.0,1,Aptus Value Housing Finance India Ltd.,Finance,Finance,Domestic Equities,373.0,349.0,6.876790830945559,0.011471615,0.0105747,8.481706336822798,0.0361752873565857,1100,aptus-value-housing-finance-india,Small Cap,Feb-2025
63978,98925.0,1,CarTrade Tech Ltd.,Automobile & Ancillaries,Information Technology,Domestic Equities,75.0,70.0,7.142857142857142,0.011464125,0.0115598,-0.8276527275558357,0.0361516679357543,1100,cartrade-tech,Small Cap,Feb-2025
152391,5643.0,1,Pfizer Ltd.,Healthcare,Healthcare,Domestic Equities,28.0,26.0,7.6923076923076925,0.011342099999999999,0.01179932,-3.874969066013977,0.0357668668907674,1100,pfizer,Small Cap,Feb-2025
1840,4901.0,1,SJVN Ltd.,Power,Power,Domestic Equities,1336.0,1251.0,6.794564348521183,0.011237096,0.012198500999999999,-7.881337223319486,0.0354357409007834,1100,sjvn,Mid Cap,Feb-2025
133191,5194.0,1,Praj Industries Ltd.,Capital Goods,Capital Goods,Domestic Equities,230.0,215.0,6.976744186046512,0.011234349999999999,0.013579399999999998,-17.269172422934737,0.0354270814976321,1100,praj-industries,Small Cap,Feb-2025
115131,88043.0,1,Lemon Tree Hotels Ltd.,Hospitality,Hospitality,Domestic Equities,921.0,862.0,6.844547563805105,0.011209491,0.011740440000000001,-4.5223943906702,0.0353486896174655,1100,lemon-tree-hotels,Small Cap,Feb-2025
101649,14929.0,1,Intellect Design Arena Ltd.,IT,Information Technology,Domestic Equities,168.0,158.0,6.329113924050633,0.011183760000000001,0.0128138,-12.7209727013064,0.0352675479195466,1100,intellect-design-arena,Small Cap,Feb-2025
152311,5037.0,1,Reliance Infrastructure Ltd.,Power,Power,Domestic Equities,527.0,493.0,6.896551724137931,0.011169765,0.012354579999999999,-9.59008723890249,0.0352234152366981,1100,reliance-infrastructure,Small Cap,Feb-2025
614,7779.0,1,eClerx Services Ltd.,IT,Information Technology,Domestic Equities,39.0,37.0,5.405405405405405,0.01105221,0.011315154999999999,-2.3238302966242963,0.0348527101611526,1100,eclerx-services,Small Cap,Feb-2025
46444,92584.0,1,Ujjivan Small Finance Bank Ltd.,Bank,Banking,Domestic Equities,3426.0,3208.0,6.795511221945137,0.011007738,0.011523136,-4.472723397519566,0.0347124694557835,1100,ujjivan-small-finance-bank,Small Cap,Feb-2025
171385,89248.0,1,Indiamart Intermesh Ltd.,Retailing,Information Technology,Domestic Equities,56.0,53.0,5.660377358490567,0.01100372,0.010951919999999999,0.4729764278774829,0.0346997988505899,1100,indiamart-intermesh,Small Cap,Feb-2025
75715,7731.0,1,Nava Ltd.,Power,Power,Domestic Equities,274.0,257.0,6.614785992217899,0.010902460000000001,0.011345265,-3.9029938921655813,0.0343804794175608,1100,nava,Small Cap,Feb-2025
19174,6780.0,1,Bayer CropScience Ltd.,Chemicals,Chemicals,Domestic Equities,23.0,22.0,4.545454545454546,0.01087693,0.011254980000000001,-3.3589575459041314,0.0342999715652476,1100,bayer-cropscience,Small Cap,Feb-2025
134343,87380.0,1,Newgen Software Technologies Ltd.,IT,Information Technology,Domestic Equities,116.0,109.0,6.422018348623854,0.0108605,0.011424835,-4.939546172876897,0.0342481602055333,1100,newgen-software-technologies,Small Cap,Feb-2025
152194,7698.0,1,Whirlpool Of India Ltd.,Consumer Durables,Consumer Durables,Domestic Equities,116.0,109.0,6.422018348623854,0.01076538,0.01242382,-13.348873373889841,0.0339482030213567,1100,whirlpool-of-india,Small Cap,Feb-2025
152303,6239.0,1,Jindal Saw Ltd.,Iron & Steel,Iron & Steel,Domestic Equities,432.0,405.0,6.666666666666667,0.01064664,0.010127025000000001,5.130973805238951,0.0335737610948519,1100,jindal-saw,Small Cap,Feb-2025
131,7518.0,1,Swan Energy Ltd.,Textile,Textile,Domestic Equities,260.0,244.0,6.557377049180328,0.010608,0.01345294,-21.147347717301944,0.033451911372432,1100,swan-energy,Small Cap,Feb-2025
650,8558.0,1,V-Guard Industries Ltd.,Capital Goods,Capital Goods,Domestic Equities,342.0,320.0,6.875000000000001,0.01058319,0.0116624,-9.253755659212507,0.0333736740118409,1100,v-guard-industries,Small Cap,Feb-2025
19777,93855.0,1,Sumitomo Chemical India Ltd.,Chemicals,Chemicals,Domestic Equities,229.0,215.0,6.511627906976744,0.010547740000000002,0.01100155,-4.124964209588639,0.0332618838291342,1100,sumitomo-chemical-india,Small Cap,Feb-2025
695,7346.0,1,Titagarh Rail Systems Ltd.,Automobile & Ancillaries,Automobile & Ancillaries,Domestic Equities,149.0,140.0,6.428571428571428,0.0103853,0.014265300000000002,-27.198867181201948,0.0327496356689402,1100,titagarh-rail-systems,Small Cap,Feb-2025
141321,96164.0,1,Happiest Minds Technologies Ltd.,IT,Information Technology,Domestic Equities,151.0,141.0,7.092198581560284,0.01036313,0.009709259999999999,6.734498818653542,0.0326797234446636,1100,happiest-minds-technologies,Small Cap,Feb-2025
114727,84195.0,1,Tejas Networks Ltd.,Telecom,Telecom,Domestic Equities,145.0,136.0,6.61764705882353,0.01030515,0.012459640000000001,-17.291751607590587,0.0324968857918192,1100,tejas-networks,Small Cap,Feb-2025
152626,5172.0,1,Embassy Developments Ltd.,Realty,Realty,Domestic Equities,890.0,833.0,6.8427370948379345,0.01022521,0.012135977,-15.744649153504492,0.0322447981414504,1100,embassy-developments,Small Cap,Feb-2025
154120,5531.0,1,Triveni Turbine Ltd.,Capital Goods,Capital Goods,Domestic Equities,210.0,197.0,6.598984771573605,0.010206,0.013205895,-22.716332365205094,0.0321842201609202,1100,triveni-turbine,Small Cap,Feb-2025
540,7044.0,1,Edelweiss Financial Services Ltd.,Finance,Finance,Domestic Equities,1116.0,1045.0,6.794258373205741,0.009991548,0.011444840000000001,-12.698229070917552,0.0315079542014895,1100,edelweiss-financial-services,Small Cap,Feb-2025
152579,7542.0,1,Sobha Ltd.,Realty,Realty,Domestic Equities,83.0,71.0,16.901408450704224,0.00996498,0.00941318,5.861993502727028,0.0314241730569436,1100,sobha,Small Cap,Feb-2025
102214,109824.0,1,Jupiter Life Line Hospitals Ltd.,Healthcare,Healthcare,Domestic Equities,69.0,64.0,7.8125,0.00990633,0.01042624,-4.986553158185502,0.0312392225854133,1100,jupiter-life-line-hospitals,Small Cap,Feb-2025
76822,89008.0,1,Craftsman Automation Ltd.,Automobile & Ancillaries,Automobile & Ancillaries,Domestic Equities,22.0,21.0,4.761904761904762,0.009904070000000001,0.00877212,12.90395024235875,0.0312320957641745,1100,craftsman-automation,Small Cap,Feb-2025
171823,5029.0,1,Arvind Ltd.,Textile,Textile,Domestic Equities,292.0,274.0,6.569343065693431,0.009903180000000001,0.00925983,6.947751740582714,0.0312292891841291,1100,arvind,Small Cap,Feb-2025
171765,6852.0,1,Ceat Ltd.,Automobile & Ancillaries,Automobile & Ancillaries,Domestic Equities,39.0,36.0,8.333333333333332,0.00987675,0.01028394,-3.9594746760482904,0.0311459432171632,1100,ceat,Small Cap,Feb-2025
95274,89247.0,1,Chalet Hotels Ltd.,Hospitality,Hospitality,Domestic Equities,132.0,124.0,6.451612903225806,0.009729060000000001,0.00955978,1.7707520465952202,0.0306802086026653,1100,chalet-hotels,Small Cap,Feb-2025
133621,6468.0,1,Astra Microwave Products Ltd.,Capital Goods,Capital Goods,Domestic Equities,158.0,148.0,6.756756756756757,0.00959218,0.01099196,-12.734580547964153,0.0302485628986062,1100,astra-microwave-products,Small Cap,Feb-2025
113780,5843.0,1,Usha Martin Ltd.,Iron & Steel,Iron & Steel,Domestic Equities,323.0,303.0,6.6006600660066,0.009552725,0.01035957,-7.78840241438593,0.0301241431056953,1100,usha-martin,Small Cap,Feb-2025
78344,89378.0,1,Acutaas Chemicals Ltd.,Healthcare,Healthcare,Domestic Equities,44.0,41.0,7.317073170731707,0.00954206,0.00977973,-2.4302306914403546,0.0300905114470615,1100,acutaas-chemicals,Small Cap,Feb-2025
153943,100386.0,1,Vedant Fashions Ltd.,Textile,Textile,Domestic Equities,113.0,106.0,6.60377358490566,0.009527595,0.00989828,-3.744943565952878,0.0300448966376722,1100,vedant-fashions,Small Cap,Feb-2025
133298,5393.0,1,Balrampur Chini Mills Ltd.,Agri,Agriculture,Domestic Equities,214.0,200.0,7.000000000000001,0.00950695,0.009747,-2.4628090694572746,0.0299797934410014,1100,balrampur-chini-mills,Small Cap,Feb-2025
37849,7492.0,1,Sudarshan Chemical Industries Ltd.,Chemicals,Chemicals,Domestic Equities,107.0,83.0,28.915662650602407,0.0092555,0.00829419,11.59016130568506,0.0291868557416614,1100,sudarshan-chemical-industries,Small Cap,Feb-2025
139455,98272.0,1,Shyam Metalics And Energy Ltd.,Iron & Steel,Iron & Steel,Domestic Equities,130.0,122.0,6.557377049180328,0.00924755,0.009313479999999999,-0.7078986587183266,0.0291617857288964,1100,shyam-metalics-and-energy,Small Cap,Feb-2025
152441,8334.0,1,Gokaldas Exports Ltd.,Textile,Textile,Domestic Equities,113.0,106.0,6.60377358490566,0.009193115,0.01004032,-8.43802787162163,0.0289901270943227,1100,gokaldas-exports,Small Cap,Feb-2025
98869,15650.0,1,PTC Industries Ltd.,Automobile & Ancillaries,Automobile & Ancillaries,Domestic Equities,9.0,9.0,0.0,0.009184320000000001,0.012783105,-28.15266713368934,0.028962392407245,1100,ptc-industries,Small Cap,Feb-2025
57415,105415.0,1,Concord Biotech Ltd.,Healthcare,Healthcare,Domestic Equities,61.0,57.0,7.017543859649122,0.009126210000000001,0.012281505,-25.69143602514512,0.0287791448045063,1100,concord-biotech,Small Cap,Feb-2025
56635,7585.0,1,ITD Cementation India Ltd.,Infrastructure,Infrastructure,Domestic Equities,170.0,160.0,6.25,0.0091205,0.008644800000000001,5.5027299648343515,0.0287611385437656,1100,itd-cementation-india,Small Cap,Feb-2025
77334,87528.0,1,CreditAccess Grameen Ltd.,Finance,Finance,Domestic Equities,99.0,93.0,6.451612903225806,0.009099089999999999,0.010070505,-9.646139890700626,0.0286936229496401,1100,creditaccess-grameen,Small Cap,Feb-2025
113807,6098.0,1,HBL Engineering Ltd.,Automobile & Ancillaries,Automobile & Ancillaries,Domestic Equities,210.0,197.0,6.598984771573605,0.0090951,0.011757945,-22.647197278095792,0.0286810406413467,1100,hbl-engineering,Small Cap,Feb-2025
56723,6834.0,1,Can Fin Homes Ltd.,Finance,Finance,Domestic Equities,157.0,147.0,6.802721088435375,0.009069105,0.00981519,-7.60133018311414,0.0285990664297964,1100,can-fin-homes,Small Cap,Feb-2025
20766,6076.0,1,Techno Electric & Engineering Company Ltd.,Infrastructure,Infrastructure,Domestic Equities,93.0,87.0,6.896551724137931,0.009058665,0.009376425,-3.3889248834177232,0.0285661442998258,1100,techno-electric-engineering-company,Small Cap,Feb-2025
152413,5645.0,1,Finolex Industries Ltd.,Plastic Products,Plastic Products,Domestic Equities,530.0,496.0,6.854838709677419,0.00905187,0.01017792,-11.06365544236937,0.0285447165341983,1100,finolex-industries,Small Cap,Feb-2025
133302,6421.0,1,BASF India Ltd.,Chemicals,Chemicals,Domestic Equities,21.0,19.0,10.526315789473683,0.009001335000000001,0.008767645,2.6653679522836615,0.0283853563964527,1100,basf-india,Small Cap,Feb-2025
117072,93022.0,1,Home First Finance Company India Ltd.,Finance,Finance,Domestic Equities,88.0,82.0,7.317073170731707,0.008964119999999999,0.00816679,9.763077047407847,0.0282680003555661,1100,home-first-finance-company-india,Small Cap,Feb-2025
152553,7055.0,1,CIE Automotive India Ltd.,Automobile & Ancillaries,Automobile & Ancillaries,Domestic Equities,238.0,222.0,7.207207207207207,0.00894999,0.01031079,-13.197824802949151,0.0282234419555197,1100,cie-automotive-india,Small Cap,Feb-2025
1336,89761.0,1,Sansera Engineering Ltd.,Automobile & Ancillaries,Automobile & Ancillaries,Domestic Equities,80.0,75.0,6.666666666666667,0.0089488,0.009467999999999999,-5.483734685255595,0.0282196893372567,1100,sansera-engineering,Small Cap,Feb-2025
134937,5507.0,1,Kirloskar Oil Engines Ltd.,Capital Goods,Capital Goods,Domestic Equities,155.0,145.0,6.896551724137931,0.008929550000000001,0.013100025,-31.835626267888795,0.0281589852182975,1100,kirloskar-oil-engines,Small Cap,Feb-2025
152532,6617.0,1,Sun TV Network Ltd.,Media & Entertainment,Media & Entertainment,Domestic Equities,158.0,148.0,6.756756756756757,0.0088717,0.00915898,-3.1365938128481528,0.0279765575153474,1100,sun-tv-network,Small Cap,Feb-2025
152053,6921.0,1,DCM Shriram Ltd.,Diversified,Diversified,Domestic Equities,92.0,86.0,6.976744186046512,0.0088136,0.01005555,-12.350890801597123,0.0277933414472159,1100,dcm-shriram,Small Cap,Feb-2025
151986,6639.0,1,Safari Industries (India) Ltd.,FMCG,Fast Moving Consumer Goods,Domestic Equities,41.0,38.0,7.894736842105263,0.008757805,0.009158,-4.369895173618693,0.027617394106056,1100,safari-industries-india,Small Cap,Feb-2025
152578,8075.0,1,LT Foods Ltd.,FMCG,Fast Moving Consumer Goods,Domestic Equities,257.0,240.0,7.083333333333333,0.008726435,0.0093624,-6.792756130906599,0.0275184700431079,1100,lt-foods,Small Cap,Feb-2025
152106,69868.0,1,Ircon International Ltd.,Infrastructure,Infrastructure,Domestic Equities,609.0,570.0,6.842105263157896,0.008627094,0.01262151,-31.647687162629516,0.0272052021012104,1100,ircon-international,Small Cap,Feb-2025
115263,4992.0,1,Gravita India Ltd.,Non - Ferrous Metals,Non - Ferrous Metals,Domestic Equities,54.0,50.0,8.0,0.00861138,0.010325500000000001,-16.600842574209494,0.0271556486193753,1100,gravita-india,Small Cap,Feb-2025
19064,6023.0,1,Westlife Foodworld Ltd,Hospitality,Hospitality,Domestic Equities,126.0,118.0,6.779661016949152,0.00860643,0.00856503,0.48336082885874687,0.0271400389887858,1100,westlife-foodworld,Small Cap,Feb-2025
133308,5965.0,1,BEML Ltd.,Capital Goods,Capital Goods,Domestic Equities,35.0,33.0,6.0606060606060606,0.0085911,0.012687509999999999,-32.28694992161582,0.0270916964358692,1100,beml,Small Cap,Feb-2025
59506,99993.0,1,Medplus Health Services Ltd.,Healthcare,Healthcare,Domestic Equities,120.0,112.0,7.142857142857142,0.0085752,0.00810152,5.846804056522722,0.0270415564103393,1100,medplus-health-services,Small Cap,Feb-2025
133388,7039.0,1,Kansai Nerolac Paints Ltd.,Chemicals,Chemicals,Domestic Equities,376.0,352.0,6.8181818181818175,0.008522416,0.00820512,3.86704886704887,0.0268751041394227,1100,kansai-nerolac-paints,Small Cap,Feb-2025
152389,5123.0,1,Sanofi India Ltd.,Healthcare,Healthcare,Domestic Equities,17.0,15.0,13.333333333333334,0.008519635,0.008287725000000001,2.7982347387250375,0.0268663343651461,1100,sanofi-india,Small Cap,Feb-2025
188402,98309.0,1,Jubilant Ingrevia Ltd.,Chemicals,Chemicals,Domestic Equities,138.0,129.0,6.976744186046512,0.00850356,0.008988075,-5.390642601446915,0.0268156424839892,1100,jubilant-ingrevia,Small Cap,Feb-2025
171668,8857.0,1,Zen Technologies Ltd.,Capital Goods,Capital Goods,Domestic Equities,81.0,76.0,6.578947368421052,0.008466930000000001,0.01323236,-36.01345489391159,0.0267001312176269,1100,zen-technologies,Small Cap,Feb-2025
38814,98613.0,1,Aditya Birla Sun Life AMC Ltd.,Finance,Finance,Domestic Equities,135.0,126.0,7.142857142857142,0.00830925,0.00860706,-3.4600665035447586,0.0262028935304846,1100,aditya-birla-sun-life-amc,Small Cap,Feb-2025
607,7527.0,1,Jyothy Labs Ltd.,FMCG,Fast Moving Consumer Goods,Domestic Equities,254.0,238.0,6.722689075630252,0.00818896,0.00948192,-13.63605683237151,0.0258235637398558,1100,jyothy-labs,Small Cap,Feb-2025
133662,6324.0,1,Century Plyboards (India) Ltd.,Construction Materials,Construction Materials,Domestic Equities,113.0,106.0,6.60377358490566,0.008152385,0.00852929,-4.418949291207131,0.0257082259138333,1100,century-plyboards-india,Small Cap,Feb-2025
133393,7068.0,1,GHCL Ltd.,Chemicals,Chemicals,Domestic Equities,141.0,132.0,6.8181818181818175,0.0081498,0.00964986,-15.544888734137071,0.0257000742178588,1100,ghcl,Small Cap,Feb-2025
133585,5972.0,1,Olectra Greentech Ltd.,Automobile & Ancillaries,Automobile & Ancillaries,Domestic Equities,76.0,71.0,7.042253521126761,0.00814454,0.010410019999999999,-21.762494212306986,0.0256834870144445,1100,olectra-greentech,Small Cap,Feb-2025
190355,99127.0,1,Vijaya Diagnostic Centre Ltd.,Healthcare,Healthcare,Domestic Equities,88.0,82.0,7.317073170731707,0.0080586,0.008485359999999999,-5.029368229515299,0.0254124785997248,1100,vijaya-diagnostic-centre,Small Cap,Feb-2025
555,5663.0,1,The Fertilisers And Chemicals Travancore Ltd.,Chemicals,Chemicals,Domestic Equities,116.0,108.0,7.4074074074074066,0.00802372,0.00994626,-19.329275526680384,0.0253024858896314,1100,the-fertilisers-and-chemicals-travancore,Mid Cap,Feb-2025
152271,6134.0,1,Raymond Ltd.,Textile,Textile,Domestic Equities,62.0,58.0,6.896551724137931,0.00801877,0.008766119999999999,-8.525436567147153,0.0252868762590419,1100,raymond,Small Cap,Feb-2025
152559,7752.0,1,Action Construction Equipment Ltd.,Capital Goods,Capital Goods,Domestic Equities,76.0,72.0,5.555555555555555,0.007982280000000001,0.0092736,-13.92468944099378,0.025171806477181,1100,action-construction-equipment,Small Cap,Feb-2025
115768,100528.0,1,Data Patterns (India) Ltd.,Capital Goods,Capital Goods,Domestic Equities,55.0,51.0,7.8431372549019605,0.007907625,0.01125774,-29.758326271525192,0.0249363848667447,1100,data-patterns-india,Small Cap,Feb-2025
114450,5588.0,1,The Jammu & Kashmir Bank Ltd.,Bank,Banking,Domestic Equities,833.0,780.0,6.794871794871795,0.00789684,0.007762559999999999,1.7298417017066674,0.0249023747928239,1100,the-jammu-kashmir-bank,Small Cap,Feb-2025
171921,8516.0,1,Strides Pharma Science Ltd.,Healthcare,Healthcare,Domestic Equities,127.0,119.0,6.722689075630252,0.00786765,0.00815745,-3.552580769725834,0.0248103252742567,1100,strides-pharma-science,Small Cap,Feb-2025
328,7817.0,1,Marksans Pharma Ltd.,Healthcare,Healthcare,Domestic Equities,382.0,358.0,6.70391061452514,0.007819158,0.00863138,-9.410105915855855,0.0246574076567725,1100,marksans-pharma,Small Cap,Feb-2025
133425,7180.0,1,Ion Exchange (India) Ltd.,Business Services,Capital Goods,Domestic Equities,156.0,146.0,6.8493150684931505,0.00779844,0.00849209,-8.16818945630581,0.0245920742574688,1100,ion-exchange-india,Small Cap,Feb-2025
152305,7945.0,1,JK Lakshmi Cement Ltd.,Construction Materials,Construction Materials,Domestic Equities,116.0,108.0,7.4074074074074066,0.007790559999999999,0.008684279999999999,-10.291238882210155,0.0245672249869545,1100,jk-lakshmi-cement,Small Cap,Feb-2025
18970,6462.0,1,Sarda Energy & Minerals Ltd.,Iron & Steel,Iron & Steel,Domestic Equities,171.0,160.0,6.875000000000001,0.007755705000000001,0.0075712,2.4369320583262937,0.0244573111133793,1100,sarda-energy-minerals,Small Cap,Feb-2025
58780,8388.0,1,Alembic Pharmaceuticals Ltd.,Healthcare,Healthcare,Domestic Equities,104.0,97.0,7.216494845360824,0.00773396,0.008925455,-13.349403475789194,0.0243887391099108,1100,alembic-pharmaceuticals,Small Cap,Feb-2025
133018,6609.0,1,CCL Products (India) Ltd.,Agri,Agriculture,Domestic Equities,133.0,125.0,6.4,0.007716659999999999,0.0077712499999999995,-0.7024609940485754,0.0243341842393657,1100,ccl-products-india,Small Cap,Feb-2025
133909,100034.0,1,Metro Brands Ltd.,Retailing,Retailing,Domestic Equities,69.0,64.0,7.8125,0.007708334999999999,0.00758304,1.6523056716039968,0.0243079316788288,1100,metro-brands,Mid Cap,Feb-2025
114436,6959.0,1,Engineers India Ltd.,Capital Goods,Capital Goods,Domestic Equities,512.0,479.0,6.8893528183716075,0.007689216,0.008193295,-6.1523355377781535,0.0242476406632246,1100,engineers-india,Small Cap,Feb-2025
83618,17010.0,1,BLS International Services Ltd.,Business Services,Hospitality,Domestic Equities,226.0,211.0,7.109004739336493,0.00766253,0.009204875,-16.755740843846336,0.0241634874103131,1100,bls-international-services,Small Cap,Feb-2025
153985,89725.0,1,Mrs. Bectors Food Specialities Ltd.,FMCG,Fast Moving Consumer Goods,Domestic Equities,58.0,54.0,7.4074074074074066,0.00766093,0.007937729999999999,-3.4871430497131963,0.0241584418731529,1100,mrs-bectors-food-specialities,Small Cap,Feb-2025
200656,105054.0,1,Signatureglobal (India) Ltd.,Realty,Realty,Domestic Equities,73.0,68.0,7.352941176470589,0.007629595,0.00820488,-7.011498035315567,0.0240596281813302,1100,signatureglobal-india,Small Cap,Feb-2025
203281,106367.0,1,NMDC Steel Ltd.,Iron & Steel,Iron & Steel,Domestic Equities,2152.0,2015.0,6.799007444168735,0.00761808,0.00849121,-10.282751221557348,0.02402331608108,1100,nmdc-steel,Small Cap,Feb-2025
97859,90258.0,1,Metropolis Healthcare Ltd.,Healthcare,Healthcare,Domestic Equities,48.0,45.0,6.666666666666667,0.0076056000000000006,0.008086050000000001,-5.941714434118019,0.0239839608912301,1100,metropolis-healthcare,Small Cap,Feb-2025
152197,7753.0,1,Kirloskar Brothers Ltd.,Capital Goods,Capital Goods,Domestic Equities,47.0,44.0,6.8181818181818175,0.007502375,0.008174540000000001,-8.222664516902482,0.0236584449078761,1100,kirloskar-brothers,Small Cap,Feb-2025
95082,5635.0,1,Capri Global Capital Ltd.,Finance,Finance,Domestic Equities,465.0,435.0,6.896551724137931,0.00742698,0.007748655,-4.151365624098636,0.0234206897365031,1100,capri-global-capital,Small Cap,Feb-2025
171468,102668.0,1,Bikaji Foods International Ltd.,FMCG,Fast Moving Consumer Goods,Domestic Equities,117.0,109.0,7.339449541284404,0.0074195549999999996,0.0075319,-1.491589107662082,0.0233972752906188,1100,bikaji-foods-international,Small Cap,Feb-2025
171937,5730.0,1,Astrazeneca Pharma India Ltd.,Healthcare,Healthcare,Domestic Equities,11.0,10.0,10.0,0.007368515,0.0072350999999999995,1.8439966275517967,0.023236322655207,1100,astrazeneca-pharma-india,Small Cap,Feb-2025
1896,5762.0,1,Jupiter Wagons Ltd.,Automobile & Ancillaries,Automobile & Ancillaries,Domestic Equities,253.0,237.0,6.751054852320674,0.007340795,0.009495405,-22.69108058055449,0.0231489087239057,1100,jupiter-wagons,Small Cap,Feb-2025
152647,6951.0,1,Time Technoplast Ltd.,Plastic Products,Plastic Products,Domestic Equities,205.0,192.0,6.770833333333333,0.007327725,0.00769056,-4.7179269129946215,0.023107692992228,1100,time-technoplast,Small Cap,Feb-2025
152387,5364.0,1,Gujarat Narmada Valley Fertilizers & Chemicals Ltd.,Chemicals,Chemicals,Domestic Equities,156.0,146.0,6.8493150684931505,0.00731406,0.00809497,-9.646854775249324,0.0230646009514187,1100,gujarat-narmada-valley-fertilizers-chemicals,Small Cap,Feb-2025
133353,4920.0,1,IDBI Bank Ltd.,Bank,Banking,Domestic Equities,1049.0,982.0,6.822810590631365,0.007263276,0.007965984,-8.821358415984777,0.0229044556019525,1100,idbi-bank,Mid Cap,Feb-2025
57345,99844.0,1,AWL Agri Business Ltd.,FMCG,Fast Moving Consumer Goods,Domestic Equities,295.0,276.0,6.884057971014493,0.007261425,0.00735954,-1.3331675621030625,0.0228986185461503,1100,awl-agri-business,Mid Cap,Feb-2025
117,8100.0,1,Vardhman Textiles Ltd.,Textile,Textile,Domestic Equities,191.0,179.0,6.70391061452514,0.00725227,0.008175825,-11.296168888155023,0.0228697486132115,1100,vardhman-textiles,Small Cap,Feb-2025
120445,17045.0,1,Quess Corp Ltd.,IT,Information Technology,Domestic Equities,120.0,112.0,7.142857142857142,0.007167,0.00667296,7.403610991224285,0.0226008530171776,1100,quess-corp,Small Cap,Feb-2025
171411,6555.0,1,Vinati Organics Ltd.,Chemicals,Chemicals,Domestic Equities,47.0,44.0,6.8181818181818175,0.007166325,0.00736406,-2.6851356452826294,0.0225987244311881,1100,vinati-organics,Small Cap,Feb-2025
134271,8157.0,1,Minda Corporation Ltd.,Automobile & Ancillaries,Automobile & Ancillaries,Domestic Equities,149.0,140.0,6.428571428571428,0.007156470000000001,0.0079856,-10.382814065317573,0.0225676470757417,1100,minda-corporation,Small Cap,Feb-2025
19913,93142.0,1,UTI Asset Management Company Ltd.,Finance,Finance,Domestic Equities,76.0,71.0,7.042253521126761,0.00715084,0.00737335,-3.017759905605988,0.0225498930918591,1100,uti-asset-management-company,Small Cap,Feb-2025
152533,5624.0,1,Godawari Power And Ispat Ltd.,Iron & Steel,Iron & Steel,Domestic Equities,457.0,427.0,7.02576112412178,0.007117775,0.007695821,-7.511167424502219,0.0224456239129819,1100,godawari-power-and-ispat,Small Cap,Feb-2025
592,5266.0,1,Jai Balaji Industries Ltd.,Iron & Steel,Iron & Steel,Domestic Equities,539.0,504.0,6.944444444444445,0.007062517000000001,0.00679896,3.87643110122726,0.0222713699802314,1100,jai-balaji-industries,Small Cap,Feb-2025
133360,5711.0,1,Procter & Gamble Health Ltd.,Healthcare,Healthcare,Domestic Equities,14.0,13.0,7.6923076923076925,0.007047670000000001,0.00699738,0.7186975696617964,0.022224550548845,1100,procter-gamble-health,Small Cap,Feb-2025
58513,104175.0,1,Aadhar Housing Finance Ltd.,Finance,Finance,Domestic Equities,184.0,173.0,6.358381502890173,0.00700488,0.0068940500000000005,1.6076181634887987,0.0220896139644157,1100,aadhar-housing-finance,Small Cap,Feb-2025
19036,8047.0,1,Kirloskar Pneumatic Company Ltd.,Capital Goods,Capital Goods,Domestic Equities,70.0,66.0,6.0606060606060606,0.00699615,0.00747978,-6.465831882755915,0.0220620842522851,1100,kirloskar-pneumatic-company,Small Cap,Feb-2025
152392,4998.0,1,Gujarat State Fertilizers & Chemicals Ltd.,Chemicals,Chemicals,Domestic Equities,417.0,390.0,6.923076923076923,0.0069860009999999995,0.00799812,-12.654461298405128,0.0220300797793855,1100,gujarat-state-fertilizers-chemicals,Small Cap,Feb-2025
152067,7924.0,1,JM Financial Ltd.,Finance,Finance,Domestic Equities,752.0,704.0,6.8181818181818175,0.006940208,0.007748928,-10.436540383392392,0.0218856733523985,1100,jm-financial,Small Cap,Feb-2025
2515,87584.0,1,Nazara Technologies Ltd.,IT,Information Technology,Domestic Equities,76.0,71.0,7.042253521126761,0.00692246,0.006682165,3.5960650477801788,0.0218297057314485,1100,nazara-technologies,Small Cap,Feb-2025
152554,7075.0,1,Voltamp Transformers Ltd.,Capital Goods,Capital Goods,Domestic Equities,11.0,11.0,0.0,0.0069058,0.009193965,-24.88768447563157,0.0217771690757674,1100,voltamp-transformers,Small Cap,Feb-2025
152132,7850.0,1,Mastek Ltd.,IT,Information Technology,Domestic Equities,31.0,29.0,6.896551724137931,0.006899825000000001,0.00752057,-8.253962133189363,0.0217583271479346,1100,mastek,Small Cap,Feb-2025
75900,5318.0,1,Choice International Ltd.,Finance,Finance,Domestic Equities,148.0,139.0,6.474820143884892,0.00689162,0.007081355,-2.679360094219253,0.0217324530026847,1100,choice-international,Small Cap,Feb-2025
19035,7076.0,1,GMM Pfaudler Ltd.,Capital Goods,Capital Goods,Domestic Equities,62.0,58.0,6.896551724137931,0.006864019999999999,0.00690055,-0.5293780930505565,0.0216454174866705,1100,gmm-pfaudler,Small Cap,Feb-2025
79360,8286.0,1,Orient Cement Ltd.,Construction Materials,Construction Materials,Domestic Equities,207.0,193.0,7.253886010362693,0.006821684999999999,0.00657551,3.743816069019735,0.0215119157268711,1100,orient-cement,Small Cap,Feb-2025
19084,5742.0,1,Elecon Engineering Company Ltd.,Capital Goods,Capital Goods,Domestic Equities,164.0,154.0,6.493506493506493,0.00679288,0.00819896,-17.149492130709255,0.0214210802906831,1100,elecon-engineering-company,Small Cap,Feb-2025
95495,88229.0,1,Garden Reach Shipbuilders & Engineers Ltd.,Ship Building,Ship Building,Domestic Equities,54.0,51.0,5.88235294117647,0.006782399999999999,0.00828342,-18.120776201134323,0.0213880320222834,1100,garden-reach-shipbuilders-engineers,Small Cap,Feb-2025
430,6832.0,1,Caplin Point Laboratories Ltd.,Healthcare,Healthcare,Domestic Equities,37.0,35.0,5.714285714285714,0.006743249999999999,0.007260225,-7.120647087383664,0.0212645740348937,1100,caplin-point-laboratories,Small Cap,Feb-2025
211056,110999.0,1,DOMS Industries Ltd.,FMCG,Fast Moving Consumer Goods,Domestic Equities,28.0,26.0,7.6923076923076925,0.006738340000000001,0.00645385,4.408066502940114,0.0212490905427332,1100,doms-industries,Small Cap,Feb-2025
40249,8148.0,1,Schneider Electric Infrastructure Ltd.,Capital Goods,Capital Goods,Domestic Equities,109.0,102.0,6.862745098039216,0.0066713449999999995,0.00696456,-4.210100853463823,0.0210378244414515,1100,schneider-electric-infrastructure,Small Cap,Feb-2025
133404,7107.0,1,Hindustan Construction Company Ltd.,Infrastructure,Infrastructure,Domestic Equities,2817.0,2638.0,6.785443517816528,0.006650937,0.00845479,-21.335278581727042,0.0209734686149725,1100,hindustan-construction-company,Small Cap,Feb-2025
38127,7192.0,1,JK Tyre & Industries Ltd.,Automobile & Ancillaries,Automobile & Ancillaries,Domestic Equities,251.0,235.0,6.808510638297872,0.006647735,0.00746125,-10.903199865974202,0.0209633712337306,1100,jk-tyre-industries,Small Cap,Feb-2025
203237,106365.0,1,Aarti Pharmalabs Ltd.,Healthcare,Healthcare,Domestic Equities,90.0,85.0,5.88235294117647,0.0065988,0.0049686750000000005,32.80804238554544,0.0208090566331452,1100,aarti-pharmalabs,Small Cap,Feb-2025
171624,5869.0,1,Blue Dart Express Ltd.,Logistics,Logistics,Domestic Equities,11.0,10.0,10.0,0.006597085,0.00658,0.25965045592705194,0.0208036484480016,1100,blue-dart-express,Small Cap,Feb-2025
77478,110778.0,1,NIIT Learning Systems Ltd. ,IT,Information Technology,Domestic Equities,156.0,146.0,6.8493150684931505,0.00655122,0.00688244,-4.81253741405664,0.0206590149718424,1100,niit-learning-systems,Small Cap,Feb-2025
171855,5247.0,1,Kesoram Industries Ltd.,Construction Materials,Construction Materials,Domestic Equities,328.0,307.0,6.840390879478828,0.006417648000000001,0.006761982,-5.0922052143883185,0.0202378009158621,1100,kesoram-industries,Small Cap,Feb-2025
58164,86911.0,1,The New India Assurance Company Ltd.,Insurance,Finance,Domestic Equities,449.0,421.0,6.65083135391924,0.006380739,0.007655885,-16.65576220123474,0.0201214098339574,1100,the-new-india-assurance-company,Mid Cap,Feb-2025
133045,6467.0,1,Vesuvius India Ltd.,Capital Goods,Capital Goods,Domestic Equities,16.0,15.0,6.666666666666667,0.0063804000000000005,0.006425175,-0.6968681786877264,0.0201203408107716,1100,vesuvius-india,Small Cap,Feb-2025
114515,6989.0,1,Gujarat Pipavav Port Ltd.,Logistics,Logistics,Domestic Equities,507.0,474.0,6.962025316455696,0.0063349650000000006,0.007193424,-11.93394133308422,0.0199770633227242,1100,gujarat-pipavav-port,Small Cap,Feb-2025
152320,7509.0,1,Supreme Petrochem Ltd.,Crude Oil,Chemicals,Domestic Equities,118.0,110.0,7.2727272727272725,0.006331290000000001,0.0067374999999999996,-6.029090909090896,0.0199654743545593,1100,supreme-petrochem,Small Cap,Feb-2025
114425,8654.0,1,Saregama India Ltd.,Media & Entertainment,Media & Entertainment,Domestic Equities,141.0,132.0,6.8181818181818175,0.006256874999999999,0.00628386,-0.42943350106463996,0.019730809574697,1100,saregama-india,Small Cap,Feb-2025
94609,5685.0,1,Welspun Living Ltd.,Textile,Textile,Domestic Equities,582.0,545.0,6.7889908256880735,0.006222744,0.007505195,-17.087510717576293,0.0196231788066867,1100,welspun-living,Small Cap,Feb-2025
133644,8289.0,1,PTC India Ltd.,Power,Power,Domestic Equities,445.0,417.0,6.71462829736211,0.00617749,0.0060039659999999995,2.890156273369977,0.0194804720950306,1100,ptc-india,Small Cap,Feb-2025
56877,7963.0,1,Shilpa Medicare Ltd.,Healthcare,Healthcare,Domestic Equities,101.0,94.0,7.446808510638298,0.00616201,0.00667118,-7.632382876792409,0.0194316565230052,1100,shilpa-medicare,Small Cap,Feb-2025
28396,92035.0,1,Sterling and Wilson Renewable Energy Ltd.,Infrastructure,Infrastructure,Domestic Equities,237.0,222.0,6.756756756756757,0.006054165,0.007345979999999999,-17.585332385876352,0.019091571551101,1100,sterling-and-wilson-renewable-energy,Small Cap,Feb-2025
65954,90814.0,1,Arvind Fashions Ltd.,Retailing,Retailing,Domestic Equities,159.0,149.0,6.7114093959731544,0.006053925,0.00718329,-15.722113404860446,0.019090814720527,1100,arvind-fashions,Small Cap,Feb-2025
152385,6093.0,1,Garware Hi-Tech Films Ltd.,Plastic Products,Plastic Products,Domestic Equities,16.0,15.0,6.666666666666667,0.006033279999999999,0.005447475,10.753697814124878,0.0190257115238562,1100,garware-hi-tech-films,Small Cap,Feb-2025
133293,6728.0,1,Force Motors Ltd.,Automobile & Ancillaries,Automobile & Ancillaries,Domestic Equities,9.0,8.0,12.5,0.006004035,0.00504904,18.914387685579825,0.0189334885649491,1100,force-motors,Small Cap,Feb-2025
152203,8715.0,1,KSB Ltd.,Capital Goods,Capital Goods,Domestic Equities,97.0,91.0,6.593406593406594,0.0059849,0.006393205,-6.386546340997981,0.0188731470939733,1100,ksb,Small Cap,Feb-2025
171881,7520.0,1,V-Mart Retail Ltd.,Retailing,Retailing,Domestic Equities,20.0,19.0,5.263157894736842,0.0059823,0.00609938,-1.9195393630172148,0.0188649480960879,1100,v-mart-retail,Small Cap,Feb-2025
38126,6453.0,1,The India Cements Ltd.,Construction Materials,Construction Materials,Domestic Equities,235.0,220.0,6.8181818181818175,0.0059549,0.0058102,2.49044783312106,0.0187785432722186,1100,the-india-cements,Small Cap,Feb-2025
643,7404.0,1,KNR Constructions Ltd.,Infrastructure,Infrastructure,Domestic Equities,269.0,252.0,6.746031746031746,0.00592876,0.0074781,-20.71836429039462,0.0186961118088631,1100,knr-constructions,Small Cap,Feb-2025
154098,6604.0,1,TD Power Systems Ltd.,Capital Goods,Capital Goods,Domestic Equities,191.0,179.0,6.70391061452514,0.005899035,0.006582725,-10.386124287434157,0.0186023751888079,1100,td-power-systems,Small Cap,Feb-2025
152585,6859.0,1,Tanla Platforms Ltd.,IT,Information Technology,Domestic Equities,135.0,126.0,7.142857142857142,0.00589005,0.00696276,-15.40639056925702,0.0185740413441924,1100,tanla-platforms,Small Cap,Feb-2025
153397,98823.0,1,Nuvoco Vistas Corporation Ltd.,Construction Materials,Construction Materials,Domestic Equities,187.0,175.0,6.857142857142858,0.005861515,0.00613375,-4.438312614632151,0.0184840573424001,1100,nuvoco-vistas-corporation,Small Cap,Feb-2025
133081,5148.0,1,Trident Ltd.,Textile,Textile,Domestic Equities,2262.0,2118.0,6.79886685552408,0.005833698000000001,0.00658698,-11.435923594727775,0.0183963375254085,1100,trident,Small Cap,Feb-2025
155709,99978.0,1,Paradeep Phosphates Ltd.,Chemicals,Chemicals,Domestic Equities,670.0,628.0,6.687898089171974,0.0058216299999999995,0.007084468,-17.82544574977261,0.0183582815613774,1100,paradeep-phosphates,Small Cap,Feb-2025
133362,5245.0,1,Electrosteel Castings Ltd.,Iron & Steel,Automobile & Ancillaries,Domestic Equities,618.0,578.0,6.920415224913495,0.005732568,0.00741574,-22.697289818682957,0.0180774280422737,1100,electrosteel-castings,Small Cap,Feb-2025
133631,6516.0,1,Suprajit Engineering Ltd.,Automobile & Ancillaries,Automobile & Ancillaries,Domestic Equities,141.0,132.0,6.8181818181818175,0.005650575,0.0053691,5.242498742806055,0.0178188663370362,1100,suprajit-engineering,Small Cap,Feb-2025
56649,7087.0,1,HEG Ltd.,Capital Goods,Capital Goods,Domestic Equities,157.0,147.0,6.802721088435375,0.00562688,0.0058065,-3.0934297769740864,0.0177441450851537,1100,heg,Small Cap,Feb-2025
171516,6987.0,1,Tata Teleservices (Maharashtra) Ltd.,Telecom,Telecom,Domestic Equities,939.0,879.0,6.825938566552901,0.005588928,0.0063103410000000006,-11.432234803158826,0.0176244649437126,1100,tata-teleservices-maharashtra,Small Cap,Feb-2025
192044,99995.0,1,RateGain Travel Technologies Ltd.,IT,Information Technology,Domestic Equities,114.0,106.0,7.547169811320755,0.005586,0.007410989999999999,-24.625454898738223,0.0176152316107094,1100,rategain-travel-technologies,Small Cap,Feb-2025
133551,7167.0,1,Indian Overseas Bank,Bank,Banking,Domestic Equities,1281.0,1200.0,6.75,0.005576193,0.00612,-8.885735294117639,0.0175843056213778,1100,indian-overseas-bank,Large Cap,Feb-2025
65311,106730.0,1,SBFC Finance Ltd.,Finance,Finance,Domestic Equities,630.0,590.0,6.779661016949152,0.00556101,0.0050297499999999995,10.562353993737265,0.0175364266271878,1100,sbfc-finance,Small Cap,Feb-2025
133520,5959.0,1,Triveni Engineering & Industries Ltd.,Agri,Agriculture,Domestic Equities,159.0,149.0,6.7114093959731544,0.005546715,0.00570968,-2.8541879755082675,0.0174913479061217,1100,triveni-engineering-industries,Small Cap,Feb-2025
2006,102339.0,1,Ethos Ltd.,Retailing,Retailing,Domestic Equities,22.0,20.0,10.0,0.00554125,0.0048627,13.95418183313797,0.0174741142432587,1100,ethos,Small Cap,Feb-2025
204790,107779.0,1,Honasa Consumer Ltd.,Trading,Trading,Domestic Equities,256.0,240.0,6.666666666666667,0.005515008,0.0052824000000000005,4.403452975920031,0.0173913611269093,1100,honasa-consumer,Small Cap,Feb-2025
8344,84168.0,1,Pricol Ltd.,Automobile & Ancillaries,Automobile & Ancillaries,Domestic Equities,138.0,129.0,6.976744186046512,0.00549033,0.0065144999999999995,-15.721390743725532,0.0173135400231339,1100,pricol,Small Cap,Feb-2025
19089,7012.0,1,Gabriel India Ltd.,Automobile & Ancillaries,Automobile & Ancillaries,Domestic Equities,118.0,111.0,6.306306306306306,0.0054740200000000004,0.00511155,7.09119542995765,0.0172621070787067,1100,gabriel-india,Small Cap,Feb-2025
678,15637.0,1,PNC Infratech Ltd.,Infrastructure,Infrastructure,Domestic Equities,210.0,197.0,6.598984771573605,0.00543795,0.0062843000000000005,-13.467689321006318,0.0171483617503504,1100,pnc-infratech,Small Cap,Feb-2025
65893,102659.0,1,Archean Chemical Industries Ltd.,Chemicals,Chemicals,Domestic Equities,107.0,100.0,7.000000000000001,0.0053847750000000005,0.005856,-8.046874999999993,0.0169806764762903,1100,archean-chemical-industries,Small Cap,Feb-2025
19178,16203.0,1,Chemplast Sanmar Ltd.,Chemicals,Chemicals,Domestic Equities,133.0,124.0,7.258064516129033,0.00538118,0.00588504,-8.561709011323634,0.0169693397849834,1100,chemplast-sanmar,Small Cap,Feb-2025
745,109745.0,1,RR Kabel Ltd.,Electricals,Electricals,Domestic Equities,60.0,56.0,7.142857142857142,0.0053415,0.0068655999999999995,-22.199079468655317,0.0168442104634093,1100,rr-kabel,Small Cap,Feb-2025
30,5093.0,1,Bombay Burmah Trading Corporation Ltd.,Agri,Agriculture,Domestic Equities,32.0,30.0,6.666666666666667,0.0053060799999999995,0.00635445,-16.49820204738413,0.0167325148845243,1100,bombay-burmah-trading-corporation,Small Cap,Feb-2025
192109,100019.0,1,Prudent Corporate Advisory Services Ltd.,Finance,Finance,Domestic Equities,32.0,30.0,6.666666666666667,0.005294879999999999,0.006096000000000001,-13.141732283464577,0.0166971961244026,1100,prudent-corporate-advisory-services,Small Cap,Feb-2025
133589,7782.0,1,Cera Sanitaryware Ltd.,Construction Materials,Construction Materials,Domestic Equities,10.0,10.0,0.0,0.00529125,0.0066882,-20.886785682246348,0.0166857490619703,1100,cera-sanitaryware,Small Cap,Feb-2025
171424,16069.0,1,Infibeam Avenues Ltd.,IT,Information Technology,Domestic Equities,2910.0,2725.0,6.7889908256880735,0.00529038,0.0061912,-14.550006460783047,0.0166830055511394,1100,infibeam-avenues,Small Cap,Feb-2025
172886,92573.0,1,CSB Bank Ltd.,Bank,Banking,Domestic Equities,185.0,173.0,6.9364161849710975,0.005230875,0.0052955300000000005,-1.220935392680244,0.0164953588706891,1100,csb-bank,Small Cap,Feb-2025
96376,16986.0,1,Shriram Pistons & Rings Ltd,Capital Goods,Capital Goods,Domestic Equities,28.0,26.0,7.6923076923076925,0.0051737,0.00528073,-2.0268031124484716,0.0163150597537285,1100,shriram-pistons-rings,Small Cap,Feb-2025
152275,6296.0,1,Birla Corporation Ltd.,Construction Materials,Construction Materials,Domestic Equities,53.0,49.0,8.16326530612245,0.00515478,0.00572075,-9.893283223353583,0.0162553962768085,1100,birla-corporation,Small Cap,Feb-2025
152567,6935.0,1,DCB Bank Ltd.,Bank,Banking,Domestic Equities,494.0,462.0,6.926406926406926,0.0051499499999999995,0.005512122,-6.570464151555437,0.016240165061506,1100,dcb-bank,Small Cap,Feb-2025
75687,8264.0,1,Avanti Feeds Ltd.,FMCG,Fast Moving Consumer Goods,Domestic Equities,74.0,70.0,5.714285714285714,0.00512561,0.0049549500000000005,3.444232535141631,0.0161634098274558,1100,avanti-feeds,Small Cap,Feb-2025
815,89011.0,1,Rites Ltd.,Capital Goods,Capital Goods,Domestic Equities,250.0,234.0,6.837606837606838,0.00511375,0.00610389,-16.221458774650255,0.0161260097832555,1100,rites,Small Cap,Feb-2025
134702,8301.0,1,Valor Estate Ltd.,Realty,Realty,Domestic Equities,414.0,388.0,6.701030927835052,0.005110829999999999,0.006069872,-15.800036639981865,0.016116801677938,1100,valor-estate,Small Cap,Feb-2025
171894,86746.0,1,Godrej Agrovet Ltd.,FMCG,Fast Moving Consumer Goods,Domestic Equities,71.0,66.0,7.575757575757576,0.005077565000000001,0.00481734,5.401840019595889,0.0160119018069158,1100,godrej-agrovet,Small Cap,Feb-2025
133367,5954.0,1,EPL Ltd.,FMCG,Plastic Products,Domestic Equities,259.0,242.0,7.024793388429752,0.005072256000000001,0.005526069999999999,-8.212237629997432,0.0159951600839259,1100,epl,Small Cap,Feb-2025
59494,100957.0,1,Latent View Analytics Ltd.,Business Services,Other,Domestic Equities,132.0,124.0,6.451612903225806,0.0050589,0.00543306,-6.886726816931896,0.0159530424624808,1100,latent-view-analytics,Small Cap,Feb-2025
640,7202.0,1,J Kumar Infraprojects Ltd.,Infrastructure,Infrastructure,Domestic Equities,75.0,70.0,7.142857142857142,0.0050475,0.0051527,-2.0416480680031777,0.015917093010214,1100,j-kumar-infraprojects,Small Cap,Feb-2025
189369,98614.0,1,Alivus Life Sciences Ltd.,Healthcare,Healthcare,Domestic Equities,57.0,53.0,7.547169811320755,0.005043929999999999,0.006361325,-20.709443394261417,0.0159058351554252,1100,alivus-life-sciences,Small Cap,Feb-2025
152593,8261.0,1,Network 18 Media & Investments Ltd.,Media & Entertainment,Media & Entertainment,Domestic Equities,1220.0,1142.0,6.830122591943957,0.00504104,0.006016056,-16.206897010267188,0.0158967216539295,1100,network-18-media-investments,Small Cap,Feb-2025
141018,17054.0,1,Lloyds Engineering Works Ltd.,Capital Goods,Capital Goods,Domestic Equities,916.0,857.0,6.884480746791131,0.005039831999999999,0.006661461,-24.343443577917817,0.0158929122733736,1100,lloyds-engineering-works,Small Cap,Feb-2025
133538,7699.0,1,Tips Music Ltd.,Media & Entertainment,Media & Entertainment,Domestic Equities,85.0,80.0,6.25,0.005023925,0.0051492000000000005,-2.432902198399756,0.0158427501736185,1100,tips-music,Small Cap,Feb-2025
189226,98548.0,1,Clean Science And Technology Ltd.,Chemicals,Chemicals,Domestic Equities,42.0,39.0,7.6923076923076925,0.0050116499999999994,0.005602155,-10.5406758649127,0.0158040414432173,1100,clean-science-and-technology,Small Cap,Feb-2025
19994,70937.0,1,Sheela Foam Ltd.,FMCG,Fast Moving Consumer Goods,Domestic Equities,70.0,65.0,7.6923076923076925,0.00498925,0.0059504250000000005,-16.153047891537163,0.0157334039229738,1100,sheela-foam,Small Cap,Feb-2025
133345,5047.0,1,IFCI Ltd.,Finance,Finance,Domestic Equities,1206.0,1129.0,6.8201948627103635,0.004955454000000001,0.006348367000000001,-21.94128033240674,0.0156268295643065,1100,ifci,Small Cap,Feb-2025
115894,7364.0,1,Texmaco Rail & Engineering Ltd.,Automobile & Ancillaries,Automobile & Ancillaries,Domestic Equities,382.0,358.0,6.70391061452514,0.004948046,0.007037564,-29.690927144676767,0.0156034687272546,1100,texmaco-rail-engineering,Small Cap,Feb-2025
505,6857.0,1,Central Bank Of India,Bank,Banking,Domestic Equities,1125.0,1053.0,6.837606837606838,0.00494775,0.0054808650000000006,-9.726840562575434,0.0156025353028799,1100,central-bank-of-india,Mid Cap,Feb-2025
160595,87624.0,1,Fine Organic Industries Ltd.,Chemicals,Chemicals,Domestic Equities,14.0,13.0,7.6923076923076925,0.0049044100000000005,0.005791305,-15.314251278425154,0.0154658643150518,1100,fine-organic-industries,Small Cap,Feb-2025
56633,6412.0,1,Graphite India Ltd.,Capital Goods,Capital Goods,Domestic Equities,124.0,116.0,6.896551724137931,0.00485398,0.00552044,-12.072588416865319,0.0153068352906823,1100,graphite-india,Small Cap,Feb-2025
140187,110794.0,1,India Shelter Finance Corporation Ltd.,Finance,Finance,Domestic Equities,66.0,62.0,6.451612903225806,0.0047982,0.00410006,17.027555694306923,0.0151309352514332,1100,india-shelter-finance-corporation,Small Cap,Feb-2025
152217,6011.0,1,Maharashtra Seamless Ltd.,Iron & Steel,Iron & Steel,Domestic Equities,78.0,73.0,6.8493150684931505,0.0047798400000000005,0.0045281900000000005,5.557408147626313,0.0150730377125194,1100,maharashtra-seamless,Small Cap,Feb-2025
19032,5817.0,1,Dynamatic Technologies Ltd.,Capital Goods,Capital Goods,Domestic Equities,7.0,6.0,16.666666666666664,0.004743165,0.00420744,12.73280189378814,0.0149573845404243,1100,dynamatic-technologies,Small Cap,Feb-2025
212222,111581.0,1,Azad Engineering Ltd.,Capital Goods,Capital Goods,Domestic Equities,37.0,35.0,5.714285714285714,0.004712875,0.005423424999999999,-13.101499513683684,0.0148618662150594,1100,azad-engineering,Small Cap,Feb-2025
622,8212.0,1,ISGEC Heavy Engineering Ltd.,Infrastructure,Infrastructure,Domestic Equities,50.0,47.0,6.382978723404255,0.00465025,0.005443305000000001,-14.569365486593167,0.0146643807371467,1100,isgec-heavy-engineering,Small Cap,Feb-2025
171806,5690.0,1,Bajaj Electricals Ltd.,Consumer Durables,Consumer Durables,Domestic Equities,77.0,72.0,6.944444444444445,0.0046457949999999994,0.00504432,-7.9004702318647535,0.0146503320696161,1100,bajaj-electricals,Small Cap,Feb-2025
152683,97601.0,1,MTAR Technologies Ltd.,Capital Goods,Capital Goods,Domestic Equities,36.0,34.0,5.88235294117647,0.00463644,0.0055219399999999995,-16.03603081525695,0.0146208314445323,1100,mtar-technologies,Small Cap,Feb-2025
195442,101899.0,1,Syrma SGS Technology Ltd.,Electricals,Electricals,Domestic Equities,112.0,105.0,6.666666666666667,0.0046351199999999995,0.005586525,-17.03035429001034,0.0146166688763751,1100,syrma-sgs-technology,Small Cap,Feb-2025
23093,92714.0,1,IIFL Capital Services Ltd.,Finance,Finance,Domestic Equities,213.0,200.0,6.5,0.004627425,0.005083,-8.962718866810935,0.014592402996095,1100,iifl-capital-services,Small Cap,Feb-2025
152107,5346.0,1,Shipping Corporation Of India Ltd.,Logistics,Logistics,Domestic Equities,316.0,295.0,7.118644067796611,0.0046117039999999995,0.00576607,-20.01997894579844,0.0145428274400349,1100,shipping-corporation-of-india,Small Cap,Feb-2025
757,97957.0,1,Railtel Corporation Of India Ltd.,Telecom,Telecom,Domestic Equities,163.0,152.0,7.236842105263158,0.004582745,0.00618032,-25.84938967561551,0.0144515063708952,1100,railtel-corporation-of-india,Small Cap,Feb-2025
133663,7375.0,1,Welspun Enterprises Ltd.,Realty,Realty,Domestic Equities,109.0,102.0,6.862745098039216,0.00454966,0.00615825,-26.120894734705473,0.0143471741228034,1100,welspun-enterprises,Small Cap,Feb-2025
137807,98607.0,1,GR Infraprojects Ltd.,Infrastructure,Infrastructure,Domestic Equities,45.0,42.0,7.142857142857142,0.004524075,0.00537642,-15.85339315008871,0.0142664928301504,1100,gr-infraprojects,Small Cap,Feb-2025
175396,92940.0,1,Restaurant Brands Asia Ltd.,Hospitality,Hospitality,Domestic Equities,702.0,658.0,6.68693009118541,0.004477356,0.004779054,-6.312923017819001,0.0141191662985319,1100,restaurant-brands-asia,Small Cap,Feb-2025
76268,106949.0,1,Indegene Ltd.,Healthcare,Healthcare,Domestic Equities,87.0,82.0,6.097560975609756,0.004472235,0.004917540000000001,-9.05544235532401,0.0141030174261584,1100,indegene,Small Cap,Feb-2025
96716,89715.0,1,Dodla Dairy Ltd,FMCG,Fast Moving Consumer Goods,Domestic Equities,43.0,40.0,7.5,0.004450715,0.0045392,-1.949352308776873,0.0140351549513531,1100,dodla-dairy,Small Cap,Feb-2025
133421,5619.0,1,Ingersoll-Rand (India) Ltd.,Capital Goods,Capital Goods,Domestic Equities,14.0,13.0,7.6923076923076925,0.0044427600000000005,0.004864795,-8.67528847567061,0.0140100691712845,1100,ingersoll-rand-india,Small Cap,Feb-2025
174214,92744.0,1,Samhi Hotels Ltd.,Hospitality,Hospitality,Domestic Equities,309.0,289.0,6.920415224913495,0.004440948,0.004942478,-10.147339047336175,0.0140043551004505,1100,samhi-hotels,Small Cap,Feb-2025
19274,6773.0,1,Ganesh Housing Corporation Ltd.,Realty,Realty,Domestic Equities,41.0,39.0,5.128205128205128,0.004438865,0.00528333,-15.983574753044014,0.01399778644176,1100,ganesh-housing-corporation,Small Cap,Feb-2025
133479,8056.0,1,Mahindra Lifespace Developers Ltd.,Realty,Realty,Domestic Equities,140.0,131.0,6.870229007633588,0.0044358999999999996,0.005477765,-19.019892237071147,0.0139884364307099,1100,mahindra-lifespace-developers,Small Cap,Feb-2025
210775,110911.0,1,Cello World Ltd.,Trading,Fast Moving Consumer Goods,Domestic Equities,80.0,75.0,6.666666666666667,0.0044312,0.00489675,-9.50732628784398,0.0139736151653017,1100,cello-world,Small Cap,Feb-2025
152110,5928.0,1,ITI Ltd.,Telecom,Telecom,Domestic Equities,180.0,168.0,7.142857142857142,0.0044289,0.00546084,-18.897092754960777,0.0139663622056339,1100,iti,Small Cap,Feb-2025
40702,7798.0,1,RHI Magnesita India Ltd.,Capital Goods,Capital Goods,Domestic Equities,113.0,106.0,6.60377358490566,0.00442621,0.0050085,-11.626035739243292,0.0139578793962832,1100,rhi-magnesita-india,Small Cap,Feb-2025
67,7522.0,1,Borosil Renewables Ltd.,Construction Materials,Construction Materials,Domestic Equities,88.0,83.0,6.024096385542169,0.004422,0.00438489,0.8463154149818957,0.0139446033266303,1100,borosil-renewables,Small Cap,Feb-2025
152279,8202.0,1,Rain Industries Ltd.,Crude Oil,Crude Oil,Domestic Equities,363.0,340.0,6.764705882352941,0.004412991,0.00492694,-10.431403670432362,0.0139161937989574,1100,rain-industries,Small Cap,Feb-2025
37897,5454.0,1,Tilaknagar Industries Ltd.,Alcohol,Alcohol,Domestic Equities,198.0,185.0,7.027027027027027,0.00438966,0.00679875,-35.43430777716492,0.0138426204067788,1100,tilaknagar-industries,Small Cap,Feb-2025
207271,109317.0,1,Netweb Technologies India Ltd.,Consumer Durables,Consumer Durables,Domestic Equities,30.0,28.0,7.142857142857142,0.0043617,0.005023339999999999,-13.171316295532446,0.0137544496449035,1100,netweb-technologies-india,Small Cap,Feb-2025
192488,100187.0,1,CE Info Systems Ltd.,IT,Information Technology,Domestic Equities,26.0,24.0,8.333333333333332,0.00432848,0.004083359999999999,6.002899572900757,0.0136496916796139,1100,ce-info-systems,Small Cap,Feb-2025
137941,15743.0,1,Power Mech Projects Ltd.,Infrastructure,Infrastructure,Domestic Equities,24.0,23.0,4.3478260869565215,0.0043254,0.004954200000000001,-12.692261111783951,0.0136399790205804,1100,power-mech-projects,Small Cap,Feb-2025
133537,5258.0,1,Sterlite Technologies Ltd.,Electricals,Electricals,Domestic Equities,501.0,469.0,6.823027718550106,0.004319622,0.005096154,-15.237608596600499,0.0136217583245105,1100,sterlite-technologies,Small Cap,Feb-2025
56976,4893.0,1,KRBL Ltd.,FMCG,Fast Moving Consumer Goods,Domestic Equities,170.0,159.0,6.918238993710692,0.0043044,0.00439317,-2.0206365790533996,0.0135737563453522,1100,krbl,Small Cap,Feb-2025
32,5828.0,1,Greaves Cotton Ltd.,Automobile & Ancillaries,Automobile & Ancillaries,Domestic Equities,187.0,175.0,6.857142857142858,0.004275755,0.004654125,-8.129777348051462,0.0134834254628802,1100,greaves-cotton,Small Cap,Feb-2025
141828,87574.0,1,Orient Electric Ltd.,Consumer Durables,Consumer Durables,Domestic Equities,215.0,201.0,6.965174129353234,0.0042615150000000004,0.004414965,-3.4756787426400884,0.013438520182154,1100,orient-electric,Small Cap,Feb-2025
97967,101080.0,1,eMudhra Ltd.,IT,Information Technology,Domestic Equities,50.0,47.0,6.382978723404255,0.0042465,0.0032744899999999997,29.68431725245765,0.0133911709693658,1100,emudhra,Small Cap,Feb-2025
75882,7888.0,1,Zydus Wellness Ltd.,FMCG,Fast Moving Consumer Goods,Domestic Equities,27.0,25.0,8.0,0.0042155100000000004,0.0045908749999999995,-8.176328042039911,0.0132934452214933,1100,zydus-wellness,Small Cap,Feb-2025
685,6024.0,1,Dhani Services Ltd.,Finance,Finance,Domestic Equities,722.0,676.0,6.804733727810651,0.004177492,0.005246436,-20.374669585219376,0.0131735569516444,1100,dhani-services,Small Cap,Feb-2025
114424,7958.0,1,JK Paper Ltd.,Paper,Paper,Domestic Equities,144.0,134.0,7.462686567164178,0.00413928,0.00493321,-16.09357801512605,0.0130530569104148,1100,jk-paper,Small Cap,Feb-2025
76083,6699.0,1,Ashoka Buildcon Ltd.,Infrastructure,Infrastructure,Domestic Equities,239.0,224.0,6.696428571428571,0.004114385,0.00577472,-28.751783636262886,0.0129745515056621,1100,ashoka-buildcon,Small Cap,Feb-2025
43013,99994.0,1,Tega Industries Ltd.,Capital Goods,Capital Goods,Domestic Equities,31.0,29.0,6.896551724137931,0.004100835,0.00438828,-6.55028849572042,0.0129318221128363,1100,tega-industries,Small Cap,Feb-2025
152476,5252.0,1,Shree Renuka Sugars Ltd.,Agri,Agriculture,Domestic Equities,1489.0,1394.0,6.814921090387374,0.004096239,0.005273502,-22.324121617854704,0.0129173288073435,1100,shree-renuka-sugars,Small Cap,Feb-2025
39589,15972.0,1,TeamLease Services Ltd.,Business Services,Other,Domestic Equities,21.0,19.0,10.526315789473683,0.0040929,0.0046400849999999995,-11.792564144837865,0.0129067994019822,1100,teamlease-services,Small Cap,Feb-2025
57098,5912.0,1,Patel Engineering Ltd.,Infrastructure,Infrastructure,Domestic Equities,939.0,879.0,6.825938566552901,0.0040790159999999995,0.004360719,-6.46001267222218,0.0128630167532741,1100,patel-engineering,Small Cap,Feb-2025
133348,5626.0,1,Chennai Petroleum Corporation Ltd.,Crude Oil,Crude Oil,Domestic Equities,90.0,84.0,7.142857142857142,0.0040644,0.00454818,-10.636782185401628,0.0128169257713153,1100,chennai-petroleum-corporation,Small Cap,Feb-2025
76446,99976.0,1,Epigral Ltd.,Chemicals,Chemicals,Domestic Equities,25.0,23.0,8.695652173913043,0.0040333750000000005,0.00424672,-5.023759513224318,0.0127190896523174,1100,epigral,Small Cap,Feb-2025
210731,110843.0,1,Redtape Ltd.,Retailing,Retailing,Domestic Equities,277.0,64.0,332.8125,0.004012345,0.00431904,-7.100999296139888,0.0126527723732674,1100,redtape,Small Cap,Feb-2025
98379,98534.0,1,Jana Small Finance Bank Ltd.,Bank,Banking,Domestic Equities,98.0,91.0,7.6923076923076925,0.00399938,0.00410592,-2.5947899618112378,0.0126118877549658,1100,jana-small-finance-bank,Small Cap,Feb-2025
76000,6304.0,1,Rajesh Exports Ltd.,Diamond  &  Jewellery,Diamond & Jewellery,Domestic Equities,251.0,235.0,6.808510638297872,0.003996422,0.004389565000000001,-8.956308882543036,0.0126025598181408,1100,rajesh-exports,Small Cap,Feb-2025
37858,5520.0,1,Alkyl Amines Chemicals Ltd.,Chemicals,Chemicals,Domestic Equities,25.0,24.0,4.166666666666666,0.003977125000000001,0.0040794,-2.507108888562043,0.0125417074865275,1100,alkyl-amines-chemicals,Small Cap,Feb-2025
133428,5610.0,1,Jain Irrigation Systems Ltd.,Plastic Products,Plastic Products,Domestic Equities,717.0,671.0,6.855439642324888,0.0039599909999999995,0.004741286,-16.478546115969383,0.0124876760904627,1100,jain-irrigation-systems,Small Cap,Feb-2025
519,6606.0,1,Paisalo Digital Ltd.,Finance,Finance,Domestic Equities,1065.0,997.0,6.820461384152457,0.003952215,0.004318007,-8.471315586102564,0.0124631547798639,1100,paisalo-digital,Small Cap,Feb-2025
114673,111130.0,1,Inox India Ltd.,Capital Goods,Capital Goods,Domestic Equities,41.0,39.0,5.128205128205128,0.0039318999999999995,0.00357435,10.003217368192812,0.0123990922252324,1100,inox-india,Small Cap,Feb-2025
133066,6858.0,1,Indo Count Industries Ltd.,Textile,Textile,Domestic Equities,148.0,138.0,7.246376811594203,0.00391238,0.00410964,-4.799933814154043,0.0123375366718774,1100,indo-count-industries,Small Cap,Feb-2025
133876,6889.0,1,MOIL Ltd.,Mining,Mining,Domestic Equities,134.0,125.0,7.199999999999999,0.0038893499999999998,0.003829375,1.566182471029865,0.0122649124713771,1100,moil,Small Cap,Feb-2025
195761,102061.0,1,Campus Activewear Ltd.,FMCG,Retailing,Domestic Equities,149.0,140.0,6.428571428571428,0.003883685,0.0038178,1.725732097019225,0.0122470481163691,1100,campus-activewear,Small Cap,Feb-2025
174597,97684.0,1,Indigo Paints Ltd.,Chemicals,Chemicals,Domestic Equities,38.0,35.0,8.571428571428571,0.0038754300000000005,0.0044352,-12.62107683982684,0.012221016298083,1100,indigo-paints,Small Cap,Feb-2025
133666,8476.0,1,JBM Auto Ltd.,Automobile & Ancillaries,Automobile & Ancillaries,Domestic Equities,75.0,70.0,7.142857142857142,0.0038737500000000005,0.00561085,-30.959658518762744,0.0122157184840647,1100,jbm-auto,Small Cap,Feb-2025
176637,93115.0,1,Easy Trip Planners Ltd.,Hospitality,Hospitality,Domestic Equities,3295.0,3173.0,3.844941695556256,0.0038617400000000002,0.00428355,-9.847206172450413,0.0121778454207556,1100,easy-trip-planners,Small Cap,Feb-2025
195785,102076.0,1,Aether Industries Ltd.,Chemicals,Chemicals,Domestic Equities,45.0,42.0,7.142857142857142,0.003849075,0.0034824300000000003,10.528424117641988,0.0121379068406715,1100,aether-industries,Small Cap,Feb-2025
195742,102041.0,1,TBO Tek Ltd.,Hospitality,Hospitality,Domestic Equities,32.0,30.0,6.666666666666667,0.00384272,0.0046743,-17.790471300515588,0.0121178665977632,1100,tbo-tek,Small Cap,Feb-2025
155654,90605.0,1,Neogen Chemicals Ltd.,Chemicals,Chemicals,Domestic Equities,23.0,21.0,9.523809523809524,0.00383893,0.004002075,-4.0765103102765465,0.0121059149816149,1100,neogen-chemicals,Small Cap,Feb-2025
152327,6266.0,1,Thomas Cook (India) Ltd.,Hospitality,Hospitality,Domestic Equities,304.0,285.0,6.666666666666667,0.00379696,0.004427475,-14.24096127024998,0.0119735642349801,1100,thomas-cook-india,Small Cap,Feb-2025
211886,111359.0,1,Entero Healthcare Solutions Ltd.,Trading,Trading,Domestic Equities,30.0,28.0,7.142857142857142,0.00379455,0.0037765,0.4779557791605988,0.0119659643946325,1100,entero-healthcare-solutions,Small Cap,Feb-2025
39503,103957.0,1,Gateway Distriparks Ltd.,Logistics,Logistics,Domestic Equities,633.0,593.0,6.745362563237774,0.003790404,0.004514509,-16.039507286395928,0.011952890146466,1100,gateway-distriparks,Small Cap,Feb-2025
133628,7605.0,1,UCO Bank,Bank,Banking,Domestic Equities,1032.0,966.0,6.832298136645963,0.0037533840000000002,0.004203066,-10.698904085731693,0.0118361490304208,1100,uco-bank,Mid Cap,Feb-2025
171754,5110.0,1,VIP Industries Ltd.,FMCG,Fast Moving Consumer Goods,Domestic Equities,124.0,116.0,6.896551724137931,0.0037516199999999998,0.00431636,-13.083709421827654,0.0118305863257017,1100,vip-industries,Small Cap,Feb-2025
114439,5439.0,1,Gujarat Mineral Development Corporation Ltd.,Mining,Mining,Domestic Equities,154.0,144.0,6.944444444444445,0.00371756,0.00463752,-19.837326847107942,0.0117231794534029,1100,gujarat-mineral-development-corporation,Small Cap,Feb-2025
57579,16047.0,1,Healthcare Global Enterprises Ltd.,Healthcare,Healthcare,Domestic Equities,74.0,70.0,5.714285714285714,0.00371221,0.0035826,3.6177636353486293,0.0117063084385234,1100,healthcare-global-enterprises,Small Cap,Feb-2025
518,6748.0,1,Kaveri Seed Company Ltd.,Agri,Agriculture,Domestic Equities,37.0,35.0,5.714285714285714,0.003703515,0.003162075,17.122933516757204,0.0116788890975181,1100,kaveri-seed-company,Small Cap,Feb-2025
171766,8713.0,1,Mahindra Holidays & Resorts India Ltd.,Hospitality,Hospitality,Domestic Equities,125.0,117.0,6.837606837606838,0.003676875,0.003971565,-7.419996902984094,0.0115948809038,1100,mahindra-holidays-resorts-india,Small Cap,Feb-2025
75571,8023.0,1,Sunteck Realty Ltd.,Realty,Realty,Domestic Equities,100.0,94.0,6.382978723404255,0.003655,0.00447675,-18.35595018707768,0.0115258989504373,1100,sunteck-realty,Small Cap,Feb-2025
152605,7848.0,1,Ahluwalia Contracts (India) Ltd.,Realty,Realty,Domestic Equities,56.0,52.0,7.6923076923076925,0.00361844,0.0044525,-18.73239752947782,0.0114106084263257,1100,ahluwalia-contracts-india,Small Cap,Feb-2025
171883,5324.0,1,Mangalore Refinery And Petrochemicals Ltd.,Crude Oil,Crude Oil,Domestic Equities,342.0,320.0,6.875000000000001,0.0036183599999999997,0.004144,-12.684362934362934,0.0114103561494677,1100,mangalore-refinery-and-petrochemicals,Small Cap,Feb-2025
114765,102573.0,1,TVS Supply Chain Solutions Ltd.,Logistics,Logistics,Domestic Equities,261.0,244.0,6.967213114754098,0.003594231,0.0034821239999999996,3.2195005117566224,0.0113342662956304,1100,tvs-supply-chain-solutions,Small Cap,Feb-2025
133083,6007.0,1,Alok Industries Ltd.,Textile,Textile,Domestic Equities,2319.0,2172.0,6.767955801104971,0.0035619840000000002,0.004059468,-12.254906307920145,0.0112325766476264,1100,alok-industries,Small Cap,Feb-2025
171818,5576.0,1,Nocil Ltd.,Chemicals,Chemicals,Domestic Equities,203.0,190.0,6.842105263157896,0.003512103,0.00443099,-20.737735810733053,0.011075278873195,1100,nocil,Small Cap,Feb-2025
95085,5966.0,1,FDC Ltd.,Healthcare,Healthcare,Domestic Equities,91.0,86.0,5.813953488372093,0.00347529,0.0040420000000000005,-14.020534388916383,0.0109591905235199,1100,fdc,Small Cap,Feb-2025
153043,7287.0,1,Just Dial Ltd.,Business Services,Information Technology,Domestic Equities,41.0,38.0,7.894736842105263,0.003445025,0.0033869399999999997,1.7149698547951822,0.0108637510346731,1100,just-dial,Small Cap,Feb-2025
171423,6205.0,1,Nesco Ltd.,Capital Goods,Capital Goods,Domestic Equities,39.0,36.0,8.333333333333332,0.0033929999999999997,0.00346338,-2.03211891273842,0.010699692240447,1100,nesco,Small Cap,Feb-2025
201953,105633.0,1,Blue Jet Healthcare Ltd.,Healthcare,Healthcare,Domestic Equities,45.0,42.0,7.142857142857142,0.0033929999999999997,0.00315189,7.649695896747663,0.010699692240447,1100,blue-jet-healthcare,Small Cap,Feb-2025
152286,7340.0,1,Rallis India Ltd.,Chemicals,Chemicals,Domestic Equities,161.0,151.0,6.622516556291391,0.00337617,0.003632305,-7.05158294801786,0.0106466194964427,1100,rallis-india,Small Cap,Feb-2025
2225,17089.0,1,Dilip Buildcon Ltd.,Realty,Infrastructure,Domestic Equities,81.0,76.0,6.578947368421052,0.003346515,0.0033029599999999998,1.3186656816915774,0.0105531036186382,1100,dilip-buildcon,Small Cap,Feb-2025
673,8549.0,1,Man InfraConstruction Ltd.,Infrastructure,Infrastructure,Domestic Equities,226.0,211.0,7.109004739336493,0.0033436700000000004,0.004246375,-21.25824968355361,0.0105441320228752,1100,man-infraconstruction,Small Cap,Feb-2025
133405,6311.0,1,Hindustan Oil Exploration Company Ltd.,Crude Oil,Crude Oil,Domestic Equities,185.0,173.0,6.9364161849710975,0.0033357350000000003,0.0034283409999999997,-2.701189875802889,0.0105191093120211,1100,hindustan-oil-exploration-company,Small Cap,Feb-2025
191951,99980.0,1,Go Fashion (India) Ltd.,Retailing,Retailing,Domestic Equities,47.0,44.0,6.8181818181818175,0.00333465,0.0039281,-15.1078129375525,0.0105156878071343,1100,go-fashion-india,Small Cap,Feb-2025
113922,5953.0,1,Hindustan Foods Ltd.,FMCG,Fast Moving Consumer Goods,Domestic Equities,65.0,61.0,6.557377049180328,0.0033176,0.0030914799999999997,7.314296065315003,0.0104619213017704,1100,hindustan-foods,Small Cap,Feb-2025
171704,7556.0,1,Cigniti Technologies Ltd.,IT,Information Technology,Domestic Equities,25.0,23.0,8.695652173913043,0.00330975,0.003406645,-2.8442940194825,0.0104371666350779,1100,cigniti-technologies,Small Cap,Feb-2025
8162,87681.0,1,H.G. Infra Engineering Ltd.,Infrastructure,Infrastructure,Domestic Equities,34.0,32.0,6.25,0.00327896,0.00410208,-20.065917778297838,0.0103400715793505,1100,hg-infra-engineering,Small Cap,Feb-2025
75679,8032.0,1,Sequent Scientific Ltd.,Healthcare,Healthcare,Domestic Equities,220.0,206.0,6.796116504854369,0.0032694200000000003,0.003401678,-3.888022323100543,0.0103099875640325,1100,sequent-scientific,Small Cap,Feb-2025
817,98504.0,1,Rolex Rings Ltd,Automobile & Ancillaries,Automobile & Ancillaries,Domestic Equities,23.0,22.0,4.545454545454546,0.0032536949999999996,0.00395626,-17.75831214328684,0.0102603993941294,1100,rolex-rings,Small Cap,Feb-2025
182,6786.0,1,Bharat Bijlee Ltd.,Capital Goods,Capital Goods,Domestic Equities,13.0,13.0,0.0,0.00324324,0.00421629,-23.07834612894274,0.010227429962248,1100,bharat-bijlee,Small Cap,Feb-2025
84751,89823.0,1,Senco Gold Ltd.,Diamond  &  Jewellery,Diamond & Jewellery,Domestic Equities,110.0,102.0,7.8431372549019605,0.0032312499999999997,0.0047919600000000005,-32.569345320077794,0.0101896199681534,1100,senco-gold,Small Cap,Feb-2025
139531,7409.0,1,Gulf Oil Lubricants India Ltd.,Automobile & Ancillaries,Automobile & Ancillaries,Domestic Equities,29.0,27.0,7.4074074074074066,0.003185505,0.00275724,15.532380206293245,0.0100453649072812,1100,gulf-oil-lubricants-india,Small Cap,Feb-2025
37947,6666.0,1,Dhanuka Agritech Ltd.,Chemicals,Chemicals,Domestic Equities,25.0,23.0,8.695652173913043,0.003178625,0.00332028,-4.2663570542243425,0.0100236690974921,1100,dhanuka-agritech,Small Cap,Feb-2025
152276,6275.0,1,Surya Roshni Ltd.,Iron & Steel,Diversified,Domestic Equities,148.0,139.0,6.474820143884892,0.00316424,0.003648055,-13.262272635692177,0.0099783065649608,1100,surya-roshni,Small Cap,Feb-2025
193124,100508.0,1,Electronics Mart India Ltd.,Retailing,Retailing,Domestic Equities,251.0,235.0,6.808510638297872,0.003163353,0.00345168,-8.353236684744818,0.00997550944529759,1100,electronics-mart-india,Small Cap,Feb-2025
133292,6154.0,1,Bajaj Hindusthan Sugar Ltd.,Agri,Agriculture,Domestic Equities,1680.0,1573.0,6.8022886204704385,0.0031281599999999996,0.004360356,-28.259068754936536,0.00986452970199725,1100,bajaj-hindusthan-sugar,Small Cap,Feb-2025
76241,86002.0,1,Star Cement Ltd.,Construction Materials,Construction Materials,Domestic Equities,154.0,144.0,6.944444444444445,0.0031101839999999998,0.0030745440000000002,1.1591962905718558,0.00980784309200189,1100,star-cement,Small Cap,Feb-2025
171642,5835.0,1,Symphony Ltd.,Consumer Durables,Consumer Durables,Domestic Equities,29.0,27.0,7.4074074074074066,0.0030800899999999997,0.003360015,-8.331063998226206,0.00971294284493911,1100,symphony,Small Cap,Feb-2025
152639,5416.0,1,Delta Corp Ltd.,Miscellaneous,Hospitality,Domestic Equities,331.0,310.0,6.774193548387098,0.003061419,0.00315766,-3.047858224127984,0.00965406457973976,1100,delta-corp,Small Cap,Feb-2025
201312,105351.0,1,Avalon Technologies Ltd.,Electricals,Electricals,Domestic Equities,46.0,43.0,6.976744186046512,0.00305647,0.002839075,7.657247518998274,0.00963845810261098,1100,avalon-technologies,Small Cap,Feb-2025
254,7400.0,1,Polyplex Corporation Ltd.,Plastic Products,Plastic Products,Domestic Equities,28.0,26.0,7.6923076923076925,0.00303702,0.0029509999999999996,2.914944086750273,0.00957712329150673,1100,polyplex-corporation,Small Cap,Feb-2025
171440,6777.0,1,Greenply Industries Ltd.,Construction Materials,Construction Materials,Domestic Equities,111.0,104.0,6.730769230769231,0.00302586,0.00291356,3.8543911915320153,0.00954193066981402,1100,greenply-industries,Small Cap,Feb-2025
289,5004.0,1,Rashtriya Chemicals and Fertilizers Ltd.,Chemicals,Chemicals,Domestic Equities,258.0,241.0,7.053941908713693,0.003019116,0.003932879,-23.23394642957488,0.00952066373068358,1100,rashtriya-chemicals-and-fertilizers,Small Cap,Feb-2025
19002,5518.0,1,Sandur Manganese & Iron Ores Ltd.,Mining,Mining,Domestic Equities,78.0,73.0,6.8493150684931505,0.00301782,0.0028688999999999997,5.1908396946564945,0.00951657684558378,1100,sandur-manganese-iron-ores,Small Cap,Feb-2025
39045,88307.0,1,Varroc Engineering Ltd.,Automobile & Ancillaries,Automobile & Ancillaries,Domestic Equities,71.0,67.0,5.970149253731343,0.002995135,0.0037221850000000003,-19.532881895983145,0.00944504058903366,1100,varroc-engineering,Small Cap,Feb-2025
133406,6580.0,1,AGI Greenpac Ltd.,FMCG,Fast Moving Consumer Goods,Domestic Equities,47.0,44.0,6.8181818181818175,0.00298873,0.0034799600000000003,-14.115966850193686,0.00942484267308905,1100,agi-greenpac,Small Cap,Feb-2025
929,7279.0,1,Sharda Motor Industries Ltd.,Automobile & Ancillaries,Automobile & Ancillaries,Domestic Equities,19.0,17.0,11.76470588235294,0.002985755,0.003042575,-1.8674971036046835,0.00941546112743172,1100,sharda-motor-industries,Small Cap,Feb-2025
95406,100018.0,1,Emcure Pharmaceuticals Ltd.,Healthcare,Healthcare,Domestic Equities,30.0,28.0,7.142857142857142,0.0029451,0.0034398000000000002,-14.381650095935813,0.00928725718165059,1100,emcure-pharmaceuticals,Small Cap,Feb-2025
77419,105086.0,1,Sula Vineyards Ltd.,Alcohol,Alcohol,Domestic Equities,116.0,109.0,6.422018348623854,0.00294408,0.00382154,-22.96090057934759,0.00928404065171093,1100,sula-vineyards,Small Cap,Feb-2025
102185,102621.0,1,Inox Green Energy Services Ltd.,Infrastructure,Capital Goods,Domestic Equities,243.0,227.0,7.048458149779736,0.0029288789999999997,0.0036376750000000004,-19.48486327118284,0.00923610489522787,1100,inox-green-energy-services,Small Cap,Feb-2025
133009,8651.0,1,Heritage Foods Ltd.,FMCG,Fast Moving Consumer Goods,Domestic Equities,80.0,74.0,8.108108108108109,0.002892,0.00320901,-9.87874765114474,0.00911980841714492,1100,heritage-foods,Small Cap,Feb-2025
172778,92545.0,1,Greenpanel Industries Ltd.,Construction Materials,Construction Materials,Domestic Equities,107.0,100.0,7.000000000000001,0.002877765,0.003485,-17.42424677187948,0.00907491890372236,1100,greenpanel-industries,Small Cap,Feb-2025
56678,7680.0,1,VST Industries Ltd.,FMCG,Fast Moving Consumer Goods,Domestic Equities,114.0,107.0,6.5420560747663545,0.00287679,0.00342828,-16.086492351849905,0.00907184427951533,1100,vst-industries,Small Cap,Feb-2025
782,108121.0,1,Cyient DLM Ltd.,Electricals,Capital Goods,Domestic Equities,71.0,66.0,7.575757575757576,0.002860235,0.00322179,-11.222177733495977,0.00901963873721041,1100,cyient-dlm,Small Cap,Feb-2025
75723,6469.0,1,Shivalik Bimetal Controls Ltd.,Non - Ferrous Metals,Non - Ferrous Metals,Domestic Equities,70.0,66.0,6.0606060606060606,0.0028427,0.0034184700000000003,-16.842915105295642,0.00896434280339484,1100,shivalik-bimetal-controls,Small Cap,Feb-2025
63725,92864.0,1,Route Mobile Ltd.,IT,Information Technology,Domestic Equities,29.0,27.0,7.4074074074074066,0.00284229,0.0032319,-12.05513784461152,0.00896304988449752,1100,route-mobile,Small Cap,Feb-2025
39606,5158.0,1,Wonderla Holidays Ltd.,Hospitality,Hospitality,Domestic Equities,44.0,41.0,7.317073170731707,0.00281314,0.00289993,-2.9928308614345833,0.00887112650435929,1100,wonderla-holidays,Small Cap,Feb-2025
160292,110213.0,1,ASK Automotive Ltd.,Automobile & Ancillaries,Automobile & Ancillaries,Domestic Equities,77.0,72.0,6.944444444444445,0.00279741,0.00324324,-13.746438746438741,0.00882152256715262,1100,ask-automotive,Small Cap,Feb-2025
152564,7776.0,1,Fiem Industries Ltd.,Automobile & Ancillaries,Automobile & Ancillaries,Domestic Equities,20.0,18.0,11.11111111111111,0.0027459,0.00251865,9.02269072717527,0.00865908780519995,1100,fiem-industries,Small Cap,Feb-2025
133806,98191.0,1,Laxmi Organic Industries Ltd.,Chemicals,Chemicals,Domestic Equities,156.0,146.0,6.8493150684931505,0.002739516,0.003172142,-13.638292358917091,0.00863895611193056,1100,laxmi-organic-industries,Small Cap,Feb-2025
171614,5038.0,1,Gujarat Ambuja Exports Ltd.,Agri,Agriculture,Domestic Equities,260.0,244.0,6.557377049180328,0.0026985399999999997,0.002775744,-2.7813804154850077,0.00850973990525666,1100,gujarat-ambuja-exports,Small Cap,Feb-2025
317,5676.0,1,Orchid Pharma Ltd.,Healthcare,Healthcare,Domestic Equities,28.0,26.0,7.6923076923076925,0.00269094,0.0036737999999999996,-26.75322554303446,0.00848577360374549,1100,orchid-pharma,Small Cap,Feb-2025
511,6236.0,1,Puravankara Ltd.,Realty,Realty,Domestic Equities,111.0,103.0,7.766990291262135,0.00266511,0.003016355,-11.644683732518223,0.00840431971321477,1100,puravankara,Small Cap,Feb-2025
40323,8128.0,1,RattanIndia Enterprises Ltd.,Business Services,Other,Domestic Equities,648.0,607.0,6.754530477759473,0.002658744,0.0033105780000000002,-19.68943187564226,0.00838424478223844,1100,rattanindia-enterprises,Small Cap,Feb-2025
59969,6489.0,1,JTL Industries Ltd,Iron & Steel,Iron & Steel,Domestic Equities,326.0,305.0,6.885245901639345,0.002638644,0.002956975,-10.765427506150713,0.00832086022166285,1100,jtl-industries,Small Cap,Feb-2025
152319,8540.0,1,Sunflag Iron And Steel Company Ltd.,Iron & Steel,Iron & Steel,Domestic Equities,125.0,117.0,6.837606837606838,0.0026305,0.0027495,-4.328059647208591,0.00829517843751719,1100,sunflag-iron-and-steel-company,Small Cap,Feb-2025
133299,5776.0,1,Banco Products (India) Ltd.,Automobile & Ancillaries,Automobile & Ancillaries,Domestic Equities,83.0,78.0,6.41025641025641,0.00262363,0.00350688,-25.186205401952726,0.00827351416233538,1100,banco-products-india,Small Cap,Feb-2025
57043,5095.0,1,Balaji Amines Ltd.,Chemicals,Chemicals,Domestic Equities,20.0,19.0,5.263157894736842,0.0025867,0.00326743,-20.833805161855036,0.00815705685775545,1100,balaji-amines,Small Cap,Feb-2025
171464,5049.0,1,Jamna Auto Industries Ltd.,Automobile & Ancillaries,Automobile & Ancillaries,Domestic Equities,363.0,340.0,6.764705882352941,0.002584197,0.00305626,-15.445773592560851,0.00814916374556039,1100,jamna-auto-industries,Small Cap,Feb-2025
191914,99958.0,1,Le Travenues Technology Ltd.,Hospitality,Hospitality,Domestic Equities,193.0,180.0,7.222222222222221,0.0025838840000000003,0.00270018,-4.306972127784061,0.00814817671235342,1100,le-travenues-technology,Small Cap,Feb-2025
46352,86526.0,1,Share India Securities Ltd.,Finance,Finance,Domestic Equities,136.0,127.0,7.086614173228346,0.002557616,0.00313182,-18.3345147549987,0.00806534160602508,1100,share-india-securities,Small Cap,Feb-2025
38457,7732.0,1,The Orissa Minerals Development Company Ltd.,Mining,Mining,Domestic Equities,5.0,5.0,0.0,0.0025391750000000003,0.0031388500000000003,-19.104926963696897,0.00800718863679252,1100,the-orissa-minerals-development-company,Small Cap,Feb-2025
154337,97711.0,1,Anupam Rasayan India Ltd.,Chemicals,Chemicals,Domestic Equities,40.0,38.0,5.263157894736842,0.0025296000000000003,0.0026305499999999997,-3.837600501796189,0.00797699425034917,1100,anupam-rasayan-india,Small Cap,Feb-2025
152239,7211.0,1,Heidelberg Cement India Ltd.,Construction Materials,Construction Materials,Domestic Equities,129.0,121.0,6.6115702479338845,0.002482218,0.002638768,-5.932692832412713,0.00782757697426993,1100,heidelberg-cement-india,Small Cap,Feb-2025
198396,104128.0,1,Yatharth Hospital & Trauma Care Services Ltd.,Healthcare,Healthcare,Domestic Equities,69.0,65.0,6.153846153846154,0.002476065,0.0027742,-10.746701751856389,0.00780817373042806,1100,yatharth-hospital-trauma-care-services,Small Cap,Feb-2025
152598,7090.0,1,Technocraft Industries (India) Ltd.,Iron & Steel,Iron & Steel,Domestic Equities,10.0,10.0,0.0,0.0024756,0.00266785,-7.206177258841387,0.00780670737119086,1100,technocraft-industries-india,Small Cap,Feb-2025
195746,102043.0,1,Venus Pipes & Tubes Ltd.,Iron & Steel,Iron & Steel,Domestic Equities,19.0,18.0,5.555555555555555,0.00245423,0.00243126,0.9447776050278429,0.00773931791549432,1100,venus-pipes-tubes,Small Cap,Feb-2025
188394,98230.0,1,Paras Defence And Space Technologies Ltd.,Capital Goods,Capital Goods,Domestic Equities,28.0,26.0,7.6923076923076925,0.00244916,0.00295334,-17.07151902591642,0.00772332986961779,1100,paras-defence-and-space-technologies,Small Cap,Feb-2025
428,6829.0,1,Hikal Ltd.,Healthcare,Healthcare,Domestic Equities,68.0,64.0,6.25,0.00238476,0.00227168,4.977813776588245,0.00752024699891789,1100,hikal,Small Cap,Feb-2025
116244,86677.0,1,Dishman Carbogen Amcis Ltd.,Healthcare,Healthcare,Domestic Equities,119.0,111.0,7.207207207207207,0.00237048,0.002579085,-8.088333653214212,0.00747521557976269,1100,dishman-carbogen-amcis,Small Cap,Feb-2025
1845,8501.0,1,Bajaj Consumer Care Ltd.,FMCG,Fast Moving Consumer Goods,Domestic Equities,151.0,141.0,7.092198581560284,0.002348654,0.0026696940000000002,-12.02534822342936,0.00740638814597548,1100,bajaj-consumer-care,Small Cap,Feb-2025
5178,111568.0,1,Juniper Hotels Ltd.,Hospitality,Hospitality,Domestic Equities,93.0,87.0,6.896551724137931,0.00234174,0.00248385,-5.721359985506372,0.00738458511852177,1100,juniper-hotels,Small Cap,Feb-2025
114419,8319.0,1,Vaibhav Global Ltd.,Retailing,Retailing,Domestic Equities,103.0,97.0,6.185567010309279,0.002326255,0.0026578,-12.474414929641057,0.00733575377919276,1100,vaibhav-global,Small Cap,Feb-2025
152326,6287.0,1,Thirumalai Chemicals Ltd.,Chemicals,Chemicals,Domestic Equities,109.0,102.0,6.862745098039216,0.002316904,0.00243219,-4.740007976350532,0.00730626576795185,1100,thirumalai-chemicals,Small Cap,Feb-2025
57351,17074.0,1,Advanced Enzyme Technologies Ltd.,Healthcare,Healthcare,Domestic Equities,89.0,83.0,7.228915662650602,0.002312665,0.0027365099999999997,-15.4885237035494,0.00729289824793792,1100,advanced-enzyme-technologies,Small Cap,Feb-2025
95051,5923.0,1,Jindal Worldwide Ltd.,Textile,Textile,Domestic Equities,278.0,52.0,434.6153846153846,0.00229906,0.0021801,5.456630429796793,0.0072499954147722,1100,jindal-worldwide,Small Cap,Feb-2025
1607,90490.0,1,Prince Pipes and Fittings Ltd.,Plastic Products,Plastic Products,Domestic Equities,80.0,75.0,6.666666666666667,0.0022936000000000002,0.0027795,-17.481561431912205,0.00723277751921286,1100,prince-pipes-and-fittings,Small Cap,Feb-2025
182599,95655.0,1,Borosil Ltd.,Consumer Durables,Consumer Durables,Domestic Equities,73.0,69.0,5.797101449275362,0.002253875,0.0026758199999999998,-15.768811056050108,0.00710750629190612,1100,borosil,Small Cap,Feb-2025
311,7883.0,1,Aarti Drugs Ltd.,Healthcare,Healthcare,Domestic Equities,64.0,60.0,6.666666666666667,0.00224864,0.0024324,-7.554678506824536,0.00709099792500994,1100,aarti-drugs,Small Cap,Feb-2025
186383,97418.0,1,TARC Ltd.,Realty,Realty,Domestic Equities,188.0,176.0,6.8181818181818175,0.00224002,0.002364736,-5.27399253024439,0.00706381509355912,1100,tarc,Small Cap,Feb-2025
95022,5427.0,1,Eveready Industries India Ltd.,Automobile & Ancillaries,Automobile & Ancillaries,Domestic Equities,74.0,69.0,7.246376811594203,0.00223406,0.0024405299999999998,-8.460047612608737,0.0070450204676372,1100,eveready-industries-india,Small Cap,Feb-2025
171329,5022.0,1,Bombay Dyeing And Manufacturing Company Ltd.,Textile,Textile,Domestic Equities,176.0,165.0,6.666666666666667,0.0022334399999999997,0.0026441249999999998,-15.531981279251173,0.00704306532198761,1100,bombay-dyeing-and-manufacturing-company,Small Cap,Feb-2025
152666,87989.0,1,Mishra Dhatu Nigam Ltd.,Iron & Steel,Iron & Steel,Domestic Equities,91.0,85.0,7.0588235294117645,0.002212665,0.002789275,-20.67239694902797,0.00697755217542253,1100,mishra-dhatu-nigam,Small Cap,Feb-2025
133414,7150.0,1,India Glycols Ltd.,Chemicals,Chemicals,Domestic Equities,21.0,20.0,5.0,0.0022064700000000003,0.0025555,-13.657992565055757,0.00695801648623021,1100,india-glycols,Small Cap,Feb-2025
133648,6385.0,1,Datamatics Global Services Ltd.,IT,Information Technology,Domestic Equities,37.0,34.0,8.823529411764707,0.00211751,0.00206329,2.6278419417532106,0.00667748462012052,1100,datamatics-global-services,Small Cap,Feb-2025
171515,5866.0,1,Sun Pharma Advanced Research Company Ltd.,Business Services,Healthcare,Domestic Equities,186.0,174.0,6.896551724137931,0.002090454,0.00278226,-24.86489400703025,0.00659216458674076,1100,sun-pharma-advanced-research-company,Small Cap,Feb-2025
152548,6598.0,1,Allcargo Logistics Ltd.,Logistics,Logistics,Domestic Equities,672.0,629.0,6.836248012718602,0.002088576,0.00265438,-21.315862838026206,0.00658624238749892,1100,allcargo-logistics,Small Cap,Feb-2025
38106,5893.0,1,Stylam Industries Ltd.,Construction Materials,Construction Materials,Domestic Equities,13.0,12.0,8.333333333333332,0.00204932,0.0023464799999999997,-12.664075551464318,0.00646245013327228,1100,stylam-industries,Small Cap,Feb-2025
152192,8410.0,1,Kalyani Steels Ltd.,Iron & Steel,Iron & Steel,Domestic Equities,28.0,26.0,7.6923076923076925,0.00204428,0.00232518,-12.080785143515772,0.0064465566912175,1100,kalyani-steels,Small Cap,Feb-2025
198482,104165.0,1,DCX Systems Ltd.,Capital Goods,Electricals,Domestic Equities,88.0,83.0,6.024096385542169,0.0020433599999999997,0.0027257199999999996,-25.03411942532615,0.00644365550735036,1100,dcx-systems,Small Cap,Feb-2025
152344,8645.0,1,West Coast Paper Mills Ltd.,Paper,Paper,Domestic Equities,52.0,48.0,8.333333333333332,0.00204282,0.0025440000000000003,-19.700471698113216,0.00644195263855878,1100,west-coast-paper-mills,Small Cap,Feb-2025
174611,96811.0,1,Hemisphere Properties India Ltd.,Realty,Realty,Domestic Equities,164.0,154.0,6.493506493506493,0.0020326159999999997,0.002306766,-11.884603813304002,0.00640977472531931,1100,hemisphere-properties-india,Small Cap,Feb-2025
113784,6078.0,1,Subros Ltd.,Automobile & Ancillaries,Automobile & Ancillaries,Domestic Equities,35.0,33.0,6.0606060606060606,0.0019976250000000003,0.00213774,-6.554351792079478,0.00629943198108545,1100,subros,Small Cap,Feb-2025
133836,91540.0,1,MSTC Ltd.,Trading,Information Technology,Domestic Equities,45.0,42.0,7.142857142857142,0.00195165,0.00257397,-24.17743796547745,0.0061544516242465,1100,mstc,Small Cap,Feb-2025
152065,7928.0,1,Johnson Controls - Hitachi Air Conditioning India Ltd.,Consumer Durables,Consumer Durables,Domestic Equities,12.0,11.0,9.090909090909092,0.00194766,0.001815605,7.273333131380438,0.00614186931595314,1100,johnson-controls-hitachi-air-conditioning-india,Small Cap,Feb-2025
1059,110909.0,1,Happy Forgings Ltd.,Automobile & Ancillaries,Automobile & Ancillaries,Domestic Equities,23.0,21.0,9.523809523809524,0.001939475,0.0022278899999999997,-12.945657101562464,0.00611605823991775,1100,happy-forgings,Small Cap,Feb-2025
19092,7145.0,1,IFB Industries Ltd.,Consumer Durables,Consumer Durables,Domestic Equities,18.0,17.0,5.88235294117647,0.0019269900000000002,0.0023540749999999997,-18.142370145386185,0.00607668728276421,1100,ifb-industries,Small Cap,Feb-2025
97709,93131.0,1,Rossari Biotech Ltd.,Chemicals,Chemicals,Domestic Equities,32.0,30.0,6.666666666666667,0.001904,0.0021786,-12.604424860001828,0.00600418922069292,1100,rossari-biotech,Small Cap,Feb-2025
38269,6328.0,1,NRB Bearings Ltd.,Automobile & Ancillaries,Automobile & Ancillaries,Domestic Equities,88.0,82.0,7.317073170731707,0.0018202799999999999,0.00209223,-12.9980929438924,0.00574018148878304,1100,nrb-bearings,Small Cap,Feb-2025
152115,8260.0,1,National Fertilizers Ltd.,Chemicals,Chemicals,Domestic Equities,232.0,217.0,6.912442396313365,0.0018116879999999999,0.002329495,-22.22829411524816,0.00571308695423252,1100,national-fertilizers,Small Cap,Feb-2025
134168,15856.0,1,Lux Industries Ltd.,Textile,Textile,Domestic Equities,14.0,13.0,7.6923076923076925,0.00180754,0.002037425,-11.28311471587911,0.00570000639914458,1100,lux-industries,Small Cap,Feb-2025
152041,5577.0,1,Balmer Lawrie & Company Ltd.,Diversified,Diversified,Domestic Equities,121.0,113.0,7.079646017699115,0.001803989,0.002224631,-18.908394246056982,0.00568880846010956,1100,balmer-lawrie-company,Small Cap,Feb-2025
38156,8685.0,1,Sanghvi Movers Ltd.,Capital Goods,Capital Goods,Domestic Equities,85.0,79.0,7.59493670886076,0.00178755,0.00199475,-10.38726657475875,0.00563696871924876,1100,sanghvi-movers,Small Cap,Feb-2025
39219,111883.0,1,Akums Drugs & Pharmaceuticals Ltd.,Healthcare,Healthcare,Domestic Equities,39.0,37.0,5.405405405405405,0.00177645,0.002096235,-15.255207550680144,0.00560196530519955,1100,akums-drugs-pharmaceuticals,Small Cap,Feb-2025
38173,6330.0,1,Optiemus Infracom Ltd.,Trading,Trading,Domestic Equities,40.0,37.0,8.108108108108109,0.0017648,0.002404075,-26.591308507430096,0.00556522748775151,1100,optiemus-infracom,Small Cap,Feb-2025
133311,8457.0,1,Bhansali Engineering Polymers Ltd.,Chemicals,Chemicals,Domestic Equities,176.0,165.0,6.666666666666667,0.001763344,0.002020095,-12.70984780418743,0.00556063604893568,1100,bhansali-engineering-polymers,Small Cap,Feb-2025
196905,102455.0,1,Harsha Engineers International Ltd.,Capital Goods,Capital Goods,Domestic Equities,43.0,40.0,7.5,0.001699575,0.0016648,2.0888395002402826,0.00535954301195335,1100,harsha-engineers-international,Small Cap,Feb-2025
58192,8446.0,1,Indian Metals & Ferro Alloys Ltd.,Ferro Manganese,Ferro Manganese,Domestic Equities,27.0,26.0,3.8461538461538463,0.0016775100000000001,0.0018231200000000001,-7.986857694501729,0.00528996190105283,1100,indian-metals-ferro-alloys,Small Cap,Feb-2025
38125,5656.0,1,Gujarat Alkalies And Chemicals Ltd.,Chemicals,Chemicals,Domestic Equities,32.0,30.0,6.666666666666667,0.00167728,0.0020793,-19.334391381715008,0.00528923660508604,1100,gujarat-alkalies-and-chemicals,Small Cap,Feb-2025
777,8277.0,1,Ramky Infrastructure Ltd.,Infrastructure,Infrastructure,Domestic Equities,39.0,36.0,8.333333333333332,0.00166491,0.00200142,-16.813562370716788,0.00525022829591589,1100,ramky-infrastructure,Small Cap,Feb-2025
140232,102305.0,1,Landmark Cars Ltd.,Automobile & Ancillaries,Automobile & Ancillaries,Domestic Equities,37.0,34.0,8.823529411764707,0.001650015,0.0017051,-3.230602310714914,0.00520325749841472,1100,landmark-cars,Small Cap,Feb-2025
95878,5075.0,1,Fineotex Chemical Ltd.,Chemicals,Chemicals,Domestic Equities,72.0,67.0,7.462686567164178,0.0016448399999999998,0.00217616,-24.4154841555768,0.00518693833916205,1100,fineotex-chemical,Small Cap,Feb-2025
157408,15531.0,1,Imagicaaworld Entertainment Ltd.,Hospitality,Hospitality,Domestic Equities,262.0,246.0,6.504065040650407,0.001619946,0.0016100700000000001,0.6133894799604845,0.00510843608787007,1100,imagicaaworld-entertainment,Small Cap,Feb-2025
38751,93427.0,1,Apeejay Surrendra Park Hotels Ltd.,Hospitality,Hospitality,Domestic Equities,111.0,104.0,6.730769230769231,0.001619268,0.001854216,-12.671015674549235,0.00510629804149842,1100,apeejay-surrendra-park-hotels,Small Cap,Feb-2025
152632,8135.0,1,Dish TV India Ltd.,Media & Entertainment,Media & Entertainment,Domestic Equities,2476.0,2318.0,6.816220880069025,0.0015871160000000002,0.0019401660000000001,-18.196896554212373,0.00500490797226327,1100,dish-tv-india,Small Cap,Feb-2025
152029,6511.0,1,Venky'S (India) Ltd.,Agri,Agriculture,Domestic Equities,9.0,9.0,0.0,0.0014723100000000001,0.001637055,-10.063498172022323,0.00464287176025126,1100,venky's-india,Small Cap,Feb-2025
173697,92658.0,1,Hindware Home Innovation Ltd.,Consumer Durables,Consumer Durables,Domestic Equities,73.0,69.0,5.797101449275362,0.0014608029999999999,0.00160494,-8.980834174486274,0.00460658488768691,1100,hindware-home-innovation,Small Cap,Feb-2025
545,6862.0,1,Veedol Corporation Ltd.,Automobile & Ancillaries,Automobile & Ancillaries,Domestic Equities,10.0,10.0,0.0,0.0014378,0.00152345,-5.622107716039264,0.0045340458306262,1100,veedol-corporation,Small Cap,Feb-2025
61249,108764.0,1,Ideaforge Technology Ltd.,Capital Goods,Capital Goods,Domestic Equities,39.0,36.0,8.333333333333332,0.0014104349999999998,0.0016756199999999998,-15.826082285959824,0.00444775137788236,1100,ideaforge-technology,Small Cap,Feb-2025
77005,86895.0,1,Mahindra Logistics Ltd.,Logistics,Logistics,Domestic Equities,56.0,52.0,7.6923076923076925,0.0013904800000000001,0.00192088,-27.612344342176502,0.00438482406911192,1100,mahindra-logistics,Small Cap,Feb-2025
94495,5412.0,1,MMTC Ltd.,Trading,Trading,Domestic Equities,282.0,264.0,6.8181818181818175,0.001389696,0.001831104,-24.106113033448676,0.0043823517559034,1100,mmtc,Small Cap,Feb-2025
40233,98928.0,1,Supriya Lifescience Ltd.,Healthcare,Healthcare,Domestic Equities,23.0,22.0,4.545454545454546,0.0013740199999999999,0.0015842200000000001,-13.268359192536398,0.00433291810557589,1100,supriya-lifescience,Small Cap,Feb-2025
96432,105168.0,1,Sai Silks (Kalamandir) Ltd.,Retailing,Retailing,Domestic Equities,101.0,94.0,7.446808510638298,0.0013707720000000001,0.0015906680000000002,-13.82412923375588,0.00432267566514059,1100,sai-silks-kalamandir,Small Cap,Feb-2025
135318,83612.0,1,TCI Express Ltd.,Logistics,Logistics,Domestic Equities,20.0,19.0,5.263157894736842,0.0013577,0.001474305,-7.909150413245556,0.00428145362654138,1100,tci-express,Small Cap,Feb-2025
160620,87649.0,1,Utkarsh Small Finance Bank Ltd.,Bank,Banking,Domestic Equities,543.0,508.0,6.889763779527559,0.001293969,0.0015494,-16.48580095520846,0.0040804804210666,1100,utkarsh-small-finance-bank,Small Cap,Feb-2025
75745,8008.0,1,Steel Strips Wheels Ltd.,Automobile & Ancillaries,Automobile & Ancillaries,Domestic Equities,73.0,69.0,5.797101449275362,0.001292392,0.0013341149999999999,-3.127391566694018,0.00407550741350303,1100,steel-strips-wheels,Small Cap,Feb-2025
133032,7434.0,1,JTEKT India Ltd.,Automobile & Ancillaries,Automobile & Ancillaries,Domestic Equities,110.0,103.0,6.796116504854369,0.00126137,0.001577548,-20.042369550720487,0.00397768075488731,1100,jtekt-india,Small Cap,Feb-2025
101769,99917.0,1,Fusion Finance Ltd.,Finance,Finance,Domestic Equities,79.0,74.0,6.756756756756757,0.001236982,0.0013089120000000002,-5.495403816299352,0.00390077415472225,1100,fusion-finance,Small Cap,Feb-2025
1849,89205.0,1,Spandana Sphoorty Financial Ltd.,Finance,Finance,Domestic Equities,48.0,45.0,6.666666666666667,0.00120984,0.0014701500000000001,-17.70635649423529,0.00381518292372013,1100,spandana-sphoorty-financial,Small Cap,Feb-2025
19054,7594.0,1,Responsive Industries Ltd.,Plastic Products,Plastic Products,Domestic Equities,58.0,54.0,7.4074074074074066,0.001143586,0.0013353660000000002,-14.361605732061472,0.00360625353683579,1100,responsive-industries,Small Cap,Feb-2025
19518,7576.0,1,Maithan Alloys Ltd.,Ferro Manganese,Ferro Manganese,Domestic Equities,13.0,12.0,8.333333333333332,0.00112983,0.0011747399999999999,-3.822973594157001,0.00356287453110057,1100,maithan-alloys,Small Cap,Feb-2025
115304,8666.0,1,Hathway Cable & Datacom Ltd.,Telecom,Telecom,Domestic Equities,829.0,776.0,6.829896907216495,0.001095938,0.001166328,-6.0351804981103,0.00345599744020366,1100,hathway-cable-datacom,Small Cap,Feb-2025
114342,6244.0,1,Sindhu Trade Links Ltd.,Logistics,Finance,Domestic Equities,723.0,677.0,6.794682422451995,0.001076547,0.001393943,-22.76965413937298,0.0033948486832822,1100,sindhu-trade-links,Small Cap,Feb-2025
19428,7120.0,1,Confidence Petroleum India Ltd.,Inds. Gases & Fuels,Industrials Gases & Fuels,Domestic Equities,204.0,191.0,6.806282722513089,0.001075488,0.0013079679999999998,-17.77413514703723,0.00339150916837426,1100,confidence-petroleum-india,Small Cap,Feb-2025
609,5283.0,1,Kolte-Patil Developers Ltd.,Realty,Realty,Domestic Equities,43.0,40.0,7.5,0.001075,0.001142,-5.866900175131347,0.00338997027954038,1100,kolte-patil-developers,Small Cap,Feb-2025
213604,111699.0,1,Gopal Snacks Ltd.,FMCG,Fast Moving Consumer Goods,Domestic Equities,38.0,36.0,5.555555555555555,0.0010573499999999999,0.00120942,-12.573795703725752,0.00333431169774142,1100,gopal-snacks,Small Cap,Feb-2025
103327,93468.0,1,ESAF Small Finance Bank Ltd.,Bank,Banking,Domestic Equities,318.0,297.0,7.07070707070707,0.0009250619999999999,0.0010989,-15.819273819273825,0.00291714668533227,1100,esaf-small-finance-bank,Small Cap,Feb-2025
196589,102325.0,1,Dreamfolks Services Ltd.,Infrastructure,Aviation,Domestic Equities,33.0,31.0,6.451612903225806,0.00087879,0.00112778,-22.0778875312561,0.00277122975065795,1100,dreamfolks-services,Small Cap,Feb-2025
102911,89626.0,1,Muthoot Microfin Ltd.,Finance,Finance,Domestic Equities,62.0,58.0,6.896551724137931,0.0008242280000000001,0.0009306680000000001,-11.436946365406353,0.0025991706265721,1100,muthoot-microfin,Small Cap,Feb-2025
75586,5176.0,1,Jai Corp Ltd.,Plastic Products,Plastic Products,Domestic Equities,84.0,79.0,6.329113924050633,0.000800184,0.00107598,-25.632074945630954,0.0025233488168965,1100,jai-corp,Small Cap,Feb-2025
115610,8543.0,1,Den Networks Ltd.,Media & Entertainment,Media & Entertainment,Domestic Equities,222.0,208.0,6.730769230769231,0.000701298,0.000820352,-14.512550709939143,0.00221151569962894,1100,den-networks,Small Cap,Feb-2025
187748,97967.0,1,India Pesticides Ltd.,Chemicals,Chemicals,Domestic Equities,53.0,50.0,6.0,0.000672888,0.0008284,-18.772573635924676,0.00212192588042732,1100,india-pesticides,Small Cap,Feb-2025
19324,8716.0,1,Sanghi Industries Ltd.,Construction Materials,Construction Materials,Domestic Equities,121.0,113.0,7.079646017699115,0.0006278690000000001,0.000662745,-5.26235580804079,0.00197996023204162,1100,sanghi-industries,Small Cap,Feb-2025
221815,112669.0,1,Odigma Consultancy Solutions Ltd.,Others,Other,Domestic Equities,30.0,28.0,7.142857142857142,0.00011457,0.000158816,-27.859913358855525,0.000361291995280876,1100,odigma-consultancy-solutions,Small Cap,Feb-2025
171875,5051.0,1,HDFC Bank Ltd.,Bank,Banking,Domestic Equities,14953.0,14231.0,5.07343124165554,2.7337000000000002,2.4653784400000003,10.883585077510451,7.56683293013059,1100,hdfc-bank,Large Cap,Mar-2025
171888,8748.0,1,ICICI Bank Ltd.,Bank,Banking,Domestic Equities,13874.0,13205.0,5.066262779250284,1.8707,1.59001405,17.653048411742013,5.17806429469045,1100,icici-bank,Large Cap,Mar-2025
171531,4897.0,1,Reliance Industries Ltd.,Crude Oil,Crude Oil,Domestic Equities,13318.0,12704.0,4.833123425692695,1.6982,1.52460704,11.386078867902906,4.70058736582206,1100,reliance-industries,Large Cap,Mar-2025
171889,4926.0,1,Infosys Ltd.,IT,Information Technology,Domestic Equities,7076.0,6741.0,4.969589081738614,1.1114,1.13767857,-2.3098413464885827,3.07633541301062,1100,infosys,Large Cap,Mar-2025
133593,6508.0,1,Bharti Airtel Ltd.,Telecom,Telecom,Domestic Equities,5273.0,5019.0,5.06076907750548,0.914,0.7880833800000001,15.97757587528365,2.5299357274534,1100,bharti-airtel,Large Cap,Mar-2025
152372,4964.0,1,Larsen & Toubro Ltd.,Infrastructure,Infrastructure,Domestic Equities,2307.0,2203.0,4.7208352246936,0.8057,0.6969961549999999,15.596046580773464,2.23016325558994,1100,larsen-toubro,Large Cap,Mar-2025
152408,5535.0,1,ITC Ltd.,FMCG,Fast Moving Consumer Goods,Domestic Equities,18298.0,17399.0,5.16696361859877,0.7498,0.6872605,9.099824593440193,2.07543305081462,1100,itc,Large Cap,Mar-2025
171915,6797.0,1,Tata Consultancy Services Ltd.,IT,Information Technology,Domestic Equities,2007.0,1912.0,4.968619246861924,0.7238,0.6659974,8.679102951452961,2.00346551370981,1100,tata-consultancy-services,Large Cap,Mar-2025
171492,5886.0,1,Kotak Mahindra Bank Ltd.,Bank,Banking,Domestic Equities,2890.0,2748.0,5.167394468704512,0.6275,0.52293066,19.996788866806924,1.73690882820242,1100,kotak-mahindra-bank,Large Cap,Mar-2025
171400,5889.0,1,Axis Bank Ltd.,Bank,Banking,Domestic Equities,5617.0,5337.0,5.246393104740491,0.619,0.541999035,14.206845405176786,1.71338097953354,1100,axis-bank,Large Cap,Mar-2025
133350,8843.0,1,State Bank Of India,Bank,Banking,Domestic Equities,7552.0,7202.0,4.859761177450708,0.5826,0.49607376000000003,17.442212625799833,1.61262642758682,1100,state-bank-of-india,Large Cap,Mar-2025
171656,5311.0,1,Mahindra & Mahindra Ltd.,Automobile & Ancillaries,Automobile & Ancillaries,Domestic Equities,1741.0,1656.0,5.132850241545894,0.46409999999999996,0.42809255999999996,8.41113426498232,1.2846205373207,1100,mahindra-mahindra,Large Cap,Mar-2025
171484,6114.0,1,Bajaj Finance Ltd.,Finance,Finance,Domestic Equities,514.0,523.0,-1.7208413001912046,0.4598,0.44613469,3.0630458259141307,1.27271821387645,1100,bajaj-finance,Large Cap,Mar-2025
171717,5016.0,1,Hindustan Unilever Ltd.,FMCG,Fast Moving Consumer Goods,Domestic Equities,1744.0,1661.0,4.996989765201685,0.39390000000000003,0.363800525,8.273620550712517,1.09030818713774,1100,hindustan-unilever,Large Cap,Mar-2025
420,5071.0,1,Sun Pharmaceutical Industries Ltd.,Healthcare,Healthcare,Domestic Equities,2119.0,2020.0,4.900990099009901,0.3676,0.3218365,14.219487224102915,1.01751025537404,1100,sun-pharmaceutical-industries,Large Cap,Mar-2025
133664,7760.0,1,NTPC Ltd.,Power,Power,Domestic Equities,9320.0,8861.0,5.180002257081593,0.3333,0.275975845,20.771439254040505,0.922568466039626,1100,ntpc,Large Cap,Mar-2025
171528,8219.0,1,HCL Technologies Ltd.,IT,Information Technology,Domestic Equities,2085.0,1981.0,5.24987380111055,0.332,0.31201740499999997,6.40432061794759,0.918970089184386,1100,hcl-technologies,Large Cap,Mar-2025
133625,7239.0,1,Maruti Suzuki India Ltd.,Automobile & Ancillaries,Automobile & Ancillaries,Domestic Equities,257.0,246.0,4.471544715447155,0.2961,0.29386791,0.7595555431690404,0.819599528335833,1100,maruti-suzuki-india,Large Cap,Mar-2025
152378,5539.0,1,Tata Motors Ltd.,Automobile & Ancillaries,Automobile & Ancillaries,Domestic Equities,4102.0,3922.0,4.589495155532891,0.2767,0.24341892999999998,13.67234257417861,0.765900673726866,1100,tata-motors,Large Cap,Mar-2025
156921,98676.0,1,Eternal Ltd.,Retailing,Information Technology,Domestic Equities,13656.0,12973.0,5.264780698373546,0.2754,0.28813033,-4.418254058849,0.762302296871626,1100,eternal,Large Cap,Mar-2025
133654,6850.0,1,Ultratech Cement Ltd.,Construction Materials,Construction Materials,Domestic Equities,228.0,213.0,7.042253521126761,0.26239999999999997,0.215735985,21.630148999018402,0.726318528319225,1100,ultratech-cement,Large Cap,Mar-2025
517,7825.0,1,Power Grid Corporation Of India Ltd.,Power,Power,Domestic Equities,8909.0,8477.0,5.096142503244073,0.2587,0.212645545,21.657850861629864,0.716076994192773,1100,power-grid-corporation-of-india,Large Cap,Mar-2025
152362,5226.0,1,Tata Steel Ltd.,Iron & Steel,Iron & Steel,Domestic Equities,16254.0,15507.0,4.81717933836332,0.2507,0.21275604,17.83449250136447,0.693933136622065,1100,tata-steel,Large Cap,Mar-2025
171461,6050.0,1,Titan Company Ltd.,Diamond  &  Jewellery,Diamond & Jewellery,Domestic Equities,810.0,774.0,4.651162790697675,0.2481,0.23817915,4.165289027188146,0.686736382911585,1100,titan-company,Large Cap,Mar-2025
152205,8185.0,1,Trent Ltd.,Retailing,Retailing,Domestic Equities,436.0,415.0,5.0602409638554215,0.2322,0.201339325,15.327693683288143,0.642725465989802,1100,trent,Large Cap,Mar-2025
171708,8443.0,1,Bajaj Finserv Ltd.,Finance,Finance,Domestic Equities,1069.0,1023.0,4.496578690127078,0.2146,0.19153629,12.041430895419362,0.594008979334244,1100,bajaj-finserv,Large Cap,Mar-2025
133309,5981.0,1,Bharat Electronics Ltd.,Capital Goods,Capital Goods,Domestic Equities,7040.0,6693.0,5.18452114149111,0.2121,0.164815125,28.689645443644807,0.587089023843398,1100,bharat-electronics,Large Cap,Mar-2025
171658,4978.0,1,Asian Paints Ltd.,Chemicals,Chemicals,Domestic Equities,889.0,846.0,5.08274231678487,0.20809999999999998,0.18440684999999998,12.848302544075779,0.576017095058044,1100,asian-paints,Large Cap,Mar-2025
133434,4968.0,1,JSW Steel Ltd.,Iron & Steel,Iron & Steel,Domestic Equities,1865.0,1795.0,3.8997214484679668,0.19829999999999998,0.17065065000000001,16.202311564591156,0.548890869533927,1100,jsw-steel,Large Cap,Mar-2025
152245,5078.0,1,Grasim Industries Ltd.,Diversified,Construction Materials,Domestic Equities,754.0,695.0,8.489208633093526,0.19690000000000002,0.160312175,22.8228610833831,0.545015694459053,1100,grasim-industries,Large Cap,Mar-2025
96486,15829.0,1,Interglobe Aviation Ltd.,Aviation,Aviation,Domestic Equities,385.0,367.0,4.904632152588556,0.19690000000000002,0.16431691,19.829419869202752,0.545015694459053,1100,interglobe-aviation,Large Cap,Mar-2025
152343,5043.0,1,Hindalco Industries Ltd.,Non - Ferrous Metals,Non - Ferrous Metals,Domestic Equities,2846.0,2720.0,4.632352941176471,0.1942,0.1725432,12.551523328650461,0.537542142528939,1100,hindalco-industries,Large Cap,Mar-2025
152256,5774.0,1,Oil & Natural Gas Corporation Ltd.,Crude Oil,Crude Oil,Domestic Equities,7635.0,7259.0,5.179776828764292,0.1881,0.16350897499999997,15.039556697117087,0.520657451131274,1100,oil-natural-gas-corporation,Large Cap,Mar-2025
56728,7719.0,1,Shriram Finance Ltd.,Finance,Finance,Domestic Equities,2751.0,2615.0,5.2007648183556405,0.1805,0.16142395,11.817360435053164,0.499620786439101,1100,shriram-finance,Large Cap,Mar-2025
115643,7007.0,1,Coal India Ltd.,Mining,Mining,Domestic Equities,4464.0,4244.0,5.183788878416588,0.1778,0.15675214,13.427478565842868,0.492147234508987,1100,coal-india,Large Cap,Mar-2025
171369,7531.0,1,Tech Mahindra Ltd.,IT,Information Technology,Domestic Equities,1246.0,1187.0,4.970513900589722,0.17670000000000002,0.176607795,0.05220890731352717,0.489102454093015,1100,tech-mahindra,Large Cap,Mar-2025
539,7794.0,1,Adani Ports and Special Economic Zone Ltd.,Logistics,Logistics,Domestic Equities,1450.0,1379.0,5.148658448150834,0.17149999999999999,0.14747026,16.294634592764663,0.474708946672055,1100,adani-ports-and-special-economic-zone,Large Cap,Mar-2025
707,8442.0,1,Bajaj Auto Ltd.,Automobile & Ancillaries,Automobile & Ancillaries,Domestic Equities,217.0,207.0,4.830917874396135,0.171,0.16359003000000003,4.529597555547854,0.473324955573885,1100,bajaj-auto,Large Cap,Mar-2025
77009,96064.0,1,Max Healthcare Institute Ltd.,Healthcare,Healthcare,Domestic Equities,1460.0,1388.0,5.187319884726225,0.1602,0.13576028,18.00211372575247,0.443430747853429,1100,max-healthcare-institute,Mid Cap,Mar-2025
133330,5128.0,1,Cipla Ltd.,Healthcare,Healthcare,Domestic Equities,1105.0,1028.0,7.490272373540856,0.1594,0.144691,10.165801604799196,0.441216362096359,1100,cipla,Large Cap,Mar-2025
152400,5891.0,1,Nestle India Ltd.,FMCG,Fast Moving Consumer Goods,Domestic Equities,704.0,670.0,5.074626865671641,0.1585,0.14670655,8.038802630148414,0.438725178119654,1100,nestle-india,Large Cap,Mar-2025
134703,87891.0,1,Hindustan Aeronautics Ltd.,Capital Goods,Capital Goods,Domestic Equities,373.0,355.0,5.070422535211268,0.1558,0.10963110000000001,42.112958822815784,0.43125162618954,1100,hindustan-aeronautics,Large Cap,Mar-2025
152242,5741.0,1,Vedanta Ltd.,Non - Ferrous Metals,Non - Ferrous Metals,Domestic Equities,3335.0,3172.0,5.138713745271122,0.1545,0.1252147,23.38806865328111,0.4276532493343,1100,vedanta,Large Cap,Mar-2025
2469,110949.0,1,JIO Financial Services Ltd.,Finance,Finance,Domestic Equities,6438.0,6140.0,4.853420195439739,0.1465,0.12747254,14.926712843409259,0.405509391763592,1100,jio-financial-services,Large Cap,Mar-2025
171511,5199.0,1,Wipro Ltd.,IT,Information Technology,Domestic Equities,5583.0,5299.0,5.359501792791092,0.1464,0.14712673499999998,-0.49395169409556144,0.405232593543958,1100,wipro,Large Cap,Mar-2025
76200,82667.0,1,BSE Ltd.,Finance,Finance,Domestic Equities,266.0,253.0,5.138339920948617,0.1458,0.11723261000000001,24.36812589944043,0.403571804226155,1100,bse,Mid Cap,Mar-2025
171572,5156.0,1,Eicher Motors Ltd.,Automobile & Ancillaries,Automobile & Ancillaries,Domestic Equities,270.0,257.0,5.058365758754864,0.1444,0.12268152,17.703138989474525,0.399696629151281,1100,eicher-motors,Large Cap,Mar-2025
58168,86912.0,1,HDFC Life Insurance Company Ltd.,Insurance,Finance,Domestic Equities,2104.0,2000.0,5.2,0.14429999999999998,0.1217,18.570254724732948,0.399419830931647,1100,hdfc-life-insurance-company,Large Cap,Mar-2025
171462,6372.0,1,Divi's Laboratories Ltd.,Healthcare,Healthcare,Domestic Equities,249.0,237.0,5.063291139240507,0.1438,0.129881925,10.71594450113055,0.398035839833478,1100,divi's-laboratories,Large Cap,Mar-2025
38605,83193.0,1,Varun Beverages Ltd.,FMCG,Fast Moving Consumer Goods,Domestic Equities,2636.0,2506.0,5.18754988028731,0.1423,0.10927413,30.22295395991715,0.39388386653897,1100,varun-beverages,Large Cap,Mar-2025
171585,5257.0,1,Dr. Reddy's Laboratories Ltd.,Healthcare,Healthcare,Domestic Equities,1199.0,1141.0,5.083260297984225,0.13720000000000002,0.12739265,7.698521068523193,0.379767157337644,1100,dr-reddy's-laboratories,Large Cap,Mar-2025
152907,86648.0,1,SBI Life Insurance Company Ltd.,Insurance,Finance,Domestic Equities,881.0,837.0,5.256869772998805,0.1364,0.11973285,13.920281693787459,0.377552771580573,1100,sbi-life-insurance-company,Large Cap,Mar-2025
152406,5107.0,1,The Indian Hotels Company Ltd.,Hospitality,Hospitality,Domestic Equities,1726.0,1645.0,4.924012158054712,0.1359,0.11779845,15.366543447727876,0.376168780482404,1100,the-indian-hotels-company,Mid Cap,Mar-2025
152473,5056.0,1,Suzlon Energy Ltd.,Capital Goods,Capital Goods,Domestic Equities,23331.0,22178.0,5.198845702948868,0.1322,0.110246838,19.912736182057216,0.365927246355951,1100,suzlon-energy,Mid Cap,Mar-2025
38020,6672.0,1,Apollo Hospitals Enterprise Ltd.,Healthcare,Healthcare,Domestic Equities,198.0,189.0,4.761904761904762,0.131,0.11439413999999999,14.516355470656105,0.362605667720345,1100,apollo-hospitals-enterprise,Mid Cap,Mar-2025
152401,5684.0,1,Tata Consumer Products Ltd.,Agri,Agriculture,Domestic Equities,1280.0,1217.0,5.1766639276910436,0.1282,0.11728229000000001,9.308916120242873,0.354855317570597,1100,tata-consumer-products,Large Cap,Mar-2025
171514,5399.0,1,Cholamandalam Investment and Finance Company Ltd.,Finance,Finance,Domestic Equities,827.0,781.0,5.8898847631242,0.1257,0.109398575,14.900948207049314,0.347935362079751,1100,cholamandalam-investment-and-finance-company,Large Cap,Mar-2025
152316,5915.0,1,Tata Power Company Ltd.,Power,Power,Domestic Equities,3300.0,3159.0,4.46343779677113,0.12390000000000001,0.10715327999999999,15.628751635040954,0.342952994126342,1100,tata-power-company,Large Cap,Mar-2025
152604,5456.0,1,Power Finance Corporation Ltd.,Finance,Finance,Domestic Equities,2862.0,2720.0,5.220588235294118,0.1186,0.0990896,19.6896546156206,0.328282688485747,1100,power-finance-corporation,Large Cap,Mar-2025
75697,6614.0,1,Adani Enterprises Ltd.,Trading,Trading,Domestic Equities,511.0,465.0,9.89247311827957,0.1183,0.097464,21.378149880981702,0.327452293826846,1100,adani-enterprises,Large Cap,Mar-2025
171619,82976.0,1,Avenue Supermarts Ltd.,Retailing,Retailing,Domestic Equities,289.0,276.0,4.710144927536232,0.11800000000000001,0.09394902,25.600032868889965,0.326621899167944,1100,avenue-supermarts,Large Cap,Mar-2025
95548,5980.0,1,Persistent Systems Ltd.,IT,Information Technology,Domestic Equities,209.0,197.0,6.091370558375635,0.1152,0.10448683,10.25312950924053,0.318871549018196,1100,persistent-systems,Mid Cap,Mar-2025
171628,5788.0,1,Britannia Industries Ltd.,FMCG,Fast Moving Consumer Goods,Domestic Equities,231.0,220.0,5.0,0.114,0.10109989999999999,12.759755449807573,0.31554997038259,1100,britannia-industries,Large Cap,Mar-2025
133507,6902.0,1,TVS Motor Company Ltd.,Automobile & Ancillaries,Automobile & Ancillaries,Domestic Equities,461.0,438.0,5.251141552511415,0.1116,0.0974769,14.488663467960098,0.308906813111378,1100,tvs-motor-company,Large Cap,Mar-2025
152572,7512.0,1,Info Edge (India) Ltd.,IT,Information Technology,Domestic Equities,152.0,146.0,4.10958904109589,0.1092,0.10209269000000001,6.961624774506372,0.302263655840165,1100,info-edge-india,Large Cap,Mar-2025
171402,5320.0,1,Godrej Consumer Products Ltd.,FMCG,Fast Moving Consumer Goods,Domestic Equities,941.0,704.0,33.66477272727273,0.1091,0.07076256,54.177576390678915,0.301986857620532,1100,godrej-consumer-products,Large Cap,Mar-2025
152376,5012.0,1,Bharat Petroleum Corporation Ltd.,Crude Oil,Crude Oil,Domestic Equities,3809.0,3622.0,5.162893429044726,0.1061,0.08595006,23.443776537212422,0.293682911031516,1100,bharat-petroleum-corporation,Large Cap,Mar-2025
171335,5389.0,1,Bajaj Holdings & Investment Ltd.,Finance,Finance,Domestic Equities,85.0,80.0,6.25,0.106,0.0925948,14.477270861862651,0.293406112811882,1100,bajaj-holdings-investment,Large Cap,Mar-2025
133657,7260.0,1,Coforge Ltd.,IT,Information Technology,Domestic Equities,130.0,124.0,4.838709677419355,0.1054,0.09129066,15.455403652465643,0.291745323494079,1100,coforge,Mid Cap,Mar-2025
171943,4973.0,1,REC Ltd.,Finance,Finance,Domestic Equities,2455.0,2334.0,5.184233076263925,0.1054,0.08409402,25.335903789591686,0.291745323494079,1100,rec,Large Cap,Mar-2025
157113,99763.0,1,PB Fintech Ltd.,IT,Information Technology,Domestic Equities,650.0,618.0,5.177993527508091,0.1033,0.09045048,14.206137988433015,0.285932560881768,1100,pb-fintech,Mid Cap,Mar-2025
57445,86554.0,1,Dixon Technologies (India) Ltd.,Consumer Durables,Consumer Durables,Domestic Equities,75.0,71.0,5.633802816901409,0.09880000000000001,0.09894453499999999,-0.14607678938506652,0.273476640998245,1100,dixon-technologies-india,Mid Cap,Mar-2025
171741,5431.0,1,GAIL (India) Ltd.,Inds. Gases & Fuels,Industrials Gases & Fuels,Domestic Equities,5302.0,5053.0,4.927765683752226,0.09699999999999999,0.07884701200000001,23.02305127301462,0.268494273044836,1100,gail-india,Large Cap,Mar-2025
152211,6247.0,1,Lupin Ltd.,Healthcare,Healthcare,Domestic Equities,474.0,451.0,5.099778270509978,0.09609999999999999,0.085899715,11.87464358874763,0.266003089068131,1100,lupin,Mid Cap,Mar-2025
171383,5551.0,1,Hero MotoCorp Ltd.,Automobile & Ancillaries,Automobile & Ancillaries,Domestic Equities,255.0,242.0,5.371900826446281,0.0949,0.08908262,6.530319831185921,0.262681510432525,1100,hero-motocorp,Large Cap,Mar-2025
57031,5903.0,1,Indian Oil Corporation Ltd.,Crude Oil,Crude Oil,Domestic Equities,7344.0,7010.0,4.764621968616263,0.09380000000000001,0.07955649000000001,17.903643059164633,0.259636730016552,1100,indian-oil-corporation,Large Cap,Mar-2025
171685,5596.0,1,The Federal Bank Ltd.,Bank,Banking,Domestic Equities,4819.0,4579.0,5.2413190652981,0.0929,0.08133219800000001,14.222905914825985,0.257145546039848,1100,the-federal-bank,Mid Cap,Mar-2025
152377,4902.0,1,Siemens Ltd.,Capital Goods,Capital Goods,Domestic Equities,173.0,165.0,4.848484848484849,0.0913,0.07628775,19.67845427345807,0.252716774525706,1100,siemens,Large Cap,Mar-2025
38803,5403.0,1,Indus Towers Ltd.,Telecom,Telecom,Domestic Equities,2597.0,2322.0,11.843238587424635,0.0868,0.07508187000000001,15.607136583039278,0.240260854642183,1100,indus-towers,Large Cap,Mar-2025
171387,6208.0,1,Pidilite Industries Ltd.,Chemicals,Chemicals,Domestic Equities,302.0,287.0,5.2264808362369335,0.086,0.07628173,12.73997063254857,0.238046468885112,1100,pidilite-industries,Large Cap,Mar-2025
171837,6012.0,1,DLF Ltd.,Realty,Realty,Domestic Equities,1261.0,1199.0,5.170975813177648,0.0858,0.07620244500000001,12.594812410546668,0.237492872445844,1100,dlf,Large Cap,Mar-2025
171636,86629.0,1,ICICI Lombard General Insurance Company Ltd.,Insurance,Finance,Domestic Equities,470.0,447.0,5.1454138702460845,0.0843,0.075585465,11.529379358848946,0.233340899151336,1100,icici-lombard-general-insurance-company,Mid Cap,Mar-2025
114442,5285.0,1,IndusInd Bank Ltd.,Bank,Banking,Domestic Equities,1294.0,1236.0,4.692556634304207,0.08410000000000001,0.12237636,-31.27757681303807,0.232787302712069,1100,indusind-bank,Mid Cap,Mar-2025
165,7447.0,1,SRF Ltd.,Chemicals,Chemicals,Domestic Equities,285.0,271.0,5.166051660516605,0.08380000000000001,0.07575534,10.619264595736757,0.231956908053167,1100,srf,Mid Cap,Mar-2025
114405,5008.0,1,Bank Of Baroda,Bank,Banking,Domestic Equities,3640.0,3485.0,4.447632711621234,0.0832,0.068678895,21.143475007860854,0.230296118735364,1100,bank-of-baroda,Large Cap,Mar-2025
153405,17058.0,1,LTIMindtree Ltd.,IT,Information Technology,Domestic Equities,181.0,173.0,4.624277456647398,0.08130000000000001,0.080720935,0.7173665666781662,0.225036952562321,1100,ltimindtree,Large Cap,Mar-2025
133583,8200.0,1,United Spirits Ltd.,Alcohol,Alcohol,Domestic Equities,580.0,551.0,5.263157894736842,0.08130000000000001,0.070773195,14.873999965664982,0.225036952562321,1100,united-spirits,Large Cap,Mar-2025
171877,6125.0,1,Cummins India Ltd.,Automobile & Ancillaries,Automobile & Ancillaries,Domestic Equities,265.0,253.0,4.743083003952568,0.0809,0.068764135,17.648538733163733,0.223929759683786,1100,cummins-india,Large Cap,Mar-2025
133334,5159.0,1,CG Power and Industrial Solutions Ltd.,Capital Goods,Capital Goods,Domestic Equities,1258.0,1196.0,5.183946488294314,0.0803,0.06848296000000001,17.255445734238105,0.222268970365982,1100,cg-power-and-industrial-solutions,Large Cap,Mar-2025
114530,88033.0,1,HDFC Asset Management Company Ltd.,Finance,Finance,Domestic Equities,199.0,189.0,5.291005291005291,0.0799,0.06857487,16.514985737486636,0.221161777487447,1100,hdfc-asset-management-company,Mid Cap,Mar-2025
152308,5173.0,1,Shree Cement Ltd.,Construction Materials,Construction Materials,Domestic Equities,26.0,25.0,4.0,0.0793,0.06820999999999999,16.25861310658261,0.219500988169644,1100,shree-cement,Mid Cap,Mar-2025
38708,8062.0,1,Adani Power Ltd.,Power,Power,Domestic Equities,1547.0,1470.0,5.238095238095238,0.0788,0.07040565,11.922835738324977,0.218116997071475,1100,adani-power,Large Cap,Mar-2025
113818,7906.0,1,Samvardhana Motherson International Ltd.,Automobile & Ancillaries,Automobile & Ancillaries,Domestic Equities,5795.0,5516.0,5.058013052936911,0.0759,0.06541424400000001,16.02977479950696,0.210089848702093,1100,samvardhana-motherson-international,Large Cap,Mar-2025
171639,5614.0,1,Havells India Ltd.,Capital Goods,Capital Goods,Domestic Equities,495.0,473.0,4.651162790697675,0.0757,0.06725114,12.56314762842683,0.209536252262825,1100,havells-india,Large Cap,Mar-2025
152636,5140.0,1,Fortis Healthcare Ltd.,Healthcare,Healthcare,Domestic Equities,1024.0,973.0,5.241521068859199,0.07150000000000001,0.05961571,19.93482925893192,0.197910727038204,1100,fortis-healthcare,Mid Cap,Mar-2025
152334,5218.0,1,Ambuja Cements Ltd.,Construction Materials,Construction Materials,Domestic Equities,1309.0,1255.0,4.302788844621515,0.0705,0.058351225,20.820085610884778,0.195142744841865,1100,ambuja-cements,Large Cap,Mar-2025
171942,7813.0,1,Jindal Steel & Power Ltd.,Iron & Steel,Iron & Steel,Domestic Equities,746.0,710.0,5.070422535211268,0.0681,0.06078665,12.031177898436574,0.188499587570653,1100,jindal-steel-power,Mid Cap,Mar-2025
171365,5279.0,1,Hindustan Petroleum Corporation Ltd.,Crude Oil,Crude Oil,Domestic Equities,1888.0,1795.0,5.181058495821727,0.068,0.052728124999999994,28.96343270313519,0.188222789351019,1100,hindustan-petroleum-corporation,Mid Cap,Mar-2025
171327,5699.0,1,Marico Ltd.,FMCG,Fast Moving Consumer Goods,Domestic Equities,1037.0,986.0,5.172413793103448,0.0676,0.05921916000000001,14.152243969688177,0.187115596472483,1100,marico,Mid Cap,Mar-2025
7737,15826.0,1,IDFC First Bank Ltd.,Bank,Banking,Domestic Equities,12186.0,11581.0,5.224073914169761,0.067,0.067621459,-0.9190263108638335,0.18545480715468,1100,idfc-first-bank,Mid Cap,Mar-2025
152331,7581.0,1,Torrent Pharmaceuticals Ltd.,Healthcare,Healthcare,Domestic Equities,205.0,175.0,17.142857142857142,0.0662,0.051591750000000006,28.315089137313613,0.183240421397609,1100,torrent-pharmaceuticals,Large Cap,Mar-2025
134667,88599.0,1,Macrotech Developers Ltd.,Realty,Realty,Domestic Equities,549.0,520.0,5.5769230769230775,0.06559999999999999,0.0588068,11.551725310678354,0.181579632079806,1100,macrotech-developers,Large Cap,Mar-2025
152379,5838.0,1,Voltas Ltd.,Consumer Durables,Consumer Durables,Domestic Equities,447.0,426.0,4.929577464788732,0.0652,0.056236259999999996,15.939431249517657,0.180472439201271,1100,voltas,Mid Cap,Mar-2025
133599,5561.0,1,Punjab National Bank,Bank,Banking,Domestic Equities,6777.0,6443.0,5.183920533912773,0.06509999999999999,0.056305377,15.619508239861357,0.180195640981637,1100,punjab-national-bank,Large Cap,Mar-2025
171465,6543.0,1,Aurobindo Pharma Ltd.,Healthcare,Healthcare,Domestic Equities,549.0,522.0,5.172413793103448,0.0637,0.05524326,15.308184202018488,0.176320465906763,1100,aurobindo-pharma,Mid Cap,Mar-2025
171635,7381.0,1,UPL Ltd.,Chemicals,Chemicals,Domestic Equities,994.0,945.0,5.185185185185185,0.0632,0.059813775,5.661279529673566,0.174936474808594,1100,upl,Mid Cap,Mar-2025
171946,6864.0,1,Godrej Properties Ltd.,Realty,Realty,Domestic Equities,296.0,281.0,5.338078291814947,0.063,0.054410030000000005,15.787475213669236,0.174382878369326,1100,godrej-properties,Mid Cap,Mar-2025
152455,7030.0,1,Yes Bank Ltd.,Bank,Banking,Domestic Equities,37060.0,35233.0,5.185479522038997,0.0626,0.059015275000000006,6.074232476252962,0.173275685490791,1100,yes-bank,Mid Cap,Mar-2025
139932,15713.0,1,Adani Energy Solutions Ltd.,Power,Power,Domestic Equities,711.0,676.0,5.177514792899409,0.062,0.04400084,40.90640087780144,0.171614896172988,1100,adani-energy-solutions,Large Cap,Mar-2025
171820,5969.0,1,Colgate-Palmolive (India) Ltd.,FMCG,Fast Moving Consumer Goods,Domestic Equities,259.0,247.0,4.8582995951417,0.061900000000000004,0.06087562,1.6827426151881535,0.171338097953354,1100,colgate-palmolive-india,Mid Cap,Mar-2025
599,7495.0,1,Sundaram Finance Ltd.,Finance,Finance,Domestic Equities,135.0,128.0,5.46875,0.061799999999999994,0.0580832,6.399096468514124,0.17106129973372,1100,sundaram-finance,Mid Cap,Mar-2025
152369,6790.0,1,Bharat Forge Ltd.,Automobile & Ancillaries,Automobile & Ancillaries,Domestic Equities,524.0,489.0,7.157464212678937,0.0613,0.04970685,23.323043001115547,0.169677308635551,1100,bharat-forge,Mid Cap,Mar-2025
122,5767.0,1,The Phoenix Mills Ltd.,Realty,Realty,Domestic Equities,366.0,348.0,5.172413793103448,0.0601,0.05387388,11.556843501897399,0.166355729999944,1100,the-phoenix-mills,Mid Cap,Mar-2025
141614,85778.0,1,AU Small Finance Bank Ltd.,Bank,Banking,Domestic Equities,1103.0,1048.0,5.248091603053435,0.059000000000000004,0.05928536,-0.4813329968815217,0.163310949583972,1100,au-small-finance-bank,Mid Cap,Mar-2025
133614,6833.0,1,Canara Bank,Bank,Banking,Domestic Equities,6626.0,6300.0,5.174603174603175,0.059000000000000004,0.050967000000000005,15.761178801969905,0.163310949583972,1100,canara-bank,Mid Cap,Mar-2025
171799,4956.0,1,Dabur India Ltd.,FMCG,Fast Moving Consumer Goods,Domestic Equities,1159.0,1104.0,4.981884057971015,0.0587,0.05446032,7.784897334426246,0.162480554925071,1100,dabur-india,Large Cap,Mar-2025
101370,86936.0,1,Tube Investments of India Ltd.,Automobile & Ancillaries,Automobile & Ancillaries,Domestic Equities,211.0,199.0,6.030150753768844,0.0584,0.048996785,19.191493890874668,0.161650160266169,1100,tube-investments-of-india,Mid Cap,Mar-2025
152222,5634.0,1,Max Financial Services Ltd.,Finance,Finance,Domestic Equities,507.0,482.0,5.186721991701245,0.0582,0.04810842,20.976743779986958,0.161096563826901,1100,max-financial-services,Mid Cap,Mar-2025
171659,5756.0,1,Ashok Leyland Ltd.,Automobile & Ancillaries,Automobile & Ancillaries,Domestic Equities,2811.0,2677.0,5.00560328726186,0.0574,0.057004038,0.6946209670269338,0.158882178069831,1100,ashok-leyland,Mid Cap,Mar-2025
84351,88646.0,1,Adani Green Energy Ltd.,Power,Power,Domestic Equities,602.0,572.0,5.244755244755245,0.0571,0.04429568,28.906475755649318,0.158051783410929,1100,adani-green-energy,Large Cap,Mar-2025
133272,5382.0,1,ABB India Ltd.,Capital Goods,Capital Goods,Domestic Equities,103.0,97.0,6.185567010309279,0.0571,0.04787338,19.272965476847464,0.158051783410929,1100,abb-india,Large Cap,Mar-2025
114697,5402.0,1,JSW Energy Ltd.,Power,Power,Domestic Equities,1050.0,998.0,5.210420841683367,0.0565,0.04631718,21.984974042029332,0.156390994093126,1100,jsw-energy,Large Cap,Mar-2025
19255,6350.0,1,Mphasis Ltd.,IT,Information Technology,Domestic Equities,223.0,211.0,5.687203791469194,0.0558,0.047416975,17.679375371372807,0.154453406555689,1100,mphasis,Mid Cap,Mar-2025
152574,8059.0,1,Torrent Power Ltd.,Power,Power,Domestic Equities,373.0,355.0,5.070422535211268,0.0555,0.044834725000000006,23.787979072025074,0.153623011896787,1100,torrent-power,Mid Cap,Mar-2025
133342,5963.0,1,Bharat Heavy Electricals Ltd.,Capital Goods,Capital Goods,Domestic Equities,2526.0,2402.0,5.162364696086595,0.0547,0.043036634,27.101018169776015,0.151408626139717,1100,bharat-heavy-electricals,Mid Cap,Mar-2025
152118,7308.0,1,PI Industries Ltd.,Chemicals,Chemicals,Domestic Equities,159.0,151.0,5.298013245033113,0.0545,0.045510644999999995,19.75220302854421,0.150855029700449,1100,pi-industries,Mid Cap,Mar-2025
133317,6810.0,1,Blue Star Ltd.,Consumer Durables,Consumer Durables,Domestic Equities,255.0,242.0,5.371900826446281,0.0545,0.04640713,17.438850452505903,0.150855029700449,1100,blue-star,Mid Cap,Mar-2025
587,7648.0,1,APL Apollo Tubes Ltd.,Iron & Steel,Iron & Steel,Domestic Equities,356.0,338.0,5.325443786982249,0.054299999999999994,0.04863651,11.644523836105835,0.150301433261181,1100,apl-apollo-tubes,Mid Cap,Mar-2025
1152,105806.0,1,Mankind Pharma Ltd.,Healthcare,Healthcare,Domestic Equities,221.0,194.0,13.917525773195877,0.0536,0.04443764,20.618466687249832,0.148363845723744,1100,mankind-pharma,Mid Cap,Mar-2025
152551,7908.0,1,GMR Airports Ltd.,Infrastructure,Aviation,Domestic Equities,7049.0,6701.0,5.1932547380987915,0.053399999999999996,0.04655184700000001,14.710808359547997,0.147810249284476,1100,gmr-airports,Mid Cap,Mar-2025
152686,7802.0,1,Multi Commodity Exchange Of India Ltd.,Finance,Finance,Domestic Equities,100.0,95.0,5.263157894736842,0.053099999999999994,0.047420675,11.976474396452591,0.146979854625575,1100,multi-commodity-exchange-of-india,Small Cap,Mar-2025
171839,6306.0,1,Solar Industries India Ltd.,Chemicals,Chemicals,Domestic Equities,47.0,45.0,4.444444444444445,0.0528,0.0391977,34.70178097184273,0.146149459966673,1100,solar-industries-india,Mid Cap,Mar-2025
152795,99590.0,1,One97 Communications Ltd.,IT,Information Technology,Domestic Equities,669.0,634.0,5.520504731861198,0.0524,0.04532783,15.60226906957602,0.145042267088138,1100,one97-communications,Mid Cap,Mar-2025
77639,92991.0,1,SBI Cards And Payment Services Ltd.,Finance,Finance,Domestic Equities,588.0,559.0,5.18783542039356,0.0518,0.04688892,10.473860349097391,0.143381477770335,1100,sbi-cards-and-payment-services,Mid Cap,Mar-2025
171321,7864.0,1,Page Industries Ltd.,Textile,Textile,Domestic Equities,12.0,11.0,9.090909090909092,0.0512,0.044567545,14.881804685449925,0.141720688452532,1100,page-industries,Mid Cap,Mar-2025
153586,8183.0,1,NHPC Ltd.,Power,Power,Domestic Equities,6219.0,5914.0,5.1572539736219145,0.051100000000000007,0.04311306,18.52556974615117,0.141443890232898,1100,nhpc,Mid Cap,Mar-2025
134131,90516.0,1,Polycab India Ltd.,Electricals,Electricals,Domestic Equities,99.0,94.0,5.319148936170213,0.051,0.044305960000000005,15.108667095803796,0.141167092013264,1100,polycab-india,Large Cap,Mar-2025
38931,15891.0,1,Alkem Laboratories Ltd.,Healthcare,Healthcare,Domestic Equities,104.0,99.0,5.05050505050505,0.0508,0.045997380000000004,10.441072948067905,0.140613495573996,1100,alkem-laboratories,Mid Cap,Mar-2025
77293,6578.0,1,Muthoot Finance Ltd.,Finance,Finance,Domestic Equities,210.0,200.0,5.0,0.05,0.042656,17.216804201050262,0.138399109816926,1100,muthoot-finance,Mid Cap,Mar-2025
96004,7992.0,1,Jubilant FoodWorks Ltd.,FMCG,Fast Moving Consumer Goods,Domestic Equities,748.0,713.0,4.908835904628331,0.049699999999999994,0.04464093,11.332806014570028,0.137568715158024,1100,jubilant-foodworks,Mid Cap,Mar-2025
152374,6232.0,1,Bosch Ltd.,Automobile & Ancillaries,Automobile & Ancillaries,Domestic Equities,17.0,16.0,6.25,0.0482,0.0424704,13.490807715491263,0.133416741863516,1100,bosch,Large Cap,Mar-2025
191600,99819.0,1,FSN E-Commerce Ventures Ltd.,Retailing,Information Technology,Domestic Equities,2678.0,2545.0,5.225933202357564,0.048,0.040414599999999995,18.768959732373943,0.132863145424249,1100,fsn-e-commerce-ventures,Mid Cap,Mar-2025
133608,7612.0,1,Union Bank Of India,Bank,Banking,Domestic Equities,3798.0,3610.0,5.207756232686981,0.0479,0.0404681,18.364835512415958,0.132586347204615,1100,union-bank-of-india,Mid Cap,Mar-2025
139924,82380.0,1,Laurus Labs Ltd.,Healthcare,Healthcare,Domestic Equities,769.0,735.0,4.625850340136054,0.0472,0.0387492,21.808966378660717,0.130648759667178,1100,laurus-labs,Small Cap,Mar-2025
19275,7232.0,1,NMDC Ltd.,Mining,Mining,Domestic Equities,6793.0,6458.0,5.187364509135955,0.046799999999999994,0.040349584,15.98632590611095,0.129541566788642,1100,nmdc,Mid Cap,Mar-2025
19182,5589.0,1,Coromandel International Ltd.,Chemicals,Chemicals,Domestic Equities,232.0,219.0,5.93607305936073,0.046,0.036506205,26.00597624431243,0.127327181031571,1100,coromandel-international,Mid Cap,Mar-2025
133463,8505.0,1,Glenmark Pharmaceuticals Ltd.,Healthcare,Healthcare,Domestic Equities,295.0,281.0,4.98220640569395,0.0455,0.035938495,26.60519033977354,0.125943189933402,1100,glenmark-pharmaceuticals,Mid Cap,Mar-2025
26837,16127.0,1,Crompton Greaves Consumer Electricals Ltd.,Consumer Durables,Consumer Durables,Domestic Equities,1263.0,1204.0,4.900332225913622,0.0447,0.03866646,15.604066159663956,0.123728804176331,1100,crompton-greaves-consumer-electricals,Small Cap,Mar-2025
58145,71025.0,1,Indian Railway Finance Corporation Ltd.,Finance,Finance,Domestic Equities,3512.0,3339.0,5.181191973644804,0.0437,0.037537037999999995,16.418349258138065,0.120960821979993,1100,indian-railway-finance-corporation,Large Cap,Mar-2025
56674,5695.0,1,Supreme Industries Ltd.,Plastic Products,Plastic Products,Domestic Equities,127.0,120.0,5.833333333333333,0.0435,0.039948000000000004,8.891559026734743,0.120407225540725,1100,supreme-industries,Mid Cap,Mar-2025
171968,4931.0,1,Zydus Lifesciences Ltd.,Healthcare,Healthcare,Domestic Equities,490.0,467.0,4.925053533190578,0.0434,0.040937219999999996,6.0159922925885105,0.120130427321091,1100,zydus-lifesciences,Large Cap,Mar-2025
57620,82559.0,1,ICICI Prudential Life Insurance Company Ltd.,Insurance,Finance,Domestic Equities,768.0,729.0,5.349794238683128,0.0433,0.04021164,7.680263724632976,0.119853629101458,1100,icici-prudential-life-insurance-company,Large Cap,Mar-2025
133642,6320.0,1,Petronet LNG Ltd.,Inds. Gases & Fuels,Industrials Gases & Fuels,Domestic Equities,1473.0,1400.0,5.214285714285714,0.0432,0.039662,8.920377187232113,0.119576830881824,1100,petronet-lng,Mid Cap,Mar-2025
114652,92620.0,1,Indian Railway Catering And Tourism Corporation Ltd.,Hospitality,Hospitality,Domestic Equities,592.0,563.0,5.150976909413854,0.0431,0.037774485000000003,14.098180292861686,0.11930003266219,1100,indian-railway-catering-and-tourism-corporation,Mid Cap,Mar-2025
95265,83775.0,1,Central Depository Services (India) Ltd.,Business Services,Finance,Domestic Equities,350.0,332.0,5.421686746987952,0.042699999999999995,0.03678228,16.088507835838335,0.118192839783654,1100,central-depository-services-india,Small Cap,Mar-2025
123299,91366.0,1,KPIT Technologies Ltd.,IT,Information Technology,Domestic Equities,320.0,304.0,5.263157894736842,0.0418,0.03640096,14.832136295306483,0.11570165580695,1100,kpit-technologies,Mid Cap,Mar-2025
677,6026.0,1,Oil India Ltd.,Crude Oil,Crude Oil,Domestic Equities,1072.0,1019.0,5.20117762512267,0.0415,0.034921129999999995,18.839224274815866,0.114871261148048,1100,oil-india,Mid Cap,Mar-2025
352,7184.0,1,Ipca Laboratories Ltd.,Healthcare,Healthcare,Domestic Equities,273.0,253.0,7.905138339920949,0.040999999999999995,0.034290355,19.567149421462677,0.113487270049879,1100,ipca-laboratories,Mid Cap,Mar-2025
114606,112114.0,1,Hyundai Motor India Ltd.,Automobile & Ancillaries,Automobile & Ancillaries,Domestic Equities,238.0,,,0.0406,,,0.112380077171344,1100,hyundai-motor-india,Large Cap,Mar-2025
1427,98308.0,1,Sona BLW Precision Forgings Ltd.,Automobile & Ancillaries,Automobile & Ancillaries,Domestic Equities,881.0,837.0,5.256869772998805,0.0406,0.04133943,-1.7886797181286909,0.112380077171344,1100,sona-blw-precision-forgings,Mid Cap,Mar-2025
171336,8097.0,1,JK Cement Ltd.,Construction Materials,Construction Materials,Domestic Equities,82.0,78.0,5.128205128205128,0.0404,0.03423693,18.001234339644352,0.111826480732076,1100,jk-cement,Mid Cap,Mar-2025
79,7951.0,1,Balkrishna Industries Ltd.,Automobile & Ancillaries,Automobile & Ancillaries,Domestic Equities,157.0,150.0,4.666666666666667,0.0401,0.03923475,2.205315441031228,0.110996086073174,1100,balkrishna-industries,Mid Cap,Mar-2025
153260,8051.0,1,Prestige Estates Projects Ltd.,Realty,Realty,Domestic Equities,331.0,315.0,5.079365079365079,0.0392,0.035487899999999996,10.460185020809911,0.10850490209647,1100,prestige-estates-projects,Mid Cap,Mar-2025
152296,7356.0,1,Patanjali Foods Ltd.,FMCG,Fast Moving Consumer Goods,Domestic Equities,217.0,205.0,5.853658536585367,0.0392,0.036091275,8.613508389493026,0.10850490209647,1100,patanjali-foods,Mid Cap,Mar-2025
756,88308.0,1,Rail Vikas Nigam Ltd.,Infrastructure,Infrastructure,Domestic Equities,1115.0,1061.0,5.089538171536287,0.0392,0.03526764,11.150051435253392,0.10850490209647,1100,rail-vikas-nigam,Large Cap,Mar-2025
151967,5716.0,1,GE Vernova T&D India Ltd.,Capital Goods,Capital Goods,Domestic Equities,243.0,191.0,27.225130890052355,0.0379,0.025561530000000002,48.26968495234831,0.10490652524123,1100,ge-vernova-td-india,Mid Cap,Mar-2025
153691,5278.0,1,Oberoi Realty Ltd.,Realty,Realty,Domestic Equities,231.0,219.0,5.47945205479452,0.0378,0.03251055,16.269949293383217,0.104629727021596,1100,oberoi-realty,Mid Cap,Mar-2025
152608,7159.0,1,Indian Bank,Bank,Banking,Domestic Equities,694.0,660.0,5.151515151515151,0.037599999999999995,0.0337128,11.530338625091945,0.104076130582328,1100,indian-bank,Mid Cap,Mar-2025
75891,5355.0,1,Container Corporation Of India Ltd.,Logistics,Logistics,Domestic Equities,541.0,515.0,5.048543689320388,0.0374,0.03212055,16.43636239105496,0.10352253414306,1100,container-corporation-of-india,Mid Cap,Mar-2025
133623,8531.0,1,Radico Khaitan Ltd.,Alcohol,Alcohol,Domestic Equities,153.0,146.0,4.794520547945205,0.037200000000000004,0.03026653,22.908043968039948,0.102968937703793,1100,radico-khaitan,Small Cap,Mar-2025
133630,5815.0,1,Jindal Stainless Ltd.,Iron & Steel,Iron & Steel,Domestic Equities,637.0,609.0,4.597701149425287,0.037000000000000005,0.035617365,3.881912656930133,0.102415341264525,1100,jindal-stainless,Mid Cap,Mar-2025
171509,5522.0,1,Tata Communications Ltd.,Telecom,Telecom,Domestic Equities,230.0,219.0,5.0228310502283104,0.0363,0.029619749999999997,22.553363887271168,0.100477753727088,1100,tata-communications,Mid Cap,Mar-2025
171698,8307.0,1,Oracle Financial Services Software Ltd.,IT,Information Technology,Domestic Equities,46.0,44.0,4.545454545454546,0.0361,0.03416116,5.675568394047501,0.0999241572878202,1100,oracle-financial-services-software,Mid Cap,Mar-2025
152323,7533.0,1,Tata Elxsi Ltd.,IT,Information Technology,Domestic Equities,68.0,64.0,6.25,0.0355,0.03463104,2.5091940640535157,0.0982633679700171,1100,tata-elxsi,Mid Cap,Mar-2025
171444,98250.0,1,Kalyan Jewellers India Ltd.,Diamond  &  Jewellery,Diamond & Jewellery,Domestic Equities,754.0,716.0,5.307262569832402,0.0352,0.0330971,6.353728876548099,0.0974329733111156,1100,kalyan-jewellers-india,Mid Cap,Mar-2025
113892,8292.0,1,KEI Industries Ltd.,Electricals,Electricals,Domestic Equities,121.0,115.0,5.217391304347826,0.035,0.035306725000000004,-0.8687438441260157,0.0968793768718479,1100,kei-industries,Mid Cap,Mar-2025
57412,93539.0,1,Computer Age Management Services Ltd.,Business Services,Finance,Domestic Equities,94.0,89.0,5.617977528089887,0.035,0.027973590000000003,25.118013097353604,0.0968793768718479,1100,computer-age-management-services,Small Cap,Mar-2025
58155,95800.0,1,Life Insurance Corporation of India,Insurance,Finance,Domestic Equities,436.0,414.0,5.314009661835748,0.0349,0.0306567,13.841346263622645,0.096602578652214,1100,life-insurance-corporation-of-india,Large Cap,Mar-2025
152616,7532.0,1,Vodafone Idea Ltd.,Telecom,Telecom,Domestic Equities,50995.0,48516.0,5.109654546953582,0.0347,0.03662958,-5.267819068632509,0.0960489822129463,1100,vodafone-idea,Mid Cap,Mar-2025
171404,5514.0,1,Cholamandalam Financial Holdings Ltd.,Finance,Finance,Domestic Equities,194.0,183.0,6.0109289617486334,0.034,0.03004677,13.156921692414855,0.0941113946755094,1100,cholamandalam-financial-holdings,Small Cap,Mar-2025
152238,8313.0,1,MRF Ltd.,Automobile & Ancillaries,Automobile & Ancillaries,Domestic Equities,3.0,3.0,0.0,0.0338,0.03161211,6.921050192473696,0.0935577982362417,1100,mrf,Mid Cap,Mar-2025
152207,5372.0,1,LIC Housing Finance Ltd.,Finance,Finance,Domestic Equities,591.0,562.0,5.160142348754448,0.0333,0.027925779999999997,19.24465493891309,0.0921738071380724,1100,lic-housing-finance,Mid Cap,Mar-2025
133407,5997.0,1,Hindustan Zinc Ltd.,Non - Ferrous Metals,Non - Ferrous Metals,Domestic Equities,720.0,557.0,29.263913824057454,0.0333,0.021767560000000002,52.97993895503216,0.0921738071380724,1100,hindustan-zinc,Large Cap,Mar-2025
152519,8782.0,1,Mahindra & Mahindra Financial Services Ltd.,Finance,Finance,Domestic Equities,1163.0,1105.0,5.248868778280543,0.0329,0.029901300000000002,10.028660961229106,0.091066614259537,1100,mahindra-mahindra-financial-services,Mid Cap,Mar-2025
97125,90518.0,1,Adani Total Gas Ltd.,Gas Transmission,Gas Transmission,Domestic Equities,545.0,518.0,5.212355212355212,0.032799999999999996,0.02886037,13.650656592413743,0.0907898160399032,1100,adani-total-gas,Mid Cap,Mar-2025
133351,5368.0,1,Steel Authority Of India Ltd.,Iron & Steel,Iron & Steel,Domestic Equities,2841.0,2701.0,5.18326545723806,0.0327,0.028365902,15.279253238624324,0.0905130178202693,1100,steel-authority-of-india,Mid Cap,Mar-2025
543,5039.0,1,Karur Vysya Bank Ltd.,Bank,Banking,Domestic Equities,1545.0,1469.0,5.173587474472431,0.0323,0.029543059,9.331941556898354,0.0894058249417339,1100,karur-vysya-bank,Small Cap,Mar-2025
173672,92657.0,1,Gujarat Fluorochemicals Ltd.,Chemicals,Chemicals,Domestic Equities,80.0,76.0,5.263157894736842,0.0322,0.027244860000000003,18.187430583236615,0.0891290267221,1100,gujarat-fluorochemicals,Mid Cap,Mar-2025
171886,6139.0,1,Exide Industries Ltd.,Automobile & Ancillaries,Automobile & Ancillaries,Domestic Equities,894.0,850.0,5.176470588235294,0.0322,0.029563000000000002,8.919933700909922,0.0891290267221,1100,exide-industries,Mid Cap,Mar-2025
134830,88309.0,1,Mazagon Dock Shipbuilders Ltd.,Ship Building,Ship Building,Domestic Equities,120.0,114.0,5.263157894736842,0.0317,0.024293969999999998,30.485054521759935,0.0877450356239308,1100,mazagon-dock-shipbuilders,Mid Cap,Mar-2025
171434,4916.0,1,Astral Ltd.,Plastic Products,Plastic Products,Domestic Equities,242.0,231.0,4.761904761904762,0.0313,0.030890475,1.3257322847900508,0.0866378427453954,1100,astral,Mid Cap,Mar-2025
133439,5473.0,1,National Aluminium Company Ltd.,Non - Ferrous Metals,Non - Ferrous Metals,Domestic Equities,1762.0,1675.0,5.1940298507462686,0.030899999999999997,0.029748,3.8725292456635656,0.08553064986686,1100,national-aluminium-company,Mid Cap,Mar-2025
58504,98271.0,1,Krishna Institute of Medical Sciences Ltd,Healthcare,Healthcare,Domestic Equities,482.0,458.0,5.240174672489083,0.0308,0.02386409,29.064213217432556,0.0852538516472261,1100,krishna-institute-of-medical-sciences,Small Cap,Mar-2025
171840,6541.0,1,UNO Minda Ltd.,Automobile & Ancillaries,Automobile & Ancillaries,Domestic Equities,351.0,334.0,5.089820359281437,0.030699999999999998,0.02758506,11.292126970178774,0.0849770534275923,1100,uno-minda,Mid Cap,Mar-2025
152367,6359.0,1,Abbott India Ltd.,Healthcare,Healthcare,Domestic Equities,10.0,9.0,11.11111111111111,0.030699999999999998,0.027356085000000002,12.223660659045317,0.0849770534275923,1100,abbott-india,Mid Cap,Mar-2025
75659,6055.0,1,Lloyds Metals & Energy Ltd.,Iron & Steel,Iron & Steel,Domestic Equities,238.0,226.0,5.3097345132743365,0.030600000000000002,0.023076859999999998,32.60036244099068,0.0847002552079584,1100,lloyds-metals-energy,Mid Cap,Mar-2025
177212,94646.0,1,Hitachi Energy India Ltd.,Capital Goods,Capital Goods,Domestic Equities,24.0,19.0,26.31578947368421,0.0304,0.021440265,41.78929224988592,0.0841466587686907,1100,hitachi-energy-india,Mid Cap,Mar-2025
133643,6434.0,1,Biocon Ltd.,Healthcare,Healthcare,Domestic Equities,885.0,841.0,5.231866825208085,0.0302,0.025436044999999997,18.729149913046633,0.083593062329423,1100,biocon,Mid Cap,Mar-2025
135555,92715.0,1,360 One Wam Ltd.,Finance,Finance,Domestic Equities,315.0,363.0,-13.223140495867769,0.0297,0.03623829,-18.042490415524572,0.0822090712312538,1100,360-one-wam,Mid Cap,Mar-2025
96732,87407.0,1,Amber Enterprises India Ltd.,Consumer Durables,Consumer Durables,Domestic Equities,40.0,35.0,14.285714285714285,0.0288,0.019700275,46.19085266576227,0.0797178872545491,1100,amber-enterprises-india,Small Cap,Mar-2025
178941,94376.0,1,Cohance Lifesciences Ltd.,Healthcare,Healthcare,Domestic Equities,249.0,237.0,5.063291139240507,0.0287,0.02878839,-0.30703349509993577,0.0794410890349153,1100,cohance-lifesciences,Small Cap,Mar-2025
133627,5088.0,1,Navin Fluorine International Ltd.,Chemicals,Chemicals,Domestic Equities,68.0,65.0,4.615384615384616,0.0286,0.024454625,16.9512924446807,0.0791642908152814,1100,navin-fluorine-international,Small Cap,Mar-2025
47051,90577.0,1,Dalmia Bharat Ltd.,Construction Materials,Construction Materials,Domestic Equities,156.0,149.0,4.697986577181208,0.028399999999999998,0.025175785,12.806810194796306,0.0786106943760137,1100,dalmia-bharat,Mid Cap,Mar-2025
152599,8349.0,1,Redington Ltd.,Trading,Trading,Domestic Equities,1168.0,1111.0,5.1305130513051305,0.028399999999999998,0.024921951999999997,13.955760768658893,0.0786106943760137,1100,redington,Small Cap,Mar-2025
171333,7587.0,1,United Breweries Ltd.,Alcohol,Alcohol,Domestic Equities,141.0,140.0,0.7142857142857143,0.0282,0.027246100000000002,3.5010515266404965,0.078057097936746,1100,united-breweries,Mid Cap,Mar-2025
133635,5732.0,1,Indraprastha Gas Ltd.,Gas Transmission,Gas Transmission,Domestic Equities,1378.0,1310.0,5.190839694656488,0.027999999999999997,0.024821879999999998,12.803703829041153,0.0775035014974783,1100,indraprastha-gas,Mid Cap,Mar-2025
171433,6783.0,1,Berger Paints India Ltd.,Chemicals,Chemicals,Domestic Equities,559.0,532.0,5.075187969924812,0.027999999999999997,0.025990859999999998,7.730178993692401,0.0775035014974783,1100,berger-paints-india,Mid Cap,Mar-2025
152325,5528.0,1,Thermax Ltd.,Capital Goods,Capital Goods,Domestic Equities,76.0,72.0,5.555555555555555,0.0278,0.0233892,18.858276469481638,0.0769499050582106,1100,thermax,Mid Cap,Mar-2025
58272,82478.0,1,PNB Housing Finance Ltd.,Finance,Finance,Domestic Equities,314.0,253.0,24.110671936758894,0.0277,0.019312755,43.42852689841507,0.0766731068385768,1100,pnb-housing-finance,Small Cap,Mar-2025
201928,105635.0,1,Piramal Pharma Ltd.,Healthcare,Healthcare,Domestic Equities,1212.0,1151.0,5.299739357080799,0.027200000000000002,0.021856339,24.449021402898268,0.0752891157404075,1100,piramal-pharma,Small Cap,Mar-2025
171565,6678.0,1,Apollo Tyres Ltd.,Automobile & Ancillaries,Automobile & Ancillaries,Domestic Equities,633.0,621.0,1.932367149758454,0.027000000000000003,0.023244030000000002,16.1588588553706,0.0747355193011398,1100,apollo-tyres,Small Cap,Mar-2025
19805,15724.0,1,Syngene International Ltd.,Business Services,Healthcare,Domestic Equities,371.0,337.0,10.089020771513352,0.0269,0.02198588,22.351254532454465,0.0744587210815059,1100,syngene-international,Mid Cap,Mar-2025
19183,6082.0,1,Deepak Nitrite Ltd.,Chemicals,Chemicals,Domestic Equities,135.0,128.0,5.46875,0.0268,0.02369664,13.096202668395179,0.0741819228618721,1100,deepak-nitrite,Mid Cap,Mar-2025
19098,6973.0,1,Schaeffler India Ltd.,Automobile & Ancillaries,Automobile & Ancillaries,Domestic Equities,79.0,75.0,5.333333333333334,0.026699999999999998,0.022959375,16.29236423029808,0.0739051246422382,1100,schaeffler-india,Mid Cap,Mar-2025
152397,5267.0,1,Tata Chemicals Ltd.,Chemicals,Chemicals,Domestic Equities,307.0,292.0,5.136986301369863,0.026600000000000002,0.02269862,17.1877409287437,0.0736283264226044,1100,tata-chemicals,Small Cap,Mar-2025
26622,79332.0,1,Five-Star Business Finance Ltd.,Finance,Finance,Domestic Equities,366.0,348.0,5.172413793103448,0.0265,0.0265002,-0.0007547112852027918,0.0733515282029705,1100,five-star-business-finance,Small Cap,Mar-2025
617,7969.0,1,Brigade Enterprises Ltd.,Realty,Realty,Domestic Equities,271.0,258.0,5.038759689922481,0.0265,0.02443389,8.45591921712016,0.0733515282029705,1100,brigade-enterprises,Small Cap,Mar-2025
38741,90008.0,1,Angel One Ltd.,Finance,Finance,Domestic Equities,114.0,108.0,5.555555555555555,0.0264,0.02342682,12.691351194912507,0.0730747299833367,1100,angel-one,Small Cap,Mar-2025
58595,86782.0,1,Indian Energy Exchange Ltd.,Power,Power,Domestic Equities,1489.0,1416.0,5.155367231638418,0.0262,0.022079688,18.66109702274778,0.072521133544069,1100,indian-energy-exchange,Small Cap,Mar-2025
79346,86555.0,1,Aditya Birla Capital Ltd.,Finance,Finance,Domestic Equities,1401.0,1330.0,5.338345864661654,0.0259,0.02079189,24.56780023364879,0.0716907388851674,1100,aditya-birla-capital,Mid Cap,Mar-2025
96614,6762.0,1,PG Electroplast Ltd.,Consumer Durables,Consumer Durables,Domestic Equities,281.0,266.0,5.639097744360902,0.0258,0.02114168,22.033821342485567,0.0714139406655336,1100,pg-electroplast,Small Cap,Mar-2025
152079,6815.0,1,Linde India Ltd.,Inds. Gases & Fuels,Industrials Gases & Fuels,Domestic Equities,41.0,39.0,5.128205128205128,0.025699999999999997,0.023115495,11.180833462575642,0.0711371424458997,1100,linde-india,Mid Cap,Mar-2025
46521,101004.0,1,Delhivery Ltd.,Logistics,Logistics,Domestic Equities,1008.0,952.0,5.88235294117647,0.025699999999999997,0.02378572,8.04802209056525,0.0711371424458997,1100,delhivery,Small Cap,Mar-2025
152324,4941.0,1,ACC Ltd.,Construction Materials,Construction Materials,Domestic Equities,132.0,127.0,3.937007874015748,0.0256,0.023095585000000002,10.84369588386698,0.0708603442262659,1100,acc,Mid Cap,Mar-2025
57541,86814.0,1,General Insurance Corporation of India,Insurance,Finance,Domestic Equities,607.0,577.0,5.1993067590987865,0.0256,0.02128553,20.269497635247976,0.0708603442262659,1100,general-insurance-corporation-of-india,Mid Cap,Mar-2025
114414,5238.0,1,Bank Of India,Bank,Banking,Domestic Equities,2388.0,2270.0,5.1982378854625555,0.0256,0.02160132,18.511276162753024,0.0708603442262659,1100,bank-of-india,Mid Cap,Mar-2025
152486,5772.0,1,AIA Engineering Ltd.,Automobile & Ancillaries,Automobile & Ancillaries,Domestic Equities,76.0,72.0,5.555555555555555,0.0255,0.022616999999999998,12.747048680196313,0.070583546006632,1100,aia-engineering,Mid Cap,Mar-2025
153885,104233.0,1,Kaynes Technology India Ltd.,Electricals,Electricals,Domestic Equities,53.0,50.0,6.0,0.0252,0.02072075,21.61721945392904,0.0697531513477305,1100,kaynes-technology-india,Mid Cap,Mar-2025
75798,7006.0,1,Manappuram Finance Ltd.,Finance,Finance,Domestic Equities,1078.0,1025.0,5.170731707317073,0.025099999999999997,0.0205984,21.854124592201334,0.0694763531280966,1100,manappuram-finance,Small Cap,Mar-2025
97743,96921.0,1,Gland Pharma Ltd.,Healthcare,Healthcare,Domestic Equities,156.0,148.0,5.405405405405405,0.0248,0.022981440000000002,7.913168191375291,0.0686459584691951,1100,gland-pharma,Small Cap,Mar-2025
44430,82482.0,1,L&T Technology Services Ltd.,IT,Information Technology,Domestic Equities,54.0,51.0,5.88235294117647,0.024300000000000002,0.023119320000000002,5.106897607715108,0.0672619673710258,1100,lt-technology-services,Mid Cap,Mar-2025
1704,6920.0,1,L&T Finance Ltd.,Finance,Finance,Domestic Equities,1577.0,1504.0,4.853723404255319,0.0242,0.020263391999999998,19.42719165675718,0.066985169151392,1100,lt-finance,Mid Cap,Mar-2025
133275,8322.0,1,Amara Raja Energy & Mobility Ltd.,Automobile & Ancillaries,Automobile & Ancillaries,Domestic Equities,240.0,228.0,5.263157894736842,0.0241,0.02232462,7.952565374013094,0.0667083709317581,1100,amara-raja-energy-mobility,Small Cap,Mar-2025
83342,79963.0,1,Bandhan Bank Ltd.,Bank,Banking,Domestic Equities,1632.0,1554.0,5.019305019305019,0.0239,0.021940926,8.928857423793339,0.0661547744924904,1100,bandhan-bank,Small Cap,Mar-2025
95549,7450.0,1,Aditya Birla Fashion and Retail Ltd.,Retailing,Retailing,Domestic Equities,922.0,796.0,15.829145728643216,0.0236,0.01927514,22.437502399463764,0.0653243798335889,1100,aditya-birla-fashion-and-retail,Mid Cap,Mar-2025
636,7344.0,1,Reliance Power Ltd.,Power,Power,Domestic Equities,5480.0,,,0.0236,,,0.0653243798335889,1100,reliance-power,Small Cap,Mar-2025
134823,84770.0,1,Cochin Shipyard Ltd.,Ship Building,Ship Building,Domestic Equities,166.0,158.0,5.063291139240507,0.023399999999999997,0.02004309,16.748465431228404,0.0647707833943212,1100,cochin-shipyard,Mid Cap,Mar-2025
198435,104143.0,1,KFin Technologies Ltd.,Business Services,Finance,Domestic Equities,227.0,215.0,5.5813953488372094,0.023399999999999997,0.018718975,25.006844658962358,0.0647707833943212,1100,kfin-technologies,Small Cap,Mar-2025
139601,89162.0,1,Aavas Financiers Ltd.,Finance,Finance,Domestic Equities,112.0,106.0,5.660377358490567,0.0233,0.01786683,30.40925558702915,0.0644939851746873,1100,aavas-financiers,Small Cap,Mar-2025
152386,5556.0,1,Glaxosmithkline Pharmaceuticals Ltd.,Healthcare,Healthcare,Domestic Equities,81.0,77.0,5.194805194805195,0.0233,0.019060195,22.244289735755594,0.0644939851746873,1100,glaxosmithkline-pharmaceuticals,Mid Cap,Mar-2025
57781,87827.0,1,Bharat Dynamics Ltd.,Capital Goods,Capital Goods,Domestic Equities,181.0,172.0,5.232558139534884,0.0232,0.01677688,38.285545345737695,0.0642171869550534,1100,bharat-dynamics,Mid Cap,Mar-2025
171470,5477.0,1,Piramal Enterprises Ltd.,Finance,Finance,Domestic Equities,235.0,223.0,5.381165919282512,0.0232,0.01945452,19.252492479896695,0.0642171869550534,1100,piramal-enterprises,Small Cap,Mar-2025
133466,5090.0,1,Wockhardt Ltd.,Healthcare,Healthcare,Domestic Equities,162.0,154.0,5.194805194805195,0.0231,0.0177947,29.813933362180865,0.0639403887354196,1100,wockhardt,Small Cap,Mar-2025
37877,7189.0,1,JB Chemicals & Pharmaceuticals Ltd.,Healthcare,Healthcare,Domestic Equities,140.0,133.0,5.263157894736842,0.0227,0.021869855,3.795841353314871,0.0628331958568842,1100,jb-chemicals-pharmaceuticals,Small Cap,Mar-2025
171646,5397.0,1,Carborundum Universal Ltd.,Abrasives,Abrasives,Domestic Equities,223.0,208.0,7.211538461538461,0.0226,0.01729832,30.648525405935356,0.0625563976372503,1100,carborundum-universal,Small Cap,Mar-2025
96304,15914.0,1,Narayana Hrudayalaya Ltd.,Healthcare,Healthcare,Domestic Equities,133.0,126.0,5.555555555555555,0.0225,0.0182007,23.62161894872175,0.0622795994176165,1100,narayana-hrudayalaya,Small Cap,Mar-2025
116180,112103.0,1,Bajaj Housing Finance Ltd.,Finance,Finance,Domestic Equities,1828.0,,,0.0225,,,0.0622795994176165,1100,bajaj-housing-finance,Large Cap,Mar-2025
171948,7104.0,1,Emami Ltd.,FMCG,Fast Moving Consumer Goods,Domestic Equities,387.0,368.0,5.163043478260869,0.022400000000000003,0.01950216,14.85907202074028,0.0620028011979827,1100,emami,Small Cap,Mar-2025
114411,5677.0,1,Welspun Corp Ltd.,Iron & Steel,Iron & Steel,Domestic Equities,256.0,244.0,4.918032786885246,0.0223,0.01798036,24.024213085833658,0.0617260029783488,1100,welspun-corp,Small Cap,Mar-2025
114451,6891.0,1,City Union Bank Ltd.,Bank,Banking,Domestic Equities,1416.0,1347.0,5.122494432071269,0.0223,0.01990866,12.011556779813406,0.0617260029783488,1100,city-union-bank,Small Cap,Mar-2025
171752,6261.0,1,The Ramco Cements Ltd.,Construction Materials,Construction Materials,Domestic Equities,247.0,237.0,4.219409282700422,0.022099999999999998,0.0196473,12.483649152809793,0.0611724065390811,1100,the-ramco-cements,Small Cap,Mar-2025
171520,5812.0,1,Kalpataru Projects International Ltd.,Infrastructure,Infrastructure,Domestic Equities,223.0,212.0,5.188679245283019,0.0217,0.018637980000000002,16.428926310683874,0.0600652136605457,1100,kalpataru-projects-international,Small Cap,Mar-2025
76174,111823.0,1,Bharti Hexacom Ltd.,Telecom,Telecom,Domestic Equities,147.0,140.0,5.0,0.0215,0.0182616,17.733385902659126,0.059511617221278,1100,bharti-hexacom,Mid Cap,Mar-2025
133495,5019.0,1,Ajanta Pharma Ltd.,Healthcare,Healthcare,Domestic Equities,82.0,78.0,5.128205128205128,0.0215,0.01939041,10.879553346215985,0.059511617221278,1100,ajanta-pharma,Mid Cap,Mar-2025
77309,15532.0,1,Inox Wind Ltd.,Capital Goods,Capital Goods,Domestic Equities,1319.0,1241.0,6.285253827558421,0.0215,0.018638579,15.352141383739607,0.059511617221278,1100,inox-wind,Small Cap,Mar-2025
20865,87606.0,1,Aster DM Healthcare Ltd.,Healthcare,Healthcare,Domestic Equities,442.0,409.0,8.06845965770171,0.021400000000000002,0.016480655,29.849208056354566,0.0592348190016441,1100,aster-dm-healthcare,Small Cap,Mar-2025
114654,92672.0,1,Indian Renewable Energy Development Agency Ltd.,Finance,Finance,Domestic Equities,1324.0,1259.0,5.162827640984909,0.0213,0.019642918,8.43602768183423,0.0589580207820103,1100,indian-renewable-energy-development-agency,Mid Cap,Mar-2025
171771,7580.0,1,Firstsource Solutions Ltd.,IT,Information Technology,Domestic Equities,621.0,590.0,5.2542372881355925,0.021099999999999997,0.020413999999999998,3.3604389144704614,0.0584044243427426,1100,firstsource-solutions,Small Cap,Mar-2025
152370,5063.0,1,Escorts Kubota Ltd.,Automobile & Ancillaries,Automobile & Ancillaries,Domestic Equities,65.0,62.0,4.838709677419355,0.021099999999999997,0.01778749,18.62269493897115,0.0584044243427426,1100,escorts-kubota,Mid Cap,Mar-2025
114433,5462.0,1,Cyient Ltd.,IT,Information Technology,Domestic Equities,166.0,158.0,5.063291139240507,0.021,0.02002097,4.890022811082584,0.0581276261231087,1100,cyient,Small Cap,Mar-2025
152206,6006.0,1,LMW Ltd.,Textile,Textile,Domestic Equities,13.0,12.0,8.333333333333332,0.0208,0.01639326,26.88141345894593,0.057574029683841,1100,lmw,Small Cap,Mar-2025
171580,109023.0,1,Tata Technologies Ltd.,IT,Information Technology,Domestic Equities,303.0,288.0,5.208333333333334,0.0206,0.0193464,6.479758508042847,0.0570204332445733,1100,tata-technologies,Mid Cap,Mar-2025
171802,6070.0,1,Elgi Equipments Ltd.,Capital Goods,Capital Goods,Domestic Equities,424.0,403.0,5.2109181141439205,0.0204,0.01725243,18.244212554405376,0.0564668368053056,1100,elgi-equipments,Small Cap,Mar-2025
787,70906.0,1,RBL Bank Ltd.,Bank,Banking,Domestic Equities,1165.0,1112.0,4.766187050359712,0.0202,0.017607408,14.724438713523307,0.0559132403660379,1100,rbl-bank,Small Cap,Mar-2025
152513,6479.0,1,KEC International Ltd.,Infrastructure,Infrastructure,Domestic Equities,255.0,242.0,5.371900826446281,0.02,0.01661209,20.394242988088802,0.0553596439267702,1100,kec-international,Small Cap,Mar-2025
171359,5112.0,1,Aditya Birla Real Estate Ltd.,Diversified,Paper,Domestic Equities,102.0,97.0,5.154639175257731,0.02,0.01807207,10.668008700718843,0.0553596439267702,1100,aditya-birla-real-estate,Small Cap,Mar-2025
154545,89466.0,1,Affle 3i Ltd.,IT,Information Technology,Domestic Equities,124.0,117.0,5.982905982905983,0.0199,0.016382925,21.46793078769512,0.0550828457071364,1100,affle-3i,Small Cap,Mar-2025
171697,5757.0,1,Aegis Logistics Ltd.,Logistics,Logistics,Domestic Equities,246.0,234.0,5.128205128205128,0.019799999999999998,0.017788679999999998,11.306741140995289,0.0548060474875025,1100,aegis-logistics,Small Cap,Mar-2025
797,86851.0,1,Nippon Life India Asset Management Ltd.,Finance,Finance,Domestic Equities,343.0,325.0,5.538461538461538,0.019799999999999998,0.01668225,18.689025760913538,0.0548060474875025,1100,nippon-life-india-asset-management,Mid Cap,Mar-2025
171405,6966.0,1,Poonawalla Fincorp Ltd.,Finance,Finance,Domestic Equities,566.0,545.0,3.853211009174312,0.019799999999999998,0.01533085,29.151351686305716,0.0548060474875025,1100,poonawalla-fincorp,Small Cap,Mar-2025
115032,83788.0,1,Housing & Urban Development Corporation Ltd.,Finance,Finance,Domestic Equities,986.0,937.0,5.229455709711846,0.0197,0.015473618,27.313469933146855,0.0545292492678687,1100,housing-urban-development-corporation,Mid Cap,Mar-2025
133333,4917.0,1,CRISIL Ltd.,Ratings,Ratings,Domestic Equities,47.0,45.0,4.444444444444445,0.0196,0.0197478,-0.7484378006664042,0.0542524510482348,1100,crisil,Mid Cap,Mar-2025
133403,4970.0,1,Himadri Speciality Chemical Ltd.,Chemicals,Chemicals,Domestic Equities,459.0,444.0,3.3783783783783785,0.0195,0.018126299999999998,7.57849092203042,0.053975652828601,1100,himadri-speciality-chemical,Small Cap,Mar-2025
102429,100653.0,1,Global Health Ltd.,Healthcare,Healthcare,Domestic Equities,163.0,155.0,5.161290322580645,0.0195,0.017819575,9.430219295353558,0.053975652828601,1100,global-health,Small Cap,Mar-2025
133170,6243.0,1,Timken India Ltd.,Automobile & Ancillaries,Automobile & Ancillaries,Domestic Equities,70.0,67.0,4.477611940298507,0.019299999999999998,0.01657714,16.42539062829897,0.0534220563893333,1100,timken-india,Small Cap,Mar-2025
152407,5597.0,1,Castrol India Ltd.,Automobile & Ancillaries,Automobile & Ancillaries,Domestic Equities,951.0,904.0,5.199115044247788,0.019299999999999998,0.019221752,0.407080478407996,0.0534220563893333,1100,castrol-india,Small Cap,Mar-2025
371,7979.0,1,Neuland Laboratories Ltd.,Healthcare,Healthcare,Domestic Equities,16.0,16.0,0.0,0.019299999999999998,0.0169776,13.679200829328057,0.0534220563893333,1100,neuland-laboratories,Small Cap,Mar-2025
133327,6870.0,1,CESC Ltd.,Power,Power,Domestic Equities,1239.0,1178.0,5.178268251273345,0.0191,0.015407062000000001,23.969125327074032,0.0528684599500656,1100,cesc,Small Cap,Mar-2025
152503,5921.0,1,Gujarat State Petronet Ltd.,Gas Transmission,Gas Transmission,Domestic Equities,654.0,538.0,21.561338289962826,0.0191,0.01464705,30.40168498093473,0.0528684599500656,1100,gujarat-state-petronet,Small Cap,Mar-2025
133287,5307.0,1,Atul Ltd.,Chemicals,Chemicals,Domestic Equities,31.0,29.0,6.896551724137931,0.019,0.015397115,23.399740795597097,0.0525916617304317,1100,atul,Small Cap,Mar-2025
133328,5242.0,1,Chambal Fertilisers and Chemicals Ltd.,Chemicals,Chemicals,Domestic Equities,299.0,285.0,4.912280701754386,0.0187,0.01521045,22.941793306575423,0.0517612670715302,1100,chambal-fertilisers-and-chemicals,Small Cap,Mar-2025
133445,6416.0,1,Apar Industries Ltd.,Capital Goods,Capital Goods,Domestic Equities,33.0,31.0,6.451612903225806,0.0183,0.01797194,1.8254011531309429,0.0506540741929948,1100,apar-industries,Mid Cap,Mar-2025
171576,15890.0,1,Dr. Lal Pathlabs Ltd.,Healthcare,Healthcare,Domestic Equities,73.0,69.0,5.797101449275362,0.0181,0.015942104999999998,13.535822276920149,0.050100477753727,1100,dr-lal-pathlabs,Small Cap,Mar-2025
152380,4958.0,1,The Great Eastern Shipping Company Ltd.,Logistics,Logistics,Domestic Equities,194.0,185.0,4.864864864864865,0.0181,0.01499795,20.683160031871026,0.050100477753727,1100,the-great-eastern-shipping-company,Small Cap,Mar-2025
171485,6291.0,1,Motilal Oswal Financial Services Ltd.,Finance,Finance,Domestic Equities,292.0,275.0,6.181818181818182,0.018000000000000002,0.01618375,11.222677068046663,0.0498236795340932,1100,motilal-oswal-financial-services,Mid Cap,Mar-2025
509,8487.0,1,K.P.R. Mill Ltd.,Textile,Textile,Domestic Equities,197.0,187.0,5.347593582887701,0.0179,0.01498992,19.413579258595103,0.0495468813144593,1100,kpr-mill,Small Cap,Mar-2025
19065,5958.0,1,Zee Entertainment Enterprises Ltd.,Media & Entertainment,Media & Entertainment,Domestic Equities,1814.0,1727.0,5.037637521713955,0.0178,0.016076642999999998,10.71963220182224,0.0492700830948255,1100,zee-entertainment-enterprises,Small Cap,Mar-2025
171371,111171.0,1,Jyoti CNC Automation Ltd.,Capital Goods,Capital Goods,Domestic Equities,167.0,159.0,5.031446540880504,0.0177,0.012698535,39.386157537070225,0.0489932848751916,1100,jyoti-cnc-automation,Small Cap,Mar-2025
95396,111416.0,1,Nuvama Wealth Management Ltd.,Finance,Finance,Domestic Equities,29.0,22.0,31.818181818181817,0.0176,0.0118811,48.13443199703731,0.0487164866555578,1100,nuvama-wealth-management,Small Cap,Mar-2025
133386,8742.0,1,Godfrey Phillips India Ltd.,FMCG,Fast Moving Consumer Goods,Domestic Equities,26.0,25.0,4.0,0.0176,0.0129735,35.66115543222723,0.0487164866555578,1100,godfrey-phillips-india,Small Cap,Mar-2025
645,8087.0,1,IRB Infrastructure Developers Ltd.,Infrastructure,Infrastructure,Domestic Equities,3899.0,3707.0,5.17939034259509,0.0176,0.016036482,9.749756835695006,0.0487164866555578,1100,irb-infrastructure-developers,Mid Cap,Mar-2025
84908,112552.0,1,Swiggy Ltd.,Retailing,Information Technology,Domestic Equities,528.0,,,0.0174,,,0.0481628902162901,1100,swiggy,Large Cap,Mar-2025
196533,104025.0,1,Motherson Sumi Wiring India Ltd.,Iron & Steel,Iron & Steel,Domestic Equities,3333.0,3168.0,5.208333333333334,0.0174,0.014889600000000001,16.86009026434558,0.0481628902162901,1100,motherson-sumi-wiring-india,Small Cap,Mar-2025
152363,7424.0,1,SKF India Ltd.,Automobile & Ancillaries,Automobile & Ancillaries,Domestic Equities,45.0,43.0,4.651162790697675,0.0173,0.01586829,9.022459256794521,0.0478860919966562,1100,skf-india,Small Cap,Mar-2025
78882,109773.0,1,JSW Infrastructure Ltd.,Logistics,Logistics,Domestic Equities,533.0,505.0,5.544554455445545,0.017,0.012864875,32.142753038797494,0.0470556973377547,1100,jsw-infrastructure,Mid Cap,Mar-2025
19510,6302.0,1,ZF Commercial Vehicle Control Systems India Ltd.,Automobile & Ancillaries,Automobile & Ancillaries,Domestic Equities,13.0,11.0,18.181818181818183,0.0169,0.01203609,40.41104710915256,0.0467788991181208,1100,zf-commercial-vehicle-control-systems-india,Small Cap,Mar-2025
152241,8254.0,1,NCC Ltd.,Infrastructure,Infrastructure,Domestic Equities,804.0,763.0,5.373525557011796,0.0168,0.0133525,25.819134993446912,0.046502100898487,1100,ncc,Small Cap,Mar-2025
95205,5743.0,1,Poly Medicure Ltd.,Healthcare,Healthcare,Domestic Equities,75.0,71.0,5.633802816901409,0.0168,0.014452050000000001,16.24648406281461,0.046502100898487,1100,poly-medicure,Small Cap,Mar-2025
57345,99844.0,1,AWL Agri Business Ltd.,FMCG,Fast Moving Consumer Goods,Domestic Equities,648.0,295.0,119.66101694915254,0.0167,0.007261425,129.98240703443193,0.0462253026788531,1100,awl-agri-business,Mid Cap,Mar-2025
152719,5290.0,1,NBCC (India) Ltd.,Realty,Realty,Domestic Equities,2035.0,1934.0,5.222337125129266,0.0167,0.014091124,18.514321497703094,0.0462253026788531,1100,nbcc-india,Small Cap,Mar-2025
98869,15650.0,1,PTC Industries Ltd.,Automobile & Ancillaries,Automobile & Ancillaries,Domestic Equities,11.0,9.0,22.22222222222222,0.016399999999999998,0.009184320000000001,78.56520678721995,0.0453949080199516,1100,ptc-industries,Small Cap,Mar-2025
20668,5513.0,1,Sammaan Capital Ltd.,Finance,Finance,Domestic Equities,1522.0,1445.0,5.328719723183391,0.0163,0.0159528,2.176420440298873,0.0451181098003177,1100,sammaan-capital,Small Cap,Mar-2025
152449,8099.0,1,JSW Holdings Ltd.,Finance,Finance,Domestic Equities,7.0,,,0.0161,,,0.04456451336105,1100,jsw-holdings,Small Cap,Mar-2025
58178,99657.0,1,Star Health and Allied Insurance Company Ltd.,Insurance,Finance,Domestic Equities,443.0,411.0,7.785888077858881,0.0158,0.01542483,2.4322472273600435,0.0437341187021485,1100,star-health-and-allied-insurance-company,Small Cap,Mar-2025
171535,5421.0,1,E.I.D. - Parry (India) Ltd.,Agri,Agriculture,Domestic Equities,201.0,189.0,6.349206349206349,0.0158,0.01255149,25.881469052678206,0.0437341187021485,1100,eid-parry-india,Small Cap,Mar-2025
13,7543.0,1,Tata Investment Corporation Ltd.,Finance,Finance,Domestic Equities,25.0,24.0,4.166666666666666,0.0158,0.01455708,8.53825080304567,0.0437341187021485,1100,tata-investment-corporation,Mid Cap,Mar-2025
171687,7000.0,1,Zensar Technologies Ltd.,IT,Information Technology,Domestic Equities,225.0,213.0,5.633802816901409,0.0158,0.015728985,0.45149130729033654,0.0437341187021485,1100,zensar-technologies,Small Cap,Mar-2025
171810,7890.0,1,Aarti Industries Ltd.,Chemicals,Chemicals,Domestic Equities,402.0,380.0,5.7894736842105265,0.015700000000000002,0.014288,9.88241881298992,0.0434573204825146,1100,aarti-industries,Small Cap,Mar-2025
171853,7249.0,1,NLC India Ltd.,Power,Power,Domestic Equities,641.0,609.0,5.254515599343185,0.015700000000000002,0.012608736,24.516842925412984,0.0434573204825146,1100,nlc-india,Mid Cap,Mar-2025
133647,6517.0,1,Ramkrishna Forgings Ltd.,Automobile & Ancillaries,Automobile & Ancillaries,Domestic Equities,202.0,192.0,5.208333333333334,0.015600000000000001,0.012441599999999999,25.385802469135815,0.0431805222628808,1100,ramkrishna-forgings,Small Cap,Mar-2025
133850,17036.0,1,Mahanagar Gas Ltd.,Gas Transmission,Gas Transmission,Domestic Equities,111.0,106.0,4.716981132075472,0.0154,0.013117499999999999,17.400419287211747,0.0426269258236131,1100,mahanagar-gas,Small Cap,Mar-2025
222979,112566.0,1,Vishal Mega Mart Ltd.,Retailing,Retailing,Domestic Equities,1468.0,,,0.015300000000000001,,,0.0423501276039792,1100,vishal-mega-mart,Mid Cap,Mar-2025
533,7363.0,1,Religare Enterprises Ltd.,Finance,Finance,Domestic Equities,646.0,612.0,5.555555555555555,0.0152,0.013755311999999999,10.50276431388834,0.0420733293843454,1100,religare-enterprises,Small Cap,Mar-2025
171884,5613.0,1,Bata India Ltd.,FMCG,Retailing,Domestic Equities,125.0,119.0,5.042016806722689,0.0152,0.01453109,4.603302298726388,0.0420733293843454,1100,bata-india,Small Cap,Mar-2025
96608,84153.0,1,Eris Lifesciences Ltd.,Healthcare,Healthcare,Domestic Equities,106.0,97.0,9.278350515463918,0.015,0.01147316,30.73991820910717,0.0415197329450777,1100,eris-lifesciences,Small Cap,Mar-2025
152626,5172.0,1,Embassy Developments Ltd.,Realty,Realty,Domestic Equities,1293.0,890.0,45.28089887640449,0.015,0.01022521,46.69625367107375,0.0415197329450777,1100,embassy-developments,Small Cap,Mar-2025
152444,7037.0,1,IIFL Finance Ltd.,Finance,Finance,Domestic Equities,455.0,432.0,5.324074074074074,0.0149,0.013042080000000001,14.245580459558592,0.0412429347254438,1100,iifl-finance,Small Cap,Mar-2025
75715,7731.0,1,Nava Ltd.,Power,Power,Domestic Equities,288.0,274.0,5.109489051094891,0.0149,0.010902460000000001,36.666403729066644,0.0412429347254438,1100,nava,Small Cap,Mar-2025
222201,112407.0,1,NTPC Green Energy Ltd.,Power,Power,Domestic Equities,1464.0,,,0.0147,,,0.0406893382861761,1100,ntpc-green-energy,Large Cap,Mar-2025
19203,7298.0,1,PCBL Chemical Ltd.,Chemicals,Chemicals,Domestic Equities,345.0,328.0,5.182926829268292,0.0146,0.0117424,24.335740564109553,0.0404125400665423,1100,pcbl-chemical,Small Cap,Mar-2025
152383,6925.0,1,Deepak Fertilisers And Petrochemicals Corporation Ltd.,Chemicals,Chemicals,Domestic Equities,131.0,125.0,4.8,0.0146,0.011914375,22.5410481036563,0.0404125400665423,1100,deepak-fertilisers-and-petrochemicals-corporation,Small Cap,Mar-2025
152311,5037.0,1,Reliance Infrastructure Ltd.,Power,Power,Domestic Equities,562.0,527.0,6.641366223908918,0.014499999999999999,0.011169765,29.81472752560147,0.0401357418469084,1100,reliance-infrastructure,Small Cap,Mar-2025
152064,6806.0,1,3M India Ltd.,Diversified,Diversified,Domestic Equities,5.0,5.0,0.0,0.0144,0.01314865,9.516946606685858,0.0398589436272746,1100,3m-india,Mid Cap,Mar-2025
133402,7102.0,1,HFCL Ltd.,Telecom,Telecom,Domestic Equities,1817.0,1714.0,6.0093348891481915,0.0144,0.013573166000000001,6.091681189193431,0.0398589436272746,1100,hfcl,Small Cap,Mar-2025
136865,15654.0,1,Authum Investment & Infrastructure Ltd.,Finance,Finance,Domestic Equities,83.0,,,0.0144,,,0.0398589436272746,1100,authum-investment-infrastructure,Small Cap,Mar-2025
133645,6755.0,1,Bank Of Maharashtra,Bank,Banking,Domestic Equities,3092.0,2939.0,5.205852330724737,0.0143,0.013639899,4.839485981531092,0.0395821454076407,1100,bank-of-maharashtra,Mid Cap,Mar-2025
171807,7041.0,1,Hindustan Copper Ltd.,Non - Ferrous Metals,Non - Ferrous Metals,Domestic Equities,645.0,613.0,5.220228384991843,0.014199999999999999,0.012402215999999999,14.495667548444569,0.0393053471880069,1100,hindustan-copper,Small Cap,Mar-2025
453,8676.0,1,Natco Pharma Ltd.,Healthcare,Healthcare,Domestic Equities,175.0,167.0,4.790419161676647,0.013999999999999999,0.01287069,8.774277058961088,0.0387517507487392,1100,natco-pharma,Small Cap,Mar-2025
154192,90218.0,1,Anand Rathi Wealth Ltd.,Finance,Finance,Domestic Equities,73.0,33.0,121.21212121212122,0.013999999999999999,0.013203465000000001,6.032772457835865,0.0387517507487392,1100,anand-rathi-wealth,Small Cap,Mar-2025
152190,5796.0,1,Kajaria Ceramics Ltd.,Construction Materials,Construction Materials,Domestic Equities,163.0,155.0,5.161290322580645,0.013999999999999999,0.013210649999999999,5.9751034203464615,0.0387517507487392,1100,kajaria-ceramics,Small Cap,Mar-2025
22095,99977.0,1,CMS Info Systems Ltd.,Business Services,Other,Domestic Equities,302.0,289.0,4.498269896193772,0.0139,0.013231865,5.049439364745624,0.0384749525291053,1100,cms-info-systems,Small Cap,Mar-2025
137768,15760.0,1,Gujarat Gas Ltd.,Gas Transmission,Gas Transmission,Domestic Equities,338.0,322.0,4.968944099378882,0.0139,0.011925269999999998,16.55920578737421,0.0384749525291053,1100,gujarat-gas,Mid Cap,Mar-2025
152405,5856.0,1,EIH Ltd.,Hospitality,Hospitality,Domestic Equities,389.0,399.0,-2.506265664160401,0.0138,0.012738075,8.336620721733851,0.0381981543094715,1100,eih,Small Cap,Mar-2025
133613,5313.0,1,Granules India Ltd.,Healthcare,Healthcare,Domestic Equities,284.0,270.0,5.185185185185185,0.0138,0.012468600000000002,10.678023194263977,0.0381981543094715,1100,granules-india,Small Cap,Mar-2025
140194,102059.0,1,Rainbow Children's Medicare Ltd.,Healthcare,Healthcare,Domestic Equities,98.0,93.0,5.376344086021505,0.0137,0.01152828,18.838196157622832,0.0379213560898376,1100,rainbow-children's-medicare,Small Cap,Mar-2025
191898,99941.0,1,Sapphire Foods India Ltd.,FMCG,Fast Moving Consumer Goods,Domestic Equities,464.0,440.0,5.454545454545454,0.0137,0.013651,0.3589480624130193,0.0379213560898376,1100,sapphire-foods-india,Small Cap,Mar-2025
133387,5868.0,1,Godrej Industries Ltd.,Chemicals,Chemicals,Domestic Equities,121.0,119.0,1.680672268907563,0.0137,0.01306144,4.8888943332435115,0.0379213560898376,1100,godrej-industries,Mid Cap,Mar-2025
171394,82477.0,1,Endurance Technologies Ltd.,Automobile & Ancillaries,Automobile & Ancillaries,Domestic Equities,69.0,65.0,6.153846153846154,0.013600000000000001,0.011477375000000001,18.493993617878655,0.0376445578702037,1100,endurance-technologies,Mid Cap,Mar-2025
113787,7539.0,1,Honeywell Automation India Ltd.,Consumer Durables,Consumer Durables,Domestic Equities,4.0,4.0,0.0,0.013500000000000002,0.01348066,0.14346478584877168,0.0373677596505699,1100,honeywell-automation-india,Mid Cap,Mar-2025
133374,5879.0,1,Finolex Cables Ltd.,Electricals,Electricals,Domestic Equities,148.0,141.0,4.964539007092199,0.013500000000000002,0.011517584999999999,17.21207180151049,0.0373677596505699,1100,finolex-cables,Small Cap,Mar-2025
19777,93855.0,1,Sumitomo Chemical India Ltd.,Chemicals,Chemicals,Domestic Equities,241.0,229.0,5.240174672489083,0.013500000000000002,0.010547740000000002,27.989502964616115,0.0373677596505699,1100,sumitomo-chemical-india,Small Cap,Mar-2025
152438,6334.0,1,Jaiprakash Power Ventures Ltd.,Power,Power,Domestic Equities,9374.0,8912.0,5.184021543985637,0.0134,0.011906432,12.544211397671448,0.037090961430936,1100,jaiprakash-power-ventures,Small Cap,Mar-2025
133191,5194.0,1,Praj Industries Ltd.,Capital Goods,Capital Goods,Domestic Equities,242.0,230.0,5.217391304347826,0.0134,0.011234349999999999,19.277038724981875,0.037090961430936,1100,praj-industries,Small Cap,Mar-2025
38130,7638.0,1,Jubilant Pharmova Ltd.,Healthcare,Healthcare,Domestic Equities,149.0,141.0,5.673758865248227,0.013300000000000001,0.012728070000000001,4.493454231474217,0.0368141632113022,1100,jubilant-pharmova,Small Cap,Mar-2025
133437,6005.0,1,Sonata Software Ltd.,IT,Information Technology,Domestic Equities,382.0,363.0,5.234159779614325,0.0132,0.0131043,0.7302946361118166,0.0365373649916683,1100,sonata-software,Small Cap,Mar-2025
171668,8857.0,1,Zen Technologies Ltd.,Capital Goods,Capital Goods,Domestic Equities,89.0,81.0,9.876543209876543,0.0132,0.008466930000000001,55.90066293213716,0.0365373649916683,1100,zen-technologies,Small Cap,Mar-2025
94723,5905.0,1,Anant Raj Ltd.,Realty,Realty,Domestic Equities,267.0,252.0,5.952380952380952,0.0131,0.0116739,12.216140278741477,0.0362605667720345,1100,anant-raj,Small Cap,Mar-2025
171776,7342.0,1,The Karnataka Bank Ltd.,Bank,Banking,Domestic Equities,742.0,705.0,5.24822695035461,0.013000000000000001,0.011819325,9.989360644537653,0.0359837685524006,1100,the-karnataka-bank,Small Cap,Mar-2025
117072,93022.0,1,Home First Finance Company India Ltd.,Finance,Finance,Domestic Equities,128.0,88.0,45.45454545454545,0.013000000000000001,0.008964119999999999,45.022601214620074,0.0359837685524006,1100,home-first-finance-company-india,Small Cap,Mar-2025
63978,98925.0,1,CarTrade Tech Ltd.,Automobile & Ancillaries,Information Technology,Domestic Equities,79.0,75.0,5.333333333333334,0.013000000000000001,0.011464125,13.397228310054189,0.0359837685524006,1100,cartrade-tech,Small Cap,Mar-2025
94718,6682.0,1,Asahi India Glass Ltd.,Construction Materials,Construction Materials,Domestic Equities,216.0,205.0,5.365853658536586,0.013000000000000001,0.012621849999999999,2.995995040346713,0.0359837685524006,1100,asahi-india-glass,Small Cap,Mar-2025
1840,4901.0,1,SJVN Ltd.,Power,Power,Domestic Equities,1405.0,1336.0,5.164670658682635,0.0129,0.011237096,14.798342917066835,0.0357069703327668,1100,sjvn,Mid Cap,Mar-2025
38589,8580.0,1,VA Tech Wabag Ltd.,Business Services,Other,Domestic Equities,89.0,94.0,-5.319148936170213,0.0129,0.0122529,5.281198736625619,0.0357069703327668,1100,va-tech-wabag,Small Cap,Mar-2025
152491,5679.0,1,PVR Inox Ltd.,Media & Entertainment,Media & Entertainment,Domestic Equities,140.0,133.0,5.263157894736842,0.0128,0.012022535,6.4667310180423625,0.0354301721131329,1100,pvr-inox,Small Cap,Mar-2025
650,8558.0,1,V-Guard Industries Ltd.,Capital Goods,Capital Goods,Domestic Equities,359.0,342.0,4.970760233918129,0.0128,0.01058319,20.94651990562392,0.0354301721131329,1100,v-guard-industries,Small Cap,Mar-2025
9438,105416.0,1,Go Digit General Insurance Ltd.,Insurance,Finance,Domestic Equities,439.0,383.0,14.621409921671018,0.0127,0.011675755000000001,8.772409150414678,0.0351533738934991,1100,go-digit-general-insurance,Small Cap,Mar-2025
152532,6617.0,1,Sun TV Network Ltd.,Media & Entertainment,Media & Entertainment,Domestic Equities,194.0,158.0,22.78481012658228,0.0126,0.0088717,42.024640147885975,0.0348765756738652,1100,sun-tv-network,Small Cap,Mar-2025
154120,5531.0,1,Triveni Turbine Ltd.,Capital Goods,Capital Goods,Domestic Equities,224.0,210.0,6.666666666666667,0.0126,0.010206,23.4567901234568,0.0348765756738652,1100,triveni-turbine,Small Cap,Mar-2025
133561,8133.0,1,Birlasoft Ltd.,IT,Information Technology,Domestic Equities,323.0,305.0,5.901639344262295,0.0125,0.012933525,-3.3519477481970235,0.0345997774542314,1100,birlasoft,Small Cap,Mar-2025
695,7346.0,1,Titagarh Rail Systems Ltd.,Automobile & Ancillaries,Automobile & Ancillaries,Domestic Equities,157.0,149.0,5.369127516778524,0.0125,0.0103853,20.362435365372214,0.0345997774542314,1100,titagarh-rail-systems,Small Cap,Mar-2025
46444,92584.0,1,Ujjivan Small Finance Bank Ltd.,Bank,Banking,Domestic Equities,3613.0,3426.0,5.45826036193812,0.0124,0.011007738,12.648029958561875,0.0343229792345975,1100,ujjivan-small-finance-bank,Small Cap,Mar-2025
115131,88043.0,1,Lemon Tree Hotels Ltd.,Hospitality,Hospitality,Domestic Equities,969.0,921.0,5.211726384364821,0.0124,0.011209491,10.620544679504176,0.0343229792345975,1100,lemon-tree-hotels,Small Cap,Mar-2025
134343,87380.0,1,Newgen Software Technologies Ltd.,IT,Information Technology,Domestic Equities,124.0,116.0,6.896551724137931,0.0124,0.0108605,14.175222135260812,0.0343229792345975,1100,newgen-software-technologies,Small Cap,Mar-2025
171403,76579.0,1,Equitas Small Finance Bank Ltd.,Bank,Banking,Domestic Equities,2238.0,2126.0,5.268109125117592,0.0123,0.012090562000000001,1.732243712078889,0.0340461810149637,1100,equitas-small-finance-bank,Small Cap,Mar-2025
101649,14929.0,1,Intellect Design Arena Ltd.,IT,Information Technology,Domestic Equities,178.0,168.0,5.952380952380952,0.0123,0.011183760000000001,9.980900877701233,0.0340461810149637,1100,intellect-design-arena,Small Cap,Mar-2025
77359,100627.0,1,Waaree Energies Ltd.,Capital Goods,Capital Goods,Domestic Equities,51.0,,,0.0123,,,0.0340461810149637,1100,waaree-energies,Mid Cap,Mar-2025
133298,5393.0,1,Balrampur Chini Mills Ltd.,Agri,Agriculture,Domestic Equities,225.0,214.0,5.14018691588785,0.0123,0.00950695,29.37903323358175,0.0340461810149637,1100,balrampur-chini-mills,Small Cap,Mar-2025
152303,6239.0,1,Jindal Saw Ltd.,Iron & Steel,Iron & Steel,Domestic Equities,457.0,432.0,5.787037037037037,0.0123,0.01064664,15.529406460629824,0.0340461810149637,1100,jindal-saw,Small Cap,Mar-2025
19174,6780.0,1,Bayer CropScience Ltd.,Chemicals,Chemicals,Domestic Equities,25.0,23.0,8.695652173913043,0.0123,0.01087693,13.083379225571917,0.0340461810149637,1100,bayer-cropscience,Small Cap,Mar-2025
171385,89248.0,1,Indiamart Intermesh Ltd.,Retailing,Information Technology,Domestic Equities,59.0,56.0,5.357142857142857,0.012199999999999999,0.01100372,10.87159615111981,0.0337693827953298,1100,indiamart-intermesh,Small Cap,Mar-2025
217845,112026.0,1,Premier Energies Ltd.,Electricals,Electricals,Domestic Equities,129.0,,,0.0121,,,0.033492584575696,1100,premier-energies,Mid Cap,Mar-2025
152194,7698.0,1,Whirlpool Of India Ltd.,Consumer Durables,Consumer Durables,Domestic Equities,121.0,116.0,4.310344827586207,0.012,0.01076538,11.468429354096182,0.0332157863560621,1100,whirlpool-of-india,Small Cap,Mar-2025
37962,6229.0,1,Gillette India Ltd.,FMCG,Fast Moving Consumer Goods,Domestic Equities,15.0,15.0,0.0,0.012,0.01182795,1.4546054049940957,0.0332157863560621,1100,gillette-india,Small Cap,Mar-2025
133308,5965.0,1,BEML Ltd.,Capital Goods,Capital Goods,Domestic Equities,37.0,35.0,5.714285714285714,0.011899999999999999,0.0085911,38.51544039762078,0.0329389881364283,1100,beml,Small Cap,Mar-2025
118743,98929.0,1,Aptus Value Housing Finance India Ltd.,Finance,Finance,Domestic Equities,405.0,373.0,8.579088471849866,0.011899999999999999,0.011471615,3.7343041934374543,0.0329389881364283,1100,aptus-value-housing-finance-india,Small Cap,Mar-2025
114727,84195.0,1,Tejas Networks Ltd.,Telecom,Telecom,Domestic Equities,156.0,145.0,7.586206896551724,0.011899999999999999,0.01030515,15.476242461293612,0.0329389881364283,1100,tejas-networks,Small Cap,Mar-2025
131,7518.0,1,Swan Energy Ltd.,Textile,Textile,Domestic Equities,274.0,260.0,5.384615384615385,0.0118,0.010608,11.236802413272999,0.0326621899167944,1100,swan-energy,Small Cap,Mar-2025
114457,7574.0,1,The South Indian Bank Ltd.,Bank,Banking,Domestic Equities,5129.0,4876.0,5.188679245283019,0.0118,0.01160488,1.6813616340711817,0.0326621899167944,1100,the-south-indian-bank,Small Cap,Mar-2025
95355,98927.0,1,Devyani International Ltd.,FMCG,Fast Moving Consumer Goods,Domestic Equities,789.0,750.0,5.2,0.0118,0.012376499999999999,-4.6580212499495,0.0326621899167944,1100,devyani-international,Small Cap,Mar-2025
171765,6852.0,1,Ceat Ltd.,Automobile & Ancillaries,Automobile & Ancillaries,Domestic Equities,41.0,39.0,5.128205128205128,0.0118,0.00987675,19.47249854456172,0.0326621899167944,1100,ceat,Small Cap,Mar-2025
78344,89378.0,1,Acutaas Chemicals Ltd.,Healthcare,Healthcare,Domestic Equities,48.0,44.0,9.090909090909092,0.011699999999999999,0.00954206,22.615032812621166,0.0323853916971606,1100,acutaas-chemicals,Small Cap,Mar-2025
134937,5507.0,1,Kirloskar Oil Engines Ltd.,Capital Goods,Capital Goods,Domestic Equities,163.0,155.0,5.161290322580645,0.011699999999999999,0.008929550000000001,31.025639589900933,0.0323853916971606,1100,kirloskar-oil-engines,Small Cap,Mar-2025
139455,98272.0,1,Shyam Metalics And Energy Ltd.,Iron & Steel,Iron & Steel,Domestic Equities,137.0,130.0,5.384615384615385,0.011699999999999999,0.00924755,26.5199971884445,0.0323853916971606,1100,shyam-metalics-and-energy,Small Cap,Mar-2025
76822,89008.0,1,Craftsman Automation Ltd.,Automobile & Ancillaries,Automobile & Ancillaries,Domestic Equities,24.0,22.0,9.090909090909092,0.011699999999999999,0.009904070000000001,18.133252289210382,0.0323853916971606,1100,craftsman-automation,Small Cap,Mar-2025
614,7779.0,1,eClerx Services Ltd.,IT,Information Technology,Domestic Equities,42.0,39.0,7.6923076923076925,0.011699999999999999,0.01105221,5.861180705035456,0.0323853916971606,1100,eclerx-services,Small Cap,Mar-2025
152391,5643.0,1,Pfizer Ltd.,Healthcare,Healthcare,Domestic Equities,29.0,28.0,3.571428571428571,0.0116,0.011342099999999999,2.2738293614057348,0.0321085934775267,1100,pfizer,Small Cap,Mar-2025
113780,5843.0,1,Usha Martin Ltd.,Iron & Steel,Iron & Steel,Domestic Equities,341.0,323.0,5.572755417956656,0.0115,0.009552725,20.38449761717206,0.0318317952578929,1100,usha-martin,Small Cap,Mar-2025
95274,89247.0,1,Chalet Hotels Ltd.,Hospitality,Hospitality,Domestic Equities,139.0,132.0,5.303030303030303,0.011399999999999999,0.009729060000000001,17.17473219406601,0.031554997038259,1100,chalet-hotels,Small Cap,Mar-2025
616,7870.0,1,Transformers & Rectifiers (India) Ltd.,Capital Goods,Capital Goods,Domestic Equities,210.0,,,0.0113,,,0.0312781988186252,1100,transformers-rectifiers-india,Small Cap,Mar-2025
37849,7492.0,1,Sudarshan Chemical Industries Ltd.,Chemicals,Chemicals,Domestic Equities,113.0,107.0,5.607476635514018,0.011200000000000002,0.0092555,21.009129706660918,0.0310014005989913,1100,sudarshan-chemical-industries,Small Cap,Mar-2025
171846,6081.0,1,Maharashtra Scooters Ltd.,Finance,Finance,Domestic Equities,10.0,,,0.011200000000000002,,,0.0310014005989913,1100,maharashtra-scooters,Small Cap,Mar-2025
133621,6468.0,1,Astra Microwave Products Ltd.,Capital Goods,Capital Goods,Domestic Equities,166.0,158.0,5.063291139240507,0.011200000000000002,0.00959218,16.761778865701025,0.0310014005989913,1100,astra-microwave-products,Small Cap,Mar-2025
75950,8414.0,1,Shakti Pumps (India) Ltd.,Capital Goods,Capital Goods,Domestic Equities,113.0,,,0.0111,,,0.0307246023793575,1100,shakti-pumps-india,Small Cap,Mar-2025
56723,6834.0,1,Can Fin Homes Ltd.,Finance,Finance,Domestic Equities,166.0,157.0,5.7324840764331215,0.0111,0.009069105,22.393554821561793,0.0307246023793575,1100,can-fin-homes,Small Cap,Mar-2025
57415,105415.0,1,Concord Biotech Ltd.,Healthcare,Healthcare,Domestic Equities,64.0,61.0,4.918032786885246,0.0108,0.009126210000000001,18.34047211273903,0.0298942077204559,1100,concord-biotech,Small Cap,Mar-2025
152579,7542.0,1,Sobha Ltd.,Realty,Realty,Domestic Equities,87.0,83.0,4.819277108433735,0.010700000000000001,0.00996498,7.376030860071979,0.0296174095008221,1100,sobha,Small Cap,Mar-2025
59506,99993.0,1,Medplus Health Services Ltd.,Healthcare,Healthcare,Domestic Equities,140.0,120.0,16.666666666666664,0.0106,0.0085752,23.612277264670226,0.0293406112811882,1100,medplus-health-services,Small Cap,Mar-2025
76268,106949.0,1,Indegene Ltd.,Healthcare,Healthcare,Domestic Equities,184.0,87.0,111.49425287356323,0.0106,0.004472235,137.0179563462117,0.0293406112811882,1100,indegene,Small Cap,Mar-2025
540,7044.0,1,Edelweiss Financial Services Ltd.,Finance,Finance,Domestic Equities,1177.0,1116.0,5.465949820788531,0.0106,0.009991548,6.089666986537026,0.0293406112811882,1100,edelweiss-financial-services,Small Cap,Mar-2025
115263,4992.0,1,Gravita India Ltd.,Non - Ferrous Metals,Non - Ferrous Metals,Domestic Equities,57.0,54.0,5.555555555555555,0.0104,0.00861138,20.770422394552334,0.0287870148419205,1100,gravita-india,Small Cap,Mar-2025
113807,6098.0,1,HBL Engineering Ltd.,Automobile & Ancillaries,Automobile & Ancillaries,Domestic Equities,221.0,210.0,5.238095238095238,0.0104,0.0090951,14.347285901199546,0.0287870148419205,1100,hbl-engineering,Small Cap,Mar-2025
123232,111772.0,1,Brainbees Solutions Ltd.,Retailing,Information Technology,Domestic Equities,283.0,,,0.0104,,,0.0287870148419205,1100,brainbees-solutions,Small Cap,Mar-2025
152053,6921.0,1,DCM Shriram Ltd.,Diversified,Diversified,Domestic Equities,96.0,92.0,4.3478260869565215,0.0104,0.0088136,17.999455387128982,0.0287870148419205,1100,dcm-shriram,Small Cap,Mar-2025
152578,8075.0,1,LT Foods Ltd.,FMCG,Fast Moving Consumer Goods,Domestic Equities,270.0,257.0,5.058365758754864,0.0103,0.008726435,18.032163191498018,0.0285102166222867,1100,lt-foods,Small Cap,Mar-2025
171937,5730.0,1,Astrazeneca Pharma India Ltd.,Healthcare,Healthcare,Domestic Equities,12.0,11.0,9.090909090909092,0.0103,0.007368515,39.78393204058077,0.0285102166222867,1100,astrazeneca-pharma-india,Small Cap,Mar-2025
1336,89761.0,1,Sansera Engineering Ltd.,Automobile & Ancillaries,Automobile & Ancillaries,Domestic Equities,84.0,80.0,5.0,0.0102,0.0089488,13.981762917933132,0.0282334184026528,1100,sansera-engineering,Small Cap,Mar-2025
152559,7752.0,1,Action Construction Equipment Ltd.,Capital Goods,Capital Goods,Domestic Equities,80.0,76.0,5.263157894736842,0.0101,0.007982280000000001,26.53026453594712,0.027956620183019,1100,action-construction-equipment,Small Cap,Mar-2025
58780,8388.0,1,Alembic Pharmaceuticals Ltd.,Healthcare,Healthcare,Domestic Equities,109.0,104.0,4.807692307692308,0.0101,0.00773396,30.592865750534017,0.027956620183019,1100,alembic-pharmaceuticals,Small Cap,Mar-2025
152474,5448.0,1,Aurionpro Solutions Ltd.,IT,Information Technology,Domestic Equities,63.0,,,0.0101,,,0.027956620183019,1100,aurionpro-solutions,Small Cap,Mar-2025
211056,110999.0,1,DOMS Industries Ltd.,FMCG,Fast Moving Consumer Goods,Domestic Equities,35.0,28.0,25.0,0.0101,0.006738340000000001,49.88854821810712,0.027956620183019,1100,doms-industries,Small Cap,Mar-2025
152441,8334.0,1,Gokaldas Exports Ltd.,Textile,Textile,Domestic Equities,125.0,113.0,10.619469026548673,0.0101,0.009193115,9.864828189356933,0.027956620183019,1100,gokaldas-exports,Small Cap,Mar-2025
152413,5645.0,1,Finolex Industries Ltd.,Plastic Products,Plastic Products,Domestic Equities,558.0,530.0,5.283018867924529,0.01,0.00905187,10.474410259979434,0.0276798219633851,1100,finolex-industries,Small Cap,Mar-2025
152553,7055.0,1,CIE Automotive India Ltd.,Automobile & Ancillaries,Automobile & Ancillaries,Domestic Equities,250.0,238.0,5.042016806722689,0.01,0.00894999,11.731968415607168,0.0276798219633851,1100,cie-automotive-india,Small Cap,Mar-2025
152106,69868.0,1,Ircon International Ltd.,Infrastructure,Infrastructure,Domestic Equities,640.0,609.0,5.0903119868637114,0.01,0.008627094,15.913887109610728,0.0276798219633851,1100,ircon-international,Small Cap,Mar-2025
56635,7585.0,1,ITD Cementation India Ltd.,Infrastructure,Infrastructure,Domestic Equities,179.0,170.0,5.294117647058823,0.01,0.0091205,9.643111671509235,0.0276798219633851,1100,itd-cementation-india,Small Cap,Mar-2025
77334,87528.0,1,CreditAccess Grameen Ltd.,Finance,Finance,Domestic Equities,104.0,99.0,5.05050505050505,0.009899999999999999,0.009099089999999999,8.802089000108806,0.0274030237437513,1100,creditaccess-grameen,Small Cap,Mar-2025
20766,6076.0,1,Techno Electric & Engineering Company Ltd.,Infrastructure,Infrastructure,Domestic Equities,98.0,93.0,5.376344086021505,0.0098,0.009058665,8.18371139676762,0.0271262255241174,1100,techno-electric-engineering-company,Small Cap,Mar-2025
115768,100528.0,1,Data Patterns (India) Ltd.,Capital Goods,Capital Goods,Domestic Equities,58.0,55.0,5.454545454545454,0.0098,0.007907625,23.931015949795285,0.0271262255241174,1100,data-patterns-india,Small Cap,Mar-2025
1896,5762.0,1,Jupiter Wagons Ltd.,Automobile & Ancillaries,Automobile & Ancillaries,Domestic Equities,266.0,253.0,5.138339920948617,0.0098,0.007340795,33.50052685029346,0.0271262255241174,1100,jupiter-wagons,Small Cap,Mar-2025
152389,5123.0,1,Sanofi India Ltd.,Healthcare,Healthcare,Domestic Equities,17.0,17.0,0.0,0.0097,0.008519635,13.854642833877273,0.0268494273044836,1100,sanofi-india,Small Cap,Mar-2025
133302,6421.0,1,BASF India Ltd.,Chemicals,Chemicals,Domestic Equities,22.0,21.0,4.761904761904762,0.0097,0.009001335000000001,7.761793111799522,0.0268494273044836,1100,basf-india,Small Cap,Mar-2025
171823,5029.0,1,Arvind Ltd.,Textile,Textile,Domestic Equities,307.0,292.0,5.136986301369863,0.0097,0.009903180000000001,-2.0516642129093947,0.0268494273044836,1100,arvind,Small Cap,Mar-2025
95495,88229.0,1,Garden Reach Shipbuilders & Engineers Ltd.,Ship Building,Ship Building,Domestic Equities,57.0,54.0,5.555555555555555,0.0096,0.006782399999999999,41.54281670205238,0.0265726290848497,1100,garden-reach-shipbuilders-engineers,Small Cap,Mar-2025
653,111996.0,1,Afcons Infrastructure Ltd.,Infrastructure,Infrastructure,Domestic Equities,196.0,,,0.0095,,,0.0262958308652159,1100,afcons-infrastructure,Small Cap,Mar-2025
141321,96164.0,1,Happiest Minds Technologies Ltd.,IT,Information Technology,Domestic Equities,160.0,151.0,5.960264900662252,0.0095,0.01036313,-8.328854313320404,0.0262958308652159,1100,happiest-minds-technologies,Small Cap,Mar-2025
188402,98309.0,1,Jubilant Ingrevia Ltd.,Chemicals,Chemicals,Domestic Equities,146.0,138.0,5.797101449275362,0.0095,0.00850356,11.717915790563007,0.0262958308652159,1100,jubilant-ingrevia,Small Cap,Mar-2025
83618,17010.0,1,BLS International Services Ltd.,Business Services,Hospitality,Domestic Equities,238.0,226.0,5.3097345132743365,0.0095,0.00766253,23.979938740859744,0.0262958308652159,1100,bls-international-services,Small Cap,Mar-2025
190355,99127.0,1,Vijaya Diagnostic Centre Ltd.,Healthcare,Healthcare,Domestic Equities,93.0,88.0,5.681818181818182,0.009399999999999999,0.0080586,16.645571191025727,0.026019032645582,1100,vijaya-diagnostic-centre,Small Cap,Mar-2025
152305,7945.0,1,JK Lakshmi Cement Ltd.,Construction Materials,Construction Materials,Domestic Equities,122.0,116.0,5.172413793103448,0.009399999999999999,0.007790559999999999,20.658848657862848,0.026019032645582,1100,jk-lakshmi-cement,Small Cap,Mar-2025
176199,111753.0,1,OLA Electric Mobility Ltd.,Automobile & Ancillaries,Automobile & Ancillaries,Domestic Equities,1753.0,,,0.009300000000000001,,,0.0257422344259482,1100,ola-electric-mobility,Mid Cap,Mar-2025
18970,6462.0,1,Sarda Energy & Minerals Ltd.,Iron & Steel,Iron & Steel,Domestic Equities,180.0,171.0,5.263157894736842,0.009300000000000001,0.007755705000000001,19.91172949461074,0.0257422344259482,1100,sarda-energy-minerals,Small Cap,Mar-2025
19064,6023.0,1,Westlife Foodworld Ltd,Hospitality,Hospitality,Domestic Equities,133.0,126.0,5.555555555555555,0.009300000000000001,0.00860643,8.05874212652633,0.0257422344259482,1100,westlife-foodworld,Small Cap,Mar-2025
133585,5972.0,1,Olectra Greentech Ltd.,Automobile & Ancillaries,Automobile & Ancillaries,Domestic Equities,80.0,76.0,5.263157894736842,0.009300000000000001,0.00814454,14.186927684068104,0.0257422344259482,1100,olectra-greentech,Small Cap,Mar-2025
133393,7068.0,1,GHCL Ltd.,Chemicals,Chemicals,Domestic Equities,149.0,141.0,5.673758865248227,0.0092,0.0081498,12.886205796461262,0.0254654362063143,1100,ghcl,Small Cap,Mar-2025
153943,100386.0,1,Vedant Fashions Ltd.,Textile,Textile,Domestic Equities,119.0,113.0,5.3097345132743365,0.0092,0.009527595,-3.438380829579757,0.0254654362063143,1100,vedant-fashions,Small Cap,Mar-2025
133388,7039.0,1,Kansai Nerolac Paints Ltd.,Chemicals,Chemicals,Domestic Equities,396.0,376.0,5.319148936170213,0.0092,0.008522416,7.950609310786988,0.0254654362063143,1100,kansai-nerolac-paints,Small Cap,Mar-2025
152271,6134.0,1,Raymond Ltd.,Textile,Textile,Domestic Equities,65.0,62.0,4.838709677419355,0.0091,0.00801877,13.483738777892382,0.0251886379866804,1100,raymond,Small Cap,Mar-2025
29,5525.0,1,Shaily Engineering Plastics Ltd.,Plastic Products,Plastic Products,Domestic Equities,50.0,,,0.0091,,,0.0251886379866804,1100,shaily-engineering-plastics,Small Cap,Mar-2025
152647,6951.0,1,Time Technoplast Ltd.,Plastic Products,Plastic Products,Domestic Equities,216.0,205.0,5.365853658536586,0.009000000000000001,0.007327725,22.82120303368371,0.0249118397670466,1100,time-technoplast,Small Cap,Mar-2025
38814,98613.0,1,Aditya Birla Sun Life AMC Ltd.,Finance,Finance,Domestic Equities,142.0,135.0,5.185185185185185,0.009000000000000001,0.00830925,8.313024641213106,0.0249118397670466,1100,aditya-birla-sun-life-amc,Small Cap,Mar-2025
153985,89725.0,1,Mrs. Bectors Food Specialities Ltd.,FMCG,Fast Moving Consumer Goods,Domestic Equities,61.0,58.0,5.172413793103448,0.0089,0.00766093,16.173884893870586,0.0246350415474127,1100,mrs-bectors-food-specialities,Small Cap,Mar-2025
328,7817.0,1,Marksans Pharma Ltd.,Healthcare,Healthcare,Domestic Equities,402.0,382.0,5.2356020942408374,0.0089,0.007819158,13.822997309940527,0.0246350415474127,1100,marksans-pharma,Small Cap,Mar-2025
607,7527.0,1,Jyothy Labs Ltd.,FMCG,Fast Moving Consumer Goods,Domestic Equities,267.0,254.0,5.118110236220472,0.0088,0.00818896,7.461753385045237,0.0243582433277789,1100,jyothy-labs,Small Cap,Mar-2025
171921,8516.0,1,Strides Pharma Science Ltd.,Healthcare,Healthcare,Domestic Equities,132.0,127.0,3.937007874015748,0.0088,0.00786765,11.85042547647645,0.0243582433277789,1100,strides-pharma-science,Small Cap,Mar-2025
19036,8047.0,1,Kirloskar Pneumatic Company Ltd.,Capital Goods,Capital Goods,Domestic Equities,74.0,70.0,5.714285714285714,0.0088,0.00699615,25.783466620927225,0.0243582433277789,1100,kirloskar-pneumatic-company,Small Cap,Mar-2025
58513,104175.0,1,Aadhar Housing Finance Ltd.,Finance,Finance,Domestic Equities,205.0,184.0,11.41304347826087,0.0087,0.00700488,24.19912974954603,0.024081445108145,1100,aadhar-housing-finance,Small Cap,Mar-2025
151986,6639.0,1,Safari Industries (India) Ltd.,FMCG,Fast Moving Consumer Goods,Domestic Equities,44.0,41.0,7.317073170731707,0.0087,0.008757805,-0.6600398159127734,0.024081445108145,1100,safari-industries-india,Small Cap,Mar-2025
152533,5624.0,1,Godawari Power And Ispat Ltd.,Iron & Steel,Iron & Steel,Domestic Equities,480.0,457.0,5.032822757111598,0.0086,0.007117775,20.824274439694996,0.0238046468885112,1100,godawari-power-and-ispat,Small Cap,Mar-2025
114436,6959.0,1,Engineers India Ltd.,Capital Goods,Capital Goods,Domestic Equities,538.0,512.0,5.078125,0.0086,0.007689216,11.844952723398588,0.0238046468885112,1100,engineers-india,Small Cap,Mar-2025
152554,7075.0,1,Voltamp Transformers Ltd.,Capital Goods,Capital Goods,Domestic Equities,12.0,11.0,9.090909090909092,0.0086,0.0069058,24.533001245330016,0.0238046468885112,1100,voltamp-transformers,Small Cap,Mar-2025
133353,4920.0,1,IDBI Bank Ltd.,Bank,Banking,Domestic Equities,1101.0,1049.0,4.957102001906578,0.0086,0.007263276,18.403871751534712,0.0238046468885112,1100,idbi-bank,Mid Cap,Mar-2025
134271,8157.0,1,Minda Corporation Ltd.,Automobile & Ancillaries,Automobile & Ancillaries,Domestic Equities,157.0,149.0,5.369127516778524,0.0085,0.007156470000000001,18.7736411946113,0.0235278486688773,1100,minda-corporation,Small Cap,Mar-2025
19913,93142.0,1,UTI Asset Management Company Ltd.,Finance,Finance,Domestic Equities,81.0,76.0,6.578947368421052,0.0085,0.00715084,18.86715406861291,0.0235278486688773,1100,uti-asset-management-company,Small Cap,Mar-2025
133662,6324.0,1,Century Plyboards (India) Ltd.,Construction Materials,Construction Materials,Domestic Equities,119.0,113.0,5.3097345132743365,0.0084,0.008152385,3.0373320200162275,0.0232510504492435,1100,century-plyboards-india,Small Cap,Mar-2025
152197,7753.0,1,Kirloskar Brothers Ltd.,Capital Goods,Capital Goods,Domestic Equities,49.0,47.0,4.25531914893617,0.0084,0.007502375,11.964544560889047,0.0232510504492435,1100,kirloskar-brothers,Small Cap,Mar-2025
200656,105054.0,1,Signatureglobal (India) Ltd.,Realty,Realty,Domestic Equities,77.0,73.0,5.47945205479452,0.0084,0.007629595,10.097587093417141,0.0232510504492435,1100,signatureglobal-india,Small Cap,Mar-2025
94609,5685.0,1,Welspun Living Ltd.,Textile,Textile,Domestic Equities,612.0,582.0,5.154639175257731,0.0083,0.006222744,33.38167213692223,0.0229742522296096,1100,welspun-living,Small Cap,Mar-2025
95082,5635.0,1,Capri Global Capital Ltd.,Finance,Finance,Domestic Equities,489.0,465.0,5.161290322580645,0.0083,0.00742698,11.754710528370884,0.0229742522296096,1100,capri-global-capital,Small Cap,Mar-2025
154098,6604.0,1,TD Power Systems Ltd.,Capital Goods,Capital Goods,Domestic Equities,201.0,191.0,5.2356020942408374,0.0083,0.005899035,40.70097905843921,0.0229742522296096,1100,td-power-systems,Small Cap,Mar-2025
120445,17045.0,1,Quess Corp Ltd.,IT,Information Technology,Domestic Equities,126.0,120.0,5.0,0.008199999999999999,0.007167,14.413283103111477,0.0226974540099758,1100,quess-corp,Small Cap,Mar-2025
219108,112373.0,1,Sanofi Consumer Healthcare India Ltd.,Healthcare,Healthcare,Domestic Equities,17.0,,,0.008199999999999999,,,0.0226974540099758,1100,sanofi-consumer-healthcare-india,Small Cap,Mar-2025
171468,102668.0,1,Bikaji Foods International Ltd.,FMCG,Fast Moving Consumer Goods,Domestic Equities,123.0,117.0,5.128205128205128,0.008100000000000001,0.0074195549999999996,9.17096780062956,0.0224206557903419,1100,bikaji-foods-international,Small Cap,Mar-2025
133293,6728.0,1,Force Motors Ltd.,Automobile & Ancillaries,Automobile & Ancillaries,Domestic Equities,9.0,9.0,0.0,0.008100000000000001,0.006004035,34.90927351356214,0.0224206557903419,1100,force-motors,Small Cap,Mar-2025
152387,5364.0,1,Gujarat Narmada Valley Fertilizers & Chemicals Ltd.,Chemicals,Chemicals,Domestic Equities,164.0,156.0,5.128205128205128,0.008100000000000001,0.00731406,10.745605040155544,0.0224206557903419,1100,gujarat-narmada-valley-fertilizers-chemicals,Small Cap,Mar-2025
114450,5588.0,1,The Jammu & Kashmir Bank Ltd.,Bank,Banking,Domestic Equities,876.0,833.0,5.162064825930372,0.008100000000000001,0.00789684,2.5726746394760434,0.0224206557903419,1100,the-jammu-kashmir-bank,Small Cap,Mar-2025
97859,90258.0,1,Metropolis Healthcare Ltd.,Healthcare,Healthcare,Domestic Equities,51.0,48.0,6.25,0.008,0.0076056000000000006,5.185652676974865,0.0221438575707081,1100,metropolis-healthcare,Small Cap,Mar-2025
56649,7087.0,1,HEG Ltd.,Capital Goods,Capital Goods,Domestic Equities,165.0,157.0,5.095541401273886,0.008,0.00562688,42.174704276615124,0.0221438575707081,1100,heg,Small Cap,Mar-2025
65953,90815.0,1,The Anup Engineering Ltd.,Capital Goods,Capital Goods,Domestic Equities,23.0,,,0.008,,,0.0221438575707081,1100,the-anup-engineering,Small Cap,Mar-2025
192109,100019.0,1,Prudent Corporate Advisory Services Ltd.,Finance,Finance,Domestic Equities,34.0,32.0,6.25,0.0079,0.005294879999999999,49.20073731604873,0.0218670593510742,1100,prudent-corporate-advisory-services,Small Cap,Mar-2025
117,8100.0,1,Vardhman Textiles Ltd.,Textile,Textile,Domestic Equities,201.0,191.0,5.2356020942408374,0.0079,0.00725227,8.931410441144646,0.0218670593510742,1100,vardhman-textiles,Small Cap,Mar-2025
9355,90266.0,1,KPI Green Energy Ltd.,Infrastructure,Power,Domestic Equities,192.0,,,0.0078000000000000005,,,0.0215902611314404,1100,kpi-green-energy,Small Cap,Mar-2025
555,5663.0,1,The Fertilisers And Chemicals Travancore Ltd.,Chemicals,Chemicals,Domestic Equities,122.0,116.0,5.172413793103448,0.0078000000000000005,0.00802372,-2.788232889482677,0.0215902611314404,1100,the-fertilisers-and-chemicals-travancore,Mid Cap,Mar-2025
152392,4998.0,1,Gujarat State Fertilizers & Chemicals Ltd.,Chemicals,Chemicals,Domestic Equities,438.0,417.0,5.0359712230215825,0.0078000000000000005,0.0069860009999999995,11.65185919669924,0.0215902611314404,1100,gujarat-state-fertilizers-chemicals,Small Cap,Mar-2025
592,5266.0,1,Jai Balaji Industries Ltd.,Iron & Steel,Iron & Steel,Domestic Equities,567.0,539.0,5.194805194805195,0.0078000000000000005,0.007062517000000001,10.442212032905546,0.0215902611314404,1100,jai-balaji-industries,Small Cap,Mar-2025
430,6832.0,1,Caplin Point Laboratories Ltd.,Healthcare,Healthcare,Domestic Equities,39.0,37.0,5.405405405405405,0.0078000000000000005,0.006743249999999999,15.671226782337905,0.0215902611314404,1100,caplin-point-laboratories,Small Cap,Mar-2025
75900,5318.0,1,Choice International Ltd.,Finance,Finance,Domestic Equities,156.0,148.0,5.405405405405405,0.0078000000000000005,0.00689162,13.180935687109848,0.0215902611314404,1100,choice-international,Small Cap,Mar-2025
2515,87584.0,1,Nazara Technologies Ltd.,IT,Information Technology,Domestic Equities,82.0,76.0,7.894736842105263,0.0078000000000000005,0.00692246,12.676707413260605,0.0215902611314404,1100,nazara-technologies,Small Cap,Mar-2025
133644,8289.0,1,PTC India Ltd.,Power,Power,Domestic Equities,468.0,445.0,5.168539325842696,0.0077,0.00617749,24.646094125607654,0.0213134629118065,1100,ptc-india,Small Cap,Mar-2025
133425,7180.0,1,Ion Exchange (India) Ltd.,Business Services,Other,Domestic Equities,164.0,156.0,5.128205128205128,0.0077,0.00779844,-1.2623037427998374,0.0213134629118065,1100,ion-exchange-india,Small Cap,Mar-2025
133018,6609.0,1,CCL Products (India) Ltd.,Agri,Agriculture,Domestic Equities,139.0,133.0,4.511278195488721,0.0077,0.007716659999999999,-0.21589651481339667,0.0213134629118065,1100,ccl-products-india,Small Cap,Mar-2025
133404,7107.0,1,Hindustan Construction Company Ltd.,Infrastructure,Infrastructure,Domestic Equities,2979.0,2817.0,5.7507987220447285,0.0077,0.006650937,15.773160984685317,0.0213134629118065,1100,hindustan-construction-company,Small Cap,Mar-2025
133045,6467.0,1,Vesuvius India Ltd.,Capital Goods,Capital Goods,Domestic Equities,17.0,16.0,6.25,0.0077,0.0063804000000000005,20.682088897247812,0.0213134629118065,1100,vesuvius-india,Small Cap,Mar-2025
19084,5742.0,1,Elecon Engineering Company Ltd.,Capital Goods,Capital Goods,Domestic Equities,172.0,164.0,4.878048780487805,0.0077,0.00679288,13.353982405106526,0.0213134629118065,1100,elecon-engineering-company,Small Cap,Mar-2025
114425,8654.0,1,Saregama India Ltd.,Media & Entertainment,Media & Entertainment,Domestic Equities,148.0,141.0,4.964539007092199,0.0076,0.006256874999999999,21.46638697432825,0.0210366646921727,1100,saregama-india,Small Cap,Mar-2025
40249,8148.0,1,Schneider Electric Infrastructure Ltd.,Capital Goods,Capital Goods,Domestic Equities,114.0,109.0,4.587155963302752,0.0076,0.0066713449999999995,13.92005660028076,0.0210366646921727,1100,schneider-electric-infrastructure,Small Cap,Mar-2025
152067,7924.0,1,JM Financial Ltd.,Finance,Finance,Domestic Equities,791.0,752.0,5.1861702127659575,0.0076,0.006940208,9.506804407014894,0.0210366646921727,1100,jm-financial,Small Cap,Mar-2025
203281,106367.0,1,NMDC Steel Ltd.,Iron & Steel,Iron & Steel,Domestic Equities,2264.0,2152.0,5.204460966542751,0.0076,0.00761808,-0.237330140927902,0.0210366646921727,1100,nmdc-steel,Small Cap,Mar-2025
56642,6032.0,1,Garware Technical Fibres Ltd.,Textile,Textile,Domestic Equities,88.0,,,0.0076,,,0.0210366646921727,1100,garware-technical-fibres,Small Cap,Mar-2025
79360,8286.0,1,Orient Cement Ltd.,Construction Materials,Construction Materials,Domestic Equities,217.0,207.0,4.830917874396135,0.0074,0.006821684999999999,8.477597543715378,0.020483068252905,1100,orient-cement,Small Cap,Mar-2025
114515,6989.0,1,Gujarat Pipavav Port Ltd.,Logistics,Logistics,Domestic Equities,533.0,507.0,5.128205128205128,0.0074,0.0063349650000000006,16.812010800375372,0.020483068252905,1100,gujarat-pipavav-port,Small Cap,Mar-2025
152203,8715.0,1,KSB Ltd.,Capital Goods,Capital Goods,Domestic Equities,103.0,97.0,6.185567010309279,0.0074,0.0059849,23.644505338435067,0.020483068252905,1100,ksb,Small Cap,Mar-2025
60344,103918.0,1,Eureka Forbes Ltd.,Consumer Durables,Consumer Durables,Domestic Equities,134.0,,,0.0073,,,0.0202062700332711,1100,eureka-forbes,Small Cap,Mar-2025
58164,86911.0,1,The New India Assurance Company Ltd.,Insurance,Finance,Domestic Equities,473.0,449.0,5.3452115812917596,0.0073,0.006380739,14.406810872533732,0.0202062700332711,1100,the-new-india-assurance-company,Mid Cap,Mar-2025
203237,106365.0,1,Aarti Pharmalabs Ltd.,Healthcare,Healthcare,Domestic Equities,98.0,90.0,8.88888888888889,0.0073,0.0065988,10.626174455961683,0.0202062700332711,1100,aarti-pharmalabs,Small Cap,Mar-2025
38127,7192.0,1,JK Tyre & Industries Ltd.,Automobile & Ancillaries,Automobile & Ancillaries,Domestic Equities,264.0,251.0,5.179282868525896,0.0073,0.006647735,9.81183816743597,0.0202062700332711,1100,jk-tyre-industries,Small Cap,Mar-2025
155709,99978.0,1,Paradeep Phosphates Ltd.,Chemicals,Chemicals,Domestic Equities,706.0,670.0,5.3731343283582085,0.0073,0.0058216299999999995,25.394434204853276,0.0202062700332711,1100,paradeep-phosphates,Small Cap,Mar-2025
19089,7012.0,1,Gabriel India Ltd.,Automobile & Ancillaries,Automobile & Ancillaries,Domestic Equities,124.0,118.0,5.084745762711865,0.0072,0.0054740200000000004,31.530392654758277,0.0199294718136373,1100,gabriel-india,Small Cap,Mar-2025
134702,8301.0,1,Valor Estate Ltd.,Realty,Realty,Domestic Equities,480.0,414.0,15.942028985507244,0.0072,0.005110829999999999,40.87731346963214,0.0199294718136373,1100,valor-estate,Small Cap,Mar-2025
861,112211.0,1,Sai Life Sciences Ltd.,Healthcare,Healthcare,Domestic Equities,93.0,,,0.0070999999999999995,,,0.0196526735940034,1100,sai-life-sciences,Small Cap,Mar-2025
75687,8264.0,1,Avanti Feeds Ltd.,FMCG,Fast Moving Consumer Goods,Domestic Equities,78.0,74.0,5.405405405405405,0.0070999999999999995,0.00512561,38.52009809564128,0.0196526735940034,1100,avanti-feeds,Small Cap,Mar-2025
38126,6453.0,1,The India Cements Ltd.,Construction Materials,Construction Materials,Domestic Equities,253.0,235.0,7.659574468085106,0.006999999999999999,0.0059549,17.550252733043376,0.0193758753743696,1100,the-india-cements,Small Cap,Mar-2025
152132,7850.0,1,Mastek Ltd.,IT,Information Technology,Domestic Equities,32.0,31.0,3.225806451612903,0.006999999999999999,0.006899825000000001,1.4518484164453302,0.0193758753743696,1100,mastek,Small Cap,Mar-2025
56877,7963.0,1,Shilpa Medicare Ltd.,Healthcare,Healthcare,Domestic Equities,106.0,101.0,4.9504950495049505,0.006999999999999999,0.00616201,13.599296333501561,0.0193758753743696,1100,shilpa-medicare,Small Cap,Mar-2025
137941,15743.0,1,Power Mech Projects Ltd.,Infrastructure,Infrastructure,Domestic Equities,25.0,24.0,4.166666666666666,0.0068000000000000005,0.0043254,57.21089379016971,0.0188222789351019,1100,power-mech-projects,Small Cap,Mar-2025
212222,111581.0,1,Azad Engineering Ltd.,Capital Goods,Capital Goods,Domestic Equities,50.0,37.0,35.13513513513514,0.0068000000000000005,0.004712875,44.28560061533565,0.0188222789351019,1100,azad-engineering,Small Cap,Mar-2025
171624,5869.0,1,Blue Dart Express Ltd.,Logistics,Logistics,Domestic Equities,11.0,11.0,0.0,0.0068000000000000005,0.006597085,3.0758281877526237,0.0188222789351019,1100,blue-dart-express,Small Cap,Mar-2025
152385,6093.0,1,Garware Hi-Tech Films Ltd.,Plastic Products,Plastic Products,Domestic Equities,17.0,16.0,6.25,0.0067,0.006033279999999999,11.050705420600414,0.018545480715468,1100,garware-hi-tech-films,Small Cap,Mar-2025
19035,7076.0,1,GMM Pfaudler Ltd.,Capital Goods,Capital Goods,Domestic Equities,65.0,62.0,4.838709677419355,0.0066,0.006864019999999999,-3.846434013886895,0.0182686824958342,1100,gmm-pfaudler,Small Cap,Mar-2025
152585,6859.0,1,Tanla Platforms Ltd.,IT,Information Technology,Domestic Equities,141.0,135.0,4.444444444444445,0.0066,0.00589005,12.0533781546846,0.0182686824958342,1100,tanla-platforms,Small Cap,Mar-2025
643,7404.0,1,KNR Constructions Ltd.,Infrastructure,Infrastructure,Domestic Equities,283.0,269.0,5.204460966542751,0.006500000000000001,0.00592876,9.6350670291933,0.0179918842762003,1100,knr-constructions,Small Cap,Mar-2025
198024,103992.0,1,GMR Power and Urban Infra Ltd.,Power,Power,Domestic Equities,572.0,,,0.006500000000000001,,,0.0179918842762003,1100,gmr-power-and-urban-infra,Small Cap,Mar-2025
133520,5959.0,1,Triveni Engineering & Industries Ltd.,Agri,Agriculture,Domestic Equities,168.0,159.0,5.660377358490567,0.006500000000000001,0.005546715,17.18647884378412,0.0179918842762003,1100,triveni-engineering-industries,Small Cap,Mar-2025
8344,84168.0,1,Pricol Ltd.,Automobile & Ancillaries,Automobile & Ancillaries,Domestic Equities,144.0,138.0,4.3478260869565215,0.006500000000000001,0.00549033,18.38996927324952,0.0179918842762003,1100,pricol,Small Cap,Mar-2025
189369,98614.0,1,Alivus Life Sciences Ltd.,Healthcare,Healthcare,Domestic Equities,60.0,57.0,5.263157894736842,0.006500000000000001,0.005043929999999999,28.867767792177933,0.0179918842762003,1100,alivus-life-sciences,Small Cap,Mar-2025
133362,5245.0,1,Electrosteel Castings Ltd.,Iron & Steel,Iron & Steel,Domestic Equities,647.0,618.0,4.692556634304207,0.0064,0.005732568,11.642809993706136,0.0177150860565665,1100,electrosteel-castings,Small Cap,Mar-2025
171894,86746.0,1,Godrej Agrovet Ltd.,FMCG,Fast Moving Consumer Goods,Domestic Equities,84.0,71.0,18.30985915492958,0.0063,0.005077565000000001,24.075221095150912,0.0174382878369326,1100,godrej-agrovet,Small Cap,Mar-2025
204790,107779.0,1,Honasa Consumer Ltd.,Trading,Trading,Domestic Equities,270.0,256.0,5.46875,0.0063,0.005515008,14.233741818688204,0.0174382878369326,1100,honasa-consumer,Small Cap,Mar-2025
56633,6412.0,1,Graphite India Ltd.,Capital Goods,Capital Goods,Domestic Equities,131.0,124.0,5.64516129032258,0.0063,0.00485398,29.7903988067524,0.0174382878369326,1100,graphite-india,Small Cap,Mar-2025
65954,90814.0,1,Arvind Fashions Ltd.,Retailing,Retailing,Domestic Equities,168.0,159.0,5.660377358490567,0.0063,0.006053925,4.064718343884341,0.0174382878369326,1100,arvind-fashions,Small Cap,Mar-2025
133589,7782.0,1,Cera Sanitaryware Ltd.,Construction Materials,Construction Materials,Domestic Equities,11.0,10.0,10.0,0.0062,0.00529125,17.17458067564376,0.0171614896172988,1100,cera-sanitaryware,Small Cap,Mar-2025
28396,92035.0,1,Sterling and Wilson Renewable Energy Ltd.,Infrastructure,Infrastructure,Domestic Equities,249.0,237.0,5.063291139240507,0.0062,0.006054165,2.4088375523296723,0.0171614896172988,1100,sterling-and-wilson-renewable-energy,Small Cap,Mar-2025
745,109745.0,1,RR Kabel Ltd.,Electricals,Electricals,Domestic Equities,65.0,60.0,8.333333333333332,0.0062,0.0053415,16.072264345221377,0.0171614896172988,1100,rr-kabel,Small Cap,Mar-2025
171881,7520.0,1,V-Mart Retail Ltd.,Retailing,Retailing,Domestic Equities,21.0,20.0,5.0,0.0060999999999999995,0.0059823,1.9674707052471367,0.0168846913976649,1100,v-mart-retail,Small Cap,Mar-2025
19178,16203.0,1,Chemplast Sanmar Ltd.,Chemicals,Chemicals,Domestic Equities,140.0,133.0,5.263157894736842,0.0060999999999999995,0.00538118,13.358036713137267,0.0168846913976649,1100,chemplast-sanmar,Small Cap,Mar-2025
152394,5450.0,1,Akzo Nobel India Ltd.,Chemicals,Chemicals,Domestic Equities,17.0,,,0.0060999999999999995,,,0.0168846913976649,1100,akzo-nobel-india,Small Cap,Mar-2025
30,5093.0,1,Bombay Burmah Trading Corporation Ltd.,Agri,Agriculture,Domestic Equities,34.0,32.0,6.25,0.006,0.0053060799999999995,13.077827699544676,0.0166078931780311,1100,bombay-burmah-trading-corporation,Small Cap,Mar-2025
153397,98823.0,1,Nuvoco Vistas Corporation Ltd.,Construction Materials,Construction Materials,Domestic Equities,196.0,187.0,4.81283422459893,0.006,0.005861515,2.3626144435354903,0.0166078931780311,1100,nuvoco-vistas-corporation,Small Cap,Mar-2025
160595,87624.0,1,Fine Organic Industries Ltd.,Chemicals,Chemicals,Domestic Equities,15.0,14.0,7.142857142857142,0.006,0.0049044100000000005,22.338874604692503,0.0166078931780311,1100,fine-organic-industries,Small Cap,Mar-2025
40702,7798.0,1,RHI Magnesita India Ltd.,Capital Goods,Capital Goods,Domestic Equities,119.0,113.0,5.3097345132743365,0.006,0.00442621,35.55615300674844,0.0166078931780311,1100,rhi-magnesita-india,Small Cap,Mar-2025
195742,102041.0,1,TBO Tek Ltd.,Hospitality,Hospitality,Domestic Equities,50.0,32.0,56.25,0.006,0.00384272,56.139401257442636,0.0166078931780311,1100,tbo-tek,Small Cap,Mar-2025
172886,92573.0,1,CSB Bank Ltd.,Bank,Banking,Domestic Equities,195.0,185.0,5.405405405405405,0.0059,0.005230875,12.79183692976795,0.0163310949583972,1100,csb-bank,Small Cap,Mar-2025
65311,106730.0,1,SBFC Finance Ltd.,Finance,Finance,Domestic Equities,668.0,630.0,6.031746031746032,0.0059,0.00556101,6.095835109089898,0.0163310949583972,1100,sbfc-finance,Small Cap,Mar-2025
815,89011.0,1,Rites Ltd.,Capital Goods,Other,Domestic Equities,263.0,250.0,5.2,0.0059,0.00511375,15.375213884135896,0.0163310949583972,1100,rites,Small Cap,Mar-2025
65893,102659.0,1,Archean Chemical Industries Ltd.,Chemicals,Chemicals,Domestic Equities,113.0,107.0,5.607476635514018,0.0059,0.0053847750000000005,9.568180657501921,0.0163310949583972,1100,archean-chemical-industries,Small Cap,Mar-2025
133348,5626.0,1,Chennai Petroleum Corporation Ltd.,Crude Oil,Crude Oil,Domestic Equities,94.0,90.0,4.444444444444445,0.0058,0.0040644,42.70248991241018,0.0160542967387634,1100,chennai-petroleum-corporation,Small Cap,Mar-2025
133081,5148.0,1,Trident Ltd.,Textile,Textile,Domestic Equities,2398.0,2262.0,6.012378426171529,0.0058,0.005833698000000001,-0.5776438890048969,0.0160542967387634,1100,trident,Small Cap,Mar-2025
152567,6935.0,1,DCB Bank Ltd.,Bank,Banking,Domestic Equities,520.0,494.0,5.263157894736842,0.0058,0.0051499499999999995,12.62245264517131,0.0160542967387634,1100,dcb-bank,Small Cap,Mar-2025
141018,17054.0,1,Lloyds Engineering Works Ltd.,Capital Goods,Capital Goods,Domestic Equities,998.0,916.0,8.951965065502183,0.0058,0.005039831999999999,15.083201186071282,0.0160542967387634,1100,lloyds-engineering-works,Small Cap,Mar-2025
152275,6296.0,1,Birla Corporation Ltd.,Construction Materials,Construction Materials,Domestic Equities,55.0,53.0,3.7735849056603774,0.0058,0.00515478,12.516926037580648,0.0160542967387634,1100,birla-corporation,Small Cap,Mar-2025
140187,110794.0,1,India Shelter Finance Corporation Ltd.,Finance,Finance,Domestic Equities,70.0,66.0,6.0606060606060606,0.0058,0.0047982,20.878662831895276,0.0160542967387634,1100,india-shelter-finance-corporation,Small Cap,Mar-2025
96376,16986.0,1,Shriram Pistons & Rings Ltd,Capital Goods,Capital Goods,Domestic Equities,30.0,28.0,7.142857142857142,0.005699999999999999,0.0051737,10.17260374586852,0.0157774985191295,1100,shriram-pistons-rings,Small Cap,Mar-2025
2006,102339.0,1,Ethos Ltd.,Retailing,Retailing,Domestic Equities,23.0,22.0,4.545454545454546,0.005699999999999999,0.00554125,2.8648770584254404,0.0157774985191295,1100,ethos,Small Cap,Mar-2025
133538,7699.0,1,Tips Music Ltd.,Media & Entertainment,Media & Entertainment,Domestic Equities,90.0,85.0,5.88235294117647,0.005699999999999999,0.005023925,13.457107739466636,0.0157774985191295,1100,tips-music,Small Cap,Mar-2025
152217,6011.0,1,Maharashtra Seamless Ltd.,Iron & Steel,Iron & Steel,Domestic Equities,82.0,78.0,5.128205128205128,0.005600000000000001,0.0047798400000000005,17.15873334672291,0.0155007002994957,1100,maharashtra-seamless,Small Cap,Mar-2025
622,8212.0,1,ISGEC Heavy Engineering Ltd.,Infrastructure,Infrastructure,Domestic Equities,53.0,50.0,6.0,0.005600000000000001,0.00465025,20.42363313800334,0.0155007002994957,1100,isgec-heavy-engineering,Small Cap,Mar-2025
678,15637.0,1,PNC Infratech Ltd.,Infrastructure,Infrastructure,Domestic Equities,221.0,210.0,5.238095238095238,0.005600000000000001,0.00543795,2.9799832657527237,0.0155007002994957,1100,pnc-infratech,Small Cap,Mar-2025
152593,8261.0,1,Network 18 Media & Investments Ltd.,Media & Entertainment,Media & Entertainment,Domestic Equities,1284.0,1220.0,5.245901639344262,0.005600000000000001,0.00504104,11.08818815165126,0.0155007002994957,1100,network-18-media-investments,Small Cap,Mar-2025
133631,6516.0,1,Suprajit Engineering Ltd.,Automobile & Ancillaries,Automobile & Ancillaries,Domestic Equities,149.0,141.0,5.673758865248227,0.005600000000000001,0.005650575,-0.8950416550527931,0.0155007002994957,1100,suprajit-engineering,Small Cap,Mar-2025
171516,6987.0,1,Tata Teleservices (Maharashtra) Ltd.,Telecom,Telecom,Domestic Equities,987.0,939.0,5.111821086261981,0.005600000000000001,0.005588928,0.19810596951688875,0.0155007002994957,1100,tata-teleservices-maharashtra,Small Cap,Mar-2025
195442,101899.0,1,Syrma SGS Technology Ltd.,Electricals,Electricals,Domestic Equities,119.0,112.0,6.25,0.0055000000000000005,0.0046351199999999995,18.65927958715202,0.0152239020798618,1100,syrma-sgs-technology,Small Cap,Mar-2025
152107,5346.0,1,Shipping Corporation Of India Ltd.,Logistics,Logistics,Domestic Equities,332.0,316.0,5.063291139240507,0.0055000000000000005,0.0046117039999999995,19.26177395600413,0.0152239020798618,1100,shipping-corporation-of-india,Small Cap,Mar-2025
133663,7375.0,1,Welspun Enterprises Ltd.,Realty,Realty,Domestic Equities,114.0,109.0,4.587155963302752,0.0055000000000000005,0.00454966,20.888154279660473,0.0152239020798618,1100,welspun-enterprises,Small Cap,Mar-2025
133367,5954.0,1,EPL Ltd.,FMCG,Fast Moving Consumer Goods,Domestic Equities,273.0,259.0,5.405405405405405,0.0055000000000000005,0.005072256000000001,8.433012844777547,0.0152239020798618,1100,epl,Small Cap,Mar-2025
219906,112338.0,1,Raymond Lifestyle Ltd.,Textile,Textile,Domestic Equities,53.0,,,0.0055000000000000005,,,0.0152239020798618,1100,raymond-lifestyle,Small Cap,Mar-2025
133345,5047.0,1,IFCI Ltd.,Finance,Finance,Domestic Equities,1273.0,1206.0,5.555555555555555,0.0055000000000000005,0.004955454000000001,10.98882160948321,0.0152239020798618,1100,ifci,Small Cap,Mar-2025
133421,5619.0,1,Ingersoll-Rand (India) Ltd.,Capital Goods,Capital Goods,Domestic Equities,15.0,14.0,7.142857142857142,0.0054,0.0044427600000000005,21.54606595899847,0.014947103860228,1100,ingersoll-rand-india,Small Cap,Mar-2025
115894,7364.0,1,Texmaco Rail & Engineering Ltd.,Automobile & Ancillaries,Automobile & Ancillaries,Domestic Equities,401.0,382.0,4.973821989528796,0.0054,0.004948046,9.133989457656629,0.014947103860228,1100,texmaco-rail-engineering,Small Cap,Mar-2025
214487,111750.0,1,Awfis Space Solutions Ltd.,Business Services,Other,Domestic Equities,81.0,,,0.0054,,,0.014947103860228,1100,awfis-space-solutions,Small Cap,Mar-2025
96716,89715.0,1,Dodla Dairy Ltd,FMCG,Fast Moving Consumer Goods,Domestic Equities,46.0,43.0,6.976744186046512,0.0053,0.004450715,19.081990197080696,0.0146703056405941,1100,dodla-dairy,Small Cap,Mar-2025
64699,82946.0,1,Aditya Vision Ltd.,Retailing,Retailing,Domestic Equities,118.0,,,0.0053,,,0.0146703056405941,1100,aditya-vision,Small Cap,Mar-2025
204607,107645.0,1,Zaggle Prepaid Ocean Services Ltd.,IT,Information Technology,Domestic Equities,147.0,,,0.0053,,,0.0146703056405941,1100,zaggle-prepaid-ocean-services,Small Cap,Mar-2025
133551,7167.0,1,Indian Overseas Bank,Bank,Banking,Domestic Equities,1348.0,1281.0,5.230288836846214,0.0053,0.005576193,-4.953074615602439,0.0146703056405941,1100,indian-overseas-bank,Large Cap,Mar-2025
192044,99995.0,1,RateGain Travel Technologies Ltd.,IT,Information Technology,Domestic Equities,120.0,114.0,5.263157894736842,0.0053,0.005586,-5.119942713927669,0.0146703056405941,1100,rategain-travel-technologies,Small Cap,Mar-2025
152683,97601.0,1,MTAR Technologies Ltd.,Capital Goods,Capital Goods,Domestic Equities,41.0,36.0,13.88888888888889,0.0053,0.00463644,14.31184270690444,0.0146703056405941,1100,mtar-technologies,Small Cap,Mar-2025
96435,6518.0,1,RattanIndia Power Ltd.,Power,Power,Domestic Equities,5275.0,,,0.0052,,,0.0143935074209603,1100,rattanindia-power,Small Cap,Mar-2025
757,97957.0,1,Railtel Corporation Of India Ltd.,Telecom,Telecom,Domestic Equities,171.0,163.0,4.9079754601226995,0.0052,0.004582745,13.46911076221785,0.0143935074209603,1100,railtel-corporation-of-india,Small Cap,Mar-2025
19994,70937.0,1,Sheela Foam Ltd.,FMCG,Fast Moving Consumer Goods,Domestic Equities,73.0,70.0,4.285714285714286,0.0052,0.00498925,4.224081775818011,0.0143935074209603,1100,sheela-foam,Small Cap,Mar-2025
59494,100957.0,1,Latent View Analytics Ltd.,Business Services,Other,Domestic Equities,140.0,132.0,6.0606060606060606,0.0051,0.0050589,0.8124295795528788,0.0141167092013264,1100,latent-view-analytics,Small Cap,Mar-2025
189226,98548.0,1,Clean Science And Technology Ltd.,Chemicals,Chemicals,Domestic Equities,44.0,42.0,4.761904761904762,0.0051,0.0050116499999999994,1.7628924605668868,0.0141167092013264,1100,clean-science-and-technology,Small Cap,Mar-2025
171424,16069.0,1,Infibeam Avenues Ltd.,IT,Information Technology,Domestic Equities,3066.0,2910.0,5.360824742268041,0.0051,0.00529038,-3.598607283408753,0.0141167092013264,1100,infibeam-avenues,Small Cap,Mar-2025
152279,8202.0,1,Rain Industries Ltd.,Crude Oil,Crude Oil,Domestic Equities,379.0,363.0,4.40771349862259,0.0051,0.004412991,15.567876752977744,0.0141167092013264,1100,rain-industries,Small Cap,Mar-2025
57091,15072.0,1,Balu Forge Industries Ltd.,Capital Goods,Capital Goods,Domestic Equities,79.0,,,0.0051,,,0.0141167092013264,1100,balu-forge-industries,Small Cap,Mar-2025
505,6857.0,1,Central Bank Of India,Bank,Banking,Domestic Equities,1183.0,1125.0,5.155555555555556,0.0051,0.00494775,3.077156283159009,0.0141167092013264,1100,central-bank-of-india,Mid Cap,Mar-2025
640,7202.0,1,J Kumar Infraprojects Ltd.,Infrastructure,Infrastructure,Domestic Equities,79.0,75.0,5.333333333333334,0.005,0.0050475,-0.9410599306587482,0.0138399109816926,1100,j-kumar-infraprojects,Small Cap,Mar-2025
134998,7943.0,1,PC Jeweller Ltd.,Diamond  &  Jewellery,Diamond & Jewellery,Domestic Equities,3827.0,,,0.005,,,0.0138399109816926,1100,pc-jeweller,Small Cap,Mar-2025
137807,98607.0,1,GR Infraprojects Ltd.,Infrastructure,Infrastructure,Domestic Equities,48.0,45.0,6.666666666666667,0.005,0.004524075,10.519830020501423,0.0138399109816926,1100,gr-infraprojects,Small Cap,Mar-2025
76446,99976.0,1,Epigral Ltd.,Chemicals,Chemicals,Domestic Equities,26.0,25.0,4.0,0.005,0.0040333750000000005,23.965661511761237,0.0138399109816926,1100,epigral,Small Cap,Mar-2025
37897,5454.0,1,Tilaknagar Industries Ltd.,Alcohol,Alcohol,Domestic Equities,210.0,198.0,6.0606060606060606,0.005,0.00438966,13.904038125959636,0.0138399109816926,1100,tilaknagar-industries,Small Cap,Mar-2025
42557,112281.0,1,Inventurus Knowledge Solutions Ltd.,IT,Information Technology,Domestic Equities,33.0,,,0.005,,,0.0138399109816926,1100,inventurus-knowledge-solutions,Mid Cap,Mar-2025
23093,92714.0,1,IIFL Capital Services Ltd.,Finance,Finance,Domestic Equities,225.0,213.0,5.633802816901409,0.0049,0.004627425,5.89042502039471,0.0135631127620587,1100,iifl-capital-services,Small Cap,Mar-2025
518,6748.0,1,Kaveri Seed Company Ltd.,Agri,Agriculture,Domestic Equities,39.0,37.0,5.405405405405405,0.0049,0.003703515,32.3067410284554,0.0135631127620587,1100,kaveri-seed-company,Small Cap,Mar-2025
76000,6304.0,1,Rajesh Exports Ltd.,Diamond  &  Jewellery,Diamond & Jewellery,Domestic Equities,264.0,251.0,5.179282868525896,0.0049,0.003996422,22.609674353709387,0.0135631127620587,1100,rajesh-exports,Small Cap,Mar-2025
135194,112166.0,1,Niva Bupa Health Insurance Company Ltd.,Insurance,Finance,Domestic Equities,626.0,,,0.0049,,,0.0135631127620587,1100,niva-bupa-health-insurance-company,Small Cap,Mar-2025
76083,6699.0,1,Ashoka Buildcon Ltd.,Infrastructure,Infrastructure,Domestic Equities,251.0,239.0,5.02092050209205,0.0048,0.004114385,16.66385134108743,0.0132863145424249,1100,ashoka-buildcon,Small Cap,Mar-2025
133428,5610.0,1,Jain Irrigation Systems Ltd.,Plastic Products,Plastic Products,Domestic Equities,836.0,717.0,16.596931659693166,0.0048,0.0039599909999999995,21.212396694840972,0.0132863145424249,1100,jain-irrigation-systems,Small Cap,Mar-2025
152605,7848.0,1,Ahluwalia Contracts (India) Ltd.,Realty,Realty,Domestic Equities,58.0,56.0,3.571428571428571,0.0048,0.00361844,32.65385083074474,0.0132863145424249,1100,ahluwalia-contracts-india,Small Cap,Mar-2025
114424,7958.0,1,JK Paper Ltd.,Paper,Paper,Domestic Equities,151.0,144.0,4.861111111111112,0.004699999999999999,0.00413928,13.546317233915065,0.013009516322791,1100,jk-paper,Small Cap,Mar-2025
43013,99994.0,1,Tega Industries Ltd.,Capital Goods,Capital Goods,Domestic Equities,32.0,31.0,3.225806451612903,0.004699999999999999,0.004100835,14.610804872666172,0.013009516322791,1100,tega-industries,Small Cap,Mar-2025
207271,109317.0,1,Netweb Technologies India Ltd.,Consumer Durables,Consumer Durables,Domestic Equities,31.0,30.0,3.3333333333333335,0.004699999999999999,0.0043617,7.756150124951273,0.013009516322791,1100,netweb-technologies-india,Small Cap,Mar-2025
75882,7888.0,1,Zydus Wellness Ltd.,FMCG,Fast Moving Consumer Goods,Domestic Equities,28.0,27.0,3.7037037037037033,0.004699999999999999,0.0042155100000000004,11.493034057563607,0.013009516322791,1100,zydus-wellness,Small Cap,Mar-2025
133666,8476.0,1,JBM Auto Ltd.,Automobile & Ancillaries,Automobile & Ancillaries,Domestic Equities,79.0,75.0,5.333333333333334,0.004699999999999999,0.0038737500000000005,21.329461116489178,0.013009516322791,1100,jbm-auto,Small Cap,Mar-2025
94611,8169.0,1,Ganesha Ecosphere Ltd.,Textile,Textile,Domestic Equities,30.0,,,0.004699999999999999,,,0.013009516322791,1100,ganesha-ecosphere,Small Cap,Mar-2025
152110,5928.0,1,ITI Ltd.,Telecom,Telecom,Domestic Equities,189.0,180.0,5.0,0.004699999999999999,0.0044289,6.121158752737692,0.013009516322791,1100,iti,Small Cap,Mar-2025
171883,5324.0,1,Mangalore Refinery And Petrochemicals Ltd.,Crude Oil,Crude Oil,Domestic Equities,350.0,342.0,2.3391812865497075,0.004699999999999999,0.0036183599999999997,29.89310074177251,0.013009516322791,1100,mangalore-refinery-and-petrochemicals,Small Cap,Mar-2025
133876,6889.0,1,MOIL Ltd.,Mining,Mining,Domestic Equities,141.0,134.0,5.223880597014925,0.0046,0.0038893499999999998,18.27169064239527,0.0127327181031572,1100,moil,Small Cap,Mar-2025
192488,100187.0,1,CE Info Systems Ltd.,IT,Information Technology,Domestic Equities,27.0,26.0,3.8461538461538463,0.0046,0.00432848,6.272871770228812,0.0127327181031572,1100,ce-info-systems,Small Cap,Mar-2025
174214,92744.0,1,Samhi Hotels Ltd.,Hospitality,Hospitality,Domestic Equities,325.0,309.0,5.177993527508091,0.0046,0.004440948,3.581487556260512,0.0127327181031572,1100,samhi-hotels,Small Cap,Mar-2025
19274,6773.0,1,Ganesh Housing Corporation Ltd.,Realty,Realty,Domestic Equities,43.0,41.0,4.878048780487805,0.0046,0.004438865,3.630094630046195,0.0127327181031572,1100,ganesh-housing-corporation,Small Cap,Mar-2025
171829,5244.0,1,Thangamayil Jewellery Ltd.,Diamond  &  Jewellery,Diamond & Jewellery,Domestic Equities,23.0,,,0.0046,,,0.0127327181031572,1100,thangamayil-jewellery,Small Cap,Mar-2025
210775,110911.0,1,Cello World Ltd.,Trading,Trading,Domestic Equities,85.0,80.0,6.25,0.0046,0.0044312,3.809351868568335,0.0127327181031572,1100,cello-world,Small Cap,Mar-2025
219753,112169.0,1,Sagility India Ltd.,Business Services,Other,Domestic Equities,1073.0,,,0.0046,,,0.0127327181031572,1100,sagility-india,Small Cap,Mar-2025
97967,101080.0,1,eMudhra Ltd.,IT,Information Technology,Domestic Equities,53.0,50.0,6.0,0.0045000000000000005,0.0042465,5.96962204168138,0.0124559198835233,1100,emudhra,Small Cap,Mar-2025
175396,92940.0,1,Restaurant Brands Asia Ltd.,Hospitality,Hospitality,Domestic Equities,740.0,702.0,5.413105413105413,0.0045000000000000005,0.004477356,0.5057449083789628,0.0124559198835233,1100,restaurant-brands-asia,Small Cap,Mar-2025
114673,111130.0,1,Inox India Ltd.,Capital Goods,Capital Goods,Domestic Equities,44.0,41.0,7.317073170731707,0.0044,0.0039318999999999995,11.90518578804141,0.0121791216638894,1100,inox-india,Small Cap,Mar-2025
37858,5520.0,1,Alkyl Amines Chemicals Ltd.,Chemicals,Chemicals,Domestic Equities,27.0,25.0,8.0,0.0044,0.003977125000000001,10.632680642423855,0.0121791216638894,1100,alkyl-amines-chemicals,Small Cap,Mar-2025
133479,8056.0,1,Mahindra Lifespace Developers Ltd.,Realty,Realty,Domestic Equities,148.0,140.0,5.714285714285714,0.0044,0.0044358999999999996,-0.8093058905746258,0.0121791216638894,1100,mahindra-lifespace-developers,Small Cap,Mar-2025
67,7522.0,1,Borosil Renewables Ltd.,Construction Materials,Construction Materials,Domestic Equities,91.0,88.0,3.4090909090909087,0.0044,0.004422,-0.49751243781094073,0.0121791216638894,1100,borosil-renewables,Small Cap,Mar-2025
152476,5252.0,1,Shree Renuka Sugars Ltd.,Agri,Agriculture,Domestic Equities,1566.0,1489.0,5.171255876427132,0.0043,0.004096239,4.974343538060159,0.0119023234442556,1100,shree-renuka-sugars,Small Cap,Mar-2025
19032,5817.0,1,Dynamatic Technologies Ltd.,Capital Goods,Capital Goods,Domestic Equities,7.0,7.0,0.0,0.0043,0.004743165,-9.343233895510695,0.0119023234442556,1100,dynamatic-technologies,Small Cap,Mar-2025
114439,5439.0,1,Gujarat Mineral Development Corporation Ltd.,Mining,Mining,Domestic Equities,162.0,154.0,5.194805194805195,0.0043,0.00371756,15.667265625840612,0.0119023234442556,1100,gujarat-mineral-development-corporation,Small Cap,Mar-2025
210731,110843.0,1,Redtape Ltd.,Retailing,Retailing,Domestic Equities,292.0,277.0,5.415162454873646,0.0043,0.004012345,7.169248905565199,0.0119023234442556,1100,redtape,Small Cap,Mar-2025
133537,5258.0,1,Sterlite Technologies Ltd.,Electricals,Electricals,Domestic Equities,527.0,501.0,5.189620758483033,0.0043,0.004319622,-0.4542527100751003,0.0119023234442556,1100,sterlite-technologies,Small Cap,Mar-2025
685,6024.0,1,Dhani Services Ltd.,Finance,Finance,Domestic Equities,760.0,722.0,5.263157894736842,0.0043,0.004177492,2.9325729408937242,0.0119023234442556,1100,dhani-services,Small Cap,Mar-2025
152327,6266.0,1,Thomas Cook (India) Ltd.,Hospitality,Hospitality,Domestic Equities,319.0,304.0,4.934210526315789,0.0043,0.00379696,13.248493531667444,0.0119023234442556,1100,thomas-cook-india,Small Cap,Mar-2025
201953,105633.0,1,Blue Jet Healthcare Ltd.,Healthcare,Healthcare,Domestic Equities,47.0,45.0,4.444444444444445,0.0042,0.0033929999999999997,23.7842617152962,0.0116255252246217,1100,blue-jet-healthcare,Small Cap,Mar-2025
221192,112302.0,1,International Gemmological Institute (India) Ltd.,Business Services,Other,Domestic Equities,109.0,,,0.0042,,,0.0116255252246217,1100,international-gemmological-institute-india,Small Cap,Mar-2025
32,5828.0,1,Greaves Cotton Ltd.,Automobile & Ancillaries,Automobile & Ancillaries,Domestic Equities,197.0,187.0,5.347593582887701,0.0042,0.004275755,-1.7717338809169405,0.0116255252246217,1100,greaves-cotton,Small Cap,Mar-2025
57579,16047.0,1,Healthcare Global Enterprises Ltd.,Healthcare,Healthcare,Domestic Equities,78.0,74.0,5.405405405405405,0.0042,0.00371221,13.140151015163463,0.0116255252246217,1100,healthcare-global-enterprises,Small Cap,Mar-2025
98379,98534.0,1,Jana Small Finance Bank Ltd.,Bank,Banking,Domestic Equities,104.0,98.0,6.122448979591836,0.0042,0.00399938,5.0162775230160594,0.0116255252246217,1100,jana-small-finance-bank,Small Cap,Mar-2025
176637,93115.0,1,Easy Trip Planners Ltd.,Hospitality,Hospitality,Domestic Equities,3465.0,3295.0,5.159332321699544,0.0040999999999999995,0.0038617400000000002,6.169757674001864,0.0113487270049879,1100,easy-trip-planners,Small Cap,Mar-2025
2225,17089.0,1,Dilip Buildcon Ltd.,Realty,Infrastructure,Domestic Equities,86.0,81.0,6.172839506172839,0.0040999999999999995,0.003346515,22.51551240618972,0.0113487270049879,1100,dilip-buildcon,Small Cap,Mar-2025
95406,100018.0,1,Emcure Pharmaceuticals Ltd.,Healthcare,Healthcare,Domestic Equities,38.0,30.0,26.666666666666668,0.0040999999999999995,0.0029451,39.214288139621736,0.0113487270049879,1100,emcure-pharmaceuticals,Small Cap,Mar-2025
56976,4893.0,1,KRBL Ltd.,FMCG,Fast Moving Consumer Goods,Domestic Equities,151.0,170.0,-11.176470588235295,0.0040999999999999995,0.0043044,-4.748629309543726,0.0113487270049879,1100,krbl,Small Cap,Mar-2025
75571,8023.0,1,Sunteck Realty Ltd.,Realty,Realty,Domestic Equities,106.0,100.0,6.0,0.0040999999999999995,0.003655,12.175102599179203,0.0113487270049879,1100,sunteck-realty,Small Cap,Mar-2025
39503,103957.0,1,Gateway Distriparks Ltd.,Logistics,Logistics,Domestic Equities,666.0,633.0,5.213270142180095,0.004,0.003790404,5.529648026964941,0.011071928785354,1100,gateway-distriparks,Small Cap,Mar-2025
133066,6858.0,1,Indo Count Industries Ltd.,Textile,Textile,Domestic Equities,156.0,148.0,5.405405405405405,0.004,0.00391238,2.2395575071951215,0.011071928785354,1100,indo-count-industries,Small Cap,Mar-2025
171778,6916.0,1,Shoppers Stop Ltd.,Retailing,Retailing,Domestic Equities,73.0,,,0.004,,,0.011071928785354,1100,shoppers-stop,Small Cap,Mar-2025
39589,15972.0,1,TeamLease Services Ltd.,Business Services,Other,Domestic Equities,22.0,21.0,4.761904761904762,0.004,0.0040929,-2.2697842605487466,0.011071928785354,1100,teamlease-services,Small Cap,Mar-2025
182,6786.0,1,Bharat Bijlee Ltd.,Capital Goods,Capital Goods,Domestic Equities,14.0,13.0,7.6923076923076925,0.004,0.00324324,23.333456666790006,0.011071928785354,1100,bharat-bijlee,Small Cap,Mar-2025
191914,99958.0,1,Le Travenues Technology Ltd.,Hospitality,Hospitality,Domestic Equities,281.0,193.0,45.59585492227979,0.004,0.0025838840000000003,54.80571109229362,0.011071928785354,1100,le-travenues-technology,Small Cap,Mar-2025
133628,7605.0,1,UCO Bank,Bank,Banking,Domestic Equities,1086.0,1032.0,5.232558139534884,0.0039000000000000003,0.0037533840000000002,3.9062350135237947,0.0107951305657202,1100,uco-bank,Mid Cap,Mar-2025
57098,5912.0,1,Patel Engineering Ltd.,Infrastructure,Infrastructure,Domestic Equities,988.0,939.0,5.218317358892439,0.0039000000000000003,0.0040790159999999995,-4.388705511329194,0.0107951305657202,1100,patel-engineering,Small Cap,Mar-2025
195785,102076.0,1,Aether Industries Ltd.,Chemicals,Chemicals,Domestic Equities,47.0,45.0,4.444444444444445,0.0039000000000000003,0.003849075,1.3230451472106934,0.0107951305657202,1100,aether-industries,Small Cap,Mar-2025
210698,111666.0,1,Max Estates Ltd.,Realty,Realty,Domestic Equities,101.0,,,0.0039000000000000003,,,0.0107951305657202,1100,max-estates,Small Cap,Mar-2025
504,5119.0,1,Refex Industries Ltd.,Inds. Gases & Fuels,Industrials Gases & Fuels,Domestic Equities,101.0,,,0.0038,,,0.0105183323460863,1100,refex-industries,Small Cap,Mar-2025
519,6606.0,1,Paisalo Digital Ltd.,Finance,Finance,Domestic Equities,1122.0,1065.0,5.352112676056338,0.0038,0.003952215,-3.85138460331738,0.0105183323460863,1100,paisalo-digital,Small Cap,Mar-2025
152602,8520.0,1,Pearl Global Industries Ltd.,Textile,Textile,Domestic Equities,29.0,,,0.0038,,,0.0105183323460863,1100,pearl-global-industries,Small Cap,Mar-2025
95085,5966.0,1,FDC Ltd.,Healthcare,Healthcare,Domestic Equities,96.0,91.0,5.4945054945054945,0.0038,0.00347529,9.343392925482487,0.0105183323460863,1100,fdc,Small Cap,Mar-2025
174597,97684.0,1,Indigo Paints Ltd.,Chemicals,Chemicals,Domestic Equities,40.0,38.0,5.263157894736842,0.0038,0.0038754300000000005,-1.9463646614698298,0.0105183323460863,1100,indigo-paints,Small Cap,Mar-2025
8162,87681.0,1,H.G. Infra Engineering Ltd.,Infrastructure,Infrastructure,Domestic Equities,36.0,34.0,5.88235294117647,0.0038,0.00327896,15.890404274526063,0.0105183323460863,1100,hg-infra-engineering,Small Cap,Mar-2025
152276,6275.0,1,Surya Roshni Ltd.,Iron & Steel,Iron & Steel,Domestic Equities,156.0,148.0,5.405405405405405,0.0038,0.00316424,20.09202841756631,0.0105183323460863,1100,surya-roshni,Small Cap,Mar-2025
171818,5576.0,1,Nocil Ltd.,Chemicals,Chemicals,Domestic Equities,213.0,203.0,4.926108374384237,0.0037,0.003512103,5.349985464549309,0.0102415341264525,1100,nocil,Small Cap,Mar-2025
40233,98928.0,1,Supriya Lifescience Ltd.,Healthcare,Healthcare,Domestic Equities,50.0,23.0,117.3913043478261,0.0037,0.0013740199999999999,169.28283431099985,0.0102415341264525,1100,supriya-lifescience,Small Cap,Mar-2025
155654,90605.0,1,Neogen Chemicals Ltd.,Chemicals,Chemicals,Domestic Equities,24.0,23.0,4.3478260869565215,0.0037,0.00383893,-3.61897716290737,0.0102415341264525,1100,neogen-chemicals,Small Cap,Mar-2025
133406,6580.0,1,AGI Greenpac Ltd.,FMCG,Fast Moving Consumer Goods,Domestic Equities,49.0,47.0,4.25531914893617,0.0037,0.00298873,23.79840266601533,0.0102415341264525,1100,agi-greenpac,Small Cap,Mar-2025
201312,105351.0,1,Avalon Technologies Ltd.,Electricals,Electricals,Domestic Equities,49.0,46.0,6.521739130434782,0.0037,0.00305647,21.05468072645895,0.0102415341264525,1100,avalon-technologies,Small Cap,Mar-2025
171423,6205.0,1,Nesco Ltd.,Capital Goods,Capital Goods,Domestic Equities,41.0,39.0,5.128205128205128,0.0037,0.0033929999999999997,9.048040082522842,0.0102415341264525,1100,nesco,Small Cap,Mar-2025
133083,6007.0,1,Alok Industries Ltd.,Textile,Textile,Domestic Equities,2440.0,2319.0,5.217766278568348,0.0037,0.0035619840000000002,3.8746945522495237,0.0102415341264525,1100,alok-industries,Small Cap,Mar-2025
160292,110213.0,1,ASK Automotive Ltd.,Automobile & Ancillaries,Automobile & Ancillaries,Domestic Equities,81.0,77.0,5.194805194805195,0.0036,0.00279741,28.690467253638175,0.00996473590681864,1100,ask-automotive,Small Cap,Mar-2025
171754,5110.0,1,VIP Industries Ltd.,FMCG,Fast Moving Consumer Goods,Domestic Equities,130.0,124.0,4.838709677419355,0.0036,0.0037516199999999998,-4.04145409183233,0.00996473590681864,1100,vip-industries,Small Cap,Mar-2025
195761,102061.0,1,Campus Activewear Ltd.,FMCG,Retailing,Domestic Equities,157.0,149.0,5.369127516778524,0.0036,0.003883685,-7.30453164970898,0.00996473590681864,1100,campus-activewear,Small Cap,Mar-2025
152286,7340.0,1,Rallis India Ltd.,Chemicals,Chemicals,Domestic Equities,168.0,161.0,4.3478260869565215,0.0036,0.00337617,6.629701703409481,0.00996473590681864,1100,rallis-india,Small Cap,Mar-2025
171704,7556.0,1,Cigniti Technologies Ltd.,IT,Information Technology,Domestic Equities,24.0,25.0,-4.0,0.0034999999999999996,0.00330975,5.748168290656381,0.00968793768718479,1100,cigniti-technologies,Small Cap,Mar-2025
76241,86002.0,1,Star Cement Ltd.,Construction Materials,Construction Materials,Domestic Equities,165.0,154.0,7.142857142857142,0.0034999999999999996,0.0031101839999999998,12.533534993428045,0.00968793768718479,1100,star-cement,Small Cap,Mar-2025
254,7400.0,1,Polyplex Corporation Ltd.,Plastic Products,Plastic Products,Domestic Equities,29.0,28.0,3.571428571428571,0.0034999999999999996,0.00303702,15.244548932835459,0.00968793768718479,1100,polyplex-corporation,Small Cap,Mar-2025
153043,7287.0,1,Just Dial Ltd.,Business Services,Information Technology,Domestic Equities,43.0,41.0,4.878048780487805,0.0034999999999999996,0.003445025,1.595779421049191,0.00968793768718479,1100,just-dial,Small Cap,Mar-2025
673,8549.0,1,Man InfraConstruction Ltd.,Infrastructure,Infrastructure,Domestic Equities,238.0,226.0,5.3097345132743365,0.0034999999999999996,0.0033436700000000004,4.675401579701331,0.00968793768718479,1100,man-infraconstruction,Small Cap,Mar-2025
211886,111359.0,1,Entero Healthcare Solutions Ltd.,Trading,Trading,Domestic Equities,31.0,30.0,3.3333333333333335,0.0034999999999999996,0.00379455,-7.76244877521709,0.00968793768718479,1100,entero-healthcare-solutions,Small Cap,Mar-2025
133292,6154.0,1,Bajaj Hindusthan Sugar Ltd.,Agri,Agriculture,Domestic Equities,1770.0,1680.0,5.357142857142857,0.0034000000000000002,0.0031281599999999996,8.69009257838475,0.00941113946755094,1100,bajaj-hindusthan-sugar,Small Cap,Mar-2025
289,5004.0,1,Rashtriya Chemicals and Fertilizers Ltd.,Chemicals,Chemicals,Domestic Equities,271.0,258.0,5.038759689922481,0.0034000000000000002,0.003019116,12.615745801088805,0.00941113946755094,1100,rashtriya-chemicals-and-fertilizers,Small Cap,Mar-2025
75723,6469.0,1,Shivalik Bimetal Controls Ltd.,Non - Ferrous Metals,Non - Ferrous Metals,Domestic Equities,74.0,70.0,5.714285714285714,0.0034000000000000002,0.0028427,19.604601259366095,0.00941113946755094,1100,shivalik-bimetal-controls,Small Cap,Mar-2025
171642,5835.0,1,Symphony Ltd.,Consumer Durables,Consumer Durables,Domestic Equities,30.0,29.0,3.4482758620689653,0.0034000000000000002,0.0030800899999999997,10.386384813430793,0.00941113946755094,1100,symphony,Small Cap,Mar-2025
782,108121.0,1,Cyient DLM Ltd.,Electricals,Capital Goods,Domestic Equities,74.0,71.0,4.225352112676056,0.0034000000000000002,0.002860235,18.871351479860934,0.00941113946755094,1100,cyient-dlm,Small Cap,Mar-2025
139531,7409.0,1,Gulf Oil Lubricants India Ltd.,Automobile & Ancillaries,Automobile & Ancillaries,Domestic Equities,30.0,29.0,3.4482758620689653,0.0034000000000000002,0.003185505,6.73346926154566,0.00941113946755094,1100,gulf-oil-lubricants-india,Small Cap,Mar-2025
114765,102573.0,1,TVS Supply Chain Solutions Ltd.,Logistics,Logistics,Domestic Equities,274.0,261.0,4.980842911877394,0.0033,0.003594231,-8.186201721592179,0.00913434124791709,1100,tvs-supply-chain-solutions,Small Cap,Mar-2025
77419,105086.0,1,Sula Vineyards Ltd.,Alcohol,Alcohol,Domestic Equities,123.0,116.0,6.0344827586206895,0.0033,0.00294408,12.089345398222878,0.00913434124791709,1100,sula-vineyards,Small Cap,Mar-2025
171352,4930.0,1,Prism Johnson Ltd.,Construction Materials,Construction Materials,Domestic Equities,242.0,,,0.0033,,,0.00913434124791709,1100,prism-johnson,Small Cap,Mar-2025
171440,6777.0,1,Greenply Industries Ltd.,Construction Materials,Construction Materials,Domestic Equities,116.0,111.0,4.504504504504505,0.0033,0.00302586,9.059903630703335,0.00913434124791709,1100,greenply-industries,Small Cap,Mar-2025
154646,104894.0,1,Allied Blenders And Distillers Ltd.,Alcohol,Alcohol,Domestic Equities,105.0,,,0.0032,,,0.00885754302828323,1100,allied-blenders-and-distillers,Small Cap,Mar-2025
193124,100508.0,1,Electronics Mart India Ltd.,Retailing,Retailing,Domestic Equities,264.0,251.0,5.179282868525896,0.0032,0.003163353,1.1584859482960077,0.00885754302828323,1100,electronics-mart-india,Small Cap,Mar-2025
133009,8651.0,1,Heritage Foods Ltd.,FMCG,Fast Moving Consumer Goods,Domestic Equities,83.0,80.0,3.75,0.0032,0.002892,10.65006915629322,0.00885754302828323,1100,heritage-foods,Small Cap,Mar-2025
56678,7680.0,1,VST Industries Ltd.,FMCG,Fast Moving Consumer Goods,Domestic Equities,120.0,114.0,5.263157894736842,0.0032,0.00287679,11.235091890614186,0.00885754302828323,1100,vst-industries,Small Cap,Mar-2025
39045,88307.0,1,Varroc Engineering Ltd.,Automobile & Ancillaries,Automobile & Ancillaries,Domestic Equities,75.0,71.0,5.633802816901409,0.0032,0.002995135,6.839925412377077,0.00885754302828323,1100,varroc-engineering,Small Cap,Mar-2025
39285,6684.0,1,Skipper Ltd.,Capital Goods,Capital Goods,Domestic Equities,74.0,,,0.0032,,,0.00885754302828323,1100,skipper,Small Cap,Mar-2025
152319,8540.0,1,Sunflag Iron And Steel Company Ltd.,Iron & Steel,Iron & Steel,Domestic Equities,131.0,125.0,4.8,0.0031,0.0026305,17.84831781030222,0.00858074480864938,1100,sunflag-iron-and-steel-company,Small Cap,Mar-2025
39606,5158.0,1,Wonderla Holidays Ltd.,Hospitality,Hospitality,Domestic Equities,47.0,44.0,6.8181818181818175,0.0031,0.00281314,10.197146249386801,0.00858074480864938,1100,wonderla-holidays,Small Cap,Mar-2025
198396,104128.0,1,Yatharth Hospital & Trauma Care Services Ltd.,Healthcare,Healthcare,Domestic Equities,73.0,69.0,5.797101449275362,0.0031,0.002476065,25.198651893225737,0.00858074480864938,1100,yatharth-hospital-trauma-care-services,Small Cap,Mar-2025
84751,89823.0,1,Senco Gold Ltd.,Diamond  &  Jewellery,Diamond & Jewellery,Domestic Equities,115.0,110.0,4.545454545454546,0.0031,0.0032312499999999997,-4.061895551257252,0.00858074480864938,1100,senco-gold,Small Cap,Mar-2025
133299,5776.0,1,Banco Products (India) Ltd.,Automobile & Ancillaries,Automobile & Ancillaries,Domestic Equities,87.0,83.0,4.819277108433735,0.003,0.00262363,14.345391690139225,0.00830394658901553,1100,banco-products-india,Small Cap,Mar-2025
75679,8032.0,1,Sequent Scientific Ltd.,Healthcare,Healthcare,Domestic Equities,232.0,220.0,5.454545454545454,0.003,0.0032694200000000003,-8.240605367312863,0.00830394658901553,1100,sequent-scientific,Small Cap,Mar-2025
188394,98230.0,1,Paras Defence And Space Technologies Ltd.,Capital Goods,Capital Goods,Domestic Equities,31.0,28.0,10.714285714285714,0.003,0.00244916,22.49097649806464,0.00830394658901553,1100,paras-defence-and-space-technologies,Small Cap,Mar-2025
102185,102621.0,1,Inox Green Energy Services Ltd.,Infrastructure,Infrastructure,Domestic Equities,253.0,243.0,4.11522633744856,0.003,0.0029288789999999997,2.4282669239664765,0.00830394658901553,1100,inox-green-energy-services,Small Cap,Mar-2025
152564,7776.0,1,Fiem Industries Ltd.,Automobile & Ancillaries,Automobile & Ancillaries,Domestic Equities,21.0,20.0,5.0,0.003,0.0027459,9.253796569430783,0.00830394658901553,1100,fiem-industries,Small Cap,Mar-2025
171464,5049.0,1,Jamna Auto Industries Ltd.,Automobile & Ancillaries,Automobile & Ancillaries,Domestic Equities,382.0,363.0,5.234159779614325,0.0029,0.002584197,12.220546653370471,0.00802714836938168,1100,jamna-auto-industries,Small Cap,Mar-2025
133806,98191.0,1,Laxmi Organic Industries Ltd.,Chemicals,Chemicals,Domestic Equities,165.0,156.0,5.769230769230769,0.0029,0.002739516,5.858115083102257,0.00802714836938168,1100,laxmi-organic-industries,Small Cap,Mar-2025
63725,92864.0,1,Route Mobile Ltd.,IT,Information Technology,Domestic Equities,31.0,29.0,6.896551724137931,0.0029,0.00284229,2.030405060708081,0.00802714836938168,1100,route-mobile,Small Cap,Mar-2025
152598,7090.0,1,Technocraft Industries (India) Ltd.,Iron & Steel,Iron & Steel,Domestic Equities,11.0,10.0,10.0,0.0029,0.0024756,17.143318791404095,0.00802714836938168,1100,technocraft-industries-india,Small Cap,Mar-2025
171515,5866.0,1,Sun Pharma Advanced Research Company Ltd.,Business Services,Healthcare,Domestic Equities,195.0,186.0,4.838709677419355,0.0029,0.002090454,38.7258461559068,0.00802714836938168,1100,sun-pharma-advanced-research-company,Small Cap,Mar-2025
75661,5225.0,1,Lloyds Enterprises Ltd.,Trading,Trading,Domestic Equities,654.0,,,0.0029,,,0.00802714836938168,1100,lloyds-enterprises,Small Cap,Mar-2025
65256,86779.0,1,Acme Solar Holdings Ltd.,Power,Power,Domestic Equities,153.0,,,0.0029,,,0.00802714836938168,1100,acme-solar-holdings,Small Cap,Mar-2025
428,6829.0,1,Hikal Ltd.,Healthcare,Healthcare,Domestic Equities,72.0,68.0,5.88235294117647,0.0029,0.00238476,21.605528438920473,0.00802714836938168,1100,hikal,Small Cap,Mar-2025
40323,8128.0,1,RattanIndia Enterprises Ltd.,Business Services,Other,Domestic Equities,682.0,648.0,5.246913580246913,0.0028000000000000004,0.002658744,5.312884580087446,0.00775035014974783,1100,rattanindia-enterprises,Small Cap,Mar-2025
152326,6287.0,1,Thirumalai Chemicals Ltd.,Chemicals,Chemicals,Domestic Equities,115.0,109.0,5.5045871559633035,0.0028000000000000004,0.002316904,20.850928653064624,0.00775035014974783,1100,thirumalai-chemicals,Small Cap,Mar-2025
171614,5038.0,1,Gujarat Ambuja Exports Ltd.,Agri,Agriculture,Domestic Equities,272.0,260.0,4.615384615384616,0.0028000000000000004,0.0026985399999999997,3.7598108606876477,0.00775035014974783,1100,gujarat-ambuja-exports,Small Cap,Mar-2025
116244,86677.0,1,Dishman Carbogen Amcis Ltd.,Healthcare,Healthcare,Domestic Equities,125.0,119.0,5.042016806722689,0.0027,0.00237048,13.900982079578823,0.00747355193011398,1100,dishman-carbogen-amcis,Small Cap,Mar-2025
152239,7211.0,1,Heidelberg Cement India Ltd.,Construction Materials,Construction Materials,Domestic Equities,135.0,129.0,4.651162790697675,0.0027,0.002482218,8.773685470011106,0.00747355193011398,1100,heidelberg-cement-india,Small Cap,Mar-2025
59969,6489.0,1,JTL Industries Ltd,Iron & Steel,Iron & Steel,Domestic Equities,353.0,326.0,8.282208588957054,0.0027,0.002638644,2.32528526015636,0.00747355193011398,1100,jtl-industries,Small Cap,Mar-2025
65894,112188.0,1,Zinka Logistics Solutions Ltd.,Logistics,Logistics,Domestic Equities,62.0,,,0.0026,,,0.00719675371048013,1100,zinka-logistics-solutions,Small Cap,Mar-2025
200319,104923.0,1,Innova Captab Ltd.,Healthcare,Healthcare,Domestic Equities,30.0,,,0.0026,,,0.00719675371048013,1100,innova-captab,Small Cap,Mar-2025
182599,95655.0,1,Borosil Ltd.,Consumer Durables,Consumer Durables,Domestic Equities,77.0,73.0,5.47945205479452,0.0026,0.002253875,15.356885364095177,0.00719675371048013,1100,borosil,Small Cap,Mar-2025
172778,92545.0,1,Greenpanel Industries Ltd.,Construction Materials,Construction Materials,Domestic Equities,113.0,107.0,5.607476635514018,0.0026,0.002877765,-9.652108493918018,0.00719675371048013,1100,greenpanel-industries,Small Cap,Mar-2025
57351,17074.0,1,Advanced Enzyme Technologies Ltd.,Healthcare,Healthcare,Domestic Equities,93.0,89.0,4.49438202247191,0.0026,0.002312665,12.424410798797055,0.00719675371048013,1100,advanced-enzyme-technologies,Small Cap,Mar-2025
152666,87989.0,1,Mishra Dhatu Nigam Ltd.,Iron & Steel,Iron & Steel,Domestic Equities,96.0,91.0,5.4945054945054945,0.0026,0.002212665,17.505361182103936,0.00719675371048013,1100,mishra-dhatu-nigam,Small Cap,Mar-2025
38457,7732.0,1,The Orissa Minerals Development Company Ltd.,Mining,Mining,Domestic Equities,5.0,5.0,0.0,0.0025,0.0025391750000000003,-1.5428239487235098,0.00691995549084628,1100,the-orissa-minerals-development-company,Small Cap,Mar-2025
133648,6385.0,1,Datamatics Global Services Ltd.,IT,Information Technology,Domestic Equities,39.0,37.0,5.405405405405405,0.0025,0.00211751,18.063196868019517,0.00691995549084628,1100,datamatics-global-services,Small Cap,Mar-2025
39219,111883.0,1,Akums Drugs & Pharmaceuticals Ltd.,Healthcare,Healthcare,Domestic Equities,53.0,39.0,35.8974358974359,0.0025,0.00177645,40.730107799262576,0.00691995549084628,1100,akums-drugs-pharmaceuticals,Small Cap,Mar-2025
38106,5893.0,1,Stylam Industries Ltd.,Construction Materials,Construction Materials,Domestic Equities,15.0,13.0,15.384615384615385,0.0025,0.00204932,21.99168504674721,0.00691995549084628,1100,stylam-industries,Small Cap,Mar-2025
57043,5095.0,1,Balaji Amines Ltd.,Chemicals,Chemicals,Domestic Equities,21.0,20.0,5.0,0.0025,0.0025867,-3.351760930915843,0.00691995549084628,1100,balaji-amines,Small Cap,Mar-2025
19092,7145.0,1,IFB Industries Ltd.,Consumer Durables,Consumer Durables,Domestic Equities,19.0,18.0,5.555555555555555,0.0025,0.0019269900000000002,29.73601316042117,0.00691995549084628,1100,ifb-industries,Small Cap,Mar-2025
114419,8319.0,1,Vaibhav Global Ltd.,Retailing,Retailing,Domestic Equities,114.0,103.0,10.679611650485436,0.0025,0.002326255,7.468871641329083,0.00691995549084628,1100,vaibhav-global,Small Cap,Mar-2025
2348,5821.0,1,Sharda Cropchem Ltd.,Chemicals,Chemicals,Domestic Equities,44.0,,,0.0025,,,0.00691995549084628,1100,sharda-cropchem,Small Cap,Mar-2025
171329,5022.0,1,Bombay Dyeing And Manufacturing Company Ltd.,Textile,Textile,Domestic Equities,185.0,176.0,5.113636363636364,0.0024,0.0022334399999999997,7.457554266064907,0.00664315727121243,1100,bombay-dyeing-and-manufacturing-company,Small Cap,Mar-2025
133836,91540.0,1,MSTC Ltd.,Trading,Information Technology,Domestic Equities,48.0,45.0,6.666666666666667,0.0024,0.00195165,22.972869110752434,0.00664315727121243,1100,mstc,Small Cap,Mar-2025
186383,97418.0,1,TARC Ltd.,Realty,Realty,Domestic Equities,197.0,188.0,4.787234042553192,0.0024,0.00224002,7.141900518745362,0.00664315727121243,1100,tarc,Small Cap,Mar-2025
46352,86526.0,1,Share India Securities Ltd.,Finance,Finance,Domestic Equities,148.0,136.0,8.823529411764707,0.0024,0.002557616,-6.162613934226243,0.00664315727121243,1100,share-india-securities,Small Cap,Mar-2025
195746,102043.0,1,Venus Pipes & Tubes Ltd.,Iron & Steel,Iron & Steel,Domestic Equities,20.0,19.0,5.263157894736842,0.0024,0.00245423,-2.2096543518741156,0.00664315727121243,1100,venus-pipes-tubes,Small Cap,Mar-2025
133414,7150.0,1,India Glycols Ltd.,Chemicals,Chemicals,Domestic Equities,22.0,21.0,4.761904761904762,0.0024,0.0022064700000000003,8.771023399366399,0.00664315727121243,1100,india-glycols,Small Cap,Mar-2025
217249,111970.0,1,PN Gadgil Jewellers Ltd.,Retailing,Retailing,Domestic Equities,45.0,,,0.0023,,,0.00636635905157858,1100,pn-gadgil-jewellers,Small Cap,Mar-2025
311,7883.0,1,Aarti Drugs Ltd.,Healthcare,Healthcare,Domestic Equities,68.0,64.0,6.25,0.0023,0.00224864,2.2840472463355637,0.00636635905157858,1100,aarti-drugs,Small Cap,Mar-2025
152065,7928.0,1,Johnson Controls - Hitachi Air Conditioning India Ltd.,Consumer Durables,Consumer Durables,Domestic Equities,13.0,12.0,8.333333333333332,0.0023,0.00194766,18.09042646047052,0.00636635905157858,1100,johnson-controls-hitachi-air-conditioning-india,Small Cap,Mar-2025
317,5676.0,1,Orchid Pharma Ltd.,Healthcare,Healthcare,Domestic Equities,30.0,28.0,7.142857142857142,0.0023,0.00269094,-14.528008799898917,0.00636635905157858,1100,orchid-pharma,Small Cap,Mar-2025
76139,111824.0,1,Bansal Wire Industries Ltd.,Iron & Steel,Iron & Steel,Domestic Equities,57.0,,,0.0022,,,0.00608956083194472,1100,bansal-wire-industries,Small Cap,Mar-2025
198482,104165.0,1,DCX Systems Ltd.,Capital Goods,Capital Goods,Domestic Equities,94.0,88.0,6.8181818181818175,0.0022,0.0020433599999999997,7.665805340223951,0.00608956083194472,1100,dcx-systems,Small Cap,Mar-2025
152192,8410.0,1,Kalyani Steels Ltd.,Iron & Steel,Iron & Steel,Domestic Equities,29.0,28.0,3.571428571428571,0.0022,0.00204428,7.617351830473322,0.00608956083194472,1100,kalyani-steels,Small Cap,Mar-2025
95051,5923.0,1,Jindal Worldwide Ltd.,Textile,Textile,Domestic Equities,294.0,278.0,5.755395683453238,0.0021,0.00229906,-8.658321226936229,0.00581276261231087,1100,jindal-worldwide,Small Cap,Mar-2025
134168,15856.0,1,Lux Industries Ltd.,Textile,Textile,Domestic Equities,15.0,14.0,7.142857142857142,0.0021,0.00180754,16.180001549066684,0.00581276261231087,1100,lux-industries,Small Cap,Mar-2025
97709,93131.0,1,Rossari Biotech Ltd.,Chemicals,Chemicals,Domestic Equities,34.0,32.0,6.25,0.0021,0.001904,10.294117647058812,0.00581276261231087,1100,rossari-biotech,Small Cap,Mar-2025
113784,6078.0,1,Subros Ltd.,Automobile & Ancillaries,Automobile & Ancillaries,Domestic Equities,37.0,35.0,5.714285714285714,0.0021,0.0019976250000000003,5.1248357424441435,0.00581276261231087,1100,subros,Small Cap,Mar-2025
174611,96811.0,1,Hemisphere Properties India Ltd.,Realty,Realty,Domestic Equities,173.0,164.0,5.487804878048781,0.0021,0.0020326159999999997,3.3151367498829125,0.00581276261231087,1100,hemisphere-properties-india,Small Cap,Mar-2025
171880,111948.0,1,Transrail Lighting Ltd.,Capital Goods,Capital Goods,Domestic Equities,46.0,,,0.0021,,,0.00581276261231087,1100,transrail-lighting,Small Cap,Mar-2025
1607,90490.0,1,Prince Pipes and Fittings Ltd.,Plastic Products,Plastic Products,Domestic Equities,85.0,80.0,6.25,0.0021,0.0022936000000000002,-8.440878967561918,0.00581276261231087,1100,prince-pipes-and-fittings,Small Cap,Mar-2025
152115,8260.0,1,National Fertilizers Ltd.,Chemicals,Chemicals,Domestic Equities,244.0,232.0,5.172413793103448,0.002,0.0018116879999999999,10.39428422553995,0.00553596439267702,1100,national-fertilizers,Small Cap,Mar-2025
133311,8457.0,1,Bhansali Engineering Polymers Ltd.,Chemicals,Chemicals,Domestic Equities,185.0,176.0,5.113636363636364,0.002,0.001763344,13.42086399477357,0.00553596439267702,1100,bhansali-engineering-polymers,Small Cap,Mar-2025
152548,6598.0,1,Allcargo Logistics Ltd.,Logistics,Logistics,Domestic Equities,708.0,672.0,5.357142857142857,0.002,0.002088576,-4.240975669547095,0.00553596439267702,1100,allcargo-logistics,Small Cap,Mar-2025
221833,112370.0,1,Ventive Hospitality Ltd.,Hospitality,Hospitality,Domestic Equities,26.0,,,0.0019,,,0.00525916617304317,1100,ventive-hospitality,Small Cap,Mar-2025
202504,105983.0,1,Enviro Infra Engineers Ltd.,Infrastructure,Infrastructure,Domestic Equities,81.0,,,0.0018,,,0.00498236795340932,1100,enviro-infra-engineers,Small Cap,Mar-2025
157408,15531.0,1,Imagicaaworld Entertainment Ltd.,Hospitality,Hospitality,Domestic Equities,276.0,262.0,5.343511450381679,0.0018,0.001619946,11.114814938275725,0.00498236795340932,1100,imagicaaworld-entertainment,Small Cap,Mar-2025
58192,8446.0,1,Indian Metals & Ferro Alloys Ltd.,Ferro Manganese,Ferro Manganese,Domestic Equities,29.0,27.0,7.4074074074074066,0.0018,0.0016775100000000001,7.301893878426943,0.00498236795340932,1100,indian-metals-ferro-alloys,Small Cap,Mar-2025
38173,6330.0,1,Optiemus Infracom Ltd.,Trading,Trading,Domestic Equities,42.0,40.0,5.0,0.0018,0.0017648,1.9945602901178576,0.00498236795340932,1100,optiemus-infracom,Small Cap,Mar-2025
95878,5075.0,1,Fineotex Chemical Ltd.,Chemicals,Chemicals,Domestic Equities,76.0,72.0,5.555555555555555,0.0017000000000000001,0.0016448399999999998,3.353517667371915,0.00470556973377547,1100,fineotex-chemical,Small Cap,Mar-2025
38751,93427.0,1,Apeejay Surrendra Park Hotels Ltd.,Hospitality,Hospitality,Domestic Equities,116.0,111.0,4.504504504504505,0.0017000000000000001,0.001619268,4.985709592235505,0.00470556973377547,1100,apeejay-surrendra-park-hotels,Small Cap,Mar-2025
216574,111935.0,1,Ceigall India Ltd.,Infrastructure,Infrastructure,Domestic Equities,61.0,,,0.0016,,,0.00442877151414162,1100,ceigall-india,Small Cap,Mar-2025
94495,5412.0,1,MMTC Ltd.,Trading,Trading,Domestic Equities,297.0,282.0,5.319148936170213,0.0015,0.001389696,7.937275490466977,0.00415197329450777,1100,mmtc,Small Cap,Mar-2025
1849,89205.0,1,Spandana Sphoorty Financial Ltd.,Finance,Finance,Domestic Equities,62.0,48.0,29.166666666666668,0.0015,0.00120984,23.983336639555645,0.00415197329450777,1100,spandana-sphoorty-financial,Small Cap,Mar-2025
19054,7594.0,1,Responsive Industries Ltd.,Plastic Products,Plastic Products,Domestic Equities,70.0,58.0,20.689655172413794,0.0013,0.001143586,13.677502172989175,0.00359837685524006,1100,responsive-industries,Small Cap,Mar-2025
115304,8666.0,1,Hathway Cable & Datacom Ltd.,Telecom,Telecom,Domestic Equities,872.0,829.0,5.1869722557297955,0.0011,0.001095938,0.37064140489698816,0.00304478041597236,1100,hathway-cable-datacom,Small Cap,Mar-2025
213604,111699.0,1,Gopal Snacks Ltd.,FMCG,Fast Moving Consumer Goods,Domestic Equities,40.0,38.0,5.263157894736842,0.0011,0.0010573499999999999,4.033669078356273,0.00304478041597236,1100,gopal-snacks,Small Cap,Mar-2025
221137,112298.0,1,Unimech Aerospace and Manufacturing Ltd.,Capital Goods,Capital Goods,Domestic Equities,8.0,,,0.0008,,,0.00221438575707081,1100,unimech-aerospace-and-manufacturing,Small Cap,Mar-2025
75586,5176.0,1,Jai Corp Ltd.,Plastic Products,Plastic Products,Domestic Equities,88.0,84.0,4.761904761904762,0.0008,0.000800184,-0.02299471121642241,0.00221438575707081,1100,jai-corp,Small Cap,Mar-2025
171875,5051.0,1,HDFC Bank Ltd.,Bank,Banking,Domestic Equities,15798.0,14953.0,5.651039925098642,3.0411,2.7337000000000002,11.244833010205951,7.72841401183239,1100,hdfc-bank,Large Cap,Apr-2025
171888,8748.0,1,ICICI Bank Ltd.,Bank,Banking,Domestic Equities,14658.0,13874.0,5.650857719475278,2.0917,1.8707,11.813759555246696,5.31568300567223,1100,icici-bank,Large Cap,Apr-2025
171531,4897.0,1,Reliance Industries Ltd.,Crude Oil,Crude Oil,Domestic Equities,14070.0,13318.0,5.646493467487611,1.9768000000000001,1.6982,16.40560593569663,5.02368512005205,1100,reliance-industries,Large Cap,Apr-2025
171889,4926.0,1,Infosys Ltd.,IT,Information Technology,Domestic Equities,7475.0,7076.0,5.638778971170153,1.1213,1.1114,0.8907684002159393,2.84958423973814,1100,infosys,Large Cap,Apr-2025
133593,6508.0,1,Bharti Airtel Ltd.,Telecom,Telecom,Domestic Equities,5571.0,5273.0,5.65143182249194,1.0387,0.914,13.643326039387308,2.63967105129404,1100,bharti-airtel,Large Cap,Apr-2025
152408,5535.0,1,ITC Ltd.,FMCG,Fast Moving Consumer Goods,Domestic Equities,19331.0,18298.0,5.645425729587933,0.8231,0.7498,9.775940250733527,2.09176205094842,1100,itc,Large Cap,Apr-2025
152372,4964.0,1,Larsen & Toubro Ltd.,Infrastructure,Infrastructure,Domestic Equities,2437.0,2307.0,5.635023840485479,0.8142,0.8057,1.0549832443837763,2.06914428609185,1100,larsen-toubro,Large Cap,Apr-2025
171915,6797.0,1,Tata Consultancy Services Ltd.,IT,Information Technology,Domestic Equities,2121.0,2007.0,5.680119581464873,0.7325,0.7238,1.2019894998618468,1.86151828735235,1100,tata-consultancy-services,Large Cap,Apr-2025
171400,5889.0,1,Axis Bank Ltd.,Bank,Banking,Domestic Equities,5934.0,5617.0,5.643581983265088,0.7031999999999999,0.619,13.60258481421647,1.78705755585825,1100,axis-bank,Large Cap,Apr-2025
171492,5886.0,1,Kotak Mahindra Bank Ltd.,Bank,Banking,Domestic Equities,3053.0,2890.0,5.640138408304498,0.6740999999999999,0.6275,7.426294820717126,1.71310508874296,1100,kotak-mahindra-bank,Large Cap,Apr-2025
133350,8843.0,1,State Bank Of India,Bank,Banking,Domestic Equities,7978.0,7552.0,5.640889830508475,0.6292,0.5826,7.9986268451767994,1.59899973570252,1100,state-bank-of-india,Large Cap,Apr-2025
171656,5311.0,1,Mahindra & Mahindra Ltd.,Automobile & Ancillaries,Automobile & Ancillaries,Domestic Equities,1840.0,1741.0,5.686387133831131,0.5389,0.46409999999999996,16.117216117216127,1.36951836867465,1100,mahindra-mahindra,Large Cap,Apr-2025
171484,6114.0,1,Bajaj Finance Ltd.,Finance,Finance,Domestic Equities,543.0,514.0,5.642023346303502,0.4689,0.4598,1.979121357111796,1.1916258360949,1100,bajaj-finance,Large Cap,Apr-2025
171717,5016.0,1,Hindustan Unilever Ltd.,FMCG,Fast Moving Consumer Goods,Domestic Equities,1843.0,1744.0,5.6766055045871555,0.4316,0.39390000000000003,9.570957095709561,1.09683452944884,1100,hindustan-unilever,Large Cap,Apr-2025
420,5071.0,1,Sun Pharmaceutical Industries Ltd.,Healthcare,Healthcare,Domestic Equities,2239.0,2119.0,5.6630486078338835,0.4103,0.3676,11.615886833514699,1.04270437310672,1100,sun-pharmaceutical-industries,Large Cap,Apr-2025
133664,7760.0,1,NTPC Ltd.,Power,Power,Domestic Equities,9847.0,9320.0,5.654506437768241,0.34909999999999997,0.3333,4.740474047404736,0.887175473194137,1100,ntpc,Large Cap,Apr-2025
171528,8219.0,1,HCL Technologies Ltd.,IT,Information Technology,Domestic Equities,2202.0,2085.0,5.611510791366906,0.3452,0.332,3.975903614457832,0.877264317807551,1100,hcl-technologies,Large Cap,Apr-2025
156921,98676.0,1,Eternal Ltd.,Retailing,Information Technology,Domestic Equities,14427.0,13656.0,5.645869947275923,0.33549999999999996,0.2754,21.822803195352208,0.852613495435786,1100,eternal,Large Cap,Apr-2025
133625,7239.0,1,Maruti Suzuki India Ltd.,Automobile & Ancillaries,Automobile & Ancillaries,Domestic Equities,272.0,257.0,5.836575875486381,0.33340000000000003,0.2961,12.597095575818996,0.847276719458394,1100,maruti-suzuki-india,Large Cap,Apr-2025
517,7825.0,1,Power Grid Corporation Of India Ltd.,Power,Power,Domestic Equities,9412.0,8909.0,5.645975979346728,0.2894,0.2587,11.867027444916893,0.735458556122553,1100,power-grid-corporation-of-india,Large Cap,Apr-2025
171461,6050.0,1,Titan Company Ltd.,Diamond  &  Jewellery,Diamond & Jewellery,Domestic Equities,856.0,810.0,5.679012345679013,0.2893,0.2481,16.606207174526403,0.735204423933153,1100,titan-company,Large Cap,Apr-2025
133654,6850.0,1,Ultratech Cement Ltd.,Construction Materials,Construction Materials,Domestic Equities,241.0,228.0,5.701754385964912,0.2805,0.26239999999999997,6.897865853658545,0.712840791265985,1100,ultratech-cement,Large Cap,Apr-2025
152378,5539.0,1,Tata Motors Ltd.,Automobile & Ancillaries,Automobile & Ancillaries,Domestic Equities,4333.0,4102.0,5.631399317406143,0.2792,0.2767,0.9035056017347307,0.70953707280379,1100,tata-motors,Large Cap,Apr-2025
152362,5226.0,1,Tata Steel Ltd.,Iron & Steel,Iron & Steel,Domestic Equities,17172.0,16254.0,5.647840531561462,0.24050000000000002,0.2507,-4.068607897885918,0.61118791550613,1100,tata-steel,Large Cap,Apr-2025
152205,8185.0,1,Trent Ltd.,Retailing,Retailing,Domestic Equities,461.0,436.0,5.73394495412844,0.23850000000000002,0.2322,2.7131782945736544,0.606105271718137,1100,trent,Large Cap,Apr-2025
133309,5981.0,1,Bharat Electronics Ltd.,Capital Goods,Capital Goods,Domestic Equities,7437.0,7040.0,5.639204545454545,0.2336,0.2121,10.136727958510129,0.593652794437555,1100,bharat-electronics,Large Cap,Apr-2025
171658,4978.0,1,Asian Paints Ltd.,Chemicals,Chemicals,Domestic Equities,939.0,889.0,5.62429696287964,0.2278,0.20809999999999998,9.466602594906307,0.578913127452376,1100,asian-paints,Large Cap,Apr-2025
171708,8443.0,1,Bajaj Finserv Ltd.,Finance,Finance,Domestic Equities,1129.0,1069.0,5.612722170252573,0.22030000000000002,0.2146,2.6561043802423123,0.559853213247403,1100,bajaj-finserv,Large Cap,Apr-2025
152245,5078.0,1,Grasim Industries Ltd.,Diversified,Construction Materials,Domestic Equities,797.0,754.0,5.702917771883289,0.2182,0.19690000000000002,10.817673946165561,0.55451643727001,1100,grasim-industries,Large Cap,Apr-2025
96486,15829.0,1,Interglobe Aviation Ltd.,Aviation,Aviation,Domestic Equities,407.0,385.0,5.714285714285714,0.2137,0.19690000000000002,8.532249873031994,0.543080488747027,1100,interglobe-aviation,Large Cap,Apr-2025
133434,4968.0,1,JSW Steel Ltd.,Iron & Steel,Iron & Steel,Domestic Equities,1970.0,1865.0,5.630026809651475,0.2029,0.19829999999999998,2.3197175995965753,0.515634212291866,1100,jsw-steel,Large Cap,Apr-2025
171369,7531.0,1,Tech Mahindra Ltd.,IT,Information Technology,Domestic Equities,1317.0,1246.0,5.698234349919743,0.1979,0.17670000000000002,11.99773627617429,0.502927602821884,1100,tech-mahindra,Large Cap,Apr-2025
152256,5774.0,1,Oil & Natural Gas Corporation Ltd.,Crude Oil,Crude Oil,Domestic Equities,8066.0,7635.0,5.6450556647020305,0.1972,0.1881,4.83785220627326,0.501148677496086,1100,oil-natural-gas-corporation,Large Cap,Apr-2025
152343,5043.0,1,Hindalco Industries Ltd.,Non - Ferrous Metals,Non - Ferrous Metals,Domestic Equities,3006.0,2846.0,5.621925509486999,0.18780000000000002,0.1942,-3.2955715756951625,0.47726025169252,1100,hindalco-industries,Large Cap,Apr-2025
539,7794.0,1,Adani Ports and Special Economic Zone Ltd.,Logistics,Logistics,Domestic Equities,1532.0,1450.0,5.655172413793103,0.1864,0.17149999999999999,8.688046647230333,0.473702401040925,1100,adani-ports-and-special-economic-zone,Large Cap,Apr-2025
707,8442.0,1,Bajaj Auto Ltd.,Automobile & Ancillaries,Automobile & Ancillaries,Domestic Equities,230.0,217.0,5.990783410138248,0.18469999999999998,0.171,8.011695906432733,0.469382153821132,1100,bajaj-auto,Large Cap,Apr-2025
115643,7007.0,1,Coal India Ltd.,Mining,Mining,Domestic Equities,4716.0,4464.0,5.64516129032258,0.18170000000000003,0.1778,2.1934758155230627,0.461758188139142,1100,coal-india,Large Cap,Apr-2025
133330,5128.0,1,Cipla Ltd.,Healthcare,Healthcare,Domestic Equities,1168.0,1105.0,5.701357466063349,0.18109999999999998,0.1594,13.613550815558344,0.460233395002745,1100,cipla,Large Cap,Apr-2025
76200,82667.0,1,BSE Ltd.,Finance,Finance,Domestic Equities,281.0,266.0,5.639097744360902,0.1787,0.1458,22.565157750342944,0.454134222457153,1100,bse,Mid Cap,Apr-2025
56728,7719.0,1,Shriram Finance Ltd.,Finance,Finance,Domestic Equities,2906.0,2751.0,5.634314794620138,0.1778,0.1805,-1.4958448753462579,0.451847032752557,1100,shriram-finance,Large Cap,Apr-2025
152400,5891.0,1,Nestle India Ltd.,FMCG,Fast Moving Consumer Goods,Domestic Equities,744.0,704.0,5.681818181818182,0.1777,0.1585,12.113564668769715,0.451592900563157,1100,nestle-india,Large Cap,Apr-2025
2469,110949.0,1,JIO Financial Services Ltd.,Finance,Finance,Domestic Equities,6802.0,6438.0,5.6539297918608264,0.1771,0.1465,20.88737201365188,0.450068107426759,1100,jio-financial-services,Large Cap,Apr-2025
134703,87891.0,1,Hindustan Aeronautics Ltd.,Capital Goods,Capital Goods,Domestic Equities,394.0,373.0,5.630026809651475,0.17679999999999998,0.1558,13.4788189987163,0.44930571085856,1100,hindustan-aeronautics,Large Cap,Apr-2025
77009,96064.0,1,Max Healthcare Institute Ltd.,Healthcare,Healthcare,Domestic Equities,1543.0,1460.0,5.684931506849315,0.16949999999999998,0.1602,5.8052434456928825,0.430754061032387,1100,max-healthcare-institute,Mid Cap,Apr-2025
58168,86912.0,1,HDFC Life Insurance Company Ltd.,Insurance,Finance,Domestic Equities,2223.0,2104.0,5.655893536121673,0.1653,0.14429999999999998,14.553014553014561,0.420080509077602,1100,hdfc-life-insurance-company,Large Cap,Apr-2025
152907,86648.0,1,SBI Life Insurance Company Ltd.,Insurance,Finance,Domestic Equities,930.0,881.0,5.561861520998865,0.1642,0.1364,20.38123167155426,0.417285054994206,1100,sbi-life-insurance-company,Large Cap,Apr-2025
171462,6372.0,1,Divi's Laboratories Ltd.,Healthcare,Healthcare,Domestic Equities,263.0,249.0,5.622489959839357,0.16010000000000002,0.1438,11.335187760778865,0.406865635228821,1100,divi's-laboratories,Large Cap,Apr-2025
171572,5156.0,1,Eicher Motors Ltd.,Automobile & Ancillaries,Automobile & Ancillaries,Domestic Equities,285.0,270.0,5.555555555555555,0.15869999999999998,0.1444,9.903047091412741,0.403307784577226,1100,eicher-motors,Large Cap,Apr-2025
152401,5684.0,1,Tata Consumer Products Ltd.,Agri,Agriculture,Domestic Equities,1352.0,1280.0,5.625,0.1576,0.1282,22.932917316692663,0.40051233049383,1100,tata-consumer-products,Large Cap,Apr-2025
171585,5257.0,1,Dr. Reddy's Laboratories Ltd.,Healthcare,Healthcare,Domestic Equities,1266.0,1199.0,5.587989991659716,0.1499,0.13720000000000002,9.256559766763845,0.380944151910058,1100,dr-reddy's-laboratories,Large Cap,Apr-2025
152242,5741.0,1,Vedanta Ltd.,Non - Ferrous Metals,Non - Ferrous Metals,Domestic Equities,3523.0,3335.0,5.637181409295352,0.1477,0.1545,-4.401294498381875,0.375353243743266,1100,vedanta,Large Cap,Apr-2025
38020,6672.0,1,Apollo Hospitals Enterprise Ltd.,Healthcare,Healthcare,Domestic Equities,209.0,198.0,5.555555555555555,0.1458,0.131,11.297709923664126,0.370524732144672,1100,apollo-hospitals-enterprise,Mid Cap,Apr-2025
38605,83193.0,1,Varun Beverages Ltd.,FMCG,Fast Moving Consumer Goods,Domestic Equities,2785.0,2636.0,5.652503793626707,0.14550000000000002,0.1423,2.248770203794802,0.369762335576473,1100,varun-beverages,Large Cap,Apr-2025
152406,5107.0,1,The Indian Hotels Company Ltd.,Hospitality,Hospitality,Domestic Equities,1823.0,1726.0,5.619930475086906,0.1436,0.1359,5.665930831493742,0.36493382397788,1100,the-indian-hotels-company,Mid Cap,Apr-2025
171511,5199.0,1,Wipro Ltd.,IT,Information Technology,Domestic Equities,5898.0,5583.0,5.6421278882321335,0.1424,0.1464,-2.732240437158472,0.361884237705085,1100,wipro,Large Cap,Apr-2025
152473,5056.0,1,Suzlon Energy Ltd.,Capital Goods,Capital Goods,Domestic Equities,24648.0,23331.0,5.644850199305645,0.139,0.1322,5.143721633888046,0.353243743265497,1100,suzlon-energy,Mid Cap,Apr-2025
152316,5915.0,1,Tata Power Company Ltd.,Power,Power,Domestic Equities,3487.0,3300.0,5.666666666666666,0.134,0.12390000000000001,8.151735270379335,0.340537133795515,1100,tata-power-company,Large Cap,Apr-2025
171628,5788.0,1,Britannia Industries Ltd.,FMCG,Fast Moving Consumer Goods,Domestic Equities,244.0,231.0,5.627705627705628,0.13269999999999998,0.114,16.40350877192982,0.33723341533332,1100,britannia-industries,Large Cap,Apr-2025
57445,86554.0,1,Dixon Technologies (India) Ltd.,Consumer Durables,Consumer Durables,Domestic Equities,80.0,75.0,6.666666666666667,0.1316,0.09880000000000001,33.19838056680161,0.334437961249924,1100,dixon-technologies-india,Mid Cap,Apr-2025
171514,5399.0,1,Cholamandalam Investment and Finance Company Ltd.,Finance,Finance,Domestic Equities,874.0,827.0,5.683192261185006,0.1304,0.1257,3.7390612569610093,0.331388374977128,1100,cholamandalam-investment-and-finance-company,Large Cap,Apr-2025
133507,6902.0,1,TVS Motor Company Ltd.,Automobile & Ancillaries,Automobile & Ancillaries,Domestic Equities,487.0,461.0,5.639913232104121,0.1301,0.1116,16.577060931899638,0.330625978408929,1100,tvs-motor-company,Large Cap,Apr-2025
171619,82976.0,1,Avenue Supermarts Ltd.,Retailing,Retailing,Domestic Equities,305.0,289.0,5.536332179930796,0.1281,0.11800000000000001,8.559322033898303,0.325543334620936,1100,avenue-supermarts,Large Cap,Apr-2025
171402,5320.0,1,Godrej Consumer Products Ltd.,FMCG,Fast Moving Consumer Goods,Domestic Equities,994.0,941.0,5.63230605738576,0.1253,0.1091,14.8487626031164,0.318427633317747,1100,godrej-consumer-products,Large Cap,Apr-2025
152376,5012.0,1,Bharat Petroleum Corporation Ltd.,Crude Oil,Crude Oil,Domestic Equities,4025.0,3809.0,5.670779732213179,0.12480000000000001,0.1061,17.62488218661641,0.317156972370748,1100,bharat-petroleum-corporation,Large Cap,Apr-2025
75697,6614.0,1,Adani Enterprises Ltd.,Trading,Trading,Domestic Equities,540.0,511.0,5.6751467710371815,0.1243,0.1183,5.071851225697376,0.31588631142375,1100,adani-enterprises,Large Cap,Apr-2025
152604,5456.0,1,Power Finance Corporation Ltd.,Finance,Finance,Domestic Equities,3023.0,2862.0,5.625436757512229,0.1232,0.1186,3.8785834738617275,0.313090857340354,1100,power-finance-corporation,Large Cap,Apr-2025
95548,5980.0,1,Persistent Systems Ltd.,IT,Information Technology,Domestic Equities,221.0,209.0,5.741626794258373,0.1176,0.1152,2.0833333333333353,0.298859454733974,1100,persistent-systems,Mid Cap,Apr-2025
114442,5285.0,1,IndusInd Bank Ltd.,Bank,Banking,Domestic Equities,1367.0,1294.0,5.641421947449768,0.11460000000000001,0.08410000000000001,36.266349583828784,0.291235489051985,1100,indusind-bank,Mid Cap,Apr-2025
152572,7512.0,1,Info Edge (India) Ltd.,IT,Information Technology,Domestic Equities,161.0,152.0,5.921052631578947,0.11380000000000001,0.1092,4.212454212454221,0.289202431536788,1100,info-edge-india,Large Cap,Apr-2025
38803,5403.0,1,Indus Towers Ltd.,Telecom,Telecom,Domestic Equities,2744.0,2597.0,5.660377358490567,0.11199999999999999,0.0868,29.032258064516125,0.284628052127595,1100,indus-towers,Large Cap,Apr-2025
157113,99763.0,1,PB Fintech Ltd.,IT,Information Technology,Domestic Equities,687.0,650.0,5.6923076923076925,0.1117,0.1033,8.13165537270087,0.283865655559396,1100,pb-fintech,Mid Cap,Apr-2025
171943,4973.0,1,REC Ltd.,Finance,Finance,Domestic Equities,2593.0,2455.0,5.621181262729124,0.10890000000000001,0.1054,3.3206831119544726,0.276749954256206,1100,rec,Large Cap,Apr-2025
57031,5903.0,1,Indian Oil Corporation Ltd.,Crude Oil,Crude Oil,Domestic Equities,7759.0,7344.0,5.650871459694989,0.107,0.09380000000000001,14.072494669509577,0.271921442657613,1100,indian-oil-corporation,Large Cap,Apr-2025
171335,5389.0,1,Bajaj Holdings & Investment Ltd.,Finance,Finance,Domestic Equities,89.0,85.0,4.705882352941177,0.1066,0.106,0.5660377358490614,0.270904913900014,1100,bajaj-holdings-investment,Large Cap,Apr-2025
171741,5431.0,1,GAIL (India) Ltd.,Inds. Gases & Fuels,Industrials Gases & Fuels,Domestic Equities,5601.0,5302.0,5.6393813655224445,0.1059,0.09699999999999999,9.17525773195877,0.269125988574217,1100,gail-india,Large Cap,Apr-2025
152211,6247.0,1,Lupin Ltd.,Healthcare,Healthcare,Domestic Equities,501.0,474.0,5.69620253164557,0.105,0.09609999999999999,9.26118626430802,0.26683879886962,1100,lupin,Mid Cap,Apr-2025
171383,5551.0,1,Hero MotoCorp Ltd.,Automobile & Ancillaries,Automobile & Ancillaries,Domestic Equities,269.0,255.0,5.490196078431373,0.10300000000000001,0.0949,8.535300316122239,0.261756155081627,1100,hero-motocorp,Large Cap,Apr-2025
133657,7260.0,1,Coforge Ltd.,IT,Information Technology,Domestic Equities,138.0,130.0,6.153846153846154,0.1008,0.1054,-4.364326375711566,0.256165246914835,1100,coforge,Mid Cap,Apr-2025
171685,5596.0,1,The Federal Bank Ltd.,Bank,Banking,Domestic Equities,5091.0,4819.0,5.644324548661548,0.1001,0.0929,7.750269106566207,0.254386321589038,1100,the-federal-bank,Mid Cap,Apr-2025
171387,6208.0,1,Pidilite Industries Ltd.,Chemicals,Chemicals,Domestic Equities,319.0,302.0,5.629139072847682,0.0968,0.086,12.558139534883722,0.24599995933885,1100,pidilite-industries,Large Cap,Apr-2025
114405,5008.0,1,Bank Of Baroda,Bank,Banking,Domestic Equities,3845.0,3640.0,5.631868131868132,0.09609999999999999,0.0832,15.504807692307681,0.244221034013052,1100,bank-of-baroda,Large Cap,Apr-2025
133583,8200.0,1,United Spirits Ltd.,Alcohol,Alcohol,Domestic Equities,613.0,580.0,5.689655172413794,0.0959,0.08130000000000001,17.958179581795804,0.243712769634253,1100,united-spirits,Large Cap,Apr-2025
171636,86629.0,1,ICICI Lombard General Insurance Company Ltd.,Insurance,Finance,Domestic Equities,496.0,470.0,5.531914893617021,0.0931,0.0843,10.438908659549238,0.236597068331063,1100,icici-lombard-general-insurance-company,Mid Cap,Apr-2025
114530,88033.0,1,HDFC Asset Management Company Ltd.,Finance,Finance,Domestic Equities,210.0,199.0,5.527638190954774,0.0919,0.0799,15.018773466833531,0.233547482058267,1100,hdfc-asset-management-company,Mid Cap,Apr-2025
165,7447.0,1,SRF Ltd.,Chemicals,Chemicals,Domestic Equities,301.0,285.0,5.614035087719298,0.0906,0.08380000000000001,8.114558472553696,0.230243763596072,1100,srf,Mid Cap,Apr-2025
171837,6012.0,1,DLF Ltd.,Realty,Realty,Domestic Equities,1332.0,1261.0,5.6304520222046,0.0898,0.0858,4.662004662004666,0.228210706080875,1100,dlf,Large Cap,Apr-2025
153405,17058.0,1,LTIMindtree Ltd.,IT,Information Technology,Domestic Equities,191.0,181.0,5.524861878453039,0.0876,0.08130000000000001,7.749077490774894,0.222619797914083,1100,ltimindtree,Large Cap,Apr-2025
38708,8062.0,1,Adani Power Ltd.,Power,Power,Domestic Equities,1634.0,1547.0,5.623787976729154,0.08689999999999999,0.0788,10.279187817258878,0.220840872588286,1100,adani-power,Large Cap,Apr-2025
171639,5614.0,1,Havells India Ltd.,Capital Goods,Capital Goods,Domestic Equities,523.0,495.0,5.656565656565657,0.0837,0.0757,10.568031704095098,0.212708642527497,1100,havells-india,Large Cap,Apr-2025
7737,15826.0,1,IDFC First Bank Ltd.,Bank,Banking,Domestic Equities,12874.0,12186.0,5.645823075660594,0.08349999999999999,0.067,24.62686567164178,0.212200378148698,1100,idfc-first-bank,Mid Cap,Apr-2025
133334,5159.0,1,CG Power and Industrial Solutions Ltd.,Capital Goods,Capital Goods,Domestic Equities,1330.0,1258.0,5.723370429252783,0.0834,0.0803,3.860523038605237,0.211946245959298,1100,cg-power-and-industrial-solutions,Large Cap,Apr-2025
113818,7906.0,1,Samvardhana Motherson International Ltd.,Automobile & Ancillaries,Automobile & Ancillaries,Domestic Equities,6122.0,5795.0,5.642795513373598,0.0816,0.0759,7.509881422924905,0.207371866550105,1100,samvardhana-motherson-international,Large Cap,Apr-2025
171877,6125.0,1,Cummins India Ltd.,Automobile & Ancillaries,Automobile & Ancillaries,Domestic Equities,280.0,265.0,5.660377358490567,0.08109999999999999,0.0809,0.24721878862793045,0.206101205603107,1100,cummins-india,Large Cap,Apr-2025
152308,5173.0,1,Shree Cement Ltd.,Construction Materials,Construction Materials,Domestic Equities,27.0,26.0,3.8461538461538463,0.0802,0.0793,1.1349306431273627,0.20381401589851,1100,shree-cement,Mid Cap,Apr-2025
141614,85778.0,1,AU Small Finance Bank Ltd.,Bank,Banking,Domestic Equities,1165.0,1103.0,5.621033544877607,0.0791,0.059000000000000004,34.06779661016949,0.201018561815114,1100,au-small-finance-bank,Mid Cap,Apr-2025
171327,5699.0,1,Marico Ltd.,FMCG,Fast Moving Consumer Goods,Domestic Equities,1096.0,1037.0,5.689488910318226,0.0779,0.0676,15.236686390532547,0.197968975542318,1100,marico,Mid Cap,Apr-2025
134667,88599.0,1,Macrotech Developers Ltd.,Realty,Realty,Domestic Equities,580.0,549.0,5.646630236794172,0.0771,0.06559999999999999,17.530487804878057,0.195935918027121,1100,macrotech-developers,Large Cap,Apr-2025
171365,5279.0,1,Hindustan Petroleum Corporation Ltd.,Crude Oil,Crude Oil,Domestic Equities,1994.0,1888.0,5.614406779661017,0.0755,0.068,11.029411764705882,0.191869802996727,1100,hindustan-petroleum-corporation,Mid Cap,Apr-2025
152334,5218.0,1,Ambuja Cements Ltd.,Construction Materials,Construction Materials,Domestic Equities,1383.0,1309.0,5.653170359052712,0.0746,0.0705,5.815602836879434,0.18958261329213,1100,ambuja-cements,Large Cap,Apr-2025
599,7495.0,1,Sundaram Finance Ltd.,Finance,Finance,Domestic Equities,142.0,135.0,5.185185185185185,0.0746,0.061799999999999994,20.711974110032365,0.18958261329213,1100,sundaram-finance,Mid Cap,Apr-2025
152636,5140.0,1,Fortis Healthcare Ltd.,Healthcare,Healthcare,Domestic Equities,1082.0,1024.0,5.6640625,0.0742,0.07150000000000001,3.77622377622377,0.188566084534531,1100,fortis-healthcare,Mid Cap,Apr-2025
152331,7581.0,1,Torrent Pharmaceuticals Ltd.,Healthcare,Healthcare,Domestic Equities,217.0,205.0,5.853658536585367,0.0721,0.0662,8.912386706948638,0.183229308557139,1100,torrent-pharmaceuticals,Large Cap,Apr-2025
133599,5561.0,1,Punjab National Bank,Bank,Banking,Domestic Equities,7160.0,6777.0,5.651468201268997,0.0718,0.06509999999999999,10.291858678955453,0.18246691198894,1100,punjab-national-bank,Large Cap,Apr-2025
171465,6543.0,1,Aurobindo Pharma Ltd.,Healthcare,Healthcare,Domestic Equities,580.0,549.0,5.646630236794172,0.0713,0.0637,11.930926216640499,0.181196251041942,1100,aurobindo-pharma,Mid Cap,Apr-2025
171942,7813.0,1,Jindal Steel & Power Ltd.,Iron & Steel,Iron & Steel,Domestic Equities,789.0,746.0,5.7640750670241285,0.0707,0.0681,3.8179148311307003,0.179671457905544,1100,jindal-steel-power,Mid Cap,Apr-2025
171820,5969.0,1,Colgate-Palmolive (India) Ltd.,FMCG,Fast Moving Consumer Goods,Domestic Equities,273.0,259.0,5.405405405405405,0.0706,0.061900000000000004,14.054927302100149,0.179417325716145,1100,colgate-palmolive-india,Mid Cap,Apr-2025
171635,7381.0,1,UPL Ltd.,Chemicals,Chemicals,Domestic Equities,1050.0,994.0,5.633802816901409,0.0703,0.0632,11.234177215189872,0.178654929147946,1100,upl,Mid Cap,Apr-2025
152222,5634.0,1,Max Financial Services Ltd.,Finance,Finance,Domestic Equities,535.0,507.0,5.522682445759369,0.0698,0.0582,19.93127147766323,0.177384268200947,1100,max-financial-services,Mid Cap,Apr-2025
152455,7030.0,1,Yes Bank Ltd.,Bank,Banking,Domestic Equities,39153.0,37060.0,5.647598488936859,0.0694,0.0626,10.86261980830672,0.176367739443349,1100,yes-bank,Mid Cap,Apr-2025
133614,6833.0,1,Canara Bank,Bank,Banking,Domestic Equities,7001.0,6626.0,5.6595230908542105,0.0682,0.059000000000000004,15.593220338983048,0.173318153170553,1100,canara-bank,Mid Cap,Apr-2025
171946,6864.0,1,Godrej Properties Ltd.,Realty,Realty,Domestic Equities,313.0,296.0,5.743243243243244,0.0677,0.063,7.460317460317456,0.172047492223555,1100,godrej-properties,Mid Cap,Apr-2025
139932,15713.0,1,Adani Energy Solutions Ltd.,Power,Power,Domestic Equities,751.0,711.0,5.625879043600563,0.0676,0.062,9.032258064516123,0.171793360034155,1100,adani-energy-solutions,Large Cap,Apr-2025
171659,5756.0,1,Ashok Leyland Ltd.,Automobile & Ancillaries,Automobile & Ancillaries,Domestic Equities,2970.0,2811.0,5.656350053361793,0.0669,0.0574,16.550522648083625,0.170014434708358,1100,ashok-leyland,Mid Cap,Apr-2025
171839,6306.0,1,Solar Industries India Ltd.,Chemicals,Chemicals,Domestic Equities,50.0,47.0,6.382978723404255,0.0659,0.0528,24.81060606060605,0.167473112814362,1100,solar-industries-india,Mid Cap,Apr-2025
152551,7908.0,1,GMR Airports Ltd.,Infrastructure,Aviation,Domestic Equities,7447.0,7049.0,5.646190949070791,0.0649,0.053399999999999996,21.535580524344578,0.164931790920365,1100,gmr-airports,Mid Cap,Apr-2025
101370,86936.0,1,Tube Investments of India Ltd.,Automobile & Ancillaries,Automobile & Ancillaries,Domestic Equities,223.0,211.0,5.687203791469194,0.0646,0.0584,10.616438356164386,0.164169394352166,1100,tube-investments-of-india,Mid Cap,Apr-2025
122,5767.0,1,The Phoenix Mills Ltd.,Realty,Realty,Domestic Equities,387.0,366.0,5.737704918032787,0.0644,0.0601,7.154742096505834,0.163661129973367,1100,the-phoenix-mills,Mid Cap,Apr-2025
152686,7802.0,1,Multi Commodity Exchange Of India Ltd.,Finance,Finance,Domestic Equities,105.0,100.0,5.0,0.0643,0.053099999999999994,21.092278719397367,0.163406997783967,1100,multi-commodity-exchange-of-india,Small Cap,Apr-2025
152118,7308.0,1,PI Industries Ltd.,Chemicals,Chemicals,Domestic Equities,168.0,159.0,5.660377358490567,0.061200000000000004,0.0545,12.293577981651374,0.155528899912579,1100,pi-industries,Mid Cap,Apr-2025
152369,6790.0,1,Bharat Forge Ltd.,Automobile & Ancillaries,Automobile & Ancillaries,Domestic Equities,553.0,524.0,5.534351145038168,0.0611,0.0613,-0.3262642740619832,0.155274767723179,1100,bharat-forge,Mid Cap,Apr-2025
152795,99590.0,1,One97 Communications Ltd.,IT,Information Technology,Domestic Equities,706.0,669.0,5.5306427503736915,0.0611,0.0524,16.603053435114507,0.155274767723179,1100,one97-communications,Mid Cap,Apr-2025
587,7648.0,1,APL Apollo Tubes Ltd.,Iron & Steel,Iron & Steel,Domestic Equities,376.0,356.0,5.617977528089887,0.060899999999999996,0.054299999999999994,12.154696132596689,0.15476650334438,1100,apl-apollo-tubes,Mid Cap,Apr-2025
152574,8059.0,1,Torrent Power Ltd.,Power,Power,Domestic Equities,395.0,373.0,5.898123324396782,0.0608,0.0555,9.549549549549555,0.15451237115498,1100,torrent-power,Mid Cap,Apr-2025
133342,5963.0,1,Bharat Heavy Electricals Ltd.,Capital Goods,Capital Goods,Domestic Equities,2669.0,2526.0,5.661124307205067,0.0605,0.0547,10.60329067641682,0.153749974586781,1100,bharat-heavy-electricals,Mid Cap,Apr-2025
171799,4956.0,1,Dabur India Ltd.,FMCG,Fast Moving Consumer Goods,Domestic Equities,1224.0,1159.0,5.608283002588439,0.059699999999999996,0.0587,1.7035775127768253,0.151716917071584,1100,dabur-india,Large Cap,Apr-2025
133272,5382.0,1,ABB India Ltd.,Capital Goods,Capital Goods,Domestic Equities,108.0,103.0,4.854368932038835,0.0596,0.0571,4.378283712784588,0.151462784882184,1100,abb-india,Large Cap,Apr-2025
171321,7864.0,1,Page Industries Ltd.,Textile,Textile,Domestic Equities,13.0,12.0,8.333333333333332,0.0593,0.0512,15.820312499999991,0.150700388313985,1100,page-industries,Mid Cap,Apr-2025
152379,5838.0,1,Voltas Ltd.,Consumer Durables,Consumer Durables,Domestic Equities,472.0,447.0,5.592841163310962,0.0583,0.0652,-10.582822085889564,0.148159066419989,1100,voltas,Mid Cap,Apr-2025
19255,6350.0,1,Mphasis Ltd.,IT,Information Technology,Domestic Equities,236.0,223.0,5.829596412556054,0.0583,0.0558,4.480286738351254,0.148159066419989,1100,mphasis,Mid Cap,Apr-2025
1152,105806.0,1,Mankind Pharma Ltd.,Healthcare,Healthcare,Domestic Equities,234.0,221.0,5.88235294117647,0.057699999999999994,0.0536,7.649253731343269,0.146634273283591,1100,mankind-pharma,Mid Cap,Apr-2025
134131,90516.0,1,Polycab India Ltd.,Electricals,Electricals,Domestic Equities,104.0,99.0,5.05050505050505,0.0574,0.051,12.549019607843148,0.145871876715392,1100,polycab-india,Large Cap,Apr-2025
84351,88646.0,1,Adani Green Energy Ltd.,Power,Power,Domestic Equities,636.0,602.0,5.647840531561462,0.057300000000000004,0.0571,0.3502626970227752,0.145617744525993,1100,adani-green-energy,Large Cap,Apr-2025
96004,7992.0,1,Jubilant FoodWorks Ltd.,FMCG,Fast Moving Consumer Goods,Domestic Equities,790.0,748.0,5.614973262032086,0.0565,0.049699999999999994,13.682092555332003,0.143584687010796,1100,jubilant-foodworks,Mid Cap,Apr-2025
153586,8183.0,1,NHPC Ltd.,Power,Power,Domestic Equities,6570.0,6219.0,5.643994211287988,0.0564,0.051100000000000007,10.371819960861044,0.143330554821396,1100,nhpc,Mid Cap,Apr-2025
38931,15891.0,1,Alkem Laboratories Ltd.,Healthcare,Healthcare,Domestic Equities,110.0,104.0,5.769230769230769,0.056299999999999996,0.0508,10.826771653543304,0.143076422631996,1100,alkem-laboratories,Mid Cap,Apr-2025
191600,99819.0,1,FSN E-Commerce Ventures Ltd.,Retailing,Information Technology,Domestic Equities,2830.0,2678.0,5.675877520537715,0.055,0.048,14.583333333333337,0.139772704169801,1100,fsn-e-commerce-ventures,Mid Cap,Apr-2025
77639,92991.0,1,SBI Cards And Payment Services Ltd.,Finance,Finance,Domestic Equities,622.0,588.0,5.782312925170068,0.054299999999999994,0.0518,4.826254826254826,0.137993778844003,1100,sbi-cards-and-payment-services,Mid Cap,Apr-2025
19182,5589.0,1,Coromandel International Ltd.,Chemicals,Chemicals,Domestic Equities,245.0,232.0,5.603448275862069,0.0542,0.046,17.82608695652175,0.137739646654604,1100,coromandel-international,Mid Cap,Apr-2025
152238,8313.0,1,MRF Ltd.,Automobile & Ancillaries,Automobile & Ancillaries,Domestic Equities,4.0,3.0,33.33333333333333,0.0538,0.0338,59.171597633136095,0.136723117897005,1100,mrf,Mid Cap,Apr-2025
114697,5402.0,1,JSW Energy Ltd.,Power,Power,Domestic Equities,1109.0,1050.0,5.6190476190476195,0.053099999999999994,0.0565,-6.017699115044261,0.134944192571208,1100,jsw-energy,Large Cap,Apr-2025
152377,4902.0,1,Siemens Ltd.,Capital Goods,Capital Goods,Domestic Equities,183.0,173.0,5.780346820809249,0.053099999999999994,0.0913,-41.840087623220164,0.134944192571208,1100,siemens,Large Cap,Apr-2025
152374,6232.0,1,Bosch Ltd.,Automobile & Ancillaries,Automobile & Ancillaries,Domestic Equities,18.0,17.0,5.88235294117647,0.053,0.0482,9.95850622406638,0.134690060381808,1100,bosch,Large Cap,Apr-2025
133608,7612.0,1,Union Bank Of India,Bank,Banking,Domestic Equities,4012.0,3798.0,5.6345444971037395,0.050499999999999996,0.0479,5.427974947807929,0.128336755646817,1100,union-bank-of-india,Mid Cap,Apr-2025
57620,82559.0,1,ICICI Prudential Life Insurance Company Ltd.,Insurance,Finance,Domestic Equities,812.0,768.0,5.729166666666666,0.0499,0.0433,15.242494226327949,0.126811962510419,1100,icici-prudential-life-insurance-company,Large Cap,Apr-2025
139924,82380.0,1,Laurus Labs Ltd.,Healthcare,Healthcare,Domestic Equities,812.0,769.0,5.591677503250976,0.049,0.0472,3.8135593220339112,0.124524772805823,1100,laurus-labs,Small Cap,Apr-2025
133642,6320.0,1,Petronet LNG Ltd.,Inds. Gases & Fuels,Industrials Gases & Fuels,Domestic Equities,1556.0,1473.0,5.634758995247793,0.048799999999999996,0.0432,12.962962962962955,0.124016508427023,1100,petronet-lng,Mid Cap,Apr-2025
95265,83775.0,1,Central Depository Services (India) Ltd.,Business Services,Finance,Domestic Equities,369.0,350.0,5.428571428571429,0.0487,0.042699999999999995,14.051522248243572,0.123762376237624,1100,central-depository-services-india,Small Cap,Apr-2025
77293,6578.0,1,Muthoot Finance Ltd.,Finance,Finance,Domestic Equities,222.0,210.0,5.714285714285714,0.0482,0.05,-3.5999999999999943,0.122491715290626,1100,muthoot-finance,Mid Cap,Apr-2025
153260,8051.0,1,Prestige Estates Projects Ltd.,Realty,Realty,Domestic Equities,350.0,331.0,5.740181268882175,0.0481,0.0392,22.704081632653054,0.122237583101226,1100,prestige-estates-projects,Mid Cap,Apr-2025
56674,5695.0,1,Supreme Industries Ltd.,Plastic Products,Plastic Products,Domestic Equities,134.0,127.0,5.511811023622047,0.047400000000000005,0.0435,8.965517241379324,0.120458657775428,1100,supreme-industries,Mid Cap,Apr-2025
114652,92620.0,1,Indian Railway Catering And Tourism Corporation Ltd.,Hospitality,Hospitality,Domestic Equities,626.0,592.0,5.743243243243244,0.047,0.0431,9.048723897911847,0.11944212901783,1100,indian-railway-catering-and-tourism-corporation,Mid Cap,Apr-2025
19275,7232.0,1,NMDC Ltd.,Mining,Mining,Domestic Equities,7177.0,6793.0,5.652877962608568,0.04650000000000001,0.046799999999999994,-0.6410256410256274,0.118171468070832,1100,nmdc,Mid Cap,Apr-2025
677,6026.0,1,Oil India Ltd.,Crude Oil,Crude Oil,Domestic Equities,1132.0,1072.0,5.597014925373134,0.04650000000000001,0.0415,12.048192771084336,0.118171468070832,1100,oil-india,Mid Cap,Apr-2025
58145,71025.0,1,Indian Railway Finance Corporation Ltd.,Finance,Finance,Domestic Equities,3710.0,3512.0,5.637813211845103,0.0462,0.0437,5.720823798627002,0.117409071502633,1100,indian-railway-finance-corporation,Large Cap,Apr-2025
171968,4931.0,1,Zydus Lifesciences Ltd.,Healthcare,Healthcare,Domestic Equities,518.0,490.0,5.714285714285714,0.046,0.0434,5.990783410138245,0.116900807123834,1100,zydus-lifesciences,Large Cap,Apr-2025
133317,6810.0,1,Blue Star Ltd.,Consumer Durables,Consumer Durables,Domestic Equities,269.0,255.0,5.490196078431373,0.045899999999999996,0.0545,-15.779816513761475,0.116646674934434,1100,blue-star,Mid Cap,Apr-2025
26837,16127.0,1,Crompton Greaves Consumer Electricals Ltd.,Consumer Durables,Consumer Durables,Domestic Equities,1334.0,1263.0,5.6215360253365,0.045,0.0447,0.671140939597321,0.114359485229837,1100,crompton-greaves-consumer-electricals,Small Cap,Apr-2025
1427,98308.0,1,Sona BLW Precision Forgings Ltd.,Automobile & Ancillaries,Automobile & Ancillaries,Domestic Equities,931.0,881.0,5.675368898978434,0.044800000000000006,0.0406,10.344827586206918,0.113851220851038,1100,sona-blw-precision-forgings,Mid Cap,Apr-2025
79,7951.0,1,Balkrishna Industries Ltd.,Automobile & Ancillaries,Automobile & Ancillaries,Domestic Equities,166.0,157.0,5.7324840764331215,0.0444,0.0401,10.72319201995014,0.112834692093439,1100,balkrishna-industries,Mid Cap,Apr-2025
171336,8097.0,1,JK Cement Ltd.,Construction Materials,Construction Materials,Domestic Equities,86.0,82.0,4.878048780487805,0.044000000000000004,0.0404,8.910891089108919,0.111818163335841,1100,jk-cement,Mid Cap,Apr-2025
152296,7356.0,1,Patanjali Foods Ltd.,FMCG,Fast Moving Consumer Goods,Domestic Equities,230.0,217.0,5.990783410138248,0.0438,0.0392,11.73469387755102,0.111309898957041,1100,patanjali-foods,Mid Cap,Apr-2025
227975,113151.0,1,Siemens Energy India Ltd.,Others,,Domestic Equities,176.0,,,0.0436,,,0.110801634578242,1100,siemens-energy-india,,Apr-2025
133463,8505.0,1,Glenmark Pharmaceuticals Ltd.,Healthcare,Healthcare,Domestic Equities,312.0,295.0,5.762711864406779,0.0431,0.0455,-5.27472527472528,0.109530973631244,1100,glenmark-pharmaceuticals,Mid Cap,Apr-2025
114606,112114.0,1,Hyundai Motor India Ltd.,Automobile & Ancillaries,Automobile & Ancillaries,Domestic Equities,251.0,238.0,5.46218487394958,0.0429,0.0406,5.665024630541883,0.109022709252445,1100,hyundai-motor-india,Large Cap,Apr-2025
171698,8307.0,1,Oracle Financial Services Software Ltd.,IT,Information Technology,Domestic Equities,49.0,46.0,6.521739130434782,0.042699999999999995,0.0361,18.282548476454284,0.108514444873645,1100,oracle-financial-services-software,Mid Cap,Apr-2025
123299,91366.0,1,KPIT Technologies Ltd.,IT,Information Technology,Domestic Equities,338.0,320.0,5.625,0.0424,0.0418,1.4354066985646052,0.107752048305447,1100,kpit-technologies,Mid Cap,Apr-2025
152608,7159.0,1,Indian Bank,Bank,Banking,Domestic Equities,733.0,694.0,5.619596541786744,0.0415,0.037599999999999995,10.372340425531931,0.10546485860085,1100,indian-bank,Mid Cap,Apr-2025
171444,98250.0,1,Kalyan Jewellers India Ltd.,Diamond  &  Jewellery,Diamond & Jewellery,Domestic Equities,797.0,754.0,5.702917771883289,0.0412,0.0352,17.045454545454547,0.104702462032651,1100,kalyan-jewellers-india,Mid Cap,Apr-2025
756,88308.0,1,Rail Vikas Nigam Ltd.,Infrastructure,Infrastructure,Domestic Equities,1178.0,1115.0,5.650224215246637,0.0412,0.0392,5.102040816326536,0.104702462032651,1100,rail-vikas-nigam,Large Cap,Apr-2025
152323,7533.0,1,Tata Elxsi Ltd.,IT,Information Technology,Domestic Equities,71.0,68.0,4.411764705882353,0.0409,0.0355,15.211267605633804,0.103940065464452,1100,tata-elxsi,Mid Cap,Apr-2025
152616,7532.0,1,Vodafone Idea Ltd.,Telecom,Telecom,Domestic Equities,57334.0,50995.0,12.430630453966076,0.0408,0.0347,17.57925072046109,0.103685933275052,1100,vodafone-idea,Mid Cap,Apr-2025
352,7184.0,1,Ipca Laboratories Ltd.,Healthcare,Healthcare,Domestic Equities,288.0,273.0,5.4945054945054945,0.0404,0.040999999999999995,-1.463414634146332,0.102669404517454,1100,ipca-laboratories,Mid Cap,Apr-2025
151967,5716.0,1,GE Vernova T&D India Ltd.,Capital Goods,Capital Goods,Domestic Equities,257.0,243.0,5.761316872427984,0.04019999999999999,0.0379,6.068601583113444,0.102161140138655,1100,ge-vernova-td-india,Mid Cap,Apr-2025
153691,5278.0,1,Oberoi Realty Ltd.,Realty,Realty,Domestic Equities,244.0,231.0,5.627705627705628,0.0401,0.0378,6.084656084656085,0.101907007949255,1100,oberoi-realty,Mid Cap,Apr-2025
133623,8531.0,1,Radico Khaitan Ltd.,Alcohol,Alcohol,Domestic Equities,162.0,153.0,5.88235294117647,0.0398,0.037200000000000004,6.989247311827951,0.101144611381056,1100,radico-khaitan,Small Cap,Apr-2025
133630,5815.0,1,Jindal Stainless Ltd.,Iron & Steel,Iron & Steel,Domestic Equities,673.0,637.0,5.651491365777081,0.0392,0.037000000000000005,5.9459459459459385,0.0996198182446581,1100,jindal-stainless,Mid Cap,Apr-2025
113892,8292.0,1,KEI Industries Ltd.,Electricals,Electricals,Domestic Equities,128.0,121.0,5.785123966942149,0.0392,0.035,11.999999999999998,0.0996198182446581,1100,kei-industries,Mid Cap,Apr-2025
134830,88309.0,1,Mazagon Dock Shipbuilders Ltd.,Ship Building,Ship Building,Domestic Equities,127.0,120.0,5.833333333333333,0.0388,0.0317,22.397476340694006,0.0986032894870596,1100,mazagon-dock-shipbuilders,Mid Cap,Apr-2025
57412,93539.0,1,Computer Age Management Services Ltd.,Business Services,Finance,Domestic Equities,99.0,94.0,5.319148936170213,0.0387,0.035,10.571428571428575,0.0983491572976599,1100,computer-age-management-services,Small Cap,Apr-2025
171509,5522.0,1,Tata Communications Ltd.,Telecom,Telecom,Domestic Equities,243.0,230.0,5.6521739130434785,0.0387,0.0363,6.61157024793389,0.0983491572976599,1100,tata-communications,Mid Cap,Apr-2025
75891,5355.0,1,Container Corporation Of India Ltd.,Logistics,Logistics,Domestic Equities,572.0,541.0,5.730129390018484,0.0385,0.0374,2.941176470588232,0.0978408929188607,1100,container-corporation-of-india,Mid Cap,Apr-2025
171404,5514.0,1,Cholamandalam Financial Holdings Ltd.,Finance,Finance,Domestic Equities,205.0,194.0,5.670103092783505,0.0382,0.034,12.352941176470585,0.0970784963506618,1100,cholamandalam-financial-holdings,Small Cap,Apr-2025
177212,94646.0,1,Hitachi Energy India Ltd.,Capital Goods,Capital Goods,Domestic Equities,26.0,24.0,8.333333333333332,0.0378,0.0304,24.342105263157887,0.0960619675930632,1100,hitachi-energy-india,Mid Cap,Apr-2025
152207,5372.0,1,LIC Housing Finance Ltd.,Finance,Finance,Domestic Equities,624.0,591.0,5.583756345177665,0.0375,0.0333,12.612612612612612,0.0952995710248643,1100,lic-housing-finance,Mid Cap,Apr-2025
58155,95800.0,1,Life Insurance Corporation of India,Insurance,Finance,Domestic Equities,460.0,436.0,5.5045871559633035,0.0366,0.0349,4.871060171919769,0.0930123813202676,1100,life-insurance-corporation-of-india,Large Cap,Apr-2025
543,5039.0,1,Karur Vysya Bank Ltd.,Bank,Banking,Domestic Equities,1632.0,1545.0,5.631067961165048,0.0356,0.0323,10.216718266253872,0.0904710594262712,1100,karur-vysya-bank,Small Cap,Apr-2025
97125,90518.0,1,Adani Total Gas Ltd.,Gas Transmission,Gas Transmission,Domestic Equities,576.0,545.0,5.688073394495413,0.0346,0.032799999999999996,5.487804878048785,0.0879297375322748,1100,adani-total-gas,Mid Cap,Apr-2025
171434,4916.0,1,Astral Ltd.,Plastic Products,Plastic Products,Domestic Equities,255.0,242.0,5.371900826446281,0.034300000000000004,0.0313,9.584664536741224,0.0871673409640759,1100,astral,Mid Cap,Apr-2025
133351,5368.0,1,Steel Authority Of India Ltd.,Iron & Steel,Iron & Steel,Domestic Equities,3002.0,2841.0,5.667018655403027,0.0341,0.0327,4.281345565749239,0.0866590765852766,1100,steel-authority-of-india,Mid Cap,Apr-2025
58272,82478.0,1,PNB Housing Finance Ltd.,Finance,Finance,Domestic Equities,332.0,314.0,5.7324840764331215,0.0335,0.0277,20.938628158844768,0.0851342834488788,1100,pnb-housing-finance,Small Cap,Apr-2025
133407,5997.0,1,Hindustan Zinc Ltd.,Non - Ferrous Metals,Non - Ferrous Metals,Domestic Equities,761.0,720.0,5.694444444444445,0.0334,0.0333,0.30030030030029387,0.0848801512594791,1100,hindustan-zinc,Large Cap,Apr-2025
58504,98271.0,1,Krishna Institute of Medical Sciences Ltd,Healthcare,Healthcare,Domestic Equities,509.0,482.0,5.601659751037345,0.0334,0.0308,8.441558441558435,0.0848801512594791,1100,krishna-institute-of-medical-sciences,Small Cap,Apr-2025
171840,6541.0,1,UNO Minda Ltd.,Automobile & Ancillaries,Automobile & Ancillaries,Domestic Equities,371.0,351.0,5.698005698005698,0.0332,0.030699999999999998,8.143322475570033,0.0843718868806799,1100,uno-minda,Mid Cap,Apr-2025
171886,6139.0,1,Exide Industries Ltd.,Automobile & Ancillaries,Automobile & Ancillaries,Domestic Equities,945.0,894.0,5.704697986577181,0.0332,0.0322,3.1055900621117902,0.0843718868806799,1100,exide-industries,Mid Cap,Apr-2025
135555,92715.0,1,360 One Wam Ltd.,Finance,Finance,Domestic Equities,333.0,315.0,5.714285714285714,0.032799999999999996,0.0297,10.437710437710424,0.0833553581230813,1100,360-one-wam,Mid Cap,Apr-2025
173672,92657.0,1,Gujarat Fluorochemicals Ltd.,Chemicals,Chemicals,Domestic Equities,84.0,80.0,5.0,0.0327,0.0322,1.5527950310558951,0.0831012259336817,1100,gujarat-fluorochemicals,Mid Cap,Apr-2025
133627,5088.0,1,Navin Fluorine International Ltd.,Chemicals,Chemicals,Domestic Equities,72.0,68.0,5.88235294117647,0.0326,0.0286,13.986013986013985,0.082847093744282,1100,navin-fluorine-international,Small Cap,Apr-2025
46521,101004.0,1,Delhivery Ltd.,Logistics,Logistics,Domestic Equities,1065.0,1008.0,5.654761904761905,0.0325,0.025699999999999997,26.4591439688716,0.0825929615548824,1100,delhivery,Small Cap,Apr-2025
152519,8782.0,1,Mahindra & Mahindra Financial Services Ltd.,Finance,Finance,Domestic Equities,1229.0,1163.0,5.674978503869303,0.0322,0.0329,-2.12765957446808,0.0818305649866835,1100,mahindra-mahindra-financial-services,Mid Cap,Apr-2025
171433,6783.0,1,Berger Paints India Ltd.,Chemicals,Chemicals,Domestic Equities,591.0,559.0,5.724508050089446,0.0322,0.027999999999999997,15.000000000000014,0.0818305649866835,1100,berger-paints-india,Mid Cap,Apr-2025
171333,7587.0,1,United Breweries Ltd.,Alcohol,Alcohol,Domestic Equities,149.0,141.0,5.673758865248227,0.0322,0.0282,14.184397163120579,0.0818305649866835,1100,united-breweries,Mid Cap,Apr-2025
153885,104233.0,1,Kaynes Technology India Ltd.,Electricals,Electricals,Domestic Equities,56.0,53.0,5.660377358490567,0.0322,0.0252,27.777777777777786,0.0818305649866835,1100,kaynes-technology-india,Mid Cap,Apr-2025
47051,90577.0,1,Dalmia Bharat Ltd.,Construction Materials,Construction Materials,Domestic Equities,165.0,156.0,5.769230769230769,0.0321,0.028399999999999998,13.028169014084511,0.0815764327972838,1100,dalmia-bharat,Mid Cap,Apr-2025
171565,6678.0,1,Apollo Tyres Ltd.,Automobile & Ancillaries,Automobile & Ancillaries,Domestic Equities,669.0,633.0,5.687203791469194,0.0316,0.027000000000000003,17.037037037037035,0.0803057718502856,1100,apollo-tyres,Small Cap,Apr-2025
152599,8349.0,1,Redington Ltd.,Trading,Trading,Domestic Equities,1234.0,1168.0,5.650684931506849,0.030299999999999997,0.028399999999999998,6.69014084507042,0.0770020533880904,1100,redington,Small Cap,Apr-2025
75659,6055.0,1,Lloyds Metals & Energy Ltd.,Iron & Steel,Iron & Steel,Domestic Equities,252.0,238.0,5.88235294117647,0.030299999999999997,0.030600000000000002,-0.9803921568627533,0.0770020533880904,1100,lloyds-metals-energy,Mid Cap,Apr-2025
133643,6434.0,1,Biocon Ltd.,Healthcare,Healthcare,Domestic Equities,935.0,885.0,5.649717514124294,0.0301,0.0302,-0.33112582781457717,0.0764937890092911,1100,biocon,Mid Cap,Apr-2025
152367,6359.0,1,Abbott India Ltd.,Healthcare,Healthcare,Domestic Equities,10.0,10.0,0.0,0.03,0.030699999999999998,-2.280130293159604,0.0762396568198914,1100,abbott-india,Mid Cap,Apr-2025
178941,94376.0,1,Cohance Lifesciences Ltd.,Healthcare,Healthcare,Domestic Equities,263.0,249.0,5.622489959839357,0.029900000000000003,0.0287,4.181184668989551,0.0759855246304918,1100,cohance-lifesciences,Small Cap,Apr-2025
58595,86782.0,1,Indian Energy Exchange Ltd.,Power,Power,Domestic Equities,1573.0,1489.0,5.641370047011417,0.029900000000000003,0.0262,14.122137404580156,0.0759855246304918,1100,indian-energy-exchange,Small Cap,Apr-2025
617,7969.0,1,Brigade Enterprises Ltd.,Realty,Realty,Domestic Equities,287.0,271.0,5.904059040590406,0.029500000000000002,0.0265,11.320754716981142,0.0749689958728932,1100,brigade-enterprises,Small Cap,Apr-2025
57781,87827.0,1,Bharat Dynamics Ltd.,Capital Goods,Capital Goods,Domestic Equities,191.0,181.0,5.524861878453039,0.0292,0.0232,25.86206896551725,0.0742065993046943,1100,bharat-dynamics,Mid Cap,Apr-2025
114414,5238.0,1,Bank Of India,Bank,Banking,Domestic Equities,2523.0,2388.0,5.653266331658291,0.0291,0.0256,13.671875000000004,0.0739524671152947,1100,bank-of-india,Mid Cap,Apr-2025
133439,5473.0,1,National Aluminium Company Ltd.,Non - Ferrous Metals,Non - Ferrous Metals,Domestic Equities,1862.0,1762.0,5.675368898978434,0.0291,0.030899999999999997,-5.825242718446593,0.0739524671152947,1100,national-aluminium-company,Mid Cap,Apr-2025
79346,86555.0,1,Aditya Birla Capital Ltd.,Finance,Finance,Domestic Equities,1480.0,1401.0,5.638829407566024,0.0291,0.0259,12.355212355212366,0.0739524671152947,1100,aditya-birla-capital,Mid Cap,Apr-2025
19098,6973.0,1,Schaeffler India Ltd.,Automobile & Ancillaries,Automobile & Ancillaries,Domestic Equities,83.0,79.0,5.063291139240507,0.0288,0.026699999999999998,7.8651685393258415,0.0731900705470958,1100,schaeffler-india,Mid Cap,Apr-2025
198435,104143.0,1,KFin Technologies Ltd.,Business Services,Finance,Domestic Equities,240.0,227.0,5.726872246696035,0.0287,0.023399999999999997,22.64957264957266,0.0729359383576961,1100,kfin-technologies,Small Cap,Apr-2025
83342,79963.0,1,Bandhan Bank Ltd.,Bank,Banking,Domestic Equities,1725.0,1632.0,5.698529411764706,0.0286,0.0239,19.665271966527182,0.0726818061682965,1100,bandhan-bank,Small Cap,Apr-2025
133635,5732.0,1,Indraprastha Gas Ltd.,Gas Transmission,Gas Transmission,Domestic Equities,1456.0,1378.0,5.660377358490567,0.027999999999999997,0.027999999999999997,0.0,0.0711570130318987,1100,indraprastha-gas,Mid Cap,Apr-2025
134823,84770.0,1,Cochin Shipyard Ltd.,Ship Building,Ship Building,Domestic Equities,175.0,166.0,5.421686746987952,0.0278,0.023399999999999997,18.803418803418804,0.0706487486530994,1100,cochin-shipyard,Mid Cap,Apr-2025
38741,90008.0,1,Angel One Ltd.,Finance,Finance,Domestic Equities,120.0,114.0,5.263157894736842,0.0277,0.0264,4.92424242424242,0.0703946164636998,1100,angel-one,Small Cap,Apr-2025
19183,6082.0,1,Deepak Nitrite Ltd.,Chemicals,Chemicals,Domestic Equities,142.0,135.0,5.185185185185185,0.0275,0.0268,2.6119402985074567,0.0698863520849005,1100,deepak-nitrite,Mid Cap,Apr-2025
1704,6920.0,1,L&T Finance Ltd.,Finance,Finance,Domestic Equities,1666.0,1577.0,5.643627140139505,0.0274,0.0242,13.22314049586778,0.0696322198955008,1100,lt-finance,Mid Cap,Apr-2025
26622,79332.0,1,Five-Star Business Finance Ltd.,Finance,Finance,Domestic Equities,387.0,366.0,5.737704918032787,0.0273,0.0265,3.0188679245283048,0.0693780877061012,1100,five-star-business-finance,Small Cap,Apr-2025
152079,6815.0,1,Linde India Ltd.,Inds. Gases & Fuels,Industrials Gases & Fuels,Domestic Equities,43.0,41.0,4.878048780487805,0.027200000000000002,0.025699999999999997,5.836575875486395,0.0691239555167016,1100,linde-india,Mid Cap,Apr-2025
152397,5267.0,1,Tata Chemicals Ltd.,Chemicals,Chemicals,Domestic Equities,324.0,307.0,5.537459283387622,0.0271,0.026600000000000002,1.879699248120294,0.0688698233273019,1100,tata-chemicals,Small Cap,Apr-2025
201928,105635.0,1,Piramal Pharma Ltd.,Healthcare,Healthcare,Domestic Equities,1280.0,1212.0,5.6105610561056105,0.027000000000000003,0.027200000000000002,-0.7352941176470594,0.0686156911379023,1100,piramal-pharma,Small Cap,Apr-2025
57541,86814.0,1,General Insurance Corporation of India,Insurance,Finance,Domestic Equities,642.0,607.0,5.766062602965404,0.0268,0.0256,4.687500000000004,0.068107426759103,1100,general-insurance-corporation-of-india,Mid Cap,Apr-2025
114451,6891.0,1,City Union Bank Ltd.,Bank,Banking,Domestic Equities,1496.0,1416.0,5.649717514124294,0.0264,0.0223,18.38565022421525,0.0670908980015045,1100,city-union-bank,Small Cap,Apr-2025
76174,111823.0,1,Bharti Hexacom Ltd.,Telecom,Telecom,Domestic Equities,156.0,147.0,6.122448979591836,0.0263,0.0215,22.325581395348838,0.0668367658121048,1100,bharti-hexacom,Mid Cap,Apr-2025
75798,7006.0,1,Manappuram Finance Ltd.,Finance,Finance,Domestic Equities,1139.0,1078.0,5.658627087198516,0.0263,0.025099999999999997,4.780876494023909,0.0668367658121048,1100,manappuram-finance,Small Cap,Apr-2025
152325,5528.0,1,Thermax Ltd.,Capital Goods,Capital Goods,Domestic Equities,80.0,76.0,5.263157894736842,0.0263,0.0278,-5.395683453237407,0.0668367658121048,1100,thermax,Mid Cap,Apr-2025
152324,4941.0,1,ACC Ltd.,Construction Materials,Construction Materials,Domestic Equities,139.0,132.0,5.303030303030303,0.0262,0.0256,2.343750000000002,0.0665826336227052,1100,acc,Mid Cap,Apr-2025
96732,87407.0,1,Amber Enterprises India Ltd.,Consumer Durables,Consumer Durables,Domestic Equities,42.0,40.0,5.0,0.0259,0.0288,-10.069444444444446,0.0658202370545063,1100,amber-enterprises-india,Small Cap,Apr-2025
95549,7450.0,1,Aditya Birla Fashion and Retail Ltd.,Retailing,Retailing,Domestic Equities,974.0,922.0,5.639913232104121,0.025699999999999997,0.0236,8.898305084745761,0.065311972675707,1100,aditya-birla-fashion-and-retail,Mid Cap,Apr-2025
171948,7104.0,1,Emami Ltd.,FMCG,Fast Moving Consumer Goods,Domestic Equities,409.0,387.0,5.684754521963824,0.0256,0.022400000000000003,14.285714285714276,0.0650578404863074,1100,emami,Small Cap,Apr-2025
152486,5772.0,1,AIA Engineering Ltd.,Automobile & Ancillaries,Automobile & Ancillaries,Domestic Equities,80.0,76.0,5.263157894736842,0.0256,0.0255,0.39215686274510714,0.0650578404863074,1100,aia-engineering,Mid Cap,Apr-2025
152386,5556.0,1,Glaxosmithkline Pharmaceuticals Ltd.,Healthcare,Healthcare,Domestic Equities,85.0,81.0,4.938271604938271,0.0252,0.0233,8.154506437768237,0.0640413117287088,1100,glaxosmithkline-pharmaceuticals,Mid Cap,Apr-2025
96614,6762.0,1,PG Electroplast Ltd.,Consumer Durables,Consumer Durables,Domestic Equities,297.0,281.0,5.6939501779359425,0.025099999999999997,0.0258,-2.7131782945736544,0.0637871795393092,1100,pg-electroplast,Small Cap,Apr-2025
19805,15724.0,1,Syngene International Ltd.,Business Services,Healthcare,Domestic Equities,392.0,371.0,5.660377358490567,0.024900000000000002,0.0269,-7.434944237918206,0.0632789151605099,1100,syngene-international,Mid Cap,Apr-2025
96304,15914.0,1,Narayana Hrudayalaya Ltd.,Healthcare,Healthcare,Domestic Equities,141.0,133.0,6.015037593984962,0.0248,0.0225,10.222222222222221,0.0630247829711102,1100,narayana-hrudayalaya,Small Cap,Apr-2025
133275,8322.0,1,Amara Raja Energy & Mobility Ltd.,Automobile & Ancillaries,Automobile & Ancillaries,Domestic Equities,254.0,240.0,5.833333333333333,0.024700000000000003,0.0241,2.4896265560165993,0.0627706507817106,1100,amara-raja-energy-mobility,Small Cap,Apr-2025
787,70906.0,1,RBL Bank Ltd.,Bank,Banking,Domestic Equities,1231.0,1165.0,5.665236051502146,0.024700000000000003,0.0202,22.277227722772285,0.0627706507817106,1100,rbl-bank,Small Cap,Apr-2025
171752,6261.0,1,The Ramco Cements Ltd.,Construction Materials,Construction Materials,Domestic Equities,261.0,247.0,5.668016194331984,0.0246,0.022099999999999998,11.312217194570136,0.062516518592311,1100,the-ramco-cements,Small Cap,Apr-2025
44430,82482.0,1,L&T Technology Services Ltd.,IT,Information Technology,Domestic Equities,57.0,54.0,5.555555555555555,0.024300000000000002,0.024300000000000002,0.0,0.0617541220241121,1100,lt-technology-services,Mid Cap,Apr-2025
171646,5397.0,1,Carborundum Universal Ltd.,Abrasives,Abrasives,Domestic Equities,236.0,223.0,5.829596412556054,0.0241,0.0226,6.637168141592936,0.0612458576453128,1100,carborundum-universal,Small Cap,Apr-2025
171470,5477.0,1,Piramal Enterprises Ltd.,Finance,Finance,Domestic Equities,248.0,235.0,5.531914893617021,0.024,0.0232,3.448275862068969,0.0609917254559131,1100,piramal-enterprises,Small Cap,Apr-2025
37877,7189.0,1,JB Chemicals & Pharmaceuticals Ltd.,Healthcare,Healthcare,Domestic Equities,148.0,140.0,5.714285714285714,0.0239,0.0227,5.286343612334806,0.0607375932665135,1100,jb-chemicals-pharmaceuticals,Small Cap,Apr-2025
20865,87606.0,1,Aster DM Healthcare Ltd.,Healthcare,Healthcare,Domestic Equities,467.0,442.0,5.656108597285068,0.0236,0.021400000000000002,10.280373831775687,0.0599751966983146,1100,aster-dm-healthcare,Small Cap,Apr-2025
116180,112103.0,1,Bajaj Housing Finance Ltd.,Finance,Finance,Domestic Equities,1931.0,1828.0,5.634573304157549,0.0236,0.0225,4.888888888888884,0.0599751966983146,1100,bajaj-housing-finance,Large Cap,Apr-2025
77309,15532.0,1,Inox Wind Ltd.,Capital Goods,Capital Goods,Domestic Equities,1393.0,1319.0,5.610310841546626,0.0235,0.0215,9.302325581395356,0.059721064508915,1100,inox-wind,Small Cap,Apr-2025
133495,5019.0,1,Ajanta Pharma Ltd.,Healthcare,Healthcare,Domestic Equities,87.0,82.0,6.097560975609756,0.0235,0.0215,9.302325581395356,0.059721064508915,1100,ajanta-pharma,Mid Cap,Apr-2025
114654,92672.0,1,Indian Renewable Energy Development Agency Ltd.,Finance,Finance,Domestic Equities,1399.0,1324.0,5.664652567975831,0.023399999999999997,0.0213,9.859154929577464,0.0594669323195153,1100,indian-renewable-energy-development-agency,Mid Cap,Apr-2025
115032,83788.0,1,Housing & Urban Development Corporation Ltd.,Finance,Finance,Domestic Equities,1042.0,986.0,5.679513184584178,0.0233,0.0197,18.274111675126907,0.0592128001301157,1100,housing-urban-development-corporation,Mid Cap,Apr-2025
797,86851.0,1,Nippon Life India Asset Management Ltd.,Finance,Finance,Domestic Equities,363.0,343.0,5.830903790087463,0.0232,0.019799999999999998,17.171717171717166,0.058958667940716,1100,nippon-life-india-asset-management,Mid Cap,Apr-2025
636,7344.0,1,Reliance Power Ltd.,Power,Power,Domestic Equities,5790.0,5480.0,5.656934306569343,0.0232,0.0236,-1.6949152542372898,0.058958667940716,1100,reliance-power,Small Cap,Apr-2025
97743,96921.0,1,Gland Pharma Ltd.,Healthcare,Healthcare,Domestic Equities,165.0,156.0,5.769230769230769,0.0231,0.0248,-6.854838709677416,0.0587045357513164,1100,gland-pharma,Small Cap,Apr-2025
139601,89162.0,1,Aavas Financiers Ltd.,Finance,Finance,Domestic Equities,118.0,112.0,5.357142857142857,0.0229,0.0233,-1.716738197424894,0.0581962713725171,1100,aavas-financiers,Small Cap,Apr-2025
171520,5812.0,1,Kalpataru Projects International Ltd.,Infrastructure,Infrastructure,Domestic Equities,235.0,223.0,5.381165919282512,0.022799999999999997,0.0217,5.069124423963128,0.0579421391831175,1100,kalpataru-projects-international,Small Cap,Apr-2025
133386,8742.0,1,Godfrey Phillips India Ltd.,FMCG,Fast Moving Consumer Goods,Domestic Equities,28.0,26.0,7.6923076923076925,0.0227,0.0176,28.97727272727273,0.0576880069937179,1100,godfrey-phillips-india,Small Cap,Apr-2025
152503,5921.0,1,Gujarat State Petronet Ltd.,Gas Transmission,Gas Transmission,Domestic Equities,691.0,654.0,5.657492354740061,0.0225,0.0191,17.801047120418854,0.0571797426149186,1100,gujarat-state-petronet,Small Cap,Apr-2025
171405,6966.0,1,Poonawalla Fincorp Ltd.,Finance,Finance,Domestic Equities,597.0,566.0,5.477031802120141,0.022400000000000003,0.019799999999999998,13.131313131313144,0.0569256104255189,1100,poonawalla-fincorp,Small Cap,Apr-2025
133333,4917.0,1,CRISIL Ltd.,Ratings,Ratings,Domestic Equities,50.0,47.0,6.382978723404255,0.0223,0.0196,13.775510204081634,0.0566714782361193,1100,crisil,Mid Cap,Apr-2025
133287,5307.0,1,Atul Ltd.,Chemicals,Chemicals,Domestic Equities,33.0,31.0,6.451612903225806,0.0223,0.019,17.368421052631582,0.0566714782361193,1100,atul,Small Cap,Apr-2025
171771,7580.0,1,Firstsource Solutions Ltd.,IT,Information Technology,Domestic Equities,656.0,621.0,5.636070853462158,0.0223,0.021099999999999997,5.6872037914692,0.0566714782361193,1100,firstsource-solutions,Small Cap,Apr-2025
133466,5090.0,1,Wockhardt Ltd.,Healthcare,Healthcare,Domestic Equities,171.0,162.0,5.555555555555555,0.0222,0.0231,-3.89610389610389,0.0564173460467197,1100,wockhardt,Small Cap,Apr-2025
152370,5063.0,1,Escorts Kubota Ltd.,Automobile & Ancillaries,Automobile & Ancillaries,Domestic Equities,68.0,65.0,4.615384615384616,0.0222,0.021099999999999997,5.213270142180111,0.0564173460467197,1100,escorts-kubota,Mid Cap,Apr-2025
133328,5242.0,1,Chambal Fertilisers and Chemicals Ltd.,Chemicals,Chemicals,Domestic Equities,316.0,299.0,5.68561872909699,0.0219,0.0187,17.112299465240632,0.0556549494785207,1100,chambal-fertilisers-and-chemicals,Small Cap,Apr-2025
171576,15890.0,1,Dr. Lal Pathlabs Ltd.,Healthcare,Healthcare,Domestic Equities,77.0,73.0,5.47945205479452,0.0213,0.0181,17.679558011049714,0.0541301563421229,1100,dr-lal-pathlabs,Small Cap,Apr-2025
133403,4970.0,1,Himadri Speciality Chemical Ltd.,Chemicals,Chemicals,Domestic Equities,485.0,459.0,5.664488017429194,0.0212,0.0195,8.717948717948726,0.0538760241527233,1100,himadri-speciality-chemical,Small Cap,Apr-2025
152206,6006.0,1,LMW Ltd.,Textile,Textile,Domestic Equities,13.0,13.0,0.0,0.0212,0.0208,1.9230769230769247,0.0538760241527233,1100,lmw,Small Cap,Apr-2025
171580,109023.0,1,Tata Technologies Ltd.,IT,Information Technology,Domestic Equities,320.0,303.0,5.6105610561056105,0.021099999999999997,0.0206,2.427184466019409,0.0536218919633236,1100,tata-technologies,Mid Cap,Apr-2025
152318,6472.0,1,Sundram Fasteners Ltd.,Automobile & Ancillaries,Automobile & Ancillaries,Domestic Equities,229.0,,,0.021,,,0.053367759773924,1100,sundram-fasteners,Small Cap,Apr-2025
133327,6870.0,1,CESC Ltd.,Power,Power,Domestic Equities,1309.0,1239.0,5.649717514124294,0.0208,0.0191,8.900523560209432,0.0528594953951247,1100,cesc,Small Cap,Apr-2025
114411,5677.0,1,Welspun Corp Ltd.,Iron & Steel,Iron & Steel,Domestic Equities,271.0,256.0,5.859375,0.0208,0.0223,-6.7264573991031344,0.0528594953951247,1100,welspun-corp,Small Cap,Apr-2025
114433,5462.0,1,Cyient Ltd.,IT,Information Technology,Domestic Equities,175.0,166.0,5.421686746987952,0.0208,0.021,-0.9523809523809532,0.0528594953951247,1100,cyient,Small Cap,Apr-2025
154545,89466.0,1,Affle 3i Ltd.,IT,Information Technology,Domestic Equities,131.0,124.0,5.64516129032258,0.0208,0.0199,4.522613065326637,0.0528594953951247,1100,affle-3i,Small Cap,Apr-2025
509,8487.0,1,K.P.R. Mill Ltd.,Textile,Textile,Domestic Equities,208.0,197.0,5.583756345177665,0.0207,0.0179,15.642458100558649,0.0526053632057251,1100,kpr-mill,Small Cap,Apr-2025
171359,5112.0,1,Aditya Birla Real Estate Ltd.,Diversified,Paper,Domestic Equities,108.0,102.0,5.88235294117647,0.0207,0.02,3.499999999999992,0.0526053632057251,1100,aditya-birla-real-estate,Small Cap,Apr-2025
102429,100653.0,1,Global Health Ltd.,Healthcare,Healthcare,Domestic Equities,172.0,163.0,5.521472392638037,0.0206,0.0195,5.641025641025646,0.0523512310163255,1100,global-health,Small Cap,Apr-2025
152719,5290.0,1,NBCC (India) Ltd.,Realty,Realty,Domestic Equities,2150.0,2035.0,5.651105651105651,0.020499999999999997,0.0167,22.754491017964064,0.0520970988269258,1100,nbcc-india,Small Cap,Apr-2025
371,7979.0,1,Neuland Laboratories Ltd.,Healthcare,Healthcare,Domestic Equities,17.0,16.0,6.25,0.0204,0.019299999999999998,5.699481865284979,0.0518429666375262,1100,neuland-laboratories,Small Cap,Apr-2025
19065,5958.0,1,Zee Entertainment Enterprises Ltd.,Media & Entertainment,Media & Entertainment,Domestic Equities,1916.0,1814.0,5.622932745314222,0.0204,0.0178,14.606741573033707,0.0518429666375262,1100,zee-entertainment-enterprises,Small Cap,Apr-2025
171697,5757.0,1,Aegis Logistics Ltd.,Logistics,Logistics,Domestic Equities,260.0,246.0,5.691056910569105,0.0204,0.019799999999999998,3.030303030303033,0.0518429666375262,1100,aegis-logistics,Small Cap,Apr-2025
95205,5743.0,1,Poly Medicure Ltd.,Healthcare,Healthcare,Domestic Equities,79.0,75.0,5.333333333333334,0.0203,0.0168,20.833333333333325,0.0515888344481265,1100,poly-medicure,Small Cap,Apr-2025
171485,6291.0,1,Motilal Oswal Financial Services Ltd.,Finance,Finance,Domestic Equities,308.0,292.0,5.47945205479452,0.020099999999999996,0.018000000000000002,11.666666666666652,0.0510805700693273,1100,motilal-oswal-financial-services,Mid Cap,Apr-2025
171802,6070.0,1,Elgi Equipments Ltd.,Capital Goods,Capital Goods,Domestic Equities,448.0,424.0,5.660377358490567,0.02,0.0204,-1.960784313725492,0.0508264378799276,1100,elgi-equipments,Small Cap,Apr-2025
152407,5597.0,1,Castrol India Ltd.,Automobile & Ancillaries,Automobile & Ancillaries,Domestic Equities,1004.0,951.0,5.573080967402734,0.0199,0.019299999999999998,3.108808290155443,0.050572305690528,1100,castrol-india,Small Cap,Apr-2025
117072,93022.0,1,Home First Finance Company India Ltd.,Finance,Finance,Domestic Equities,162.0,128.0,26.5625,0.0199,0.013000000000000001,53.076923076923066,0.050572305690528,1100,home-first-finance-company-india,Small Cap,Apr-2025
196533,104025.0,1,Motherson Sumi Wiring India Ltd.,Iron & Steel,Iron & Steel,Domestic Equities,3521.0,3333.0,5.6405640564056405,0.0196,0.0174,12.643678160919539,0.0498099091223291,1100,motherson-sumi-wiring-india,Small Cap,Apr-2025
133445,6416.0,1,Apar Industries Ltd.,Capital Goods,Capital Goods,Domestic Equities,35.0,33.0,6.0606060606060606,0.0196,0.0183,7.1038251366120155,0.0498099091223291,1100,apar-industries,Mid Cap,Apr-2025
20668,5513.0,1,Sammaan Capital Ltd.,Finance,Finance,Domestic Equities,1608.0,1522.0,5.650459921156373,0.0194,0.0163,19.018404907975466,0.0493016447435298,1100,sammaan-capital,Small Cap,Apr-2025
171371,111171.0,1,Jyoti CNC Automation Ltd.,Capital Goods,Capital Goods,Domestic Equities,176.0,167.0,5.389221556886228,0.0189,0.0177,6.779661016949145,0.0480309837965316,1100,jyoti-cnc-automation,Small Cap,Apr-2025
152513,6479.0,1,KEC International Ltd.,Infrastructure,Infrastructure,Domestic Equities,269.0,255.0,5.490196078431373,0.018799999999999997,0.02,-6.000000000000005,0.047776851607132,1100,kec-international,Small Cap,Apr-2025
645,8087.0,1,IRB Infrastructure Developers Ltd.,Infrastructure,Infrastructure,Domestic Equities,4119.0,3899.0,5.6424724288279045,0.018799999999999997,0.0176,6.818181818181812,0.047776851607132,1100,irb-infrastructure-developers,Mid Cap,Apr-2025
152363,7424.0,1,SKF India Ltd.,Automobile & Ancillaries,Automobile & Ancillaries,Domestic Equities,48.0,45.0,6.666666666666667,0.0187,0.0173,8.092485549132956,0.0475227194177323,1100,skf-india,Small Cap,Apr-2025
222979,112566.0,1,Vishal Mega Mart Ltd.,Retailing,Retailing,Domestic Equities,1550.0,1468.0,5.5858310626703,0.0184,0.015300000000000001,20.261437908496735,0.0467603228495334,1100,vishal-mega-mart,Mid Cap,Apr-2025
95396,111416.0,1,Nuvama Wealth Management Ltd.,Finance,Finance,Domestic Equities,30.0,29.0,3.4482758620689653,0.0183,0.0176,3.9772727272727306,0.0465061906601338,1100,nuvama-wealth-management,Small Cap,Apr-2025
57345,99844.0,1,AWL Agri Business Ltd.,FMCG,Fast Moving Consumer Goods,Domestic Equities,684.0,648.0,5.555555555555555,0.0183,0.0167,9.580838323353301,0.0465061906601338,1100,awl-agri-business,Mid Cap,Apr-2025
58178,99657.0,1,Star Health and Allied Insurance Company Ltd.,Insurance,Finance,Domestic Equities,468.0,443.0,5.643340857787811,0.0182,0.0158,15.189873417721516,0.0462520584707341,1100,star-health-and-allied-insurance-company,Small Cap,Apr-2025
133170,6243.0,1,Timken India Ltd.,Automobile & Ancillaries,Automobile & Ancillaries,Domestic Equities,74.0,70.0,5.714285714285714,0.0181,0.019299999999999998,-6.217616580310875,0.0459979262813345,1100,timken-india,Small Cap,Apr-2025
152241,8254.0,1,NCC Ltd.,Infrastructure,Infrastructure,Domestic Equities,850.0,804.0,5.721393034825871,0.018000000000000002,0.0168,7.1428571428571495,0.0457437940919349,1100,ncc,Small Cap,Apr-2025
171810,7890.0,1,Aarti Industries Ltd.,Chemicals,Chemicals,Domestic Equities,425.0,402.0,5.721393034825871,0.0179,0.015700000000000002,14.012738853503182,0.0454896619025352,1100,aarti-industries,Small Cap,Apr-2025
152380,4958.0,1,The Great Eastern Shipping Company Ltd.,Logistics,Logistics,Domestic Equities,205.0,194.0,5.670103092783505,0.0178,0.0181,-1.657458563535913,0.0452355297131356,1100,the-great-eastern-shipping-company,Small Cap,Apr-2025
152383,6925.0,1,Deepak Fertilisers And Petrochemicals Corporation Ltd.,Chemicals,Chemicals,Domestic Equities,139.0,131.0,6.106870229007633,0.0178,0.0146,21.917808219178088,0.0452355297131356,1100,deepak-fertilisers-and-petrochemicals-corporation,Small Cap,Apr-2025
84908,112552.0,1,Swiggy Ltd.,Retailing,Information Technology,Domestic Equities,558.0,528.0,5.681818181818182,0.0177,0.0174,1.7241379310344844,0.0449813975237359,1100,swiggy,Large Cap,Apr-2025
19510,6302.0,1,ZF Commercial Vehicle Control Systems India Ltd.,Automobile & Ancillaries,Automobile & Ancillaries,Domestic Equities,14.0,13.0,7.6923076923076925,0.0175,0.0169,3.550295857988169,0.0444731331449367,1100,zf-commercial-vehicle-control-systems-india,Small Cap,Apr-2025
152444,7037.0,1,IIFL Finance Ltd.,Finance,Finance,Domestic Equities,481.0,455.0,5.714285714285714,0.0173,0.0149,16.10738255033557,0.0439648687661374,1100,iifl-finance,Small Cap,Apr-2025
171535,5421.0,1,E.I.D. - Parry (India) Ltd.,Agri,Agriculture,Domestic Equities,212.0,201.0,5.472636815920398,0.0173,0.0158,9.493670886075943,0.0439648687661374,1100,eid-parry-india,Small Cap,Apr-2025
171687,7000.0,1,Zensar Technologies Ltd.,IT,Information Technology,Domestic Equities,238.0,225.0,5.777777777777778,0.0171,0.0158,8.227848101265815,0.0434566043873381,1100,zensar-technologies,Small Cap,Apr-2025
133437,6005.0,1,Sonata Software Ltd.,IT,Information Technology,Domestic Equities,404.0,382.0,5.7591623036649215,0.017,0.0132,28.78787878787878,0.0432024721979385,1100,sonata-software,Small Cap,Apr-2025
94718,6682.0,1,Asahi India Glass Ltd.,Construction Materials,Construction Materials,Domestic Equities,228.0,216.0,5.555555555555555,0.0167,0.013000000000000001,28.46153846153845,0.0424400756297396,1100,asahi-india-glass,Small Cap,Apr-2025
78882,109773.0,1,JSW Infrastructure Ltd.,Logistics,Logistics,Domestic Equities,564.0,533.0,5.816135084427768,0.0166,0.017,-2.35294117647059,0.0421859434403399,1100,jsw-infrastructure,Mid Cap,Apr-2025
133645,6755.0,1,Bank Of Maharashtra,Bank,Banking,Domestic Equities,3267.0,3092.0,5.6597671410090555,0.0166,0.0143,16.083916083916083,0.0421859434403399,1100,bank-of-maharashtra,Mid Cap,Apr-2025
152449,8099.0,1,JSW Holdings Ltd.,Finance,Finance,Domestic Equities,7.0,7.0,0.0,0.0163,0.0161,1.2422360248447077,0.041423546872141,1100,jsw-holdings,Small Cap,Apr-2025
46444,92584.0,1,Ujjivan Small Finance Bank Ltd.,Bank,Banking,Domestic Equities,3817.0,3613.0,5.646277331857182,0.0163,0.0124,31.4516129032258,0.041423546872141,1100,ujjivan-small-finance-bank,Small Cap,Apr-2025
137768,15760.0,1,Gujarat Gas Ltd.,Gas Transmission,Gas Transmission,Domestic Equities,357.0,338.0,5.621301775147929,0.016200000000000003,0.0139,16.546762589928075,0.0411694146827414,1100,gujarat-gas,Mid Cap,Apr-2025
152194,7698.0,1,Whirlpool Of India Ltd.,Consumer Durables,Consumer Durables,Domestic Equities,128.0,121.0,5.785123966942149,0.0161,0.012,34.16666666666668,0.0409152824933417,1100,whirlpool-of-india,Small Cap,Apr-2025
171884,5613.0,1,Bata India Ltd.,FMCG,Retailing,Domestic Equities,132.0,125.0,5.6000000000000005,0.016,0.0152,5.263157894736847,0.0406611503039421,1100,bata-india,Small Cap,Apr-2025
96608,84153.0,1,Eris Lifesciences Ltd.,Healthcare,Healthcare,Domestic Equities,112.0,106.0,5.660377358490567,0.016,0.015,6.666666666666672,0.0406611503039421,1100,eris-lifesciences,Small Cap,Apr-2025
133850,17036.0,1,Mahanagar Gas Ltd.,Gas Transmission,Gas Transmission,Domestic Equities,118.0,111.0,6.306306306306306,0.0159,0.0154,3.2467532467532494,0.0404070181145425,1100,mahanagar-gas,Small Cap,Apr-2025
171403,76579.0,1,Equitas Small Finance Bank Ltd.,Bank,Banking,Domestic Equities,2365.0,2238.0,5.674709562109026,0.0158,0.0123,28.455284552845534,0.0401528859251428,1100,equitas-small-finance-bank,Small Cap,Apr-2025
453,8676.0,1,Natco Pharma Ltd.,Healthcare,Healthcare,Domestic Equities,185.0,175.0,5.714285714285714,0.015700000000000002,0.013999999999999999,12.142857142857153,0.0398987537357432,1100,natco-pharma,Small Cap,Apr-2025
222201,112407.0,1,NTPC Green Energy Ltd.,Power,Power,Domestic Equities,1547.0,1464.0,5.669398907103825,0.015600000000000001,0.0147,6.122448979591842,0.0396446215463435,1100,ntpc-green-energy,Large Cap,Apr-2025
191898,99941.0,1,Sapphire Foods India Ltd.,FMCG,Fast Moving Consumer Goods,Domestic Equities,490.0,464.0,5.603448275862069,0.0155,0.0137,13.138686131386857,0.0393904893569439,1100,sapphire-foods-india,Small Cap,Apr-2025
13,7543.0,1,Tata Investment Corporation Ltd.,Finance,Finance,Domestic Equities,26.0,25.0,4.0,0.0154,0.0158,-2.531645569620255,0.0391363571675443,1100,tata-investment-corporation,Mid Cap,Apr-2025
98869,15650.0,1,PTC Industries Ltd.,Automobile & Ancillaries,Automobile & Ancillaries,Domestic Equities,12.0,11.0,9.090909090909092,0.0154,0.016399999999999998,-6.097560975609748,0.0391363571675443,1100,ptc-industries,Small Cap,Apr-2025
171776,7342.0,1,The Karnataka Bank Ltd.,Bank,Banking,Domestic Equities,784.0,742.0,5.660377358490567,0.0154,0.013000000000000001,18.46153846153846,0.0391363571675443,1100,the-karnataka-bank,Small Cap,Apr-2025
171853,7249.0,1,NLC India Ltd.,Power,Power,Domestic Equities,677.0,641.0,5.61622464898596,0.0154,0.015700000000000002,-1.9108280254777086,0.0391363571675443,1100,nlc-india,Mid Cap,Apr-2025
133402,7102.0,1,HFCL Ltd.,Telecom,Telecom,Domestic Equities,1920.0,1817.0,5.668684645019263,0.0152,0.0144,5.555555555555561,0.038628092788745,1100,hfcl,Small Cap,Apr-2025
115768,100528.0,1,Data Patterns (India) Ltd.,Capital Goods,Capital Goods,Domestic Equities,61.0,58.0,5.172413793103448,0.0152,0.0098,55.102040816326536,0.038628092788745,1100,data-patterns-india,Small Cap,Apr-2025
136865,15654.0,1,Authum Investment & Infrastructure Ltd.,Finance,Finance,Domestic Equities,88.0,83.0,6.024096385542169,0.0152,0.0144,5.555555555555561,0.038628092788745,1100,authum-investment-infrastructure,Small Cap,Apr-2025
152405,5856.0,1,EIH Ltd.,Hospitality,Hospitality,Domestic Equities,411.0,389.0,5.655526992287918,0.0152,0.0138,10.144927536231894,0.038628092788745,1100,eih,Small Cap,Apr-2025
152064,6806.0,1,3M India Ltd.,Diversified,Diversified,Domestic Equities,5.0,5.0,0.0,0.0151,0.0144,4.861111111111115,0.0383739605993454,1100,3m-india,Mid Cap,Apr-2025
152311,5037.0,1,Reliance Infrastructure Ltd.,Power,Power,Domestic Equities,594.0,562.0,5.6939501779359425,0.0151,0.014499999999999999,4.1379310344827624,0.0383739605993454,1100,reliance-infrastructure,Small Cap,Apr-2025
95355,98927.0,1,Devyani International Ltd.,FMCG,Fast Moving Consumer Goods,Domestic Equities,834.0,789.0,5.7034220532319395,0.0149,0.0118,26.271186440677972,0.0378656962205461,1100,devyani-international,Small Cap,Apr-2025
101649,14929.0,1,Intellect Design Arena Ltd.,IT,Information Technology,Domestic Equities,188.0,178.0,5.617977528089887,0.0148,0.0123,20.32520325203252,0.0376115640311464,1100,intellect-design-arena,Small Cap,Apr-2025
171807,7041.0,1,Hindustan Copper Ltd.,Non - Ferrous Metals,Non - Ferrous Metals,Domestic Equities,681.0,645.0,5.5813953488372094,0.014499999999999999,0.014199999999999999,2.1126760563380302,0.0368491674629475,1100,hindustan-copper,Small Cap,Apr-2025
171385,89248.0,1,Indiamart Intermesh Ltd.,Retailing,Information Technology,Domestic Equities,63.0,59.0,6.779661016949152,0.014499999999999999,0.012199999999999999,18.852459016393443,0.0368491674629475,1100,indiamart-intermesh,Small Cap,Apr-2025
133621,6468.0,1,Astra Microwave Products Ltd.,Capital Goods,Capital Goods,Domestic Equities,175.0,166.0,5.421686746987952,0.014499999999999999,0.011200000000000002,29.464285714285698,0.0368491674629475,1100,astra-microwave-products,Small Cap,Apr-2025
152438,6334.0,1,Jaiprakash Power Ventures Ltd.,Power,Power,Domestic Equities,9903.0,9374.0,5.643268615318967,0.0144,0.0134,7.462686567164169,0.0365950352735479,1100,jaiprakash-power-ventures,Small Cap,Apr-2025
533,7363.0,1,Religare Enterprises Ltd.,Finance,Finance,Domestic Equities,682.0,646.0,5.572755417956656,0.0144,0.0152,-5.263157894736847,0.0365950352735479,1100,religare-enterprises,Small Cap,Apr-2025
63978,98925.0,1,CarTrade Tech Ltd.,Automobile & Ancillaries,Information Technology,Domestic Equities,84.0,79.0,6.329113924050633,0.0143,0.013000000000000001,9.999999999999991,0.0363409030841483,1100,cartrade-tech,Small Cap,Apr-2025
171765,6852.0,1,Ceat Ltd.,Automobile & Ancillaries,Automobile & Ancillaries,Domestic Equities,43.0,41.0,4.878048780487805,0.0143,0.0118,21.186440677966104,0.0363409030841483,1100,ceat,Small Cap,Apr-2025
140194,102059.0,1,Rainbow Children's Medicare Ltd.,Healthcare,Healthcare,Domestic Equities,103.0,98.0,5.1020408163265305,0.014199999999999999,0.0137,3.649635036496337,0.0360867708947486,1100,rainbow-children's-medicare,Small Cap,Apr-2025
38130,7638.0,1,Jubilant Pharmova Ltd.,Healthcare,Healthcare,Domestic Equities,157.0,149.0,5.369127516778524,0.0141,0.013300000000000001,6.015037593984951,0.035832638705349,1100,jubilant-pharmova,Small Cap,Apr-2025
22095,99977.0,1,CMS Info Systems Ltd.,Business Services,Other,Domestic Equities,319.0,302.0,5.629139072847682,0.0141,0.0139,1.4388489208633108,0.035832638705349,1100,cms-info-systems,Small Cap,Apr-2025
77359,100627.0,1,Waaree Energies Ltd.,Capital Goods,Capital Goods,Domestic Equities,54.0,51.0,5.88235294117647,0.0141,0.0123,14.634146341463412,0.035832638705349,1100,waaree-energies,Mid Cap,Apr-2025
1840,4901.0,1,SJVN Ltd.,Power,Power,Domestic Equities,1485.0,1405.0,5.6939501779359425,0.013999999999999999,0.0129,8.527131782945727,0.0355785065159493,1100,sjvn,Mid Cap,Apr-2025
115131,88043.0,1,Lemon Tree Hotels Ltd.,Hospitality,Hospitality,Domestic Equities,1023.0,969.0,5.572755417956656,0.013999999999999999,0.0124,12.903225806451607,0.0355785065159493,1100,lemon-tree-hotels,Small Cap,Apr-2025
152491,5679.0,1,PVR Inox Ltd.,Media & Entertainment,Media & Entertainment,Domestic Equities,148.0,140.0,5.714285714285714,0.0139,0.0128,8.593749999999991,0.0353243743265497,1100,pvr-inox,Small Cap,Apr-2025
133387,5868.0,1,Godrej Industries Ltd.,Chemicals,Chemicals,Domestic Equities,128.0,121.0,5.785123966942149,0.0139,0.0137,1.4598540145985253,0.0353243743265497,1100,godrej-industries,Mid Cap,Apr-2025
75715,7731.0,1,Nava Ltd.,Power,Power,Domestic Equities,305.0,288.0,5.902777777777778,0.0139,0.0149,-6.71140939597316,0.0353243743265497,1100,nava,Small Cap,Apr-2025
113787,7539.0,1,Honeywell Automation India Ltd.,Consumer Durables,Consumer Durables,Domestic Equities,4.0,4.0,0.0,0.0138,0.013500000000000002,2.2222222222222077,0.0350702421371501,1100,honeywell-automation-india,Mid Cap,Apr-2025
114457,7574.0,1,The South Indian Bank Ltd.,Bank,Banking,Domestic Equities,5418.0,5129.0,5.634626632871905,0.0138,0.0118,16.94915254237288,0.0350702421371501,1100,the-south-indian-bank,Small Cap,Apr-2025
152190,5796.0,1,Kajaria Ceramics Ltd.,Construction Materials,Construction Materials,Domestic Equities,172.0,163.0,5.521472392638037,0.0138,0.013999999999999999,-1.42857142857143,0.0350702421371501,1100,kajaria-ceramics,Small Cap,Apr-2025
650,8558.0,1,V-Guard Industries Ltd.,Capital Goods,Capital Goods,Domestic Equities,380.0,359.0,5.8495821727019495,0.0137,0.0128,7.031250000000005,0.0348161099477504,1100,v-guard-industries,Small Cap,Apr-2025
133613,5313.0,1,Granules India Ltd.,Healthcare,Healthcare,Domestic Equities,300.0,284.0,5.633802816901409,0.0137,0.0138,-0.7246376811594049,0.0348161099477504,1100,granules-india,Small Cap,Apr-2025
171394,82477.0,1,Endurance Technologies Ltd.,Automobile & Ancillaries,Automobile & Ancillaries,Domestic Equities,73.0,69.0,5.797101449275362,0.0137,0.013600000000000001,0.7352941176470594,0.0348161099477504,1100,endurance-technologies,Mid Cap,Apr-2025
118743,98929.0,1,Aptus Value Housing Finance India Ltd.,Finance,Finance,Domestic Equities,427.0,405.0,5.432098765432099,0.013600000000000001,0.011899999999999999,14.285714285714299,0.0345619777583508,1100,aptus-value-housing-finance-india,Small Cap,Apr-2025
133374,5879.0,1,Finolex Cables Ltd.,Electricals,Electricals,Domestic Equities,157.0,148.0,6.081081081081082,0.013600000000000001,0.013500000000000002,0.7407407407407414,0.0345619777583508,1100,finolex-cables,Small Cap,Apr-2025
217845,112026.0,1,Premier Energies Ltd.,Electricals,Electricals,Domestic Equities,136.0,129.0,5.426356589147287,0.0134,0.0121,10.743801652892571,0.0340537133795515,1100,premier-energies,Mid Cap,Apr-2025
152626,5172.0,1,Embassy Developments Ltd.,Realty,Realty,Domestic Equities,1366.0,1293.0,5.645784996133024,0.0134,0.015,-10.666666666666663,0.0340537133795515,1100,embassy-developments,Small Cap,Apr-2025
152391,5643.0,1,Pfizer Ltd.,Healthcare,Healthcare,Domestic Equities,31.0,29.0,6.896551724137931,0.013300000000000001,0.0116,14.65517241379312,0.0337995811901519,1100,pfizer,Small Cap,Apr-2025
133561,8133.0,1,Birlasoft Ltd.,IT,Information Technology,Domestic Equities,341.0,323.0,5.572755417956656,0.013300000000000001,0.0125,6.400000000000006,0.0337995811901519,1100,birlasoft,Small Cap,Apr-2025
9438,105416.0,1,Go Digit General Insurance Ltd.,Insurance,Finance,Domestic Equities,464.0,439.0,5.694760820045558,0.013300000000000001,0.0127,4.724409448818902,0.0337995811901519,1100,go-digit-general-insurance,Small Cap,Apr-2025
171668,8857.0,1,Zen Technologies Ltd.,Capital Goods,Capital Goods,Domestic Equities,94.0,89.0,5.617977528089887,0.013300000000000001,0.0132,0.7575757575757582,0.0337995811901519,1100,zen-technologies,Small Cap,Apr-2025
133298,5393.0,1,Balrampur Chini Mills Ltd.,Agri,Agriculture,Domestic Equities,238.0,225.0,5.777777777777778,0.0131,0.0123,6.504065040650413,0.0332913168113526,1100,balrampur-chini-mills,Small Cap,Apr-2025
154192,90218.0,1,Anand Rathi Wealth Ltd.,Finance,Finance,Domestic Equities,77.0,73.0,5.47945205479452,0.0131,0.013999999999999999,-6.428571428571418,0.0332913168113526,1100,anand-rathi-wealth,Small Cap,Apr-2025
19203,7298.0,1,PCBL Chemical Ltd.,Chemicals,Chemicals,Domestic Equities,365.0,345.0,5.797101449275362,0.0131,0.0146,-10.27397260273972,0.0332913168113526,1100,pcbl-chemical,Small Cap,Apr-2025
19777,93855.0,1,Sumitomo Chemical India Ltd.,Chemicals,Chemicals,Domestic Equities,255.0,241.0,5.809128630705394,0.013000000000000001,0.013500000000000002,-3.703703703703707,0.033037184621953,1100,sumitomo-chemical-india,Small Cap,Apr-2025
37962,6229.0,1,Gillette India Ltd.,FMCG,Fast Moving Consumer Goods,Domestic Equities,16.0,15.0,6.666666666666667,0.0129,0.012,7.500000000000007,0.0327830524325533,1100,gillette-india,Small Cap,Apr-2025
134343,87380.0,1,Newgen Software Technologies Ltd.,IT,Information Technology,Domestic Equities,131.0,124.0,5.64516129032258,0.0129,0.0124,4.032258064516133,0.0327830524325533,1100,newgen-software-technologies,Small Cap,Apr-2025
134937,5507.0,1,Kirloskar Oil Engines Ltd.,Capital Goods,Capital Goods,Domestic Equities,172.0,163.0,5.521472392638037,0.0128,0.011699999999999999,9.40170940170941,0.0325289202431537,1100,kirloskar-oil-engines,Small Cap,Apr-2025
133647,6517.0,1,Ramkrishna Forgings Ltd.,Automobile & Ancillaries,Automobile & Ancillaries,Domestic Equities,213.0,202.0,5.445544554455446,0.0127,0.015600000000000001,-18.58974358974359,0.032274788053754,1100,ramkrishna-forgings,Small Cap,Apr-2025
152532,6617.0,1,Sun TV Network Ltd.,Media & Entertainment,Media & Entertainment,Domestic Equities,205.0,194.0,5.670103092783505,0.0127,0.0126,0.7936507936507943,0.032274788053754,1100,sun-tv-network,Small Cap,Apr-2025
94723,5905.0,1,Anant Raj Ltd.,Realty,Realty,Domestic Equities,282.0,267.0,5.617977528089887,0.0127,0.0131,-3.0534351145038197,0.032274788053754,1100,anant-raj,Small Cap,Apr-2025
171846,6081.0,1,Maharashtra Scooters Ltd.,Finance,Finance,Domestic Equities,11.0,10.0,10.0,0.0126,0.011200000000000002,12.499999999999991,0.0320206558643544,1100,maharashtra-scooters,Small Cap,Apr-2025
56723,6834.0,1,Can Fin Homes Ltd.,Finance,Finance,Domestic Equities,175.0,166.0,5.421686746987952,0.0125,0.0111,12.612612612612603,0.0317665236749548,1100,can-fin-homes,Small Cap,Apr-2025
139455,98272.0,1,Shyam Metalics And Energy Ltd.,Iron & Steel,Iron & Steel,Domestic Equities,145.0,137.0,5.839416058394161,0.0125,0.011699999999999999,6.8376068376068435,0.0317665236749548,1100,shyam-metalics-and-energy,Small Cap,Apr-2025
695,7346.0,1,Titagarh Rail Systems Ltd.,Automobile & Ancillaries,Automobile & Ancillaries,Domestic Equities,166.0,157.0,5.7324840764331215,0.0124,0.0125,-0.8000000000000007,0.0315123914855551,1100,titagarh-rail-systems,Small Cap,Apr-2025
154120,5531.0,1,Triveni Turbine Ltd.,Capital Goods,Capital Goods,Domestic Equities,237.0,224.0,5.803571428571429,0.0123,0.0126,-2.3809523809523827,0.0312582592961555,1100,triveni-turbine,Small Cap,Apr-2025
133308,5965.0,1,BEML Ltd.,Capital Goods,Capital Goods,Domestic Equities,39.0,37.0,5.405405405405405,0.0123,0.011899999999999999,3.361344537815129,0.0312582592961555,1100,beml,Small Cap,Apr-2025
37849,7492.0,1,Sudarshan Chemical Industries Ltd.,Chemicals,Chemicals,Domestic Equities,119.0,113.0,5.3097345132743365,0.012199999999999999,0.011200000000000002,8.928571428571416,0.0310041271067559,1100,sudarshan-chemical-industries,Small Cap,Apr-2025
152579,7542.0,1,Sobha Ltd.,Realty,Realty,Domestic Equities,92.0,87.0,5.747126436781609,0.012199999999999999,0.010700000000000001,14.018691588785037,0.0310041271067559,1100,sobha,Small Cap,Apr-2025
19174,6780.0,1,Bayer CropScience Ltd.,Chemicals,Chemicals,Domestic Equities,26.0,25.0,4.0,0.012199999999999999,0.0123,-0.8130081300813016,0.0310041271067559,1100,bayer-cropscience,Small Cap,Apr-2025
38589,8580.0,1,VA Tech Wabag Ltd.,Business Services,Other,Domestic Equities,94.0,89.0,5.617977528089887,0.0121,0.0129,-6.201550387596905,0.0307499949173562,1100,va-tech-wabag,Small Cap,Apr-2025
152303,6239.0,1,Jindal Saw Ltd.,Iron & Steel,Iron & Steel,Domestic Equities,483.0,457.0,5.689277899343545,0.012,0.0123,-2.4390243902439046,0.0304958627279566,1100,jindal-saw,Small Cap,Apr-2025
77334,87528.0,1,CreditAccess Grameen Ltd.,Finance,Finance,Domestic Equities,110.0,104.0,5.769230769230769,0.012,0.009899999999999999,21.21212121212121,0.0304958627279566,1100,creditaccess-grameen,Small Cap,Apr-2025
59506,99993.0,1,Medplus Health Services Ltd.,Healthcare,Healthcare,Domestic Equities,148.0,140.0,5.714285714285714,0.011899999999999999,0.0106,12.264150943396215,0.0302417305385569,1100,medplus-health-services,Small Cap,Apr-2025
171823,5029.0,1,Arvind Ltd.,Textile,Textile,Domestic Equities,324.0,307.0,5.537459283387622,0.0118,0.0097,21.649484536082472,0.0299875983491573,1100,arvind,Small Cap,Apr-2025
133191,5194.0,1,Praj Industries Ltd.,Capital Goods,Capital Goods,Domestic Equities,255.0,242.0,5.371900826446281,0.0118,0.0134,-11.940298507462696,0.0299875983491573,1100,praj-industries,Small Cap,Apr-2025
95274,89247.0,1,Chalet Hotels Ltd.,Hospitality,Hospitality,Domestic Equities,147.0,139.0,5.755395683453238,0.0116,0.011399999999999999,1.7543859649122824,0.029479333970358,1100,chalet-hotels,Small Cap,Apr-2025
131,7518.0,1,Swan Energy Ltd.,Textile,Textile,Domestic Equities,289.0,274.0,5.474452554744526,0.0116,0.0118,-1.6949152542372898,0.029479333970358,1100,swan-energy,Small Cap,Apr-2025
114727,84195.0,1,Tejas Networks Ltd.,Telecom,Telecom,Domestic Equities,165.0,156.0,5.769230769230769,0.0116,0.011899999999999999,-2.521008403361347,0.029479333970358,1100,tejas-networks,Small Cap,Apr-2025
76822,89008.0,1,Craftsman Automation Ltd.,Automobile & Ancillaries,Automobile & Ancillaries,Domestic Equities,25.0,24.0,4.166666666666666,0.0115,0.011699999999999999,-1.7094017094017109,0.0292252017809584,1100,craftsman-automation,Small Cap,Apr-2025
78344,89378.0,1,Acutaas Chemicals Ltd.,Healthcare,Healthcare,Domestic Equities,102.0,48.0,112.5,0.0115,0.011699999999999999,-1.7094017094017109,0.0292252017809584,1100,acutaas-chemicals,Small Cap,Apr-2025
95495,88229.0,1,Garden Reach Shipbuilders & Engineers Ltd.,Ship Building,Ship Building,Domestic Equities,60.0,57.0,5.263157894736842,0.0115,0.0096,19.791666666666664,0.0292252017809584,1100,garden-reach-shipbuilders-engineers,Small Cap,Apr-2025
152441,8334.0,1,Gokaldas Exports Ltd.,Textile,Textile,Domestic Equities,132.0,125.0,5.6000000000000005,0.011200000000000002,0.0101,10.8910891089109,0.0284628052127595,1100,gokaldas-exports,Small Cap,Apr-2025
113807,6098.0,1,HBL Engineering Ltd.,Automobile & Ancillaries,Automobile & Ancillaries,Domestic Equities,233.0,221.0,5.429864253393665,0.011200000000000002,0.0104,7.692307692307699,0.0284628052127595,1100,hbl-engineering,Small Cap,Apr-2025
20766,6076.0,1,Techno Electric & Engineering Company Ltd.,Infrastructure,Infrastructure,Domestic Equities,104.0,98.0,6.122448979591836,0.0111,0.0098,13.265306122448992,0.0282086730233598,1100,techno-electric-engineering-company,Small Cap,Apr-2025
614,7779.0,1,eClerx Services Ltd.,IT,Information Technology,Domestic Equities,44.0,42.0,4.761904761904762,0.0111,0.011699999999999999,-5.128205128205114,0.0282086730233598,1100,eclerx-services,Small Cap,Apr-2025
616,7870.0,1,Transformers & Rectifiers (India) Ltd.,Capital Goods,Capital Goods,Domestic Equities,222.0,210.0,5.714285714285714,0.011000000000000001,0.0113,-2.654867256637151,0.0279545408339602,1100,transformers-rectifiers-india,Small Cap,Apr-2025
155709,99978.0,1,Paradeep Phosphates Ltd.,Chemicals,Chemicals,Domestic Equities,746.0,706.0,5.6657223796034,0.010700000000000001,0.0073,46.57534246575344,0.0271921442657613,1100,paradeep-phosphates,Small Cap,Apr-2025
152389,5123.0,1,Sanofi India Ltd.,Healthcare,Healthcare,Domestic Equities,18.0,17.0,5.88235294117647,0.010700000000000001,0.0097,10.309278350515473,0.0271921442657613,1100,sanofi-india,Small Cap,Apr-2025
152553,7055.0,1,CIE Automotive India Ltd.,Automobile & Ancillaries,Automobile & Ancillaries,Domestic Equities,264.0,250.0,5.6000000000000005,0.010700000000000001,0.01,7.000000000000006,0.0271921442657613,1100,cie-automotive-india,Small Cap,Apr-2025
133388,7039.0,1,Kansai Nerolac Paints Ltd.,Chemicals,Chemicals,Domestic Equities,418.0,396.0,5.555555555555555,0.010700000000000001,0.0092,16.30434782608696,0.0271921442657613,1100,kansai-nerolac-paints,Small Cap,Apr-2025
76268,106949.0,1,Indegene Ltd.,Healthcare,Healthcare,Domestic Equities,194.0,184.0,5.434782608695652,0.0106,0.0106,0.0,0.0269380120763616,1100,indegene,Small Cap,Apr-2025
607,7527.0,1,Jyothy Labs Ltd.,FMCG,Fast Moving Consumer Goods,Domestic Equities,282.0,267.0,5.617977528089887,0.0105,0.0088,19.318181818181824,0.026683879886962,1100,jyothy-labs,Small Cap,Apr-2025
115263,4992.0,1,Gravita India Ltd.,Non - Ferrous Metals,Non - Ferrous Metals,Domestic Equities,60.0,57.0,5.263157894736842,0.0105,0.0104,0.9615384615384623,0.026683879886962,1100,gravita-india,Small Cap,Apr-2025
152271,6134.0,1,Raymond Ltd.,Textile,Textile,Domestic Equities,69.0,65.0,6.153846153846154,0.0105,0.0091,15.384615384615385,0.026683879886962,1100,raymond,Small Cap,Apr-2025
113780,5843.0,1,Usha Martin Ltd.,Iron & Steel,Iron & Steel,Domestic Equities,360.0,341.0,5.571847507331378,0.0104,0.0115,-9.565217391304339,0.0264297476975624,1100,usha-martin,Small Cap,Apr-2025
171937,5730.0,1,Astrazeneca Pharma India Ltd.,Healthcare,Healthcare,Domestic Equities,12.0,12.0,0.0,0.0104,0.0103,0.9708737864077678,0.0264297476975624,1100,astrazeneca-pharma-india,Small Cap,Apr-2025
152413,5645.0,1,Finolex Industries Ltd.,Plastic Products,Plastic Products,Domestic Equities,589.0,558.0,5.555555555555555,0.0103,0.01,3.0000000000000027,0.0261756155081627,1100,finolex-industries,Small Cap,Apr-2025
57415,105415.0,1,Concord Biotech Ltd.,Healthcare,Healthcare,Domestic Equities,68.0,64.0,6.25,0.0103,0.0108,-4.629629629629633,0.0261756155081627,1100,concord-biotech,Small Cap,Apr-2025
152106,69868.0,1,Ircon International Ltd.,Infrastructure,Infrastructure,Domestic Equities,676.0,640.0,5.625,0.0103,0.01,3.0000000000000027,0.0261756155081627,1100,ircon-international,Small Cap,Apr-2025
152053,6921.0,1,DCM Shriram Ltd.,Diversified,Diversified,Domestic Equities,102.0,96.0,6.25,0.0102,0.0104,-1.9230769230769247,0.0259214833187631,1100,dcm-shriram,Small Cap,Apr-2025
114436,6959.0,1,Engineers India Ltd.,Capital Goods,Capital Goods,Domestic Equities,569.0,538.0,5.762081784386617,0.0102,0.0086,18.6046511627907,0.0259214833187631,1100,engineers-india,Small Cap,Apr-2025
58780,8388.0,1,Alembic Pharmaceuticals Ltd.,Healthcare,Healthcare,Domestic Equities,116.0,109.0,6.422018348623854,0.0102,0.0101,0.990099009900991,0.0259214833187631,1100,alembic-pharmaceuticals,Small Cap,Apr-2025
211056,110999.0,1,DOMS Industries Ltd.,FMCG,Fast Moving Consumer Goods,Domestic Equities,37.0,35.0,5.714285714285714,0.0102,0.0101,0.990099009900991,0.0259214833187631,1100,doms-industries,Small Cap,Apr-2025
75900,5318.0,1,Choice International Ltd.,Finance,Finance,Domestic Equities,165.0,156.0,5.769230769230769,0.0101,0.0078000000000000005,29.487179487179482,0.0256673511293634,1100,choice-international,Small Cap,Apr-2025
123232,111772.0,1,Brainbees Solutions Ltd.,Retailing,Information Technology,Domestic Equities,299.0,283.0,5.6537102473498235,0.0101,0.0104,-2.8846153846153872,0.0256673511293634,1100,brainbees-solutions,Small Cap,Apr-2025
58513,104175.0,1,Aadhar Housing Finance Ltd.,Finance,Finance,Domestic Equities,216.0,205.0,5.365853658536586,0.0101,0.0087,16.09195402298851,0.0256673511293634,1100,aadhar-housing-finance,Small Cap,Apr-2025
133302,6421.0,1,BASF India Ltd.,Chemicals,Chemicals,Domestic Equities,23.0,22.0,4.545454545454546,0.0101,0.0097,4.12371134020619,0.0256673511293634,1100,basf-india,Small Cap,Apr-2025
1896,5762.0,1,Jupiter Wagons Ltd.,Automobile & Ancillaries,Automobile & Ancillaries,Domestic Equities,281.0,266.0,5.639097744360902,0.01,0.0098,2.040816326530614,0.0254132189399638,1100,jupiter-wagons,Small Cap,Apr-2025
75950,8414.0,1,Shakti Pumps (India) Ltd.,Capital Goods,Capital Goods,Domestic Equities,119.0,113.0,5.3097345132743365,0.01,0.0111,-9.909909909909919,0.0254132189399638,1100,shakti-pumps-india,Small Cap,Apr-2025
153943,100386.0,1,Vedant Fashions Ltd.,Textile,Textile,Domestic Equities,126.0,119.0,5.88235294117647,0.009899999999999999,0.0092,7.608695652173908,0.0251590867505642,1100,vedant-fashions,Small Cap,Apr-2025
38814,98613.0,1,Aditya Birla Sun Life AMC Ltd.,Finance,Finance,Domestic Equities,150.0,142.0,5.633802816901409,0.009899999999999999,0.009000000000000001,9.999999999999996,0.0251590867505642,1100,aditya-birla-sun-life-amc,Small Cap,Apr-2025
152559,7752.0,1,Action Construction Equipment Ltd.,Capital Goods,Capital Goods,Domestic Equities,85.0,80.0,6.25,0.009899999999999999,0.0101,-1.980198019801982,0.0251590867505642,1100,action-construction-equipment,Small Cap,Apr-2025
19084,5742.0,1,Elecon Engineering Company Ltd.,Capital Goods,Capital Goods,Domestic Equities,182.0,172.0,5.813953488372093,0.009899999999999999,0.0077,28.57142857142857,0.0251590867505642,1100,elecon-engineering-company,Small Cap,Apr-2025
555,5663.0,1,The Fertilisers And Chemicals Travancore Ltd.,Chemicals,Chemicals,Domestic Equities,129.0,122.0,5.737704918032787,0.009899999999999999,0.0078000000000000005,26.923076923076916,0.0251590867505642,1100,the-fertilisers-and-chemicals-travancore,Mid Cap,Apr-2025
152578,8075.0,1,LT Foods Ltd.,FMCG,Fast Moving Consumer Goods,Domestic Equities,285.0,270.0,5.555555555555555,0.009899999999999999,0.0103,-3.883495145631071,0.0251590867505642,1100,lt-foods,Small Cap,Apr-2025
188402,98309.0,1,Jubilant Ingrevia Ltd.,Chemicals,Chemicals,Domestic Equities,154.0,146.0,5.47945205479452,0.009899999999999999,0.0095,4.210526315789478,0.0251590867505642,1100,jubilant-ingrevia,Small Cap,Apr-2025
152305,7945.0,1,JK Lakshmi Cement Ltd.,Construction Materials,Construction Materials,Domestic Equities,128.0,122.0,4.918032786885246,0.009899999999999999,0.009399999999999999,5.319148936170218,0.0251590867505642,1100,jk-lakshmi-cement,Small Cap,Apr-2025
540,7044.0,1,Edelweiss Financial Services Ltd.,Finance,Finance,Domestic Equities,1244.0,1177.0,5.692438402718777,0.0098,0.0106,-7.547169811320761,0.0249049545611645,1100,edelweiss-financial-services,Small Cap,Apr-2025
190355,99127.0,1,Vijaya Diagnostic Centre Ltd.,Healthcare,Healthcare,Domestic Equities,98.0,93.0,5.376344086021505,0.0098,0.009399999999999999,4.255319148936175,0.0249049545611645,1100,vijaya-diagnostic-centre,Small Cap,Apr-2025
133585,5972.0,1,Olectra Greentech Ltd.,Automobile & Ancillaries,Automobile & Ancillaries,Domestic Equities,84.0,80.0,5.0,0.0098,0.009300000000000001,5.376344086021498,0.0249049545611645,1100,olectra-greentech,Small Cap,Apr-2025
141321,96164.0,1,Happiest Minds Technologies Ltd.,IT,Information Technology,Domestic Equities,169.0,160.0,5.625,0.0097,0.0095,2.105263157894739,0.0246508223717649,1100,happiest-minds-technologies,Small Cap,Apr-2025
153985,89725.0,1,Mrs. Bectors Food Specialities Ltd.,FMCG,Fast Moving Consumer Goods,Domestic Equities,65.0,61.0,6.557377049180328,0.0097,0.0089,8.988764044943816,0.0246508223717649,1100,mrs-bectors-food-specialities,Small Cap,Apr-2025
117,8100.0,1,Vardhman Textiles Ltd.,Textile,Textile,Domestic Equities,212.0,201.0,5.472636815920398,0.0096,0.0079,21.518987341772142,0.0243966901823653,1100,vardhman-textiles,Small Cap,Apr-2025
1336,89761.0,1,Sansera Engineering Ltd.,Automobile & Ancillaries,Automobile & Ancillaries,Domestic Equities,89.0,84.0,5.952380952380952,0.0096,0.0102,-5.8823529411764754,0.0243966901823653,1100,sansera-engineering,Small Cap,Apr-2025
152474,5448.0,1,Aurionpro Solutions Ltd.,IT,Information Technology,Domestic Equities,67.0,63.0,6.349206349206349,0.0096,0.0101,-4.950495049504955,0.0243966901823653,1100,aurionpro-solutions,Small Cap,Apr-2025
152554,7075.0,1,Voltamp Transformers Ltd.,Capital Goods,Capital Goods,Domestic Equities,13.0,12.0,8.333333333333332,0.0095,0.0086,10.465116279069765,0.0241425579929656,1100,voltamp-transformers,Small Cap,Apr-2025
19064,6023.0,1,Westlife Foodworld Ltd,Hospitality,Hospitality,Domestic Equities,140.0,133.0,5.263157894736842,0.009399999999999999,0.009300000000000001,1.0752688172042901,0.023888425803566,1100,westlife-foodworld,Small Cap,Apr-2025
133353,4920.0,1,IDBI Bank Ltd.,Bank,Banking,Domestic Equities,1164.0,1101.0,5.722070844686648,0.009300000000000001,0.0086,8.139534883720938,0.0236342936141663,1100,idbi-bank,Mid Cap,Apr-2025
328,7817.0,1,Marksans Pharma Ltd.,Healthcare,Healthcare,Domestic Equities,425.0,402.0,5.721393034825871,0.009300000000000001,0.0089,4.494382022471914,0.0236342936141663,1100,marksans-pharma,Small Cap,Apr-2025
200656,105054.0,1,Signatureglobal (India) Ltd.,Realty,Realty,Domestic Equities,81.0,77.0,5.194805194805195,0.009300000000000001,0.0084,10.714285714285724,0.0236342936141663,1100,signatureglobal-india,Small Cap,Apr-2025
151986,6639.0,1,Safari Industries (India) Ltd.,FMCG,Fast Moving Consumer Goods,Domestic Equities,46.0,44.0,4.545454545454546,0.0092,0.0087,5.747126436781615,0.0233801614247667,1100,safari-industries-india,Small Cap,Apr-2025
152533,5624.0,1,Godawari Power And Ispat Ltd.,Iron & Steel,Iron & Steel,Domestic Equities,507.0,480.0,5.625,0.0092,0.0086,6.976744186046519,0.0233801614247667,1100,godawari-power-and-ispat,Small Cap,Apr-2025
56635,7585.0,1,ITD Cementation India Ltd.,Infrastructure,Infrastructure,Domestic Equities,189.0,179.0,5.58659217877095,0.0092,0.01,-7.9999999999999964,0.0233801614247667,1100,itd-cementation-india,Small Cap,Apr-2025
154098,6604.0,1,TD Power Systems Ltd.,Capital Goods,Capital Goods,Domestic Equities,212.0,201.0,5.472636815920398,0.0092,0.0083,10.843373493975914,0.0233801614247667,1100,td-power-systems,Small Cap,Apr-2025
133393,7068.0,1,GHCL Ltd.,Chemicals,Chemicals,Domestic Equities,157.0,149.0,5.369127516778524,0.0091,0.0092,-1.0869565217391313,0.0231260292353671,1100,ghcl,Small Cap,Apr-2025
171921,8516.0,1,Strides Pharma Science Ltd.,Healthcare,Healthcare,Domestic Equities,140.0,132.0,6.0606060606060606,0.0091,0.0088,3.4090909090909123,0.0231260292353671,1100,strides-pharma-science,Small Cap,Apr-2025
171468,102668.0,1,Bikaji Foods International Ltd.,FMCG,Fast Moving Consumer Goods,Domestic Equities,130.0,123.0,5.691056910569105,0.0091,0.008100000000000001,12.345679012345675,0.0231260292353671,1100,bikaji-foods-international,Small Cap,Apr-2025
97859,90258.0,1,Metropolis Healthcare Ltd.,Healthcare,Healthcare,Domestic Equities,53.0,51.0,3.9215686274509802,0.009000000000000001,0.008,12.499999999999996,0.0228718970459674,1100,metropolis-healthcare,Small Cap,Apr-2025
176199,111753.0,1,OLA Electric Mobility Ltd.,Automobile & Ancillaries,Automobile & Ancillaries,Domestic Equities,1852.0,1753.0,5.647461494580719,0.009000000000000001,0.009300000000000001,-3.2258064516129057,0.0228718970459674,1100,ola-electric-mobility,Mid Cap,Apr-2025
219108,112373.0,1,Sanofi Consumer Healthcare India Ltd.,Healthcare,Healthcare,Domestic Equities,18.0,17.0,5.88235294117647,0.0089,0.008199999999999999,8.536585365853666,0.0226177648565678,1100,sanofi-consumer-healthcare-india,Small Cap,Apr-2025
83618,17010.0,1,BLS International Services Ltd.,Business Services,Hospitality,Domestic Equities,251.0,238.0,5.46218487394958,0.0089,0.0095,-6.315789473684205,0.0226177648565678,1100,bls-international-services,Small Cap,Apr-2025
152197,7753.0,1,Kirloskar Brothers Ltd.,Capital Goods,Capital Goods,Domestic Equities,52.0,49.0,6.122448979591836,0.0089,0.0084,5.952380952380958,0.0226177648565678,1100,kirloskar-brothers,Small Cap,Apr-2025
19913,93142.0,1,UTI Asset Management Company Ltd.,Finance,Finance,Domestic Equities,86.0,81.0,6.172839506172839,0.0088,0.0085,3.529411764705886,0.0223636326671682,1100,uti-asset-management-company,Small Cap,Apr-2025
19036,8047.0,1,Kirloskar Pneumatic Company Ltd.,Capital Goods,Capital Goods,Domestic Equities,78.0,74.0,5.405405405405405,0.0088,0.0088,0.0,0.0223636326671682,1100,kirloskar-pneumatic-company,Small Cap,Apr-2025
133662,6324.0,1,Century Plyboards (India) Ltd.,Construction Materials,Construction Materials,Domestic Equities,126.0,119.0,5.88235294117647,0.0088,0.0084,4.761904761904766,0.0223636326671682,1100,century-plyboards-india,Small Cap,Apr-2025
134702,8301.0,1,Valor Estate Ltd.,Realty,Realty,Domestic Equities,508.0,480.0,5.833333333333333,0.0088,0.0072,22.222222222222225,0.0223636326671682,1100,valor-estate,Small Cap,Apr-2025
38127,7192.0,1,JK Tyre & Industries Ltd.,Automobile & Ancillaries,Automobile & Ancillaries,Domestic Equities,279.0,264.0,5.681818181818182,0.0087,0.0073,19.178082191780824,0.0221095004777685,1100,jk-tyre-industries,Small Cap,Apr-2025
2515,87584.0,1,Nazara Technologies Ltd.,IT,Information Technology,Domestic Equities,86.0,82.0,4.878048780487805,0.0087,0.0078000000000000005,11.538461538461533,0.0221095004777685,1100,nazara-technologies,Small Cap,Apr-2025
114450,5588.0,1,The Jammu & Kashmir Bank Ltd.,Bank,Banking,Domestic Equities,925.0,876.0,5.5936073059360725,0.0087,0.008100000000000001,7.4074074074074,0.0221095004777685,1100,the-jammu-kashmir-bank,Small Cap,Apr-2025
133644,8289.0,1,PTC India Ltd.,Power,Power,Domestic Equities,495.0,468.0,5.769230769230769,0.0087,0.0077,12.987012987012983,0.0221095004777685,1100,ptc-india,Small Cap,Apr-2025
653,111996.0,1,Afcons Infrastructure Ltd.,Infrastructure,Infrastructure,Domestic Equities,207.0,196.0,5.612244897959184,0.0087,0.0095,-8.421052631578943,0.0221095004777685,1100,afcons-infrastructure,Small Cap,Apr-2025
133018,6609.0,1,CCL Products (India) Ltd.,Agri,Agriculture,Domestic Equities,147.0,139.0,5.755395683453238,0.0087,0.0077,12.987012987012983,0.0221095004777685,1100,ccl-products-india,Small Cap,Apr-2025
58164,86911.0,1,The New India Assurance Company Ltd.,Insurance,Finance,Domestic Equities,499.0,473.0,5.496828752642706,0.0086,0.0073,17.808219178082194,0.0218553682883689,1100,the-new-india-assurance-company,Mid Cap,Apr-2025
133425,7180.0,1,Ion Exchange (India) Ltd.,Business Services,Other,Domestic Equities,173.0,164.0,5.487804878048781,0.0086,0.0077,11.688311688311684,0.0218553682883689,1100,ion-exchange-india,Small Cap,Apr-2025
152392,4998.0,1,Gujarat State Fertilizers & Chemicals Ltd.,Chemicals,Chemicals,Domestic Equities,463.0,438.0,5.707762557077626,0.0086,0.0078000000000000005,10.25641025641025,0.0218553682883689,1100,gujarat-state-fertilizers-chemicals,Small Cap,Apr-2025
18970,6462.0,1,Sarda Energy & Minerals Ltd.,Iron & Steel,Iron & Steel,Domestic Equities,190.0,180.0,5.555555555555555,0.0086,0.009300000000000001,-7.526881720430113,0.0218553682883689,1100,sarda-energy-minerals,Small Cap,Apr-2025
152067,7924.0,1,JM Financial Ltd.,Finance,Finance,Domestic Equities,835.0,791.0,5.562579013906448,0.0085,0.0076,11.84210526315789,0.0216012360989692,1100,jm-financial,Small Cap,Apr-2025
203281,106367.0,1,NMDC Steel Ltd.,Iron & Steel,Iron & Steel,Domestic Equities,2392.0,2264.0,5.6537102473498235,0.0085,0.0076,11.84210526315789,0.0216012360989692,1100,nmdc-steel,Small Cap,Apr-2025
95082,5635.0,1,Capri Global Capital Ltd.,Finance,Finance,Domestic Equities,517.0,489.0,5.725971370143149,0.0084,0.0083,1.204819277108435,0.0213471039095696,1100,capri-global-capital,Small Cap,Apr-2025
133045,6467.0,1,Vesuvius India Ltd.,Capital Goods,Capital Goods,Domestic Equities,18.0,17.0,5.88235294117647,0.0084,0.0077,9.090909090909085,0.0213471039095696,1100,vesuvius-india,Small Cap,Apr-2025
152387,5364.0,1,Gujarat Narmada Valley Fertilizers & Chemicals Ltd.,Chemicals,Chemicals,Domestic Equities,173.0,164.0,5.487804878048781,0.0084,0.008100000000000001,3.703703703703693,0.0213471039095696,1100,gujarat-narmada-valley-fertilizers-chemicals,Small Cap,Apr-2025
212222,111581.0,1,Azad Engineering Ltd.,Capital Goods,Capital Goods,Domestic Equities,53.0,50.0,6.0,0.0084,0.0068000000000000005,23.52941176470587,0.0213471039095696,1100,azad-engineering,Small Cap,Apr-2025
38126,6453.0,1,The India Cements Ltd.,Construction Materials,Construction Materials,Domestic Equities,268.0,253.0,5.928853754940711,0.0083,0.006999999999999999,18.571428571428573,0.02109297172017,1100,the-india-cements,Small Cap,Apr-2025
113866,8203.0,1,Websol Energy System Ltd.,Electricals,Electricals,Domestic Equities,63.0,,,0.008199999999999999,,,0.0208388395307703,1100,websol-energy-system,Small Cap,Apr-2025
114425,8654.0,1,Saregama India Ltd.,Media & Entertainment,Media & Entertainment,Domestic Equities,157.0,148.0,6.081081081081082,0.008199999999999999,0.0076,7.894736842105256,0.0208388395307703,1100,saregama-india,Small Cap,Apr-2025
94609,5685.0,1,Welspun Living Ltd.,Textile,Textile,Domestic Equities,646.0,612.0,5.555555555555555,0.008199999999999999,0.0083,-1.204819277108435,0.0208388395307703,1100,welspun-living,Small Cap,Apr-2025
56649,7087.0,1,HEG Ltd.,Capital Goods,Capital Goods,Domestic Equities,175.0,165.0,6.0606060606060606,0.008199999999999999,0.008,2.4999999999999885,0.0208388395307703,1100,heg,Small Cap,Apr-2025
133404,7107.0,1,Hindustan Construction Company Ltd.,Infrastructure,Infrastructure,Domestic Equities,3147.0,2979.0,5.639476334340383,0.008100000000000001,0.0077,5.194805194805199,0.0205847073413707,1100,hindustan-construction-company,Small Cap,Apr-2025
134271,8157.0,1,Minda Corporation Ltd.,Automobile & Ancillaries,Automobile & Ancillaries,Domestic Equities,166.0,157.0,5.7324840764331215,0.008100000000000001,0.0085,-4.705882352941168,0.0205847073413707,1100,minda-corporation,Small Cap,Apr-2025
29,5525.0,1,Shaily Engineering Plastics Ltd.,Plastic Products,Plastic Products,Domestic Equities,53.0,50.0,6.0,0.008100000000000001,0.0091,-10.989010989010985,0.0205847073413707,1100,shaily-engineering-plastics,Small Cap,Apr-2025
133293,6728.0,1,Force Motors Ltd.,Automobile & Ancillaries,Automobile & Ancillaries,Domestic Equities,9.0,9.0,0.0,0.008,0.008100000000000001,-1.234567901234569,0.0203305751519711,1100,force-motors,Small Cap,Apr-2025
79360,8286.0,1,Orient Cement Ltd.,Construction Materials,Construction Materials,Domestic Equities,230.0,217.0,5.990783410138248,0.008,0.0074,8.108108108108116,0.0203305751519711,1100,orient-cement,Small Cap,Apr-2025
192109,100019.0,1,Prudent Corporate Advisory Services Ltd.,Finance,Finance,Domestic Equities,36.0,34.0,5.88235294117647,0.008,0.0079,1.2658227848101276,0.0203305751519711,1100,prudent-corporate-advisory-services,Small Cap,Apr-2025
56642,6032.0,1,Garware Technical Fibres Ltd.,Textile,Textile,Domestic Equities,93.0,88.0,5.681818181818182,0.008,0.0076,5.263157894736847,0.0203305751519711,1100,garware-technical-fibres,Small Cap,Apr-2025
152203,8715.0,1,KSB Ltd.,Capital Goods,Capital Goods,Domestic Equities,108.0,103.0,4.854368932038835,0.0079,0.0074,6.756756756756762,0.0200764429625714,1100,ksb,Small Cap,Apr-2025
175396,92940.0,1,Restaurant Brands Asia Ltd.,Hospitality,Hospitality,Domestic Equities,965.0,740.0,30.405405405405407,0.0078000000000000005,0.0045000000000000005,73.33333333333334,0.0198223107731718,1100,restaurant-brands-asia,Small Cap,Apr-2025
430,6832.0,1,Caplin Point Laboratories Ltd.,Healthcare,Healthcare,Domestic Equities,41.0,39.0,5.128205128205128,0.0077,0.0078000000000000005,-1.2820512820512833,0.0195681785837721,1100,caplin-point-laboratories,Small Cap,Apr-2025
9355,90266.0,1,KPI Green Energy Ltd.,Infrastructure,Power,Domestic Equities,202.0,192.0,5.208333333333334,0.0077,0.0078000000000000005,-1.2820512820512833,0.0195681785837721,1100,kpi-green-energy,Small Cap,Apr-2025
152647,6951.0,1,Time Technoplast Ltd.,Plastic Products,Plastic Products,Domestic Equities,228.0,216.0,5.555555555555555,0.0077,0.009000000000000001,-14.444444444444446,0.0195681785837721,1100,time-technoplast,Small Cap,Apr-2025
65893,102659.0,1,Archean Chemical Industries Ltd.,Chemicals,Chemicals,Domestic Equities,119.0,113.0,5.3097345132743365,0.0075,0.0059,27.118644067796616,0.0190599142049729,1100,archean-chemical-industries,Small Cap,Apr-2025
114515,6989.0,1,Gujarat Pipavav Port Ltd.,Logistics,Logistics,Domestic Equities,563.0,533.0,5.628517823639775,0.0075,0.0074,1.3513513513513526,0.0190599142049729,1100,gujarat-pipavav-port,Small Cap,Apr-2025
171624,5869.0,1,Blue Dart Express Ltd.,Logistics,Logistics,Domestic Equities,12.0,11.0,9.090909090909092,0.0074,0.0068000000000000005,8.823529411764696,0.0188057820155732,1100,blue-dart-express,Small Cap,Apr-2025
152567,6935.0,1,DCB Bank Ltd.,Bank,Banking,Domestic Equities,549.0,520.0,5.5769230769230775,0.0074,0.0058,27.58620689655173,0.0188057820155732,1100,dcb-bank,Small Cap,Apr-2025
75687,8264.0,1,Avanti Feeds Ltd.,FMCG,Fast Moving Consumer Goods,Domestic Equities,83.0,78.0,6.41025641025641,0.0073,0.0070999999999999995,2.8169014084507067,0.0185516498261736,1100,avanti-feeds,Small Cap,Apr-2025
172886,92573.0,1,CSB Bank Ltd.,Bank,Banking,Domestic Equities,206.0,195.0,5.641025641025641,0.0073,0.0059,23.728813559322038,0.0185516498261736,1100,csb-bank,Small Cap,Apr-2025
203237,106365.0,1,Aarti Pharmalabs Ltd.,Healthcare,Healthcare,Domestic Equities,103.0,98.0,5.1020408163265305,0.0073,0.0073,0.0,0.0185516498261736,1100,aarti-pharmalabs,Small Cap,Apr-2025
171881,7520.0,1,V-Mart Retail Ltd.,Retailing,Retailing,Domestic Equities,22.0,21.0,4.761904761904762,0.0072,0.0060999999999999995,18.032786885245898,0.0182975176367739,1100,v-mart-retail,Small Cap,Apr-2025
56877,7963.0,1,Shilpa Medicare Ltd.,Healthcare,Healthcare,Domestic Equities,112.0,106.0,5.660377358490567,0.0072,0.006999999999999999,2.85714285714286,0.0182975176367739,1100,shilpa-medicare,Small Cap,Apr-2025
65953,90815.0,1,The Anup Engineering Ltd.,Capital Goods,Capital Goods,Domestic Equities,24.0,23.0,4.3478260869565215,0.0072,0.008,-10.000000000000009,0.0182975176367739,1100,the-anup-engineering,Small Cap,Apr-2025
65311,106730.0,1,SBFC Finance Ltd.,Finance,Finance,Domestic Equities,706.0,668.0,5.688622754491018,0.0072,0.0059,22.033898305084747,0.0182975176367739,1100,sbfc-finance,Small Cap,Apr-2025
133520,5959.0,1,Triveni Engineering & Industries Ltd.,Agri,Agriculture,Domestic Equities,177.0,168.0,5.357142857142857,0.0072,0.006500000000000001,10.769230769230761,0.0182975176367739,1100,triveni-engineering-industries,Small Cap,Apr-2025
19089,7012.0,1,Gabriel India Ltd.,Automobile & Ancillaries,Automobile & Ancillaries,Domestic Equities,131.0,124.0,5.64516129032258,0.0070999999999999995,0.0072,-1.3888888888888902,0.0180433854473743,1100,gabriel-india,Small Cap,Apr-2025
137941,15743.0,1,Power Mech Projects Ltd.,Infrastructure,Infrastructure,Domestic Equities,27.0,25.0,8.0,0.0070999999999999995,0.0068000000000000005,4.41176470588234,0.0180433854473743,1100,power-mech-projects,Small Cap,Apr-2025
152132,7850.0,1,Mastek Ltd.,IT,Information Technology,Domestic Equities,34.0,32.0,6.25,0.0070999999999999995,0.006999999999999999,1.42857142857143,0.0180433854473743,1100,mastek,Small Cap,Apr-2025
592,5266.0,1,Jai Balaji Industries Ltd.,Iron & Steel,Iron & Steel,Domestic Equities,599.0,567.0,5.64373897707231,0.0070999999999999995,0.0078000000000000005,-8.974358974358982,0.0180433854473743,1100,jai-balaji-industries,Small Cap,Apr-2025
65954,90814.0,1,Arvind Fashions Ltd.,Retailing,Retailing,Domestic Equities,178.0,168.0,5.952380952380952,0.0070999999999999995,0.0063,12.698412698412692,0.0180433854473743,1100,arvind-fashions,Small Cap,Apr-2025
152585,6859.0,1,Tanla Platforms Ltd.,IT,Information Technology,Domestic Equities,150.0,141.0,6.382978723404255,0.0070999999999999995,0.0066,7.575757575757565,0.0180433854473743,1100,tanla-platforms,Small Cap,Apr-2025
28396,92035.0,1,Sterling and Wilson Renewable Energy Ltd.,Infrastructure,Infrastructure,Domestic Equities,263.0,249.0,5.622489959839357,0.0070999999999999995,0.0062,14.51612903225806,0.0180433854473743,1100,sterling-and-wilson-renewable-energy,Small Cap,Apr-2025
19035,7076.0,1,GMM Pfaudler Ltd.,Capital Goods,Capital Goods,Domestic Equities,69.0,65.0,6.153846153846154,0.0070999999999999995,0.0066,7.575757575757565,0.0180433854473743,1100,gmm-pfaudler,Small Cap,Apr-2025
745,109745.0,1,RR Kabel Ltd.,Electricals,Electricals,Domestic Equities,68.0,65.0,4.615384615384616,0.0070999999999999995,0.0062,14.51612903225806,0.0180433854473743,1100,rr-kabel,Small Cap,Apr-2025
204790,107779.0,1,Honasa Consumer Ltd.,Trading,Trading,Domestic Equities,285.0,270.0,5.555555555555555,0.006999999999999999,0.0063,11.111111111111104,0.0177892532579747,1100,honasa-consumer,Small Cap,Apr-2025
40249,8148.0,1,Schneider Electric Infrastructure Ltd.,Capital Goods,Capital Goods,Domestic Equities,121.0,114.0,6.140350877192982,0.006999999999999999,0.0076,-7.89473684210527,0.0177892532579747,1100,schneider-electric-infrastructure,Small Cap,Apr-2025
60344,103918.0,1,Eureka Forbes Ltd.,Consumer Durables,Consumer Durables,Domestic Equities,142.0,134.0,5.970149253731343,0.006999999999999999,0.0073,-4.109589041095894,0.0177892532579747,1100,eureka-forbes,Small Cap,Apr-2025
189369,98614.0,1,Alivus Life Sciences Ltd.,Healthcare,Healthcare,Domestic Equities,63.0,60.0,5.0,0.006999999999999999,0.006500000000000001,7.692307692307682,0.0177892532579747,1100,alivus-life-sciences,Small Cap,Apr-2025
198024,103992.0,1,GMR Power and Urban Infra Ltd.,Power,Power,Domestic Equities,604.0,572.0,5.594405594405594,0.0069,0.006500000000000001,6.153846153846142,0.017535121068575,1100,gmr-power-and-urban-infra,Small Cap,Apr-2025
171894,86746.0,1,Godrej Agrovet Ltd.,FMCG,Fast Moving Consumer Goods,Domestic Equities,89.0,84.0,5.952380952380952,0.0069,0.0063,9.523809523809515,0.017535121068575,1100,godrej-agrovet,Small Cap,Apr-2025
861,112211.0,1,Sai Life Sciences Ltd.,Healthcare,Healthcare,Domestic Equities,98.0,93.0,5.376344086021505,0.0068000000000000005,0.0070999999999999995,-4.2253521126760445,0.0172809888791754,1100,sai-life-sciences,Small Cap,Apr-2025
8344,84168.0,1,Pricol Ltd.,Automobile & Ancillaries,Automobile & Ancillaries,Domestic Equities,153.0,144.0,6.25,0.0067,0.006500000000000001,3.0769230769230793,0.0170268566897758,1100,pricol,Small Cap,Apr-2025
133081,5148.0,1,Trident Ltd.,Textile,Textile,Domestic Equities,2534.0,2398.0,5.67139282735613,0.0067,0.0058,15.51724137931036,0.0170268566897758,1100,trident,Small Cap,Apr-2025
133362,5245.0,1,Electrosteel Castings Ltd.,Iron & Steel,Iron & Steel,Domestic Equities,684.0,647.0,5.7187017001545595,0.0066,0.0064,3.1250000000000027,0.0167727245003761,1100,electrosteel-castings,Small Cap,Apr-2025
153397,98823.0,1,Nuvoco Vistas Corporation Ltd.,Construction Materials,Construction Materials,Domestic Equities,208.0,196.0,6.122448979591836,0.0066,0.006,10.000000000000009,0.0167727245003761,1100,nuvoco-vistas-corporation,Small Cap,Apr-2025
643,7404.0,1,KNR Constructions Ltd.,Infrastructure,Infrastructure,Domestic Equities,299.0,283.0,5.6537102473498235,0.006500000000000001,0.006500000000000001,0.0,0.0165185923109765,1100,knr-constructions,Small Cap,Apr-2025
30,5093.0,1,Bombay Burmah Trading Corporation Ltd.,Agri,Agriculture,Domestic Equities,35.0,34.0,2.941176470588235,0.006500000000000001,0.006,8.333333333333341,0.0165185923109765,1100,bombay-burmah-trading-corporation,Small Cap,Apr-2025
140187,110794.0,1,India Shelter Finance Corporation Ltd.,Finance,Finance,Domestic Equities,74.0,70.0,5.714285714285714,0.0064,0.0058,10.344827586206906,0.0162644601215768,1100,india-shelter-finance-corporation,Small Cap,Apr-2025
815,89011.0,1,Rites Ltd.,Capital Goods,Other,Domestic Equities,278.0,263.0,5.7034220532319395,0.0063,0.0059,6.779661016949159,0.0160103279321772,1100,rites,Small Cap,Apr-2025
37897,5454.0,1,Tilaknagar Industries Ltd.,Alcohol,Alcohol,Domestic Equities,221.0,210.0,5.238095238095238,0.0063,0.005,26.0,0.0160103279321772,1100,tilaknagar-industries,Small Cap,Apr-2025
622,8212.0,1,ISGEC Heavy Engineering Ltd.,Infrastructure,Infrastructure,Domestic Equities,56.0,53.0,5.660377358490567,0.0063,0.005600000000000001,12.499999999999991,0.0160103279321772,1100,isgec-heavy-engineering,Small Cap,Apr-2025
174214,92744.0,1,Samhi Hotels Ltd.,Hospitality,Hospitality,Domestic Equities,343.0,325.0,5.538461538461538,0.0062,0.0046,34.782608695652165,0.0157561957427776,1100,samhi-hotels,Small Cap,Apr-2025
678,15637.0,1,PNC Infratech Ltd.,Infrastructure,Infrastructure,Domestic Equities,234.0,221.0,5.88235294117647,0.0062,0.005600000000000001,10.714285714285703,0.0157561957427776,1100,pnc-infratech,Small Cap,Apr-2025
152107,5346.0,1,Shipping Corporation Of India Ltd.,Logistics,Logistics,Domestic Equities,351.0,332.0,5.72289156626506,0.0062,0.0055000000000000005,12.727272727272718,0.0157561957427776,1100,shipping-corporation-of-india,Small Cap,Apr-2025
56633,6412.0,1,Graphite India Ltd.,Capital Goods,Capital Goods,Domestic Equities,138.0,131.0,5.343511450381679,0.0062,0.0063,-1.5873015873015885,0.0157561957427776,1100,graphite-india,Small Cap,Apr-2025
2006,102339.0,1,Ethos Ltd.,Retailing,Retailing,Domestic Equities,25.0,23.0,8.695652173913043,0.0062,0.005699999999999999,8.771929824561413,0.0157561957427776,1100,ethos,Small Cap,Apr-2025
152394,5450.0,1,Akzo Nobel India Ltd.,Chemicals,Chemicals,Domestic Equities,18.0,17.0,5.88235294117647,0.0062,0.0060999999999999995,1.6393442622950833,0.0157561957427776,1100,akzo-nobel-india,Small Cap,Apr-2025
152275,6296.0,1,Birla Corporation Ltd.,Construction Materials,Construction Materials,Domestic Equities,58.0,55.0,5.454545454545454,0.0060999999999999995,0.0058,5.172413793103453,0.0155020635533779,1100,birla-corporation,Small Cap,Apr-2025
19178,16203.0,1,Chemplast Sanmar Ltd.,Chemicals,Chemicals,Domestic Equities,148.0,140.0,5.714285714285714,0.0060999999999999995,0.0060999999999999995,0.0,0.0155020635533779,1100,chemplast-sanmar,Small Cap,Apr-2025
152683,97601.0,1,MTAR Technologies Ltd.,Capital Goods,Capital Goods,Domestic Equities,43.0,41.0,4.878048780487805,0.0060999999999999995,0.0053,15.0943396226415,0.0155020635533779,1100,mtar-technologies,Small Cap,Apr-2025
160595,87624.0,1,Fine Organic Industries Ltd.,Chemicals,Chemicals,Domestic Equities,15.0,15.0,0.0,0.0060999999999999995,0.006,1.6666666666666683,0.0155020635533779,1100,fine-organic-industries,Small Cap,Apr-2025
133348,5626.0,1,Chennai Petroleum Corporation Ltd.,Crude Oil,Crude Oil,Domestic Equities,100.0,94.0,6.382978723404255,0.0060999999999999995,0.0058,5.172413793103453,0.0155020635533779,1100,chennai-petroleum-corporation,Small Cap,Apr-2025
195742,102041.0,1,TBO Tek Ltd.,Hospitality,Hospitality,Domestic Equities,53.0,50.0,6.0,0.006,0.006,0.0,0.0152479313639783,1100,tbo-tek,Small Cap,Apr-2025
133538,7699.0,1,Tips Music Ltd.,Media & Entertainment,Media & Entertainment,Domestic Equities,95.0,90.0,5.555555555555555,0.006,0.005699999999999999,5.263157894736848,0.0152479313639783,1100,tips-music,Small Cap,Apr-2025
133631,6516.0,1,Suprajit Engineering Ltd.,Automobile & Ancillaries,Automobile & Ancillaries,Domestic Equities,157.0,149.0,5.369127516778524,0.006,0.005600000000000001,7.142857142857128,0.0152479313639783,1100,suprajit-engineering,Small Cap,Apr-2025
133421,5619.0,1,Ingersoll-Rand (India) Ltd.,Capital Goods,Capital Goods,Domestic Equities,16.0,15.0,6.666666666666667,0.006,0.0054,11.1111111111111,0.0152479313639783,1100,ingersoll-rand-india,Small Cap,Apr-2025
518,6748.0,1,Kaveri Seed Company Ltd.,Agri,Agriculture,Domestic Equities,41.0,39.0,5.128205128205128,0.0059,0.0049,20.40816326530612,0.0149937991745786,1100,kaveri-seed-company,Small Cap,Apr-2025
195442,101899.0,1,Syrma SGS Technology Ltd.,Electricals,Electricals,Domestic Equities,126.0,119.0,5.88235294117647,0.0059,0.0055000000000000005,7.272727272727258,0.0149937991745786,1100,syrma-sgs-technology,Small Cap,Apr-2025
152593,8261.0,1,Network 18 Media & Investments Ltd.,Media & Entertainment,Media & Entertainment,Domestic Equities,1356.0,1284.0,5.607476635514018,0.0059,0.005600000000000001,5.357142857142842,0.0149937991745786,1100,network-18-media-investments,Small Cap,Apr-2025
133589,7782.0,1,Cera Sanitaryware Ltd.,Construction Materials,Construction Materials,Domestic Equities,11.0,11.0,0.0,0.0059,0.0062,-4.8387096774193585,0.0149937991745786,1100,cera-sanitaryware,Small Cap,Apr-2025
171516,6987.0,1,Tata Teleservices (Maharashtra) Ltd.,Telecom,Telecom,Domestic Equities,1043.0,987.0,5.673758865248227,0.0059,0.005600000000000001,5.357142857142842,0.0149937991745786,1100,tata-teleservices-maharashtra,Small Cap,Apr-2025
59494,100957.0,1,Latent View Analytics Ltd.,Business Services,Other,Domestic Equities,148.0,140.0,5.714285714285714,0.0058,0.0051,13.725490196078422,0.014739666985179,1100,latent-view-analytics,Small Cap,Apr-2025
133345,5047.0,1,IFCI Ltd.,Finance,Finance,Domestic Equities,1345.0,1273.0,5.655930871956009,0.005699999999999999,0.0055000000000000005,3.636363636363619,0.0144855347957794,1100,ifci,Small Cap,Apr-2025
152385,6093.0,1,Garware Hi-Tech Films Ltd.,Plastic Products,Plastic Products,Domestic Equities,18.0,17.0,5.88235294117647,0.005699999999999999,0.0067,-14.925373134328371,0.0144855347957794,1100,garware-hi-tech-films,Small Cap,Apr-2025
115894,7364.0,1,Texmaco Rail & Engineering Ltd.,Automobile & Ancillaries,Automobile & Ancillaries,Domestic Equities,424.0,401.0,5.7356608478802995,0.005699999999999999,0.0054,5.555555555555539,0.0144855347957794,1100,texmaco-rail-engineering,Small Cap,Apr-2025
152279,8202.0,1,Rain Industries Ltd.,Crude Oil,Crude Oil,Domestic Equities,401.0,379.0,5.804749340369393,0.005699999999999999,0.0051,11.76470588235293,0.0144855347957794,1100,rain-industries,Small Cap,Apr-2025
133663,7375.0,1,Welspun Enterprises Ltd.,Realty,Realty,Domestic Equities,120.0,114.0,5.263157894736842,0.005699999999999999,0.0055000000000000005,3.636363636363619,0.0144855347957794,1100,welspun-enterprises,Small Cap,Apr-2025
141018,17054.0,1,Lloyds Engineering Works Ltd.,Capital Goods,Capital Goods,Domestic Equities,1054.0,998.0,5.61122244488978,0.005699999999999999,0.0058,-1.7241379310344844,0.0144855347957794,1100,lloyds-engineering-works,Small Cap,Apr-2025
96376,16986.0,1,Shriram Pistons & Rings Ltd,Capital Goods,Capital Goods,Domestic Equities,31.0,30.0,3.3333333333333335,0.005600000000000001,0.005699999999999999,-1.7543859649122628,0.0142314026063797,1100,shriram-pistons-rings,Small Cap,Apr-2025
152217,6011.0,1,Maharashtra Seamless Ltd.,Iron & Steel,Iron & Steel,Domestic Equities,86.0,82.0,4.878048780487805,0.005600000000000001,0.005600000000000001,0.0,0.0142314026063797,1100,maharashtra-seamless,Small Cap,Apr-2025
96435,6518.0,1,RattanIndia Power Ltd.,Power,Power,Domestic Equities,5573.0,5275.0,5.649289099526066,0.005600000000000001,0.0052,7.692307692307699,0.0142314026063797,1100,rattanindia-power,Small Cap,Apr-2025
40702,7798.0,1,RHI Magnesita India Ltd.,Capital Goods,Capital Goods,Domestic Equities,125.0,119.0,5.042016806722689,0.0055000000000000005,0.006,-8.333333333333323,0.0139772704169801,1100,rhi-magnesita-india,Small Cap,Apr-2025
98379,98534.0,1,Jana Small Finance Bank Ltd.,Bank,Banking,Domestic Equities,110.0,104.0,5.769230769230769,0.0055000000000000005,0.0042,30.95238095238097,0.0139772704169801,1100,jana-small-finance-bank,Small Cap,Apr-2025
192044,99995.0,1,RateGain Travel Technologies Ltd.,IT,Information Technology,Domestic Equities,126.0,120.0,5.0,0.0055000000000000005,0.0053,3.7735849056603805,0.0139772704169801,1100,rategain-travel-technologies,Small Cap,Apr-2025
133367,5954.0,1,EPL Ltd.,FMCG,Fast Moving Consumer Goods,Domestic Equities,289.0,273.0,5.86080586080586,0.0055000000000000005,0.0055000000000000005,0.0,0.0139772704169801,1100,epl,Small Cap,Apr-2025
171424,16069.0,1,Infibeam Avenues Ltd.,IT,Information Technology,Domestic Equities,3239.0,3066.0,5.642530984996738,0.0055000000000000005,0.0051,7.843137254901968,0.0139772704169801,1100,infibeam-avenues,Small Cap,Apr-2025
757,97957.0,1,Railtel Corporation Of India Ltd.,Telecom,Telecom,Domestic Equities,181.0,171.0,5.847953216374268,0.0054,0.0052,3.8461538461538494,0.0137231382275805,1100,railtel-corporation-of-india,Small Cap,Apr-2025
219906,112338.0,1,Raymond Lifestyle Ltd.,Textile,Textile,Domestic Equities,56.0,53.0,5.660377358490567,0.0054,0.0055000000000000005,-1.8181818181818195,0.0137231382275805,1100,raymond-lifestyle,Small Cap,Apr-2025
133666,8476.0,1,JBM Auto Ltd.,Automobile & Ancillaries,Automobile & Ancillaries,Domestic Equities,83.0,79.0,5.063291139240507,0.0054,0.004699999999999999,14.89361702127661,0.0137231382275805,1100,jbm-auto,Small Cap,Apr-2025
134998,7943.0,1,PC Jeweller Ltd.,Diamond  &  Jewellery,Diamond & Jewellery,Domestic Equities,4402.0,3827.0,15.024823621635747,0.0054,0.005,8.000000000000007,0.0137231382275805,1100,pc-jeweller,Small Cap,Apr-2025
214487,111750.0,1,Awfis Space Solutions Ltd.,Business Services,Other,Domestic Equities,85.0,81.0,4.938271604938271,0.0054,0.0054,0.0,0.0137231382275805,1100,awfis-space-solutions,Small Cap,Apr-2025
640,7202.0,1,J Kumar Infraprojects Ltd.,Infrastructure,Infrastructure,Domestic Equities,84.0,79.0,6.329113924050633,0.0054,0.005,8.000000000000007,0.0137231382275805,1100,j-kumar-infraprojects,Small Cap,Apr-2025
189226,98548.0,1,Clean Science And Technology Ltd.,Chemicals,Chemicals,Domestic Equities,46.0,44.0,4.545454545454546,0.0054,0.0051,5.8823529411764754,0.0137231382275805,1100,clean-science-and-technology,Small Cap,Apr-2025
135194,112166.0,1,Niva Bupa Health Insurance Company Ltd.,Insurance,Finance,Domestic Equities,661.0,626.0,5.5910543130990416,0.0054,0.0049,10.204081632653072,0.0137231382275805,1100,niva-bupa-health-insurance-company,Small Cap,Apr-2025
133551,7167.0,1,Indian Overseas Bank,Bank,Banking,Domestic Equities,1424.0,1348.0,5.637982195845697,0.0053,0.0053,0.0,0.0134690060381808,1100,indian-overseas-bank,Large Cap,Apr-2025
133479,8056.0,1,Mahindra Lifespace Developers Ltd.,Realty,Realty,Domestic Equities,156.0,148.0,5.405405405405405,0.0053,0.0044,20.45454545454546,0.0134690060381808,1100,mahindra-lifespace-developers,Small Cap,Apr-2025
75882,7888.0,1,Zydus Wellness Ltd.,FMCG,Fast Moving Consumer Goods,Domestic Equities,30.0,28.0,7.142857142857142,0.0053,0.004699999999999999,12.765957446808523,0.0134690060381808,1100,zydus-wellness,Small Cap,Apr-2025
23093,92714.0,1,IIFL Capital Services Ltd.,Finance,Finance,Domestic Equities,238.0,225.0,5.777777777777778,0.0053,0.0049,8.163265306122456,0.0134690060381808,1100,iifl-capital-services,Small Cap,Apr-2025
152605,7848.0,1,Ahluwalia Contracts (India) Ltd.,Realty,Realty,Domestic Equities,62.0,58.0,6.896551724137931,0.0053,0.0048,10.416666666666677,0.0134690060381808,1100,ahluwalia-contracts-india,Small Cap,Apr-2025
171829,5244.0,1,Thangamayil Jewellery Ltd.,Diamond  &  Jewellery,Diamond & Jewellery,Domestic Equities,25.0,23.0,8.695652173913043,0.0052,0.0046,13.043478260869565,0.0132148738487812,1100,thangamayil-jewellery,Small Cap,Apr-2025
114439,5439.0,1,Gujarat Mineral Development Corporation Ltd.,Mining,Mining,Domestic Equities,171.0,162.0,5.555555555555555,0.0052,0.0043,20.93023255813954,0.0132148738487812,1100,gujarat-mineral-development-corporation,Small Cap,Apr-2025
137807,98607.0,1,GR Infraprojects Ltd.,Infrastructure,Infrastructure,Domestic Equities,50.0,48.0,4.166666666666666,0.0052,0.005,4.0000000000000036,0.0132148738487812,1100,gr-infraprojects,Small Cap,Apr-2025
192488,100187.0,1,CE Info Systems Ltd.,IT,Information Technology,Domestic Equities,29.0,27.0,7.4074074074074066,0.0052,0.0046,13.043478260869565,0.0132148738487812,1100,ce-info-systems,Small Cap,Apr-2025
42557,112281.0,1,Inventurus Knowledge Solutions Ltd.,IT,Information Technology,Domestic Equities,35.0,33.0,6.0606060606060606,0.0052,0.005,4.0000000000000036,0.0132148738487812,1100,inventurus-knowledge-solutions,Mid Cap,Apr-2025
152110,5928.0,1,ITI Ltd.,Telecom,Telecom,Domestic Equities,200.0,189.0,5.82010582010582,0.0051,0.004699999999999999,8.51063829787235,0.0129607416593815,1100,iti,Small Cap,Apr-2025
96716,89715.0,1,Dodla Dairy Ltd,FMCG,Fast Moving Consumer Goods,Domestic Equities,49.0,46.0,6.521739130434782,0.0051,0.0053,-3.7735849056603805,0.0129607416593815,1100,dodla-dairy,Small Cap,Apr-2025
19032,5817.0,1,Dynamatic Technologies Ltd.,Capital Goods,Capital Goods,Domestic Equities,8.0,7.0,14.285714285714285,0.0051,0.0043,18.6046511627907,0.0129607416593815,1100,dynamatic-technologies,Small Cap,Apr-2025
76000,6304.0,1,Rajesh Exports Ltd.,Diamond  &  Jewellery,Diamond & Jewellery,Domestic Equities,279.0,264.0,5.681818181818182,0.0051,0.0049,4.081632653061228,0.0129607416593815,1100,rajesh-exports,Small Cap,Apr-2025
64699,82946.0,1,Aditya Vision Ltd.,Retailing,Retailing,Domestic Equities,125.0,118.0,5.932203389830509,0.0051,0.0053,-3.7735849056603805,0.0129607416593815,1100,aditya-vision,Small Cap,Apr-2025
204607,107645.0,1,Zaggle Prepaid Ocean Services Ltd.,IT,Information Technology,Domestic Equities,155.0,147.0,5.442176870748299,0.005,0.0053,-5.660377358490571,0.0127066094699819,1100,zaggle-prepaid-ocean-services,Small Cap,Apr-2025
171883,5324.0,1,Mangalore Refinery And Petrochemicals Ltd.,Crude Oil,Crude Oil,Domestic Equities,370.0,350.0,5.714285714285714,0.005,0.004699999999999999,6.382978723404261,0.0127066094699819,1100,mangalore-refinery-and-petrochemicals,Small Cap,Apr-2025
19994,70937.0,1,Sheela Foam Ltd.,FMCG,Fast Moving Consumer Goods,Domestic Equities,77.0,73.0,5.47945205479452,0.005,0.0052,-3.8461538461538494,0.0127066094699819,1100,sheela-foam,Small Cap,Apr-2025
19274,6773.0,1,Ganesh Housing Corporation Ltd.,Realty,Realty,Domestic Equities,46.0,43.0,6.976744186046512,0.005,0.0046,8.69565217391304,0.0127066094699819,1100,ganesh-housing-corporation,Small Cap,Apr-2025
114424,7958.0,1,JK Paper Ltd.,Paper,Paper,Domestic Equities,160.0,151.0,5.960264900662252,0.005,0.004699999999999999,6.382978723404261,0.0127066094699819,1100,jk-paper,Small Cap,Apr-2025
133066,6858.0,1,Indo Count Industries Ltd.,Textile,Textile,Domestic Equities,164.0,156.0,5.128205128205128,0.005,0.004,24.999999999999993,0.0127066094699819,1100,indo-count-industries,Small Cap,Apr-2025
210775,110911.0,1,Cello World Ltd.,Trading,Trading,Domestic Equities,89.0,85.0,4.705882352941177,0.0049,0.0046,6.521739130434775,0.0124524772805823,1100,cello-world,Small Cap,Apr-2025
76083,6699.0,1,Ashoka Buildcon Ltd.,Infrastructure,Infrastructure,Domestic Equities,265.0,251.0,5.577689243027888,0.0049,0.0048,2.0833333333333353,0.0124524772805823,1100,ashoka-buildcon,Small Cap,Apr-2025
56976,4893.0,1,KRBL Ltd.,FMCG,Fast Moving Consumer Goods,Domestic Equities,159.0,151.0,5.298013245033113,0.0049,0.0040999999999999995,19.512195121951226,0.0124524772805823,1100,krbl,Small Cap,Apr-2025
37858,5520.0,1,Alkyl Amines Chemicals Ltd.,Chemicals,Chemicals,Domestic Equities,28.0,27.0,3.7037037037037033,0.0048,0.0044,9.090909090909086,0.0121983450911826,1100,alkyl-amines-chemicals,Small Cap,Apr-2025
152476,5252.0,1,Shree Renuka Sugars Ltd.,Agri,Agriculture,Domestic Equities,1654.0,1566.0,5.61941251596424,0.0048,0.0043,11.627906976744184,0.0121983450911826,1100,shree-renuka-sugars,Small Cap,Apr-2025
57579,16047.0,1,Healthcare Global Enterprises Ltd.,Healthcare,Healthcare,Domestic Equities,83.0,78.0,6.41025641025641,0.004699999999999999,0.0042,11.904761904761903,0.011944212901783,1100,healthcare-global-enterprises,Small Cap,Apr-2025
133876,6889.0,1,MOIL Ltd.,Mining,Mining,Domestic Equities,149.0,141.0,5.673758865248227,0.004699999999999999,0.0046,2.1739130434782505,0.011944212901783,1100,moil,Small Cap,Apr-2025
219753,112169.0,1,Sagility India Ltd.,Business Services,Other,Domestic Equities,1134.0,1073.0,5.684995340167754,0.004699999999999999,0.0046,2.1739130434782505,0.011944212901783,1100,sagility-india,Small Cap,Apr-2025
207271,109317.0,1,Netweb Technologies India Ltd.,Consumer Durables,Consumer Durables,Domestic Equities,33.0,31.0,6.451612903225806,0.004699999999999999,0.004699999999999999,0.0,0.011944212901783,1100,netweb-technologies-india,Small Cap,Apr-2025
67,7522.0,1,Borosil Renewables Ltd.,Construction Materials,Construction Materials,Domestic Equities,96.0,91.0,5.4945054945054945,0.004699999999999999,0.0044,6.818181818181812,0.011944212901783,1100,borosil-renewables,Small Cap,Apr-2025
76446,99976.0,1,Epigral Ltd.,Chemicals,Chemicals,Domestic Equities,27.0,26.0,3.8461538461538463,0.004699999999999999,0.005,-6.000000000000005,0.011944212901783,1100,epigral,Small Cap,Apr-2025
94611,8169.0,1,Ganesha Ecosphere Ltd.,Textile,Textile,Domestic Equities,32.0,30.0,6.666666666666667,0.0046,0.004699999999999999,-2.1276595744680753,0.0116900807123834,1100,ganesha-ecosphere,Small Cap,Apr-2025
133428,5610.0,1,Jain Irrigation Systems Ltd.,Plastic Products,Plastic Products,Domestic Equities,883.0,836.0,5.62200956937799,0.0046,0.0048,-4.166666666666659,0.0116900807123834,1100,jain-irrigation-systems,Small Cap,Apr-2025
685,6024.0,1,Dhani Services Ltd.,Finance,Finance,Domestic Equities,802.0,760.0,5.526315789473684,0.0046,0.0043,6.976744186046519,0.0116900807123834,1100,dhani-services,Small Cap,Apr-2025
505,6857.0,1,Central Bank Of India,Bank,Banking,Domestic Equities,1250.0,1183.0,5.66356720202874,0.0046,0.0051,-9.803921568627448,0.0116900807123834,1100,central-bank-of-india,Mid Cap,Apr-2025
43013,99994.0,1,Tega Industries Ltd.,Capital Goods,Capital Goods,Domestic Equities,34.0,32.0,6.25,0.0046,0.004699999999999999,-2.1276595744680753,0.0116900807123834,1100,tega-industries,Small Cap,Apr-2025
152327,6266.0,1,Thomas Cook (India) Ltd.,Hospitality,Hospitality,Domestic Equities,337.0,319.0,5.6426332288401255,0.0045000000000000005,0.0043,4.651162790697678,0.0114359485229837,1100,thomas-cook-india,Small Cap,Apr-2025
114673,111130.0,1,Inox India Ltd.,Capital Goods,Capital Goods,Domestic Equities,46.0,44.0,4.545454545454546,0.0045000000000000005,0.0044,2.2727272727272747,0.0114359485229837,1100,inox-india,Small Cap,Apr-2025
188394,98230.0,1,Paras Defence And Space Technologies Ltd.,Capital Goods,Capital Goods,Domestic Equities,33.0,31.0,6.451612903225806,0.0045000000000000005,0.003,50.000000000000014,0.0114359485229837,1100,paras-defence-and-space-technologies,Small Cap,Apr-2025
75571,8023.0,1,Sunteck Realty Ltd.,Realty,Realty,Domestic Equities,112.0,106.0,5.660377358490567,0.0045000000000000005,0.0040999999999999995,9.756097560975618,0.0114359485229837,1100,sunteck-realty,Small Cap,Apr-2025
182,6786.0,1,Bharat Bijlee Ltd.,Capital Goods,Capital Goods,Domestic Equities,15.0,14.0,7.142857142857142,0.0044,0.004,9.999999999999995,0.0111818163335841,1100,bharat-bijlee,Small Cap,Apr-2025
176637,93115.0,1,Easy Trip Planners Ltd.,Hospitality,Hospitality,Domestic Equities,3661.0,3465.0,5.656565656565657,0.0044,0.0040999999999999995,7.317073170731714,0.0111818163335841,1100,easy-trip-planners,Small Cap,Apr-2025
201312,105351.0,1,Avalon Technologies Ltd.,Electricals,Electricals,Domestic Equities,51.0,49.0,4.081632653061225,0.0044,0.0037,18.91891891891892,0.0111818163335841,1100,avalon-technologies,Small Cap,Apr-2025
57098,5912.0,1,Patel Engineering Ltd.,Infrastructure,Infrastructure,Domestic Equities,1043.0,988.0,5.566801619433198,0.0044,0.0039000000000000003,12.820512820512816,0.0111818163335841,1100,patel-engineering,Small Cap,Apr-2025
210698,111666.0,1,Max Estates Ltd.,Realty,Realty,Domestic Equities,107.0,101.0,5.9405940594059405,0.0044,0.0039000000000000003,12.820512820512816,0.0111818163335841,1100,max-estates,Small Cap,Apr-2025
95085,5966.0,1,FDC Ltd.,Healthcare,Healthcare,Domestic Equities,102.0,96.0,6.25,0.0043,0.0038,13.157894736842103,0.0109276841441844,1100,fdc,Small Cap,Apr-2025
133083,6007.0,1,Alok Industries Ltd.,Textile,Textile,Domestic Equities,2578.0,2440.0,5.655737704918033,0.0043,0.0037,16.216216216216218,0.0109276841441844,1100,alok-industries,Small Cap,Apr-2025
504,5119.0,1,Refex Industries Ltd.,Inds. Gases & Fuels,Industrials Gases & Fuels,Domestic Equities,106.0,101.0,4.9504950495049505,0.0043,0.0038,13.157894736842103,0.0109276841441844,1100,refex-industries,Small Cap,Apr-2025
191914,99958.0,1,Le Travenues Technology Ltd.,Hospitality,Hospitality,Domestic Equities,296.0,281.0,5.338078291814947,0.0043,0.004,7.499999999999993,0.0109276841441844,1100,le-travenues-technology,Small Cap,Apr-2025
97967,101080.0,1,eMudhra Ltd.,IT,Information Technology,Domestic Equities,56.0,53.0,5.660377358490567,0.0043,0.0045000000000000005,-4.444444444444448,0.0109276841441844,1100,emudhra,Small Cap,Apr-2025
39589,15972.0,1,TeamLease Services Ltd.,Business Services,Other,Domestic Equities,23.0,22.0,4.545454545454546,0.0043,0.004,7.499999999999993,0.0109276841441844,1100,teamlease-services,Small Cap,Apr-2025
211886,111359.0,1,Entero Healthcare Solutions Ltd.,Trading,Trading,Domestic Equities,33.0,31.0,6.451612903225806,0.0043,0.0034999999999999996,22.85714285714286,0.0109276841441844,1100,entero-healthcare-solutions,Small Cap,Apr-2025
152276,6275.0,1,Surya Roshni Ltd.,Iron & Steel,Iron & Steel,Domestic Equities,165.0,156.0,5.769230769230769,0.0042,0.0038,10.52631578947368,0.0106735519547848,1100,surya-roshni,Small Cap,Apr-2025
152286,7340.0,1,Rallis India Ltd.,Chemicals,Chemicals,Domestic Equities,178.0,168.0,5.952380952380952,0.0042,0.0036,16.666666666666664,0.0106735519547848,1100,rallis-india,Small Cap,Apr-2025
57091,15072.0,1,Balu Forge Industries Ltd.,Capital Goods,Capital Goods,Domestic Equities,83.0,79.0,5.063291139240507,0.0042,0.0051,-17.647058823529417,0.0106735519547848,1100,balu-forge-industries,Small Cap,Apr-2025
153043,7287.0,1,Just Dial Ltd.,Business Services,Information Technology,Domestic Equities,45.0,43.0,4.651162790697675,0.0042,0.0034999999999999996,20.000000000000004,0.0106735519547848,1100,just-dial,Small Cap,Apr-2025
32,5828.0,1,Greaves Cotton Ltd.,Automobile & Ancillaries,Automobile & Ancillaries,Domestic Equities,208.0,197.0,5.583756345177665,0.0042,0.0042,0.0,0.0106735519547848,1100,greaves-cotton,Small Cap,Apr-2025
39503,103957.0,1,Gateway Distriparks Ltd.,Logistics,Logistics,Domestic Equities,703.0,666.0,5.555555555555555,0.0042,0.004,4.99999999999999,0.0106735519547848,1100,gateway-distriparks,Small Cap,Apr-2025
171754,5110.0,1,VIP Industries Ltd.,FMCG,Fast Moving Consumer Goods,Domestic Equities,138.0,130.0,6.153846153846154,0.0042,0.0036,16.666666666666664,0.0106735519547848,1100,vip-industries,Small Cap,Apr-2025
133406,6580.0,1,AGI Greenpac Ltd.,FMCG,Fast Moving Consumer Goods,Domestic Equities,52.0,49.0,6.122448979591836,0.0042,0.0037,13.513513513513512,0.0106735519547848,1100,agi-greenpac,Small Cap,Apr-2025
84751,89823.0,1,Senco Gold Ltd.,Diamond  &  Jewellery,Diamond & Jewellery,Domestic Equities,122.0,115.0,6.086956521739131,0.0042,0.0031,35.48387096774193,0.0106735519547848,1100,senco-gold,Small Cap,Apr-2025
174597,97684.0,1,Indigo Paints Ltd.,Chemicals,Chemicals,Domestic Equities,42.0,40.0,5.0,0.0040999999999999995,0.0038,7.894736842105256,0.0104194197653852,1100,indigo-paints,Small Cap,Apr-2025
95406,100018.0,1,Emcure Pharmaceuticals Ltd.,Healthcare,Healthcare,Domestic Equities,40.0,38.0,5.263157894736842,0.0040999999999999995,0.0040999999999999995,0.0,0.0104194197653852,1100,emcure-pharmaceuticals,Small Cap,Apr-2025
210731,110843.0,1,Redtape Ltd.,Retailing,Retailing,Domestic Equities,308.0,292.0,5.47945205479452,0.0040999999999999995,0.0043,-4.651162790697678,0.0104194197653852,1100,redtape,Small Cap,Apr-2025
8162,87681.0,1,H.G. Infra Engineering Ltd.,Infrastructure,Infrastructure,Domestic Equities,38.0,36.0,5.555555555555555,0.0040999999999999995,0.0038,7.894736842105256,0.0104194197653852,1100,hg-infra-engineering,Small Cap,Apr-2025
171423,6205.0,1,Nesco Ltd.,Capital Goods,Capital Goods,Domestic Equities,43.0,41.0,4.878048780487805,0.0040999999999999995,0.0037,10.810810810810805,0.0104194197653852,1100,nesco,Small Cap,Apr-2025
195761,102061.0,1,Campus Activewear Ltd.,FMCG,Retailing,Domestic Equities,166.0,157.0,5.7324840764331215,0.004,0.0036,11.111111111111121,0.0101652875759855,1100,campus-activewear,Small Cap,Apr-2025
155654,90605.0,1,Neogen Chemicals Ltd.,Chemicals,Chemicals,Domestic Equities,26.0,24.0,8.333333333333332,0.004,0.0037,8.108108108108116,0.0101652875759855,1100,neogen-chemicals,Small Cap,Apr-2025
171818,5576.0,1,Nocil Ltd.,Chemicals,Chemicals,Domestic Equities,225.0,213.0,5.633802816901409,0.004,0.0037,8.108108108108116,0.0101652875759855,1100,nocil,Small Cap,Apr-2025
195785,102076.0,1,Aether Industries Ltd.,Chemicals,Chemicals,Domestic Equities,50.0,47.0,6.382978723404255,0.004,0.0039000000000000003,2.5641025641025665,0.0101652875759855,1100,aether-industries,Small Cap,Apr-2025
221192,112302.0,1,International Gemmological Institute (India) Ltd.,Business Services,Other,Domestic Equities,116.0,109.0,6.422018348623854,0.004,0.0042,-4.761904761904753,0.0101652875759855,1100,international-gemmological-institute-india,Small Cap,Apr-2025
289,5004.0,1,Rashtriya Chemicals and Fertilizers Ltd.,Chemicals,Chemicals,Domestic Equities,286.0,271.0,5.535055350553505,0.0039000000000000003,0.0034000000000000002,14.705882352941172,0.00991115538658589,1100,rashtriya-chemicals-and-fertilizers,Small Cap,Apr-2025
171778,6916.0,1,Shoppers Stop Ltd.,Retailing,Retailing,Domestic Equities,77.0,73.0,5.47945205479452,0.0039000000000000003,0.004,-2.500000000000002,0.00991115538658589,1100,shoppers-stop,Small Cap,Apr-2025
673,8549.0,1,Man InfraConstruction Ltd.,Infrastructure,Infrastructure,Domestic Equities,251.0,238.0,5.46218487394958,0.0038,0.0034999999999999996,8.57142857142858,0.00965702319718625,1100,man-infraconstruction,Small Cap,Apr-2025
519,6606.0,1,Paisalo Digital Ltd.,Finance,Finance,Domestic Equities,1185.0,1122.0,5.614973262032086,0.0038,0.0038,0.0,0.00965702319718625,1100,paisalo-digital,Small Cap,Apr-2025
254,7400.0,1,Polyplex Corporation Ltd.,Plastic Products,Plastic Products,Domestic Equities,31.0,29.0,6.896551724137931,0.0038,0.0034999999999999996,8.57142857142858,0.00965702319718625,1100,polyplex-corporation,Small Cap,Apr-2025
2225,17089.0,1,Dilip Buildcon Ltd.,Realty,Infrastructure,Domestic Equities,90.0,86.0,4.651162790697675,0.0038,0.0040999999999999995,-7.317073170731701,0.00965702319718625,1100,dilip-buildcon,Small Cap,Apr-2025
76241,86002.0,1,Star Cement Ltd.,Construction Materials,Construction Materials,Domestic Equities,174.0,165.0,5.454545454545454,0.0038,0.0034999999999999996,8.57142857142858,0.00965702319718625,1100,star-cement,Small Cap,Apr-2025
139531,7409.0,1,Gulf Oil Lubricants India Ltd.,Automobile & Ancillaries,Automobile & Ancillaries,Domestic Equities,32.0,30.0,6.666666666666667,0.0038,0.0034000000000000002,11.764705882352935,0.00965702319718625,1100,gulf-oil-lubricants-india,Small Cap,Apr-2025
171642,5835.0,1,Symphony Ltd.,Consumer Durables,Consumer Durables,Domestic Equities,32.0,30.0,6.666666666666667,0.0037,0.0034000000000000002,8.823529411764696,0.00940289100778661,1100,symphony,Small Cap,Apr-2025
77419,105086.0,1,Sula Vineyards Ltd.,Alcohol,Alcohol,Domestic Equities,130.0,123.0,5.691056910569105,0.0037,0.0033,12.121212121212114,0.00940289100778661,1100,sula-vineyards,Small Cap,Apr-2025
198396,104128.0,1,Yatharth Hospital & Trauma Care Services Ltd.,Healthcare,Healthcare,Domestic Equities,77.0,73.0,5.47945205479452,0.0037,0.0031,19.35483870967742,0.00940289100778661,1100,yatharth-hospital-trauma-care-services,Small Cap,Apr-2025
56678,7680.0,1,VST Industries Ltd.,FMCG,Fast Moving Consumer Goods,Domestic Equities,127.0,120.0,5.833333333333333,0.0037,0.0032,15.624999999999996,0.00940289100778661,1100,vst-industries,Small Cap,Apr-2025
102185,102621.0,1,Inox Green Energy Services Ltd.,Infrastructure,Infrastructure,Domestic Equities,268.0,253.0,5.928853754940711,0.0037,0.003,23.333333333333336,0.00940289100778661,1100,inox-green-energy-services,Small Cap,Apr-2025
133292,6154.0,1,Bajaj Hindusthan Sugar Ltd.,Agri,Agriculture,Domestic Equities,1870.0,1770.0,5.649717514124294,0.0037,0.0034000000000000002,8.823529411764696,0.00940289100778661,1100,bajaj-hindusthan-sugar,Small Cap,Apr-2025
193124,100508.0,1,Electronics Mart India Ltd.,Retailing,Retailing,Domestic Equities,279.0,264.0,5.681818181818182,0.0037,0.0032,15.624999999999996,0.00940289100778661,1100,electronics-mart-india,Small Cap,Apr-2025
133628,7605.0,1,UCO Bank,Bank,Banking,Domestic Equities,1147.0,1086.0,5.616942909760589,0.0036,0.0039000000000000003,-7.692307692307699,0.00914875881838697,1100,uco-bank,Mid Cap,Apr-2025
171440,6777.0,1,Greenply Industries Ltd.,Construction Materials,Construction Materials,Domestic Equities,123.0,116.0,6.0344827586206895,0.0036,0.0033,9.090909090909081,0.00914875881838697,1100,greenply-industries,Small Cap,Apr-2025
201953,105633.0,1,Blue Jet Healthcare Ltd.,Healthcare,Healthcare,Domestic Equities,50.0,47.0,6.382978723404255,0.0036,0.0042,-14.285714285714285,0.00914875881838697,1100,blue-jet-healthcare,Small Cap,Apr-2025
39285,6684.0,1,Skipper Ltd.,Capital Goods,Capital Goods,Domestic Equities,78.0,74.0,5.405405405405405,0.0036,0.0032,12.499999999999993,0.00914875881838697,1100,skipper,Small Cap,Apr-2025
782,108121.0,1,Cyient DLM Ltd.,Electricals,Capital Goods,Domestic Equities,78.0,74.0,5.405405405405405,0.0034999999999999996,0.0034000000000000002,2.9411764705882213,0.00889462662898733,1100,cyient-dlm,Small Cap,Apr-2025
75661,5225.0,1,Lloyds Enterprises Ltd.,Trading,Trading,Domestic Equities,691.0,654.0,5.657492354740061,0.0034999999999999996,0.0029,20.689655172413794,0.00889462662898733,1100,lloyds-enterprises,Small Cap,Apr-2025
133537,5258.0,1,Sterlite Technologies Ltd.,Electricals,Electricals,Domestic Equities,559.0,527.0,6.072106261859583,0.0034999999999999996,0.0043,-18.6046511627907,0.00889462662898733,1100,sterlite-technologies,Small Cap,Apr-2025
75679,8032.0,1,Sequent Scientific Ltd.,Healthcare,Healthcare,Domestic Equities,246.0,232.0,6.0344827586206895,0.0034999999999999996,0.003,16.666666666666664,0.00889462662898733,1100,sequent-scientific,Small Cap,Apr-2025
171704,7556.0,1,Cigniti Technologies Ltd.,IT,Information Technology,Domestic Equities,25.0,24.0,4.166666666666666,0.0034000000000000002,0.0034999999999999996,-2.857142857142844,0.0086404944395877,1100,cigniti-technologies,Small Cap,Apr-2025
154646,104894.0,1,Allied Blenders And Distillers Ltd.,Alcohol,Alcohol,Domestic Equities,111.0,105.0,5.714285714285714,0.0034000000000000002,0.0032,6.250000000000005,0.0086404944395877,1100,allied-blenders-and-distillers,Small Cap,Apr-2025
40233,98928.0,1,Supriya Lifescience Ltd.,Healthcare,Healthcare,Domestic Equities,53.0,50.0,6.0,0.0034000000000000002,0.0037,-8.1081081081081,0.0086404944395877,1100,supriya-lifescience,Small Cap,Apr-2025
65256,86779.0,1,Acme Solar Holdings Ltd.,Power,Power,Domestic Equities,162.0,153.0,5.88235294117647,0.0034000000000000002,0.0029,17.241379310344847,0.0086404944395877,1100,acme-solar-holdings,Small Cap,Apr-2025
75723,6469.0,1,Shivalik Bimetal Controls Ltd.,Non - Ferrous Metals,Non - Ferrous Metals,Domestic Equities,78.0,74.0,5.405405405405405,0.0034000000000000002,0.0034000000000000002,0.0,0.0086404944395877,1100,shivalik-bimetal-controls,Small Cap,Apr-2025
160292,110213.0,1,ASK Automotive Ltd.,Automobile & Ancillaries,Automobile & Ancillaries,Domestic Equities,86.0,81.0,6.172839506172839,0.0034000000000000002,0.0036,-5.555555555555546,0.0086404944395877,1100,ask-automotive,Small Cap,Apr-2025
171614,5038.0,1,Gujarat Ambuja Exports Ltd.,Agri,Agriculture,Domestic Equities,287.0,272.0,5.514705882352941,0.0034000000000000002,0.0028000000000000004,21.428571428571423,0.0086404944395877,1100,gujarat-ambuja-exports,Small Cap,Apr-2025
39045,88307.0,1,Varroc Engineering Ltd.,Automobile & Ancillaries,Automobile & Ancillaries,Domestic Equities,79.0,75.0,5.333333333333334,0.0034000000000000002,0.0032,6.250000000000005,0.0086404944395877,1100,varroc-engineering,Small Cap,Apr-2025
133009,8651.0,1,Heritage Foods Ltd.,FMCG,Fast Moving Consumer Goods,Domestic Equities,88.0,83.0,6.024096385542169,0.0034000000000000002,0.0032,6.250000000000005,0.0086404944395877,1100,heritage-foods,Small Cap,Apr-2025
133299,5776.0,1,Banco Products (India) Ltd.,Automobile & Ancillaries,Automobile & Ancillaries,Domestic Equities,92.0,87.0,5.747126436781609,0.0034000000000000002,0.003,13.333333333333346,0.0086404944395877,1100,banco-products-india,Small Cap,Apr-2025
114765,102573.0,1,TVS Supply Chain Solutions Ltd.,Logistics,Logistics,Domestic Equities,289.0,274.0,5.474452554744526,0.0033,0.0033,0.0,0.00838636225018806,1100,tvs-supply-chain-solutions,Small Cap,Apr-2025
133414,7150.0,1,India Glycols Ltd.,Chemicals,Chemicals,Domestic Equities,24.0,22.0,9.090909090909092,0.0033,0.0024,37.500000000000014,0.00838636225018806,1100,india-glycols,Small Cap,Apr-2025
152319,8540.0,1,Sunflag Iron And Steel Company Ltd.,Iron & Steel,Iron & Steel,Domestic Equities,139.0,131.0,6.106870229007633,0.0033,0.0031,6.451612903225811,0.00838636225018806,1100,sunflag-iron-and-steel-company,Small Cap,Apr-2025
39606,5158.0,1,Wonderla Holidays Ltd.,Hospitality,Hospitality,Domestic Equities,49.0,47.0,4.25531914893617,0.0033,0.0031,6.451612903225811,0.00838636225018806,1100,wonderla-holidays,Small Cap,Apr-2025
186383,97418.0,1,TARC Ltd.,Realty,Realty,Domestic Equities,208.0,197.0,5.583756345177665,0.0032,0.0024,33.33333333333334,0.00813223006078842,1100,tarc,Small Cap,Apr-2025
152564,7776.0,1,Fiem Industries Ltd.,Automobile & Ancillaries,Automobile & Ancillaries,Domestic Equities,22.0,21.0,4.761904761904762,0.0032,0.003,6.666666666666673,0.00813223006078842,1100,fiem-industries,Small Cap,Apr-2025
171464,5049.0,1,Jamna Auto Industries Ltd.,Automobile & Ancillaries,Automobile & Ancillaries,Domestic Equities,404.0,382.0,5.7591623036649215,0.0032,0.0029,10.344827586206906,0.00813223006078842,1100,jamna-auto-industries,Small Cap,Apr-2025
171352,4930.0,1,Prism Johnson Ltd.,Construction Materials,Construction Materials,Domestic Equities,256.0,242.0,5.785123966942149,0.0032,0.0033,-3.030303030303033,0.00813223006078842,1100,prism-johnson,Small Cap,Apr-2025
152666,87989.0,1,Mishra Dhatu Nigam Ltd.,Iron & Steel,Iron & Steel,Domestic Equities,101.0,96.0,5.208333333333334,0.0031,0.0026,19.230769230769226,0.00787809787138878,1100,mishra-dhatu-nigam,Small Cap,Apr-2025
133806,98191.0,1,Laxmi Organic Industries Ltd.,Chemicals,Chemicals,Domestic Equities,175.0,165.0,6.0606060606060606,0.0031,0.0029,6.896551724137938,0.00787809787138878,1100,laxmi-organic-industries,Small Cap,Apr-2025
38457,7732.0,1,The Orissa Minerals Development Company Ltd.,Mining,Mining,Domestic Equities,6.0,5.0,20.0,0.003,0.0025,19.999999999999996,0.00762396568198914,1100,the-orissa-minerals-development-company,Small Cap,Apr-2025
152326,6287.0,1,Thirumalai Chemicals Ltd.,Chemicals,Chemicals,Domestic Equities,121.0,115.0,5.217391304347826,0.003,0.0028000000000000004,7.142857142857128,0.00762396568198914,1100,thirumalai-chemicals,Small Cap,Apr-2025
40323,8128.0,1,RattanIndia Enterprises Ltd.,Business Services,Other,Domestic Equities,720.0,682.0,5.571847507331378,0.003,0.0028000000000000004,7.142857142857128,0.00762396568198914,1100,rattanindia-enterprises,Small Cap,Apr-2025
171515,5866.0,1,Sun Pharma Advanced Research Company Ltd.,Business Services,Healthcare,Domestic Equities,206.0,195.0,5.641025641025641,0.003,0.0029,3.448275862068969,0.00762396568198914,1100,sun-pharma-advanced-research-company,Small Cap,Apr-2025
63725,92864.0,1,Route Mobile Ltd.,IT,Information Technology,Domestic Equities,32.0,31.0,3.225806451612903,0.003,0.0029,3.448275862068969,0.00762396568198914,1100,route-mobile,Small Cap,Apr-2025
152602,8520.0,1,Pearl Global Industries Ltd.,Textile,Textile,Domestic Equities,31.0,29.0,6.896551724137931,0.003,0.0038,-21.052631578947373,0.00762396568198914,1100,pearl-global-industries,Small Cap,Apr-2025
39219,111883.0,1,Akums Drugs & Pharmaceuticals Ltd.,Healthcare,Healthcare,Domestic Equities,56.0,53.0,5.660377358490567,0.0029,0.0025,15.999999999999993,0.0073698334925895,1100,akums-drugs-pharmaceuticals,Small Cap,Apr-2025
428,6829.0,1,Hikal Ltd.,Healthcare,Healthcare,Domestic Equities,76.0,72.0,5.555555555555555,0.0029,0.0029,0.0,0.0073698334925895,1100,hikal,Small Cap,Apr-2025
57351,17074.0,1,Advanced Enzyme Technologies Ltd.,Healthcare,Healthcare,Domestic Equities,99.0,93.0,6.451612903225806,0.0028000000000000004,0.0026,7.692307692307699,0.00711570130318987,1100,advanced-enzyme-technologies,Small Cap,Apr-2025
200319,104923.0,1,Innova Captab Ltd.,Healthcare,Healthcare,Domestic Equities,32.0,30.0,6.666666666666667,0.0028000000000000004,0.0026,7.692307692307699,0.00711570130318987,1100,innova-captab,Small Cap,Apr-2025
172778,92545.0,1,Greenpanel Industries Ltd.,Construction Materials,Construction Materials,Domestic Equities,119.0,113.0,5.3097345132743365,0.0028000000000000004,0.0026,7.692307692307699,0.00711570130318987,1100,greenpanel-industries,Small Cap,Apr-2025
65894,112188.0,1,Zinka Logistics Solutions Ltd.,Logistics,Logistics,Domestic Equities,66.0,62.0,6.451612903225806,0.0028000000000000004,0.0026,7.692307692307699,0.00711570130318987,1100,zinka-logistics-solutions,Small Cap,Apr-2025
57043,5095.0,1,Balaji Amines Ltd.,Chemicals,Chemicals,Domestic Equities,22.0,21.0,4.761904761904762,0.0028000000000000004,0.0025,12.00000000000001,0.00711570130318987,1100,balaji-amines,Small Cap,Apr-2025
198482,104165.0,1,DCX Systems Ltd.,Capital Goods,Capital Goods,Domestic Equities,99.0,94.0,5.319148936170213,0.0028000000000000004,0.0022,27.27272727272728,0.00711570130318987,1100,dcx-systems,Small Cap,Apr-2025
195746,102043.0,1,Venus Pipes & Tubes Ltd.,Iron & Steel,Iron & Steel,Domestic Equities,22.0,20.0,10.0,0.0027,0.0024,12.50000000000001,0.00686156911379023,1100,venus-pipes-tubes,Small Cap,Apr-2025
114419,8319.0,1,Vaibhav Global Ltd.,Retailing,Retailing,Domestic Equities,121.0,114.0,6.140350877192982,0.0027,0.0025,8.000000000000007,0.00686156911379023,1100,vaibhav-global,Small Cap,Apr-2025
19092,7145.0,1,IFB Industries Ltd.,Consumer Durables,Consumer Durables,Domestic Equities,21.0,19.0,10.526315789473683,0.0027,0.0025,8.000000000000007,0.00686156911379023,1100,ifb-industries,Small Cap,Apr-2025
152239,7211.0,1,Heidelberg Cement India Ltd.,Construction Materials,Construction Materials,Domestic Equities,142.0,135.0,5.185185185185185,0.0027,0.0027,0.0,0.00686156911379023,1100,heidelberg-cement-india,Small Cap,Apr-2025
133836,91540.0,1,MSTC Ltd.,Trading,Information Technology,Domestic Equities,51.0,48.0,6.25,0.0026,0.0024,8.333333333333341,0.00660743692439059,1100,mstc,Small Cap,Apr-2025
2348,5821.0,1,Sharda Cropchem Ltd.,Chemicals,Chemicals,Domestic Equities,47.0,44.0,6.8181818181818175,0.0026,0.0025,4.0000000000000036,0.00660743692439059,1100,sharda-cropchem,Small Cap,Apr-2025
152598,7090.0,1,Technocraft Industries (India) Ltd.,Iron & Steel,Iron & Steel,Domestic Equities,11.0,11.0,0.0,0.0026,0.0029,-10.344827586206886,0.00660743692439059,1100,technocraft-industries-india,Small Cap,Apr-2025
182599,95655.0,1,Borosil Ltd.,Consumer Durables,Consumer Durables,Domestic Equities,82.0,77.0,6.493506493506493,0.0026,0.0026,0.0,0.00660743692439059,1100,borosil,Small Cap,Apr-2025
311,7883.0,1,Aarti Drugs Ltd.,Healthcare,Healthcare,Domestic Equities,72.0,68.0,5.88235294117647,0.0025,0.0023,8.69565217391304,0.00635330473499095,1100,aarti-drugs,Small Cap,Apr-2025
171329,5022.0,1,Bombay Dyeing And Manufacturing Company Ltd.,Textile,Textile,Domestic Equities,195.0,185.0,5.405405405405405,0.0025,0.0024,4.1666666666666705,0.00635330473499095,1100,bombay-dyeing-and-manufacturing-company,Small Cap,Apr-2025
116244,86677.0,1,Dishman Carbogen Amcis Ltd.,Healthcare,Healthcare,Domestic Equities,132.0,125.0,5.6000000000000005,0.0025,0.0027,-7.407407407407414,0.00635330473499095,1100,dishman-carbogen-amcis,Small Cap,Apr-2025
317,5676.0,1,Orchid Pharma Ltd.,Healthcare,Healthcare,Domestic Equities,31.0,30.0,3.3333333333333335,0.0025,0.0023,8.69565217391304,0.00635330473499095,1100,orchid-pharma,Small Cap,Apr-2025
152065,7928.0,1,Johnson Controls - Hitachi Air Conditioning India Ltd.,Consumer Durables,Consumer Durables,Domestic Equities,14.0,13.0,7.6923076923076925,0.0025,0.0023,8.69565217391304,0.00635330473499095,1100,johnson-controls-hitachi-air-conditioning-india,Small Cap,Apr-2025
38106,5893.0,1,Stylam Industries Ltd.,Construction Materials,Construction Materials,Domestic Equities,16.0,15.0,6.666666666666667,0.0025,0.0025,0.0,0.00635330473499095,1100,stylam-industries,Small Cap,Apr-2025
97709,93131.0,1,Rossari Biotech Ltd.,Chemicals,Chemicals,Domestic Equities,36.0,34.0,5.88235294117647,0.0024,0.0021,14.285714285714285,0.00609917254559132,1100,rossari-biotech,Small Cap,Apr-2025
217249,111970.0,1,PN Gadgil Jewellers Ltd.,Retailing,Diamond & Jewellery,Domestic Equities,47.0,45.0,4.444444444444445,0.0024,0.0023,4.3478260869565135,0.00609917254559132,1100,pn-gadgil-jewellers,Small Cap,Apr-2025
174611,96811.0,1,Hemisphere Properties India Ltd.,Realty,Realty,Domestic Equities,182.0,173.0,5.202312138728324,0.0024,0.0021,14.285714285714285,0.00609917254559132,1100,hemisphere-properties-india,Small Cap,Apr-2025
133648,6385.0,1,Datamatics Global Services Ltd.,IT,Information Technology,Domestic Equities,41.0,39.0,5.128205128205128,0.0024,0.0025,-4.0000000000000036,0.00609917254559132,1100,datamatics-global-services,Small Cap,Apr-2025
59969,6489.0,1,JTL Industries Ltd,Iron & Steel,Iron & Steel,Domestic Equities,373.0,353.0,5.6657223796034,0.0024,0.0027,-11.11111111111112,0.00609917254559132,1100,jtl-industries,Small Cap,Apr-2025
38173,6330.0,1,Optiemus Infracom Ltd.,Trading,Trading,Domestic Equities,44.0,42.0,4.761904761904762,0.0023,0.0018,27.77777777777779,0.00584504035619168,1100,optiemus-infracom,Small Cap,Apr-2025
46352,86526.0,1,Share India Securities Ltd.,Finance,Finance,Domestic Equities,157.0,148.0,6.081081081081082,0.0023,0.0024,-4.166666666666659,0.00584504035619168,1100,share-india-securities,Small Cap,Apr-2025
113784,6078.0,1,Subros Ltd.,Automobile & Ancillaries,Automobile & Ancillaries,Domestic Equities,39.0,37.0,5.405405405405405,0.0023,0.0021,9.523809523809533,0.00584504035619168,1100,subros,Small Cap,Apr-2025
171880,111948.0,1,Transrail Lighting Ltd.,Capital Goods,Capital Goods,Domestic Equities,49.0,46.0,6.521739130434782,0.0023,0.0021,9.523809523809533,0.00584504035619168,1100,transrail-lighting,Small Cap,Apr-2025
152548,6598.0,1,Allcargo Logistics Ltd.,Logistics,Logistics,Domestic Equities,748.0,708.0,5.649717514124294,0.0022,0.002,9.999999999999995,0.00559090816679204,1100,allcargo-logistics,Small Cap,Apr-2025
152192,8410.0,1,Kalyani Steels Ltd.,Iron & Steel,Iron & Steel,Domestic Equities,31.0,29.0,6.896551724137931,0.0022,0.0022,0.0,0.00559090816679204,1100,kalyani-steels,Small Cap,Apr-2025
1607,90490.0,1,Prince Pipes and Fittings Ltd.,Plastic Products,Plastic Products,Domestic Equities,89.0,85.0,4.705882352941177,0.0022,0.0021,4.761904761904766,0.00559090816679204,1100,prince-pipes-and-fittings,Small Cap,Apr-2025
134168,15856.0,1,Lux Industries Ltd.,Textile,Textile,Domestic Equities,16.0,15.0,6.666666666666667,0.0022,0.0021,4.761904761904766,0.00559090816679204,1100,lux-industries,Small Cap,Apr-2025
152115,8260.0,1,National Fertilizers Ltd.,Chemicals,Chemicals,Domestic Equities,258.0,244.0,5.737704918032787,0.0022,0.002,9.999999999999995,0.00559090816679204,1100,national-fertilizers,Small Cap,Apr-2025
76139,111824.0,1,Bansal Wire Industries Ltd.,Iron & Steel,Iron & Steel,Domestic Equities,60.0,57.0,5.263157894736842,0.0021,0.0022,-4.545454545454549,0.0053367759773924,1100,bansal-wire-industries,Small Cap,Apr-2025
133311,8457.0,1,Bhansali Engineering Polymers Ltd.,Chemicals,Chemicals,Domestic Equities,196.0,185.0,5.9459459459459465,0.0021,0.002,4.99999999999999,0.0053367759773924,1100,bhansali-engineering-polymers,Small Cap,Apr-2025
95051,5923.0,1,Jindal Worldwide Ltd.,Textile,Textile,Domestic Equities,310.0,294.0,5.442176870748299,0.0021,0.0021,0.0,0.0053367759773924,1100,jindal-worldwide,Small Cap,Apr-2025
221833,112370.0,1,Ventive Hospitality Ltd.,Hospitality,Hospitality,Domestic Equities,28.0,26.0,7.6923076923076925,0.002,0.0019,5.263157894736847,0.00508264378799276,1100,ventive-hospitality,Small Cap,Apr-2025
157408,15531.0,1,Imagicaaworld Entertainment Ltd.,Hospitality,Hospitality,Domestic Equities,292.0,276.0,5.797101449275362,0.0019,0.0018,5.555555555555561,0.00482851159859312,1100,imagicaaworld-entertainment,Small Cap,Apr-2025
38751,93427.0,1,Apeejay Surrendra Park Hotels Ltd.,Hospitality,Hospitality,Domestic Equities,123.0,116.0,6.0344827586206895,0.0019,0.0017000000000000001,11.764705882352935,0.00482851159859312,1100,apeejay-surrendra-park-hotels,Small Cap,Apr-2025
95878,5075.0,1,Fineotex Chemical Ltd.,Chemicals,Chemicals,Domestic Equities,80.0,76.0,5.263157894736842,0.0019,0.0017000000000000001,11.764705882352935,0.00482851159859312,1100,fineotex-chemical,Small Cap,Apr-2025
94495,5412.0,1,MMTC Ltd.,Trading,Trading,Domestic Equities,314.0,297.0,5.723905723905724,0.0018,0.0015,20.0,0.00457437940919349,1100,mmtc,Small Cap,Apr-2025
58192,8446.0,1,Indian Metals & Ferro Alloys Ltd.,Ferro Manganese,Ferro Manganese,Domestic Equities,31.0,29.0,6.896551724137931,0.0018,0.0018,0.0,0.00457437940919349,1100,indian-metals-ferro-alloys,Small Cap,Apr-2025
1849,89205.0,1,Spandana Sphoorty Financial Ltd.,Finance,Finance,Domestic Equities,65.0,62.0,4.838709677419355,0.0018,0.0015,20.0,0.00457437940919349,1100,spandana-sphoorty-financial,Small Cap,Apr-2025
202504,105983.0,1,Enviro Infra Engineers Ltd.,Infrastructure,Infrastructure,Domestic Equities,86.0,81.0,6.172839506172839,0.0017000000000000001,0.0018,-5.555555555555546,0.00432024721979385,1100,enviro-infra-engineers,Small Cap,Apr-2025
216574,111935.0,1,Ceigall India Ltd.,Infrastructure,Infrastructure,Domestic Equities,65.0,61.0,6.557377049180328,0.0017000000000000001,0.0016,6.250000000000005,0.00432024721979385,1100,ceigall-india,Small Cap,Apr-2025
228482,,1,STL Networks Ltd.,Others,,Domestic Equities,557.0,,,0.0014000000000000002,,,0.00355785065159493,1100,,,Apr-2025
19054,7594.0,1,Responsive Industries Ltd.,Plastic Products,Plastic Products,Domestic Equities,74.0,70.0,5.714285714285714,0.0013,0.0013,0.0,0.0033037184621953,1100,responsive-industries,Small Cap,Apr-2025
213604,111699.0,1,Gopal Snacks Ltd.,FMCG,Fast Moving Consumer Goods,Domestic Equities,43.0,40.0,7.5,0.0012,0.0011,9.090909090909086,0.00304958627279566,1100,gopal-snacks,Small Cap,Apr-2025
115304,8666.0,1,Hathway Cable & Datacom Ltd.,Telecom,Telecom,Domestic Equities,921.0,872.0,5.6192660550458715,0.0012,0.0011,9.090909090909086,0.00304958627279566,1100,hathway-cable-datacom,Small Cap,Apr-2025
75586,5176.0,1,Jai Corp Ltd.,Plastic Products,Plastic Products,Domestic Equities,93.0,88.0,5.681818181818182,0.0008,0.0008,0.0,0.00203305751519711,1100,jai-corp,Small Cap,Apr-2025
221137,112298.0,1,Unimech Aerospace and Manufacturing Ltd.,Capital Goods,Capital Goods,Domestic Equities,9.0,8.0,12.5,0.0008,0.0008,0.0,0.00203305751519711,1100,unimech-aerospace-and-manufacturing,Small Cap,Apr-2025
171875,5051.0,1,HDFC Bank Ltd.,Bank,Banking,Domestic Equities,16162.0,15798.0,2.3040891252057225,3.1433,3.0411,3.3606260892440134,7.51257752655919,1100,hdfc-bank,Large Cap,May-2025
171888,8748.0,1,ICICI Bank Ltd.,Bank,Banking,Domestic Equities,14995.0,14658.0,2.2990858234411244,2.168,2.0917,3.6477506334560523,5.18158243806838,1100,icici-bank,Large Cap,May-2025
171531,4897.0,1,Reliance Industries Ltd.,Crude Oil,Crude Oil,Domestic Equities,14394.0,14070.0,2.302771855010661,2.0452,1.9768000000000001,3.460137596114935,4.88808690144716,1100,reliance-industries,Large Cap,May-2025
171889,4926.0,1,Infosys Ltd.,IT,Information Technology,Domestic Equities,7648.0,7475.0,2.3143812709030103,1.1952,1.1213,6.590564523321146,2.85656242157718,1100,infosys,Large Cap,May-2025
133593,6508.0,1,Bharti Airtel Ltd.,Telecom,Telecom,Domestic Equities,5699.0,5571.0,2.297612636869503,1.0578,1.0387,1.838837007798206,2.5281724644782,1100,bharti-airtel,Large Cap,May-2025
152372,4964.0,1,Larsen & Toubro Ltd.,Infrastructure,Infrastructure,Domestic Equities,2494.0,2437.0,2.3389413212966765,0.9166,0.8142,12.576762466224508,2.1907003979398,1100,larsen-toubro,Large Cap,May-2025
152408,5535.0,1,ITC Ltd.,FMCG,Fast Moving Consumer Goods,Domestic Equities,19776.0,19331.0,2.3020019657544877,0.8267,0.8231,0.4373709148341628,1.97583680883355,1100,itc,Large Cap,May-2025
171915,6797.0,1,Tata Consultancy Services Ltd.,IT,Information Technology,Domestic Equities,2169.0,2121.0,2.263083451202263,0.7512000000000001,0.7325,2.552901023890791,1.7953896344451,1100,tata-consultancy-services,Large Cap,May-2025
171400,5889.0,1,Axis Bank Ltd.,Bank,Banking,Domestic Equities,6071.0,5934.0,2.3087293562521065,0.7238,0.7031999999999999,2.929465301478957,1.72990284532929,1100,axis-bank,Large Cap,May-2025
133350,8843.0,1,State Bank Of India,Bank,Banking,Domestic Equities,8162.0,7978.0,2.306342441714716,0.6629999999999999,0.6292,5.371900826446273,1.58458909429859,1100,state-bank-of-india,Large Cap,May-2025
171492,5886.0,1,Kotak Mahindra Bank Ltd.,Bank,Banking,Domestic Equities,3123.0,3053.0,2.2928267278087127,0.6479,0.6740999999999999,-3.886663699747798,1.5484996594209,1100,kotak-mahindra-bank,Large Cap,May-2025
171656,5311.0,1,Mahindra & Mahindra Ltd.,Automobile & Ancillaries,Automobile & Ancillaries,Domestic Equities,1882.0,1840.0,2.282608695652174,0.5602,0.5389,3.952495824828359,1.33889413367431,1100,mahindra-mahindra,Large Cap,May-2025
171484,6114.0,1,Bajaj Finance Ltd.,Finance,Finance,Domestic Equities,555.0,543.0,2.209944751381215,0.5095000000000001,0.4689,8.65856259330348,1.21771967352207,1100,bajaj-finance,Large Cap,May-2025
171717,5016.0,1,Hindustan Unilever Ltd.,FMCG,Fast Moving Consumer Goods,Domestic Equities,1885.0,1843.0,2.278893109061313,0.44270000000000004,0.4316,2.5718257645968645,1.05806574969228,1100,hindustan-unilever,Large Cap,May-2025
420,5071.0,1,Sun Pharmaceutical Industries Ltd.,Healthcare,Healthcare,Domestic Equities,2290.0,2239.0,2.2778025904421617,0.38420000000000004,0.4103,-6.361199122593223,0.918249064901232,1100,sun-pharmaceutical-industries,Large Cap,May-2025
171528,8219.0,1,HCL Technologies Ltd.,IT,Information Technology,Domestic Equities,2253.0,2202.0,2.316076294277929,0.36869999999999997,0.3452,6.8076477404403075,0.881203618503603,1100,hcl-technologies,Large Cap,May-2025
156921,98676.0,1,Eternal Ltd.,Retailing,Information Technology,Domestic Equities,14760.0,14427.0,2.30817217716781,0.3517,0.33549999999999996,4.828614008941892,0.840573128906203,1100,eternal,Large Cap,May-2025
133625,7239.0,1,Maruti Suzuki India Ltd.,Automobile & Ancillaries,Automobile & Ancillaries,Domestic Equities,278.0,272.0,2.2058823529411766,0.3425,0.33340000000000003,2.729454109178154,0.818584863947611,1100,maruti-suzuki-india,Large Cap,May-2025
133664,7760.0,1,NTPC Ltd.,Power,Power,Domestic Equities,10074.0,9847.0,2.305270640804306,0.33640000000000003,0.34909999999999997,-3.637926095674581,0.804005688268544,1100,ntpc,Large Cap,May-2025
152378,5539.0,1,Tata Motors Ltd.,Automobile & Ancillaries,Automobile & Ancillaries,Domestic Equities,4433.0,4333.0,2.3078698361412417,0.319,0.2792,14.255014326647553,0.762419187151205,1100,tata-motors,Large Cap,May-2025
171461,6050.0,1,Titan Company Ltd.,Diamond  &  Jewellery,Diamond & Jewellery,Domestic Equities,876.0,856.0,2.336448598130841,0.3114,0.2893,7.6391289319046,0.744254968272368,1100,titan-company,Large Cap,May-2025
133309,5981.0,1,Bharat Electronics Ltd.,Capital Goods,Capital Goods,Domestic Equities,7609.0,7437.0,2.3127605217157456,0.2926,0.2336,25.256849315068504,0.699322426835243,1100,bharat-electronics,Large Cap,May-2025
152362,5226.0,1,Tata Steel Ltd.,Iron & Steel,Iron & Steel,Domestic Equities,17568.0,17172.0,2.3060796645702304,0.2829,0.24050000000000002,17.629937629937622,0.676139147476727,1100,tata-steel,Large Cap,May-2025
517,7825.0,1,Power Grid Corporation Of India Ltd.,Power,Power,Domestic Equities,9629.0,9412.0,2.3055673608159797,0.27899999999999997,0.2894,-3.593642017968219,0.666818035157324,1100,power-grid-corporation-of-india,Large Cap,May-2025
133654,6850.0,1,Ultratech Cement Ltd.,Construction Materials,Construction Materials,Domestic Equities,247.0,241.0,2.4896265560165975,0.27690000000000003,0.2805,-1.2834224598930462,0.661798974677645,1100,ultratech-cement,Large Cap,May-2025
152205,8185.0,1,Trent Ltd.,Retailing,Retailing,Domestic Equities,472.0,461.0,2.386117136659436,0.2664,0.23850000000000002,11.698113207547166,0.636703672279251,1100,trent,Large Cap,May-2025
171708,8443.0,1,Bajaj Finserv Ltd.,Finance,Finance,Domestic Equities,1155.0,1129.0,2.3029229406554474,0.233,0.22030000000000002,5.764866091693143,0.55687671036436,1100,bajaj-finserv,Large Cap,May-2025
76200,82667.0,1,BSE Ltd.,Finance,Finance,Domestic Equities,865.0,281.0,207.82918149466192,0.23129999999999998,0.1787,29.434806939003906,0.55281366140462,1100,bse,Mid Cap,May-2025
539,7794.0,1,Adani Ports and Special Economic Zone Ltd.,Logistics,Logistics,Domestic Equities,1567.0,1532.0,2.2845953002610964,0.2245,0.1864,20.439914163090123,0.53656146556566,1100,adani-ports-and-special-economic-zone,Large Cap,May-2025
96486,15829.0,1,Interglobe Aviation Ltd.,Aviation,Aviation,Domestic Equities,416.0,407.0,2.211302211302211,0.2217,0.2137,3.7435657463734238,0.529869384926088,1100,interglobe-aviation,Large Cap,May-2025
171658,4978.0,1,Asian Paints Ltd.,Chemicals,Chemicals,Domestic Equities,961.0,939.0,2.3429179978700745,0.21710000000000002,0.2278,-4.69710272168569,0.518875252446792,1100,asian-paints,Large Cap,May-2025
171369,7531.0,1,Tech Mahindra Ltd.,IT,Information Technology,Domestic Equities,1347.0,1317.0,2.277904328018223,0.212,0.1979,7.124810510358769,0.506686105567572,1100,tech-mahindra,Large Cap,May-2025
152245,5078.0,1,Grasim Industries Ltd.,Diversified,Construction Materials,Domestic Equities,815.0,797.0,2.258469259723965,0.2075,0.2182,-4.903758020164988,0.49593097596826,1100,grasim-industries,Large Cap,May-2025
707,8442.0,1,Bajaj Auto Ltd.,Automobile & Ancillaries,Automobile & Ancillaries,Domestic Equities,235.0,230.0,2.1739130434782608,0.2023,0.18469999999999998,9.528965890633469,0.483502826209056,1100,bajaj-auto,Large Cap,May-2025
134703,87891.0,1,Hindustan Aeronautics Ltd.,Capital Goods,Capital Goods,Domestic Equities,403.0,394.0,2.284263959390863,0.2005,0.17679999999999998,13.404977375565617,0.479200774369331,1100,hindustan-aeronautics,Large Cap,May-2025
133434,4968.0,1,JSW Steel Ltd.,Iron & Steel,Iron & Steel,Domestic Equities,2015.0,1970.0,2.284263959390863,0.2002,0.2029,-1.330704780680136,0.478483765729377,1100,jsw-steel,Large Cap,May-2025
2469,110949.0,1,JIO Financial Services Ltd.,Finance,Finance,Domestic Equities,6959.0,6802.0,2.3081446633343132,0.19949999999999998,0.1771,12.648221343873509,0.476810745569484,1100,jio-financial-services,Large Cap,May-2025
152256,5774.0,1,Oil & Natural Gas Corporation Ltd.,Crude Oil,Crude Oil,Domestic Equities,8252.0,8066.0,2.305975700471113,0.19760000000000003,0.1972,0.2028397565923058,0.472269690849775,1100,oil-natural-gas-corporation,Large Cap,May-2025
152343,5043.0,1,Hindalco Industries Ltd.,Non - Ferrous Metals,Non - Ferrous Metals,Domestic Equities,3076.0,3006.0,2.3286759813705924,0.1949,0.18780000000000002,3.780617678381242,0.465816613090188,1100,hindalco-industries,Large Cap,May-2025
115643,7007.0,1,Coal India Ltd.,Mining,Mining,Domestic Equities,4825.0,4716.0,2.31128074639525,0.1917,0.18170000000000003,5.5035773252614195,0.458168520930677,1100,coal-india,Large Cap,May-2025
56728,7719.0,1,Shriram Finance Ltd.,Finance,Finance,Domestic Equities,2973.0,2906.0,2.3055746730901583,0.19010000000000002,0.1778,6.917885264341959,0.454344474850922,1100,shriram-finance,Large Cap,May-2025
152400,5891.0,1,Nestle India Ltd.,FMCG,Fast Moving Consumer Goods,Domestic Equities,761.0,744.0,2.28494623655914,0.18239999999999998,0.1777,2.6449071468767524,0.4359412530921,1100,nestle-india,Large Cap,May-2025
152473,5056.0,1,Suzlon Energy Ltd.,Capital Goods,Capital Goods,Domestic Equities,25216.0,24648.0,2.3044466082440764,0.1802,0.139,29.64028776978417,0.430683189732436,1100,suzlon-energy,Mid Cap,May-2025
171462,6372.0,1,Divi's Laboratories Ltd.,Healthcare,Healthcare,Domestic Equities,269.0,263.0,2.2813688212927756,0.1779,0.16010000000000002,11.118051217988741,0.425186123492788,1100,divi's-laboratories,Large Cap,May-2025
77009,96064.0,1,Max Healthcare Institute Ltd.,Healthcare,Healthcare,Domestic Equities,1578.0,1543.0,2.268308489954634,0.1776,0.16949999999999998,4.778761061946916,0.424469114852834,1100,max-healthcare-institute,Mid Cap,May-2025
58168,86912.0,1,HDFC Life Insurance Company Ltd.,Insurance,Finance,Domestic Equities,2274.0,2223.0,2.2941970310391366,0.17670000000000002,0.1653,6.896551724137934,0.422318088932972,1100,hdfc-life-insurance-company,Large Cap,May-2025
133330,5128.0,1,Cipla Ltd.,Healthcare,Healthcare,Domestic Equities,1195.0,1168.0,2.3116438356164384,0.1752,0.18109999999999998,-3.257868580894533,0.418733045733201,1100,cipla,Large Cap,May-2025
152907,86648.0,1,SBI Life Insurance Company Ltd.,Insurance,Finance,Domestic Equities,952.0,930.0,2.3655913978494625,0.1725,0.1642,5.0548112058465176,0.412279967973614,1100,sbi-life-insurance-company,Large Cap,May-2025
171585,5257.0,1,Dr. Reddy's Laboratories Ltd.,Healthcare,Healthcare,Domestic Equities,1296.0,1266.0,2.3696682464454977,0.16219999999999998,0.1499,8.205470313542353,0.38766267133519,1100,dr-reddy's-laboratories,Large Cap,May-2025
152242,5741.0,1,Vedanta Ltd.,Non - Ferrous Metals,Non - Ferrous Metals,Domestic Equities,3605.0,3523.0,2.327561737155833,0.157,0.1477,6.296547054840892,0.375234521575985,1100,vedanta,Large Cap,May-2025
171572,5156.0,1,Eicher Motors Ltd.,Automobile & Ancillaries,Automobile & Ancillaries,Domestic Equities,291.0,285.0,2.1052631578947367,0.1552,0.15869999999999998,-2.205419029615625,0.37093246973626,1100,eicher-motors,Large Cap,May-2025
152401,5684.0,1,Tata Consumer Products Ltd.,Agri,Agriculture,Domestic Equities,1383.0,1352.0,2.2928994082840237,0.153,0.1576,-2.918781725888319,0.365674406376597,1100,tata-consumer-products,Large Cap,May-2025
171511,5199.0,1,Wipro Ltd.,IT,Information Technology,Domestic Equities,6034.0,5898.0,2.305866395388267,0.1507,0.1424,5.828651685393258,0.360177340136949,1100,wipro,Large Cap,May-2025
38020,6672.0,1,Apollo Hospitals Enterprise Ltd.,Healthcare,Healthcare,Domestic Equities,214.0,209.0,2.3923444976076556,0.1472,0.1458,0.9602194787380012,0.351812239337484,1100,apollo-hospitals-enterprise,Mid Cap,May-2025
152406,5107.0,1,The Indian Hotels Company Ltd.,Hospitality,Hospitality,Domestic Equities,1865.0,1823.0,2.303894679100384,0.1436,0.1436,0.0,0.343208135658035,1100,the-indian-hotels-company,Mid Cap,May-2025
171514,5399.0,1,Cholamandalam Investment and Finance Company Ltd.,Finance,Finance,Domestic Equities,894.0,874.0,2.2883295194508007,0.1431,0.1304,9.739263803680991,0.342013121258111,1100,cholamandalam-investment-and-finance-company,Large Cap,May-2025
152316,5915.0,1,Tata Power Company Ltd.,Power,Power,Domestic Equities,3567.0,3487.0,2.2942357327215372,0.1401,0.134,4.552238805970145,0.33484303485857,1100,tata-power-company,Large Cap,May-2025
75697,6614.0,1,Adani Enterprises Ltd.,Trading,Trading,Domestic Equities,553.0,540.0,2.4074074074074074,0.1394,0.1243,12.148028962188253,0.333170014698677,1100,adani-enterprises,Large Cap,May-2025
133507,6902.0,1,TVS Motor Company Ltd.,Automobile & Ancillaries,Automobile & Ancillaries,Domestic Equities,498.0,487.0,2.2587268993839835,0.13849999999999998,0.1301,6.456571867794003,0.331018988778815,1100,tvs-motor-company,Large Cap,May-2025
171628,5788.0,1,Britannia Industries Ltd.,FMCG,Fast Moving Consumer Goods,Domestic Equities,250.0,244.0,2.459016393442623,0.1378,0.13269999999999998,3.843255463451393,0.329345968618922,1100,britannia-industries,Large Cap,May-2025
38605,83193.0,1,Varun Beverages Ltd.,FMCG,Fast Moving Consumer Goods,Domestic Equities,2850.0,2785.0,2.333931777378815,0.1356,0.14550000000000002,-6.804123711340207,0.324087905259258,1100,varun-beverages,Large Cap,May-2025
152376,5012.0,1,Bharat Petroleum Corporation Ltd.,Crude Oil,Crude Oil,Domestic Equities,4117.0,4025.0,2.2857142857142856,0.1311,0.12480000000000001,5.0480769230769145,0.313332775659947,1100,bharat-petroleum-corporation,Large Cap,May-2025
95548,5980.0,1,Persistent Systems Ltd.,IT,Information Technology,Domestic Equities,226.0,221.0,2.262443438914027,0.1274,0.1176,8.333333333333337,0.304489669100513,1100,persistent-systems,Mid Cap,May-2025
152604,5456.0,1,Power Finance Corporation Ltd.,Finance,Finance,Domestic Equities,3093.0,3023.0,2.3155805491233874,0.12560000000000002,0.1232,1.9480519480519498,0.300187617260788,1100,power-finance-corporation,Large Cap,May-2025
171402,5320.0,1,Godrej Consumer Products Ltd.,FMCG,Fast Moving Consumer Goods,Domestic Equities,1017.0,994.0,2.3138832997987926,0.1252,0.1253,-0.07980845969672616,0.299231605740849,1100,godrej-consumer-products,Large Cap,May-2025
171619,82976.0,1,Avenue Supermarts Ltd.,Retailing,Retailing,Domestic Equities,312.0,305.0,2.2950819672131146,0.1249,0.1281,-2.498048399687746,0.298514597100895,1100,avenue-supermarts,Large Cap,May-2025
157113,99763.0,1,PB Fintech Ltd.,IT,Information Technology,Domestic Equities,703.0,687.0,2.3289665211062593,0.12380000000000001,0.1117,10.83258728737691,0.295885565421063,1100,pb-fintech,Mid Cap,May-2025
171335,5389.0,1,Bajaj Holdings & Investment Ltd.,Finance,Finance,Domestic Equities,91.0,89.0,2.247191011235955,0.12210000000000001,0.1066,14.540337711069427,0.291822516461323,1100,bajaj-holdings-investment,Large Cap,May-2025
133657,7260.0,1,Coforge Ltd.,IT,Information Technology,Domestic Equities,141.0,138.0,2.1739130434782608,0.1206,0.1008,19.64285714285715,0.288237473261553,1100,coforge,Mid Cap,May-2025
57445,86554.0,1,Dixon Technologies (India) Ltd.,Consumer Durables,Consumer Durables,Domestic Equities,81.0,80.0,1.25,0.11900000000000001,0.1316,-9.574468085106382,0.284413427181798,1100,dixon-technologies-india,Mid Cap,May-2025
171383,5551.0,1,Hero MotoCorp Ltd.,Automobile & Ancillaries,Automobile & Ancillaries,Domestic Equities,275.0,269.0,2.2304832713754648,0.1185,0.10300000000000001,15.048543689320375,0.283218412781874,1100,hero-motocorp,Large Cap,May-2025
152572,7512.0,1,Info Edge (India) Ltd.,IT,Information Technology,Domestic Equities,824.0,161.0,411.80124223602485,0.1176,0.11380000000000001,3.3391915641476184,0.281067386862012,1100,info-edge-india,Large Cap,May-2025
114442,5285.0,1,IndusInd Bank Ltd.,Bank,Banking,Domestic Equities,1399.0,1367.0,2.3408924652523777,0.1143,0.11460000000000001,-0.26178010471205176,0.273180291822516,1100,indusind-bank,Mid Cap,May-2025
57031,5903.0,1,Indian Oil Corporation Ltd.,Crude Oil,Crude Oil,Domestic Equities,7938.0,7759.0,2.3069983245263566,0.1127,0.107,5.32710280373832,0.269356245742761,1100,indian-oil-corporation,Large Cap,May-2025
171741,5431.0,1,GAIL (India) Ltd.,Inds. Gases & Fuels,Industrials Gases & Fuels,Domestic Equities,5730.0,5601.0,2.3031601499732193,0.10880000000000001,0.1059,2.738432483474985,0.260035133423358,1100,gail-india,Large Cap,May-2025
171837,6012.0,1,DLF Ltd.,Realty,Realty,Domestic Equities,1363.0,1332.0,2.3273273273273274,0.10869999999999999,0.0898,21.046770601336288,0.259796130543373,1100,dlf,Large Cap,May-2025
38803,5403.0,1,Indus Towers Ltd.,Telecom,Telecom,Domestic Equities,2807.0,2744.0,2.295918367346939,0.10779999999999999,0.11199999999999999,-3.75,0.257645104623511,1100,indus-towers,Large Cap,May-2025
171943,4973.0,1,REC Ltd.,Finance,Finance,Domestic Equities,2653.0,2593.0,2.3139220979560355,0.1067,0.10890000000000001,-2.020202020202026,0.255016072943679,1100,rec,Large Cap,May-2025
171685,5596.0,1,The Federal Bank Ltd.,Bank,Banking,Domestic Equities,5208.0,5091.0,2.2981732469063054,0.1052,0.1001,5.094905094905093,0.251431029743908,1100,the-federal-bank,Mid Cap,May-2025
114530,88033.0,1,HDFC Asset Management Company Ltd.,Finance,Finance,Domestic Equities,215.0,210.0,2.380952380952381,0.10279999999999999,0.0919,11.860718171926006,0.245694960624276,1100,hdfc-asset-management-company,Mid Cap,May-2025
171387,6208.0,1,Pidilite Industries Ltd.,Chemicals,Chemicals,Domestic Equities,327.0,319.0,2.507836990595611,0.1016,0.0968,4.958677685950417,0.242826926064459,1100,pidilite-industries,Large Cap,May-2025
152211,6247.0,1,Lupin Ltd.,Healthcare,Healthcare,Domestic Equities,513.0,501.0,2.3952095808383236,0.10039999999999999,0.105,-4.3809523809523885,0.239958891504643,1100,lupin,Mid Cap,May-2025
153405,17058.0,1,LTIMindtree Ltd.,IT,Information Technology,Domestic Equities,196.0,191.0,2.6178010471204187,0.09939999999999999,0.0876,13.470319634703193,0.237568862704796,1100,ltimindtree,Large Cap,May-2025
114405,5008.0,1,Bank Of Baroda,Bank,Banking,Domestic Equities,3934.0,3845.0,2.314694408322497,0.09820000000000001,0.09609999999999999,2.1852237252861695,0.234700828144979,1100,bank-of-baroda,Large Cap,May-2025
113818,7906.0,1,Samvardhana Motherson International Ltd.,Automobile & Ancillaries,Automobile & Ancillaries,Domestic Equities,6263.0,6122.0,2.303168899052597,0.0959,0.0816,17.524509803921564,0.229203761905331,1100,samvardhana-motherson-international,Large Cap,May-2025
133583,8200.0,1,United Spirits Ltd.,Alcohol,Alcohol,Domestic Equities,627.0,613.0,2.2838499184339316,0.0953,0.0959,-0.6256517205422367,0.227769744625423,1100,united-spirits,Large Cap,May-2025
171636,86629.0,1,ICICI Lombard General Insurance Company Ltd.,Insurance,Finance,Domestic Equities,508.0,496.0,2.4193548387096775,0.0953,0.0931,2.363050483351223,0.227769744625423,1100,icici-lombard-general-insurance-company,Mid Cap,May-2025
171877,6125.0,1,Cummins India Ltd.,Automobile & Ancillaries,Automobile & Ancillaries,Domestic Equities,287.0,280.0,2.5,0.09380000000000001,0.08109999999999999,15.65967940813812,0.224184701425652,1100,cummins-india,Large Cap,May-2025
133334,5159.0,1,CG Power and Industrial Solutions Ltd.,Capital Goods,Capital Goods,Domestic Equities,1360.0,1330.0,2.2556390977443606,0.0934,0.0834,11.990407673860911,0.223228689905713,1100,cg-power-and-industrial-solutions,Large Cap,May-2025
38708,8062.0,1,Adani Power Ltd.,Power,Power,Domestic Equities,1672.0,1634.0,2.3255813953488373,0.0909,0.08689999999999999,4.602991944764101,0.217253617906096,1100,adani-power,Large Cap,May-2025
7737,15826.0,1,IDFC First Bank Ltd.,Bank,Banking,Domestic Equities,13171.0,12874.0,2.3069752990523535,0.0895,0.08349999999999999,7.185628742514965,0.21390757758631,1100,idfc-first-bank,Mid Cap,May-2025
165,7447.0,1,SRF Ltd.,Chemicals,Chemicals,Domestic Equities,308.0,301.0,2.3255813953488373,0.08810000000000001,0.0906,-2.759381898454746,0.210561537266524,1100,srf,Mid Cap,May-2025
152455,7030.0,1,Yes Bank Ltd.,Bank,Banking,Domestic Equities,40055.0,39153.0,2.303782596480474,0.086,0.0694,23.91930835734869,0.205542476786845,1100,yes-bank,Mid Cap,May-2025
134667,88599.0,1,Macrotech Developers Ltd.,Realty,Realty,Domestic Equities,593.0,580.0,2.2413793103448274,0.08449999999999999,0.0771,9.59792477302204,0.201957433587075,1100,macrotech-developers,Large Cap,May-2025
171365,5279.0,1,Hindustan Petroleum Corporation Ltd.,Crude Oil,Crude Oil,Domestic Equities,2040.0,1994.0,2.3069207622868606,0.0839,0.0755,11.125827814569547,0.200523416307166,1100,hindustan-petroleum-corporation,Mid Cap,May-2025
152308,5173.0,1,Shree Cement Ltd.,Construction Materials,Construction Materials,Domestic Equities,28.0,27.0,3.7037037037037033,0.08289999999999999,0.0802,3.366583541147127,0.198133387507319,1100,shree-cement,Mid Cap,May-2025
141614,85778.0,1,AU Small Finance Bank Ltd.,Bank,Banking,Domestic Equities,1192.0,1165.0,2.317596566523605,0.08259999999999999,0.0791,4.424778761061942,0.197416378867365,1100,au-small-finance-bank,Mid Cap,May-2025
152222,5634.0,1,Max Financial Services Ltd.,Finance,Finance,Domestic Equities,548.0,535.0,2.4299065420560746,0.0823,0.0698,17.90830945558739,0.196699370227411,1100,max-financial-services,Mid Cap,May-2025
133614,6833.0,1,Canara Bank,Bank,Banking,Domestic Equities,7162.0,7001.0,2.2996714755034993,0.08220000000000001,0.0682,20.52785923753666,0.196460367347427,1100,canara-bank,Mid Cap,May-2025
171839,6306.0,1,Solar Industries India Ltd.,Chemicals,Chemicals,Domestic Equities,51.0,50.0,2.0,0.0821,0.0659,24.58270106221549,0.196221364467442,1100,solar-industries-india,Mid Cap,May-2025
171639,5614.0,1,Havells India Ltd.,Capital Goods,Capital Goods,Domestic Equities,536.0,523.0,2.48565965583174,0.0818,0.0837,-2.2700119474312963,0.195504355827488,1100,havells-india,Large Cap,May-2025
171327,5699.0,1,Marico Ltd.,FMCG,Fast Moving Consumer Goods,Domestic Equities,1121.0,1096.0,2.281021897810219,0.0803,0.0779,3.0808729139922892,0.191919312627717,1100,marico,Mid Cap,May-2025
152334,5218.0,1,Ambuja Cements Ltd.,Construction Materials,Construction Materials,Domestic Equities,1415.0,1383.0,2.3138105567606653,0.0783,0.0746,4.959785522788205,0.187139255028023,1100,ambuja-cements,Large Cap,May-2025
152636,5140.0,1,Fortis Healthcare Ltd.,Healthcare,Healthcare,Domestic Equities,1107.0,1082.0,2.310536044362292,0.0782,0.0742,5.39083557951483,0.186900252148038,1100,fortis-healthcare,Mid Cap,May-2025
133599,5561.0,1,Punjab National Bank,Bank,Banking,Domestic Equities,7325.0,7160.0,2.304469273743017,0.0775,0.0718,7.93871866295265,0.185227231988145,1100,punjab-national-bank,Large Cap,May-2025
171942,7813.0,1,Jindal Steel & Power Ltd.,Iron & Steel,Iron & Steel,Domestic Equities,807.0,789.0,2.2813688212927756,0.0766,0.0707,8.345120226308342,0.183076206068283,1100,jindal-steel-power,Mid Cap,May-2025
599,7495.0,1,Sundaram Finance Ltd.,Finance,Finance,Domestic Equities,146.0,142.0,2.8169014084507045,0.075,0.0746,0.5361930294906171,0.179252159988528,1100,sundaram-finance,Mid Cap,May-2025
171946,6864.0,1,Godrej Properties Ltd.,Realty,Realty,Domestic Equities,320.0,313.0,2.2364217252396164,0.0718,0.0677,6.056129985228954,0.171604067829017,1100,godrej-properties,Mid Cap,May-2025
171659,5756.0,1,Ashok Leyland Ltd.,Automobile & Ancillaries,Automobile & Ancillaries,Domestic Equities,3038.0,2970.0,2.28956228956229,0.0717,0.0669,7.174887892376675,0.171365064949033,1100,ashok-leyland,Mid Cap,May-2025
152686,7802.0,1,Multi Commodity Exchange Of India Ltd.,Finance,Finance,Domestic Equities,108.0,105.0,2.857142857142857,0.0713,0.0643,10.886469673405912,0.170409053429094,1100,multi-commodity-exchange-of-india,Small Cap,May-2025
133342,5963.0,1,Bharat Heavy Electricals Ltd.,Capital Goods,Capital Goods,Domestic Equities,2730.0,2669.0,2.285500187336081,0.0709,0.0605,17.1900826446281,0.169453041909155,1100,bharat-heavy-electricals,Mid Cap,May-2025
152331,7581.0,1,Torrent Pharmaceuticals Ltd.,Healthcare,Healthcare,Domestic Equities,222.0,217.0,2.3041474654377883,0.0705,0.0721,-2.2191400832177552,0.168497030389216,1100,torrent-pharmaceuticals,Large Cap,May-2025
152369,6790.0,1,Bharat Forge Ltd.,Automobile & Ancillaries,Automobile & Ancillaries,Domestic Equities,566.0,553.0,2.3508137432188065,0.0702,0.0611,14.893617021276583,0.167780021749262,1100,bharat-forge,Mid Cap,May-2025
101370,86936.0,1,Tube Investments of India Ltd.,Automobile & Ancillaries,Automobile & Ancillaries,Domestic Equities,228.0,223.0,2.242152466367713,0.0698,0.0646,8.049535603715178,0.166824010229323,1100,tube-investments-of-india,Mid Cap,May-2025
587,7648.0,1,APL Apollo Tubes Ltd.,Iron & Steel,Iron & Steel,Domestic Equities,384.0,376.0,2.127659574468085,0.0696,0.060899999999999996,14.285714285714288,0.166346004469354,1100,apl-apollo-tubes,Mid Cap,May-2025
171820,5969.0,1,Colgate-Palmolive (India) Ltd.,FMCG,Fast Moving Consumer Goods,Domestic Equities,279.0,273.0,2.197802197802198,0.06849999999999999,0.0706,-2.9745042492917846,0.163716972789522,1100,colgate-palmolive-india,Mid Cap,May-2025
171465,6543.0,1,Aurobindo Pharma Ltd.,Healthcare,Healthcare,Domestic Equities,594.0,580.0,2.413793103448276,0.0682,0.0713,-4.347826086956516,0.162999964149568,1100,aurobindo-pharma,Mid Cap,May-2025
171635,7381.0,1,UPL Ltd.,Chemicals,Chemicals,Domestic Equities,1075.0,1050.0,2.380952380952381,0.0675,0.0703,-3.9829302987197757,0.161326943989675,1100,upl,Mid Cap,May-2025
139932,15713.0,1,Adani Energy Solutions Ltd.,Power,Power,Domestic Equities,768.0,751.0,2.263648468708389,0.0666,0.0676,-1.479289940828397,0.159175918069813,1100,adani-energy-solutions,Large Cap,May-2025
133272,5382.0,1,ABB India Ltd.,Capital Goods,Capital Goods,Domestic Equities,111.0,108.0,2.7777777777777777,0.0663,0.0596,11.241610738255032,0.158458909429859,1100,abb-india,Large Cap,May-2025
84351,88646.0,1,Adani Green Energy Ltd.,Power,Power,Domestic Equities,651.0,636.0,2.358490566037736,0.066,0.057300000000000004,15.183246073298415,0.157741900789905,1100,adani-green-energy,Large Cap,May-2025
152118,7308.0,1,PI Industries Ltd.,Chemicals,Chemicals,Domestic Equities,172.0,168.0,2.380952380952381,0.0658,0.061200000000000004,7.516339869281046,0.157263895029935,1100,pi-industries,Mid Cap,May-2025
152795,99590.0,1,One97 Communications Ltd.,IT,Information Technology,Domestic Equities,723.0,706.0,2.4079320113314444,0.0644,0.0611,5.400981996726678,0.153917854710149,1100,one97-communications,Mid Cap,May-2025
152551,7908.0,1,GMR Airports Ltd.,Infrastructure,Aviation,Domestic Equities,7619.0,7447.0,2.3096548945884248,0.0641,0.0649,-1.2326656394453015,0.153200846070195,1100,gmr-airports,Mid Cap,May-2025
134131,90516.0,1,Polycab India Ltd.,Electricals,Electricals,Domestic Equities,107.0,104.0,2.8846153846153846,0.0641,0.0574,11.672473867595818,0.153200846070195,1100,polycab-india,Large Cap,May-2025
19255,6350.0,1,Mphasis Ltd.,IT,Information Technology,Domestic Equities,241.0,236.0,2.11864406779661,0.0617,0.0583,5.83190394511149,0.147464776950562,1100,mphasis,Mid Cap,May-2025
152377,4902.0,1,Siemens Ltd.,Capital Goods,Capital Goods,Domestic Equities,187.0,183.0,2.185792349726776,0.0611,0.053099999999999994,15.065913370998132,0.146030759670654,1100,siemens,Large Cap,May-2025
152379,5838.0,1,Voltas Ltd.,Consumer Durables,Consumer Durables,Domestic Equities,483.0,472.0,2.330508474576271,0.061,0.0583,4.631217838765001,0.145791756790669,1100,voltas,Mid Cap,May-2025
122,5767.0,1,The Phoenix Mills Ltd.,Realty,Realty,Domestic Equities,396.0,387.0,2.3255813953488373,0.060899999999999996,0.0644,-5.43478260869566,0.145552753910685,1100,the-phoenix-mills,Mid Cap,May-2025
171799,4956.0,1,Dabur India Ltd.,FMCG,Fast Moving Consumer Goods,Domestic Equities,1252.0,1224.0,2.287581699346405,0.0605,0.059699999999999996,1.3400335008375222,0.144596742390746,1100,dabur-india,Large Cap,May-2025
171321,7864.0,1,Page Industries Ltd.,Textile,Textile,Domestic Equities,13.0,13.0,0.0,0.0603,0.0593,1.6863406408094523,0.144118736630776,1100,page-industries,Mid Cap,May-2025
133608,7612.0,1,Union Bank Of India,Bank,Banking,Domestic Equities,4104.0,4012.0,2.293120638085743,0.0602,0.050499999999999996,19.207920792079204,0.143879733750792,1100,union-bank-of-india,Mid Cap,May-2025
1152,105806.0,1,Mankind Pharma Ltd.,Healthcare,Healthcare,Domestic Equities,239.0,234.0,2.1367521367521367,0.059000000000000004,0.057699999999999994,2.253032928942821,0.141011699190975,1100,mankind-pharma,Mid Cap,May-2025
151967,5716.0,1,GE Vernova T&D India Ltd.,Capital Goods,Capital Goods,Domestic Equities,263.0,257.0,2.3346303501945527,0.058899999999999994,0.04019999999999999,46.51741293532339,0.140772696310991,1100,ge-vernova-td-india,Mid Cap,May-2025
191600,99819.0,1,FSN E-Commerce Ventures Ltd.,Retailing,Information Technology,Domestic Equities,2895.0,2830.0,2.2968197879858656,0.0588,0.055,6.909090909090907,0.140533693431006,1100,fsn-e-commerce-ventures,Mid Cap,May-2025
153586,8183.0,1,NHPC Ltd.,Power,Power,Domestic Equities,6721.0,6570.0,2.2983257229832574,0.0587,0.0564,4.078014184397171,0.140294690551021,1100,nhpc,Mid Cap,May-2025
77639,92991.0,1,SBI Cards And Payment Services Ltd.,Finance,Finance,Domestic Equities,636.0,622.0,2.2508038585209005,0.058600000000000006,0.054299999999999994,7.918968692449367,0.140055687671036,1100,sbi-cards-and-payment-services,Mid Cap,May-2025
95265,83775.0,1,Central Depository Services (India) Ltd.,Business Services,Finance,Domestic Equities,378.0,369.0,2.4390243902439024,0.057800000000000004,0.0487,18.685831622176593,0.138143664631159,1100,central-depository-services-india,Small Cap,May-2025
19182,5589.0,1,Coromandel International Ltd.,Chemicals,Chemicals,Domestic Equities,250.0,245.0,2.0408163265306123,0.0572,0.0542,5.535055350553502,0.136709647351251,1100,coromandel-international,Mid Cap,May-2025
38931,15891.0,1,Alkem Laboratories Ltd.,Healthcare,Healthcare,Domestic Equities,112.0,110.0,1.8181818181818181,0.0571,0.056299999999999996,1.420959147424513,0.136470644471266,1100,alkem-laboratories,Mid Cap,May-2025
56674,5695.0,1,Supreme Industries Ltd.,Plastic Products,Plastic Products,Domestic Equities,137.0,134.0,2.2388059701492535,0.056799999999999996,0.047400000000000005,19.831223628691973,0.135753635831312,1100,supreme-industries,Mid Cap,May-2025
152374,6232.0,1,Bosch Ltd.,Automobile & Ancillaries,Automobile & Ancillaries,Domestic Equities,18.0,18.0,0.0,0.0565,0.053,6.60377358490567,0.135036627191358,1100,bosch,Large Cap,May-2025
152574,8059.0,1,Torrent Power Ltd.,Power,Power,Domestic Equities,404.0,395.0,2.278481012658228,0.0555,0.0608,-8.717105263157897,0.132646598391511,1100,torrent-power,Mid Cap,May-2025
152238,8313.0,1,MRF Ltd.,Automobile & Ancillaries,Automobile & Ancillaries,Domestic Equities,4.0,4.0,0.0,0.0555,0.0538,3.159851301115241,0.132646598391511,1100,mrf,Mid Cap,May-2025
114697,5402.0,1,JSW Energy Ltd.,Power,Power,Domestic Equities,1135.0,1109.0,2.3444544634806133,0.0554,0.053099999999999994,4.331450094161967,0.132407595511526,1100,jsw-energy,Large Cap,May-2025
57620,82559.0,1,ICICI Prudential Life Insurance Company Ltd.,Insurance,Finance,Domestic Equities,830.0,812.0,2.2167487684729066,0.055,0.0499,10.220440881763523,0.131451583991587,1100,icici-prudential-life-insurance-company,Large Cap,May-2025
96004,7992.0,1,Jubilant FoodWorks Ltd.,FMCG,Fast Moving Consumer Goods,Domestic Equities,808.0,790.0,2.278481012658228,0.053,0.0565,-6.194690265486734,0.126671526391893,1100,jubilant-foodworks,Mid Cap,May-2025
58145,71025.0,1,Indian Railway Finance Corporation Ltd.,Finance,Finance,Domestic Equities,3795.0,3710.0,2.2911051212938007,0.0527,0.0462,14.069264069264056,0.125954517751939,1100,indian-railway-finance-corporation,Large Cap,May-2025
153260,8051.0,1,Prestige Estates Projects Ltd.,Realty,Realty,Domestic Equities,358.0,350.0,2.2857142857142856,0.0525,0.0481,9.147609147609156,0.125476511991969,1100,prestige-estates-projects,Mid Cap,May-2025
19275,7232.0,1,NMDC Ltd.,Mining,Mining,Domestic Equities,7342.0,7177.0,2.299010728716734,0.052300000000000006,0.04650000000000001,12.473118279569894,0.124998506232,1100,nmdc,Mid Cap,May-2025
177212,94646.0,1,Hitachi Energy India Ltd.,Capital Goods,Capital Goods,Domestic Equities,27.0,26.0,3.8461538461538463,0.0521,0.0378,37.830687830687836,0.124520500472031,1100,hitachi-energy-india,Mid Cap,May-2025
1427,98308.0,1,Sona BLW Precision Forgings Ltd.,Automobile & Ancillaries,Automobile & Ancillaries,Domestic Equities,953.0,931.0,2.3630504833512354,0.0518,0.044800000000000006,15.624999999999984,0.123803491832077,1100,sona-blw-precision-forgings,Mid Cap,May-2025
139924,82380.0,1,Laurus Labs Ltd.,Healthcare,Healthcare,Domestic Equities,831.0,812.0,2.3399014778325125,0.0507,0.049,3.4693877551020393,0.121174460152245,1100,laurus-labs,Small Cap,May-2025
77293,6578.0,1,Muthoot Finance Ltd.,Finance,Finance,Domestic Equities,227.0,222.0,2.2522522522522523,0.050300000000000004,0.0482,4.356846473029044,0.120218448632306,1100,muthoot-finance,Mid Cap,May-2025
677,6026.0,1,Oil India Ltd.,Crude Oil,Crude Oil,Domestic Equities,1158.0,1132.0,2.2968197879858656,0.049400000000000006,0.04650000000000001,6.236559139784947,0.118067422712444,1100,oil-india,Mid Cap,May-2025
171968,4931.0,1,Zydus Lifesciences Ltd.,Healthcare,Healthcare,Domestic Equities,530.0,518.0,2.3166023166023164,0.0493,0.046,7.1739130434782625,0.117828419832459,1100,zydus-lifesciences,Large Cap,May-2025
756,88308.0,1,Rail Vikas Nigam Ltd.,Infrastructure,Infrastructure,Domestic Equities,1205.0,1178.0,2.2920203735144313,0.0489,0.0412,18.689320388349504,0.11687240831252,1100,rail-vikas-nigam,Large Cap,May-2025
133642,6320.0,1,Petronet LNG Ltd.,Inds. Gases & Fuels,Industrials Gases & Fuels,Domestic Equities,1592.0,1556.0,2.313624678663239,0.0489,0.048799999999999996,0.20491803278688087,0.11687240831252,1100,petronet-lng,Mid Cap,May-2025
171336,8097.0,1,JK Cement Ltd.,Construction Materials,Construction Materials,Domestic Equities,88.0,86.0,2.3255813953488373,0.0484,0.044000000000000004,9.999999999999988,0.115677393912597,1100,jk-cement,Mid Cap,May-2025
114652,92620.0,1,Indian Railway Catering And Tourism Corporation Ltd.,Hospitality,Hospitality,Domestic Equities,640.0,626.0,2.2364217252396164,0.0484,0.047,2.9787234042553123,0.115677393912597,1100,indian-railway-catering-and-tourism-corporation,Mid Cap,May-2025
26837,16127.0,1,Crompton Greaves Consumer Electricals Ltd.,Consumer Durables,Consumer Durables,Domestic Equities,1365.0,1334.0,2.3238380809595203,0.0482,0.045,7.111111111111118,0.115199388152627,1100,crompton-greaves-consumer-electricals,Small Cap,May-2025
114606,112114.0,1,Hyundai Motor India Ltd.,Automobile & Ancillaries,Automobile & Ancillaries,Domestic Equities,257.0,251.0,2.3904382470119523,0.0475,0.0429,10.722610722610721,0.113526367992734,1100,hyundai-motor-india,Large Cap,May-2025
152323,7533.0,1,Tata Elxsi Ltd.,IT,Information Technology,Domestic Equities,73.0,71.0,2.8169014084507045,0.047,0.0409,14.914425427872867,0.112331353592811,1100,tata-elxsi,Mid Cap,May-2025
113892,8292.0,1,KEI Industries Ltd.,Electricals,Electricals,Domestic Equities,130.0,128.0,1.5625,0.046900000000000004,0.0392,19.642857142857157,0.112092350712826,1100,kei-industries,Mid Cap,May-2025
133463,8505.0,1,Glenmark Pharmaceuticals Ltd.,Healthcare,Healthcare,Domestic Equities,319.0,312.0,2.2435897435897436,0.04650000000000001,0.0431,7.888631090487257,0.111136339192887,1100,glenmark-pharmaceuticals,Mid Cap,May-2025
123299,91366.0,1,KPIT Technologies Ltd.,IT,Information Technology,Domestic Equities,346.0,338.0,2.366863905325444,0.0463,0.0424,9.198113207547163,0.110658333432918,1100,kpit-technologies,Mid Cap,May-2025
152608,7159.0,1,Indian Bank,Bank,Banking,Domestic Equities,750.0,733.0,2.3192360163710775,0.0462,0.0415,11.32530120481927,0.110419330552933,1100,indian-bank,Mid Cap,May-2025
75891,5355.0,1,Container Corporation Of India Ltd.,Logistics,Logistics,Domestic Equities,585.0,572.0,2.272727272727273,0.045899999999999996,0.0385,19.220779220779214,0.109702321912979,1100,container-corporation-of-india,Mid Cap,May-2025
171444,98250.0,1,Kalyan Jewellers India Ltd.,Diamond  &  Jewellery,Diamond & Jewellery,Domestic Equities,815.0,797.0,2.258469259723965,0.045700000000000005,0.0412,10.922330097087382,0.10922431615301,1100,kalyan-jewellers-india,Mid Cap,May-2025
134830,88309.0,1,Mazagon Dock Shipbuilders Ltd.,Ship Building,Ship Building,Domestic Equities,130.0,127.0,2.3622047244094486,0.0452,0.0388,16.494845360824733,0.108029301753086,1100,mazagon-dock-shipbuilders,Mid Cap,May-2025
58155,95800.0,1,Life Insurance Corporation of India,Insurance,Finance,Domestic Equities,471.0,460.0,2.391304347826087,0.045,0.0366,22.950819672131143,0.107551295993117,1100,life-insurance-corporation-of-india,Large Cap,May-2025
133630,5815.0,1,Jindal Stainless Ltd.,Iron & Steel,Iron & Steel,Domestic Equities,688.0,673.0,2.2288261515601784,0.0444,0.0392,13.265306122448992,0.106117278713209,1100,jindal-stainless,Mid Cap,May-2025
153691,5278.0,1,Oberoi Realty Ltd.,Realty,Realty,Domestic Equities,250.0,244.0,2.459016393442623,0.0437,0.0401,8.977556109725695,0.104444258553316,1100,oberoi-realty,Mid Cap,May-2025
227975,113151.0,1,Siemens Energy India Ltd.,Others,Other,Domestic Equities,176.0,176.0,0.0,0.0436,0.0436,0.0,0.104205255673331,1100,siemens-energy-india,,May-2025
171698,8307.0,1,Oracle Financial Services Software Ltd.,IT,Information Technology,Domestic Equities,50.0,49.0,2.0408163265306123,0.042300000000000004,0.042699999999999995,-0.936768149882884,0.10109821823353,1100,oracle-financial-services-software,Mid Cap,May-2025
133317,6810.0,1,Blue Star Ltd.,Consumer Durables,Consumer Durables,Domestic Equities,275.0,269.0,2.2304832713754648,0.0421,0.045899999999999996,-8.27886710239651,0.10062021247356,1100,blue-star,Mid Cap,May-2025
133623,8531.0,1,Radico Khaitan Ltd.,Alcohol,Alcohol,Domestic Equities,166.0,162.0,2.4691358024691357,0.042,0.0398,5.527638190954779,0.100381209593576,1100,radico-khaitan,Small Cap,May-2025
352,7184.0,1,Ipca Laboratories Ltd.,Healthcare,Healthcare,Domestic Equities,295.0,288.0,2.430555555555556,0.042,0.0404,3.960396039603964,0.100381209593576,1100,ipca-laboratories,Mid Cap,May-2025
79,7951.0,1,Balkrishna Industries Ltd.,Automobile & Ancillaries,Automobile & Ancillaries,Domestic Equities,170.0,166.0,2.4096385542168677,0.042,0.0444,-5.40540540540541,0.100381209593576,1100,balkrishna-industries,Mid Cap,May-2025
171509,5522.0,1,Tata Communications Ltd.,Telecom,Telecom,Domestic Equities,249.0,243.0,2.4691358024691357,0.0417,0.0387,7.75193798449612,0.0996642009536215,1100,tata-communications,Mid Cap,May-2025
152616,7532.0,1,Vodafone Idea Ltd.,Telecom,Telecom,Domestic Equities,58654.0,57334.0,2.302298810478948,0.0406,0.0408,-0.4901960784313838,0.0970351692737897,1100,vodafone-idea,Mid Cap,May-2025
97125,90518.0,1,Adani Total Gas Ltd.,Gas Transmission,Gas Transmission,Domestic Equities,589.0,576.0,2.256944444444444,0.0403,0.0346,16.473988439306368,0.0963181606338356,1100,adani-total-gas,Mid Cap,May-2025
57412,93539.0,1,Computer Age Management Services Ltd.,Business Services,Finance,Domestic Equities,101.0,99.0,2.0202020202020203,0.04,0.0387,3.3591731266149845,0.0956011519938815,1100,computer-age-management-services,Small Cap,May-2025
133351,5368.0,1,Steel Authority Of India Ltd.,Iron & Steel,Iron & Steel,Domestic Equities,3071.0,3002.0,2.2984676882078614,0.0397,0.0341,16.42228739002933,0.0948841433539274,1100,steel-authority-of-india,Mid Cap,May-2025
152296,7356.0,1,Patanjali Foods Ltd.,FMCG,Fast Moving Consumer Goods,Domestic Equities,235.0,230.0,2.1739130434782608,0.0393,0.0438,-10.27397260273972,0.0939281318339886,1100,patanjali-foods,Mid Cap,May-2025
57781,87827.0,1,Bharat Dynamics Ltd.,Capital Goods,Capital Goods,Domestic Equities,195.0,191.0,2.094240837696335,0.0393,0.0292,34.58904109589042,0.0939281318339886,1100,bharat-dynamics,Mid Cap,May-2025
171404,5514.0,1,Cholamandalam Financial Holdings Ltd.,Finance,Finance,Domestic Equities,210.0,205.0,2.4390243902439024,0.0392,0.0382,2.6178010471204214,0.0936891289540039,1100,cholamandalam-financial-holdings,Small Cap,May-2025
171434,4916.0,1,Astral Ltd.,Plastic Products,Plastic Products,Domestic Equities,261.0,255.0,2.3529411764705883,0.0391,0.034300000000000004,13.99416909620991,0.0934501260740192,1100,astral,Mid Cap,May-2025
46521,101004.0,1,Delhivery Ltd.,Logistics,Logistics,Domestic Equities,1090.0,1065.0,2.3474178403755865,0.039,0.0325,20.0,0.0932111231940345,1100,delhivery,Small Cap,May-2025
171840,6541.0,1,UNO Minda Ltd.,Automobile & Ancillaries,Automobile & Ancillaries,Domestic Equities,379.0,371.0,2.15633423180593,0.0382,0.0332,15.060240963855422,0.0912991001541568,1100,uno-minda,Mid Cap,May-2025
152207,5372.0,1,LIC Housing Finance Ltd.,Finance,Finance,Domestic Equities,638.0,624.0,2.2435897435897436,0.0381,0.0375,1.6000000000000014,0.0910600972741722,1100,lic-housing-finance,Mid Cap,May-2025
171886,6139.0,1,Exide Industries Ltd.,Automobile & Ancillaries,Automobile & Ancillaries,Domestic Equities,966.0,945.0,2.2222222222222223,0.0374,0.0332,12.650602409638568,0.0893870771142792,1100,exide-industries,Mid Cap,May-2025
38741,90008.0,1,Angel One Ltd.,Finance,Finance,Domestic Equities,123.0,120.0,2.5,0.0373,0.0277,34.65703971119133,0.0891480742342945,1100,angel-one,Small Cap,May-2025
543,5039.0,1,Karur Vysya Bank Ltd.,Bank,Banking,Domestic Equities,1670.0,1632.0,2.3284313725490198,0.037000000000000005,0.0356,3.9325842696629247,0.0884310655943404,1100,karur-vysya-bank,Small Cap,May-2025
152519,8782.0,1,Mahindra & Mahindra Financial Services Ltd.,Finance,Finance,Domestic Equities,1414.0,1229.0,15.052888527257933,0.0369,0.0322,14.596273291925458,0.0881920627143557,1100,mahindra-mahindra-financial-services,Mid Cap,May-2025
75659,6055.0,1,Lloyds Metals & Energy Ltd.,Iron & Steel,Iron & Steel,Domestic Equities,258.0,252.0,2.380952380952381,0.0359,0.030299999999999997,18.48184818481848,0.0858020339145087,1100,lloyds-metals-energy,Mid Cap,May-2025
133407,5997.0,1,Hindustan Zinc Ltd.,Non - Ferrous Metals,Non - Ferrous Metals,Domestic Equities,779.0,761.0,2.3653088042049935,0.035699999999999996,0.0334,6.88622754491018,0.0853240281545393,1100,hindustan-zinc,Large Cap,May-2025
58504,98271.0,1,Krishna Institute of Medical Sciences Ltd,Healthcare,Healthcare,Domestic Equities,521.0,509.0,2.357563850687623,0.0356,0.0334,6.586826347305395,0.0850850252745546,1100,krishna-institute-of-medical-sciences,Small Cap,May-2025
19098,6973.0,1,Schaeffler India Ltd.,Automobile & Ancillaries,Automobile & Ancillaries,Domestic Equities,85.0,83.0,2.4096385542168677,0.0356,0.0288,23.611111111111118,0.0850850252745546,1100,schaeffler-india,Mid Cap,May-2025
58272,82478.0,1,PNB Housing Finance Ltd.,Finance,Finance,Domestic Equities,340.0,332.0,2.4096385542168677,0.0355,0.0335,5.970149253731335,0.0848460223945699,1100,pnb-housing-finance,Small Cap,May-2025
134823,84770.0,1,Cochin Shipyard Ltd.,Ship Building,Ship Building,Domestic Equities,179.0,175.0,2.2857142857142856,0.0349,0.0278,25.539568345323758,0.0834120051146616,1100,cochin-shipyard,Mid Cap,May-2025
636,7344.0,1,Reliance Power Ltd.,Power,Power,Domestic Equities,5923.0,5790.0,2.29706390328152,0.0344,0.0232,48.27586206896552,0.0822169907147381,1100,reliance-power,Small Cap,May-2025
133439,5473.0,1,National Aluminium Company Ltd.,Non - Ferrous Metals,Non - Ferrous Metals,Domestic Equities,1905.0,1862.0,2.309344790547798,0.0344,0.0291,18.21305841924398,0.0822169907147381,1100,national-aluminium-company,Mid Cap,May-2025
171433,6783.0,1,Berger Paints India Ltd.,Chemicals,Chemicals,Domestic Equities,604.0,591.0,2.199661590524535,0.034300000000000004,0.0322,6.521739130434781,0.0819779878347534,1100,berger-paints-india,Mid Cap,May-2025
153885,104233.0,1,Kaynes Technology India Ltd.,Electricals,Electricals,Domestic Equities,57.0,56.0,1.7857142857142856,0.0341,0.0322,5.90062111801242,0.081499982074784,1100,kaynes-technology-india,Mid Cap,May-2025
47051,90577.0,1,Dalmia Bharat Ltd.,Construction Materials,Construction Materials,Domestic Equities,169.0,165.0,2.4242424242424243,0.0341,0.0321,6.2305295950155815,0.081499982074784,1100,dalmia-bharat,Mid Cap,May-2025
135555,92715.0,1,360 One Wam Ltd.,Finance,Finance,Domestic Equities,340.0,333.0,2.1021021021021022,0.0339,0.032799999999999996,3.353658536585376,0.0810219763148146,1100,360-one-wam,Mid Cap,May-2025
79346,86555.0,1,Aditya Birla Capital Ltd.,Finance,Finance,Domestic Equities,1515.0,1480.0,2.364864864864865,0.0337,0.0291,15.807560137457044,0.0805439705548452,1100,aditya-birla-capital,Mid Cap,May-2025
152367,6359.0,1,Abbott India Ltd.,Healthcare,Healthcare,Domestic Equities,11.0,10.0,10.0,0.0335,0.03,11.66666666666667,0.0800659647948758,1100,abbott-india,Mid Cap,May-2025
152079,6815.0,1,Linde India Ltd.,Inds. Gases & Fuels,Industrials Gases & Fuels,Domestic Equities,44.0,43.0,2.3255813953488373,0.033,0.027200000000000002,21.323529411764692,0.0788709503949523,1100,linde-india,Mid Cap,May-2025
152599,8349.0,1,Redington Ltd.,Trading,Trading,Domestic Equities,1263.0,1234.0,2.3500810372771475,0.0327,0.030299999999999997,7.920792079207928,0.0781539417549981,1100,redington,Small Cap,May-2025
58595,86782.0,1,Indian Energy Exchange Ltd.,Power,Power,Domestic Equities,1609.0,1573.0,2.2886204704386524,0.0323,0.029900000000000003,8.0267558528428,0.0771979302350593,1100,indian-energy-exchange,Small Cap,May-2025
171565,6678.0,1,Apollo Tyres Ltd.,Automobile & Ancillaries,Automobile & Ancillaries,Domestic Equities,685.0,669.0,2.391629297458894,0.0322,0.0316,1.8987341772151913,0.0769589273550746,1100,apollo-tyres,Small Cap,May-2025
617,7969.0,1,Brigade Enterprises Ltd.,Realty,Realty,Domestic Equities,293.0,287.0,2.0905923344947737,0.0321,0.029500000000000002,8.81355932203389,0.0767199244750899,1100,brigade-enterprises,Small Cap,May-2025
133643,6434.0,1,Biocon Ltd.,Healthcare,Healthcare,Domestic Equities,956.0,935.0,2.2459893048128343,0.0321,0.0301,6.644518272425255,0.0767199244750899,1100,biocon,Mid Cap,May-2025
133627,5088.0,1,Navin Fluorine International Ltd.,Chemicals,Chemicals,Domestic Equities,74.0,72.0,2.7777777777777777,0.0315,0.0326,-3.3742331288343523,0.0752859071951817,1100,navin-fluorine-international,Small Cap,May-2025
114414,5238.0,1,Bank Of India,Bank,Banking,Domestic Equities,2581.0,2523.0,2.2988505747126435,0.0315,0.0291,8.247422680412363,0.0752859071951817,1100,bank-of-india,Mid Cap,May-2025
133635,5732.0,1,Indraprastha Gas Ltd.,Gas Transmission,Gas Transmission,Domestic Equities,1490.0,1456.0,2.3351648351648353,0.0308,0.027999999999999997,10.000000000000009,0.0736128870352888,1100,indraprastha-gas,Mid Cap,May-2025
173672,92657.0,1,Gujarat Fluorochemicals Ltd.,Chemicals,Chemicals,Domestic Equities,86.0,84.0,2.380952380952381,0.030600000000000002,0.0327,-6.422018348623852,0.0731348812753194,1100,gujarat-fluorochemicals,Mid Cap,May-2025
171333,7587.0,1,United Breweries Ltd.,Alcohol,Alcohol,Domestic Equities,153.0,149.0,2.684563758389262,0.0302,0.0322,-6.211180124223608,0.0721788697553805,1100,united-breweries,Mid Cap,May-2025
83342,79963.0,1,Bandhan Bank Ltd.,Bank,Banking,Domestic Equities,1764.0,1725.0,2.2608695652173916,0.03,0.0286,4.895104895104899,0.0717008639954111,1100,bandhan-bank,Small Cap,May-2025
114451,6891.0,1,City Union Bank Ltd.,Bank,Banking,Domestic Equities,1531.0,1496.0,2.339572192513369,0.03,0.0264,13.63636363636363,0.0717008639954111,1100,city-union-bank,Small Cap,May-2025
19183,6082.0,1,Deepak Nitrite Ltd.,Chemicals,Chemicals,Domestic Equities,146.0,142.0,2.8169014084507045,0.0296,0.0275,7.636363636363636,0.0707448524754723,1100,deepak-nitrite,Mid Cap,May-2025
152397,5267.0,1,Tata Chemicals Ltd.,Chemicals,Chemicals,Domestic Equities,332.0,324.0,2.4691358024691357,0.029500000000000002,0.0271,8.856088560885617,0.0705058495954876,1100,tata-chemicals,Small Cap,May-2025
1704,6920.0,1,L&T Finance Ltd.,Finance,Finance,Domestic Equities,1704.0,1666.0,2.2809123649459786,0.0292,0.0274,6.5693430656934195,0.0697888409555335,1100,lt-finance,Mid Cap,May-2025
76174,111823.0,1,Bharti Hexacom Ltd.,Telecom,Telecom,Domestic Equities,159.0,156.0,1.9230769230769231,0.0291,0.0263,10.64638783269963,0.0695498380755488,1100,bharti-hexacom,Mid Cap,May-2025
152386,5556.0,1,Glaxosmithkline Pharmaceuticals Ltd.,Healthcare,Healthcare,Domestic Equities,87.0,85.0,2.3529411764705883,0.0287,0.0252,13.888888888888893,0.06859382655561,1100,glaxosmithkline-pharmaceuticals,Mid Cap,May-2025
152486,5772.0,1,AIA Engineering Ltd.,Automobile & Ancillaries,Automobile & Ancillaries,Domestic Equities,82.0,80.0,2.5,0.0287,0.0256,12.109375000000002,0.06859382655561,1100,aia-engineering,Mid Cap,May-2025
178941,94376.0,1,Cohance Lifesciences Ltd.,Healthcare,Healthcare,Domestic Equities,271.0,263.0,3.041825095057034,0.028399999999999998,0.029900000000000003,-5.016722408026767,0.0678768179156559,1100,cohance-lifesciences,Small Cap,May-2025
133445,6416.0,1,Apar Industries Ltd.,Capital Goods,Capital Goods,Domestic Equities,35.0,35.0,0.0,0.028399999999999998,0.0196,44.897959183673464,0.0678768179156559,1100,apar-industries,Mid Cap,May-2025
26622,79332.0,1,Five-Star Business Finance Ltd.,Finance,Finance,Domestic Equities,396.0,387.0,2.3255813953488373,0.0281,0.0273,2.9304029304029333,0.0671598092757018,1100,five-star-business-finance,Small Cap,May-2025
171470,5477.0,1,Piramal Enterprises Ltd.,Finance,Finance,Domestic Equities,253.0,248.0,2.0161290322580645,0.027999999999999997,0.024,16.666666666666664,0.0669208063957171,1100,piramal-enterprises,Small Cap,May-2025
96732,87407.0,1,Amber Enterprises India Ltd.,Consumer Durables,Consumer Durables,Domestic Equities,43.0,42.0,2.380952380952381,0.0279,0.0259,7.722007722007729,0.0666818035157324,1100,amber-enterprises-india,Small Cap,May-2025
152325,5528.0,1,Thermax Ltd.,Capital Goods,Capital Goods,Domestic Equities,82.0,80.0,2.5,0.0278,0.0263,5.703422053231936,0.0664428006357477,1100,thermax,Mid Cap,May-2025
75798,7006.0,1,Manappuram Finance Ltd.,Finance,Finance,Domestic Equities,1166.0,1139.0,2.370500438981563,0.0278,0.0263,5.703422053231936,0.0664428006357477,1100,manappuram-finance,Small Cap,May-2025
77309,15532.0,1,Inox Wind Ltd.,Capital Goods,Capital Goods,Domestic Equities,1426.0,1393.0,2.3689877961234744,0.0278,0.0235,18.29787234042552,0.0664428006357477,1100,inox-wind,Small Cap,May-2025
797,86851.0,1,Nippon Life India Asset Management Ltd.,Finance,Finance,Domestic Equities,371.0,363.0,2.203856749311295,0.0275,0.0232,18.534482758620697,0.0657257919957936,1100,nippon-life-india-asset-management,Mid Cap,May-2025
84908,112552.0,1,Swiggy Ltd.,Retailing,Information Technology,Domestic Equities,826.0,558.0,48.028673835125446,0.0275,0.0177,55.367231638418076,0.0657257919957936,1100,swiggy,Large Cap,May-2025
171520,5812.0,1,Kalpataru Projects International Ltd.,Infrastructure,Infrastructure,Domestic Equities,241.0,235.0,2.553191489361702,0.0274,0.022799999999999997,20.175438596491247,0.0654867891158088,1100,kalpataru-projects-international,Small Cap,May-2025
152719,5290.0,1,NBCC (India) Ltd.,Realty,Realty,Domestic Equities,2199.0,2150.0,2.27906976744186,0.0271,0.020499999999999997,32.19512195121953,0.0647697804758547,1100,nbcc-india,Small Cap,May-2025
201928,105635.0,1,Piramal Pharma Ltd.,Healthcare,Healthcare,Domestic Equities,1310.0,1280.0,2.34375,0.027000000000000003,0.027000000000000003,0.0,0.06453077759587,1100,piramal-pharma,Small Cap,May-2025
57541,86814.0,1,General Insurance Corporation of India,Insurance,Finance,Domestic Equities,656.0,642.0,2.1806853582554515,0.027000000000000003,0.0268,0.7462686567164185,0.06453077759587,1100,general-insurance-corporation-of-india,Mid Cap,May-2025
152324,4941.0,1,ACC Ltd.,Construction Materials,Construction Materials,Domestic Equities,143.0,139.0,2.877697841726619,0.0269,0.0262,2.6717557251908333,0.0642917747158853,1100,acc,Mid Cap,May-2025
133333,4917.0,1,CRISIL Ltd.,Ratings,Ratings,Domestic Equities,51.0,50.0,2.0,0.0268,0.0223,20.179372197309426,0.0640527718359006,1100,crisil,Mid Cap,May-2025
787,70906.0,1,RBL Bank Ltd.,Bank,Banking,Domestic Equities,1259.0,1231.0,2.274573517465475,0.0268,0.024700000000000003,8.502024291497975,0.0640527718359006,1100,rbl-bank,Small Cap,May-2025
133275,8322.0,1,Amara Raja Energy & Mobility Ltd.,Automobile & Ancillaries,Automobile & Ancillaries,Domestic Equities,260.0,254.0,2.3622047244094486,0.0268,0.024700000000000003,8.502024291497975,0.0640527718359006,1100,amara-raja-energy-mobility,Small Cap,May-2025
97743,96921.0,1,Gland Pharma Ltd.,Healthcare,Healthcare,Domestic Equities,169.0,165.0,2.4242424242424243,0.0268,0.0231,16.017316017316023,0.0640527718359006,1100,gland-pharma,Small Cap,May-2025
20865,87606.0,1,Aster DM Healthcare Ltd.,Healthcare,Healthcare,Domestic Equities,478.0,467.0,2.355460385438972,0.026699999999999998,0.0236,13.135593220338986,0.0638137689559159,1100,aster-dm-healthcare,Small Cap,May-2025
198435,104143.0,1,KFin Technologies Ltd.,Business Services,Finance,Domestic Equities,245.0,240.0,2.083333333333333,0.0264,0.0287,-8.013937282229964,0.0630967603159618,1100,kfin-technologies,Small Cap,May-2025
171752,6261.0,1,The Ramco Cements Ltd.,Construction Materials,Construction Materials,Domestic Equities,267.0,261.0,2.2988505747126435,0.026099999999999998,0.0246,6.097560975609753,0.0623797516760077,1100,the-ramco-cements,Small Cap,May-2025
114411,5677.0,1,Welspun Corp Ltd.,Iron & Steel,Iron & Steel,Domestic Equities,277.0,271.0,2.214022140221402,0.0259,0.0208,24.519230769230756,0.0619017459160383,1100,welspun-corp,Small Cap,May-2025
19805,15724.0,1,Syngene International Ltd.,Business Services,Healthcare,Domestic Equities,401.0,392.0,2.295918367346939,0.0259,0.024900000000000002,4.0160642570280976,0.0619017459160383,1100,syngene-international,Mid Cap,May-2025
115032,83788.0,1,Housing & Urban Development Corporation Ltd.,Finance,Finance,Domestic Equities,1066.0,1042.0,2.3032629558541267,0.025699999999999997,0.0233,10.300429184549346,0.0614237401560689,1100,housing-urban-development-corporation,Mid Cap,May-2025
133466,5090.0,1,Wockhardt Ltd.,Healthcare,Healthcare,Domestic Equities,175.0,171.0,2.3391812865497075,0.0256,0.0222,15.315315315315308,0.0611847372760842,1100,wockhardt,Small Cap,May-2025
19065,5958.0,1,Zee Entertainment Enterprises Ltd.,Media & Entertainment,Media & Entertainment,Domestic Equities,1960.0,1916.0,2.2964509394572024,0.0256,0.0204,25.49019607843137,0.0611847372760842,1100,zee-entertainment-enterprises,Small Cap,May-2025
37877,7189.0,1,JB Chemicals & Pharmaceuticals Ltd.,Healthcare,Healthcare,Domestic Equities,152.0,148.0,2.7027027027027026,0.0255,0.0239,6.694560669456054,0.0609457343960995,1100,jb-chemicals-pharmaceuticals,Small Cap,May-2025
171485,6291.0,1,Motilal Oswal Financial Services Ltd.,Finance,Finance,Domestic Equities,315.0,308.0,2.272727272727273,0.0255,0.020099999999999996,26.86567164179105,0.0609457343960995,1100,motilal-oswal-financial-services,Mid Cap,May-2025
44430,82482.0,1,L&T Technology Services Ltd.,IT,Information Technology,Domestic Equities,58.0,57.0,1.7543859649122806,0.0253,0.024300000000000002,4.115226337448545,0.0604677286361301,1100,lt-technology-services,Mid Cap,May-2025
171580,109023.0,1,Tata Technologies Ltd.,IT,Information Technology,Domestic Equities,327.0,320.0,2.1875,0.0253,0.021099999999999997,19.905213270142177,0.0604677286361301,1100,tata-technologies,Mid Cap,May-2025
96304,15914.0,1,Narayana Hrudayalaya Ltd.,Healthcare,Healthcare,Domestic Equities,144.0,141.0,2.127659574468085,0.025099999999999997,0.0248,1.209677419354831,0.0599897228761606,1100,narayana-hrudayalaya,Small Cap,May-2025
114654,92672.0,1,Indian Renewable Energy Development Agency Ltd.,Finance,Finance,Domestic Equities,1431.0,1399.0,2.28734810578985,0.025,0.023399999999999997,6.8376068376068435,0.0597507199961759,1100,indian-renewable-energy-development-agency,Mid Cap,May-2025
171771,7580.0,1,Firstsource Solutions Ltd.,IT,Information Technology,Domestic Equities,671.0,656.0,2.2865853658536586,0.024900000000000002,0.0223,11.659192825112118,0.0595117171161913,1100,firstsource-solutions,Small Cap,May-2025
171405,6966.0,1,Poonawalla Fincorp Ltd.,Finance,Finance,Domestic Equities,611.0,597.0,2.3450586264656614,0.024700000000000003,0.022400000000000003,10.26785714285714,0.0590337113562218,1100,poonawalla-fincorp,Small Cap,May-2025
171802,6070.0,1,Elgi Equipments Ltd.,Capital Goods,Capital Goods,Domestic Equities,458.0,448.0,2.232142857142857,0.0245,0.02,22.500000000000007,0.0585557055962524,1100,elgi-equipments,Small Cap,May-2025
171948,7104.0,1,Emami Ltd.,FMCG,Fast Moving Consumer Goods,Domestic Equities,418.0,409.0,2.2004889975550124,0.024399999999999998,0.0256,-4.687500000000004,0.0583167027162677,1100,emami,Small Cap,May-2025
133386,8742.0,1,Godfrey Phillips India Ltd.,FMCG,Fast Moving Consumer Goods,Domestic Equities,28.0,28.0,0.0,0.024399999999999998,0.0227,7.488986784140966,0.0583167027162677,1100,godfrey-phillips-india,Small Cap,May-2025
171359,5112.0,1,Aditya Birla Real Estate Ltd.,Diversified,Paper,Domestic Equities,111.0,108.0,2.7777777777777777,0.0242,0.0207,16.908212560386477,0.0578386969562983,1100,aditya-birla-real-estate,Small Cap,May-2025
116180,112103.0,1,Bajaj Housing Finance Ltd.,Finance,Finance,Domestic Equities,1976.0,1931.0,2.330398757120663,0.0241,0.0236,2.1186440677966214,0.0575996940763136,1100,bajaj-housing-finance,Large Cap,May-2025
114433,5462.0,1,Cyient Ltd.,IT,Information Technology,Domestic Equities,179.0,175.0,2.2857142857142856,0.0241,0.0208,15.865384615384617,0.0575996940763136,1100,cyient,Small Cap,May-2025
509,8487.0,1,K.P.R. Mill Ltd.,Textile,Textile,Domestic Equities,213.0,208.0,2.403846153846154,0.024,0.0207,15.94202898550725,0.0573606911963289,1100,kpr-mill,Small Cap,May-2025
152318,6472.0,1,Sundram Fasteners Ltd.,Automobile & Ancillaries,Automobile & Ancillaries,Domestic Equities,234.0,229.0,2.1834061135371177,0.024,0.021,14.285714285714276,0.0573606911963289,1100,sundram-fasteners,Small Cap,May-2025
171646,5397.0,1,Carborundum Universal Ltd.,Abrasives,Abrasives,Domestic Equities,241.0,236.0,2.11864406779661,0.0239,0.0241,-0.8298755186721999,0.0571216883163442,1100,carborundum-universal,Small Cap,May-2025
133170,6243.0,1,Timken India Ltd.,Automobile & Ancillaries,Automobile & Ancillaries,Domestic Equities,76.0,74.0,2.7027027027027026,0.023700000000000002,0.0181,30.93922651933702,0.0566436825563748,1100,timken-india,Small Cap,May-2025
133287,5307.0,1,Atul Ltd.,Chemicals,Chemicals,Domestic Equities,33.0,33.0,0.0,0.0236,0.0223,5.829596412556049,0.0564046796763901,1100,atul,Small Cap,May-2025
96614,6762.0,1,PG Electroplast Ltd.,Consumer Durables,Consumer Durables,Domestic Equities,304.0,297.0,2.356902356902357,0.0235,0.025099999999999997,-6.3745019920318615,0.0561656767964054,1100,pg-electroplast,Small Cap,May-2025
133403,4970.0,1,Himadri Speciality Chemical Ltd.,Chemicals,Chemicals,Domestic Equities,497.0,485.0,2.4742268041237114,0.0235,0.0212,10.849056603773583,0.0561656767964054,1100,himadri-speciality-chemical,Small Cap,May-2025
171371,111171.0,1,Jyoti CNC Automation Ltd.,Capital Goods,Capital Goods,Domestic Equities,181.0,176.0,2.840909090909091,0.0235,0.0189,24.33862433862435,0.0561656767964054,1100,jyoti-cnc-automation,Small Cap,May-2025
152206,6006.0,1,LMW Ltd.,Textile,Textile,Domestic Equities,14.0,13.0,7.6923076923076925,0.023399999999999997,0.0212,10.377358490566026,0.0559266739164207,1100,lmw,Small Cap,May-2025
152370,5063.0,1,Escorts Kubota Ltd.,Automobile & Ancillaries,Automobile & Ancillaries,Domestic Equities,70.0,68.0,2.941176470588235,0.0233,0.0222,4.954954954954949,0.055687671036436,1100,escorts-kubota,Mid Cap,May-2025
154545,89466.0,1,Affle 3i Ltd.,IT,Information Technology,Domestic Equities,134.0,131.0,2.2900763358778624,0.0233,0.0208,12.019230769230768,0.055687671036436,1100,affle-3i,Small Cap,May-2025
152503,5921.0,1,Gujarat State Petronet Ltd.,Gas Transmission,Gas Transmission,Domestic Equities,707.0,691.0,2.3154848046309695,0.0232,0.0225,3.111111111111104,0.0554486681564513,1100,gujarat-state-petronet,Small Cap,May-2025
152363,7424.0,1,SKF India Ltd.,Automobile & Ancillaries,Automobile & Ancillaries,Domestic Equities,49.0,48.0,2.083333333333333,0.023,0.0187,22.994652406417096,0.0549706623964819,1100,skf-india,Small Cap,May-2025
58178,99657.0,1,Star Health and Allied Insurance Company Ltd.,Insurance,Finance,Domestic Equities,479.0,468.0,2.3504273504273505,0.0229,0.0182,25.82417582417582,0.0547316595164972,1100,star-health-and-allied-insurance-company,Small Cap,May-2025
152513,6479.0,1,KEC International Ltd.,Infrastructure,Infrastructure,Domestic Equities,275.0,269.0,2.2304832713754648,0.0229,0.018799999999999997,21.808510638297882,0.0547316595164972,1100,kec-international,Small Cap,May-2025
101649,14929.0,1,Intellect Design Arena Ltd.,IT,Information Technology,Domestic Equities,192.0,188.0,2.127659574468085,0.0225,0.0148,52.02702702702703,0.0537756479965584,1100,intellect-design-arena,Small Cap,May-2025
95396,111416.0,1,Nuvama Wealth Management Ltd.,Finance,Finance,Domestic Equities,31.0,30.0,3.3333333333333335,0.0223,0.0183,21.857923497267752,0.0532976422365889,1100,nuvama-wealth-management,Small Cap,May-2025
133495,5019.0,1,Ajanta Pharma Ltd.,Healthcare,Healthcare,Domestic Equities,89.0,87.0,2.2988505747126435,0.0223,0.0235,-5.106382978723409,0.0532976422365889,1100,ajanta-pharma,Mid Cap,May-2025
139601,89162.0,1,Aavas Financiers Ltd.,Finance,Finance,Domestic Equities,121.0,118.0,2.5423728813559325,0.0223,0.0229,-2.6200873362445436,0.0532976422365889,1100,aavas-financiers,Small Cap,May-2025
152407,5597.0,1,Castrol India Ltd.,Automobile & Ancillaries,Automobile & Ancillaries,Domestic Equities,1027.0,1004.0,2.2908366533864544,0.0222,0.0199,11.557788944723628,0.0530586393566043,1100,castrol-india,Small Cap,May-2025
171576,15890.0,1,Dr. Lal Pathlabs Ltd.,Healthcare,Healthcare,Domestic Equities,79.0,77.0,2.5974025974025974,0.022000000000000002,0.0213,3.286384976525835,0.0525806335966348,1100,dr-lal-pathlabs,Small Cap,May-2025
133327,6870.0,1,CESC Ltd.,Power,Power,Domestic Equities,1339.0,1309.0,2.291825821237586,0.0217,0.0208,4.3269230769230695,0.0518636249566807,1100,cesc,Small Cap,May-2025
645,8087.0,1,IRB Infrastructure Developers Ltd.,Infrastructure,Infrastructure,Domestic Equities,4214.0,4119.0,2.306385044913814,0.0216,0.018799999999999997,14.89361702127661,0.051624622076696,1100,irb-infrastructure-developers,Mid Cap,May-2025
136865,15654.0,1,Authum Investment & Infrastructure Ltd.,Finance,Finance,Domestic Equities,90.0,88.0,2.272727272727273,0.021400000000000002,0.0152,40.789473684210535,0.0511466163167266,1100,authum-investment-infrastructure,Small Cap,May-2025
152444,7037.0,1,IIFL Finance Ltd.,Finance,Finance,Domestic Equities,492.0,481.0,2.2869022869022873,0.021400000000000002,0.0173,23.699421965317928,0.0511466163167266,1100,iifl-finance,Small Cap,May-2025
171697,5757.0,1,Aegis Logistics Ltd.,Logistics,Logistics,Domestic Equities,266.0,260.0,2.307692307692308,0.0212,0.0204,3.921568627450984,0.0506686105567572,1100,aegis-logistics,Small Cap,May-2025
117072,93022.0,1,Home First Finance Company India Ltd.,Finance,Finance,Domestic Equities,166.0,162.0,2.4691358024691357,0.0212,0.0199,6.532663316582921,0.0506686105567572,1100,home-first-finance-company-india,Small Cap,May-2025
152383,6925.0,1,Deepak Fertilisers And Petrochemicals Corporation Ltd.,Chemicals,Chemicals,Domestic Equities,142.0,139.0,2.158273381294964,0.021099999999999997,0.0178,18.539325842696623,0.0504296076767725,1100,deepak-fertilisers-and-petrochemicals-corporation,Small Cap,May-2025
102429,100653.0,1,Global Health Ltd.,Healthcare,Healthcare,Domestic Equities,176.0,172.0,2.3255813953488373,0.0209,0.0206,1.456310679611641,0.0499516019168031,1100,global-health,Small Cap,May-2025
196533,104025.0,1,Motherson Sumi Wiring India Ltd.,Iron & Steel,Iron & Steel,Domestic Equities,3602.0,3521.0,2.300482817381426,0.0208,0.0196,6.122448979591842,0.0497125990368184,1100,motherson-sumi-wiring-india,Small Cap,May-2025
371,7979.0,1,Neuland Laboratories Ltd.,Healthcare,Healthcare,Domestic Equities,18.0,17.0,5.88235294117647,0.0207,0.0204,1.470588235294108,0.0494735961568337,1100,neuland-laboratories,Small Cap,May-2025
171535,5421.0,1,E.I.D. - Parry (India) Ltd.,Agri,Agriculture,Domestic Equities,217.0,212.0,2.358490566037736,0.0206,0.0173,19.075144508670526,0.049234593276849,1100,eid-parry-india,Small Cap,May-2025
171668,8857.0,1,Zen Technologies Ltd.,Capital Goods,Capital Goods,Domestic Equities,96.0,94.0,2.127659574468085,0.020499999999999997,0.013300000000000001,54.13533834586464,0.0489955903968643,1100,zen-technologies,Small Cap,May-2025
20668,5513.0,1,Sammaan Capital Ltd.,Finance,Finance,Domestic Equities,1645.0,1608.0,2.300995024875622,0.0204,0.0194,5.154639175257737,0.0487565875168796,1100,sammaan-capital,Small Cap,May-2025
171810,7890.0,1,Aarti Industries Ltd.,Chemicals,Chemicals,Domestic Equities,434.0,425.0,2.1176470588235294,0.0204,0.0179,13.966480446927374,0.0487565875168796,1100,aarti-industries,Small Cap,May-2025
171687,7000.0,1,Zensar Technologies Ltd.,IT,Information Technology,Domestic Equities,243.0,238.0,2.100840336134454,0.0202,0.0171,18.128654970760238,0.0482785817569102,1100,zensar-technologies,Small Cap,May-2025
152311,5037.0,1,Reliance Infrastructure Ltd.,Power,Power,Domestic Equities,608.0,594.0,2.356902356902357,0.020099999999999996,0.0151,33.112582781456936,0.0480395788769255,1100,reliance-infrastructure,Small Cap,May-2025
152241,8254.0,1,NCC Ltd.,Infrastructure,Infrastructure,Domestic Equities,870.0,850.0,2.3529411764705883,0.020099999999999996,0.018000000000000002,11.666666666666652,0.0480395788769255,1100,ncc,Small Cap,May-2025
222979,112566.0,1,Vishal Mega Mart Ltd.,Retailing,Retailing,Domestic Equities,1586.0,1550.0,2.3225806451612905,0.019799999999999998,0.0184,7.608695652173908,0.0473225702369714,1100,vishal-mega-mart,Mid Cap,May-2025
133621,6468.0,1,Astra Microwave Products Ltd.,Capital Goods,Capital Goods,Domestic Equities,179.0,175.0,2.2857142857142856,0.0196,0.014499999999999999,35.17241379310345,0.0468445644770019,1100,astra-microwave-products,Small Cap,May-2025
152380,4958.0,1,The Great Eastern Shipping Company Ltd.,Logistics,Logistics,Domestic Equities,210.0,205.0,2.4390243902439024,0.0195,0.0178,9.550561797752804,0.0466055615970172,1100,the-great-eastern-shipping-company,Small Cap,May-2025
57345,99844.0,1,AWL Agri Business Ltd.,FMCG,Fast Moving Consumer Goods,Domestic Equities,700.0,684.0,2.3391812865497075,0.019299999999999998,0.0183,5.464480874316932,0.0461275558370478,1100,awl-agri-business,Mid Cap,May-2025
38130,7638.0,1,Jubilant Pharmova Ltd.,Healthcare,Healthcare,Domestic Equities,161.0,157.0,2.547770700636943,0.0189,0.0141,34.04255319148936,0.045171544317109,1100,jubilant-pharmova,Small Cap,May-2025
19510,6302.0,1,ZF Commercial Vehicle Control Systems India Ltd.,Automobile & Ancillaries,Automobile & Ancillaries,Domestic Equities,14.0,14.0,0.0,0.0187,0.0175,6.857142857142863,0.0446935385571396,1100,zf-commercial-vehicle-control-systems-india,Small Cap,May-2025
95495,88229.0,1,Garden Reach Shipbuilders & Engineers Ltd.,Ship Building,Ship Building,Domestic Equities,62.0,60.0,3.3333333333333335,0.018600000000000002,0.0115,61.73913043478263,0.0444545356771549,1100,garden-reach-shipbuilders-engineers,Small Cap,May-2025
98869,15650.0,1,PTC Industries Ltd.,Automobile & Ancillaries,Automobile & Ancillaries,Domestic Equities,12.0,12.0,0.0,0.0184,0.0154,19.480519480519483,0.0439765299171855,1100,ptc-industries,Small Cap,May-2025
95205,5743.0,1,Poly Medicure Ltd.,Healthcare,Healthcare,Domestic Equities,81.0,79.0,2.5316455696202533,0.0183,0.0203,-9.85221674876846,0.0437375270372008,1100,poly-medicure,Small Cap,May-2025
152190,5796.0,1,Kajaria Ceramics Ltd.,Construction Materials,Construction Materials,Domestic Equities,176.0,172.0,2.3255813953488373,0.0183,0.0138,32.60869565217393,0.0437375270372008,1100,kajaria-ceramics,Small Cap,May-2025
13,7543.0,1,Tata Investment Corporation Ltd.,Finance,Finance,Domestic Equities,27.0,26.0,3.8461538461538463,0.0182,0.0154,18.181818181818183,0.0434985241572161,1100,tata-investment-corporation,Mid Cap,May-2025
171394,82477.0,1,Endurance Technologies Ltd.,Automobile & Ancillaries,Automobile & Ancillaries,Domestic Equities,74.0,73.0,1.36986301369863,0.018000000000000002,0.0137,31.386861313868607,0.0430205183972467,1100,endurance-technologies,Mid Cap,May-2025
133645,6755.0,1,Bank Of Maharashtra,Bank,Banking,Domestic Equities,3342.0,3267.0,2.295684113865932,0.018000000000000002,0.0166,8.433734939759043,0.0430205183972467,1100,bank-of-maharashtra,Mid Cap,May-2025
96608,84153.0,1,Eris Lifesciences Ltd.,Healthcare,Healthcare,Domestic Equities,114.0,112.0,1.7857142857142856,0.018000000000000002,0.016,12.499999999999996,0.0430205183972467,1100,eris-lifesciences,Small Cap,May-2025
152391,5643.0,1,Pfizer Ltd.,Healthcare,Healthcare,Domestic Equities,32.0,31.0,3.225806451612903,0.018000000000000002,0.013300000000000001,35.338345864661655,0.0430205183972467,1100,pfizer,Small Cap,May-2025
133328,5242.0,1,Chambal Fertilisers and Chemicals Ltd.,Chemicals,Chemicals,Domestic Equities,323.0,316.0,2.2151898734177213,0.0178,0.0219,-18.721461187214608,0.0425425126372773,1100,chambal-fertilisers-and-chemicals,Small Cap,May-2025
115768,100528.0,1,Data Patterns (India) Ltd.,Capital Goods,Capital Goods,Domestic Equities,62.0,61.0,1.639344262295082,0.0177,0.0152,16.447368421052634,0.0423035097572926,1100,data-patterns-india,Small Cap,May-2025
222201,112407.0,1,NTPC Green Energy Ltd.,Power,Power,Domestic Equities,1582.0,1547.0,2.262443438914027,0.0176,0.015600000000000001,12.820512820512816,0.0420645068773079,1100,ntpc-green-energy,Large Cap,May-2025
94718,6682.0,1,Asahi India Glass Ltd.,Construction Materials,Construction Materials,Domestic Equities,233.0,228.0,2.1929824561403506,0.0174,0.0167,4.19161676646707,0.0415865011173385,1100,asahi-india-glass,Small Cap,May-2025
171807,7041.0,1,Hindustan Copper Ltd.,Non - Ferrous Metals,Non - Ferrous Metals,Domestic Equities,697.0,681.0,2.3494860499265786,0.0173,0.014499999999999999,19.31034482758621,0.0413474982373538,1100,hindustan-copper,Small Cap,May-2025
133402,7102.0,1,HFCL Ltd.,Telecom,Telecom,Domestic Equities,1964.0,1920.0,2.2916666666666665,0.0172,0.0152,13.157894736842103,0.0411084953573691,1100,hfcl,Small Cap,May-2025
171884,5613.0,1,Bata India Ltd.,FMCG,Retailing,Domestic Equities,135.0,132.0,2.272727272727273,0.0171,0.016,6.874999999999992,0.0408694924773843,1100,bata-india,Small Cap,May-2025
133437,6005.0,1,Sonata Software Ltd.,IT,Information Technology,Domestic Equities,413.0,404.0,2.2277227722772275,0.0169,0.017,-0.5882352941176475,0.0403914867174149,1100,sonata-software,Small Cap,May-2025
133308,5965.0,1,BEML Ltd.,Capital Goods,Capital Goods,Domestic Equities,40.0,39.0,2.564102564102564,0.0169,0.0123,37.39837398373984,0.0403914867174149,1100,beml,Small Cap,May-2025
229270,113158.0,1,Aditya Birla Lifestyle Brands Ltd.,Others,,Domestic Equities,989.0,,,0.0169,,,0.0403914867174149,1100,aditya-birla-lifestyle-brands,,May-2025
46444,92584.0,1,Ujjivan Small Finance Bank Ltd.,Bank,Banking,Domestic Equities,3905.0,3817.0,2.3054755043227666,0.0168,0.0163,3.06748466257669,0.0401524838374302,1100,ujjivan-small-finance-bank,Small Cap,May-2025
78882,109773.0,1,JSW Infrastructure Ltd.,Logistics,Logistics,Domestic Equities,577.0,564.0,2.304964539007092,0.0168,0.0166,1.204819277108435,0.0401524838374302,1100,jsw-infrastructure,Mid Cap,May-2025
453,8676.0,1,Natco Pharma Ltd.,Healthcare,Healthcare,Domestic Equities,190.0,185.0,2.7027027027027026,0.0168,0.015700000000000002,7.006369426751584,0.0401524838374302,1100,natco-pharma,Small Cap,May-2025
171853,7249.0,1,NLC India Ltd.,Power,Power,Domestic Equities,693.0,677.0,2.363367799113737,0.0168,0.0154,9.090909090909085,0.0401524838374302,1100,nlc-india,Mid Cap,May-2025
137768,15760.0,1,Gujarat Gas Ltd.,Gas Transmission,Gas Transmission,Domestic Equities,366.0,357.0,2.5210084033613445,0.0168,0.016200000000000003,3.703703703703693,0.0401524838374302,1100,gujarat-gas,Mid Cap,May-2025
77359,100627.0,1,Waaree Energies Ltd.,Capital Goods,Capital Goods,Domestic Equities,56.0,54.0,3.7037037037037033,0.0167,0.0141,18.43971631205674,0.0399134809574455,1100,waaree-energies,Mid Cap,May-2025
171765,6852.0,1,Ceat Ltd.,Automobile & Ancillaries,Automobile & Ancillaries,Domestic Equities,44.0,43.0,2.3255813953488373,0.0166,0.0143,16.083916083916083,0.0396744780774608,1100,ceat,Small Cap,May-2025
134343,87380.0,1,Newgen Software Technologies Ltd.,IT,Information Technology,Domestic Equities,134.0,131.0,2.2900763358778624,0.0166,0.0129,28.68217054263565,0.0396744780774608,1100,newgen-software-technologies,Small Cap,May-2025
9438,105416.0,1,Go Digit General Insurance Ltd.,Insurance,Finance,Domestic Equities,475.0,464.0,2.3706896551724137,0.016399999999999998,0.013300000000000001,23.308270676691713,0.0391964723174914,1100,go-digit-general-insurance,Small Cap,May-2025
133613,5313.0,1,Granules India Ltd.,Healthcare,Healthcare,Domestic Equities,307.0,300.0,2.3333333333333335,0.0163,0.0137,18.978102189781005,0.0389574694375067,1100,granules-india,Small Cap,May-2025
114457,7574.0,1,The South Indian Bank Ltd.,Bank,Banking,Domestic Equities,5543.0,5418.0,2.307124400147656,0.0163,0.0138,18.11594202898551,0.0389574694375067,1100,the-south-indian-bank,Small Cap,May-2025
152194,7698.0,1,Whirlpool Of India Ltd.,Consumer Durables,Consumer Durables,Domestic Equities,131.0,128.0,2.34375,0.016200000000000003,0.0161,0.6211180124223608,0.038718466557522,1100,whirlpool-of-india,Small Cap,May-2025
94723,5905.0,1,Anant Raj Ltd.,Realty,Realty,Domestic Equities,289.0,282.0,2.4822695035460995,0.016200000000000003,0.0127,27.559055118110244,0.038718466557522,1100,anant-raj,Small Cap,May-2025
152449,8099.0,1,JSW Holdings Ltd.,Finance,Finance,Domestic Equities,7.0,7.0,0.0,0.0161,0.0163,-1.2269938650306624,0.0384794636775373,1100,jsw-holdings,Small Cap,May-2025
533,7363.0,1,Religare Enterprises Ltd.,Finance,Finance,Domestic Equities,698.0,682.0,2.346041055718475,0.0161,0.0144,11.805555555555566,0.0384794636775373,1100,religare-enterprises,Small Cap,May-2025
22095,99977.0,1,CMS Info Systems Ltd.,Business Services,Other,Domestic Equities,327.0,319.0,2.507836990595611,0.0161,0.0141,14.184397163120579,0.0384794636775373,1100,cms-info-systems,Small Cap,May-2025
37962,6229.0,1,Gillette India Ltd.,FMCG,Fast Moving Consumer Goods,Domestic Equities,17.0,16.0,6.25,0.016,0.0129,24.031007751937988,0.0382404607975526,1100,gillette-india,Small Cap,May-2025
614,7779.0,1,eClerx Services Ltd.,IT,Information Technology,Domestic Equities,45.0,44.0,2.272727272727273,0.0159,0.0111,43.24324324324324,0.0380014579175679,1100,eclerx-services,Small Cap,May-2025
171776,7342.0,1,The Karnataka Bank Ltd.,Bank,Banking,Domestic Equities,802.0,784.0,2.295918367346939,0.0159,0.0154,3.2467532467532494,0.0380014579175679,1100,the-karnataka-bank,Small Cap,May-2025
134937,5507.0,1,Kirloskar Oil Engines Ltd.,Capital Goods,Capital Goods,Domestic Equities,176.0,172.0,2.3255813953488373,0.0159,0.0128,24.218750000000004,0.0380014579175679,1100,kirloskar-oil-engines,Small Cap,May-2025
191898,99941.0,1,Sapphire Foods India Ltd.,FMCG,Fast Moving Consumer Goods,Domestic Equities,501.0,490.0,2.2448979591836733,0.0159,0.0155,2.5806451612903247,0.0380014579175679,1100,sapphire-foods-india,Small Cap,May-2025
133850,17036.0,1,Mahanagar Gas Ltd.,Gas Transmission,Gas Transmission,Domestic Equities,120.0,118.0,1.694915254237288,0.0159,0.0159,0.0,0.0380014579175679,1100,mahanagar-gas,Small Cap,May-2025
152438,6334.0,1,Jaiprakash Power Ventures Ltd.,Power,Power,Domestic Equities,10131.0,9903.0,2.3023326264768254,0.015700000000000002,0.0144,9.027777777777786,0.0375234521575985,1100,jaiprakash-power-ventures,Small Cap,May-2025
152626,5172.0,1,Embassy Developments Ltd.,Realty,Realty,Domestic Equities,1398.0,1366.0,2.342606149341142,0.015600000000000001,0.0134,16.41791044776119,0.0372844492776138,1100,embassy-developments,Small Cap,May-2025
38589,8580.0,1,VA Tech Wabag Ltd.,Business Services,Other,Domestic Equities,96.0,94.0,2.127659574468085,0.015600000000000001,0.0121,28.92561983471075,0.0372844492776138,1100,va-tech-wabag,Small Cap,May-2025
152405,5856.0,1,EIH Ltd.,Hospitality,Hospitality,Domestic Equities,421.0,411.0,2.4330900243309004,0.015600000000000001,0.0152,2.6315789473684235,0.0372844492776138,1100,eih,Small Cap,May-2025
133374,5879.0,1,Finolex Cables Ltd.,Electricals,Electricals,Domestic Equities,160.0,157.0,1.910828025477707,0.015600000000000001,0.013600000000000001,14.705882352941172,0.0372844492776138,1100,finolex-cables,Small Cap,May-2025
133387,5868.0,1,Godrej Industries Ltd.,Chemicals,Chemicals,Domestic Equities,131.0,128.0,2.34375,0.0155,0.0139,11.510791366906487,0.0370454463976291,1100,godrej-industries,Mid Cap,May-2025
113787,7539.0,1,Honeywell Automation India Ltd.,Consumer Durables,Consumer Durables,Domestic Equities,4.0,4.0,0.0,0.0154,0.0138,11.594202898550735,0.0368064435176444,1100,honeywell-automation-india,Mid Cap,May-2025
75715,7731.0,1,Nava Ltd.,Power,Power,Domestic Equities,312.0,305.0,2.2950819672131146,0.0154,0.0139,10.791366906474831,0.0368064435176444,1100,nava,Small Cap,May-2025
171403,76579.0,1,Equitas Small Finance Bank Ltd.,Bank,Banking,Domestic Equities,2419.0,2365.0,2.2832980972515857,0.0154,0.0158,-2.531645569620255,0.0368064435176444,1100,equitas-small-finance-bank,Small Cap,May-2025
19174,6780.0,1,Bayer CropScience Ltd.,Chemicals,Chemicals,Domestic Equities,27.0,26.0,3.8461538461538463,0.015300000000000001,0.012199999999999999,25.409836065573778,0.0365674406376597,1100,bayer-cropscience,Small Cap,May-2025
695,7346.0,1,Titagarh Rail Systems Ltd.,Automobile & Ancillaries,Automobile & Ancillaries,Domestic Equities,170.0,166.0,2.4096385542168677,0.0152,0.0124,22.580645161290324,0.036328437757675,1100,titagarh-rail-systems,Small Cap,May-2025
20766,6076.0,1,Techno Electric & Engineering Company Ltd.,Infrastructure,Infrastructure,Domestic Equities,106.0,104.0,1.9230769230769231,0.0149,0.0111,34.23423423423422,0.0356114291177209,1100,techno-electric-engineering-company,Small Cap,May-2025
140194,102059.0,1,Rainbow Children's Medicare Ltd.,Healthcare,Healthcare,Domestic Equities,106.0,103.0,2.912621359223301,0.0149,0.014199999999999999,4.929577464788737,0.0356114291177209,1100,rainbow-children's-medicare,Small Cap,May-2025
171385,89248.0,1,Indiamart Intermesh Ltd.,Retailing,Information Technology,Domestic Equities,64.0,63.0,1.5873015873015872,0.0149,0.014499999999999999,2.758620689655175,0.0356114291177209,1100,indiamart-intermesh,Small Cap,May-2025
152491,5679.0,1,PVR Inox Ltd.,Media & Entertainment,Media & Entertainment,Domestic Equities,151.0,148.0,2.027027027027027,0.0149,0.0139,7.1942446043165535,0.0356114291177209,1100,pvr-inox,Small Cap,May-2025
118743,98929.0,1,Aptus Value Housing Finance India Ltd.,Finance,Finance,Domestic Equities,437.0,427.0,2.3419203747072603,0.0149,0.013600000000000001,9.558823529411756,0.0356114291177209,1100,aptus-value-housing-finance-india,Small Cap,May-2025
19203,7298.0,1,PCBL Chemical Ltd.,Chemicals,Chemicals,Domestic Equities,373.0,365.0,2.191780821917808,0.0149,0.0131,13.740458015267171,0.0356114291177209,1100,pcbl-chemical,Small Cap,May-2025
217845,112026.0,1,Premier Energies Ltd.,Electricals,Electricals,Domestic Equities,140.0,136.0,2.941176470588235,0.0149,0.0134,11.194029850746261,0.0356114291177209,1100,premier-energies,Mid Cap,May-2025
154192,90218.0,1,Anand Rathi Wealth Ltd.,Finance,Finance,Domestic Equities,79.0,77.0,2.5974025974025974,0.0148,0.0131,12.977099236641216,0.0353724262377362,1100,anand-rathi-wealth,Small Cap,May-2025
171846,6081.0,1,Maharashtra Scooters Ltd.,Finance,Finance,Domestic Equities,11.0,11.0,0.0,0.0147,0.0126,16.666666666666664,0.0351334233577515,1100,maharashtra-scooters,Small Cap,May-2025
650,8558.0,1,V-Guard Industries Ltd.,Capital Goods,Capital Goods,Domestic Equities,388.0,380.0,2.1052631578947367,0.0147,0.0137,7.29927007299269,0.0351334233577515,1100,v-guard-industries,Small Cap,May-2025
76822,89008.0,1,Craftsman Automation Ltd.,Automobile & Ancillaries,Automobile & Ancillaries,Domestic Equities,26.0,25.0,4.0,0.0146,0.0115,26.95652173913044,0.0348944204777668,1100,craftsman-automation,Small Cap,May-2025
1840,4901.0,1,SJVN Ltd.,Power,Power,Domestic Equities,1519.0,1485.0,2.28956228956229,0.0146,0.013999999999999999,4.28571428571429,0.0348944204777668,1100,sjvn,Mid Cap,May-2025
59506,99993.0,1,Medplus Health Services Ltd.,Healthcare,Healthcare,Domestic Equities,151.0,148.0,2.027027027027027,0.0146,0.011899999999999999,22.689075630252102,0.0348944204777668,1100,medplus-health-services,Small Cap,May-2025
115131,88043.0,1,Lemon Tree Hotels Ltd.,Hospitality,Hospitality,Domestic Equities,1047.0,1023.0,2.346041055718475,0.0146,0.013999999999999999,4.28571428571429,0.0348944204777668,1100,lemon-tree-hotels,Small Cap,May-2025
152064,6806.0,1,3M India Ltd.,Diversified,Diversified,Domestic Equities,5.0,5.0,0.0,0.0146,0.0151,-3.3112582781456985,0.0348944204777668,1100,3m-india,Mid Cap,May-2025
37849,7492.0,1,Sudarshan Chemical Industries Ltd.,Chemicals,Chemicals,Domestic Equities,122.0,119.0,2.5210084033613445,0.0144,0.012199999999999999,18.032786885245898,0.0344164147177973,1100,sudarshan-chemical-industries,Small Cap,May-2025
95355,98927.0,1,Devyani International Ltd.,FMCG,Fast Moving Consumer Goods,Domestic Equities,853.0,834.0,2.278177458033573,0.0143,0.0149,-4.026845637583897,0.0341774118378126,1100,devyani-international,Small Cap,May-2025
113807,6098.0,1,HBL Engineering Ltd.,Automobile & Ancillaries,Automobile & Ancillaries,Domestic Equities,239.0,233.0,2.575107296137339,0.0143,0.011200000000000002,27.678571428571413,0.0341774118378126,1100,hbl-engineering,Small Cap,May-2025
133298,5393.0,1,Balrampur Chini Mills Ltd.,Agri,Agriculture,Domestic Equities,243.0,238.0,2.100840336134454,0.0143,0.0131,9.16030534351144,0.0341774118378126,1100,balrampur-chini-mills,Small Cap,May-2025
56723,6834.0,1,Can Fin Homes Ltd.,Finance,Finance,Domestic Equities,179.0,175.0,2.2857142857142856,0.0141,0.0125,12.799999999999995,0.0336994060778432,1100,can-fin-homes,Small Cap,May-2025
154120,5531.0,1,Triveni Turbine Ltd.,Capital Goods,Capital Goods,Domestic Equities,243.0,237.0,2.5316455696202533,0.0141,0.0123,14.634146341463412,0.0336994060778432,1100,triveni-turbine,Small Cap,May-2025
133561,8133.0,1,Birlasoft Ltd.,IT,Information Technology,Domestic Equities,349.0,341.0,2.346041055718475,0.013999999999999999,0.013300000000000001,5.26315789473683,0.0334604031978585,1100,birlasoft,Small Cap,May-2025
95274,89247.0,1,Chalet Hotels Ltd.,Hospitality,Hospitality,Domestic Equities,151.0,147.0,2.7210884353741496,0.0139,0.0116,19.82758620689655,0.0332214003178738,1100,chalet-hotels,Small Cap,May-2025
56635,7585.0,1,ITD Cementation India Ltd.,Infrastructure,Infrastructure,Domestic Equities,194.0,189.0,2.6455026455026456,0.0139,0.0092,51.08695652173911,0.0332214003178738,1100,itd-cementation-india,Small Cap,May-2025
540,7044.0,1,Edelweiss Financial Services Ltd.,Finance,Finance,Domestic Equities,1273.0,1244.0,2.3311897106109325,0.0138,0.0098,40.81632653061224,0.0329823974378891,1100,edelweiss-financial-services,Small Cap,May-2025
152579,7542.0,1,Sobha Ltd.,Realty,Realty,Domestic Equities,94.0,92.0,2.1739130434782608,0.013500000000000002,0.012199999999999999,10.655737704918042,0.032265388797935,1100,sobha,Small Cap,May-2025
114436,6959.0,1,Engineers India Ltd.,Capital Goods,Capital Goods,Domestic Equities,582.0,569.0,2.2847100175746924,0.0134,0.0102,31.37254901960785,0.0320263859179503,1100,engineers-india,Small Cap,May-2025
63978,98925.0,1,CarTrade Tech Ltd.,Automobile & Ancillaries,Information Technology,Domestic Equities,86.0,84.0,2.380952380952381,0.0134,0.0143,-6.293706293706284,0.0320263859179503,1100,cartrade-tech,Small Cap,May-2025
152441,8334.0,1,Gokaldas Exports Ltd.,Textile,Textile,Domestic Equities,135.0,132.0,2.272727272727273,0.0134,0.011200000000000002,19.64285714285714,0.0320263859179503,1100,gokaldas-exports,Small Cap,May-2025
133018,6609.0,1,CCL Products (India) Ltd.,Agri,Agriculture,Domestic Equities,150.0,147.0,2.0408163265306123,0.013300000000000001,0.0087,52.87356321839082,0.0317873830379656,1100,ccl-products-india,Small Cap,May-2025
152106,69868.0,1,Ircon International Ltd.,Infrastructure,Infrastructure,Domestic Equities,692.0,676.0,2.366863905325444,0.0132,0.0103,28.155339805825246,0.0315483801579809,1100,ircon-international,Small Cap,May-2025
152413,5645.0,1,Finolex Industries Ltd.,Plastic Products,Plastic Products,Domestic Equities,603.0,589.0,2.3769100169779285,0.0132,0.0103,28.155339805825246,0.0315483801579809,1100,finolex-industries,Small Cap,May-2025
133647,6517.0,1,Ramkrishna Forgings Ltd.,Automobile & Ancillaries,Automobile & Ancillaries,Domestic Equities,218.0,213.0,2.3474178403755865,0.0132,0.0127,3.9370078740157513,0.0315483801579809,1100,ramkrishna-forgings,Small Cap,May-2025
152532,6617.0,1,Sun TV Network Ltd.,Media & Entertainment,Media & Entertainment,Domestic Equities,209.0,205.0,1.951219512195122,0.0132,0.0127,3.9370078740157513,0.0315483801579809,1100,sun-tv-network,Small Cap,May-2025
19777,93855.0,1,Sumitomo Chemical India Ltd.,Chemicals,Chemicals,Domestic Equities,261.0,255.0,2.3529411764705883,0.0132,0.013000000000000001,1.5384615384615397,0.0315483801579809,1100,sumitomo-chemical-india,Small Cap,May-2025
155709,99978.0,1,Paradeep Phosphates Ltd.,Chemicals,Chemicals,Domestic Equities,763.0,746.0,2.278820375335121,0.0131,0.010700000000000001,22.42990654205607,0.0313093772779962,1100,paradeep-phosphates,Small Cap,May-2025
77334,87528.0,1,CreditAccess Grameen Ltd.,Finance,Finance,Domestic Equities,113.0,110.0,2.727272727272727,0.0129,0.012,7.500000000000007,0.0308313715180268,1100,creditaccess-grameen,Small Cap,May-2025
152578,8075.0,1,LT Foods Ltd.,FMCG,Fast Moving Consumer Goods,Domestic Equities,292.0,285.0,2.456140350877193,0.0128,0.009899999999999999,29.292929292929298,0.0305923686380421,1100,lt-foods,Small Cap,May-2025
131,7518.0,1,Swan Energy Ltd.,Textile,Textile,Domestic Equities,296.0,289.0,2.422145328719723,0.0128,0.0116,10.344827586206906,0.0305923686380421,1100,swan-energy,Small Cap,May-2025
133293,6728.0,1,Force Motors Ltd.,Automobile & Ancillaries,Automobile & Ancillaries,Domestic Equities,10.0,9.0,11.11111111111111,0.0126,0.008,57.49999999999999,0.0301143628780727,1100,force-motors,Small Cap,May-2025
139455,98272.0,1,Shyam Metalics And Energy Ltd.,Iron & Steel,Iron & Steel,Domestic Equities,148.0,145.0,2.0689655172413794,0.0125,0.0125,0.0,0.029875359998088,1100,shyam-metalics-and-energy,Small Cap,May-2025
133302,6421.0,1,BASF India Ltd.,Chemicals,Chemicals,Domestic Equities,24.0,23.0,4.3478260869565215,0.0125,0.0101,23.762376237623762,0.029875359998088,1100,basf-india,Small Cap,May-2025
133191,5194.0,1,Praj Industries Ltd.,Capital Goods,Capital Goods,Domestic Equities,261.0,255.0,2.3529411764705883,0.0125,0.0118,5.932203389830514,0.029875359998088,1100,praj-industries,Small Cap,May-2025
1336,89761.0,1,Sansera Engineering Ltd.,Automobile & Ancillaries,Automobile & Ancillaries,Domestic Equities,91.0,89.0,2.247191011235955,0.0124,0.0096,29.166666666666668,0.0296363571181033,1100,sansera-engineering,Small Cap,May-2025
19084,5742.0,1,Elecon Engineering Company Ltd.,Capital Goods,Capital Goods,Domestic Equities,186.0,182.0,2.197802197802198,0.0124,0.009899999999999999,25.252525252525253,0.0296363571181033,1100,elecon-engineering-company,Small Cap,May-2025
57415,105415.0,1,Concord Biotech Ltd.,Healthcare,Healthcare,Domestic Equities,70.0,68.0,2.941176470588235,0.012199999999999999,0.0103,18.446601941747566,0.0291583513581339,1100,concord-biotech,Small Cap,May-2025
78344,89378.0,1,Acutaas Chemicals Ltd.,Healthcare,Healthcare,Domestic Equities,104.0,102.0,1.9607843137254901,0.012199999999999999,0.0115,6.086956521739136,0.0291583513581339,1100,acutaas-chemicals,Small Cap,May-2025
152553,7055.0,1,CIE Automotive India Ltd.,Automobile & Ancillaries,Automobile & Ancillaries,Domestic Equities,270.0,264.0,2.272727272727273,0.0121,0.010700000000000001,13.0841121495327,0.0289193484781492,1100,cie-automotive-india,Small Cap,May-2025
114727,84195.0,1,Tejas Networks Ltd.,Telecom,Telecom,Domestic Equities,169.0,165.0,2.4242424242424243,0.0121,0.0116,4.310344827586212,0.0289193484781492,1100,tejas-networks,Small Cap,May-2025
58780,8388.0,1,Alembic Pharmaceuticals Ltd.,Healthcare,Healthcare,Domestic Equities,118.0,116.0,1.7241379310344827,0.012,0.0102,17.647058823529406,0.0286803455981645,1100,alembic-pharmaceuticals,Small Cap,May-2025
76268,106949.0,1,Indegene Ltd.,Healthcare,Healthcare,Domestic Equities,199.0,194.0,2.5773195876288657,0.012,0.0106,13.20754716981131,0.0286803455981645,1100,indegene,Small Cap,May-2025
171823,5029.0,1,Arvind Ltd.,Textile,Textile,Domestic Equities,332.0,324.0,2.4691358024691357,0.011899999999999999,0.0118,0.8474576271186449,0.0284413427181798,1100,arvind,Small Cap,May-2025
75900,5318.0,1,Choice International Ltd.,Finance,Finance,Domestic Equities,169.0,165.0,2.4242424242424243,0.011899999999999999,0.0101,17.821782178217816,0.0284413427181798,1100,choice-international,Small Cap,May-2025
616,7870.0,1,Transformers & Rectifiers (India) Ltd.,Capital Goods,Capital Goods,Domestic Equities,227.0,222.0,2.2522522522522523,0.0118,0.011000000000000001,7.272727272727258,0.028202339838195,1100,transformers-rectifiers-india,Small Cap,May-2025
152389,5123.0,1,Sanofi India Ltd.,Healthcare,Healthcare,Domestic Equities,19.0,18.0,5.555555555555555,0.0118,0.010700000000000001,10.280373831775687,0.028202339838195,1100,sanofi-india,Small Cap,May-2025
555,5663.0,1,The Fertilisers And Chemicals Travancore Ltd.,Chemicals,Chemicals,Domestic Equities,132.0,129.0,2.3255813953488373,0.011699999999999999,0.009899999999999999,18.181818181818176,0.0279633369582103,1100,the-fertilisers-and-chemicals-travancore,Mid Cap,May-2025
171921,8516.0,1,Strides Pharma Science Ltd.,Healthcare,Healthcare,Domestic Equities,143.0,140.0,2.142857142857143,0.0116,0.0091,27.472527472527457,0.0277243340782256,1100,strides-pharma-science,Small Cap,May-2025
133353,4920.0,1,IDBI Bank Ltd.,Bank,Banking,Domestic Equities,1190.0,1164.0,2.2336769759450172,0.0115,0.009300000000000001,23.65591397849461,0.0274853311982409,1100,idbi-bank,Mid Cap,May-2025
113780,5843.0,1,Usha Martin Ltd.,Iron & Steel,Iron & Steel,Domestic Equities,368.0,360.0,2.2222222222222223,0.011399999999999999,0.0104,9.615384615384603,0.0272463283182562,1100,usha-martin,Small Cap,May-2025
1896,5762.0,1,Jupiter Wagons Ltd.,Automobile & Ancillaries,Automobile & Ancillaries,Domestic Equities,288.0,281.0,2.491103202846975,0.011399999999999999,0.01,13.99999999999999,0.0272463283182562,1100,jupiter-wagons,Small Cap,May-2025
2515,87584.0,1,Nazara Technologies Ltd.,IT,Information Technology,Domestic Equities,88.0,86.0,2.3255813953488373,0.011399999999999999,0.0087,31.03448275862068,0.0272463283182562,1100,nazara-technologies,Small Cap,May-2025
38814,98613.0,1,Aditya Birla Sun Life AMC Ltd.,Finance,Finance,Domestic Equities,153.0,150.0,2.0,0.011399999999999999,0.009899999999999999,15.151515151515143,0.0272463283182562,1100,aditya-birla-sun-life-amc,Small Cap,May-2025
328,7817.0,1,Marksans Pharma Ltd.,Healthcare,Healthcare,Domestic Equities,435.0,425.0,2.3529411764705883,0.011399999999999999,0.009300000000000001,22.580645161290306,0.0272463283182562,1100,marksans-pharma,Small Cap,May-2025
133045,6467.0,1,Vesuvius India Ltd.,Capital Goods,Capital Goods,Domestic Equities,19.0,18.0,5.555555555555555,0.0113,0.0084,34.52380952380952,0.0270073254382715,1100,vesuvius-india,Small Cap,May-2025
154098,6604.0,1,TD Power Systems Ltd.,Capital Goods,Capital Goods,Domestic Equities,217.0,212.0,2.358490566037736,0.0113,0.0092,22.82608695652172,0.0270073254382715,1100,td-power-systems,Small Cap,May-2025
115263,4992.0,1,Gravita India Ltd.,Non - Ferrous Metals,Non - Ferrous Metals,Domestic Equities,61.0,60.0,1.6666666666666667,0.011200000000000002,0.0105,6.666666666666672,0.0267683225582868,1100,gravita-india,Small Cap,May-2025
152053,6921.0,1,DCM Shriram Ltd.,Diversified,Diversified,Domestic Equities,104.0,102.0,1.9607843137254901,0.011200000000000002,0.0102,9.803921568627459,0.0267683225582868,1100,dcm-shriram,Small Cap,May-2025
29,5525.0,1,Shaily Engineering Plastics Ltd.,Plastic Products,Plastic Products,Domestic Equities,55.0,53.0,3.7735849056603774,0.0111,0.008100000000000001,37.03703703703704,0.0265293196783021,1100,shaily-engineering-plastics,Small Cap,May-2025
152305,7945.0,1,JK Lakshmi Cement Ltd.,Construction Materials,Construction Materials,Domestic Equities,131.0,128.0,2.34375,0.0111,0.009899999999999999,12.121212121212132,0.0265293196783021,1100,jk-lakshmi-cement,Small Cap,May-2025
188402,98309.0,1,Jubilant Ingrevia Ltd.,Chemicals,Chemicals,Domestic Equities,157.0,154.0,1.948051948051948,0.011000000000000001,0.009899999999999999,11.111111111111121,0.0262903167983174,1100,jubilant-ingrevia,Small Cap,May-2025
133388,7039.0,1,Kansai Nerolac Paints Ltd.,Chemicals,Chemicals,Domestic Equities,428.0,418.0,2.3923444976076556,0.0109,0.010700000000000001,1.8691588785046744,0.0260513139183327,1100,kansai-nerolac-paints,Small Cap,May-2025
133404,7107.0,1,Hindustan Construction Company Ltd.,Infrastructure,Infrastructure,Domestic Equities,3220.0,3147.0,2.319669526533206,0.0109,0.008100000000000001,34.567901234567906,0.0260513139183327,1100,hindustan-construction-company,Small Cap,May-2025
192109,100019.0,1,Prudent Corporate Advisory Services Ltd.,Finance,Finance,Domestic Equities,37.0,36.0,2.7777777777777777,0.0109,0.008,36.25000000000001,0.0260513139183327,1100,prudent-corporate-advisory-services,Small Cap,May-2025
152559,7752.0,1,Action Construction Equipment Ltd.,Capital Goods,Capital Goods,Domestic Equities,87.0,85.0,2.3529411764705883,0.0109,0.009899999999999999,10.101010101010111,0.0260513139183327,1100,action-construction-equipment,Small Cap,May-2025
152067,7924.0,1,JM Financial Ltd.,Finance,Finance,Domestic Equities,855.0,835.0,2.3952095808383236,0.0109,0.0085,28.23529411764707,0.0260513139183327,1100,jm-financial,Small Cap,May-2025
152554,7075.0,1,Voltamp Transformers Ltd.,Capital Goods,Capital Goods,Domestic Equities,13.0,13.0,0.0,0.0108,0.0095,13.684210526315802,0.025812311038348,1100,voltamp-transformers,Small Cap,May-2025
151986,6639.0,1,Safari Industries (India) Ltd.,FMCG,Fast Moving Consumer Goods,Domestic Equities,47.0,46.0,2.1739130434782608,0.0108,0.0092,17.39130434782609,0.025812311038348,1100,safari-industries-india,Small Cap,May-2025
38127,7192.0,1,JK Tyre & Industries Ltd.,Automobile & Ancillaries,Automobile & Ancillaries,Domestic Equities,286.0,279.0,2.5089605734767026,0.010700000000000001,0.0087,22.988505747126446,0.0255733081583633,1100,jk-tyre-industries,Small Cap,May-2025
117,8100.0,1,Vardhman Textiles Ltd.,Textile,Textile,Domestic Equities,217.0,212.0,2.358490566037736,0.010700000000000001,0.0096,11.458333333333345,0.0255733081583633,1100,vardhman-textiles,Small Cap,May-2025
123232,111772.0,1,Brainbees Solutions Ltd.,Retailing,Information Technology,Domestic Equities,305.0,299.0,2.0066889632107023,0.0106,0.0101,4.950495049504955,0.0253343052783786,1100,brainbees-solutions,Small Cap,May-2025
133585,5972.0,1,Olectra Greentech Ltd.,Automobile & Ancillaries,Automobile & Ancillaries,Domestic Equities,86.0,84.0,2.380952380952381,0.0106,0.0098,8.163265306122456,0.0253343052783786,1100,olectra-greentech,Small Cap,May-2025
152303,6239.0,1,Jindal Saw Ltd.,Iron & Steel,Iron & Steel,Domestic Equities,494.0,483.0,2.2774327122153206,0.0105,0.012,-12.499999999999993,0.0250953023983939,1100,jindal-saw,Small Cap,May-2025
19913,93142.0,1,UTI Asset Management Company Ltd.,Finance,Finance,Domestic Equities,88.0,86.0,2.3255813953488373,0.0105,0.0088,19.318181818181824,0.0250953023983939,1100,uti-asset-management-company,Small Cap,May-2025
83618,17010.0,1,BLS International Services Ltd.,Business Services,Hospitality,Domestic Equities,257.0,251.0,2.3904382470119523,0.0104,0.0089,16.853932584269664,0.0248562995184092,1100,bls-international-services,Small Cap,May-2025
56877,7963.0,1,Shilpa Medicare Ltd.,Healthcare,Healthcare,Domestic Equities,115.0,112.0,2.6785714285714284,0.0104,0.0072,44.44444444444445,0.0248562995184092,1100,shilpa-medicare,Small Cap,May-2025
171937,5730.0,1,Astrazeneca Pharma India Ltd.,Healthcare,Healthcare,Domestic Equities,13.0,12.0,8.333333333333332,0.0104,0.0104,0.0,0.0248562995184092,1100,astrazeneca-pharma-india,Small Cap,May-2025
75950,8414.0,1,Shakti Pumps (India) Ltd.,Capital Goods,Capital Goods,Domestic Equities,122.0,119.0,2.5210084033613445,0.0104,0.01,4.0000000000000036,0.0248562995184092,1100,shakti-pumps-india,Small Cap,May-2025
153943,100386.0,1,Vedant Fashions Ltd.,Textile,Textile,Domestic Equities,129.0,126.0,2.380952380952381,0.0103,0.009899999999999999,4.040404040404044,0.0246172966384245,1100,vedant-fashions,Small Cap,May-2025
141321,96164.0,1,Happiest Minds Technologies Ltd.,IT,Information Technology,Domestic Equities,173.0,169.0,2.366863905325444,0.0103,0.0097,6.185567010309284,0.0246172966384245,1100,happiest-minds-technologies,Small Cap,May-2025
171468,102668.0,1,Bikaji Foods International Ltd.,FMCG,Fast Moving Consumer Goods,Domestic Equities,133.0,130.0,2.307692307692308,0.0102,0.0091,12.087912087912086,0.0243782937584398,1100,bikaji-foods-international,Small Cap,May-2025
200656,105054.0,1,Signatureglobal (India) Ltd.,Realty,Realty,Domestic Equities,83.0,81.0,2.4691358024691357,0.0101,0.009300000000000001,8.602150537634405,0.0241392908784551,1100,signatureglobal-india,Small Cap,May-2025
9355,90266.0,1,KPI Green Energy Ltd.,Infrastructure,Power,Domestic Equities,207.0,202.0,2.4752475247524752,0.0101,0.0077,31.16883116883117,0.0241392908784551,1100,kpi-green-energy,Small Cap,May-2025
133662,6324.0,1,Century Plyboards (India) Ltd.,Construction Materials,Construction Materials,Domestic Equities,129.0,126.0,2.380952380952381,0.01,0.0088,13.636363636363635,0.0239002879984704,1100,century-plyboards-india,Small Cap,May-2025
745,109745.0,1,RR Kabel Ltd.,Electricals,Electricals,Domestic Equities,70.0,68.0,2.941176470588235,0.01,0.0070999999999999995,40.845070422535215,0.0239002879984704,1100,rr-kabel,Small Cap,May-2025
134702,8301.0,1,Valor Estate Ltd.,Realty,Realty,Domestic Equities,519.0,508.0,2.1653543307086616,0.01,0.0088,13.636363636363635,0.0239002879984704,1100,valor-estate,Small Cap,May-2025
607,7527.0,1,Jyothy Labs Ltd.,FMCG,Fast Moving Consumer Goods,Domestic Equities,289.0,282.0,2.4822695035460995,0.01,0.0105,-4.761904761904765,0.0239002879984704,1100,jyothy-labs,Small Cap,May-2025
219108,112373.0,1,Sanofi Consumer Healthcare India Ltd.,Healthcare,Healthcare,Domestic Equities,19.0,18.0,5.555555555555555,0.01,0.0089,12.359550561797752,0.0239002879984704,1100,sanofi-consumer-healthcare-india,Small Cap,May-2025
19036,8047.0,1,Kirloskar Pneumatic Company Ltd.,Capital Goods,Capital Goods,Domestic Equities,80.0,78.0,2.564102564102564,0.01,0.0088,13.636363636363635,0.0239002879984704,1100,kirloskar-pneumatic-company,Small Cap,May-2025
133393,7068.0,1,GHCL Ltd.,Chemicals,Chemicals,Domestic Equities,161.0,157.0,2.547770700636943,0.009899999999999999,0.0091,8.791208791208787,0.0236612851184857,1100,ghcl,Small Cap,May-2025
152533,5624.0,1,Godawari Power And Ispat Ltd.,Iron & Steel,Iron & Steel,Domestic Equities,519.0,507.0,2.366863905325444,0.009899999999999999,0.0092,7.608695652173908,0.0236612851184857,1100,godawari-power-and-ispat,Small Cap,May-2025
114450,5588.0,1,The Jammu & Kashmir Bank Ltd.,Bank,Banking,Domestic Equities,947.0,925.0,2.3783783783783785,0.0098,0.0087,12.643678160919539,0.023422282238501,1100,the-jammu-kashmir-bank,Small Cap,May-2025
58513,104175.0,1,Aadhar Housing Finance Ltd.,Finance,Finance,Domestic Equities,221.0,216.0,2.314814814814815,0.0098,0.0101,-2.970297029702973,0.023422282238501,1100,aadhar-housing-finance,Small Cap,May-2025
203237,106365.0,1,Aarti Pharmalabs Ltd.,Healthcare,Healthcare,Domestic Equities,106.0,103.0,2.912621359223301,0.0097,0.0073,32.87671232876712,0.0231832793585163,1100,aarti-pharmalabs,Small Cap,May-2025
176199,111753.0,1,OLA Electric Mobility Ltd.,Automobile & Ancillaries,Automobile & Ancillaries,Domestic Equities,1895.0,1852.0,2.3218142548596115,0.0097,0.009000000000000001,7.777777777777772,0.0231832793585163,1100,ola-electric-mobility,Mid Cap,May-2025
19064,6023.0,1,Westlife Foodworld Ltd,Hospitality,Hospitality,Domestic Equities,144.0,140.0,2.857142857142857,0.0096,0.009399999999999999,2.1276595744680873,0.0229442764785316,1100,westlife-foodworld,Small Cap,May-2025
133425,7180.0,1,Ion Exchange (India) Ltd.,Business Services,Other,Domestic Equities,177.0,173.0,2.312138728323699,0.0096,0.0086,11.627906976744184,0.0229442764785316,1100,ion-exchange-india,Small Cap,May-2025
212222,111581.0,1,Azad Engineering Ltd.,Capital Goods,Capital Goods,Domestic Equities,54.0,53.0,1.8867924528301887,0.0096,0.0084,14.285714285714285,0.0229442764785316,1100,azad-engineering,Small Cap,May-2025
153985,89725.0,1,Mrs. Bectors Food Specialities Ltd.,FMCG,Fast Moving Consumer Goods,Domestic Equities,66.0,65.0,1.5384615384615385,0.0096,0.0097,-1.0309278350515474,0.0229442764785316,1100,mrs-bectors-food-specialities,Small Cap,May-2025
190355,99127.0,1,Vijaya Diagnostic Centre Ltd.,Healthcare,Healthcare,Domestic Equities,100.0,98.0,2.0408163265306123,0.0096,0.0098,-2.040816326530614,0.0229442764785316,1100,vijaya-diagnostic-centre,Small Cap,May-2025
152197,7753.0,1,Kirloskar Brothers Ltd.,Capital Goods,Capital Goods,Domestic Equities,53.0,52.0,1.9230769230769231,0.0096,0.0089,7.865168539325837,0.0229442764785316,1100,kirloskar-brothers,Small Cap,May-2025
113866,8203.0,1,Websol Energy System Ltd.,Electricals,Electricals,Domestic Equities,65.0,63.0,3.1746031746031744,0.0095,0.008199999999999999,15.853658536585366,0.0227052735985469,1100,websol-energy-system,Small Cap,May-2025
152585,6859.0,1,Tanla Platforms Ltd.,IT,Information Technology,Domestic Equities,153.0,150.0,2.0,0.0095,0.0070999999999999995,33.80281690140845,0.0227052735985469,1100,tanla-platforms,Small Cap,May-2025
152392,4998.0,1,Gujarat State Fertilizers & Chemicals Ltd.,Chemicals,Chemicals,Domestic Equities,473.0,463.0,2.159827213822894,0.0095,0.0086,10.465116279069765,0.0227052735985469,1100,gujarat-state-fertilizers-chemicals,Small Cap,May-2025
152387,5364.0,1,Gujarat Narmada Valley Fertilizers & Chemicals Ltd.,Chemicals,Chemicals,Domestic Equities,177.0,173.0,2.312138728323699,0.0095,0.0084,13.095238095238093,0.0227052735985469,1100,gujarat-narmada-valley-fertilizers-chemicals,Small Cap,May-2025
58164,86911.0,1,The New India Assurance Company Ltd.,Insurance,Finance,Domestic Equities,511.0,499.0,2.404809619238477,0.0095,0.0086,10.465116279069765,0.0227052735985469,1100,the-new-india-assurance-company,Mid Cap,May-2025
152203,8715.0,1,KSB Ltd.,Capital Goods,Capital Goods,Domestic Equities,111.0,108.0,2.7777777777777777,0.009399999999999999,0.0079,18.987341772151886,0.0224662707185622,1100,ksb,Small Cap,May-2025
56649,7087.0,1,HEG Ltd.,Capital Goods,Capital Goods,Domestic Equities,179.0,175.0,2.2857142857142856,0.009399999999999999,0.008199999999999999,14.634146341463413,0.0224662707185622,1100,heg,Small Cap,May-2025
60344,103918.0,1,Eureka Forbes Ltd.,Consumer Durables,Consumer Durables,Domestic Equities,145.0,142.0,2.112676056338028,0.009300000000000001,0.006999999999999999,32.857142857142875,0.0222272678385775,1100,eureka-forbes,Small Cap,May-2025
133345,5047.0,1,IFCI Ltd.,Finance,Finance,Domestic Equities,1376.0,1345.0,2.3048327137546467,0.009300000000000001,0.005699999999999999,63.157894736842124,0.0222272678385775,1100,ifci,Small Cap,May-2025
40249,8148.0,1,Schneider Electric Infrastructure Ltd.,Capital Goods,Capital Goods,Domestic Equities,124.0,121.0,2.479338842975207,0.009300000000000001,0.006999999999999999,32.857142857142875,0.0222272678385775,1100,schneider-electric-infrastructure,Small Cap,May-2025
203281,106367.0,1,NMDC Steel Ltd.,Iron & Steel,Iron & Steel,Domestic Equities,2447.0,2392.0,2.2993311036789295,0.009300000000000001,0.0085,9.41176470588236,0.0222272678385775,1100,nmdc-steel,Small Cap,May-2025
211056,110999.0,1,DOMS Industries Ltd.,FMCG,Fast Moving Consumer Goods,Domestic Equities,38.0,37.0,2.7027027027027026,0.009300000000000001,0.0102,-8.823529411764703,0.0222272678385775,1100,doms-industries,Small Cap,May-2025
97859,90258.0,1,Metropolis Healthcare Ltd.,Healthcare,Healthcare,Domestic Equities,55.0,53.0,3.7735849056603774,0.0092,0.009000000000000001,2.222222222222224,0.0219882649585928,1100,metropolis-healthcare,Small Cap,May-2025
204790,107779.0,1,Honasa Consumer Ltd.,Trading,Trading,Domestic Equities,291.0,285.0,2.1052631578947367,0.0092,0.006999999999999999,31.428571428571445,0.0219882649585928,1100,honasa-consumer,Small Cap,May-2025
152474,5448.0,1,Aurionpro Solutions Ltd.,IT,Information Technology,Domestic Equities,68.0,67.0,1.4925373134328357,0.009000000000000001,0.0096,-6.249999999999995,0.0215102591986233,1100,aurionpro-solutions,Small Cap,May-2025
430,6832.0,1,Caplin Point Laboratories Ltd.,Healthcare,Healthcare,Domestic Equities,42.0,41.0,2.4390243902439024,0.009000000000000001,0.0077,16.883116883116884,0.0215102591986233,1100,caplin-point-laboratories,Small Cap,May-2025
653,111996.0,1,Afcons Infrastructure Ltd.,Infrastructure,Infrastructure,Domestic Equities,212.0,207.0,2.4154589371980677,0.009000000000000001,0.0087,3.448275862068969,0.0215102591986233,1100,afcons-infrastructure,Small Cap,May-2025
114515,6989.0,1,Gujarat Pipavav Port Ltd.,Logistics,Logistics,Domestic Equities,576.0,563.0,2.3090586145648313,0.009000000000000001,0.0075,20.000000000000004,0.0215102591986233,1100,gujarat-pipavav-port,Small Cap,May-2025
133644,8289.0,1,PTC India Ltd.,Power,Power,Domestic Equities,506.0,495.0,2.2222222222222223,0.0089,0.0087,2.2988505747126458,0.0212712563186386,1100,ptc-india,Small Cap,May-2025
134271,8157.0,1,Minda Corporation Ltd.,Automobile & Ancillaries,Automobile & Ancillaries,Domestic Equities,170.0,166.0,2.4096385542168677,0.0089,0.008100000000000001,9.876543209876537,0.0212712563186386,1100,minda-corporation,Small Cap,May-2025
152647,6951.0,1,Time Technoplast Ltd.,Plastic Products,Plastic Products,Domestic Equities,233.0,228.0,2.1929824561403506,0.0088,0.0077,14.285714285714285,0.0210322534386539,1100,time-technoplast,Small Cap,May-2025
94609,5685.0,1,Welspun Living Ltd.,Textile,Textile,Domestic Equities,661.0,646.0,2.321981424148607,0.0088,0.008199999999999999,7.317073170731714,0.0210322534386539,1100,welspun-living,Small Cap,May-2025
19089,7012.0,1,Gabriel India Ltd.,Automobile & Ancillaries,Automobile & Ancillaries,Domestic Equities,134.0,131.0,2.2900763358778624,0.0088,0.0070999999999999995,23.94366197183099,0.0210322534386539,1100,gabriel-india,Small Cap,May-2025
38126,6453.0,1,The India Cements Ltd.,Construction Materials,Construction Materials,Domestic Equities,274.0,268.0,2.2388059701492535,0.0087,0.0083,4.81927710843374,0.0207932505586692,1100,the-india-cements,Small Cap,May-2025
137941,15743.0,1,Power Mech Projects Ltd.,Infrastructure,Infrastructure,Domestic Equities,28.0,27.0,3.7037037037037033,0.0087,0.0070999999999999995,22.53521126760564,0.0207932505586692,1100,power-mech-projects,Small Cap,May-2025
114425,8654.0,1,Saregama India Ltd.,Media & Entertainment,Media & Entertainment,Domestic Equities,160.0,157.0,1.910828025477707,0.0087,0.008199999999999999,6.097560975609762,0.0207932505586692,1100,saregama-india,Small Cap,May-2025
95549,7450.0,1,Aditya Birla Fashion and Retail Ltd.,Retailing,Retailing,Domestic Equities,997.0,974.0,2.3613963039014374,0.0086,0.025699999999999997,-66.53696498054475,0.0205542476786845,1100,aditya-birla-fashion-and-retail,Mid Cap,May-2025
18970,6462.0,1,Sarda Energy & Minerals Ltd.,Iron & Steel,Iron & Steel,Domestic Equities,195.0,190.0,2.631578947368421,0.0085,0.0086,-1.1627906976744196,0.0203152447986998,1100,sarda-energy-minerals,Small Cap,May-2025
152385,6093.0,1,Garware Hi-Tech Films Ltd.,Plastic Products,Plastic Products,Domestic Equities,18.0,18.0,0.0,0.0085,0.005699999999999999,49.12280701754387,0.0203152447986998,1100,garware-hi-tech-films,Small Cap,May-2025
65954,90814.0,1,Arvind Fashions Ltd.,Retailing,Retailing,Domestic Equities,182.0,178.0,2.247191011235955,0.0084,0.0070999999999999995,18.30985915492958,0.0200762419187151,1100,arvind-fashions,Small Cap,May-2025
37897,5454.0,1,Tilaknagar Industries Ltd.,Alcohol,Alcohol,Domestic Equities,227.0,221.0,2.7149321266968327,0.0084,0.0063,33.33333333333333,0.0200762419187151,1100,tilaknagar-industries,Small Cap,May-2025
152567,6935.0,1,DCB Bank Ltd.,Bank,Banking,Domestic Equities,562.0,549.0,2.3679417122040074,0.0083,0.0074,12.162162162162158,0.0198372390387304,1100,dcb-bank,Small Cap,May-2025
65311,106730.0,1,SBFC Finance Ltd.,Finance,Finance,Domestic Equities,722.0,706.0,2.26628895184136,0.008199999999999999,0.0072,13.888888888888888,0.0195982361587457,1100,sbfc-finance,Small Cap,May-2025
133081,5148.0,1,Trident Ltd.,Textile,Textile,Domestic Equities,2592.0,2534.0,2.2888713496448303,0.008199999999999999,0.0067,22.388059701492523,0.0195982361587457,1100,trident,Small Cap,May-2025
152275,6296.0,1,Birla Corporation Ltd.,Construction Materials,Construction Materials,Domestic Equities,60.0,58.0,3.4482758620689653,0.008199999999999999,0.0060999999999999995,34.42622950819671,0.0195982361587457,1100,birla-corporation,Small Cap,May-2025
56642,6032.0,1,Garware Technical Fibres Ltd.,Textile,Textile,Domestic Equities,95.0,93.0,2.1505376344086025,0.008199999999999999,0.008,2.4999999999999885,0.0195982361587457,1100,garware-technical-fibres,Small Cap,May-2025
79360,8286.0,1,Orient Cement Ltd.,Construction Materials,Construction Materials,Domestic Equities,235.0,230.0,2.1739130434782608,0.008199999999999999,0.008,2.4999999999999885,0.0195982361587457,1100,orient-cement,Small Cap,May-2025
152132,7850.0,1,Mastek Ltd.,IT,Information Technology,Domestic Equities,35.0,34.0,2.941176470588235,0.008100000000000001,0.0070999999999999995,14.084507042253536,0.019359233278761,1100,mastek,Small Cap,May-2025
175396,92940.0,1,Restaurant Brands Asia Ltd.,Hospitality,Hospitality,Domestic Equities,988.0,965.0,2.383419689119171,0.008,0.0078000000000000005,2.5641025641025665,0.0191202303987763,1100,restaurant-brands-asia,Small Cap,May-2025
95082,5635.0,1,Capri Global Capital Ltd.,Finance,Finance,Domestic Equities,529.0,517.0,2.321083172147002,0.008,0.0084,-4.761904761904753,0.0191202303987763,1100,capri-global-capital,Small Cap,May-2025
19035,7076.0,1,GMM Pfaudler Ltd.,Capital Goods,Capital Goods,Domestic Equities,71.0,69.0,2.898550724637681,0.008,0.0070999999999999995,12.67605633802818,0.0191202303987763,1100,gmm-pfaudler,Small Cap,May-2025
133520,5959.0,1,Triveni Engineering & Industries Ltd.,Agri,Agriculture,Domestic Equities,181.0,177.0,2.2598870056497176,0.0079,0.0072,9.72222222222223,0.0188812275187916,1100,triveni-engineering-industries,Small Cap,May-2025
96376,16986.0,1,Shriram Pistons & Rings Ltd,Capital Goods,Capital Goods,Domestic Equities,32.0,31.0,3.225806451612903,0.0079,0.005600000000000001,41.07142857142856,0.0188812275187916,1100,shriram-pistons-rings,Small Cap,May-2025
171624,5869.0,1,Blue Dart Express Ltd.,Logistics,Logistics,Domestic Equities,12.0,12.0,0.0,0.0079,0.0074,6.756756756756762,0.0188812275187916,1100,blue-dart-express,Small Cap,May-2025
815,89011.0,1,Rites Ltd.,Capital Goods,Other,Domestic Equities,284.0,278.0,2.158273381294964,0.0079,0.0063,25.396825396825403,0.0188812275187916,1100,rites,Small Cap,May-2025
171516,6987.0,1,Tata Teleservices (Maharashtra) Ltd.,Telecom,Telecom,Domestic Equities,1067.0,1043.0,2.3010546500479387,0.0078000000000000005,0.0059,32.20338983050849,0.0186422246388069,1100,tata-teleservices-maharashtra,Small Cap,May-2025
171881,7520.0,1,V-Mart Retail Ltd.,Retailing,Retailing,Domestic Equities,23.0,22.0,4.545454545454546,0.0078000000000000005,0.0072,8.333333333333341,0.0186422246388069,1100,v-mart-retail,Small Cap,May-2025
56633,6412.0,1,Graphite India Ltd.,Capital Goods,Capital Goods,Domestic Equities,141.0,138.0,2.1739130434782608,0.0077,0.0062,24.19354838709678,0.0184032217588222,1100,graphite-india,Small Cap,May-2025
172886,92573.0,1,CSB Bank Ltd.,Bank,Banking,Domestic Equities,210.0,206.0,1.9417475728155338,0.0077,0.0073,5.479452054794526,0.0184032217588222,1100,csb-bank,Small Cap,May-2025
152593,8261.0,1,Network 18 Media & Investments Ltd.,Media & Entertainment,Media & Entertainment,Domestic Equities,1388.0,1356.0,2.359882005899705,0.0076,0.0059,28.813559322033903,0.0181642188788375,1100,network-18-media-investments,Small Cap,May-2025
153397,98823.0,1,Nuvoco Vistas Corporation Ltd.,Construction Materials,Construction Materials,Domestic Equities,212.0,208.0,1.9230769230769231,0.0076,0.0066,15.151515151515147,0.0181642188788375,1100,nuvoco-vistas-corporation,Small Cap,May-2025
28396,92035.0,1,Sterling and Wilson Renewable Energy Ltd.,Infrastructure,Infrastructure,Domestic Equities,269.0,263.0,2.2813688212927756,0.0076,0.0070999999999999995,7.042253521126768,0.0181642188788375,1100,sterling-and-wilson-renewable-energy,Small Cap,May-2025
133589,7782.0,1,Cera Sanitaryware Ltd.,Construction Materials,Construction Materials,Domestic Equities,12.0,11.0,9.090909090909092,0.0076,0.0059,28.813559322033903,0.0181642188788375,1100,cera-sanitaryware,Small Cap,May-2025
65893,102659.0,1,Archean Chemical Industries Ltd.,Chemicals,Chemicals,Domestic Equities,122.0,119.0,2.5210084033613445,0.0076,0.0075,1.3333333333333344,0.0181642188788375,1100,archean-chemical-industries,Small Cap,May-2025
861,112211.0,1,Sai Life Sciences Ltd.,Healthcare,Healthcare,Domestic Equities,100.0,98.0,2.0408163265306123,0.0076,0.0068000000000000005,11.764705882352935,0.0181642188788375,1100,sai-life-sciences,Small Cap,May-2025
160595,87624.0,1,Fine Organic Industries Ltd.,Chemicals,Chemicals,Domestic Equities,16.0,15.0,6.666666666666667,0.0075,0.0060999999999999995,22.95081967213115,0.0179252159988528,1100,fine-organic-industries,Small Cap,May-2025
23093,92714.0,1,IIFL Capital Services Ltd.,Finance,Finance,Domestic Equities,244.0,238.0,2.5210084033613445,0.0075,0.0053,41.50943396226414,0.0179252159988528,1100,iifl-capital-services,Small Cap,May-2025
757,97957.0,1,Railtel Corporation Of India Ltd.,Telecom,Telecom,Domestic Equities,185.0,181.0,2.209944751381215,0.0074,0.0054,37.037037037037024,0.0176862131188681,1100,railtel-corporation-of-india,Small Cap,May-2025
30,5093.0,1,Bombay Burmah Trading Corporation Ltd.,Agri,Agriculture,Domestic Equities,36.0,35.0,2.857142857142857,0.0073,0.006500000000000001,12.307692307692301,0.0174472102388834,1100,bombay-burmah-trading-corporation,Small Cap,May-2025
133367,5954.0,1,EPL Ltd.,FMCG,Fast Moving Consumer Goods,Domestic Equities,295.0,289.0,2.0761245674740483,0.0073,0.0055000000000000005,32.72727272727272,0.0174472102388834,1100,epl,Small Cap,May-2025
227943,,1,Raymond Realty Ltd.,Realty,,Domestic Equities,70.0,,,0.0073,,,0.0174472102388834,1100,,,May-2025
189226,98548.0,1,Clean Science And Technology Ltd.,Chemicals,Chemicals,Domestic Equities,47.0,46.0,2.1739130434782608,0.0073,0.0054,35.185185185185176,0.0174472102388834,1100,clean-science-and-technology,Small Cap,May-2025
195742,102041.0,1,TBO Tek Ltd.,Hospitality,Hospitality,Domestic Equities,55.0,53.0,3.7735849056603774,0.0072,0.006,20.0,0.0172082073588987,1100,tbo-tek,Small Cap,May-2025
152107,5346.0,1,Shipping Corporation Of India Ltd.,Logistics,Logistics,Domestic Equities,359.0,351.0,2.2792022792022792,0.0072,0.0062,16.129032258064512,0.0172082073588987,1100,shipping-corporation-of-india,Small Cap,May-2025
75687,8264.0,1,Avanti Feeds Ltd.,FMCG,Fast Moving Consumer Goods,Domestic Equities,85.0,83.0,2.4096385542168677,0.0072,0.0073,-1.3698630136986314,0.0172082073588987,1100,avanti-feeds,Small Cap,May-2025
152683,97601.0,1,MTAR Technologies Ltd.,Capital Goods,Capital Goods,Domestic Equities,44.0,43.0,2.3255813953488373,0.0072,0.0060999999999999995,18.032786885245898,0.0172082073588987,1100,mtar-technologies,Small Cap,May-2025
171424,16069.0,1,Infibeam Avenues Ltd.,IT,Information Technology,Domestic Equities,3314.0,3239.0,2.315529484408768,0.0072,0.0055000000000000005,30.909090909090892,0.0172082073588987,1100,infibeam-avenues,Small Cap,May-2025
133362,5245.0,1,Electrosteel Castings Ltd.,Iron & Steel,Iron & Steel,Domestic Equities,699.0,684.0,2.1929824561403506,0.0072,0.0066,9.090909090909081,0.0172082073588987,1100,electrosteel-castings,Small Cap,May-2025
198024,103992.0,1,GMR Power and Urban Infra Ltd.,Power,Power,Domestic Equities,618.0,604.0,2.3178807947019866,0.0070999999999999995,0.0069,2.898550724637684,0.016969204478914,1100,gmr-power-and-urban-infra,Small Cap,May-2025
152110,5928.0,1,ITI Ltd.,Telecom,Telecom,Domestic Equities,204.0,200.0,2.0,0.0070999999999999995,0.0051,39.21568627450979,0.016969204478914,1100,iti,Small Cap,May-2025
2006,102339.0,1,Ethos Ltd.,Retailing,Retailing,Domestic Equities,25.0,25.0,0.0,0.0070999999999999995,0.0062,14.51612903225806,0.016969204478914,1100,ethos,Small Cap,May-2025
195442,101899.0,1,Syrma SGS Technology Ltd.,Electricals,Electricals,Domestic Equities,129.0,126.0,2.380952380952381,0.006999999999999999,0.0059,18.644067796610166,0.0167302015989293,1100,syrma-sgs-technology,Small Cap,May-2025
8344,84168.0,1,Pricol Ltd.,Automobile & Ancillaries,Automobile & Ancillaries,Domestic Equities,156.0,153.0,1.9607843137254901,0.006999999999999999,0.0067,4.477611940298495,0.0167302015989293,1100,pricol,Small Cap,May-2025
678,15637.0,1,PNC Infratech Ltd.,Infrastructure,Infrastructure,Domestic Equities,239.0,234.0,2.1367521367521367,0.006999999999999999,0.0062,12.903225806451607,0.0167302015989293,1100,pnc-infratech,Small Cap,May-2025
133348,5626.0,1,Chennai Petroleum Corporation Ltd.,Crude Oil,Crude Oil,Domestic Equities,102.0,100.0,2.0,0.0069,0.0060999999999999995,13.114754098360649,0.0164911987189446,1100,chennai-petroleum-corporation,Small Cap,May-2025
171894,86746.0,1,Godrej Agrovet Ltd.,FMCG,Fast Moving Consumer Goods,Domestic Equities,91.0,89.0,2.247191011235955,0.0069,0.0069,0.0,0.0164911987189446,1100,godrej-agrovet,Small Cap,May-2025
622,8212.0,1,ISGEC Heavy Engineering Ltd.,Infrastructure,Infrastructure,Domestic Equities,57.0,56.0,1.7857142857142856,0.0069,0.0063,9.523809523809515,0.0164911987189446,1100,isgec-heavy-engineering,Small Cap,May-2025
204607,107645.0,1,Zaggle Prepaid Ocean Services Ltd.,IT,Information Technology,Domestic Equities,159.0,155.0,2.5806451612903225,0.0069,0.005,37.999999999999986,0.0164911987189446,1100,zaggle-prepaid-ocean-services,Small Cap,May-2025
115894,7364.0,1,Texmaco Rail & Engineering Ltd.,Automobile & Ancillaries,Automobile & Ancillaries,Domestic Equities,434.0,424.0,2.358490566037736,0.0069,0.005699999999999999,21.05263157894737,0.0164911987189446,1100,texmaco-rail-engineering,Small Cap,May-2025
65953,90815.0,1,The Anup Engineering Ltd.,Capital Goods,Capital Goods,Domestic Equities,25.0,24.0,4.166666666666666,0.0069,0.0072,-4.1666666666666705,0.0164911987189446,1100,the-anup-engineering,Small Cap,May-2025
207271,109317.0,1,Netweb Technologies India Ltd.,Consumer Durables,Consumer Durables,Domestic Equities,34.0,33.0,3.0303030303030303,0.0068000000000000005,0.004699999999999999,44.680851063829806,0.0162521958389599,1100,netweb-technologies-india,Small Cap,May-2025
189369,98614.0,1,Alivus Life Sciences Ltd.,Healthcare,Healthcare,Domestic Equities,65.0,63.0,3.1746031746031744,0.0068000000000000005,0.006999999999999999,-2.857142857142844,0.0162521958389599,1100,alivus-life-sciences,Small Cap,May-2025
174214,92744.0,1,Samhi Hotels Ltd.,Hospitality,Hospitality,Domestic Equities,351.0,343.0,2.3323615160349855,0.0068000000000000005,0.0062,9.677419354838717,0.0162521958389599,1100,samhi-hotels,Small Cap,May-2025
137807,98607.0,1,GR Infraprojects Ltd.,Infrastructure,Infrastructure,Domestic Equities,52.0,50.0,4.0,0.0067,0.0052,28.84615384615385,0.0160131929589752,1100,gr-infraprojects,Small Cap,May-2025
133631,6516.0,1,Suprajit Engineering Ltd.,Automobile & Ancillaries,Automobile & Ancillaries,Domestic Equities,161.0,157.0,2.547770700636943,0.0067,0.006,11.666666666666679,0.0160131929589752,1100,suprajit-engineering,Small Cap,May-2025
140187,110794.0,1,India Shelter Finance Corporation Ltd.,Finance,Finance,Domestic Equities,76.0,74.0,2.7027027027027026,0.0066,0.0064,3.1250000000000027,0.0157741900789905,1100,india-shelter-finance-corporation,Small Cap,May-2025
141018,17054.0,1,Lloyds Engineering Works Ltd.,Capital Goods,Capital Goods,Domestic Equities,1079.0,1054.0,2.3719165085388996,0.0066,0.005699999999999999,15.789473684210542,0.0157741900789905,1100,lloyds-engineering-works,Small Cap,May-2025
643,7404.0,1,KNR Constructions Ltd.,Infrastructure,Infrastructure,Domestic Equities,306.0,299.0,2.341137123745819,0.006500000000000001,0.006500000000000001,0.0,0.0155351871990057,1100,knr-constructions,Small Cap,May-2025
96435,6518.0,1,RattanIndia Power Ltd.,Power,Power,Domestic Equities,5701.0,5573.0,2.2967880854118072,0.006500000000000001,0.005600000000000001,16.071428571428566,0.0155351871990057,1100,rattanindia-power,Small Cap,May-2025
592,5266.0,1,Jai Balaji Industries Ltd.,Iron & Steel,Iron & Steel,Domestic Equities,613.0,599.0,2.337228714524207,0.006500000000000001,0.0070999999999999995,-8.450704225352105,0.0155351871990057,1100,jai-balaji-industries,Small Cap,May-2025
19178,16203.0,1,Chemplast Sanmar Ltd.,Chemicals,Chemicals,Domestic Equities,151.0,148.0,2.027027027027027,0.0064,0.0060999999999999995,4.9180327868852505,0.015296184319021,1100,chemplast-sanmar,Small Cap,May-2025
152394,5450.0,1,Akzo Nobel India Ltd.,Chemicals,Chemicals,Domestic Equities,19.0,18.0,5.555555555555555,0.0064,0.0062,3.2258064516129057,0.015296184319021,1100,akzo-nobel-india,Small Cap,May-2025
133421,5619.0,1,Ingersoll-Rand (India) Ltd.,Capital Goods,Capital Goods,Domestic Equities,16.0,16.0,0.0,0.0063,0.006,5.000000000000004,0.0150571814390363,1100,ingersoll-rand-india,Small Cap,May-2025
114439,5439.0,1,Gujarat Mineral Development Corporation Ltd.,Mining,Mining,Domestic Equities,175.0,171.0,2.3391812865497075,0.0063,0.0052,21.15384615384615,0.0150571814390363,1100,gujarat-mineral-development-corporation,Small Cap,May-2025
59494,100957.0,1,Latent View Analytics Ltd.,Business Services,Other,Domestic Equities,152.0,148.0,2.7027027027027026,0.0063,0.0058,8.620689655172423,0.0150571814390363,1100,latent-view-analytics,Small Cap,May-2025
133538,7699.0,1,Tips Music Ltd.,Media & Entertainment,Media & Entertainment,Domestic Equities,97.0,95.0,2.1052631578947367,0.0063,0.006,5.000000000000004,0.0150571814390363,1100,tips-music,Small Cap,May-2025
133663,7375.0,1,Welspun Enterprises Ltd.,Realty,Realty,Domestic Equities,123.0,120.0,2.5,0.0062,0.005699999999999999,8.771929824561413,0.0148181785590516,1100,welspun-enterprises,Small Cap,May-2025
135194,112166.0,1,Niva Bupa Health Insurance Company Ltd.,Insurance,Finance,Domestic Equities,676.0,661.0,2.26928895612708,0.0062,0.0054,14.814814814814806,0.0148181785590516,1100,niva-bupa-health-insurance-company,Small Cap,May-2025
518,6748.0,1,Kaveri Seed Company Ltd.,Agri,Agriculture,Domestic Equities,42.0,41.0,2.4390243902439024,0.0060999999999999995,0.0059,3.3898305084745797,0.0145791756790669,1100,kaveri-seed-company,Small Cap,May-2025
96716,89715.0,1,Dodla Dairy Ltd,FMCG,Fast Moving Consumer Goods,Domestic Equities,50.0,49.0,2.0408163265306123,0.0060999999999999995,0.0051,19.607843137254896,0.0145791756790669,1100,dodla-dairy,Small Cap,May-2025
133666,8476.0,1,JBM Auto Ltd.,Automobile & Ancillaries,Automobile & Ancillaries,Domestic Equities,85.0,83.0,2.4096385542168677,0.0060999999999999995,0.0054,12.962962962962955,0.0145791756790669,1100,jbm-auto,Small Cap,May-2025
152217,6011.0,1,Maharashtra Seamless Ltd.,Iron & Steel,Iron & Steel,Domestic Equities,88.0,86.0,2.3255813953488373,0.0060999999999999995,0.005600000000000001,8.928571428571416,0.0145791756790669,1100,maharashtra-seamless,Small Cap,May-2025
152605,7848.0,1,Ahluwalia Contracts (India) Ltd.,Realty,Realty,Domestic Equities,63.0,62.0,1.6129032258064515,0.0060999999999999995,0.0053,15.0943396226415,0.0145791756790669,1100,ahluwalia-contracts-india,Small Cap,May-2025
75882,7888.0,1,Zydus Wellness Ltd.,FMCG,Fast Moving Consumer Goods,Domestic Equities,31.0,30.0,3.3333333333333335,0.006,0.0053,13.20754716981131,0.0143401727990822,1100,zydus-wellness,Small Cap,May-2025
76083,6699.0,1,Ashoka Buildcon Ltd.,Infrastructure,Infrastructure,Domestic Equities,272.0,265.0,2.6415094339622645,0.006,0.0049,22.448979591836732,0.0143401727990822,1100,ashoka-buildcon,Small Cap,May-2025
57091,15072.0,1,Balu Forge Industries Ltd.,Capital Goods,Capital Goods,Domestic Equities,85.0,83.0,2.4096385542168677,0.006,0.0042,42.857142857142854,0.0143401727990822,1100,balu-forge-industries,Small Cap,May-2025
152327,6266.0,1,Thomas Cook (India) Ltd.,Hospitality,Hospitality,Domestic Equities,345.0,337.0,2.3738872403560833,0.006,0.0045000000000000005,33.33333333333333,0.0143401727990822,1100,thomas-cook-india,Small Cap,May-2025
640,7202.0,1,J Kumar Infraprojects Ltd.,Infrastructure,Infrastructure,Domestic Equities,85.0,84.0,1.1904761904761905,0.006,0.0054,11.1111111111111,0.0143401727990822,1100,j-kumar-infraprojects,Small Cap,May-2025
114424,7958.0,1,JK Paper Ltd.,Paper,Paper,Domestic Equities,163.0,160.0,1.875,0.006,0.005,19.999999999999996,0.0143401727990822,1100,jk-paper,Small Cap,May-2025
40702,7798.0,1,RHI Magnesita India Ltd.,Capital Goods,Capital Goods,Domestic Equities,128.0,125.0,2.4,0.0059,0.0055000000000000005,7.272727272727258,0.0141011699190975,1100,rhi-magnesita-india,Small Cap,May-2025
56976,4893.0,1,KRBL Ltd.,FMCG,Fast Moving Consumer Goods,Domestic Equities,163.0,159.0,2.515723270440252,0.0058,0.0049,18.3673469387755,0.0138621670391128,1100,krbl,Small Cap,May-2025
192488,100187.0,1,CE Info Systems Ltd.,IT,Information Technology,Domestic Equities,30.0,29.0,3.4482758620689653,0.0058,0.0052,11.538461538461526,0.0138621670391128,1100,ce-info-systems,Small Cap,May-2025
152286,7340.0,1,Rallis India Ltd.,Chemicals,Chemicals,Domestic Equities,182.0,178.0,2.247191011235955,0.0058,0.0042,38.095238095238095,0.0138621670391128,1100,rallis-india,Small Cap,May-2025
152279,8202.0,1,Rain Industries Ltd.,Crude Oil,Crude Oil,Domestic Equities,410.0,401.0,2.2443890274314215,0.0058,0.005699999999999999,1.7543859649122824,0.0138621670391128,1100,rain-industries,Small Cap,May-2025
219906,112338.0,1,Raymond Lifestyle Ltd.,Textile,Textile,Domestic Equities,57.0,56.0,1.7857142857142856,0.0058,0.0054,7.407407407407393,0.0138621670391128,1100,raymond-lifestyle,Small Cap,May-2025
43013,99994.0,1,Tega Industries Ltd.,Capital Goods,Capital Goods,Domestic Equities,35.0,34.0,2.941176470588235,0.0058,0.0046,26.08695652173912,0.0138621670391128,1100,tega-industries,Small Cap,May-2025
133551,7167.0,1,Indian Overseas Bank,Bank,Banking,Domestic Equities,1457.0,1424.0,2.317415730337079,0.0058,0.0053,9.43396226415093,0.0138621670391128,1100,indian-overseas-bank,Large Cap,May-2025
133876,6889.0,1,MOIL Ltd.,Mining,Mining,Domestic Equities,152.0,149.0,2.013422818791946,0.005699999999999999,0.004699999999999999,21.276595744680847,0.0136231641591281,1100,moil,Small Cap,May-2025
76000,6304.0,1,Rajesh Exports Ltd.,Diamond  &  Jewellery,Diamond & Jewellery,Domestic Equities,285.0,279.0,2.1505376344086025,0.005699999999999999,0.0051,11.76470588235293,0.0136231641591281,1100,rajesh-exports,Small Cap,May-2025
192044,99995.0,1,RateGain Travel Technologies Ltd.,IT,Information Technology,Domestic Equities,129.0,126.0,2.380952380952381,0.005699999999999999,0.0055000000000000005,3.636363636363619,0.0136231641591281,1100,rategain-travel-technologies,Small Cap,May-2025
210698,111666.0,1,Max Estates Ltd.,Realty,Realty,Domestic Equities,109.0,107.0,1.8691588785046727,0.005699999999999999,0.0044,29.545454545454536,0.0136231641591281,1100,max-estates,Small Cap,May-2025
152476,5252.0,1,Shree Renuka Sugars Ltd.,Agri,Agriculture,Domestic Equities,1692.0,1654.0,2.2974607013301087,0.005600000000000001,0.0048,16.666666666666682,0.0133841612791434,1100,shree-renuka-sugars,Small Cap,May-2025
133479,8056.0,1,Mahindra Lifespace Developers Ltd.,Realty,Realty,Domestic Equities,161.0,156.0,3.205128205128205,0.005600000000000001,0.0053,5.660377358490571,0.0133841612791434,1100,mahindra-lifespace-developers,Small Cap,May-2025
152276,6275.0,1,Surya Roshni Ltd.,Iron & Steel,Iron & Steel,Domestic Equities,169.0,165.0,2.4242424242424243,0.005600000000000001,0.0042,33.33333333333336,0.0133841612791434,1100,surya-roshni,Small Cap,May-2025
214487,111750.0,1,Awfis Space Solutions Ltd.,Business Services,Other,Domestic Equities,87.0,85.0,2.3529411764705883,0.005600000000000001,0.0054,3.703703703703707,0.0133841612791434,1100,awfis-space-solutions,Small Cap,May-2025
210775,110911.0,1,Cello World Ltd.,Trading,Trading,Domestic Equities,91.0,89.0,2.247191011235955,0.005600000000000001,0.0049,14.285714285714299,0.0133841612791434,1100,cello-world,Small Cap,May-2025
37858,5520.0,1,Alkyl Amines Chemicals Ltd.,Chemicals,Chemicals,Domestic Equities,29.0,28.0,3.571428571428571,0.005600000000000001,0.0048,16.666666666666682,0.0133841612791434,1100,alkyl-amines-chemicals,Small Cap,May-2025
114673,111130.0,1,Inox India Ltd.,Capital Goods,Capital Goods,Domestic Equities,47.0,46.0,2.1739130434782608,0.005600000000000001,0.0045000000000000005,24.444444444444454,0.0133841612791434,1100,inox-india,Small Cap,May-2025
134998,7943.0,1,PC Jeweller Ltd.,Diamond  &  Jewellery,Diamond & Jewellery,Domestic Equities,4503.0,4402.0,2.294411631076783,0.005600000000000001,0.0054,3.703703703703707,0.0133841612791434,1100,pc-jeweller,Small Cap,May-2025
95406,100018.0,1,Emcure Pharmaceuticals Ltd.,Healthcare,Healthcare,Domestic Equities,41.0,40.0,2.5,0.0055000000000000005,0.0040999999999999995,34.14634146341465,0.0131451583991587,1100,emcure-pharmaceuticals,Small Cap,May-2025
19032,5817.0,1,Dynamatic Technologies Ltd.,Capital Goods,Capital Goods,Domestic Equities,8.0,8.0,0.0,0.0055000000000000005,0.0051,7.843137254901968,0.0131451583991587,1100,dynamatic-technologies,Small Cap,May-2025
171883,5324.0,1,Mangalore Refinery And Petrochemicals Ltd.,Crude Oil,Crude Oil,Domestic Equities,379.0,370.0,2.4324324324324325,0.0055000000000000005,0.005,10.000000000000009,0.0131451583991587,1100,mangalore-refinery-and-petrochemicals,Small Cap,May-2025
98379,98534.0,1,Jana Small Finance Bank Ltd.,Bank,Banking,Domestic Equities,113.0,110.0,2.727272727272727,0.0055000000000000005,0.0055000000000000005,0.0,0.0131451583991587,1100,jana-small-finance-bank,Small Cap,May-2025
133299,5776.0,1,Banco Products (India) Ltd.,Automobile & Ancillaries,Automobile & Ancillaries,Domestic Equities,95.0,92.0,3.260869565217391,0.0054,0.0034000000000000002,58.82352941176471,0.012906155519174,1100,banco-products-india,Small Cap,May-2025
67,7522.0,1,Borosil Renewables Ltd.,Construction Materials,Construction Materials,Domestic Equities,98.0,96.0,2.083333333333333,0.0053,0.004699999999999999,12.765957446808523,0.0126671526391893,1100,borosil-renewables,Small Cap,May-2025
42557,112281.0,1,Inventurus Knowledge Solutions Ltd.,IT,Information Technology,Domestic Equities,35.0,35.0,0.0,0.0053,0.0052,1.9230769230769247,0.0126671526391893,1100,inventurus-knowledge-solutions,Mid Cap,May-2025
191914,99958.0,1,Le Travenues Technology Ltd.,Hospitality,Hospitality,Domestic Equities,303.0,296.0,2.364864864864865,0.0053,0.0043,23.25581395348838,0.0126671526391893,1100,le-travenues-technology,Small Cap,May-2025
188394,98230.0,1,Paras Defence And Space Technologies Ltd.,Capital Goods,Capital Goods,Domestic Equities,33.0,33.0,0.0,0.0053,0.0045000000000000005,17.777777777777782,0.0126671526391893,1100,paras-defence-and-space-technologies,Small Cap,May-2025
64699,82946.0,1,Aditya Vision Ltd.,Retailing,Retailing,Domestic Equities,128.0,125.0,2.4,0.0052,0.0051,1.960784313725492,0.0124281497592046,1100,aditya-vision,Small Cap,May-2025
133428,5610.0,1,Jain Irrigation Systems Ltd.,Plastic Products,Plastic Products,Domestic Equities,904.0,883.0,2.378255945639864,0.0052,0.0046,13.043478260869565,0.0124281497592046,1100,jain-irrigation-systems,Small Cap,May-2025
133083,6007.0,1,Alok Industries Ltd.,Textile,Textile,Domestic Equities,2637.0,2578.0,2.288595810705974,0.0052,0.0043,20.93023255813954,0.0124281497592046,1100,alok-industries,Small Cap,May-2025
94611,8169.0,1,Ganesha Ecosphere Ltd.,Textile,Textile,Domestic Equities,33.0,32.0,3.125,0.0051,0.0046,10.869565217391301,0.0121891468792199,1100,ganesha-ecosphere,Small Cap,May-2025
171754,5110.0,1,VIP Industries Ltd.,FMCG,Fast Moving Consumer Goods,Domestic Equities,141.0,138.0,2.1739130434782608,0.0051,0.0042,21.428571428571434,0.0121891468792199,1100,vip-industries,Small Cap,May-2025
102185,102621.0,1,Inox Green Energy Services Ltd.,Infrastructure,Infrastructure,Domestic Equities,274.0,268.0,2.2388059701492535,0.005,0.0037,35.13513513513514,0.0119501439992352,1100,inox-green-energy-services,Small Cap,May-2025
505,6857.0,1,Central Bank Of India,Bank,Banking,Domestic Equities,1279.0,1250.0,2.32,0.005,0.0046,8.69565217391304,0.0119501439992352,1100,central-bank-of-india,Mid Cap,May-2025
195761,102061.0,1,Campus Activewear Ltd.,FMCG,Retailing,Domestic Equities,170.0,166.0,2.4096385542168677,0.005,0.004,24.999999999999993,0.0119501439992352,1100,campus-activewear,Small Cap,May-2025
19994,70937.0,1,Sheela Foam Ltd.,FMCG,Fast Moving Consumer Goods,Domestic Equities,79.0,77.0,2.5974025974025974,0.005,0.005,0.0,0.0119501439992352,1100,sheela-foam,Small Cap,May-2025
76446,99976.0,1,Epigral Ltd.,Chemicals,Chemicals,Domestic Equities,28.0,27.0,3.7037037037037033,0.005,0.004699999999999999,6.382978723404261,0.0119501439992352,1100,epigral,Small Cap,May-2025
504,5119.0,1,Refex Industries Ltd.,Inds. Gases & Fuels,Industrials Gases & Fuels,Domestic Equities,109.0,106.0,2.8301886792452833,0.005,0.0043,16.27906976744186,0.0119501439992352,1100,refex-industries,Small Cap,May-2025
685,6024.0,1,Dhani Services Ltd.,Finance,Finance,Domestic Equities,821.0,802.0,2.369077306733167,0.0049,0.0046,6.521739130434775,0.0117111411192505,1100,dhani-services,Small Cap,May-2025
133066,6858.0,1,Indo Count Industries Ltd.,Textile,Textile,Domestic Equities,168.0,164.0,2.4390243902439024,0.0049,0.005,-2.0000000000000018,0.0117111411192505,1100,indo-count-industries,Small Cap,May-2025
84751,89823.0,1,Senco Gold Ltd.,Diamond  &  Jewellery,Diamond & Jewellery,Domestic Equities,125.0,122.0,2.459016393442623,0.0048,0.0042,14.285714285714285,0.0114721382392658,1100,senco-gold,Small Cap,May-2025
75679,8032.0,1,Sequent Scientific Ltd.,Healthcare,Healthcare,Domestic Equities,251.0,246.0,2.0325203252032518,0.0048,0.0034999999999999996,37.142857142857146,0.0114721382392658,1100,sequent-scientific,Small Cap,May-2025
171829,5244.0,1,Thangamayil Jewellery Ltd.,Diamond  &  Jewellery,Diamond & Jewellery,Domestic Equities,25.0,25.0,0.0,0.0048,0.0052,-7.692307692307699,0.0114721382392658,1100,thangamayil-jewellery,Small Cap,May-2025
75571,8023.0,1,Sunteck Realty Ltd.,Realty,Realty,Domestic Equities,114.0,112.0,1.7857142857142856,0.004699999999999999,0.0045000000000000005,4.444444444444437,0.0112331353592811,1100,sunteck-realty,Small Cap,May-2025
39589,15972.0,1,TeamLease Services Ltd.,Business Services,Other,Domestic Equities,24.0,23.0,4.3478260869565215,0.004699999999999999,0.0043,9.302325581395344,0.0112331353592811,1100,teamlease-services,Small Cap,May-2025
19274,6773.0,1,Ganesh Housing Corporation Ltd.,Realty,Realty,Domestic Equities,47.0,46.0,2.1739130434782608,0.004699999999999999,0.005,-6.000000000000005,0.0112331353592811,1100,ganesh-housing-corporation,Small Cap,May-2025
174597,97684.0,1,Indigo Paints Ltd.,Chemicals,Chemicals,Domestic Equities,43.0,42.0,2.380952380952381,0.0046,0.0040999999999999995,12.195121951219525,0.0109941324792964,1100,indigo-paints,Small Cap,May-2025
201953,105633.0,1,Blue Jet Healthcare Ltd.,Healthcare,Healthcare,Domestic Equities,51.0,50.0,2.0,0.0046,0.0036,27.77777777777779,0.0109941324792964,1100,blue-jet-healthcare,Small Cap,May-2025
221192,112302.0,1,International Gemmological Institute (India) Ltd.,Business Services,Other,Domestic Equities,118.0,116.0,1.7241379310344827,0.0046,0.004,15.0,0.0109941324792964,1100,international-gemmological-institute-india,Small Cap,May-2025
57579,16047.0,1,Healthcare Global Enterprises Ltd.,Healthcare,Healthcare,Domestic Equities,85.0,83.0,2.4096385542168677,0.0046,0.004699999999999999,-2.1276595744680753,0.0109941324792964,1100,healthcare-global-enterprises,Small Cap,May-2025
133292,6154.0,1,Bajaj Hindusthan Sugar Ltd.,Agri,Agriculture,Domestic Equities,1913.0,1870.0,2.299465240641711,0.0046,0.0037,24.32432432432433,0.0109941324792964,1100,bajaj-hindusthan-sugar,Small Cap,May-2025
95085,5966.0,1,FDC Ltd.,Healthcare,Healthcare,Domestic Equities,104.0,102.0,1.9607843137254901,0.0046,0.0043,6.976744186046519,0.0109941324792964,1100,fdc,Small Cap,May-2025
201312,105351.0,1,Avalon Technologies Ltd.,Electricals,Electricals,Domestic Equities,53.0,51.0,3.9215686274509802,0.0046,0.0044,4.545454545454549,0.0109941324792964,1100,avalon-technologies,Small Cap,May-2025
219753,112169.0,1,Sagility India Ltd.,Business Services,Other,Domestic Equities,1160.0,1134.0,2.2927689594356258,0.0046,0.004699999999999999,-2.1276595744680753,0.0109941324792964,1100,sagility-india,Small Cap,May-2025
39503,103957.0,1,Gateway Distriparks Ltd.,Logistics,Logistics,Domestic Equities,720.0,703.0,2.418207681365576,0.0046,0.0042,9.523809523809533,0.0109941324792964,1100,gateway-distriparks,Small Cap,May-2025
152602,8520.0,1,Pearl Global Industries Ltd.,Textile,Textile,Domestic Equities,31.0,31.0,0.0,0.0045000000000000005,0.003,50.000000000000014,0.0107551295993117,1100,pearl-global-industries,Small Cap,May-2025
133414,7150.0,1,India Glycols Ltd.,Chemicals,Chemicals,Domestic Equities,24.0,24.0,0.0,0.0045000000000000005,0.0033,36.36363636363636,0.0107551295993117,1100,india-glycols,Small Cap,May-2025
182,6786.0,1,Bharat Bijlee Ltd.,Capital Goods,Capital Goods,Domestic Equities,15.0,15.0,0.0,0.0045000000000000005,0.0044,2.2727272727272747,0.0107551295993117,1100,bharat-bijlee,Small Cap,May-2025
154646,104894.0,1,Allied Blenders And Distillers Ltd.,Alcohol,Alcohol,Domestic Equities,113.0,111.0,1.8018018018018018,0.0045000000000000005,0.0034000000000000002,32.35294117647059,0.0107551295993117,1100,allied-blenders-and-distillers,Small Cap,May-2025
2225,17089.0,1,Dilip Buildcon Ltd.,Realty,Infrastructure,Domestic Equities,92.0,90.0,2.2222222222222223,0.0045000000000000005,0.0038,18.42105263157895,0.0107551295993117,1100,dilip-buildcon,Small Cap,May-2025
152271,6134.0,1,Raymond Ltd.,Textile,Textile,Domestic Equities,71.0,69.0,2.898550724637681,0.0045000000000000005,0.0105,-57.14285714285715,0.0107551295993117,1100,raymond,Small Cap,May-2025
133406,6580.0,1,AGI Greenpac Ltd.,FMCG,Fast Moving Consumer Goods,Domestic Equities,53.0,52.0,1.9230769230769231,0.0045000000000000005,0.0042,7.1428571428571495,0.0107551295993117,1100,agi-greenpac,Small Cap,May-2025
97967,101080.0,1,eMudhra Ltd.,IT,Information Technology,Domestic Equities,57.0,56.0,1.7857142857142856,0.0044,0.0043,2.325581395348839,0.010516126719327,1100,emudhra,Small Cap,May-2025
155654,90605.0,1,Neogen Chemicals Ltd.,Chemicals,Chemicals,Domestic Equities,26.0,26.0,0.0,0.0044,0.004,9.999999999999995,0.010516126719327,1100,neogen-chemicals,Small Cap,May-2025
75661,5225.0,1,Lloyds Enterprises Ltd.,Trading,Trading,Domestic Equities,706.0,691.0,2.170767004341534,0.0044,0.0034999999999999996,25.714285714285722,0.010516126719327,1100,lloyds-enterprises,Small Cap,May-2025
152666,87989.0,1,Mishra Dhatu Nigam Ltd.,Iron & Steel,Iron & Steel,Domestic Equities,103.0,101.0,1.9801980198019802,0.0044,0.0031,41.935483870967744,0.010516126719327,1100,mishra-dhatu-nigam,Small Cap,May-2025
289,5004.0,1,Rashtriya Chemicals and Fertilizers Ltd.,Chemicals,Chemicals,Domestic Equities,293.0,286.0,2.4475524475524475,0.0044,0.0039000000000000003,12.820512820512816,0.010516126719327,1100,rashtriya-chemicals-and-fertilizers,Small Cap,May-2025
8162,87681.0,1,H.G. Infra Engineering Ltd.,Infrastructure,Infrastructure,Domestic Equities,39.0,38.0,2.631578947368421,0.0044,0.0040999999999999995,7.317073170731714,0.010516126719327,1100,hg-infra-engineering,Small Cap,May-2025
254,7400.0,1,Polyplex Corporation Ltd.,Plastic Products,Plastic Products,Domestic Equities,32.0,31.0,3.225806451612903,0.0043,0.0038,13.157894736842103,0.0102771238393423,1100,polyplex-corporation,Small Cap,May-2025
57098,5912.0,1,Patel Engineering Ltd.,Infrastructure,Infrastructure,Domestic Equities,1067.0,1043.0,2.3010546500479387,0.0043,0.0044,-2.2727272727272747,0.0102771238393423,1100,patel-engineering,Small Cap,May-2025
39045,88307.0,1,Varroc Engineering Ltd.,Automobile & Ancillaries,Automobile & Ancillaries,Domestic Equities,81.0,79.0,2.5316455696202533,0.0043,0.0034000000000000002,26.470588235294105,0.0102771238393423,1100,varroc-engineering,Small Cap,May-2025
65256,86779.0,1,Acme Solar Holdings Ltd.,Power,Power,Domestic Equities,165.0,162.0,1.8518518518518516,0.0043,0.0034000000000000002,26.470588235294105,0.0102771238393423,1100,acme-solar-holdings,Small Cap,May-2025
210731,110843.0,1,Redtape Ltd.,Retailing,Retailing,Domestic Equities,315.0,308.0,2.272727272727273,0.0042,0.0040999999999999995,2.4390243902439046,0.0100381209593576,1100,redtape,Small Cap,May-2025
176637,93115.0,1,Easy Trip Planners Ltd.,Hospitality,Hospitality,Domestic Equities,3746.0,3661.0,2.3217700081944823,0.0042,0.0044,-4.545454545454549,0.0100381209593576,1100,easy-trip-planners,Small Cap,May-2025
673,8549.0,1,Man InfraConstruction Ltd.,Infrastructure,Infrastructure,Domestic Equities,257.0,251.0,2.3904382470119523,0.0042,0.0038,10.52631578947368,0.0100381209593576,1100,man-infraconstruction,Small Cap,May-2025
32,5828.0,1,Greaves Cotton Ltd.,Automobile & Ancillaries,Automobile & Ancillaries,Domestic Equities,213.0,208.0,2.403846153846154,0.0042,0.0042,0.0,0.0100381209593576,1100,greaves-cotton,Small Cap,May-2025
133537,5258.0,1,Sterlite Technologies Ltd.,Electricals,Electricals,Domestic Equities,569.0,559.0,1.7889087656529516,0.0040999999999999995,0.0034999999999999996,17.142857142857142,0.00979911807937286,1100,sterlite-technologies,Small Cap,May-2025
171704,7556.0,1,Cigniti Technologies Ltd.,IT,Information Technology,Domestic Equities,26.0,25.0,4.0,0.0040999999999999995,0.0034000000000000002,20.58823529411763,0.00979911807937286,1100,cigniti-technologies,Small Cap,May-2025
171440,6777.0,1,Greenply Industries Ltd.,Construction Materials,Construction Materials,Domestic Equities,126.0,123.0,2.4390243902439024,0.0040999999999999995,0.0036,13.888888888888888,0.00979911807937286,1100,greenply-industries,Small Cap,May-2025
211886,111359.0,1,Entero Healthcare Solutions Ltd.,Trading,Trading,Domestic Equities,34.0,33.0,3.0303030303030303,0.0040999999999999995,0.0043,-4.651162790697678,0.00979911807937286,1100,entero-healthcare-solutions,Small Cap,May-2025
153043,7287.0,1,Just Dial Ltd.,Business Services,Information Technology,Domestic Equities,46.0,45.0,2.2222222222222223,0.0040999999999999995,0.0042,-2.380952380952383,0.00979911807937286,1100,just-dial,Small Cap,May-2025
171818,5576.0,1,Nocil Ltd.,Chemicals,Chemicals,Domestic Equities,231.0,225.0,2.666666666666667,0.0040999999999999995,0.004,2.4999999999999885,0.00979911807937286,1100,nocil,Small Cap,May-2025
171423,6205.0,1,Nesco Ltd.,Capital Goods,Capital Goods,Domestic Equities,44.0,43.0,2.3255813953488373,0.0040999999999999995,0.0040999999999999995,0.0,0.00979911807937286,1100,nesco,Small Cap,May-2025
75723,6469.0,1,Shivalik Bimetal Controls Ltd.,Non - Ferrous Metals,Non - Ferrous Metals,Domestic Equities,80.0,78.0,2.564102564102564,0.004,0.0034000000000000002,17.64705882352941,0.00956011519938815,1100,shivalik-bimetal-controls,Small Cap,May-2025
171778,6916.0,1,Shoppers Stop Ltd.,Retailing,Retailing,Domestic Equities,79.0,77.0,2.5974025974025974,0.004,0.0039000000000000003,2.5641025641025665,0.00956011519938815,1100,shoppers-stop,Small Cap,May-2025
160292,110213.0,1,ASK Automotive Ltd.,Automobile & Ancillaries,Automobile & Ancillaries,Domestic Equities,88.0,86.0,2.3255813953488373,0.004,0.0034000000000000002,17.64705882352941,0.00956011519938815,1100,ask-automotive,Small Cap,May-2025
198396,104128.0,1,Yatharth Hospital & Trauma Care Services Ltd.,Healthcare,Healthcare,Domestic Equities,79.0,77.0,2.5974025974025974,0.004,0.0037,8.108108108108116,0.00956011519938815,1100,yatharth-hospital-trauma-care-services,Small Cap,May-2025
171515,5866.0,1,Sun Pharma Advanced Research Company Ltd.,Business Services,Healthcare,Domestic Equities,211.0,206.0,2.4271844660194173,0.0039000000000000003,0.003,30.00000000000001,0.00932111231940345,1100,sun-pharma-advanced-research-company,Small Cap,May-2025
39285,6684.0,1,Skipper Ltd.,Capital Goods,Capital Goods,Domestic Equities,80.0,78.0,2.564102564102564,0.0039000000000000003,0.0036,8.333333333333341,0.00932111231940345,1100,skipper,Small Cap,May-2025
133628,7605.0,1,UCO Bank,Bank,Banking,Domestic Equities,1173.0,1147.0,2.2667829119442024,0.0039000000000000003,0.0036,8.333333333333341,0.00932111231940345,1100,uco-bank,Mid Cap,May-2025
139531,7409.0,1,Gulf Oil Lubricants India Ltd.,Automobile & Ancillaries,Automobile & Ancillaries,Domestic Equities,33.0,32.0,3.125,0.0039000000000000003,0.0038,2.6315789473684235,0.00932111231940345,1100,gulf-oil-lubricants-india,Small Cap,May-2025
40233,98928.0,1,Supriya Lifescience Ltd.,Healthcare,Healthcare,Domestic Equities,54.0,53.0,1.8867924528301887,0.0039000000000000003,0.0034000000000000002,14.705882352941172,0.00932111231940345,1100,supriya-lifescience,Small Cap,May-2025
76241,86002.0,1,Star Cement Ltd.,Construction Materials,Construction Materials,Domestic Equities,178.0,174.0,2.2988505747126435,0.0039000000000000003,0.0038,2.6315789473684235,0.00932111231940345,1100,star-cement,Small Cap,May-2025
77419,105086.0,1,Sula Vineyards Ltd.,Alcohol,Alcohol,Domestic Equities,133.0,130.0,2.307692307692308,0.0039000000000000003,0.0037,5.405405405405411,0.00932111231940345,1100,sula-vineyards,Small Cap,May-2025
782,108121.0,1,Cyient DLM Ltd.,Electricals,Electricals,Domestic Equities,80.0,78.0,2.564102564102564,0.0039000000000000003,0.0034999999999999996,11.42857142857144,0.00932111231940345,1100,cyient-dlm,Small Cap,May-2025
171642,5835.0,1,Symphony Ltd.,Consumer Durables,Consumer Durables,Domestic Equities,32.0,32.0,0.0,0.0039000000000000003,0.0037,5.405405405405411,0.00932111231940345,1100,symphony,Small Cap,May-2025
171352,4930.0,1,Prism Johnson Ltd.,Construction Materials,Construction Materials,Domestic Equities,261.0,256.0,1.953125,0.0038,0.0032,18.75,0.00908210943941874,1100,prism-johnson,Small Cap,May-2025
195785,102076.0,1,Aether Industries Ltd.,Chemicals,Chemicals,Domestic Equities,51.0,50.0,2.0,0.0038,0.004,-5.000000000000004,0.00908210943941874,1100,aether-industries,Small Cap,May-2025
171464,5049.0,1,Jamna Auto Industries Ltd.,Automobile & Ancillaries,Automobile & Ancillaries,Domestic Equities,413.0,404.0,2.2277227722772275,0.0038,0.0032,18.75,0.00908210943941874,1100,jamna-auto-industries,Small Cap,May-2025
519,6606.0,1,Paisalo Digital Ltd.,Finance,Finance,Domestic Equities,1213.0,1185.0,2.3628691983122363,0.0037,0.0038,-2.6315789473684235,0.00884310655943404,1100,paisalo-digital,Small Cap,May-2025
56678,7680.0,1,VST Industries Ltd.,FMCG,Fast Moving Consumer Goods,Domestic Equities,130.0,127.0,2.3622047244094486,0.0037,0.0037,0.0,0.00884310655943404,1100,vst-industries,Small Cap,May-2025
152319,8540.0,1,Sunflag Iron And Steel Company Ltd.,Iron & Steel,Iron & Steel,Domestic Equities,142.0,139.0,2.158273381294964,0.0037,0.0033,12.121212121212114,0.00884310655943404,1100,sunflag-iron-and-steel-company,Small Cap,May-2025
114765,102573.0,1,TVS Supply Chain Solutions Ltd.,Logistics,Logistics,Domestic Equities,296.0,289.0,2.422145328719723,0.0037,0.0033,12.121212121212114,0.00884310655943404,1100,tvs-supply-chain-solutions,Small Cap,May-2025
152598,7090.0,1,Technocraft Industries (India) Ltd.,Iron & Steel,Iron & Steel,Domestic Equities,12.0,11.0,9.090909090909092,0.0037,0.0026,42.3076923076923,0.00884310655943404,1100,technocraft-industries-india,Small Cap,May-2025
152564,7776.0,1,Fiem Industries Ltd.,Automobile & Ancillaries,Automobile & Ancillaries,Domestic Equities,23.0,22.0,4.545454545454546,0.0037,0.0032,15.624999999999996,0.00884310655943404,1100,fiem-industries,Small Cap,May-2025
133806,98191.0,1,Laxmi Organic Industries Ltd.,Chemicals,Chemicals,Domestic Equities,179.0,175.0,2.2857142857142856,0.0037,0.0031,19.35483870967742,0.00884310655943404,1100,laxmi-organic-industries,Small Cap,May-2025
186383,97418.0,1,TARC Ltd.,Realty,Realty,Domestic Equities,213.0,208.0,2.403846153846154,0.0036,0.0032,12.499999999999993,0.00860410367944934,1100,tarc,Small Cap,May-2025
116244,86677.0,1,Dishman Carbogen Amcis Ltd.,Healthcare,Healthcare,Domestic Equities,135.0,132.0,2.272727272727273,0.0036,0.0025,43.99999999999999,0.00860410367944934,1100,dishman-carbogen-amcis,Small Cap,May-2025
133009,8651.0,1,Heritage Foods Ltd.,FMCG,Fast Moving Consumer Goods,Domestic Equities,90.0,88.0,2.272727272727273,0.0036,0.0034000000000000002,5.8823529411764595,0.00860410367944934,1100,heritage-foods,Small Cap,May-2025
2348,5821.0,1,Sharda Cropchem Ltd.,Chemicals,Chemicals,Domestic Equities,48.0,47.0,2.127659574468085,0.0034999999999999996,0.0026,34.615384615384606,0.00836510079946463,1100,sharda-cropchem,Small Cap,May-2025
40323,8128.0,1,RattanIndia Enterprises Ltd.,Business Services,Other,Domestic Equities,737.0,720.0,2.361111111111111,0.0034000000000000002,0.003,13.333333333333346,0.00812609791947993,1100,rattanindia-enterprises,Small Cap,May-2025
193124,100508.0,1,Electronics Mart India Ltd.,Retailing,Retailing,Domestic Equities,285.0,279.0,2.1505376344086025,0.0034000000000000002,0.0037,-8.1081081081081,0.00812609791947993,1100,electronics-mart-india,Small Cap,May-2025
171614,5038.0,1,Gujarat Ambuja Exports Ltd.,Agri,Agriculture,Domestic Equities,294.0,287.0,2.4390243902439024,0.0034000000000000002,0.0034000000000000002,0.0,0.00812609791947993,1100,gujarat-ambuja-exports,Small Cap,May-2025
39219,111883.0,1,Akums Drugs & Pharmaceuticals Ltd.,Healthcare,Healthcare,Domestic Equities,58.0,56.0,3.571428571428571,0.0033,0.0029,13.793103448275875,0.00788709503949523,1100,akums-drugs-pharmaceuticals,Small Cap,May-2025
39606,5158.0,1,Wonderla Holidays Ltd.,Hospitality,Hospitality,Domestic Equities,50.0,49.0,2.0408163265306123,0.0033,0.0033,0.0,0.00788709503949523,1100,wonderla-holidays,Small Cap,May-2025
311,7883.0,1,Aarti Drugs Ltd.,Healthcare,Healthcare,Domestic Equities,74.0,72.0,2.7777777777777777,0.0033,0.0025,32.00000000000001,0.00788709503949523,1100,aarti-drugs,Small Cap,May-2025
57043,5095.0,1,Balaji Amines Ltd.,Chemicals,Chemicals,Domestic Equities,23.0,22.0,4.545454545454546,0.0033,0.0028000000000000004,17.85714285714285,0.00788709503949523,1100,balaji-amines,Small Cap,May-2025
152326,6287.0,1,Thirumalai Chemicals Ltd.,Chemicals,Chemicals,Domestic Equities,124.0,121.0,2.479338842975207,0.0031,0.003,3.3333333333333366,0.00740908927952582,1100,thirumalai-chemicals,Small Cap,May-2025
171329,5022.0,1,Bombay Dyeing And Manufacturing Company Ltd.,Textile,Textile,Domestic Equities,200.0,195.0,2.564102564102564,0.0031,0.0025,24.0,0.00740908927952582,1100,bombay-dyeing-and-manufacturing-company,Small Cap,May-2025
114419,8319.0,1,Vaibhav Global Ltd.,Retailing,Retailing,Domestic Equities,123.0,121.0,1.6528925619834711,0.0031,0.0027,14.814814814814806,0.00740908927952582,1100,vaibhav-global,Small Cap,May-2025
172778,92545.0,1,Greenpanel Industries Ltd.,Construction Materials,Construction Materials,Domestic Equities,122.0,119.0,2.5210084033613445,0.0031,0.0028000000000000004,10.714285714285703,0.00740908927952582,1100,greenpanel-industries,Small Cap,May-2025
57351,17074.0,1,Advanced Enzyme Technologies Ltd.,Healthcare,Healthcare,Domestic Equities,101.0,99.0,2.0202020202020203,0.0031,0.0028000000000000004,10.714285714285703,0.00740908927952582,1100,advanced-enzyme-technologies,Small Cap,May-2025
63725,92864.0,1,Route Mobile Ltd.,IT,Information Technology,Domestic Equities,33.0,32.0,3.125,0.0031,0.003,3.3333333333333366,0.00740908927952582,1100,route-mobile,Small Cap,May-2025
38457,7732.0,1,The Orissa Minerals Development Company Ltd.,Mining,Mining,Domestic Equities,6.0,6.0,0.0,0.0031,0.003,3.3333333333333366,0.00740908927952582,1100,the-orissa-minerals-development-company,Small Cap,May-2025
198482,104165.0,1,DCX Systems Ltd.,Capital Goods,Capital Goods,Domestic Equities,101.0,99.0,2.0202020202020203,0.0031,0.0028000000000000004,10.714285714285703,0.00740908927952582,1100,dcx-systems,Small Cap,May-2025
195746,102043.0,1,Venus Pipes & Tubes Ltd.,Iron & Steel,Iron & Steel,Domestic Equities,22.0,22.0,0.0,0.0031,0.0027,14.814814814814806,0.00740908927952582,1100,venus-pipes-tubes,Small Cap,May-2025
171880,111948.0,1,Transrail Lighting Ltd.,Capital Goods,Capital Goods,Domestic Equities,50.0,49.0,2.0408163265306123,0.003,0.0023,30.43478260869564,0.00717008639954111,1100,transrail-lighting,Small Cap,May-2025
182599,95655.0,1,Borosil Ltd.,Consumer Durables,Consumer Durables,Domestic Equities,84.0,82.0,2.4390243902439024,0.003,0.0026,15.384615384615378,0.00717008639954111,1100,borosil,Small Cap,May-2025
1607,90490.0,1,Prince Pipes and Fittings Ltd.,Plastic Products,Plastic Products,Domestic Equities,91.0,89.0,2.247191011235955,0.003,0.0022,36.36363636363636,0.00717008639954111,1100,prince-pipes-and-fittings,Small Cap,May-2025
65894,112188.0,1,Zinka Logistics Solutions Ltd.,Logistics,Logistics,Domestic Equities,67.0,66.0,1.5151515151515151,0.0029,0.0028000000000000004,3.5714285714285547,0.00693108351955641,1100,zinka-logistics-solutions,Small Cap,May-2025
113784,6078.0,1,Subros Ltd.,Automobile & Ancillaries,Automobile & Ancillaries,Domestic Equities,40.0,39.0,2.564102564102564,0.0029,0.0023,26.08695652173912,0.00693108351955641,1100,subros,Small Cap,May-2025
200319,104923.0,1,Innova Captab Ltd.,Healthcare,Healthcare,Domestic Equities,33.0,32.0,3.125,0.0029,0.0028000000000000004,3.5714285714285547,0.00693108351955641,1100,innova-captab,Small Cap,May-2025
133836,91540.0,1,MSTC Ltd.,Trading,Information Technology,Domestic Equities,52.0,51.0,1.9607843137254901,0.0029,0.0026,11.538461538461526,0.00693108351955641,1100,mstc,Small Cap,May-2025
428,6829.0,1,Hikal Ltd.,Healthcare,Healthcare,Domestic Equities,78.0,76.0,2.631578947368421,0.0029,0.0029,0.0,0.00693108351955641,1100,hikal,Small Cap,May-2025
19092,7145.0,1,IFB Industries Ltd.,Consumer Durables,Consumer Durables,Domestic Equities,21.0,21.0,0.0,0.0029,0.0027,7.407407407407393,0.00693108351955641,1100,ifb-industries,Small Cap,May-2025
152239,7211.0,1,Heidelberg Cement India Ltd.,Construction Materials,Construction Materials,Domestic Equities,146.0,142.0,2.8169014084507045,0.0029,0.0027,7.407407407407393,0.00693108351955641,1100,heidelberg-cement-india,Small Cap,May-2025
94495,5412.0,1,MMTC Ltd.,Trading,Trading,Domestic Equities,321.0,314.0,2.229299363057325,0.0028000000000000004,0.0018,55.55555555555558,0.00669208063957171,1100,mmtc,Small Cap,May-2025
38173,6330.0,1,Optiemus Infracom Ltd.,Trading,Trading,Domestic Equities,45.0,44.0,2.272727272727273,0.0028000000000000004,0.0023,21.739130434782613,0.00669208063957171,1100,optiemus-infracom,Small Cap,May-2025
46352,86526.0,1,Share India Securities Ltd.,Finance,Finance,Domestic Equities,160.0,157.0,1.910828025477707,0.0028000000000000004,0.0023,21.739130434782613,0.00669208063957171,1100,share-india-securities,Small Cap,May-2025
152115,8260.0,1,National Fertilizers Ltd.,Chemicals,Chemicals,Domestic Equities,264.0,258.0,2.3255813953488373,0.0026,0.0022,18.181818181818183,0.0062140748796023,1100,national-fertilizers,Small Cap,May-2025
59969,6489.0,1,JTL Industries Ltd,Iron & Steel,Iron & Steel,Domestic Equities,381.0,373.0,2.1447721179624666,0.0026,0.0024,8.333333333333341,0.0062140748796023,1100,jtl-industries,Small Cap,May-2025
217249,111970.0,1,PN Gadgil Jewellers Ltd.,Retailing,Diamond & Jewellery,Domestic Equities,48.0,47.0,2.127659574468085,0.0026,0.0024,8.333333333333341,0.0062140748796023,1100,pn-gadgil-jewellers,Small Cap,May-2025
38106,5893.0,1,Stylam Industries Ltd.,Construction Materials,Construction Materials,Domestic Equities,16.0,16.0,0.0,0.0026,0.0025,4.0000000000000036,0.0062140748796023,1100,stylam-industries,Small Cap,May-2025
152192,8410.0,1,Kalyani Steels Ltd.,Iron & Steel,Iron & Steel,Domestic Equities,32.0,31.0,3.225806451612903,0.0025,0.0022,13.636363636363635,0.0059750719996176,1100,kalyani-steels,Small Cap,May-2025
174611,96811.0,1,Hemisphere Properties India Ltd.,Realty,Realty,Domestic Equities,187.0,182.0,2.7472527472527473,0.0025,0.0024,4.1666666666666705,0.0059750719996176,1100,hemisphere-properties-india,Small Cap,May-2025
97709,93131.0,1,Rossari Biotech Ltd.,Chemicals,Chemicals,Domestic Equities,37.0,36.0,2.7777777777777777,0.0025,0.0024,4.1666666666666705,0.0059750719996176,1100,rossari-biotech,Small Cap,May-2025
133648,6385.0,1,Datamatics Global Services Ltd.,IT,Information Technology,Domestic Equities,42.0,41.0,2.4390243902439024,0.0025,0.0024,4.1666666666666705,0.0059750719996176,1100,datamatics-global-services,Small Cap,May-2025
133311,8457.0,1,Bhansali Engineering Polymers Ltd.,Chemicals,Chemicals,Domestic Equities,200.0,196.0,2.0408163265306123,0.0024,0.0021,14.285714285714285,0.00573606911963289,1100,bhansali-engineering-polymers,Small Cap,May-2025
134168,15856.0,1,Lux Industries Ltd.,Textile,Textile,Domestic Equities,16.0,16.0,0.0,0.0024,0.0022,9.090909090909086,0.00573606911963289,1100,lux-industries,Small Cap,May-2025
152548,6598.0,1,Allcargo Logistics Ltd.,Logistics,Logistics,Domestic Equities,766.0,748.0,2.406417112299465,0.0023,0.0022,4.545454545454549,0.00549706623964819,1100,allcargo-logistics,Small Cap,May-2025
152065,7928.0,1,Johnson Controls - Hitachi Air Conditioning India Ltd.,Consumer Durables,Consumer Durables,Domestic Equities,14.0,14.0,0.0,0.0023,0.0025,-7.9999999999999964,0.00549706623964819,1100,johnson-controls-hitachi-air-conditioning-india,Small Cap,May-2025
76139,111824.0,1,Bansal Wire Industries Ltd.,Iron & Steel,Iron & Steel,Domestic Equities,61.0,60.0,1.6666666666666667,0.0022,0.0021,4.761904761904766,0.00525806335966348,1100,bansal-wire-industries,Small Cap,May-2025
221833,112370.0,1,Ventive Hospitality Ltd.,Hospitality,Hospitality,Domestic Equities,29.0,28.0,3.571428571428571,0.0022,0.002,9.999999999999995,0.00525806335966348,1100,ventive-hospitality,Small Cap,May-2025
202504,105983.0,1,Enviro Infra Engineers Ltd.,Infrastructure,Infrastructure,Domestic Equities,88.0,86.0,2.3255813953488373,0.0021,0.0017000000000000001,23.52941176470587,0.00501906047967878,1100,enviro-infra-engineers,Small Cap,May-2025
95878,5075.0,1,Fineotex Chemical Ltd.,Chemicals,Chemicals,Domestic Equities,82.0,80.0,2.5,0.002,0.0019,5.263157894736847,0.00478005759969408,1100,fineotex-chemical,Small Cap,May-2025
317,5676.0,1,Orchid Pharma Ltd.,Healthcare,Healthcare,Domestic Equities,32.0,31.0,3.225806451612903,0.002,0.0025,-19.999999999999996,0.00478005759969408,1100,orchid-pharma,Small Cap,May-2025
157408,15531.0,1,Imagicaaworld Entertainment Ltd.,Hospitality,Hospitality,Domestic Equities,299.0,292.0,2.3972602739726026,0.002,0.0019,5.263157894736847,0.00478005759969408,1100,imagicaaworld-entertainment,Small Cap,May-2025
1849,89205.0,1,Spandana Sphoorty Financial Ltd.,Finance,Finance,Domestic Equities,67.0,65.0,3.076923076923077,0.0019,0.0018,5.555555555555561,0.00454105471970937,1100,spandana-sphoorty-financial,Small Cap,May-2025
95051,5923.0,1,Jindal Worldwide Ltd.,Textile,Textile,Domestic Equities,318.0,310.0,2.5806451612903225,0.0019,0.0021,-9.523809523809518,0.00454105471970937,1100,jindal-worldwide,Small Cap,May-2025
58192,8446.0,1,Indian Metals & Ferro Alloys Ltd.,Ferro Manganese,Ferro Manganese,Domestic Equities,31.0,31.0,0.0,0.0019,0.0018,5.555555555555561,0.00454105471970937,1100,indian-metals-ferro-alloys,Small Cap,May-2025
38751,93427.0,1,Apeejay Surrendra Park Hotels Ltd.,Hospitality,Hospitality,Domestic Equities,126.0,123.0,2.4390243902439024,0.0019,0.0019,0.0,0.00454105471970937,1100,apeejay-surrendra-park-hotels,Small Cap,May-2025
216574,111935.0,1,Ceigall India Ltd.,Infrastructure,Infrastructure,Domestic Equities,66.0,65.0,1.5384615384615385,0.0016,0.0017000000000000001,-5.8823529411764754,0.00382404607975526,1100,ceigall-india,Small Cap,May-2025
213604,111699.0,1,Gopal Snacks Ltd.,FMCG,Fast Moving Consumer Goods,Domestic Equities,44.0,43.0,2.3255813953488373,0.0015,0.0012,25.0,0.00358504319977056,1100,gopal-snacks,Small Cap,May-2025
19054,7594.0,1,Responsive Industries Ltd.,Plastic Products,Plastic Products,Domestic Equities,76.0,74.0,2.7027027027027026,0.0015,0.0013,15.384615384615378,0.00358504319977056,1100,responsive-industries,Small Cap,May-2025
115304,8666.0,1,Hathway Cable & Datacom Ltd.,Telecom,Telecom,Domestic Equities,942.0,921.0,2.2801302931596092,0.0015,0.0012,25.0,0.00358504319977056,1100,hathway-cable-datacom,Small Cap,May-2025
228482,,1,STL Networks Ltd.,Others,,Domestic Equities,557.0,557.0,0.0,0.0014000000000000002,0.0014000000000000002,0.0,0.00334604031978585,1100,,,May-2025
221137,112298.0,1,Unimech Aerospace and Manufacturing Ltd.,Capital Goods,Capital Goods,Domestic Equities,9.0,9.0,0.0,0.0012,0.0008,49.999999999999986,0.00286803455981645,1100,unimech-aerospace-and-manufacturing,Small Cap,May-2025
75586,5176.0,1,Jai Corp Ltd.,Plastic Products,Plastic Products,Domestic Equities,95.0,93.0,2.1505376344086025,0.0011,0.0008,37.5,0.00262903167983174,1100,jai-corp,Small Cap,May-2025
