CompanyID,SecurityID,MfSchemeAssetAllocationID,Name,SectorName,EquitySectorName,Type,NoOfShare,PrevNoOfShare,SharesZG,MarketValue,PrevMarketValue,MarketValueZG,HoldingPercentage,Priority,SecuritySlug,McapCategory,Month
171875,5051.0,1,HDFC Bank Ltd.,Bank,Banking,Domestic Equities,90005.0,91164.0,-1.2713351761660303,6.7314739999999995,7.278534,-7.516073978633613,12.261180640684,1100,hdfc-bank,Large Cap,Jul-2026
171888,8748.0,1,ICICI Bank Ltd.,Bank,Banking,Domestic Equities,42337.0,42883.0,-1.2732318168038617,6.076418,5.902416,2.947979268150541,11.0680155262137,1100,icici-bank,Large Cap,Jul-2026
171531,4897.0,1,Reliance Industries Ltd.,Crude Oil,Crude Oil,Domestic Equities,39956.0,40471.0,-1.2725161226557287,5.223447999999999,5.23634,-0.24620250021962875,9.51435591895914,1100,reliance-industries,Large Cap,Jul-2026
133593,6508.0,1,Bharti Airtel Ltd.,Telecom,Telecom,Domestic Equities,17991.0,18223.0,-1.273116391373539,3.546296,3.374991,5.07571723894967,6.45947319433086,1100,bharti-airtel,Large Cap,Jul-2026
152372,4964.0,1,Larsen & Toubro Ltd.,Infrastructure,Infrastructure,Domestic Equities,6905.0,6994.0,-1.272519302259079,2.719603,2.898279,-6.164899928543795,4.95367636478223,1100,larsen-toubro,Large Cap,Jul-2026
133350,8843.0,1,State Bank Of India,Bank,Banking,Domestic Equities,24529.0,24845.0,-1.271885691285973,2.518638,2.55183,-1.3007136055301471,4.58762456580699,1100,state-bank-of-india,Large Cap,Jul-2026
171889,4926.0,1,Infosys Ltd.,IT,Information Technology,Domestic Equities,20596.0,20862.0,-1.2750455373406193,2.327348,2.0874520000000003,11.492288205908444,4.23919549295364,1100,infosys,Large Cap,Jul-2026
171400,5889.0,1,Axis Bank Ltd.,Bank,Banking,Domestic Equities,16892.0,17110.0,-1.2741087083576856,2.076956,2.303006,-9.815432526011652,3.78311387650795,1100,axis-bank,Large Cap,Jul-2026
171484,6114.0,1,Bajaj Finance Ltd.,Finance,Finance,Domestic Equities,15809.0,16013.0,-1.2739649035158933,1.804914,1.6089060000000002,12.182688112294933,3.28759742589803,1100,bajaj-finance,Large Cap,Jul-2026
171656,5311.0,1,Mahindra & Mahindra Ltd.,Automobile & Ancillaries,Automobile & Ancillaries,Domestic Equities,5287.0,5355.0,-1.2698412698412698,1.79565,1.6440919999999999,9.218340579480953,3.27072332411062,1100,mahindra-mahindra,Large Cap,Jul-2026
171492,5886.0,1,Kotak Mahindra Bank Ltd.,Bank,Banking,Domestic Equities,43465.0,44024.0,-1.2697619480283482,1.696004,1.729923,-1.96072310732905,3.08922108461277,1100,kotak-mahindra-bank,Large Cap,Jul-2026
152408,5535.0,1,ITC Ltd.,FMCG,Fast Moving Consumer Goods,Domestic Equities,56972.0,57705.0,-1.2702538774802878,1.6006280000000002,1.6561340000000002,-3.3515403946782096,2.91549652372374,1100,itc,Large Cap,Jul-2026
171915,6797.0,1,Tata Consultancy Services Ltd.,IT,Information Technology,Domestic Equities,5982.0,6059.0,-1.2708367717445122,1.415102,1.232431,14.82200626241956,2.57756640625712,1100,tata-consultancy-services,Large Cap,Jul-2026
156921,98676.0,1,Eternal Ltd.,Retailing,Information Technology,Domestic Equities,42741.0,43291.0,-1.2704719225705112,1.292274,1.145696,12.79379521269167,2.35383883994193,1100,eternal,Large Cap,Jul-2026
420,5071.0,1,Sun Pharmaceutical Industries Ltd.,Healthcare,Healthcare,Domestic Equities,6376.0,6458.0,-1.2697429544750698,1.26841,1.202932,5.443200446908051,2.31037127031167,1100,sun-pharmaceutical-industries,Large Cap,Jul-2026
171461,6050.0,1,Titan Company Ltd.,Diamond  &  Jewellery,Diamond & Jewellery,Domestic Equities,2412.0,2443.0,-1.2689316414244782,1.1759220000000001,1.076215,9.264598616447465,2.14190711593841,1100,titan-company,Large Cap,Jul-2026
171717,5016.0,1,Hindustan Unilever Ltd.,FMCG,Fast Moving Consumer Goods,Domestic Equities,5272.0,5340.0,-1.2734082397003745,1.107542,1.1314929999999999,-2.116760775364938,2.01735496997306,1100,hindustan-unilever,Large Cap,Jul-2026
133625,7239.0,1,Maruti Suzuki India Ltd.,Automobile & Ancillaries,Automobile & Ancillaries,Domestic Equities,761.0,771.0,-1.297016861219196,1.083618,1.088633,-0.46066948181801665,1.97377811211879,1100,maruti-suzuki-india,Large Cap,Jul-2026
133664,7760.0,1,NTPC Ltd.,Power,Power,Domestic Equities,28058.0,28419.0,-1.2702769274077201,0.974033,1.013848,-3.9271172799078333,1.77417227831339,1100,ntpc,Large Cap,Jul-2026
152362,5226.0,1,Tata Steel Ltd.,Iron & Steel,Iron & Steel,Domestic Equities,48654.0,49280.0,-1.2702922077922079,0.923453,0.927203,-0.4044421771715579,1.68204230547151,1100,tata-steel,Large Cap,Jul-2026
171528,8219.0,1,HCL Technologies Ltd.,IT,Information Technology,Domestic Equities,6250.0,6330.0,-1.263823064770932,0.8415630000000001,0.6785760000000001,24.018975030062947,1.53288209439953,1100,hcl-technologies,Large Cap,Jul-2026
133654,6850.0,1,Ultratech Cement Ltd.,Construction Materials,Construction Materials,Domestic Equities,696.0,705.0,-1.276595744680851,0.828567,0.794524,4.2847037974938535,1.50921026507859,1100,ultratech-cement,Large Cap,Jul-2026
133309,5981.0,1,Bharat Electronics Ltd.,Capital Goods,Capital Goods,Domestic Equities,21151.0,21424.0,-1.2742718446601942,0.820236,0.88299,-7.106988754119531,1.49403559517456,1100,bharat-electronics,Large Cap,Jul-2026
517,7825.0,1,Power Grid Corporation Of India Ltd.,Power,Power,Domestic Equities,26912.0,27258.0,-1.269352116809744,0.765108,0.780397,-1.9591310576539802,1.3936215749526,1100,power-grid-corporation-of-india,Large Cap,Jul-2026
539,7794.0,1,Adani Ports and Special Economic Zone Ltd.,Logistics,Logistics,Domestic Equities,4354.0,4410.0,-1.2698412698412698,0.739962,0.7982980000000001,-7.307546805829407,1.34781888026929,1100,adani-ports-and-special-economic-zone,Large Cap,Jul-2026
171658,4978.0,1,Asian Paints Ltd.,Chemicals,Chemicals,Domestic Equities,2662.0,2696.0,-1.261127596439169,0.7316509999999999,0.71107,2.8943704557919703,1.33268063977326,1100,asian-paints,Large Cap,Jul-2026
96486,15829.0,1,Interglobe Aviation Ltd.,Aviation,Aviation,Domestic Equities,1324.0,1341.0,-1.267710663683818,0.6846070000000001,0.720077,-4.9258620953036925,1.24699138626648,1100,interglobe-aviation,Large Cap,Jul-2026
171708,8443.0,1,Bajaj Finserv Ltd.,Finance,Finance,Domestic Equities,3308.0,3351.0,-1.2831990450611759,0.671326,0.597483,12.359012725048238,1.22280043788148,1100,bajaj-finserv,Large Cap,Jul-2026
171369,7531.0,1,Tech Mahindra Ltd.,IT,Information Technology,Domestic Equities,3761.0,3810.0,-1.2860892388451444,0.621167,0.535381,16.023355330129387,1.13143730407809,1100,tech-mahindra,Large Cap,Jul-2026
152205,8185.0,1,Trent Ltd.,Retailing,Retailing,Domestic Equities,1952.0,1977.0,-1.2645422357106728,0.586498,0.648407,-9.547861142769895,1.06828874677372,1100,trent,Large Cap,Jul-2026
171875,5051.0,1,HDFC Bank Ltd.,Bank,Banking,Domestic Equities,88043.0,87015.0,1.1814055047980232,6.557002,6.710597,-2.2888425575250646,12.7899077379211,1100,hdfc-bank,Large Cap,May-2026
171888,8748.0,1,ICICI Bank Ltd.,Bank,Banking,Domestic Equities,41360.0,40877.0,1.1815935611713189,5.194815999999999,5.161743,0.6407331786956346,10.132865195935,1100,icici-bank,Large Cap,May-2026
171531,4897.0,1,Reliance Industries Ltd.,Crude Oil,Crude Oil,Domestic Equities,39099.0,38642.0,1.1826510015009577,5.1632180000000005,5.529090999999999,-6.617235997743556,10.0712310063004,1100,reliance-industries,Large Cap,May-2026
133593,6508.0,1,Bharti Airtel Ltd.,Telecom,Telecom,Domestic Equities,16475.0,16282.0,1.185358064119887,3.014431,3.070867,-1.8377871786697344,5.87986619072698,1100,bharti-airtel,Large Cap,May-2026
152372,4964.0,1,Larsen & Toubro Ltd.,Infrastructure,Infrastructure,Domestic Equities,6757.0,6678.0,1.1829889188379754,2.754592,2.6796480000000003,2.796785249405886,5.37303138471141,1100,larsen-toubro,Large Cap,May-2026
171889,4926.0,1,Infosys Ltd.,IT,Information Technology,Domestic Equities,20153.0,19918.0,1.1798373330655687,2.337244,2.353312,-0.6827823934947822,4.5589638558917,1100,infosys,Large Cap,May-2026
133350,8843.0,1,State Bank Of India,Bank,Banking,Domestic Equities,24002.0,23722.0,1.1803389258915775,2.313793,2.53351,-8.672434685475881,4.51322098035774,1100,state-bank-of-india,Large Cap,May-2026
171400,5889.0,1,Axis Bank Ltd.,Bank,Banking,Domestic Equities,16517.0,16324.0,1.182308257779956,2.127224,2.069393,2.794587591627105,4.14930462090624,1100,axis-bank,Large Cap,May-2026
171492,5886.0,1,Kotak Mahindra Bank Ltd.,Bank,Banking,Domestic Equities,42531.0,42035.0,1.1799690733912216,1.636168,1.608469,1.7220723557619122,3.19146429477052,1100,kotak-mahindra-bank,Large Cap,May-2026
152408,5535.0,1,ITC Ltd.,FMCG,Fast Moving Consumer Goods,Domestic Equities,55748.0,55097.0,1.1815525346207598,1.599968,1.73528,-7.79770411691484,3.12085357052295,1100,itc,Large Cap,May-2026
171656,5311.0,1,Mahindra & Mahindra Ltd.,Automobile & Ancillaries,Automobile & Ancillaries,Domestic Equities,5174.0,5113.0,1.193037355759828,1.570206,1.5834450000000002,-0.8360884021863777,3.06280063198549,1100,mahindra-mahindra,Large Cap,May-2026
171484,6114.0,1,Bajaj Finance Ltd.,Finance,Finance,Domestic Equities,15461.0,15281.0,1.1779333813232118,1.398757,1.431218,-2.268068176895492,2.72837692862855,1100,bajaj-finance,Large Cap,May-2026
171915,6797.0,1,Tata Consultancy Services Ltd.,IT,Information Technology,Domestic Equities,5854.0,5786.0,1.1752506049083995,1.319433,1.431167,-7.80719510720972,2.5736497161917,1100,tata-consultancy-services,Large Cap,May-2026
420,5071.0,1,Sun Pharmaceutical Industries Ltd.,Healthcare,Healthcare,Domestic Equities,6239.0,6166.0,1.1839117742458645,1.123582,1.114936,0.775470520280981,2.19162814285993,1100,sun-pharmaceutical-industries,Large Cap,May-2026
171717,5016.0,1,Hindustan Unilever Ltd.,FMCG,Fast Moving Consumer Goods,Domestic Equities,5159.0,5099.0,1.176701313983134,1.107096,1.147581,-3.5278555500657505,2.15947100473989,1100,hindustan-unilever,Large Cap,May-2026
133664,7760.0,1,NTPC Ltd.,Power,Power,Domestic Equities,27456.0,27135.0,1.1829740187949145,1.061861,1.083094,-1.960402328883736,2.07123685801783,1100,ntpc,Large Cap,May-2026
156921,98676.0,1,Eternal Ltd.,Retailing,Information Technology,Domestic Equities,41266.0,40784.0,1.1818360141231856,1.035364,1.006549,2.862751838211555,2.0195525386701,1100,eternal,Large Cap,May-2026
133625,7239.0,1,Maruti Suzuki India Ltd.,Automobile & Ancillaries,Automobile & Ancillaries,Domestic Equities,763.0,754.0,1.1936339522546418,1.001045,1.003789,-0.2733642229592075,1.95261084128192,1100,maruti-suzuki-india,Large Cap,May-2026
152362,5226.0,1,Tata Steel Ltd.,Iron & Steel,Iron & Steel,Domestic Equities,47609.0,47053.0,1.1816462287208045,0.994552,0.99423,0.0323868722529023,1.93994577408469,1100,tata-steel,Large Cap,May-2026
171461,6050.0,1,Titan Company Ltd.,Diamond  &  Jewellery,Diamond & Jewellery,Domestic Equities,2360.0,2332.0,1.2006861063464835,0.961617,1.022804,-5.982280084942965,1.87570366902686,1100,titan-company,Large Cap,May-2026
133309,5981.0,1,Bharat Electronics Ltd.,Capital Goods,Capital Goods,Domestic Equities,20697.0,20456.0,1.178138443488463,0.85044,0.88237,-3.618663372508129,1.65884487096963,1100,bharat-electronics,Large Cap,May-2026
133654,6850.0,1,Ultratech Cement Ltd.,Construction Materials,Construction Materials,Domestic Equities,681.0,673.0,1.188707280832095,0.7796970000000001,0.779522,0.0224496550450125,1.52085552109544,1100,ultratech-cement,Large Cap,May-2026
539,7794.0,1,Adani Ports and Special Economic Zone Ltd.,Logistics,Logistics,Domestic Equities,4260.0,4211.0,1.163619092852054,0.7688240000000001,0.696984,10.30726673783042,1.49964694637876,1100,adani-ports-and-special-economic-zone,Large Cap,May-2026
517,7825.0,1,Power Grid Corporation Of India Ltd.,Power,Power,Domestic Equities,26334.0,26027.0,1.1795443193606638,0.763028,0.828309,-7.881237557481562,1.48834142820918,1100,power-grid-corporation-of-india,Large Cap,May-2026
171528,8219.0,1,HCL Technologies Ltd.,IT,Information Technology,Domestic Equities,6116.0,6044.0,1.1912640635340834,0.724348,0.724645,-0.0409855860455883,1.41289328417891,1100,hcl-technologies,Large Cap,May-2026
171658,4978.0,1,Asian Paints Ltd.,Chemicals,Chemicals,Domestic Equities,2605.0,2575.0,1.1650485436893203,0.696082,0.6294850000000001,10.579600784768491,1.35775840209101,1100,asian-paints,Large Cap,May-2026
171708,8443.0,1,Bajaj Finserv Ltd.,Finance,Finance,Domestic Equities,3237.0,3199.0,1.1878712097530475,0.5776910000000001,0.558849,3.3715726430574264,1.12682817406909,1100,bajaj-finserv,Large Cap,May-2026
96486,15829.0,1,Interglobe Aviation Ltd.,Aviation,Aviation,Domestic Equities,1296.0,1281.0,1.1709601873536302,0.571011,0.550273,3.7686748214068393,1.11379834981567,1100,interglobe-aviation,Large Cap,May-2026
171369,7531.0,1,Tech Mahindra Ltd.,IT,Information Technology,Domestic Equities,3680.0,3637.0,1.182293098707726,0.545818,0.5361119999999999,1.8104425940848268,1.06465757699885,1100,tech-mahindra,Large Cap,May-2026
152205,8185.0,1,Trent Ltd.,Retailing,Retailing,Domestic Equities,1274.0,1259.0,1.1914217633042097,0.538978,0.521767,3.2985987998474418,1.05131566114655,1100,trent,Large Cap,May-2026
171875,5051.0,1,HDFC Bank Ltd.,Bank,Banking,Domestic Equities,107027.0,77656.0,37.82193262594004,7.832236,6.891193,13.65573421031744,13.1009994396447,1100,hdfc-bank,Large Cap,Mar-2026
171531,4897.0,1,Reliance Industries Ltd.,Crude Oil,Crude Oil,Domestic Equities,47530.0,34518.0,37.69627440755548,6.38922,4.812844999999999,32.75349611300594,10.6872632080758,1100,reliance-industries,Large Cap,Mar-2026
171888,8748.0,1,ICICI Bank Ltd.,Bank,Banking,Domestic Equities,50279.0,36455.0,37.9207241804965,6.059625,5.027145,20.538098662362035,10.1359488822167,1100,icici-bank,Large Cap,Mar-2026
133593,6508.0,1,Bharti Airtel Ltd.,Telecom,Telecom,Domestic Equities,20026.0,14254.0,40.49389645011927,3.573239,2.679396,33.359869164543056,5.97696521615496,1100,bharti-airtel,Large Cap,Mar-2026
171889,4926.0,1,Infosys Ltd.,IT,Information Technology,Domestic Equities,24496.0,18226.0,34.40140458685394,3.0649400000000004,2.369289,29.36117122056449,5.12673229235491,1100,infosys,Large Cap,Mar-2026
152372,4964.0,1,Larsen & Toubro Ltd.,Infrastructure,Infrastructure,Domestic Equities,8213.0,5965.0,37.68650461022632,2.878082,2.553348,12.717968721850683,4.81417447958049,1100,larsen-toubro,Large Cap,Mar-2026
133350,8843.0,1,State Bank Of India,Bank,Banking,Domestic Equities,29181.0,21188.0,37.72418350009439,2.859154,2.546798,12.264655461485354,4.78251356979769,1100,state-bank-of-india,Large Cap,Mar-2026
171400,5889.0,1,Axis Bank Ltd.,Bank,Banking,Domestic Equities,20081.0,14567.0,37.8526807166884,2.333312,2.015854,15.748065088047053,3.90293642894779,1100,axis-bank,Large Cap,Mar-2026
152408,5535.0,1,ITC Ltd.,FMCG,Fast Moving Consumer Goods,Domestic Equities,67774.0,49210.0,37.72403982930299,1.949858,1.543226,26.349478300650723,3.26153202806795,1100,itc,Large Cap,Mar-2026
171656,5311.0,1,Mahindra & Mahindra Ltd.,Automobile & Ancillaries,Automobile & Ancillaries,Domestic Equities,6290.0,4568.0,37.6970227670753,1.859418,1.553074,19.72500988362435,3.11025282895782,1100,mahindra-mahindra,Large Cap,Mar-2026
171492,5886.0,1,Kotak Mahindra Bank Ltd.,Bank,Banking,Domestic Equities,51703.0,37528.0,37.77179705819655,1.82615,1.558538,17.170707419389196,3.05460536770179,1100,kotak-mahindra-bank,Large Cap,Mar-2026
171915,6797.0,1,Tata Consultancy Services Ltd.,IT,Information Technology,Domestic Equities,7115.0,5149.0,38.18217129539717,1.678464,1.357482,23.645396403046224,2.80757065076484,1100,tata-consultancy-services,Large Cap,Mar-2026
171484,6114.0,1,Bajaj Finance Ltd.,Finance,Finance,Domestic Equities,18798.0,13283.0,41.51923511254987,1.506472,1.323651,13.811873371455151,2.51987923089147,1100,bajaj-finance,Large Cap,Mar-2026
420,5071.0,1,Sun Pharmaceutical Industries Ltd.,Healthcare,Healthcare,Domestic Equities,7583.0,5364.0,41.36838180462342,1.332599,0.932317,42.9341093211858,2.22904145792735,1100,sun-pharmaceutical-industries,Large Cap,Mar-2026
171717,5016.0,1,Hindustan Unilever Ltd.,FMCG,Fast Moving Consumer Goods,Domestic Equities,6273.0,4539.0,38.20224719101123,1.2896029999999998,1.061332,21.507972999966068,2.15712194836368,1100,hindustan-unilever,Large Cap,Mar-2026
133664,7760.0,1,NTPC Ltd.,Power,Power,Domestic Equities,33379.0,24147.0,38.23249264919038,1.238194,0.922053,34.28664078962924,2.07112999406191,1100,ntpc,Large Cap,Mar-2026
156921,98676.0,1,Eternal Ltd.,Retailing,Information Technology,Domestic Equities,50163.0,35323.0,42.01228661212241,1.148984,0.870535,31.985962655148843,1.92190821882292,1100,eternal,Large Cap,Mar-2026
133625,7239.0,1,Maruti Suzuki India Ltd.,Automobile & Ancillaries,Automobile & Ancillaries,Domestic Equities,928.0,672.0,38.095238095238095,1.141329,0.999234,14.220392820900814,1.90910368245419,1100,maruti-suzuki-india,Large Cap,Mar-2026
171461,6050.0,1,Titan Company Ltd.,Diamond  &  Jewellery,Diamond & Jewellery,Domestic Equities,2869.0,2076.0,38.19845857418112,1.133857,0.898576,26.18376186321468,1.89660525061263,1100,titan-company,Large Cap,Mar-2026
152362,5226.0,1,Tata Steel Ltd.,Iron & Steel,Iron & Steel,Domestic Equities,57863.0,42018.0,37.7100290351754,1.109812,0.892252,24.38324598880137,1.85638512298544,1100,tata-steel,Large Cap,Mar-2026
133309,5981.0,1,Bharat Electronics Ltd.,Capital Goods,Capital Goods,Domestic Equities,25160.0,18165.0,38.508120011010185,1.00791,0.807343,24.84284870247217,1.68593340972007,1100,bharat-electronics,Large Cap,Mar-2026
171528,8219.0,1,HCL Technologies Ltd.,IT,Information Technology,Domestic Equities,7433.0,5367.0,38.49450344699087,0.996877,0.7461199999999999,33.60813274004183,1.66747848486623,1100,hcl-technologies,Large Cap,Mar-2026
517,7825.0,1,Power Grid Corporation Of India Ltd.,Power,Power,Domestic Equities,32019.0,23115.0,38.52044127190136,0.948403,0.690561,37.33804834040729,1.5863959119155,1100,power-grid-corporation-of-india,Large Cap,Mar-2026
133654,6850.0,1,Ultratech Cement Ltd.,Construction Materials,Construction Materials,Domestic Equities,818.0,602.0,35.880398671096344,0.878937,0.763351,15.141920296167816,1.47019997156406,1100,ultratech-cement,Large Cap,Mar-2026
171658,4978.0,1,Asian Paints Ltd.,Chemicals,Chemicals,Domestic Equities,3167.0,2300.0,37.69565217391304,0.685497,0.546538,25.425313518913605,1.14663243202556,1100,asian-paints,Large Cap,Mar-2026
539,7794.0,1,Adani Ports and Special Economic Zone Ltd.,Logistics,Logistics,Domestic Equities,5178.0,3747.0,38.19055244195357,0.6800790000000001,0.569862,19.340998346968235,1.13756973077856,1100,adani-ports-and-special-economic-zone,Large Cap,Mar-2026
171708,8443.0,1,Bajaj Finserv Ltd.,Finance,Finance,Domestic Equities,3857.0,2934.0,31.458759372869803,0.629308,0.584658,7.63694330702735,1.05264496056604,1100,bajaj-finserv,Large Cap,Mar-2026
96486,15829.0,1,Interglobe Aviation Ltd.,Aviation,Aviation,Domestic Equities,1555.0,1137.0,36.76341248900616,0.6132529999999999,0.548381,11.829731518779829,1.02578972458956,1100,interglobe-aviation,Large Cap,Mar-2026
171369,7531.0,1,Tech Mahindra Ltd.,IT,Information Technology,Domestic Equities,4387.0,3248.0,35.06773399014778,0.608345,0.440835,37.99834405162929,1.01758010153303,1100,tech-mahindra,Large Cap,Mar-2026
152205,8185.0,1,Trent Ltd.,Retailing,Retailing,Domestic Equities,1528.0,1124.0,35.94306049822064,0.5034230000000001,0.4383769999999999,14.837913485424655,0.842076827218212,1100,trent,Large Cap,Mar-2026
171875,5051.0,1,HDFC Bank Ltd.,Bank,Banking,Domestic Equities,77656.0,73374.0,5.835854662414479,6.891193,6.819013,1.0585109604571747,14.0108753552941,1100,hdfc-bank,Large Cap,Feb-2026
171888,8748.0,1,ICICI Bank Ltd.,Bank,Banking,Domestic Equities,36455.0,34446.0,5.8323172501887015,5.027145,4.667605,7.702879742394657,10.22097363809,1100,icici-bank,Large Cap,Feb-2026
171531,4897.0,1,Reliance Industries Ltd.,Crude Oil,Crude Oil,Domestic Equities,34518.0,32615.0,5.834738617200674,4.812844999999999,4.552728,5.7134315952984585,9.78526815303977,1100,reliance-industries,Large Cap,Feb-2026
133593,6508.0,1,Bharti Airtel Ltd.,Telecom,Telecom,Domestic Equities,14254.0,13466.0,5.851774840338631,2.679396,2.650243,1.100012338491226,5.44763198236847,1100,bharti-airtel,Large Cap,Feb-2026
152372,4964.0,1,Larsen & Toubro Ltd.,Infrastructure,Infrastructure,Domestic Equities,5965.0,5636.0,5.837473385379702,2.553348,2.216892,15.176923368391424,5.19135664415284,1100,larsen-toubro,Large Cap,Feb-2026
133350,8843.0,1,State Bank Of India,Bank,Banking,Domestic Equities,21188.0,20022.0,5.823594046548796,2.546798,2.157471,18.045526452035745,5.17803946763824,1100,state-bank-of-india,Large Cap,Feb-2026
171889,4926.0,1,Infosys Ltd.,IT,Information Technology,Domestic Equities,18226.0,17219.0,5.848190951855509,2.369289,2.824691,-16.12218823227037,4.8171358514657,1100,infosys,Large Cap,Feb-2026
171400,5889.0,1,Axis Bank Ltd.,Bank,Banking,Domestic Equities,14567.0,13761.0,5.857132475837512,2.015854,1.885601,6.907771050185054,4.09854710620804,1100,axis-bank,Large Cap,Feb-2026
171492,5886.0,1,Kotak Mahindra Bank Ltd.,Bank,Banking,Domestic Equities,37528.0,35383.0,6.062233275866942,1.558538,1.443626,7.959956387596248,3.16875200774226,1100,kotak-mahindra-bank,Large Cap,Feb-2026
171656,5311.0,1,Mahindra & Mahindra Ltd.,Automobile & Ancillaries,Automobile & Ancillaries,Domestic Equities,4568.0,4305.0,6.10917537746806,1.553074,1.477562,5.110580808114985,3.15764283942535,1100,mahindra-mahindra,Large Cap,Feb-2026
152408,5535.0,1,ITC Ltd.,FMCG,Fast Moving Consumer Goods,Domestic Equities,49210.0,46388.0,6.083469862895576,1.543226,1.494621,3.2519949873580005,3.13762031204889,1100,itc,Large Cap,Feb-2026
171915,6797.0,1,Tata Consultancy Services Ltd.,IT,Information Technology,Domestic Equities,5149.0,4871.0,5.707246971874358,1.357482,1.522212,-10.821751503732733,2.75997365028891,1100,tata-consultancy-services,Large Cap,Feb-2026
171484,6114.0,1,Bajaj Finance Ltd.,Finance,Finance,Domestic Equities,13283.0,12567.0,5.69746160579295,1.323651,1.169422,13.188481147096612,2.69118992530182,1100,bajaj-finance,Large Cap,Feb-2026
171717,5016.0,1,Hindustan Unilever Ltd.,FMCG,Fast Moving Consumer Goods,Domestic Equities,4539.0,4292.0,5.7548928238583406,1.061332,1.018771,4.177680754556229,2.15785428772421,1100,hindustan-unilever,Large Cap,Feb-2026
133625,7239.0,1,Maruti Suzuki India Ltd.,Automobile & Ancillaries,Automobile & Ancillaries,Domestic Equities,672.0,635.0,5.826771653543307,0.999234,0.927198,7.7692143425676,2.03159932173892,1100,maruti-suzuki-india,Large Cap,Feb-2026
420,5071.0,1,Sun Pharmaceutical Industries Ltd.,Healthcare,Healthcare,Domestic Equities,5364.0,5087.0,5.4452526046785925,0.932317,0.8113769999999999,14.90552480536176,1.89554657352098,1100,sun-pharmaceutical-industries,Large Cap,Feb-2026
133664,7760.0,1,NTPC Ltd.,Power,Power,Domestic Equities,24147.0,22897.0,5.4592304668733895,0.922053,0.814675,13.180470739865582,1.87467825294909,1100,ntpc,Large Cap,Feb-2026
171461,6050.0,1,Titan Company Ltd.,Diamond  &  Jewellery,Diamond & Jewellery,Domestic Equities,2076.0,1968.0,5.487804878048781,0.898576,0.7827620000000001,14.795557270281387,1.82694583263867,1100,titan-company,Large Cap,Feb-2026
152362,5226.0,1,Tata Steel Ltd.,Iron & Steel,Iron & Steel,Domestic Equities,42018.0,39719.0,5.788161836904252,0.892252,0.766974,16.33406086777387,1.81408814954274,1100,tata-steel,Large Cap,Feb-2026
156921,98676.0,1,Eternal Ltd.,Retailing,Information Technology,Domestic Equities,35323.0,33421.0,5.691032584303282,0.870535,0.914733,-4.83179244653904,1.76993408505914,1100,eternal,Large Cap,Feb-2026
133309,5981.0,1,Bharat Electronics Ltd.,Capital Goods,Capital Goods,Domestic Equities,18165.0,17266.0,5.20676473995135,0.807343,0.775243,4.140637193757322,1.64145484562241,1100,bharat-electronics,Large Cap,Feb-2026
133654,6850.0,1,Ultratech Cement Ltd.,Construction Materials,Construction Materials,Domestic Equities,602.0,567.0,6.172839506172839,0.763351,0.720093,6.007279615271918,1.55201221520557,1100,ultratech-cement,Large Cap,Feb-2026
171528,8219.0,1,HCL Technologies Ltd.,IT,Information Technology,Domestic Equities,5367.0,5100.0,5.235294117647059,0.7461199999999999,0.86417,-13.660506613282116,1.51697889176694,1100,hcl-technologies,Large Cap,Feb-2026
517,7825.0,1,Power Grid Corporation Of India Ltd.,Power,Power,Domestic Equities,23115.0,21968.0,5.221230881281865,0.690561,0.5631499999999999,22.624700346266543,1.40401873757233,1100,power-grid-corporation-of-india,Large Cap,Feb-2026
171708,8443.0,1,Bajaj Finserv Ltd.,Finance,Finance,Domestic Equities,2934.0,2755.0,6.497277676950998,0.584658,0.538148,8.642603893352764,1.1887013414768,1100,bajaj-finserv,Large Cap,Feb-2026
539,7794.0,1,Adani Ports and Special Economic Zone Ltd.,Logistics,Logistics,Domestic Equities,3747.0,3514.0,6.630620375640296,0.569862,0.498162,14.392908331024836,1.15861875465085,1100,adani-ports-and-special-economic-zone,Large Cap,Feb-2026
96486,15829.0,1,Interglobe Aviation Ltd.,Aviation,Aviation,Domestic Equities,1137.0,1081.0,5.180388529139686,0.548381,0.496974,10.34400189949574,1.11494451515312,1100,interglobe-aviation,Large Cap,Feb-2026
171658,4978.0,1,Asian Paints Ltd.,Chemicals,Chemicals,Domestic Equities,2300.0,2159.0,6.530801296896711,0.546538,0.524346,4.232319880384313,1.11119740731855,1100,asian-paints,Large Cap,Feb-2026
171369,7531.0,1,Tech Mahindra Ltd.,IT,Information Technology,Domestic Equities,3248.0,3061.0,6.109114668409017,0.440835,0.533624,-17.388460788870066,0.896286642566982,1100,tech-mahindra,Large Cap,Feb-2026
152205,8185.0,1,Trent Ltd.,Retailing,Retailing,Domestic Equities,1124.0,1060.0,6.037735849056604,0.4383769999999999,0.401274,9.246300532803014,0.891289143349748,1100,trent,Large Cap,Feb-2026
171875,5051.0,1,HDFC Bank Ltd.,Bank,Banking,Domestic Equities,73374.0,69881.0,4.998497445657618,6.819013,6.930448,-1.6079047126534989,14.6419985570605,1100,hdfc-bank,Large Cap,Jan-2026
171888,8748.0,1,ICICI Bank Ltd.,Bank,Banking,Domestic Equities,34446.0,32813.0,4.976686069545607,4.667605,4.406458,5.926460662963307,10.022427831554,1100,icici-bank,Large Cap,Jan-2026
171531,4897.0,1,Reliance Industries Ltd.,Crude Oil,Crude Oil,Domestic Equities,32615.0,31070.0,4.972642420341165,4.552728,4.876126,-6.632273243144243,9.77576033462453,1100,reliance-industries,Large Cap,Jan-2026
171889,4926.0,1,Infosys Ltd.,IT,Information Technology,Domestic Equities,17219.0,16407.0,4.949107088437862,2.824691,2.65211,6.507309274502193,6.06526509718369,1100,infosys,Large Cap,Jan-2026
133593,6508.0,1,Bharti Airtel Ltd.,Telecom,Telecom,Domestic Equities,13466.0,12824.0,5.006238303181535,2.650243,2.7003500000000003,-1.8555742774085,5.69068488091455,1100,bharti-airtel,Large Cap,Jan-2026
152372,4964.0,1,Larsen & Toubro Ltd.,Infrastructure,Infrastructure,Domestic Equities,5636.0,5369.0,4.972993108586329,2.216892,2.192216,1.125619008345895,4.76018002387721,1100,larsen-toubro,Large Cap,Jan-2026
133350,8843.0,1,State Bank Of India,Bank,Banking,Domestic Equities,20022.0,19042.0,5.1465182228757484,2.157471,1.870305,15.353966331694563,4.63258938924151,1100,state-bank-of-india,Large Cap,Jan-2026
171400,5889.0,1,Axis Bank Ltd.,Bank,Banking,Domestic Equities,13761.0,13090.0,5.126050420168067,1.885601,1.660728,13.540627965566912,4.0488215994297,1100,axis-bank,Large Cap,Jan-2026
171915,6797.0,1,Tata Consultancy Services Ltd.,IT,Information Technology,Domestic Equities,4871.0,4645.0,4.865446716899893,1.522212,1.489071,2.225615836988294,3.2685413427926,1100,tata-consultancy-services,Large Cap,Jan-2026
152408,5535.0,1,ITC Ltd.,FMCG,Fast Moving Consumer Goods,Domestic Equities,46388.0,44221.0,4.900386694104611,1.494621,1.782106,-16.13175647239839,3.20929708234203,1100,itc,Large Cap,Jan-2026
171656,5311.0,1,Mahindra & Mahindra Ltd.,Automobile & Ancillaries,Automobile & Ancillaries,Domestic Equities,4305.0,4108.0,4.7955209347614405,1.477562,1.523904,-3.0410052076771192,3.17266746257376,1100,mahindra-mahindra,Large Cap,Jan-2026
171492,5886.0,1,Kotak Mahindra Bank Ltd.,Bank,Banking,Domestic Equities,35383.0,6747.0,424.4256706684452,1.443626,1.484846,-2.77604546195364,3.09979901914471,1100,kotak-mahindra-bank,Large Cap,Jan-2026
171484,6114.0,1,Bajaj Finance Ltd.,Finance,Finance,Domestic Equities,12567.0,11993.0,4.786125239723172,1.169422,1.183289,-1.1719030600301403,2.51101959133893,1100,bajaj-finance,Large Cap,Jan-2026
171717,5016.0,1,Hindustan Unilever Ltd.,FMCG,Fast Moving Consumer Goods,Domestic Equities,4292.0,4093.0,4.86195944295138,1.018771,0.947652,7.50475913098902,2.18753703974096,1100,hindustan-unilever,Large Cap,Jan-2026
133625,7239.0,1,Maruti Suzuki India Ltd.,Automobile & Ancillaries,Automobile & Ancillaries,Domestic Equities,635.0,605.0,4.958677685950414,0.927198,1.010607,-8.253356646055282,1.99090862242225,1100,maruti-suzuki-india,Large Cap,Jan-2026
156921,98676.0,1,Eternal Ltd.,Retailing,Information Technology,Domestic Equities,33421.0,31849.0,4.935790762661308,0.914733,0.885243,3.331288697001838,1.96414338352129,1100,eternal,Large Cap,Jan-2026
171528,8219.0,1,HCL Technologies Ltd.,IT,Information Technology,Domestic Equities,5100.0,4850.0,5.154639175257731,0.86417,0.78781,9.69269240045188,1.85557292427144,1100,hcl-technologies,Large Cap,Jan-2026
133664,7760.0,1,NTPC Ltd.,Power,Power,Domestic Equities,22897.0,21781.0,5.123731692759745,0.814675,0.717575,13.531686583283989,1.74929570811396,1100,ntpc,Large Cap,Jan-2026
420,5071.0,1,Sun Pharmaceutical Industries Ltd.,Healthcare,Healthcare,Domestic Equities,5087.0,4838.0,5.146754857379082,0.8113769999999999,0.832015,-2.480484125887154,1.74221413908906,1100,sun-pharmaceutical-industries,Large Cap,Jan-2026
171461,6050.0,1,Titan Company Ltd.,Diamond  &  Jewellery,Diamond & Jewellery,Domestic Equities,1968.0,1871.0,5.18439337252806,0.7827620000000001,0.757877,3.2835143433565106,1.68077111372596,1100,titan-company,Large Cap,Jan-2026
133309,5981.0,1,Bharat Electronics Ltd.,Capital Goods,Capital Goods,Domestic Equities,17266.0,16456.0,4.922216820612543,0.775243,0.657746,17.86358259875391,1.66462608113099,1100,bharat-electronics,Large Cap,Jan-2026
152362,5226.0,1,Tata Steel Ltd.,Iron & Steel,Iron & Steel,Domestic Equities,39719.0,37770.0,5.160180037066455,0.766974,0.680049,12.782167167365872,1.6468706250161,1100,tata-steel,Large Cap,Jan-2026
133654,6850.0,1,Ultratech Cement Ltd.,Construction Materials,Construction Materials,Domestic Equities,567.0,540.0,5.0,0.720093,0.6364139999999999,13.148516531691634,1.54620627163336,1100,ultratech-cement,Large Cap,Jan-2026
517,7825.0,1,Power Grid Corporation Of India Ltd.,Power,Power,Domestic Equities,21968.0,20888.0,5.170432784373803,0.5631499999999999,0.552592,1.9106320757448496,1.20921334031899,1100,power-grid-corporation-of-india,Large Cap,Jan-2026
171708,8443.0,1,Bajaj Finserv Ltd.,Finance,Finance,Domestic Equities,2755.0,2643.0,4.237608777903898,0.538148,0.538855,-0.1312041272698633,1.15552826185916,1100,bajaj-finserv,Large Cap,Jan-2026
171369,7531.0,1,Tech Mahindra Ltd.,IT,Information Technology,Domestic Equities,3061.0,2926.0,4.613807245386193,0.533624,0.465644,14.599135820498066,1.14581418718704,1100,tech-mahindra,Large Cap,Jan-2026
171658,4978.0,1,Asian Paints Ltd.,Chemicals,Chemicals,Domestic Equities,2159.0,2073.0,4.148576941630487,0.524346,0.574148,-8.674070100392226,1.12589217463003,1100,asian-paints,Large Cap,Jan-2026
539,7794.0,1,Adani Ports and Special Economic Zone Ltd.,Logistics,Logistics,Domestic Equities,3514.0,3366.0,4.396910279263221,0.498162,0.494634,0.7132546488919119,1.06966906870281,1100,adani-ports-and-special-economic-zone,Large Cap,Jan-2026
96486,15829.0,1,Interglobe Aviation Ltd.,Aviation,Aviation,Domestic Equities,1081.0,1029.0,5.053449951409135,0.496974,0.52071,-4.558391427089928,1.06711815784727,1100,interglobe-aviation,Large Cap,Jan-2026
152205,8185.0,1,Trent Ltd.,Retailing,Retailing,Domestic Equities,1060.0,1013.0,4.639684106614018,0.401274,0.433366,-7.405287909065307,0.861628116706319,1100,trent,Large Cap,Jan-2026
235418,,1,Kwality Wall's (India) Ltd.,Others,,Domestic Equities,4044.0,4044.0,0.0,0.0154279999999999,0.0154279999999999,0.0,0.0331274854202991,1100,,,Jan-2026
171875,5051.0,1,HDFC Bank Ltd.,Bank,Banking,Domestic Equities,69881.0,68247.0,2.394244435652849,6.930448,6.872473,0.8435827976334012,14.9670185380349,1100,hdfc-bank,Large Cap,Dec-2025
171531,4897.0,1,Reliance Industries Ltd.,Crude Oil,Crude Oil,Domestic Equities,31070.0,30453.0,2.026072964896726,4.876126,4.771528,2.192127972423084,10.5304979181424,1100,reliance-industries,Large Cap,Dec-2025
171888,8748.0,1,ICICI Bank Ltd.,Bank,Banking,Domestic Equities,32813.0,32114.0,2.1766207884411783,4.406458,4.459671,-1.1932046108334018,9.51620134413711,1100,icici-bank,Large Cap,Dec-2025
133593,6508.0,1,Bharti Airtel Ltd.,Telecom,Telecom,Domestic Equities,12824.0,12310.0,4.175467099918765,2.7003500000000003,2.586393,4.406020276114277,5.8316848361293,1100,bharti-airtel,Large Cap,Dec-2025
171889,4926.0,1,Infosys Ltd.,IT,Information Technology,Domestic Equities,16407.0,16069.0,2.1034289625987928,2.65211,2.506282,5.8184992750217335,5.72750557177658,1100,infosys,Large Cap,Dec-2025
152372,4964.0,1,Larsen & Toubro Ltd.,Infrastructure,Infrastructure,Domestic Equities,5369.0,5263.0,2.0140604218126543,2.192216,2.141252,2.380102855712447,4.73431696066067,1100,larsen-toubro,Large Cap,Dec-2025
133350,8843.0,1,State Bank Of India,Bank,Banking,Domestic Equities,19042.0,18695.0,1.8561112596951053,1.870305,1.831269,2.1316365864326774,4.03911689500872,1100,state-bank-of-india,Large Cap,Dec-2025
152408,5535.0,1,ITC Ltd.,FMCG,Fast Moving Consumer Goods,Domestic Equities,44221.0,43411.0,1.865886526456428,1.782106,1.755541,1.513208748756078,3.84864204142983,1100,itc,Large Cap,Dec-2025
171400,5889.0,1,Axis Bank Ltd.,Bank,Banking,Domestic Equities,13090.0,12819.0,2.1140494578360247,1.660728,1.641152,1.192820652809742,3.5865137091619,1100,axis-bank,Large Cap,Dec-2025
171656,5311.0,1,Mahindra & Mahindra Ltd.,Automobile & Ancillaries,Automobile & Ancillaries,Domestic Equities,4108.0,3973.0,3.397936068462119,1.523904,1.492974,2.071703860884375,3.29102814395052,1100,mahindra-mahindra,Large Cap,Dec-2025
171915,6797.0,1,Tata Consultancy Services Ltd.,IT,Information Technology,Domestic Equities,4645.0,4560.0,1.8640350877192984,1.489071,1.43168,4.008647183728212,3.21580268136349,1100,tata-consultancy-services,Large Cap,Dec-2025
171492,5886.0,1,Kotak Mahindra Bank Ltd.,Bank,Banking,Domestic Equities,6747.0,6619.0,1.933826862063756,1.484846,1.405876,5.617138353595901,3.20667835731933,1100,kotak-mahindra-bank,Large Cap,Dec-2025
171484,6114.0,1,Bajaj Finance Ltd.,Finance,Finance,Domestic Equities,11993.0,11741.0,2.146324844561792,1.183289,1.218305,-2.874157128141144,2.55543485772533,1100,bajaj-finance,Large Cap,Dec-2025
133625,7239.0,1,Maruti Suzuki India Ltd.,Automobile & Ancillaries,Automobile & Ancillaries,Domestic Equities,605.0,595.0,1.680672268907563,1.010607,0.945699,6.863494621438737,2.18251023651976,1100,maruti-suzuki-india,Large Cap,Dec-2025
171717,5016.0,1,Hindustan Unilever Ltd.,FMCG,Fast Moving Consumer Goods,Domestic Equities,4093.0,4006.0,2.171742386420369,0.947652,0.98828,-4.110980693730531,2.04655240925347,1100,hindustan-unilever,Large Cap,Dec-2025
156921,98676.0,1,Eternal Ltd.,Retailing,Information Technology,Domestic Equities,31849.0,31246.0,1.9298470204186136,0.885243,0.937849,-5.609218541577586,1.91177372540212,1100,eternal,Large Cap,Dec-2025
420,5071.0,1,Sun Pharmaceutical Industries Ltd.,Healthcare,Healthcare,Domestic Equities,4838.0,4736.0,2.153716216216216,0.832015,0.8672799999999999,-4.066160870768378,1.79682235966898,1100,sun-pharmaceutical-industries,Large Cap,Dec-2025
171528,8219.0,1,HCL Technologies Ltd.,IT,Information Technology,Domestic Equities,4850.0,4748.0,2.148272957034541,0.78781,0.772856,1.9349011976357864,1.70135709472884,1100,hcl-technologies,Large Cap,Dec-2025
171461,6050.0,1,Titan Company Ltd.,Diamond  &  Jewellery,Diamond & Jewellery,Domestic Equities,1871.0,1833.0,2.073104200763775,0.757877,0.716511,5.773254004474462,1.63671368842971,1100,titan-company,Large Cap,Dec-2025
133664,7760.0,1,NTPC Ltd.,Power,Power,Domestic Equities,21781.0,21312.0,2.200638138138138,0.717575,0.6960500000000001,3.0924502550104003,1.54967735526339,1100,ntpc,Large Cap,Dec-2025
152362,5226.0,1,Tata Steel Ltd.,Iron & Steel,Iron & Steel,Domestic Equities,37770.0,37085.0,1.8471079951462848,0.680049,0.622472,9.24973332133816,1.46863608092466,1100,tata-steel,Large Cap,Dec-2025
133309,5981.0,1,Bharat Electronics Ltd.,Capital Goods,Capital Goods,Domestic Equities,16456.0,16066.0,2.42748661770198,0.657746,0.661196,-0.5217817409663683,1.42047044798811,1100,bharat-electronics,Large Cap,Dec-2025
133654,6850.0,1,Ultratech Cement Ltd.,Construction Materials,Construction Materials,Domestic Equities,540.0,530.0,1.8867924528301887,0.6364139999999999,0.6148,3.5156148340923883,1.37440178987923,1100,ultratech-cement,Large Cap,Dec-2025
171658,4978.0,1,Asian Paints Ltd.,Chemicals,Chemicals,Domestic Equities,2073.0,2022.0,2.522255192878338,0.574148,0.581001,-1.1795160421410602,1.23993192930323,1100,asian-paints,Large Cap,Dec-2025
517,7825.0,1,Power Grid Corporation Of India Ltd.,Power,Power,Domestic Equities,20888.0,20404.0,2.372083905116644,0.552592,0.550704,0.3428338998808807,1.19337952004976,1100,power-grid-corporation-of-india,Large Cap,Dec-2025
171708,8443.0,1,Bajaj Finserv Ltd.,Finance,Finance,Domestic Equities,2643.0,2580.0,2.441860465116279,0.538855,0.540342,-0.2751960795200041,1.16371304918713,1100,bajaj-finserv,Large Cap,Dec-2025
96486,15829.0,1,Interglobe Aviation Ltd.,Aviation,Aviation,Domestic Equities,1029.0,,,0.52071,,,1.12452704687203,1100,interglobe-aviation,Large Cap,Dec-2025
539,7794.0,1,Adani Ports and Special Economic Zone Ltd.,Logistics,Logistics,Domestic Equities,3366.0,3303.0,1.9073569482288828,0.494634,0.5009830000000001,-1.267308471544946,1.0682132305938,1100,adani-ports-and-special-economic-zone,Large Cap,Dec-2025
171369,7531.0,1,Tech Mahindra Ltd.,IT,Information Technology,Domestic Equities,2926.0,2850.0,2.666666666666667,0.465644,0.432302,7.712663832228385,1.00560633022926,1100,tech-mahindra,Large Cap,Dec-2025
152205,8185.0,1,Trent Ltd.,Retailing,Retailing,Domestic Equities,1013.0,987.0,2.634245187436677,0.433366,0.419559,3.2908363305280006,0.935898654135208,1100,trent,Large Cap,Dec-2025
235418,,1,Kwality Wall's (India) Ltd.,Others,,Domestic Equities,4044.0,,,0.0154279999999999,,,0.0333183600836198,1100,,,Dec-2025
171875,5051.0,1,HDFC Bank Ltd.,Bank,Banking,Domestic Equities,68247.0,72000.0,-5.2125,6.872473,7.111079999999999,-3.35542561748707,15.145411952416,1100,hdfc-bank,Large Cap,Nov-2025
171531,4897.0,1,Reliance Industries Ltd.,Crude Oil,Crude Oil,Domestic Equities,30453.0,32129.0,-5.2164711008746,4.771528,4.775976,-0.0931327963122064,10.5153933965965,1100,reliance-industries,Large Cap,Nov-2025
171888,8748.0,1,ICICI Bank Ltd.,Bank,Banking,Domestic Equities,32114.0,33903.0,-5.276819160546264,4.459671,4.560123,-2.2028353182578555,9.82812947642618,1100,icici-bank,Large Cap,Nov-2025
133593,6508.0,1,Bharti Airtel Ltd.,Telecom,Telecom,Domestic Equities,12310.0,12995.0,-5.271258176221624,2.586393,2.669953,-3.1296431060771464,5.69983868337425,1100,bharti-airtel,Large Cap,Nov-2025
171889,4926.0,1,Infosys Ltd.,IT,Information Technology,Domestic Equities,16069.0,16964.0,-5.27587833058241,2.506282,2.514913,-0.3431927863906238,5.52329174067691,1100,infosys,Large Cap,Nov-2025
152372,4964.0,1,Larsen & Toubro Ltd.,Infrastructure,Infrastructure,Domestic Equities,5263.0,5552.0,-5.205331412103746,2.141252,2.238122,-4.328182288543692,4.71884627759682,1100,larsen-toubro,Large Cap,Nov-2025
133350,8843.0,1,State Bank Of India,Bank,Banking,Domestic Equities,18695.0,19722.0,-5.2073826183957,1.831269,1.847951,-0.9027295637167784,4.03571223934803,1100,state-bank-of-india,Large Cap,Nov-2025
152408,5535.0,1,ITC Ltd.,FMCG,Fast Moving Consumer Goods,Domestic Equities,43411.0,45797.0,-5.209948249885364,1.755541,1.924619,-8.785011474998432,3.86882446018432,1100,itc,Large Cap,Nov-2025
171400,5889.0,1,Axis Bank Ltd.,Bank,Banking,Domestic Equities,12819.0,13518.0,-5.170883266755437,1.641152,1.666769,-1.5369256327661494,3.61673637954364,1100,axis-bank,Large Cap,Nov-2025
171656,5311.0,1,Mahindra & Mahindra Ltd.,Automobile & Ancillaries,Automobile & Ancillaries,Domestic Equities,3973.0,4182.0,-4.997608799617408,1.492974,1.4579920000000002,2.39932729397692,3.29018480891032,1100,mahindra-mahindra,Large Cap,Nov-2025
171915,6797.0,1,Tata Consultancy Services Ltd.,IT,Information Technology,Domestic Equities,4560.0,4797.0,-4.940587867417136,1.43168,1.466827,-2.396124423670961,3.15510637641428,1100,tata-consultancy-services,Large Cap,Nov-2025
171492,5886.0,1,Kotak Mahindra Bank Ltd.,Bank,Banking,Domestic Equities,6619.0,6969.0,-5.022241354570239,1.405876,1.464849,-4.025875704594808,3.09824006205842,1100,kotak-mahindra-bank,Large Cap,Nov-2025
171484,6114.0,1,Bajaj Finance Ltd.,Finance,Finance,Domestic Equities,11741.0,12358.0,-4.99271726816637,1.218305,1.288445,-5.443771367811594,2.68487502369062,1100,bajaj-finance,Large Cap,Nov-2025
171717,5016.0,1,Hindustan Unilever Ltd.,FMCG,Fast Moving Consumer Goods,Domestic Equities,4006.0,4239.0,-5.496579381929701,0.98828,1.045613,-5.483195025310511,2.17795074994601,1100,hindustan-unilever,Large Cap,Nov-2025
133625,7239.0,1,Maruti Suzuki India Ltd.,Automobile & Ancillaries,Automobile & Ancillaries,Domestic Equities,595.0,627.0,-5.103668261562999,0.945699,1.015232,-6.8489763916031,2.08411163463107,1100,maruti-suzuki-india,Large Cap,Nov-2025
156921,98676.0,1,Eternal Ltd.,Retailing,Information Technology,Domestic Equities,31246.0,32902.0,-5.033128685186311,0.937849,1.045461,-10.293258189449444,2.06681196916472,1100,eternal,Large Cap,Nov-2025
420,5071.0,1,Sun Pharmaceutical Industries Ltd.,Healthcare,Healthcare,Domestic Equities,4736.0,5013.0,-5.525633353281468,0.8672799999999999,0.8471219999999999,2.37958641140237,1.91129348606991,1100,sun-pharmaceutical-industries,Large Cap,Nov-2025
171528,8219.0,1,HCL Technologies Ltd.,IT,Information Technology,Domestic Equities,4748.0,4994.0,-4.925911093311974,0.772856,0.7697750000000001,0.4002468253710448,1.70320385396879,1100,hcl-technologies,Large Cap,Nov-2025
171461,6050.0,1,Titan Company Ltd.,Diamond  &  Jewellery,Diamond & Jewellery,Domestic Equities,1833.0,1938.0,-5.41795665634675,0.716511,0.7258199999999999,-1.2825493924113336,1.57903192394318,1100,titan-company,Large Cap,Nov-2025
133664,7760.0,1,NTPC Ltd.,Power,Power,Domestic Equities,21312.0,22564.0,-5.5486615848253855,0.6960500000000001,0.760068,-8.42266744554434,1.53394040099963,1100,ntpc,Large Cap,Nov-2025
133309,5981.0,1,Bharat Electronics Ltd.,Capital Goods,Capital Goods,Domestic Equities,16066.0,16969.0,-5.321468560315871,0.661196,0.723134,-8.56521751155387,1.45712988632908,1100,bharat-electronics,Large Cap,Nov-2025
152362,5226.0,1,Tata Steel Ltd.,Iron & Steel,Iron & Steel,Domestic Equities,37085.0,38857.0,-4.560310883495895,0.622472,0.710889,-12.437525408326753,1.37179074677257,1100,tata-steel,Large Cap,Nov-2025
133654,6850.0,1,Ultratech Cement Ltd.,Construction Materials,Construction Materials,Domestic Equities,530.0,558.0,-5.017921146953405,0.6148,0.666631,-7.775065966029188,1.3548833539754,1100,ultratech-cement,Large Cap,Nov-2025
171658,4978.0,1,Asian Paints Ltd.,Chemicals,Chemicals,Domestic Equities,2022.0,2135.0,-5.292740046838407,0.581001,0.5358850000000001,8.418970488071123,1.28039782619235,1100,asian-paints,Large Cap,Nov-2025
517,7825.0,1,Power Grid Corporation Of India Ltd.,Power,Power,Domestic Equities,20404.0,21645.0,-5.733425733425734,0.550704,0.6237010000000001,-11.703845272013355,1.21362993260844,1100,power-grid-corporation-of-india,Large Cap,Nov-2025
171708,8443.0,1,Bajaj Finserv Ltd.,Finance,Finance,Domestic Equities,2580.0,2713.0,-4.902322152598599,0.540342,0.5665290000000001,-4.622358255270258,1.19079437419287,1100,bajaj-finserv,Large Cap,Nov-2025
539,7794.0,1,Adani Ports and Special Economic Zone Ltd.,Logistics,Logistics,Domestic Equities,3303.0,3476.0,-4.97698504027618,0.5009830000000001,0.504524,-0.7018496642379657,1.10405583494576,1100,adani-ports-and-special-economic-zone,Large Cap,Nov-2025
171369,7531.0,1,Tech Mahindra Ltd.,IT,Information Technology,Domestic Equities,2850.0,3021.0,-5.660377358490567,0.432302,0.430432,0.4344472529923536,0.952698086679037,1100,tech-mahindra,Large Cap,Nov-2025
152205,8185.0,1,Trent Ltd.,Retailing,Retailing,Domestic Equities,987.0,1047.0,-5.730659025787966,0.419559,0.49142,-14.62313296162143,0.924615330368516,1100,trent,Large Cap,Nov-2025
152378,5539.0,1,Tata Motors Passenger Vehicles Ltd.,Automobile & Ancillaries,Automobile & Ancillaries,Domestic Equities,9394.0,9903.0,-5.139856609108351,0.335225,0.406122,-17.45706955052915,0.738761828783999,1100,tata-motors-passenger-vehicles,Large Cap,Nov-2025
171875,5051.0,1,HDFC Bank Ltd.,Bank,Banking,Domestic Equities,72000.0,75835.0,-5.057031713588713,7.111079999999999,7.213046,-1.4136330199474816,15.0563734260434,1100,hdfc-bank,Large Cap,Oct-2025
171531,4897.0,1,Reliance Industries Ltd.,Crude Oil,Crude Oil,Domestic Equities,32129.0,33840.0,-5.056146572104018,4.775976,4.615099,3.485884051458048,10.1122302280133,1100,reliance-industries,Large Cap,Oct-2025
171888,8748.0,1,ICICI Bank Ltd.,Bank,Banking,Domestic Equities,33903.0,35708.0,-5.054889660580262,4.560123,4.813617,-5.266185490037949,9.65520212916872,1100,icici-bank,Large Cap,Oct-2025
133593,6508.0,1,Bharti Airtel Ltd.,Telecom,Telecom,Domestic Equities,12995.0,13689.0,-5.069764044123018,2.669953,2.570794,3.8571351885837455,5.65312292900442,1100,bharti-airtel,Large Cap,Oct-2025
171889,4926.0,1,Infosys Ltd.,IT,Information Technology,Domestic Equities,16964.0,17868.0,-5.059323931049922,2.514913,2.576655,-2.396207486062361,5.32485491121053,1100,infosys,Large Cap,Oct-2025
152372,4964.0,1,Larsen & Toubro Ltd.,Infrastructure,Infrastructure,Domestic Equities,5552.0,5848.0,-5.06155950752394,2.238122,2.139666,4.601465836256683,4.73880206734322,1100,larsen-toubro,Large Cap,Oct-2025
152408,5535.0,1,ITC Ltd.,FMCG,Fast Moving Consumer Goods,Domestic Equities,45797.0,48240.0,-5.064262023217247,1.924619,1.937318,-0.6554938321948067,4.07501847354525,1100,itc,Large Cap,Oct-2025
133350,8843.0,1,State Bank Of India,Bank,Banking,Domestic Equities,19722.0,20773.0,-5.05945217349444,1.847951,1.812548,1.95321723893657,3.91268841428169,1100,state-bank-of-india,Large Cap,Oct-2025
171400,5889.0,1,Axis Bank Ltd.,Bank,Banking,Domestic Equities,13518.0,14276.0,-5.309610535163911,1.666769,1.615829,3.152561316822507,3.52906963203239,1100,axis-bank,Large Cap,Oct-2025
171915,6797.0,1,Tata Consultancy Services Ltd.,IT,Information Technology,Domestic Equities,4797.0,5053.0,-5.066297249158915,1.466827,1.459812,0.4805413299794836,3.10573008086014,1100,tata-consultancy-services,Large Cap,Oct-2025
171492,5886.0,1,Kotak Mahindra Bank Ltd.,Bank,Banking,Domestic Equities,6969.0,7340.0,-5.054495912806539,1.464849,1.463743,0.0755597123265526,3.10154203816666,1100,kotak-mahindra-bank,Large Cap,Oct-2025
171656,5311.0,1,Mahindra & Mahindra Ltd.,Automobile & Ancillaries,Automobile & Ancillaries,Domestic Equities,4182.0,4404.0,-5.040871934604905,1.4579920000000002,1.509097,-3.3864622353632496,3.08702363131674,1100,mahindra-mahindra,Large Cap,Oct-2025
171484,6114.0,1,Bajaj Finance Ltd.,Finance,Finance,Domestic Equities,12358.0,13019.0,-5.077194869037561,1.288445,1.300077,-0.8947162360383186,2.72803977158441,1100,bajaj-finance,Large Cap,Oct-2025
171717,5016.0,1,Hindustan Unilever Ltd.,FMCG,Fast Moving Consumer Goods,Domestic Equities,4239.0,4454.0,-4.8271216883700045,1.045613,1.119936,-6.636361363506484,2.21388871832766,1100,hindustan-unilever,Large Cap,Oct-2025
156921,98676.0,1,Eternal Ltd.,Retailing,Information Technology,Domestic Equities,32902.0,34655.0,-5.058433126532968,1.045461,1.12802,-7.318930515416403,2.21356688693767,1100,eternal,Large Cap,Oct-2025
133625,7239.0,1,Maruti Suzuki India Ltd.,Automobile & Ancillaries,Automobile & Ancillaries,Domestic Equities,627.0,661.0,-5.143721633888049,1.015232,1.059487,-4.177021520792609,2.14956266925261,1100,maruti-suzuki-india,Large Cap,Oct-2025
420,5071.0,1,Sun Pharmaceutical Industries Ltd.,Healthcare,Healthcare,Domestic Equities,5013.0,5265.0,-4.786324786324787,0.8471219999999999,0.8397410000000001,0.8789614893163352,1.79362138654279,1100,sun-pharmaceutical-industries,Large Cap,Oct-2025
171528,8219.0,1,HCL Technologies Ltd.,IT,Information Technology,Domestic Equities,4994.0,5279.0,-5.39874976321273,0.7697750000000001,0.731142,5.283925694324783,1.62985367258314,1100,hcl-technologies,Large Cap,Oct-2025
133664,7760.0,1,NTPC Ltd.,Power,Power,Domestic Equities,22564.0,23701.0,-4.79726593814607,0.760068,0.8066639999999999,-5.776382731843739,1.60930092717083,1100,ntpc,Large Cap,Oct-2025
171461,6050.0,1,Titan Company Ltd.,Diamond  &  Jewellery,Diamond & Jewellery,Domestic Equities,1938.0,2038.0,-4.906771344455349,0.7258199999999999,0.686276,5.7621132022684645,1.53678723345691,1100,titan-company,Large Cap,Oct-2025
133309,5981.0,1,Bharat Electronics Ltd.,Capital Goods,Capital Goods,Domestic Equities,16969.0,17918.0,-5.296350039066859,0.723134,0.723708,-0.0793137563768829,1.53110013402584,1100,bharat-electronics,Large Cap,Oct-2025
152362,5226.0,1,Tata Steel Ltd.,Iron & Steel,Iron & Steel,Domestic Equities,38857.0,41088.0,-5.429809190031152,0.710889,0.693155,2.558446523504837,1.50517365132533,1100,tata-steel,Large Cap,Oct-2025
133654,6850.0,1,Ultratech Cement Ltd.,Construction Materials,Construction Materials,Domestic Equities,558.0,588.0,-5.1020408163265305,0.666631,0.7187649999999999,-7.253274714266824,1.41146566673089,1100,ultratech-cement,Large Cap,Oct-2025
517,7825.0,1,Power Grid Corporation Of India Ltd.,Power,Power,Domestic Equities,21645.0,22727.0,-4.760857130285563,0.6237010000000001,0.636583,-2.023616716123422,1.32056947217535,1100,power-grid-corporation-of-india,Large Cap,Oct-2025
171708,8443.0,1,Bajaj Finserv Ltd.,Finance,Finance,Domestic Equities,2713.0,2859.0,-5.106680657572578,0.5665290000000001,0.573773,-1.2625201952688534,1.19951852330207,1100,bajaj-finserv,Large Cap,Oct-2025
171658,4978.0,1,Asian Paints Ltd.,Chemicals,Chemicals,Domestic Equities,2135.0,2248.0,-5.026690391459074,0.5358850000000001,0.5283140000000001,1.4330492850842511,1.13463562122986,1100,asian-paints,Large Cap,Oct-2025
539,7794.0,1,Adani Ports and Special Economic Zone Ltd.,Logistics,Logistics,Domestic Equities,3476.0,3663.0,-5.105105105105105,0.504524,0.514139,-1.870116836108525,1.06823460661406,1100,adani-ports-and-special-economic-zone,Large Cap,Oct-2025
152205,8185.0,1,Trent Ltd.,Retailing,Retailing,Domestic Equities,1047.0,1100.0,-4.818181818181818,0.49142,0.5146459999999999,-4.513005055902493,1.04048935309773,1100,trent,Large Cap,Oct-2025
171369,7531.0,1,Tech Mahindra Ltd.,IT,Information Technology,Domestic Equities,3021.0,3176.0,-4.880352644836272,0.430432,0.444545,-3.1747067226040206,0.91135874248619,1100,tech-mahindra,Large Cap,Oct-2025
152378,5539.0,1,Tata Motors Passenger Vehicles Ltd.,Automobile & Ancillaries,Automobile & Ancillaries,Domestic Equities,9903.0,10468.0,-5.397401604891097,0.406122,0.712295,-42.984016453856896,0.859886893204911,1100,tata-motors-passenger-vehicles,Large Cap,Oct-2025
234053,113617.0,1,Tata Motors Ltd.,Others,Other,Domestic Equities,10572.0,,,0.276881,,,0.586243401927177,1100,tata-motors,,Oct-2025
171875,5051.0,1,HDFC Bank Ltd.,Bank,Banking,Domestic Equities,75835.0,76702.0,-1.130348621939454,7.213046,7.297812,-1.161526221831963,15.1664578041683,1100,hdfc-bank,Large Cap,Sep-2025
171888,8748.0,1,ICICI Bank Ltd.,Bank,Banking,Domestic Equities,35708.0,36073.0,-1.0118371080863804,4.813617,5.043005,-4.5486371716863285,10.1213161701627,1100,icici-bank,Large Cap,Sep-2025
171531,4897.0,1,Reliance Industries Ltd.,Crude Oil,Crude Oil,Domestic Equities,33840.0,34229.0,-1.1364632329311402,4.615099,4.645046,-0.6447083624144877,9.70390376625343,1100,reliance-industries,Large Cap,Sep-2025
171889,4926.0,1,Infosys Ltd.,IT,Information Technology,Domestic Equities,17868.0,18072.0,-1.1288180610889775,2.576655,2.65559,-2.9724091444839065,5.41778457164965,1100,infosys,Large Cap,Sep-2025
133593,6508.0,1,Bharti Airtel Ltd.,Telecom,Telecom,Domestic Equities,13689.0,13268.0,3.1730479348809166,2.570794,2.506524,2.564108701931448,5.40546098336389,1100,bharti-airtel,Large Cap,Sep-2025
152372,4964.0,1,Larsen & Toubro Ltd.,Infrastructure,Infrastructure,Domestic Equities,5848.0,5913.0,-1.0992727887705056,2.139666,2.128591,0.5202972294818438,4.49895288398459,1100,larsen-toubro,Large Cap,Sep-2025
152408,5535.0,1,ITC Ltd.,FMCG,Fast Moving Consumer Goods,Domestic Equities,48240.0,46738.0,3.213659121057812,1.937318,1.91509,1.1606765217300528,4.07348735891268,1100,itc,Large Cap,Sep-2025
133350,8843.0,1,State Bank Of India,Bank,Banking,Domestic Equities,20773.0,21015.0,-1.151558410659053,1.812548,1.686139,7.496950132818224,3.81114064155831,1100,state-bank-of-india,Large Cap,Sep-2025
171400,5889.0,1,Axis Bank Ltd.,Bank,Banking,Domestic Equities,14276.0,14427.0,-1.04664864490192,1.615829,1.508415,7.120984609673068,3.39751089168867,1100,axis-bank,Large Cap,Sep-2025
171656,5311.0,1,Mahindra & Mahindra Ltd.,Automobile & Ancillaries,Automobile & Ancillaries,Domestic Equities,4404.0,4454.0,-1.1225864391558151,1.509097,1.4244560000000002,5.94198767810306,3.17309164157513,1100,mahindra-mahindra,Large Cap,Sep-2025
171492,5886.0,1,Kotak Mahindra Bank Ltd.,Bank,Banking,Domestic Equities,7340.0,7425.0,-1.144781144781145,1.463743,1.4555600000000002,0.5621891230866426,3.07772838903934,1100,kotak-mahindra-bank,Large Cap,Sep-2025
171915,6797.0,1,Tata Consultancy Services Ltd.,IT,Information Technology,Domestic Equities,5053.0,5112.0,-1.1541471048513303,1.459812,1.5767449999999998,-7.416100891393341,3.06946290097394,1100,tata-consultancy-services,Large Cap,Sep-2025
171484,6114.0,1,Bajaj Finance Ltd.,Finance,Finance,Domestic Equities,13019.0,13168.0,-1.1315309842041312,1.300077,1.155887,12.474402774665688,2.73359728506787,1100,bajaj-finance,Large Cap,Sep-2025
156921,98676.0,1,Eternal Ltd.,Retailing,Information Technology,Domestic Equities,34655.0,35147.0,-1.3998349788033118,1.12802,1.104319,2.146209564446512,2.37182290702955,1100,eternal,Large Cap,Sep-2025
171717,5016.0,1,Hindustan Unilever Ltd.,FMCG,Fast Moving Consumer Goods,Domestic Equities,4454.0,4507.0,-1.1759485245174173,1.119936,1.198862,-6.5834099337538445,2.35482514424128,1100,hindustan-unilever,Large Cap,Sep-2025
133625,7239.0,1,Maruti Suzuki India Ltd.,Automobile & Ancillaries,Automobile & Ancillaries,Domestic Equities,661.0,668.0,-1.0479041916167664,1.059487,0.987969,7.238891098809789,2.22772250164006,1100,maruti-suzuki-india,Large Cap,Sep-2025
420,5071.0,1,Sun Pharmaceutical Industries Ltd.,Healthcare,Healthcare,Domestic Equities,5265.0,5341.0,-1.4229545029020785,0.8397410000000001,0.851382,-1.3673063325275736,1.7656752005921,1100,sun-pharmaceutical-industries,Large Cap,Sep-2025
133664,7760.0,1,NTPC Ltd.,Power,Power,Domestic Equities,23701.0,24041.0,-1.4142506551308185,0.8066639999999999,0.787463,2.438336785347363,1.69612609127151,1100,ntpc,Large Cap,Sep-2025
171528,8219.0,1,HCL Technologies Ltd.,IT,Information Technology,Domestic Equities,5279.0,5354.0,-1.400821815465073,0.731142,0.779248,-6.17338767632385,1.53733031674208,1100,hcl-technologies,Large Cap,Sep-2025
133309,5981.0,1,Bharat Electronics Ltd.,Capital Goods,Capital Goods,Domestic Equities,17918.0,18118.0,-1.1038745998454575,0.723708,0.669007,8.176446584265937,1.5216992716446,1100,bharat-electronics,Large Cap,Sep-2025
133654,6850.0,1,Ultratech Cement Ltd.,Construction Materials,Construction Materials,Domestic Equities,588.0,596.0,-1.342281879194631,0.7187649999999999,0.75318,-4.569292864919415,1.51130590926677,1100,ultratech-cement,Large Cap,Sep-2025
152378,5539.0,1,Tata Motors Ltd.,Automobile & Ancillaries,Automobile & Ancillaries,Domestic Equities,10468.0,10585.0,-1.1053377420878605,0.712295,0.707925,0.6172970300526152,1.49770181163687,1100,tata-motors,Large Cap,Sep-2025
152362,5226.0,1,Tata Steel Ltd.,Iron & Steel,Iron & Steel,Domestic Equities,41088.0,41528.0,-1.0595261028703526,0.693155,0.6414,8.06906766448394,1.45745723224949,1100,tata-steel,Large Cap,Sep-2025
171461,6050.0,1,Titan Company Ltd.,Diamond  &  Jewellery,Diamond & Jewellery,Domestic Equities,2038.0,2058.0,-0.9718172983479106,0.686276,0.746756,-8.099031008790023,1.44299315379569,1100,titan-company,Large Cap,Sep-2025
517,7825.0,1,Power Grid Corporation Of India Ltd.,Power,Power,Domestic Equities,22727.0,22984.0,-1.1181691611555866,0.636583,0.632864,0.5876460029326942,1.3385065350132,1100,power-grid-corporation-of-india,Large Cap,Sep-2025
171708,8443.0,1,Bajaj Finserv Ltd.,Finance,Finance,Domestic Equities,2859.0,2730.0,4.725274725274725,0.573773,0.522099,9.897356631596692,1.2064395532305,1100,bajaj-finserv,Large Cap,Sep-2025
171658,4978.0,1,Asian Paints Ltd.,Chemicals,Chemicals,Domestic Equities,2248.0,2273.0,-1.0998680158380991,0.5283140000000001,0.572205,-7.670502704450326,1.11085552322158,1100,asian-paints,Large Cap,Sep-2025
152205,8185.0,1,Trent Ltd.,Retailing,Retailing,Domestic Equities,1100.0,1106.0,-0.5424954792043399,0.5146459999999999,0.586733,-12.28616764354485,1.08211660414809,1100,trent,Large Cap,Sep-2025
539,7794.0,1,Adani Ports and Special Economic Zone Ltd.,Logistics,Logistics,Domestic Equities,3663.0,3703.0,-1.080205238995409,0.514139,0.486389,5.705309947387788,1.08105056434927,1100,adani-ports-and-special-economic-zone,Large Cap,Sep-2025
171369,7531.0,1,Tech Mahindra Ltd.,IT,Information Technology,Domestic Equities,3176.0,3197.0,-0.6568658116984674,0.444545,0.473572,-6.129374202866715,0.934719255159885,1100,tech-mahindra,Large Cap,Sep-2025
171875,5051.0,1,HDFC Bank Ltd.,Bank,Banking,Domestic Equities,76702.0,38140.0,101.10644992134242,7.297812,7.699321999999999,-5.214874764297422,15.3271586269469,1100,hdfc-bank,Large Cap,Aug-2025
171888,8748.0,1,ICICI Bank Ltd.,Bank,Banking,Domestic Equities,36073.0,35860.0,0.5939765755716676,5.043005,5.313018,-5.082102112208157,10.5915221701363,1100,icici-bank,Large Cap,Aug-2025
171531,4897.0,1,Reliance Industries Ltd.,Crude Oil,Crude Oil,Domestic Equities,34229.0,34023.0,0.605472768421362,4.645046,4.730218,-1.8005935455828892,9.75571265352756,1100,reliance-industries,Large Cap,Aug-2025
171889,4926.0,1,Infosys Ltd.,IT,Information Technology,Domestic Equities,18072.0,17962.0,0.6124039639238392,2.65559,2.709747,-1.9985998692866749,5.57737705193474,1100,infosys,Large Cap,Aug-2025
133593,6508.0,1,Bharti Airtel Ltd.,Telecom,Telecom,Domestic Equities,13268.0,13187.0,0.6142412982482748,2.506524,2.522937,-0.6505513217333612,5.26430263622158,1100,bharti-airtel,Large Cap,Aug-2025
152372,4964.0,1,Larsen & Toubro Ltd.,Infrastructure,Infrastructure,Domestic Equities,5913.0,5852.0,1.0423786739576213,2.128591,2.127582,0.0474247291056345,4.47055253120957,1100,larsen-toubro,Large Cap,Aug-2025
152408,5535.0,1,ITC Ltd.,FMCG,Fast Moving Consumer Goods,Domestic Equities,46738.0,46359.0,0.8175327336655235,1.91509,1.909064,0.3156520682386737,4.02214913386091,1100,itc,Large Cap,Aug-2025
133350,8843.0,1,State Bank Of India,Bank,Banking,Domestic Equities,21015.0,19253.0,9.151820495507192,1.686139,1.533405,9.96044750082334,3.54129702437959,1100,state-bank-of-india,Large Cap,Aug-2025
171915,6797.0,1,Tata Consultancy Services Ltd.,IT,Information Technology,Domestic Equities,5112.0,5083.0,0.5705292150304938,1.5767449999999998,1.543885,2.128396868937778,3.31154334055816,1100,tata-consultancy-services,Large Cap,Aug-2025
171400,5889.0,1,Axis Bank Ltd.,Bank,Banking,Domestic Equities,14427.0,14309.0,0.8246558110280242,1.508415,1.52863,-1.3224259631173032,3.1680339230808,1100,axis-bank,Large Cap,Aug-2025
171492,5886.0,1,Kotak Mahindra Bank Ltd.,Bank,Banking,Domestic Equities,7425.0,7383.0,0.5688744412840309,1.4555600000000002,1.4608,-0.3587075575027388,3.0570257237428,1100,kotak-mahindra-bank,Large Cap,Aug-2025
171656,5311.0,1,Mahindra & Mahindra Ltd.,Automobile & Ancillaries,Automobile & Ancillaries,Domestic Equities,4454.0,4430.0,0.5417607223476297,1.4244560000000002,1.419173,0.3722590550975825,2.99169985046289,1100,mahindra-mahindra,Large Cap,Aug-2025
171717,5016.0,1,Hindustan Unilever Ltd.,FMCG,Fast Moving Consumer Goods,Domestic Equities,4507.0,4482.0,0.5577867023650156,1.198862,1.130293,6.066480107370386,2.51789824755952,1100,hindustan-unilever,Large Cap,Aug-2025
171484,6114.0,1,Bajaj Finance Ltd.,Finance,Finance,Domestic Equities,13168.0,13104.0,0.4884004884004884,1.155887,1.154135,0.1518019988996121,2.42764042206428,1100,bajaj-finance,Large Cap,Aug-2025
156921,98676.0,1,Eternal Ltd.,Retailing,Information Technology,Domestic Equities,35147.0,34625.0,1.507581227436823,1.104319,1.065931,3.6013588121557505,2.31933523195054,1100,eternal,Large Cap,Aug-2025
133625,7239.0,1,Maruti Suzuki India Ltd.,Automobile & Ancillaries,Automobile & Ancillaries,Domestic Equities,668.0,656.0,1.829268292682927,0.987969,0.82882,19.20187736782412,2.07497227682847,1100,maruti-suzuki-india,Large Cap,Aug-2025
420,5071.0,1,Sun Pharmaceutical Industries Ltd.,Healthcare,Healthcare,Domestic Equities,5341.0,5245.0,1.830314585319352,0.851382,0.894561,-4.82683685070108,1.78810675941328,1100,sun-pharmaceutical-industries,Large Cap,Aug-2025
133664,7760.0,1,NTPC Ltd.,Power,Power,Domestic Equities,24041.0,23630.0,1.7393144308082944,0.787463,0.789833,-0.3000634311303716,1.6538615017558,1100,ntpc,Large Cap,Aug-2025
171528,8219.0,1,HCL Technologies Ltd.,IT,Information Technology,Domestic Equities,5354.0,5271.0,1.5746537658888258,0.779248,0.7734399999999999,0.7509309060819336,1.6366080279584,1100,hcl-technologies,Large Cap,Aug-2025
133654,6850.0,1,Ultratech Cement Ltd.,Construction Materials,Construction Materials,Domestic Equities,596.0,591.0,0.8460236886632826,0.75318,0.723266,4.13596104337823,1.58185896466556,1100,ultratech-cement,Large Cap,Aug-2025
171461,6050.0,1,Titan Company Ltd.,Diamond  &  Jewellery,Diamond & Jewellery,Domestic Equities,2058.0,2032.0,1.279527559055118,0.746756,0.6799580000000001,9.823842060833169,1.56836702118722,1100,titan-company,Large Cap,Aug-2025
152378,5539.0,1,Tata Motors Ltd.,Automobile & Ancillaries,Automobile & Ancillaries,Domestic Equities,10585.0,10460.0,1.1950286806883366,0.707925,0.6966880000000001,1.612917116413659,1.48681259136045,1100,tata-motors,Large Cap,Aug-2025
133309,5981.0,1,Bharat Electronics Ltd.,Capital Goods,Capital Goods,Domestic Equities,18118.0,17784.0,1.878092667566352,0.669007,0.681127,-1.7794038409870747,1.40507544063041,1100,bharat-electronics,Large Cap,Aug-2025
152362,5226.0,1,Tata Steel Ltd.,Iron & Steel,Iron & Steel,Domestic Equities,41528.0,40951.0,1.409001001196552,0.6414,0.646207,-0.7438792832637201,1.34709410756591,1100,tata-steel,Large Cap,Aug-2025
517,7825.0,1,Power Grid Corporation Of India Ltd.,Power,Power,Domestic Equities,22984.0,22663.0,1.4164055950227243,0.632864,0.6593800000000001,-4.021353392580912,1.32916645664264,1100,power-grid-corporation-of-india,Large Cap,Aug-2025
152205,8185.0,1,Trent Ltd.,Retailing,Retailing,Domestic Equities,1106.0,1091.0,1.374885426214482,0.586733,0.547622,7.141970191117227,1.23228027286322,1100,trent,Large Cap,Aug-2025
171658,4978.0,1,Asian Paints Ltd.,Chemicals,Chemicals,Domestic Equities,2273.0,2240.0,1.4732142857142856,0.572205,0.536704,6.614633019317911,1.20176798225717,1100,asian-paints,Large Cap,Aug-2025
171708,8443.0,1,Bajaj Finserv Ltd.,Finance,Finance,Domestic Equities,2730.0,2688.0,1.5625,0.522099,0.523676,-0.3011403997891931,1.09653334341449,1100,bajaj-finserv,Large Cap,Aug-2025
539,7794.0,1,Adani Ports and Special Economic Zone Ltd.,Logistics,Logistics,Domestic Equities,3703.0,3661.0,1.147227533460803,0.486389,0.502729,-3.2502600804807367,1.02153376346254,1100,adani-ports-and-special-economic-zone,Large Cap,Aug-2025
171369,7531.0,1,Tech Mahindra Ltd.,IT,Information Technology,Domestic Equities,3197.0,3146.0,1.621106166560712,0.473572,0.46059,2.818558805010968,0.994614983954164,1100,tech-mahindra,Large Cap,Aug-2025
171875,5051.0,1,HDFC Bank Ltd.,Bank,Banking,Domestic Equities,38140.0,38512.0,-0.9659326963024512,7.699321999999999,7.705096,-0.0749374180412562,16.0561765417372,1100,hdfc-bank,Large Cap,Jul-2025
171888,8748.0,1,ICICI Bank Ltd.,Bank,Banking,Domestic Equities,35860.0,36133.0,-0.7555420252954363,5.313018,5.224109,1.701897873876672,11.0797749434856,1100,icici-bank,Large Cap,Jul-2025
171531,4897.0,1,Reliance Industries Ltd.,Crude Oil,Crude Oil,Domestic Equities,34023.0,34284.0,-0.7612880644032202,4.730218,5.144828,-8.05877281028637,9.86440303300773,1100,reliance-industries,Large Cap,Jul-2025
171889,4926.0,1,Infosys Ltd.,IT,Information Technology,Domestic Equities,17962.0,18104.0,-0.7843570481661513,2.709747,2.898994,-6.528023169416711,5.65091006915191,1100,infosys,Large Cap,Jul-2025
133593,6508.0,1,Bharti Airtel Ltd.,Telecom,Telecom,Domestic Equities,13187.0,13280.0,-0.7003012048192772,2.522937,2.668483,-5.454259967179852,5.26133624177309,1100,bharti-airtel,Large Cap,Jul-2025
152372,4964.0,1,Larsen & Toubro Ltd.,Infrastructure,Infrastructure,Domestic Equities,5852.0,5923.0,-1.1987168664528112,2.127582,2.172882,-2.084788773619553,4.4368623885353,1100,larsen-toubro,Large Cap,Jul-2025
152408,5535.0,1,ITC Ltd.,FMCG,Fast Moving Consumer Goods,Domestic Equities,46359.0,46920.0,-1.1956521739130437,1.909064,1.954218,-2.310591755883939,3.98116465494949,1100,itc,Large Cap,Jul-2025
171915,6797.0,1,Tata Consultancy Services Ltd.,IT,Information Technology,Domestic Equities,5083.0,5133.0,-0.974089226573154,1.543885,1.776557,-13.096793404320833,3.21961987304077,1100,tata-consultancy-services,Large Cap,Jul-2025
133350,8843.0,1,State Bank Of India,Bank,Banking,Domestic Equities,19253.0,19447.0,-0.9975831747827428,1.533405,1.595335,-3.88194329090756,3.19776486682627,1100,state-bank-of-india,Large Cap,Jul-2025
171400,5889.0,1,Axis Bank Ltd.,Bank,Banking,Domestic Equities,14309.0,14450.0,-0.9757785467128028,1.52863,1.732555,-11.770189113765516,3.18780707534972,1100,axis-bank,Large Cap,Jul-2025
171492,5886.0,1,Kotak Mahindra Bank Ltd.,Bank,Banking,Domestic Equities,7383.0,7456.0,-0.9790772532188842,1.4608,1.613217,-9.44801598297066,3.04635430134884,1100,kotak-mahindra-bank,Large Cap,Jul-2025
171656,5311.0,1,Mahindra & Mahindra Ltd.,Automobile & Ancillaries,Automobile & Ancillaries,Domestic Equities,4430.0,4472.0,-0.9391771019677996,1.419173,1.423952,-0.3356152454576959,2.95954529908826,1100,mahindra-mahindra,Large Cap,Jul-2025
171484,6114.0,1,Bajaj Finance Ltd.,Finance,Finance,Domestic Equities,13104.0,13228.0,-0.937405503477472,1.154135,1.238405,-6.8047205881759245,2.40683469440529,1100,bajaj-finance,Large Cap,Jul-2025
171717,5016.0,1,Hindustan Unilever Ltd.,FMCG,Fast Moving Consumer Goods,Domestic Equities,4482.0,4524.0,-0.9283819628647214,1.130293,1.038145,8.876216713464894,2.35711455526731,1100,hindustan-unilever,Large Cap,Jul-2025
156921,98676.0,1,Eternal Ltd.,Retailing,Information Technology,Domestic Equities,34625.0,35290.0,-1.8843865117597047,1.065931,0.931832,14.390898788622849,2.22289395317023,1100,eternal,Large Cap,Jul-2025
420,5071.0,1,Sun Pharmaceutical Industries Ltd.,Healthcare,Healthcare,Domestic Equities,5245.0,5346.0,-1.8892630003741115,0.894561,0.896417,-0.2070464973332653,1.86551872273338,1100,sun-pharmaceutical-industries,Large Cap,Jul-2025
133625,7239.0,1,Maruti Suzuki India Ltd.,Automobile & Ancillaries,Automobile & Ancillaries,Domestic Equities,656.0,669.0,-1.9431988041853512,0.82882,0.82949,-0.0807725228754934,1.7284223521659,1100,maruti-suzuki-india,Large Cap,Jul-2025
133664,7760.0,1,NTPC Ltd.,Power,Power,Domestic Equities,23630.0,24081.0,-1.8728458120509943,0.789833,0.806593,-2.0778757068310805,1.64711880948607,1100,ntpc,Large Cap,Jul-2025
171528,8219.0,1,HCL Technologies Ltd.,IT,Information Technology,Domestic Equities,5271.0,5374.0,-1.916635653144771,0.7734399999999999,0.928466,-16.697003444391072,1.61293282505151,1100,hcl-technologies,Large Cap,Jul-2025
133654,6850.0,1,Ultratech Cement Ltd.,Construction Materials,Construction Materials,Domestic Equities,591.0,590.0,0.1694915254237288,0.723266,0.712269,1.5439391578181818,1.50829989739825,1100,ultratech-cement,Large Cap,Jul-2025
152378,5539.0,1,Tata Motors Ltd.,Automobile & Ancillaries,Automobile & Ancillaries,Domestic Equities,10460.0,10660.0,-1.876172607879925,0.6966880000000001,0.733461,-5.013627173087597,1.45287410014931,1100,tata-motors,Large Cap,Jul-2025
133309,5981.0,1,Bharat Electronics Ltd.,Capital Goods,Capital Goods,Domestic Equities,17784.0,17769.0,0.0844166807361134,0.681127,0.749319,-9.100529947859316,1.42042316964323,1100,bharat-electronics,Large Cap,Jul-2025
171461,6050.0,1,Titan Company Ltd.,Diamond  &  Jewellery,Diamond & Jewellery,Domestic Equities,2032.0,2070.0,-1.835748792270532,0.6799580000000001,0.763664,-10.961103312451543,1.41798533545766,1100,titan-company,Large Cap,Jul-2025
517,7825.0,1,Power Grid Corporation Of India Ltd.,Power,Power,Domestic Equities,22663.0,23098.0,-1.88327993765694,0.6593800000000001,0.6924779999999999,-4.779646429200633,1.37507194634679,1100,power-grid-corporation-of-india,Large Cap,Jul-2025
152362,5226.0,1,Tata Steel Ltd.,Iron & Steel,Iron & Steel,Domestic Equities,40951.0,41739.0,-1.8879225664246868,0.646207,0.666781,-3.0855708246035825,1.34760095427966,1100,tata-steel,Large Cap,Jul-2025
152205,8185.0,1,Trent Ltd.,Retailing,Retailing,Domestic Equities,1091.0,1076.0,1.3940520446096654,0.547622,0.6691809999999999,-18.16533942236853,1.14201166156438,1100,trent,Large Cap,Jul-2025
171658,4978.0,1,Asian Paints Ltd.,Chemicals,Chemicals,Domestic Equities,2240.0,2282.0,-1.8404907975460123,0.536704,0.534296,0.4506865108479198,1.11924324955581,1100,asian-paints,Large Cap,Jul-2025
171708,8443.0,1,Bajaj Finserv Ltd.,Finance,Finance,Domestic Equities,2688.0,2740.0,-1.897810218978102,0.523676,0.5628920000000001,-6.966878193330156,1.09207464068535,1100,bajaj-finserv,Large Cap,Jul-2025
539,7794.0,1,Adani Ports and Special Economic Zone Ltd.,Logistics,Logistics,Domestic Equities,3661.0,3731.0,-1.876172607879925,0.502729,0.5410699999999999,-7.086144121832665,1.04839173847399,1100,adani-ports-and-special-economic-zone,Large Cap,Jul-2025
171369,7531.0,1,Tech Mahindra Ltd.,IT,Information Technology,Domestic Equities,3146.0,3205.0,-1.8408736349453976,0.46059,0.54078,-14.82858093864419,0.960515010718963,1100,tech-mahindra,Large Cap,Jul-2025
171875,5051.0,1,HDFC Bank Ltd.,Bank,Banking,Domestic Equities,38512.0,38692.0,-0.4652124470174713,7.705096,7.524045999999999,2.406285129038289,15.4393724138622,1100,hdfc-bank,Large Cap,Jun-2025
171888,8748.0,1,ICICI Bank Ltd.,Bank,Banking,Domestic Equities,36133.0,36361.0,-0.6270454607959077,5.224109,5.257619,-0.6373607520818834,10.4680025247718,1100,icici-bank,Large Cap,Jun-2025
171531,4897.0,1,Reliance Industries Ltd.,Crude Oil,Crude Oil,Domestic Equities,34284.0,34563.0,-0.807221595347626,5.144828,4.910711,4.767476644420736,10.30914027512,1100,reliance-industries,Large Cap,Jun-2025
171889,4926.0,1,Infosys Ltd.,IT,Information Technology,Domestic Equities,18104.0,18217.0,-0.6202997200417193,2.898994,2.846953,1.8279543076404985,5.80896694753083,1100,infosys,Large Cap,Jun-2025
133593,6508.0,1,Bharti Airtel Ltd.,Telecom,Telecom,Domestic Equities,13280.0,13671.0,-2.86006875868627,2.668483,2.538431,5.12332224117969,5.34707196601577,1100,bharti-airtel,Large Cap,Jun-2025
152372,4964.0,1,Larsen & Toubro Ltd.,Infrastructure,Infrastructure,Domestic Equities,5923.0,5971.0,-0.8038854463238989,2.172882,2.19479,-0.9981820584201788,4.35399304685856,1100,larsen-toubro,Large Cap,Jun-2025
152408,5535.0,1,ITC Ltd.,FMCG,Fast Moving Consumer Goods,Domestic Equities,46920.0,47294.0,-0.7907979870596693,1.954218,1.976416,-1.123144115408912,3.9158369318011,1100,itc,Large Cap,Jun-2025
171915,6797.0,1,Tata Consultancy Services Ltd.,IT,Information Technology,Domestic Equities,5133.0,5176.0,-0.830757341576507,1.776557,1.7932249999999998,-0.92949852918624,3.55984210157197,1100,tata-consultancy-services,Large Cap,Jun-2025
171400,5889.0,1,Axis Bank Ltd.,Bank,Banking,Domestic Equities,14450.0,14550.0,-0.6872852233676976,1.732555,1.734433,-0.1082774601267281,3.47167145905762,1100,axis-bank,Large Cap,Jun-2025
171492,5886.0,1,Kotak Mahindra Bank Ltd.,Bank,Banking,Domestic Equities,7456.0,7515.0,-0.7850964737192281,1.613217,1.559889,3.4187047924563814,3.23254350722866,1100,kotak-mahindra-bank,Large Cap,Jun-2025
133350,8843.0,1,State Bank Of India,Bank,Banking,Domestic Equities,19447.0,19574.0,-0.6488198630836824,1.595335,1.590192,0.3234200649984351,3.19671178527417,1100,state-bank-of-india,Large Cap,Jun-2025
171656,5311.0,1,Mahindra & Mahindra Ltd.,Automobile & Ancillaries,Automobile & Ancillaries,Domestic Equities,4472.0,4492.0,-0.4452359750667853,1.423952,1.33792,6.430279837359473,2.85329673082125,1100,mahindra-mahindra,Large Cap,Jun-2025
171484,6114.0,1,Bajaj Finance Ltd.,Finance,Finance,Domestic Equities,13228.0,1328.0,896.0843373493976,1.238405,1.218407,1.6413234658041258,2.48150003506628,1100,bajaj-finance,Large Cap,Jun-2025
171717,5016.0,1,Hindustan Unilever Ltd.,FMCG,Fast Moving Consumer Goods,Domestic Equities,4524.0,4553.0,-0.6369426751592357,1.038145,1.069659,-2.9461725652754844,2.08022161885964,1100,hindustan-unilever,Large Cap,Jun-2025
156921,98676.0,1,Eternal Ltd.,Retailing,Information Technology,Domestic Equities,35290.0,35492.0,-0.5691423419362109,0.931832,0.847372,9.967287094688045,1.8671929947601,1100,eternal,Large Cap,Jun-2025
171528,8219.0,1,HCL Technologies Ltd.,IT,Information Technology,Domestic Equities,5374.0,5405.0,-0.5735430157261795,0.928466,0.8850960000000001,4.900033442699988,1.86044824718718,1100,hcl-technologies,Large Cap,Jun-2025
420,5071.0,1,Sun Pharmaceutical Industries Ltd.,Healthcare,Healthcare,Domestic Equities,5346.0,5501.0,-2.817669514633703,0.896417,0.923233,-2.904575551350529,1.79622887256916,1100,sun-pharmaceutical-industries,Large Cap,Jun-2025
133625,7239.0,1,Maruti Suzuki India Ltd.,Automobile & Ancillaries,Automobile & Ancillaries,Domestic Equities,669.0,673.0,-0.5943536404160475,0.82949,0.8289709999999999,0.0626077389920798,1.66212140946389,1100,maruti-suzuki-india,Large Cap,Jun-2025
133664,7760.0,1,NTPC Ltd.,Power,Power,Domestic Equities,24081.0,24162.0,-0.3352371492426123,0.806593,0.807615,-0.126545445540259,1.61624069491339,1100,ntpc,Large Cap,Jun-2025
171461,6050.0,1,Titan Company Ltd.,Diamond  &  Jewellery,Diamond & Jewellery,Domestic Equities,2070.0,2071.0,-0.0482858522452921,0.763664,0.736075,3.748123492850589,1.53022011601928,1100,titan-company,Large Cap,Jun-2025
133309,5981.0,1,Bharat Electronics Ltd.,Capital Goods,Capital Goods,Domestic Equities,17769.0,,,0.749319,,,1.50147578924167,1100,bharat-electronics,Large Cap,Jun-2025
152378,5539.0,1,Tata Motors Ltd.,Automobile & Ancillaries,Automobile & Ancillaries,Domestic Equities,10660.0,10720.0,-0.5597014925373134,0.733461,0.77125,-4.89970826580226,1.46969973249441,1100,tata-motors,Large Cap,Jun-2025
133654,6850.0,1,Ultratech Cement Ltd.,Construction Materials,Construction Materials,Domestic Equities,590.0,584.0,1.0273972602739725,0.712269,0.653919,8.923123506122307,1.42723547504784,1100,ultratech-cement,Large Cap,Jun-2025
517,7825.0,1,Power Grid Corporation Of India Ltd.,Power,Power,Domestic Equities,23098.0,23230.0,-0.56823073611709,0.6924779999999999,0.673438,2.82728328368758,1.38757852340924,1100,power-grid-corporation-of-india,Large Cap,Jun-2025
152205,8185.0,1,Trent Ltd.,Retailing,Retailing,Domestic Equities,1076.0,,,0.6691809999999999,,,1.34089629399565,1100,trent,Large Cap,Jun-2025
152362,5226.0,1,Tata Steel Ltd.,Iron & Steel,Iron & Steel,Domestic Equities,41739.0,41769.0,-0.0718236012353659,0.666781,0.6724809999999999,-0.8476075904003135,1.3360872048171,1100,tata-steel,Large Cap,Jun-2025
171708,8443.0,1,Bajaj Finserv Ltd.,Finance,Finance,Domestic Equities,2740.0,2754.0,-0.5083514887436456,0.5628920000000001,0.555151,1.3943953987293625,1.12791576078789,1100,bajaj-finserv,Large Cap,Jun-2025
539,7794.0,1,Adani Ports and Special Economic Zone Ltd.,Logistics,Logistics,Domestic Equities,3731.0,3752.0,-0.5597014925373134,0.5410699999999999,0.537418,0.679545530667007,1.08418911743195,1100,adani-ports-and-special-economic-zone,Large Cap,Jun-2025
171369,7531.0,1,Tech Mahindra Ltd.,IT,Information Technology,Domestic Equities,3205.0,3223.0,-0.5584858827179646,0.54078,0.5073,6.599645180366659,1.08360801915621,1100,tech-mahindra,Large Cap,Jun-2025
171658,4978.0,1,Asian Paints Ltd.,Chemicals,Chemicals,Domestic Equities,2282.0,2295.0,-0.5664488017429194,0.534296,0.518681,3.0105209174810765,1.0706154632255,1100,asian-paints,Large Cap,Jun-2025
171875,5051.0,1,HDFC Bank Ltd.,Bank,Banking,Domestic Equities,37948.0,38331.0,-0.9991912551198768,6.726093,6.890572,-2.387015185386642,14.7403447255673,1100,hdfc-bank,Large Cap,Dec-2024
171888,8748.0,1,ICICI Bank Ltd.,Bank,Banking,Domestic Equities,35376.0,35792.0,-1.16227089852481,4.535203,4.655286,-2.5794978009943885,9.93897283615126,1100,icici-bank,Large Cap,Dec-2024
171531,4897.0,1,Reliance Industries Ltd.,Crude Oil,Crude Oil,Domestic Equities,33914.0,34377.0,-1.3468307298484452,4.122077,4.443055,-7.224263485372116,9.03360033311053,1100,reliance-industries,Large Cap,Dec-2024
171889,4926.0,1,Infosys Ltd.,IT,Information Technology,Domestic Equities,18108.0,18347.0,-1.3026652858778,3.4055720000000003,3.409698,-0.1210077842671103,7.46336770361929,1100,infosys,Large Cap,Dec-2024
152408,5535.0,1,ITC Ltd.,FMCG,Fast Moving Consumer Goods,Domestic Equities,46449.0,46990.0,-1.1513087891040648,2.246506,2.241658,0.2162684941235491,4.9232552788157,1100,itc,Large Cap,Dec-2024
133593,6508.0,1,Bharti Airtel Ltd.,Telecom,Telecom,Domestic Equities,13404.0,13591.0,-1.375910529026562,2.128756,2.211867,-3.7575044069105465,4.66520419456285,1100,bharti-airtel,Large Cap,Dec-2024
152372,4964.0,1,Larsen & Toubro Ltd.,Infrastructure,Infrastructure,Domestic Equities,5861.0,5941.0,-1.3465746507321998,2.114649,2.213557,-4.4682834008792245,4.6342884693352,1100,larsen-toubro,Large Cap,Dec-2024
171915,6797.0,1,Tata Consultancy Services Ltd.,IT,Information Technology,Domestic Equities,5075.0,5150.0,-1.4563106796116505,2.079329,2.200878,-5.522750465950407,4.55688410164254,1100,tata-consultancy-services,Large Cap,Dec-2024
133350,8843.0,1,State Bank Of India,Bank,Banking,Domestic Equities,19249.0,19524.0,-1.4085228436795738,1.530392,1.638064,-6.573125347971754,3.35387953233035,1100,state-bank-of-india,Large Cap,Dec-2024
171400,5889.0,1,Axis Bank Ltd.,Bank,Banking,Domestic Equities,14278.0,14444.0,-1.1492661312655774,1.520964,1.641849,-7.362735549980546,3.33321791345701,1100,axis-bank,Large Cap,Dec-2024
171656,5311.0,1,Mahindra & Mahindra Ltd.,Automobile & Ancillaries,Automobile & Ancillaries,Domestic Equities,4428.0,4931.0,-10.200770634759683,1.3314769999999998,1.463989,-9.051434129628031,2.91795400006575,1100,mahindra-mahindra,Large Cap,Dec-2024
171492,5886.0,1,Kotak Mahindra Bank Ltd.,Bank,Banking,Domestic Equities,7377.0,7470.0,-1.2449799196787148,1.317754,1.3198,-0.1550234884073338,2.88787981722751,1100,kotak-mahindra-bank,Large Cap,Dec-2024
171717,5016.0,1,Hindustan Unilever Ltd.,FMCG,Fast Moving Consumer Goods,Domestic Equities,4480.0,4532.0,-1.1473962930273611,1.042384,1.131301,-7.859711959946999,2.28440188032128,1100,hindustan-unilever,Large Cap,Dec-2024
420,5071.0,1,Sun Pharmaceutical Industries Ltd.,Healthcare,Healthcare,Domestic Equities,5419.0,5487.0,-1.239292874065974,1.021211,0.977591,4.461988704887826,2.23800089852182,1100,sun-pharmaceutical-industries,Large Cap,Dec-2024
171528,8219.0,1,HCL Technologies Ltd.,IT,Information Technology,Domestic Equities,5302.0,5376.0,-1.3764880952380951,1.017109,0.993969,2.328040411723095,2.22901129726827,1100,hcl-technologies,Large Cap,Dec-2024
171484,6114.0,1,Bajaj Finance Ltd.,Finance,Finance,Domestic Equities,1395.0,1417.0,-1.55257586450247,0.951585,0.932025,2.0986561519272584,2.08541436100854,1100,bajaj-finance,Large Cap,Dec-2024
156921,98676.0,1,Eternal Ltd.,Retailing,Information Technology,Domestic Equities,34011.0,,,0.945506,,,2.07209213135951,1100,eternal,Large Cap,Dec-2024
133664,7760.0,1,NTPC Ltd.,Power,Power,Domestic Equities,23791.0,24111.0,-1.3271950561984156,0.7931919999999999,0.877279,-9.584978097047816,1.73829346599314,1100,ntpc,Large Cap,Dec-2024
152378,5539.0,1,Tata Motors Ltd.,Automobile & Ancillaries,Automobile & Ancillaries,Domestic Equities,10527.0,10649.0,-1.1456474786364916,0.7797350000000001,0.837917,-6.943647163143848,1.70880222658091,1100,tata-motors,Large Cap,Dec-2024
133625,7239.0,1,Maruti Suzuki India Ltd.,Automobile & Ancillaries,Automobile & Ancillaries,Domestic Equities,661.0,670.0,-1.343283582089552,0.718302,0.741858,-3.1752707391441426,1.57417078489168,1100,maruti-suzuki-india,Large Cap,Dec-2024
517,7825.0,1,Power Grid Corporation Of India Ltd.,Power,Power,Domestic Equities,22799.0,23166.0,-1.5842182508849174,0.7035769999999999,0.763551,-7.854616129112528,1.54190070238108,1100,power-grid-corporation-of-india,Large Cap,Dec-2024
171461,6050.0,1,Titan Company Ltd.,Diamond  &  Jewellery,Diamond & Jewellery,Domestic Equities,2088.0,2122.0,-1.6022620169651274,0.679362,0.689533,-1.475056306224647,1.48883312696552,1100,titan-company,Large Cap,Dec-2024
133654,6850.0,1,Ultratech Cement Ltd.,Construction Materials,Construction Materials,Domestic Equities,563.0,571.0,-1.4010507880910683,0.6430840000000001,0.639491,0.5618530987926408,1.40932928633261,1100,ultratech-cement,Large Cap,Dec-2024
152362,5226.0,1,Tata Steel Ltd.,Iron & Steel,Iron & Steel,Domestic Equities,41208.0,41958.0,-1.7875017875017871,0.569082,0.606503,-6.169961236795203,1.24715267200666,1100,tata-steel,Large Cap,Dec-2024
171369,7531.0,1,Tech Mahindra Ltd.,IT,Information Technology,Domestic Equities,3182.0,3235.0,-1.6383307573415766,0.542706,0.553686,-1.9830734387360327,1.18934922913402,1100,tech-mahindra,Large Cap,Dec-2024
171658,4978.0,1,Asian Paints Ltd.,Chemicals,Chemicals,Domestic Equities,2259.0,2287.0,-1.2243113248797552,0.515515,0.567165,-9.106697345569644,1.12975970020052,1100,asian-paints,Large Cap,Dec-2024
539,7794.0,1,Adani Ports and Special Economic Zone Ltd.,Logistics,Logistics,Domestic Equities,3687.0,3716.0,-0.7804090419806243,0.453095,0.442074,2.493021530332026,0.992965231588521,1100,adani-ports-and-special-economic-zone,Large Cap,Dec-2024
171708,8443.0,1,Bajaj Finserv Ltd.,Finance,Finance,Domestic Equities,2728.0,2761.0,-1.195219123505976,0.4277499999999999,0.436252,-1.9488735868259648,0.937421242370783,1100,bajaj-finserv,Large Cap,Dec-2024
152400,5891.0,1,Nestle India Ltd.,FMCG,Fast Moving Consumer Goods,Domestic Equities,1790.0,1809.0,-1.0503040353786623,0.3884749999999999,0.404257,-3.903952188830379,0.85134942637052,1100,nestle-india,Large Cap,Dec-2024
114442,5285.0,1,IndusInd Bank Ltd.,Bank,Banking,Domestic Equities,3343.0,3356.0,-0.3873659117997616,0.3210119999999999,0.334392,-4.001291896935336,0.703503139347585,1100,indusind-bank,Mid Cap,Dec-2024
171875,5051.0,1,HDFC Bank Ltd.,Bank,Banking,Domestic Equities,38737.0,37948.0,2.0791609570991887,6.582385,6.726093,-2.1365746801300425,14.2617248267763,1100,hdfc-bank,Large Cap,Jan-2025
171888,8748.0,1,ICICI Bank Ltd.,Bank,Banking,Domestic Equities,36145.0,35376.0,2.173790140208051,4.527342,4.535203,-0.1733329246783513,9.80916579639556,1100,icici-bank,Large Cap,Jan-2025
171531,4897.0,1,Reliance Industries Ltd.,Crude Oil,Crude Oil,Domestic Equities,34664.0,33914.0,2.211476086571917,4.384649,4.122077,6.369895564784455,9.5,1100,reliance-industries,Large Cap,Jan-2025
171889,4926.0,1,Infosys Ltd.,IT,Information Technology,Domestic Equities,18506.0,18108.0,2.197923569692953,3.479221,3.4055720000000003,2.1626029342500988,7.53825437338314,1100,infosys,Large Cap,Jan-2025
133593,6508.0,1,Bharti Airtel Ltd.,Telecom,Telecom,Domestic Equities,13700.0,13404.0,2.208296031035512,2.228648,2.128756,4.692505857881322,4.8287003132976,1100,bharti-airtel,Large Cap,Jan-2025
152372,4964.0,1,Larsen & Toubro Ltd.,Infrastructure,Infrastructure,Domestic Equities,5982.0,5861.0,2.064494113632486,2.133899,2.114649,0.9103165584454022,4.6234123871717,1100,larsen-toubro,Large Cap,Jan-2025
171915,6797.0,1,Tata Consultancy Services Ltd.,IT,Information Technology,Domestic Equities,5184.0,5075.0,2.147783251231527,2.130106,2.079329,2.441989699561744,4.61519428351049,1100,tata-consultancy-services,Large Cap,Jan-2025
152408,5535.0,1,ITC Ltd.,FMCG,Fast Moving Consumer Goods,Domestic Equities,47387.0,46449.0,2.019419147882624,2.120805,2.246506,-5.59540014582645,4.59504227134259,1100,itc,Large Cap,Jan-2025
133350,8843.0,1,State Bank Of India,Bank,Banking,Domestic Equities,19621.0,19249.0,1.932567925606525,1.5169,1.530392,-0.8816041902989535,3.2865914694654,1100,state-bank-of-india,Large Cap,Jan-2025
171400,5889.0,1,Axis Bank Ltd.,Bank,Banking,Domestic Equities,14576.0,14278.0,2.087127048606247,1.437777,1.520964,-5.469360221543691,3.1151596171096,1100,axis-bank,Large Cap,Jan-2025
171492,5886.0,1,Kotak Mahindra Bank Ltd.,Bank,Banking,Domestic Equities,7495.0,7377.0,1.599566219330351,1.426036,1.317754,8.217163446288161,3.08972097880583,1100,kotak-mahindra-bank,Large Cap,Jan-2025
171656,5311.0,1,Mahindra & Mahindra Ltd.,Automobile & Ancillaries,Automobile & Ancillaries,Domestic Equities,4518.0,4428.0,2.032520325203252,1.351627,1.3314769999999998,1.5133569712432249,2.92850271481252,1100,mahindra-mahindra,Large Cap,Jan-2025
171717,5016.0,1,Hindustan Unilever Ltd.,FMCG,Fast Moving Consumer Goods,Domestic Equities,4570.0,4480.0,2.008928571428572,1.129384,1.042384,8.34625243672198,2.44697990648738,1100,hindustan-unilever,Large Cap,Jan-2025
171484,6114.0,1,Bajaj Finance Ltd.,Finance,Finance,Domestic Equities,1425.0,1395.0,2.1505376344086025,1.123691,0.951585,18.086245579743267,2.43464516772038,1100,bajaj-finance,Large Cap,Jan-2025
420,5071.0,1,Sun Pharmaceutical Industries Ltd.,Healthcare,Healthcare,Domestic Equities,5526.0,5419.0,1.9745340468721169,0.963237,1.021211,-5.676985461378693,2.08699749968584,1100,sun-pharmaceutical-industries,Large Cap,Jan-2025
171528,8219.0,1,HCL Technologies Ltd.,IT,Information Technology,Domestic Equities,5414.0,5302.0,2.1124104111655977,0.934023,1.017109,-8.168839327938302,2.02370098495912,1100,hcl-technologies,Large Cap,Jan-2025
133625,7239.0,1,Maruti Suzuki India Ltd.,Automobile & Ancillaries,Automobile & Ancillaries,Domestic Equities,676.0,661.0,2.26928895612708,0.832048,0.718302,15.835400708894031,1.80275684553085,1100,maruti-suzuki-india,Large Cap,Jan-2025
133664,7760.0,1,NTPC Ltd.,Power,Power,Domestic Equities,24126.0,23791.0,1.4080954982976754,0.782286,0.7931919999999999,-1.3749508315767116,1.69494000545996,1100,ntpc,Large Cap,Jan-2025
152378,5539.0,1,Tata Motors Ltd.,Automobile & Ancillaries,Automobile & Ancillaries,Domestic Equities,10643.0,10527.0,1.1019283746556474,0.762039,0.7797350000000001,-2.269488993055329,1.65107184178255,1100,tata-motors,Large Cap,Jan-2025
156921,98676.0,1,Eternal Ltd.,Retailing,Information Technology,Domestic Equities,34476.0,34011.0,1.3672047278821555,0.759679,0.945506,-19.65370923082456,1.64595854765113,1100,eternal,Large Cap,Jan-2025
171461,6050.0,1,Titan Company Ltd.,Diamond  &  Jewellery,Diamond & Jewellery,Domestic Equities,2135.0,2088.0,2.2509578544061304,0.745051,0.679362,9.669219061413502,1.61426479063661,1100,titan-company,Large Cap,Jan-2025
517,7825.0,1,Power Grid Corporation Of India Ltd.,Power,Power,Domestic Equities,23107.0,22799.0,1.350936444580903,0.697485,0.7035769999999999,-0.8658611637389896,1.51120591408799,1100,power-grid-corporation-of-india,Large Cap,Jan-2025
133654,6850.0,1,Ultratech Cement Ltd.,Construction Materials,Construction Materials,Domestic Equities,572.0,563.0,1.5985790408525755,0.657989,0.6430840000000001,2.31773765169091,1.42563190348874,1100,ultratech-cement,Large Cap,Jan-2025
152362,5226.0,1,Tata Steel Ltd.,Iron & Steel,Iron & Steel,Domestic Equities,41837.0,41208.0,1.5264026402640265,0.563335,0.569082,-1.0098720395303311,1.22054980911813,1100,tata-steel,Large Cap,Jan-2025
171369,7531.0,1,Tech Mahindra Ltd.,IT,Information Technology,Domestic Equities,3227.0,3182.0,1.4142049025769956,0.540345,0.542706,-0.4350421775325875,1.17073852433798,1100,tech-mahindra,Large Cap,Jan-2025
171658,4978.0,1,Asian Paints Ltd.,Chemicals,Chemicals,Domestic Equities,2293.0,2259.0,1.5050907481186366,0.527631,0.515515,2.350271088135174,1.14319173553003,1100,asian-paints,Large Cap,Jan-2025
171708,8443.0,1,Bajaj Finserv Ltd.,Finance,Finance,Domestic Equities,2757.0,2728.0,1.063049853372434,0.478932,0.4277499999999999,11.965400350672123,1.03767804446833,1100,bajaj-finserv,Large Cap,Jan-2025
152400,5891.0,1,Nestle India Ltd.,FMCG,Fast Moving Consumer Goods,Domestic Equities,1807.0,1790.0,0.9497206703910616,0.4179679999999999,0.3884749999999999,7.591994336829915,0.905590390473673,1100,nestle-india,Large Cap,Jan-2025
539,7794.0,1,Adani Ports and Special Economic Zone Ltd.,Logistics,Logistics,Domestic Equities,3727.0,3687.0,1.084892866829401,0.409821,0.453095,-9.550756463876224,0.887938692470024,1100,adani-ports-and-special-economic-zone,Large Cap,Jan-2025
114442,5285.0,1,IndusInd Bank Ltd.,Bank,Banking,Domestic Equities,3377.0,3343.0,1.0170505533951542,0.335049,0.3210119999999999,4.3727337295802045,0.725933934506502,1100,indusind-bank,Mid Cap,Jan-2025
225180,112809.0,1,ITC Hotels Ltd.,Hospitality,Hospitality,Domestic Equities,4657.0,,,0.076678,,,0.166134392969654,1100,itc-hotels,,Jan-2025
171875,5051.0,1,HDFC Bank Ltd.,Bank,Banking,Domestic Equities,38795.0,38737.0,0.1497276505666417,6.715802,6.582385,2.026879315020308,15.4222812146208,1100,hdfc-bank,Large Cap,Feb-2025
171888,8748.0,1,ICICI Bank Ltd.,Bank,Banking,Domestic Equities,36129.0,36145.0,-0.0442661502282473,4.34668,4.527342,-3.990465045494681,9.98178941397737,1100,icici-bank,Large Cap,Feb-2025
171531,4897.0,1,Reliance Industries Ltd.,Crude Oil,Crude Oil,Domestic Equities,34651.0,34664.0,-0.0375028848372951,4.156734,4.384649,-5.198021552010204,9.54559420935514,1100,reliance-industries,Large Cap,Feb-2025
171889,4926.0,1,Infosys Ltd.,IT,Information Technology,Domestic Equities,18499.0,18506.0,-0.0378255700853777,3.122724,3.479221,-10.24646034270315,7.17107616985218,1100,infosys,Large Cap,Feb-2025
133593,6508.0,1,Bharti Airtel Ltd.,Telecom,Telecom,Domestic Equities,13705.0,13700.0,0.0364963503649635,2.151137,2.228648,-3.477938193918469,4.93990736254223,1100,bharti-airtel,Large Cap,Feb-2025
152372,4964.0,1,Larsen & Toubro Ltd.,Infrastructure,Infrastructure,Domestic Equities,5985.0,5982.0,0.0501504513540621,1.894103,2.133899,-11.237457817825494,4.34965014088518,1100,larsen-toubro,Large Cap,Feb-2025
152408,5535.0,1,ITC Ltd.,FMCG,Fast Moving Consumer Goods,Domestic Equities,47398.0,47387.0,0.0232131175216831,1.870799,2.120805,-11.788259646690758,4.29613444143104,1100,itc,Large Cap,Feb-2025
171915,6797.0,1,Tata Consultancy Services Ltd.,IT,Information Technology,Domestic Equities,5187.0,5184.0,0.0578703703703703,1.807099,2.130106,-15.163893252260689,4.14985268485582,1100,tata-consultancy-services,Large Cap,Feb-2025
171400,5889.0,1,Axis Bank Ltd.,Bank,Banking,Domestic Equities,14587.0,14576.0,0.0754665203073545,1.48182,1.437777,3.063270590640953,3.40287649180983,1100,axis-bank,Large Cap,Feb-2025
171492,5886.0,1,Kotak Mahindra Bank Ltd.,Bank,Banking,Domestic Equities,7536.0,7495.0,0.5470313542361575,1.432405,1.426036,0.4466226659074505,3.28939905066125,1100,kotak-mahindra-bank,Large Cap,Feb-2025
133350,8843.0,1,State Bank Of India,Bank,Banking,Domestic Equities,19636.0,19621.0,0.0764487029203404,1.351448,1.5169,-10.90724503922473,3.10348802763049,1100,state-bank-of-india,Large Cap,Feb-2025
171484,6114.0,1,Bajaj Finance Ltd.,Finance,Finance,Domestic Equities,1425.0,1425.0,0.0,1.217271,1.123691,8.3279122107412,2.79536169714395,1100,bajaj-finance,Large Cap,Feb-2025
171656,5311.0,1,Mahindra & Mahindra Ltd.,Automobile & Ancillaries,Automobile & Ancillaries,Domestic Equities,4518.0,4518.0,0.0,1.167451,1.351627,-13.626244518643094,2.68095420715058,1100,mahindra-mahindra,Large Cap,Feb-2025
171717,5016.0,1,Hindustan Unilever Ltd.,FMCG,Fast Moving Consumer Goods,Domestic Equities,4551.0,4570.0,-0.4157549234135667,0.997488,1.129384,-11.678578765061308,2.29064830145524,1100,hindustan-unilever,Large Cap,Feb-2025
420,5071.0,1,Sun Pharmaceutical Industries Ltd.,Healthcare,Healthcare,Domestic Equities,5523.0,5526.0,-0.0542888165038002,0.880311,0.963237,-8.609096203738028,2.02156105828076,1100,sun-pharmaceutical-industries,Large Cap,Feb-2025
171528,8219.0,1,HCL Technologies Ltd.,IT,Information Technology,Domestic Equities,5418.0,5414.0,0.0738825267824159,0.853308,0.934023,-8.64165015208405,1.9595509127109,1100,hcl-technologies,Large Cap,Feb-2025
133625,7239.0,1,Maruti Suzuki India Ltd.,Automobile & Ancillaries,Automobile & Ancillaries,Domestic Equities,675.0,676.0,-0.1479289940828402,0.806288,0.832048,-3.0959752321981515,1.85157339003952,1100,maruti-suzuki-india,Large Cap,Feb-2025
156921,98676.0,1,Eternal Ltd.,Retailing,Information Technology,Domestic Equities,34712.0,34476.0,0.6845341686970646,0.769739,0.759679,1.324243529174823,1.76764164873548,1100,eternal,Large Cap,Feb-2025
133664,7760.0,1,NTPC Ltd.,Power,Power,Domestic Equities,24302.0,24126.0,0.7295034402719058,0.755671,0.782286,-3.402208399485615,1.73533565577629,1100,ntpc,Large Cap,Feb-2025
152378,5539.0,1,Tata Motors Ltd.,Automobile & Ancillaries,Automobile & Ancillaries,Domestic Equities,10744.0,10643.0,0.9489805505966364,0.666719,0.762039,-12.50854615052512,1.53106477962435,1100,tata-motors,Large Cap,Feb-2025
171461,6050.0,1,Titan Company Ltd.,Diamond  &  Jewellery,Diamond & Jewellery,Domestic Equities,2134.0,2135.0,-0.0468384074941451,0.656141,0.745051,-11.933411269832542,1.50677328164864,1100,titan-company,Large Cap,Feb-2025
517,7825.0,1,Power Grid Corporation Of India Ltd.,Power,Power,Domestic Equities,23086.0,23107.0,-0.0908815510451378,0.578651,0.697485,-17.03749901431573,1.32882393601264,1100,power-grid-corporation-of-india,Large Cap,Feb-2025
133654,6850.0,1,Ultratech Cement Ltd.,Construction Materials,Construction Materials,Domestic Equities,570.0,572.0,-0.3496503496503496,0.576498,0.657989,-12.384857497617748,1.32387975042541,1100,ultratech-cement,Large Cap,Feb-2025
152362,5226.0,1,Tata Steel Ltd.,Iron & Steel,Iron & Steel,Domestic Equities,41768.0,41837.0,-0.1649257833974711,0.573057,0.563335,1.7257937106694967,1.31597777987007,1100,tata-steel,Large Cap,Feb-2025
171708,8443.0,1,Bajaj Finserv Ltd.,Finance,Finance,Domestic Equities,2766.0,2757.0,0.3264417845484222,0.518072,0.478932,8.172350145740943,1.18970929658454,1100,bajaj-finserv,Large Cap,Feb-2025
171658,4978.0,1,Asian Paints Ltd.,Chemicals,Chemicals,Domestic Equities,2304.0,2293.0,0.4797208896641954,0.50226,0.527631,-4.808474104061365,1.15339835255052,1100,asian-paints,Large Cap,Feb-2025
171369,7531.0,1,Tech Mahindra Ltd.,IT,Information Technology,Domestic Equities,3222.0,3227.0,-0.1549426712116516,0.479724,0.540345,-11.21894345279405,1.10164630127612,1100,tech-mahindra,Large Cap,Feb-2025
539,7794.0,1,Adani Ports and Special Economic Zone Ltd.,Logistics,Logistics,Domestic Equities,3754.0,3727.0,0.7244432519452643,0.401734,0.409821,-1.9733005385278009,0.92254874718976,1100,adani-ports-and-special-economic-zone,Large Cap,Feb-2025
152400,5891.0,1,Nestle India Ltd.,FMCG,Fast Moving Consumer Goods,Domestic Equities,1818.0,1807.0,0.6087437742114,0.398106,0.4179679999999999,-4.752038433564285,0.914217346673985,1100,nestle-india,Large Cap,Feb-2025
114442,5285.0,1,IndusInd Bank Ltd.,Bank,Banking,Domestic Equities,3340.0,3377.0,-1.0956470239857865,0.330309,0.335049,-1.414718444167858,0.758527170056561,1100,indusind-bank,Mid Cap,Feb-2025
171875,5051.0,1,HDFC Bank Ltd.,Bank,Banking,Domestic Equities,39462.0,38795.0,1.7192937234179664,7.215627,6.715802,7.442521384638791,15.45303990457,1100,hdfc-bank,Large Cap,Mar-2025
171888,8748.0,1,ICICI Bank Ltd.,Bank,Banking,Domestic Equities,37082.0,36129.0,2.637770212294833,5.000137,4.34668,15.03347382369992,10.7083302101559,1100,icici-bank,Large Cap,Mar-2025
171531,4897.0,1,Reliance Industries Ltd.,Crude Oil,Crude Oil,Domestic Equities,35196.0,34651.0,1.5728261810625956,4.48749,4.156734,7.957112483021528,9.61044162085412,1100,reliance-industries,Large Cap,Mar-2025
171889,4926.0,1,Infosys Ltd.,IT,Information Technology,Domestic Equities,18578.0,18499.0,0.4270501108168009,2.917489,3.122724,-6.572306742446663,6.24811592092329,1100,infosys,Large Cap,Mar-2025
133593,6508.0,1,Bharti Airtel Ltd.,Telecom,Telecom,Domestic Equities,13937.0,13705.0,1.6928128420284567,2.4124250000000003,2.151137,12.146506707847996,5.16646714024744,1100,bharti-airtel,Large Cap,Mar-2025
152372,4964.0,1,Larsen & Toubro Ltd.,Infrastructure,Infrastructure,Domestic Equities,6089.0,5985.0,1.7376775271512113,2.12567,1.894103,12.225681496729583,4.55235052116015,1100,larsen-toubro,Large Cap,Mar-2025
152408,5535.0,1,ITC Ltd.,FMCG,Fast Moving Consumer Goods,Domestic Equities,48238.0,47398.0,1.7722266762310646,1.976793,1.870799,5.665707539933473,4.23351444192925,1100,itc,Large Cap,Mar-2025
171915,6797.0,1,Tata Consultancy Services Ltd.,IT,Information Technology,Domestic Equities,5278.0,5187.0,1.7543859649122806,1.902429,1.807099,5.275305890822798,4.07425595206226,1100,tata-consultancy-services,Large Cap,Mar-2025
171492,5886.0,1,Kotak Mahindra Bank Ltd.,Bank,Banking,Domestic Equities,7664.0,7536.0,1.6985138004246283,1.664084,1.432405,16.174126730917585,3.56381454536888,1100,kotak-mahindra-bank,Large Cap,Mar-2025
171400,5889.0,1,Axis Bank Ltd.,Bank,Banking,Domestic Equities,14840.0,14587.0,1.7344210598478096,1.63522,1.48182,10.35213453725824,3.50199919047242,1100,axis-bank,Large Cap,Mar-2025
133350,8843.0,1,State Bank Of India,Bank,Banking,Domestic Equities,19907.0,19636.0,1.3801181503361173,1.5360239999999998,1.351448,13.657647205071882,3.28956030659251,1100,state-bank-of-india,Large Cap,Mar-2025
171656,5311.0,1,Mahindra & Mahindra Ltd.,Automobile & Ancillaries,Automobile & Ancillaries,Domestic Equities,4599.0,4518.0,1.7928286852589643,1.226254,1.167451,5.036870926488569,2.62615459406903,1100,mahindra-mahindra,Large Cap,Mar-2025
171484,6114.0,1,Bajaj Finance Ltd.,Finance,Finance,Domestic Equities,1353.0,1425.0,-5.052631578947368,1.210766,1.217271,-0.5343920951045362,2.59298537924654,1100,bajaj-finance,Large Cap,Mar-2025
171717,5016.0,1,Hindustan Unilever Ltd.,FMCG,Fast Moving Consumer Goods,Domestic Equities,4651.0,4551.0,2.197319270490002,1.050824,0.997488,5.34703174374028,2.25045241455522,1100,hindustan-unilever,Large Cap,Mar-2025
420,5071.0,1,Sun Pharmaceutical Industries Ltd.,Healthcare,Healthcare,Domestic Equities,5584.0,5523.0,1.1044722071338042,0.969075,0.880311,10.08325466795258,2.07537815431994,1100,sun-pharmaceutical-industries,Large Cap,Mar-2025
133664,7760.0,1,NTPC Ltd.,Power,Power,Domestic Equities,24580.0,24302.0,1.1439387704715662,0.879104,0.755671,16.334224814767275,1.88269559835439,1100,ntpc,Large Cap,Mar-2025
171528,8219.0,1,HCL Technologies Ltd.,IT,Information Technology,Domestic Equities,5474.0,5418.0,1.03359173126615,0.870886,0.853308,2.059983030746229,1.86509586905356,1100,hcl-technologies,Large Cap,Mar-2025
133625,7239.0,1,Maruti Suzuki India Ltd.,Automobile & Ancillaries,Automobile & Ancillaries,Domestic Equities,683.0,675.0,1.1851851851851851,0.786915,0.806288,-2.402739467783216,1.68526295725994,1100,maruti-suzuki-india,Large Cap,Mar-2025
152378,5539.0,1,Tata Motors Ltd.,Automobile & Ancillaries,Automobile & Ancillaries,Domestic Equities,10876.0,10744.0,1.2285927029039465,0.7330970000000001,0.666719,9.95591846040088,1.57000593225239,1100,tata-motors,Large Cap,Mar-2025
156921,98676.0,1,Eternal Ltd.,Retailing,Information Technology,Domestic Equities,36086.0,34712.0,3.958285319197972,0.727133,0.769739,-5.535122944270716,1.55723338594549,1100,eternal,Large Cap,Mar-2025
133654,6850.0,1,Ultratech Cement Ltd.,Construction Materials,Construction Materials,Domestic Equities,597.0,570.0,4.736842105263158,0.686819,0.576498,19.13640637088073,1.47089662675424,1100,ultratech-cement,Large Cap,Mar-2025
517,7825.0,1,Power Grid Corporation Of India Ltd.,Power,Power,Domestic Equities,23520.0,23086.0,1.879927228623408,0.683138,0.578651,18.056998086929777,1.46301337005476,1100,power-grid-corporation-of-india,Large Cap,Mar-2025
152362,5226.0,1,Tata Steel Ltd.,Iron & Steel,Iron & Steel,Domestic Equities,42527.0,41768.0,1.817180616740088,0.655979,0.573057,14.470113793217768,1.40484945571049,1100,tata-steel,Large Cap,Mar-2025
171461,6050.0,1,Titan Company Ltd.,Diamond  &  Jewellery,Diamond & Jewellery,Domestic Equities,2125.0,2134.0,-0.4217432052483599,0.651058,0.656141,-0.7746810517861121,1.39431060588214,1100,titan-company,Large Cap,Mar-2025
171708,8443.0,1,Bajaj Finserv Ltd.,Finance,Finance,Domestic Equities,2806.0,2766.0,1.4461315979754157,0.56287,0.518072,8.647060640219886,1.20544653584301,1100,bajaj-finserv,Large Cap,Mar-2025
171658,4978.0,1,Asian Paints Ltd.,Chemicals,Chemicals,Domestic Equities,2313.0,2304.0,0.390625,0.54071,0.50226,7.655397602835183,1.15798851670132,1100,asian-paints,Large Cap,Mar-2025
171369,7531.0,1,Tech Mahindra Ltd.,IT,Information Technology,Domestic Equities,3291.0,3222.0,2.141527001862197,0.466664,0.479724,-2.7223987125930686,0.999411057975453,1100,tech-mahindra,Large Cap,Mar-2025
539,7794.0,1,Adani Ports and Special Economic Zone Ltd.,Logistics,Logistics,Domestic Equities,3768.0,3754.0,0.3729355354288758,0.445396,0.401734,10.868385548646614,0.953863352600661,1100,adani-ports-and-special-economic-zone,Large Cap,Mar-2025
152400,5891.0,1,Nestle India Ltd.,FMCG,Fast Moving Consumer Goods,Domestic Equities,1825.0,1818.0,0.385038503850385,0.410817,0.398106,3.1928682310741285,0.879808711630427,1100,nestle-india,Large Cap,Mar-2025
114442,5285.0,1,IndusInd Bank Ltd.,Bank,Banking,Domestic Equities,3422.0,3340.0,2.455089820359281,0.222276,0.330309,-32.7066474119688,0.476027917993571,1100,indusind-bank,Mid Cap,Mar-2025
171875,5051.0,1,HDFC Bank Ltd.,Bank,Banking,Domestic Equities,38882.0,39462.0,-1.4697683847752268,7.479925,7.215627,3.6628556326428736,15.6767148150632,1100,hdfc-bank,Large Cap,Apr-2025
171888,8748.0,1,ICICI Bank Ltd.,Bank,Banking,Domestic Equities,36539.0,37082.0,-1.4643223127123672,5.197855,5.000137,3.954251653504691,10.8938646423661,1100,icici-bank,Large Cap,Apr-2025
171531,4897.0,1,Reliance Industries Ltd.,Crude Oil,Crude Oil,Domestic Equities,34735.0,35196.0,-1.3098079327196273,4.891904,4.48749,9.012031224582111,10.2526407565139,1100,reliance-industries,Large Cap,Apr-2025
171889,4926.0,1,Infosys Ltd.,IT,Information Technology,Domestic Equities,18333.0,18578.0,-1.3187641296156745,2.747933,2.917489,-5.811710001305919,5.759223785252,1100,infosys,Large Cap,Apr-2025
133593,6508.0,1,Bharti Airtel Ltd.,Telecom,Telecom,Domestic Equities,13758.0,13937.0,-1.284351008107914,2.5640780000000003,2.4124250000000003,6.286330144978601,5.37389339727038,1100,bharti-airtel,Large Cap,Apr-2025
152408,5535.0,1,ITC Ltd.,FMCG,Fast Moving Consumer Goods,Domestic Equities,47563.0,48238.0,-1.399311745926448,2.022854,1.976793,2.330087166435736,4.23957529928574,1100,itc,Large Cap,Apr-2025
152372,4964.0,1,Larsen & Toubro Ltd.,Infrastructure,Infrastructure,Domestic Equities,6000.0,6089.0,-1.4616521596321237,2.00433,2.12567,-5.70831784801969,4.2007519868549,1100,larsen-toubro,Large Cap,Apr-2025
171915,6797.0,1,Tata Consultancy Services Ltd.,IT,Information Technology,Domestic Equities,5201.0,5278.0,-1.4588859416445623,1.7837610000000002,1.902429,-6.237709791009275,3.73847498407163,1100,tata-consultancy-services,Large Cap,Apr-2025
171400,5889.0,1,Axis Bank Ltd.,Bank,Banking,Domestic Equities,14624.0,14840.0,-1.4555256064690028,1.731335,1.63522,5.877802375215572,3.62859855470977,1100,axis-bank,Large Cap,Apr-2025
171492,5886.0,1,Kotak Mahindra Bank Ltd.,Bank,Banking,Domestic Equities,7552.0,7664.0,-1.4613778705636742,1.66582,1.664084,0.1043216568394343,3.49128969518125,1100,kotak-mahindra-bank,Large Cap,Apr-2025
133350,8843.0,1,State Bank Of India,Bank,Banking,Domestic Equities,19643.0,19907.0,-1.326166675038931,1.5481630000000002,1.5360239999999998,0.7902871309302614,3.24469962442574,1100,state-bank-of-india,Large Cap,Apr-2025
171656,5311.0,1,Mahindra & Mahindra Ltd.,Automobile & Ancillaries,Automobile & Ancillaries,Domestic Equities,4512.0,4599.0,-1.8917155903457272,1.3198500000000002,1.226254,7.6326764275590655,2.76619244827471,1100,mahindra-mahindra,Large Cap,Apr-2025
171484,6114.0,1,Bajaj Finance Ltd.,Finance,Finance,Domestic Equities,1338.0,1353.0,-1.1086474501108647,1.155457,1.210766,-4.568099864053007,2.4216512692398,1100,bajaj-finance,Large Cap,Apr-2025
171717,5016.0,1,Hindustan Unilever Ltd.,FMCG,Fast Moving Consumer Goods,Domestic Equities,4562.0,4651.0,-1.9135669748441195,1.068078,1.050824,1.6419495557771742,2.23851899668019,1100,hindustan-unilever,Large Cap,Apr-2025
420,5071.0,1,Sun Pharmaceutical Industries Ltd.,Healthcare,Healthcare,Domestic Equities,5525.0,5584.0,-1.0565902578796562,1.011186,0.969075,4.345484095658233,2.11928255256363,1100,sun-pharmaceutical-industries,Large Cap,Apr-2025
133664,7760.0,1,NTPC Ltd.,Power,Power,Domestic Equities,24319.0,24580.0,-1.061838893409276,0.8621089999999999,0.879104,-1.9332183677926624,1.80684123604172,1100,ntpc,Large Cap,Apr-2025
171528,8219.0,1,HCL Technologies Ltd.,IT,Information Technology,Domestic Equities,5416.0,5474.0,-1.0595542564852027,0.847089,0.870886,-2.732504598764936,1.77536174172563,1100,hcl-technologies,Large Cap,Apr-2025
133625,7239.0,1,Maruti Suzuki India Ltd.,Automobile & Ancillaries,Automobile & Ancillaries,Domestic Equities,677.0,683.0,-0.8784773060029283,0.830039,0.786915,5.480134449082806,1.73962769524831,1100,maruti-suzuki-india,Large Cap,Apr-2025
156921,98676.0,1,Eternal Ltd.,Retailing,Information Technology,Domestic Equities,35397.0,36086.0,-1.9093277171202128,0.82298,0.727133,13.18149499472586,1.72483317125516,1100,eternal,Large Cap,Apr-2025
517,7825.0,1,Power Grid Corporation Of India Ltd.,Power,Power,Domestic Equities,23321.0,23520.0,-0.8460884353741496,0.715138,0.683138,4.684265843797304,1.49881375540726,1100,power-grid-corporation-of-india,Large Cap,Apr-2025
171461,6050.0,1,Titan Company Ltd.,Diamond  &  Jewellery,Diamond & Jewellery,Domestic Equities,2087.0,2125.0,-1.7882352941176471,0.7046030000000001,0.651058,8.224305668619387,1.47673409677744,1100,titan-company,Large Cap,Apr-2025
152378,5539.0,1,Tata Motors Ltd.,Automobile & Ancillaries,Automobile & Ancillaries,Domestic Equities,10669.0,10876.0,-1.9032732622287607,0.6872440000000001,0.7330970000000001,-6.254697536615214,1.44035243620268,1100,tata-motors,Large Cap,Apr-2025
133654,6850.0,1,Ultratech Cement Ltd.,Construction Materials,Construction Materials,Domestic Equities,587.0,597.0,-1.675041876046901,0.683224,0.686819,-0.5234275697090457,1.43192716542034,1100,ultratech-cement,Large Cap,Apr-2025
152362,5226.0,1,Tata Steel Ltd.,Iron & Steel,Iron & Steel,Domestic Equities,42243.0,42527.0,-0.6678110376937004,0.5903459999999999,0.655979,-10.005350781046342,1.23726987693236,1100,tata-steel,Large Cap,Apr-2025
171658,4978.0,1,Asian Paints Ltd.,Chemicals,Chemicals,Domestic Equities,2307.0,2313.0,-0.2594033722438391,0.5590550000000001,0.54071,3.3927613693107315,1.17168899433285,1100,asian-paints,Large Cap,Apr-2025
171708,8443.0,1,Bajaj Finserv Ltd.,Finance,Finance,Domestic Equities,2786.0,2806.0,-0.7127583749109052,0.5439390000000001,0.56287,-3.3632988078952457,1.14000829952047,1100,bajaj-finserv,Large Cap,Apr-2025
171369,7531.0,1,Tech Mahindra Ltd.,IT,Information Technology,Domestic Equities,3227.0,3291.0,-1.944697660285628,0.484889,0.466664,3.905379459311192,1.01624903591429,1100,tech-mahindra,Large Cap,Apr-2025
539,7794.0,1,Adani Ports and Special Economic Zone Ltd.,Logistics,Logistics,Domestic Equities,3759.0,3768.0,-0.2388535031847133,0.45747,0.445396,2.7108460785458326,0.958783239998659,1100,adani-ports-and-special-economic-zone,Large Cap,Apr-2025
152400,5891.0,1,Nestle India Ltd.,FMCG,Fast Moving Consumer Goods,Domestic Equities,1825.0,1825.0,0.0,0.435345,0.410817,5.970541628024165,0.912412813118272,1100,nestle-india,Large Cap,Apr-2025
114442,5285.0,1,IndusInd Bank Ltd.,Bank,Banking,Domestic Equities,3358.0,3422.0,-1.870251315020456,0.281552,0.222276,26.667746405369908,0.590087522215888,1100,indusind-bank,Mid Cap,Apr-2025
171875,5051.0,1,HDFC Bank Ltd.,Bank,Banking,Domestic Equities,38692.0,38882.0,-0.4886579908440923,7.524045999999999,7.479925,0.5898588555366544,15.5330012324754,1100,hdfc-bank,Large Cap,May-2025
171888,8748.0,1,ICICI Bank Ltd.,Bank,Banking,Domestic Equities,36361.0,36539.0,-0.4871507156736637,5.257619,5.197855,1.1497819773733613,10.854080691012,1100,icici-bank,Large Cap,May-2025
171531,4897.0,1,Reliance Industries Ltd.,Crude Oil,Crude Oil,Domestic Equities,34563.0,34735.0,-0.4951777745789549,4.910711,4.891904,0.384451534617194,10.1379071865497,1100,reliance-industries,Large Cap,May-2025
171889,4926.0,1,Infosys Ltd.,IT,Information Technology,Domestic Equities,18217.0,18333.0,-0.632738777068674,2.846953,2.747933,3.60343574606804,5.87738624375763,1100,infosys,Large Cap,May-2025
133593,6508.0,1,Bharti Airtel Ltd.,Telecom,Telecom,Domestic Equities,13671.0,13758.0,-0.6323593545573485,2.538431,2.5640780000000003,-1.000242582323945,5.24045863775338,1100,bharti-airtel,Large Cap,May-2025
152372,4964.0,1,Larsen & Toubro Ltd.,Infrastructure,Infrastructure,Domestic Equities,5971.0,6000.0,-0.4833333333333333,2.19479,2.00433,9.502427245014552,4.53102968469687,1100,larsen-toubro,Large Cap,May-2025
152408,5535.0,1,ITC Ltd.,FMCG,Fast Moving Consumer Goods,Domestic Equities,47294.0,47563.0,-0.5655656707945251,1.976416,2.022854,-2.2956674085228093,4.08020793119608,1100,itc,Large Cap,May-2025
171915,6797.0,1,Tata Consultancy Services Ltd.,IT,Information Technology,Domestic Equities,5176.0,5201.0,-0.4806767929244376,1.7932249999999998,1.7837610000000002,0.5305643525113414,3.70201964941545,1100,tata-consultancy-services,Large Cap,May-2025
171400,5889.0,1,Axis Bank Ltd.,Bank,Banking,Domestic Equities,14550.0,14624.0,-0.5060175054704595,1.734433,1.731335,0.1789370630178421,3.58064662638241,1100,axis-bank,Large Cap,May-2025
133350,8843.0,1,State Bank Of India,Bank,Banking,Domestic Equities,19574.0,19643.0,-0.351270172580563,1.590192,1.5481630000000002,2.7147658224618465,3.28286859169555,1100,state-bank-of-india,Large Cap,May-2025
171492,5886.0,1,Kotak Mahindra Bank Ltd.,Bank,Banking,Domestic Equities,7515.0,7552.0,-0.4899364406779661,1.559889,1.66582,-6.359090417932306,3.22030962590139,1100,kotak-mahindra-bank,Large Cap,May-2025
171656,5311.0,1,Mahindra & Mahindra Ltd.,Automobile & Ancillaries,Automobile & Ancillaries,Domestic Equities,4492.0,4512.0,-0.4432624113475177,1.33792,1.3198500000000002,1.3690949729135795,2.76206618207192,1100,mahindra-mahindra,Large Cap,May-2025
171484,6114.0,1,Bajaj Finance Ltd.,Finance,Finance,Domestic Equities,1328.0,1338.0,-0.7473841554559043,1.218407,1.155457,5.448060810571057,2.51533781593795,1100,bajaj-finance,Large Cap,May-2025
171717,5016.0,1,Hindustan Unilever Ltd.,FMCG,Fast Moving Consumer Goods,Domestic Equities,4553.0,4562.0,-0.1972818939061815,1.069659,1.068078,0.148022897204141,2.2082553144051,1100,hindustan-unilever,Large Cap,May-2025
420,5071.0,1,Sun Pharmaceutical Industries Ltd.,Healthcare,Healthcare,Domestic Equities,5501.0,5525.0,-0.4343891402714932,0.923233,1.011186,-8.698004125848259,1.90596646097884,1100,sun-pharmaceutical-industries,Large Cap,May-2025
171528,8219.0,1,HCL Technologies Ltd.,IT,Information Technology,Domestic Equities,5405.0,5416.0,-0.2031019202363367,0.8850960000000001,0.847089,4.486777658545922,1.82723461005675,1100,hcl-technologies,Large Cap,May-2025
156921,98676.0,1,Eternal Ltd.,Retailing,Information Technology,Domestic Equities,35492.0,35397.0,0.2683843263553409,0.847372,0.82298,2.9638630343386225,1.74935537613209,1100,eternal,Large Cap,May-2025
133625,7239.0,1,Maruti Suzuki India Ltd.,Automobile & Ancillaries,Automobile & Ancillaries,Domestic Equities,673.0,677.0,-0.5908419497784343,0.8289709999999999,0.830039,-0.1286686529187266,1.7113674696681,1100,maruti-suzuki-india,Large Cap,May-2025
133664,7760.0,1,NTPC Ltd.,Power,Power,Domestic Equities,24162.0,24319.0,-0.6455857559932563,0.807615,0.8621089999999999,-6.321010452274593,1.66727911955424,1100,ntpc,Large Cap,May-2025
152378,5539.0,1,Tata Motors Ltd.,Automobile & Ancillaries,Automobile & Ancillaries,Domestic Equities,10720.0,10669.0,0.4780204330302746,0.77125,0.6872440000000001,12.223606171898185,1.59220547037414,1100,tata-motors,Large Cap,May-2025
171461,6050.0,1,Titan Company Ltd.,Diamond  &  Jewellery,Diamond & Jewellery,Domestic Equities,2071.0,2087.0,-0.7666506947771922,0.736075,0.7046030000000001,4.466628725679564,1.51958851423747,1100,titan-company,Large Cap,May-2025
517,7825.0,1,Power Grid Corporation Of India Ltd.,Power,Power,Domestic Equities,23230.0,23321.0,-0.3902062518759916,0.673438,0.715138,-5.831042400208074,1.39027768889183,1100,power-grid-corporation-of-india,Large Cap,May-2025
152362,5226.0,1,Tata Steel Ltd.,Iron & Steel,Iron & Steel,Domestic Equities,41769.0,42243.0,-1.1220793977700447,0.6724809999999999,0.5903459999999999,13.913027275529938,1.3883020122174,1100,tata-steel,Large Cap,May-2025
133654,6850.0,1,Ultratech Cement Ltd.,Construction Materials,Construction Materials,Domestic Equities,584.0,587.0,-0.5110732538330494,0.653919,0.683224,-4.28922286102361,1.34998172963577,1100,ultratech-cement,Large Cap,May-2025
171708,8443.0,1,Bajaj Finserv Ltd.,Finance,Finance,Domestic Equities,2754.0,2786.0,-1.148600143575018,0.555151,0.5439390000000001,2.061260545759717,1.14608033592697,1100,bajaj-finserv,Large Cap,May-2025
539,7794.0,1,Adani Ports and Special Economic Zone Ltd.,Logistics,Logistics,Domestic Equities,3752.0,3759.0,-0.186219739292365,0.537418,0.45747,17.476118652589236,1.10947148068399,1100,adani-ports-and-special-economic-zone,Large Cap,May-2025
171658,4978.0,1,Asian Paints Ltd.,Chemicals,Chemicals,Domestic Equities,2295.0,2307.0,-0.5201560468140443,0.518681,0.5590550000000001,-7.221829694752762,1.07078991971362,1100,asian-paints,Large Cap,May-2025
171369,7531.0,1,Tech Mahindra Ltd.,IT,Information Technology,Domestic Equities,3223.0,3227.0,-0.1239541369693213,0.5073,0.484889,4.621882533940749,1.04729443775793,1100,tech-mahindra,Large Cap,May-2025
152400,5891.0,1,Nestle India Ltd.,FMCG,Fast Moving Consumer Goods,Domestic Equities,1823.0,1825.0,-0.1095890410958904,0.436928,0.435345,0.3636196579724057,0.902015107629993,1100,nestle-india,Large Cap,May-2025
114442,5285.0,1,IndusInd Bank Ltd.,Bank,Banking,Domestic Equities,3310.0,3358.0,-1.429422275163788,0.27046,0.281552,-3.939591975904988,0.558350588677329,1100,indusind-bank,Mid Cap,May-2025
