CompanyID,SecurityID,MfSchemeAssetAllocationID,Name,SectorName,EquitySectorName,Type,NoOfShare,PrevNoOfShare,SharesZG,MarketValue,PrevMarketValue,MarketValueZG,HoldingPercentage,Priority,SecuritySlug,McapCategory,Month
171400,5889,1,Axis Bank Ltd.,Bank,Banking,Domestic Equities,887126.0,887126.0,0.0,112.6118,113.5255,-0.8048412030777138,4.19902532414402,1100,axis-bank,Large Cap,Dec-2025
171875,5051,1,HDFC Bank Ltd.,Bank,Banking,Domestic Equities,1109788.0,1109788.0,0.0,110.00219999999999,111.8222,-1.627583789265459,4.10171956679101,1100,hdfc-bank,Large Cap,Dec-2025
171383,5551,1,Hero MotoCorp Ltd.,Automobile & Ancillaries,Automobile & Ancillaries,Domestic Equities,143618.0,143618.0,0.0,82.8819,88.6769,-6.534960062879961,3.09046829029616,1100,hero-motocorp,Large Cap,Dec-2025
797,86851,1,Nippon Life India Asset Management Ltd.,Finance,Finance,Domestic Equities,936848.0,936848.0,0.0,82.40979999999999,82.03040000000001,0.46251145916634184,3.07286480775233,1100,nippon-life-india-asset-management,Mid Cap,Dec-2025
19098,6973,1,Schaeffler India Ltd.,Automobile & Ancillaries,Automobile & Ancillaries,Domestic Equities,193331.0,193331.0,0.0,74.9931,75.3875,-0.5231636544519926,2.79631376140036,1100,schaeffler-india,Mid Cap,Dec-2025
171888,8748,1,ICICI Bank Ltd.,Bank,Banking,Domestic Equities,557338.0,557338.0,0.0,74.8449,77.40310000000001,-3.3050355864300087,2.79078773701359,1100,icici-bank,Large Cap,Dec-2025
152222,5634,1,Max Financial Services Ltd.,Finance,Finance,Domestic Equities,436376.0,436376.0,0.0,72.9533,74.2756,-1.780261620235992,2.72025448647368,1100,max-financial-services,Mid Cap,Dec-2025
133330,5128,1,Cipla Ltd.,Healthcare,Healthcare,Domestic Equities,476194.0,476194.0,0.0,71.9672,72.9196,-1.3060960290511712,2.6834851703617,1100,cipla,Large Cap,Dec-2025
19913,93142,1,UTI Asset Management Company Ltd.,Finance,Finance,Domestic Equities,572387.0,438827.0,30.43568422180039,64.6511,50.0745,29.1098263587255,2.41068525797268,1100,uti-asset-management-company,Small Cap,Dec-2025
57620,82559,1,ICICI Prudential Life Insurance Company Ltd.,Insurance,Finance,Domestic Equities,934052.0,934052.0,0.0,62.418,57.8879,7.825642319033861,2.32741828727027,1100,icici-prudential-life-insurance-company,Mid Cap,Dec-2025
587,7648,1,APL Apollo Tubes Ltd.,Iron & Steel,Iron & Steel,Domestic Equities,319961.0,319961.0,0.0,61.240500000000004,54.9981,11.350210279991487,2.28351212184906,1100,apl-apollo-tubes,Mid Cap,Dec-2025
133657,7260,1,Coforge Ltd.,IT,Information Technology,Domestic Equities,366317.0,366317.0,0.0,60.9185,69.91890000000001,-12.872628144893582,2.27150551015851,1100,coforge,Mid Cap,Dec-2025
19805,15724,1,Syngene International Ltd.,Business Services,Healthcare,Domestic Equities,891518.0,891518.0,0.0,58.0378,57.7971,0.41645688105458073,2.16409108066478,1100,syngene-international,Small Cap,Dec-2025
115643,7007,1,Coal India Ltd.,Mining,Mining,Domestic Equities,1355787.0,1355787.0,0.0,54.0959,50.9979,6.074759941095617,2.01710703525175,1100,coal-india,Large Cap,Dec-2025
171656,5311,1,Mahindra & Mahindra Ltd.,Automobile & Ancillaries,Automobile & Ancillaries,Domestic Equities,143816.0,143816.0,0.0,53.3442,54.036,-1.2802576060404227,1.98907793584867,1100,mahindra-mahindra,Large Cap,Dec-2025
141614,85778,1,AU Small Finance Bank Ltd.,Bank,Banking,Domestic Equities,493625.0,549948.0,-10.241513743117531,49.091,52.5338,-6.5534950831655,1.83048625621431,1100,au-small-finance-bank,Mid Cap,Dec-2025
97743,96921,1,Gland Pharma Ltd.,Healthcare,Healthcare,Domestic Equities,274606.0,274606.0,0.0,47.287200000000006,48.319700000000005,-2.136809624231938,1.76322685817883,1100,gland-pharma,Small Cap,Dec-2025
171948,7104,1,Emami Ltd.,FMCG,Fast Moving Consumer Goods,Domestic Equities,884709.0,884709.0,0.0,46.765699999999995,46.9338,-0.35816405234607895,1.74378136750609,1100,emami,Small Cap,Dec-2025
114433,5462,1,Cyient Ltd.,IT,Information Technology,Domestic Equities,415628.0,415628.0,0.0,46.4589,46.7,-0.5162740899357532,1.73234152754751,1100,cyient,Small Cap,Dec-2025
65893,102659,1,Archean Chemical Industries Ltd.,Chemicals,Chemicals,Domestic Equities,831156.0,831156.0,0.0,46.3079,42.563500000000005,8.797208876149742,1.72671109784169,1100,archean-chemical-industries,Small Cap,Dec-2025
114411,5677,1,Welspun Corp Ltd.,Iron & Steel,Iron & Steel,Domestic Equities,568193.0,568193.0,0.0,46.273599999999995,48.66,-4.904233456637902,1.72543213268335,1100,welspun-corp,Small Cap,Dec-2025
152408,5535,1,ITC Ltd.,FMCG,Fast Moving Consumer Goods,Domestic Equities,1146755.0,1146755.0,0.0,46.2142,46.357600000000005,-0.3093343917717946,1.72321724841497,1100,itc,Large Cap,Dec-2025
134937,5507,1,Kirloskar Oil Engines Ltd.,Capital Goods,Capital Goods,Domestic Equities,353971.0,353971.0,0.0,43.141999999999996,39.8164,8.35233722787595,1.60866224085062,1100,kirloskar-oil-engines,Small Cap,Dec-2025
230962,113209,1,Tenneco Clean Air India Ltd.,Automobile & Ancillaries,Automobile & Ancillaries,Domestic Equities,839703.0,839703.0,0.0,42.648500000000006,40.6374,4.948889446667371,1.59026080336835,1100,tenneco-clean-air-india,Small Cap,Dec-2025
152376,5012,1,Bharat Petroleum Corporation Ltd.,Crude Oil,Crude Oil,Domestic Equities,1066843.0,1066843.0,0.0,40.966800000000006,38.310300000000005,6.934166529627804,1.52755422299567,1100,bharat-petroleum-corporation,Large Cap,Dec-2025
19174,6780,1,Bayer CropScience Ltd.,Chemicals,Chemicals,Domestic Equities,88177.0,88177.0,0.0,40.1911,41.07640000000001,-2.1552521642597746,1.49863022085789,1100,bayer-cropscience,Small Cap,Dec-2025
114402,5275,1,Hexaware Technologies Ltd.,IT,Information Technology,Domestic Equities,498261.0,498261.0,0.0,38.1444,37.7059,1.1629479736592923,1.42231366139498,1100,hexaware-technologies,Mid Cap,Dec-2025
171636,86629,1,ICICI Lombard General Insurance Company Ltd.,Insurance,Finance,Domestic Equities,193391.0,193391.0,0.0,37.9452,38.1077,-0.4264230063740399,1.41488596869697,1100,icici-lombard-general-insurance-company,Mid Cap,Dec-2025
171708,8443,1,Bajaj Finserv Ltd.,Finance,Finance,Domestic Equities,185120.0,185120.0,0.0,37.7626,38.7641,-2.5835760407180777,1.40807725039047,1100,bajaj-finserv,Large Cap,Dec-2025
133662,6324,1,Century Plyboards (India) Ltd.,Construction Materials,Construction Materials,Domestic Equities,451137.0,451137.0,0.0,37.3902,36.1271,3.496267345012468,1.39419134295704,1100,century-plyboards-india,Small Cap,Dec-2025
745,109745,1,RR Kabel Ltd.,Electricals,Electricals,Domestic Equities,246012.0,225499.0,9.096714397846553,35.7382,31.644299999999998,12.937243042190863,1.33259220471855,1100,rr-kabel,Small Cap,Dec-2025
96614,6762,1,PG Electroplast Ltd.,Consumer Durables,Consumer Durables,Domestic Equities,596297.0,596297.0,0.0,34.305,35.2352,-2.639973662700935,1.2791515964114,1100,pg-electroplast,Small Cap,Dec-2025
134131,90516,1,Polycab India Ltd.,Electricals,Electricals,Domestic Equities,44174.0,44174.0,0.0,33.6562,32.998000000000005,1.9946663434147434,1.25495939248335,1100,polycab-india,Large Cap,Dec-2025
178941,94376,1,Cohance Lifesciences Ltd.,Healthcare,Healthcare,Domestic Equities,619596.0,619596.0,0.0,32.751799999999996,34.97,-6.343151272519306,1.22123647443075,1100,cohance-lifesciences,Small Cap,Dec-2025
113892,8292,1,KEI Industries Ltd.,Electricals,Electricals,Domestic Equities,70437.0,70437.0,0.0,31.4163,29.2004,7.588594676785254,1.1714388660061,1100,kei-industries,Mid Cap,Dec-2025
188402,98309,1,Jubilant Ingrevia Ltd.,Chemicals,Chemicals,Domestic Equities,439283.0,439283.0,0.0,30.9014,31.1034,-0.649446684285328,1.1522394735854,1100,jubilant-ingrevia,Small Cap,Dec-2025
232979,113371,1,Physicswallah Ltd.,Education & Training,Other,Domestic Equities,2314341.0,2314341.0,0.0,30.7368,28.9038,6.341726693375947,1.14610193232992,1100,physicswallah,Mid Cap,Dec-2025
38020,6672,1,Apollo Hospitals Enterprise Ltd.,Healthcare,Healthcare,Domestic Equities,42850.0,42850.0,0.0,30.1771,31.4326,-3.9942607356693425,1.12523205480444,1100,apollo-hospitals-enterprise,Large Cap,Dec-2025
1607,90490,1,Prince Pipes and Fittings Ltd.,Plastic Products,Plastic Products,Domestic Equities,1122526.0,1122526.0,0.0,29.3148,30.953699999999998,-5.294682057395397,1.09307894529896,1100,prince-pipes-and-fittings,Small Cap,Dec-2025
96716,89715,1,Dodla Dairy Ltd,FMCG,Fast Moving Consumer Goods,Domestic Equities,233338.0,233338.0,0.0,29.1859,29.8626,-2.2660451534695594,1.08827257186134,1100,dodla-dairy,Small Cap,Dec-2025
58175,113030,1,Canara HSBC Life Insurance Company Ltd.,Insurance,Finance,Domestic Equities,1950040.0,,,28.8937,,,1.07737713106637,1100,canara-hsbc-life-insurance-company,Small Cap,Dec-2025
152444,7037,1,IIFL Finance Ltd.,Finance,Finance,Domestic Equities,472372.0,472372.0,0.0,28.8383,27.336199999999998,5.494911509280735,1.07531139725377,1100,iifl-finance,Small Cap,Dec-2025
213604,111699,1,Gopal Snacks Ltd.,FMCG,Fast Moving Consumer Goods,Domestic Equities,905612.0,849872.0,6.558634712050757,28.390900000000002,28.096799999999998,1.0467384186099595,1.05862891877441,1100,gopal-snacks,Small Cap,Dec-2025
152377,4902,1,Siemens Ltd.,Capital Goods,Capital Goods,Domestic Equities,91809.0,91809.0,0.0,28.1239,30.2694,-7.08801628046807,1.04867312585088,1100,siemens,Large Cap,Dec-2025
192044,99995,1,RateGain Travel Technologies Ltd.,IT,Information Technology,Domestic Equities,394299.0,394299.0,0.0,27.273699999999998,28.013,-2.6391318316496015,1.01697119647414,1100,rategain-travel-technologies,Small Cap,Dec-2025
352,7184,1,Ipca Laboratories Ltd.,Healthcare,Healthcare,Domestic Equities,191474.0,191474.0,0.0,27.168200000000002,27.8231,-2.353799540669436,1.01303735320286,1100,ipca-laboratories,Mid Cap,Dec-2025
861,112211,1,Sai Life Sciences Ltd.,Healthcare,Healthcare,Domestic Equities,296086.0,296086.0,0.0,26.8965,26.1858,2.7140664024013077,1.00290630849378,1100,sai-life-sciences,Small Cap,Dec-2025
133664,7760,1,NTPC Ltd.,Power,Power,Domestic Equities,801125.0,801125.0,0.0,26.4011,26.1527,0.9498063297479857,0.984434024545019,1100,ntpc,Large Cap,Dec-2025
37849,7492,1,Sudarshan Chemical Industries Ltd.,Chemicals,Chemicals,Domestic Equities,231765.0,209898.0,10.417917274104566,21.9644,21.269000000000002,3.2695472283605227,0.819000067751595,1100,sudarshan-chemical-industries,Small Cap,Dec-2025
19092,7145,1,IFB Industries Ltd.,Consumer Durables,Consumer Durables,Domestic Equities,136997.0,136997.0,0.0,21.3715,22.899,-6.670596969299969,0.796892241443117,1100,ifb-industries,Small Cap,Dec-2025
134703,87891,1,Hindustan Aeronautics Ltd.,Capital Goods,Capital Goods,Domestic Equities,46412.0,46412.0,0.0,20.3688,21.082199999999997,-3.3838973162193557,0.759503950939642,1100,hindustan-aeronautics,Large Cap,Dec-2025
23086,86979,1,IFGL Refractories Ltd.,Capital Goods,Capital Goods,Domestic Equities,952436.0,952436.0,0.0,19.8545,20.8679,-4.856262489277786,0.740326931087306,1100,ifgl-refractories,Small Cap,Dec-2025
26837,16127,1,Crompton Greaves Consumer Electricals Ltd.,Consumer Durables,Consumer Durables,Domestic Equities,770640.0,770640.0,0.0,19.4394,20.448900000000002,-4.93669586139108,0.724848842538396,1100,crompton-greaves-consumer-electricals,Small Cap,Dec-2025
174597,97684,1,Indigo Paints Ltd.,Chemicals,Chemicals,Domestic Equities,168159.0,168159.0,0.0,19.234,21.585700000000003,-10.894712703317476,0.717189966633924,1100,indigo-paints,Small Cap,Dec-2025
152534,6565,1,R Systems International Ltd.,IT,Information Technology,Domestic Equities,432975.0,432975.0,0.0,17.516,17.2541,1.5179000933111448,0.653129845875004,1100,r-systems-international,Small Cap,Dec-2025
171619,82976,1,Avenue Supermarts Ltd.,Retailing,Retailing,Domestic Equities,44652.0,44652.0,0.0,16.8883,17.8452,-5.362226256920632,0.629724410601212,1100,avenue-supermarts,Large Cap,Dec-2025
95406,100018,1,Emcure Pharmaceuticals Ltd.,Healthcare,Healthcare,Domestic Equities,122110.0,122110.0,0.0,16.6619,17.27,-3.5211349160393715,0.621282494803878,1100,emcure-pharmaceuticals,Small Cap,Dec-2025
211043,110998,1,JNK India Ltd.,Capital Goods,Capital Goods,Domestic Equities,645395.0,645395.0,0.0,16.076800000000002,15.98,0.6057571964956235,0.599465511884178,1100,jnk-india,Small Cap,Dec-2025
171741,5431,1,GAIL (India) Ltd.,Gas Transmission,Gas Transmission,Domestic Equities,900647.0,411526.0,118.85543076257636,15.5055,7.2466,113.96930974525985,0.57816309803693,1100,gail-india,Large Cap,Dec-2025
19255,6350,1,Mphasis Ltd.,IT,Information Technology,Domestic Equities,55143.0,55143.0,0.0,15.3915,15.5029,-0.7185752343109917,0.573912310047107,1100,mphasis,Mid Cap,Dec-2025
117,8100,1,Vardhman Textiles Ltd.,Textile,Textile,Domestic Equities,333459.0,333459.0,0.0,14.590499999999999,14.5755,0.1029124215292786,0.544044931276504,1100,vardhman-textiles,Small Cap,Dec-2025
225080,112729,1,Seshaasai Technologies Ltd.,IT,Information Technology,Domestic Equities,506149.0,506149.0,0.0,13.633099999999999,15.1237,-9.856053743462246,0.508345769684775,1100,seshaasai-technologies,Small Cap,Dec-2025
152425,8271,1,Indoco Remedies Ltd.,Healthcare,Healthcare,Domestic Equities,462465.0,462465.0,0.0,10.849400000000001,11.845999999999998,-8.412966402161056,0.404548238743792,1100,indoco-remedies,Small Cap,Dec-2025
58780,8388,1,Alembic Pharmaceuticals Ltd.,Healthcare,Healthcare,Domestic Equities,127660.0,127660.0,0.0,10.802,11.5813,-6.7289509813233455,0.40278080584276,1100,alembic-pharmaceuticals,Small Cap,Dec-2025
19064,6023,1,Westlife Foodworld Ltd,Hospitality,Hospitality,Domestic Equities,157998.0,157998.0,0.0,8.8566,8.961599999999999,-1.171665773968934,0.33024148167256,1100,westlife-foodworld,Small Cap,Dec-2025
782,108121,1,Cyient DLM Ltd.,Electricals,Electricals,Domestic Equities,147760.0,147760.0,0.0,6.1431,6.3411,-3.1224866348110054,0.229061541230574,1100,cyient-dlm,Small Cap,Dec-2025
171646,5397,1,Carborundum Universal Ltd.,Abrasives,Abrasives,Domestic Equities,62314.0,62314.0,0.0,5.3335,5.3394,-0.11049930703824994,0.198873488980037,1100,carborundum-universal,Small Cap,Dec-2025
38106,5893,1,Stylam Industries Ltd.,Construction Materials,Construction Materials,Domestic Equities,22562.0,22562.0,0.0,5.03,4.6693999999999996,7.722619608515013,0.18755669814748,1100,stylam-industries,Small Cap,Dec-2025
152370,5063,1,Escorts Kubota Ltd.,Automobile & Ancillaries,Automobile & Ancillaries,Domestic Equities,10912.0,10912.0,0.0,4.059,4.1655,-2.556715880446533,0.151350425006088,1100,escorts-kubota,Mid Cap,Dec-2025
152199,8320,1,Kirloskar Ferrous Industries Ltd.,Iron & Steel,Iron & Steel,Domestic Equities,50413.0,50413.0,0.0,2.4251,2.4907,-2.633797727546474,0.0904261925800109,1100,kirloskar-ferrous-industries,Small Cap,Dec-2025
171875,5051,1,HDFC Bank Ltd.,Bank,Banking,Domestic Equities,1109788.0,1109788.0,0.0,109.5694,105.5408,3.817102011733856,4.16949023031755,1100,hdfc-bank,Large Cap,Oct-2025
171400,5889,1,Axis Bank Ltd.,Bank,Banking,Domestic Equities,887126.0,887126.0,0.0,109.3649,100.3872,8.94307242357592,4.1617083062393,1100,axis-bank,Large Cap,Oct-2025
19098,6973,1,Schaeffler India Ltd.,Automobile & Ancillaries,Automobile & Ancillaries,Domestic Equities,221139.0,221139.0,0.0,88.9288,93.073,-4.452633953993104,3.38404484093062,1100,schaeffler-india,Mid Cap,Oct-2025
797,86851,1,Nippon Life India Asset Management Ltd.,Finance,Finance,Domestic Equities,936848.0,936848.0,0.0,81.95549999999999,81.3512,0.7428286245316527,3.1186869378749,1100,nippon-life-india-asset-management,Mid Cap,Oct-2025
171383,5551,1,Hero MotoCorp Ltd.,Automobile & Ancillaries,Automobile & Ancillaries,Domestic Equities,143618.0,143618.0,0.0,79.62180000000001,78.595,1.3064444303072753,3.02988167517846,1100,hero-motocorp,Mid Cap,Oct-2025
171888,8748,1,ICICI Bank Ltd.,Bank,Banking,Domestic Equities,557338.0,557338.0,0.0,74.9787,75.1292,-0.2003215793592928,2.85319584785452,1100,icici-bank,Large Cap,Oct-2025
133330,5128,1,Cipla Ltd.,Healthcare,Healthcare,Domestic Equities,476194.0,476194.0,0.0,71.491,71.5862,-0.1329865253358821,2.72047694023726,1100,cipla,Large Cap,Oct-2025
152222,5634,1,Max Financial Services Ltd.,Finance,Finance,Domestic Equities,436376.0,436376.0,0.0,67.4855,68.7685,-1.865679780713556,2.56805397253335,1100,max-financial-services,Mid Cap,Oct-2025
133657,7260,1,Coforge Ltd.,IT,Information Technology,Domestic Equities,366317.0,420557.0,-12.89718159488488,65.1348,66.9106,-2.6539890540512387,2.47860180172282,1100,coforge,Mid Cap,Oct-2025
141614,85778,1,AU Small Finance Bank Ltd.,Bank,Banking,Domestic Equities,692354.0,692354.0,0.0,60.7783,50.6388,20.023183803723622,2.31282208413398,1100,au-small-finance-bank,Mid Cap,Oct-2025
19805,15724,1,Syngene International Ltd.,Business Services,Healthcare,Domestic Equities,891518.0,891518.0,0.0,57.9576,55.5282,4.37507428657872,2.20548480663993,1100,syngene-international,Small Cap,Oct-2025
587,7648,1,APL Apollo Tubes Ltd.,Iron & Steel,Iron & Steel,Domestic Equities,319961.0,319961.0,0.0,57.321000000000005,53.9486,6.2511353399346925,2.18126000043838,1100,apl-apollo-tubes,Mid Cap,Oct-2025
57620,82559,1,ICICI Prudential Life Insurance Company Ltd.,Insurance,Finance,Domestic Equities,934052.0,934052.0,0.0,55.2165,55.59479999999999,-0.6804593235338544,2.10117658125653,1100,icici-prudential-life-insurance-company,Mid Cap,Oct-2025
65893,102659,1,Archean Chemical Industries Ltd.,Chemicals,Chemicals,Domestic Equities,831156.0,831156.0,0.0,54.9851,57.2916,-4.0258955937694125,2.09237102022128,1100,archean-chemical-industries,Small Cap,Oct-2025
114411,5677,1,Welspun Corp Ltd.,Iron & Steel,Iron & Steel,Domestic Equities,568193.0,568193.0,0.0,54.8732,48.714,12.64359321755553,2.08811284269387,1100,welspun-corp,Small Cap,Oct-2025
97743,96921,1,Gland Pharma Ltd.,Healthcare,Healthcare,Domestic Equities,274606.0,274606.0,0.0,52.9688,54.6905,-3.148078733966595,2.01564391254898,1100,gland-pharma,Small Cap,Oct-2025
115643,7007,1,Coal India Ltd.,Mining,Mining,Domestic Equities,1355787.0,1355787.0,0.0,52.6927,52.8689,-0.3332772196886995,2.00513736370788,1100,coal-india,Large Cap,Oct-2025
171656,5311,1,Mahindra & Mahindra Ltd.,Automobile & Ancillaries,Automobile & Ancillaries,Domestic Equities,143816.0,143816.0,0.0,50.1515,49.2857,1.7566961613612049,1.90843601667775,1100,mahindra-mahindra,Large Cap,Oct-2025
152408,5535,1,ITC Ltd.,FMCG,Fast Moving Consumer Goods,Domestic Equities,1146755.0,1146755.0,0.0,48.2038,46.0479,4.681863885215181,1.83431937351287,1100,itc,Large Cap,Oct-2025
19913,93142,1,UTI Asset Management Company Ltd.,Finance,Finance,Domestic Equities,382785.0,382785.0,0.0,47.7563,49.919,-4.33241851799915,1.81729046874505,1100,uti-asset-management-company,Small Cap,Oct-2025
178941,94376,1,Cohance Lifesciences Ltd.,Healthcare,Healthcare,Domestic Equities,619596.0,452508.0,36.924872046461054,46.6804,39.78,17.34640522875817,1.77634879580718,1100,cohance-lifesciences,Small Cap,Oct-2025
114433,5462,1,Cyient Ltd.,IT,Information Technology,Domestic Equities,401096.0,345099.0,16.226358233434464,46.6274,39.5552,17.879318016341713,1.77433196462798,1100,cyient,Small Cap,Oct-2025
19174,6780,1,Bayer CropScience Ltd.,Chemicals,Chemicals,Domestic Equities,88177.0,88177.0,0.0,43.0709,42.4175,1.5404019567395566,1.6389949818196,1100,bayer-cropscience,Small Cap,Oct-2025
171708,8443,1,Bajaj Finserv Ltd.,Finance,Finance,Domestic Equities,185120.0,185120.0,0.0,38.6586,37.1425,4.081846940835973,1.47109188347982,1100,bajaj-finserv,Large Cap,Oct-2025
171636,86629,1,ICICI Lombard General Insurance Company Ltd.,Insurance,Finance,Domestic Equities,193391.0,193391.0,0.0,38.5564,36.547,5.498125701151943,1.46720282411162,1100,icici-lombard-general-insurance-company,Mid Cap,Oct-2025
152376,5012,1,Bharat Petroleum Corporation Ltd.,Crude Oil,Crude Oil,Domestic Equities,1066843.0,,,38.065,,,1.44850337427272,1100,bharat-petroleum-corporation,Large Cap,Oct-2025
1607,90490,1,Prince Pipes and Fittings Ltd.,Plastic Products,Plastic Products,Domestic Equities,1122526.0,1122526.0,0.0,35.9377,35.8872,0.1407186963597099,1.36755233714963,1100,prince-pipes-and-fittings,Small Cap,Oct-2025
134937,5507,1,Kirloskar Oil Engines Ltd.,Capital Goods,Capital Goods,Domestic Equities,353971.0,353971.0,0.0,35.3936,32.5229,8.826703645738853,1.34684747215707,1100,kirloskar-oil-engines,Small Cap,Oct-2025
114402,5275,1,Hexaware Technologies Ltd.,IT,Information Technology,Domestic Equities,498261.0,498261.0,0.0,34.2505,33.4084,2.5206235557524463,1.30334860949765,1100,hexaware-technologies,Mid Cap,Oct-2025
96614,6762,1,PG Electroplast Ltd.,Consumer Durables,Consumer Durables,Domestic Equities,596297.0,596297.0,0.0,34.0456,29.952,13.66720085470086,1.295551464052,1100,pg-electroplast,Small Cap,Oct-2025
133662,6324,1,Century Plyboards (India) Ltd.,Construction Materials,Construction Materials,Domestic Equities,451137.0,451137.0,0.0,34.036,36.6819,-7.21309419632026,1.29518615123464,1100,century-plyboards-india,Small Cap,Oct-2025
134131,90516,1,Polycab India Ltd.,Electricals,Electricals,Domestic Equities,44174.0,44174.0,0.0,34.0316,32.1852,5.736798279954758,1.29501871619334,1100,polycab-india,Mid Cap,Oct-2025
38020,6672,1,Apollo Hospitals Enterprise Ltd.,Healthcare,Healthcare,Domestic Equities,42850.0,42850.0,0.0,32.9131,31.7476,3.671143645503904,1.25245596762841,1100,apollo-hospitals-enterprise,Large Cap,Oct-2025
745,109745,1,RR Kabel Ltd.,Electricals,Electricals,Domestic Equities,216324.0,216324.0,0.0,30.5449,27.2871,11.938974826932863,1.16233786199456,1100,rr-kabel,Small Cap,Oct-2025
188402,98309,1,Jubilant Ingrevia Ltd.,Chemicals,Chemicals,Domestic Equities,439283.0,439283.0,0.0,30.3083,28.0856,7.914019996012191,1.15333442318324,1100,jubilant-ingrevia,Small Cap,Oct-2025
96716,89715,1,Dodla Dairy Ltd,FMCG,Fast Moving Consumer Goods,Domestic Equities,233338.0,233338.0,0.0,30.140300000000003,30.9173,-2.513156064727509,1.14694144887934,1100,dodla-dairy,Small Cap,Oct-2025
152377,4902,1,Siemens Ltd.,Capital Goods,Capital Goods,Domestic Equities,91809.0,91809.0,0.0,28.4268,28.7289,-1.0515543581550295,1.08173691632145,1100,siemens,Large Cap,Oct-2025
113892,8292,1,KEI Industries Ltd.,Electricals,Electricals,Domestic Equities,70437.0,39358.0,78.96488642715586,28.4002,15.9884,77.63003177303545,1.08072469539,1100,kei-industries,Mid Cap,Oct-2025
861,112211,1,Sai Life Sciences Ltd.,Healthcare,Healthcare,Domestic Equities,296086.0,246536.0,20.09848460265438,27.1866,21.2194,28.12143604437448,1.03454306672804,1100,sai-life-sciences,Small Cap,Oct-2025
133664,7760,1,NTPC Ltd.,Power,Power,Domestic Equities,801125.0,801125.0,0.0,26.9939,27.2743,-1.0280740477299128,1.0272101729878,1100,ntpc,Large Cap,Oct-2025
213604,111699,1,Gopal Snacks Ltd.,FMCG,Fast Moving Consumer Goods,Domestic Equities,766474.0,766474.0,0.0,26.9262,26.6426,1.064460675759861,1.024633956557,1100,gopal-snacks,Small Cap,Oct-2025
19092,7145,1,IFB Industries Ltd.,Consumer Durables,Consumer Durables,Domestic Equities,136997.0,136997.0,0.0,25.6486,22.893600000000003,12.033930880246006,0.976016909112607,1100,ifb-industries,Small Cap,Oct-2025
114808,112465,1,Aditya Infotech Ltd.,Trading,Trading,Domestic Equities,192588.0,192588.0,0.0,25.3061,25.4081,-0.4014467827188895,0.962983613284722,1100,aditya-infotech,,Oct-2025
152444,7037,1,IIFL Finance Ltd.,Finance,Finance,Domestic Equities,472372.0,472372.0,0.0,25.253,21.3465,18.300423957088988,0.96096297676367,1100,iifl-finance,Small Cap,Oct-2025
192044,99995,1,RateGain Travel Technologies Ltd.,IT,Information Technology,Domestic Equities,394299.0,394299.0,0.0,25.1661,25.4224,-1.0081660268109878,0.957656134698142,1100,rategain-travel-technologies,Small Cap,Oct-2025
352,7184,1,Ipca Laboratories Ltd.,Healthcare,Healthcare,Domestic Equities,191474.0,191474.0,0.0,24.3402,25.6384,-5.063498502246636,0.926227816379166,1100,ipca-laboratories,Mid Cap,Oct-2025
37849,7492,1,Sudarshan Chemical Industries Ltd.,Chemicals,Chemicals,Domestic Equities,209898.0,209898.0,0.0,24.1341,28.0046,-13.820943702106089,0.91838500683135,1100,sudarshan-chemical-industries,Small Cap,Oct-2025
23086,86979,1,IFGL Refractories Ltd.,Capital Goods,Capital Goods,Domestic Equities,952436.0,952436.0,0.0,23.5633,28.0483,-15.99027392034455,0.896664115565492,1100,ifgl-refractories,Small Cap,Oct-2025
26837,16127,1,Crompton Greaves Consumer Electricals Ltd.,Consumer Durables,Consumer Durables,Domestic Equities,770640.0,770640.0,0.0,21.786,22.4487,-2.952064039343034,0.829031774908854,1100,crompton-greaves-consumer-electricals,Small Cap,Oct-2025
134703,87891,1,Hindustan Aeronautics Ltd.,Capital Goods,Capital Goods,Domestic Equities,46412.0,,,21.7199,,,0.826516443947619,1100,hindustan-aeronautics,Large Cap,Oct-2025
171948,7104,1,Emami Ltd.,FMCG,Fast Moving Consumer Goods,Domestic Equities,364295.0,364295.0,0.0,19.4679,19.6082,-0.7155169775910065,0.740820145540626,1100,emami,Small Cap,Oct-2025
225080,112729,1,Seshaasai Technologies Ltd.,Electricals,Electricals,Domestic Equities,506149.0,506149.0,0.0,18.9173,20.8255,-9.162805214760755,0.719867933327976,1100,seshaasai-technologies,,Oct-2025
211043,110998,1,JNK India Ltd.,Capital Goods,Capital Goods,Domestic Equities,645395.0,645395.0,0.0,18.8778,18.0194,4.76375462002064,0.71836482329819,1100,jnk-india,Small Cap,Oct-2025
171619,82976,1,Avenue Supermarts Ltd.,Retailing,Retailing,Domestic Equities,44652.0,44652.0,0.0,18.5462,19.9836,-7.192898176504735,0.70574630973169,1100,avenue-supermarts,Large Cap,Oct-2025
152534,6565,1,R Systems International Ltd.,IT,Information Technology,Domestic Equities,432975.0,432975.0,0.0,18.5097,17.3536,6.662018255578101,0.704357359957332,1100,r-systems-international,Small Cap,Oct-2025
95406,100018,1,Emcure Pharmaceuticals Ltd.,Healthcare,Healthcare,Domestic Equities,126385.0,126385.0,0.0,16.6689,16.176,3.047106824925828,0.634308627227495,1100,emcure-pharmaceuticals,Small Cap,Oct-2025
19255,6350,1,Mphasis Ltd.,IT,Information Technology,Domestic Equities,55143.0,55143.0,0.0,15.2437,14.6394,4.127901416724717,0.580074895216107,1100,mphasis,Mid Cap,Oct-2025
117,8100,1,Vardhman Textiles Ltd.,Textile,Textile,Domestic Equities,333459.0,333459.0,0.0,14.5405,13.7669,5.619275218095569,0.553315731344083,1100,vardhman-textiles,Small Cap,Oct-2025
174597,97684,1,Indigo Paints Ltd.,Chemicals,Chemicals,Domestic Equities,144329.0,144329.0,0.0,14.431500000000002,15.1863,-4.970269255842438,0.549167908730246,1100,indigo-paints,Small Cap,Oct-2025
152425,8271,1,Indoco Remedies Ltd.,Healthcare,Healthcare,Domestic Equities,462465.0,462465.0,0.0,12.9097,13.5017,-4.384633046208998,0.491258216494117,1100,indoco-remedies,Small Cap,Oct-2025
58780,8388,1,Alembic Pharmaceuticals Ltd.,Healthcare,Healthcare,Domestic Equities,127660.0,127660.0,0.0,11.4562,11.5066,-0.4380094902056377,0.43594757273987,1100,alembic-pharmaceuticals,Small Cap,Oct-2025
19064,6023,1,Westlife Foodworld Ltd,Hospitality,Hospitality,Domestic Equities,157998.0,157998.0,0.0,9.3748,10.8639,-13.70686401752594,0.356743187524811,1100,westlife-foodworld,Small Cap,Oct-2025
171741,5431,1,GAIL (India) Ltd.,Gas Transmission,Gas Transmission,Domestic Equities,411526.0,411526.0,0.0,7.521,7.2548,3.669294811710868,0.286199760354792,1100,gail-india,Large Cap,Oct-2025
782,108121,1,Cyient DLM Ltd.,Electricals,Electricals,Domestic Equities,147760.0,147760.0,0.0,6.6765,6.2303,7.161773911368635,0.25406364845217,1100,cyient-dlm,Small Cap,Oct-2025
171646,5397,1,Carborundum Universal Ltd.,Abrasives,Abrasives,Domestic Equities,62314.0,62314.0,0.0,5.6114,5.761900000000001,-2.611985629740201,0.213532952433836,1100,carborundum-universal,Small Cap,Oct-2025
38106,5893,1,Stylam Industries Ltd.,Construction Materials,Construction Materials,Domestic Equities,22562.0,22562.0,0.0,4.6406,3.7155,24.89839860045754,0.176590693777749,1100,stylam-industries,Small Cap,Oct-2025
152370,5063,1,Escorts Kubota Ltd.,Automobile & Ancillaries,Automobile & Ancillaries,Domestic Equities,10912.0,10912.0,0.0,4.1318,3.7609,9.862001116753978,0.157229114457377,1100,escorts-kubota,Mid Cap,Oct-2025
152199,8320,1,Kirloskar Ferrous Industries Ltd.,Iron & Steel,Iron & Steel,Domestic Equities,50413.0,50413.0,0.0,2.6064,2.6905,-3.125813045902258,0.099182429914736,1100,kirloskar-ferrous-industries,Small Cap,Oct-2025
171875,5051,1,HDFC Bank Ltd.,Bank,Banking,Domestic Equities,1109788.0,1109788.0,0.0,105.5408,105.6074,-0.0630637625772422,4.16385353556973,1100,hdfc-bank,Large Cap,Sep-2025
171400,5889,1,Axis Bank Ltd.,Bank,Banking,Domestic Equities,887126.0,774507.0,14.540733653795254,100.3872,80.9515,24.009067157495533,3.96053088138374,1100,axis-bank,Large Cap,Sep-2025
19098,6973,1,Schaeffler India Ltd.,Automobile & Ancillaries,Automobile & Ancillaries,Domestic Equities,221139.0,221139.0,0.0,93.073,85.5233,8.827652815080796,3.67196705080956,1100,schaeffler-india,Mid Cap,Sep-2025
797,86851,1,Nippon Life India Asset Management Ltd.,Finance,Finance,Domestic Equities,936848.0,936848.0,0.0,81.3512,73.5191,10.653149997755683,3.2095121672646,1100,nippon-life-india-asset-management,Mid Cap,Sep-2025
171383,5551,1,Hero MotoCorp Ltd.,Automobile & Ancillaries,Automobile & Ancillaries,Domestic Equities,143618.0,143618.0,0.0,78.595,73.0685,7.563450734584665,3.10077305296248,1100,hero-motocorp,Mid Cap,Sep-2025
171888,8748,1,ICICI Bank Ltd.,Bank,Banking,Domestic Equities,557338.0,557338.0,0.0,75.1292,77.9047,-3.562686205068503,2.96403841021221,1100,icici-bank,Large Cap,Sep-2025
133330,5128,1,Cipla Ltd.,Healthcare,Healthcare,Domestic Equities,476194.0,476194.0,0.0,71.5862,75.6863,-5.417228745492912,2.8242580307142,1100,cipla,Large Cap,Sep-2025
152222,5634,1,Max Financial Services Ltd.,Finance,Finance,Domestic Equities,436376.0,436376.0,0.0,68.7685,69.9162,-1.6415365823657395,2.71309258467651,1100,max-financial-services,Mid Cap,Sep-2025
133657,7260,1,Coforge Ltd.,IT,Information Technology,Domestic Equities,420557.0,420557.0,0.0,66.9106,72.5166,-7.730643742260386,2.63979369473314,1100,coforge,Mid Cap,Sep-2025
65893,102659,1,Archean Chemical Industries Ltd.,Chemicals,Chemicals,Domestic Equities,831156.0,831156.0,0.0,57.2916,54.5529,5.020264733863826,2.26029963027044,1100,archean-chemical-industries,Small Cap,Sep-2025
57620,82559,1,ICICI Prudential Life Insurance Company Ltd.,Insurance,Finance,Domestic Equities,934052.0,934052.0,0.0,55.59479999999999,56.0291,-0.7751329219994662,2.19335654589781,1100,icici-prudential-life-insurance-company,Mid Cap,Sep-2025
19805,15724,1,Syngene International Ltd.,Business Services,Healthcare,Domestic Equities,891518.0,891518.0,0.0,55.5282,55.8001,-0.4872751124102019,2.19072900616466,1100,syngene-international,Small Cap,Sep-2025
97743,96921,1,Gland Pharma Ltd.,Healthcare,Healthcare,Domestic Equities,274606.0,274606.0,0.0,54.6905,51.3925,6.417278785815054,2.15767960624778,1100,gland-pharma,Small Cap,Sep-2025
587,7648,1,APL Apollo Tubes Ltd.,Iron & Steel,Iron & Steel,Domestic Equities,319961.0,319961.0,0.0,53.9486,51.3441,5.0726373624233325,2.12840976048161,1100,apl-apollo-tubes,Mid Cap,Sep-2025
115643,7007,1,Coal India Ltd.,Mining,Mining,Domestic Equities,1355787.0,1355787.0,0.0,52.8689,50.8149,4.042121503732184,2.08581284381663,1100,coal-india,Large Cap,Sep-2025
141614,85778,1,AU Small Finance Bank Ltd.,Bank,Banking,Domestic Equities,692354.0,692354.0,0.0,50.6388,49.7145,1.8592161240684368,1.99782971530449,1100,au-small-finance-bank,Mid Cap,Sep-2025
19913,93142,1,UTI Asset Management Company Ltd.,Finance,Finance,Domestic Equities,382785.0,382785.0,0.0,49.919,49.3218,1.2108236114659106,1.96943177086118,1100,uti-asset-management-company,Small Cap,Sep-2025
171656,5311,1,Mahindra & Mahindra Ltd.,Automobile & Ancillaries,Automobile & Ancillaries,Domestic Equities,143816.0,143816.0,0.0,49.2857,46.01390000000001,7.110460100100173,1.94444647186708,1100,mahindra-mahindra,Large Cap,Sep-2025
114411,5677,1,Welspun Corp Ltd.,Iron & Steel,Iron & Steel,Domestic Equities,568193.0,568193.0,0.0,48.714,47.8646,1.7745891535706888,1.92189144986341,1100,welspun-corp,Small Cap,Sep-2025
152408,5535,1,ITC Ltd.,FMCG,Fast Moving Consumer Goods,Domestic Equities,1146755.0,1146755.0,0.0,46.0479,46.9883,-2.0013492720528294,1.81670701018527,1100,itc,Large Cap,Sep-2025
19174,6780,1,Bayer CropScience Ltd.,Chemicals,Chemicals,Domestic Equities,88177.0,88177.0,0.0,42.4175,46.1298,-8.047509419073995,1.67347847794435,1100,bayer-cropscience,Small Cap,Sep-2025
178941,94376,1,Cohance Lifesciences Ltd.,Healthcare,Healthcare,Domestic Equities,452508.0,320840.0,41.03852387482858,39.78,28.253200000000003,40.798210468194746,1.56942238115462,1100,cohance-lifesciences,Small Cap,Sep-2025
114433,5462,1,Cyient Ltd.,IT,Information Technology,Domestic Equities,345099.0,345099.0,0.0,39.5552,40.3076,-1.8666454961347296,1.56055344824151,1100,cyient,Small Cap,Sep-2025
171708,8443,1,Bajaj Finserv Ltd.,Finance,Finance,Domestic Equities,185120.0,185120.0,0.0,37.1425,35.4227,4.855078805398798,1.4653662843649,1100,bajaj-finserv,Large Cap,Sep-2025
133662,6324,1,Century Plyboards (India) Ltd.,Construction Materials,Construction Materials,Domestic Equities,451137.0,451137.0,0.0,36.6819,33.6729,8.935969280935117,1.44719444050467,1100,century-plyboards-india,Small Cap,Sep-2025
171636,86629,1,ICICI Lombard General Insurance Company Ltd.,Insurance,Finance,Domestic Equities,193391.0,193391.0,0.0,36.547,35.5762,2.7287905959602186,1.44187229170583,1100,icici-lombard-general-insurance-company,Mid Cap,Sep-2025
1607,90490,1,Prince Pipes and Fittings Ltd.,Plastic Products,Plastic Products,Domestic Equities,1122526.0,1122526.0,0.0,35.8872,35.7693,0.3296122652665824,1.41584150017527,1100,prince-pipes-and-fittings,Small Cap,Sep-2025
114402,5275,1,Hexaware Technologies Ltd.,IT,Information Technology,Domestic Equities,498261.0,498261.0,0.0,33.4084,37.7557,-11.514287908845551,1.31804652283977,1100,hexaware-technologies,Mid Cap,Sep-2025
134937,5507,1,Kirloskar Oil Engines Ltd.,Capital Goods,Capital Goods,Domestic Equities,353971.0,291997.0,21.22419065949308,32.5229,26.2345,23.96996321637539,1.2831112911024,1100,kirloskar-oil-engines,Small Cap,Sep-2025
134131,90516,1,Polycab India Ltd.,Electricals,Electricals,Domestic Equities,44174.0,44174.0,0.0,32.1852,31.3238,2.749985633926914,1.26978816545847,1100,polycab-india,Mid Cap,Sep-2025
38020,6672,1,Apollo Hospitals Enterprise Ltd.,Healthcare,Healthcare,Domestic Equities,42850.0,42850.0,0.0,31.7476,32.6088,-2.6410048821177075,1.25252373021479,1100,apollo-hospitals-enterprise,Large Cap,Sep-2025
96716,89715,1,Dodla Dairy Ltd,FMCG,Fast Moving Consumer Goods,Domestic Equities,233338.0,233338.0,0.0,30.9173,31.797,-2.7666132025033745,1.21976627915716,1100,dodla-dairy,Small Cap,Sep-2025
96614,6762,1,PG Electroplast Ltd.,Consumer Durables,Consumer Durables,Domestic Equities,596297.0,596297.0,0.0,29.952,31.7886,-5.77754289273514,1.18168273404583,1100,pg-electroplast,Small Cap,Sep-2025
152377,4902,1,Siemens Ltd.,Capital Goods,Capital Goods,Domestic Equities,91809.0,91809.0,0.0,28.7289,28.1275,2.138121055906137,1.13342832191938,1100,siemens,Large Cap,Sep-2025
188402,98309,1,Jubilant Ingrevia Ltd.,Chemicals,Chemicals,Domestic Equities,439283.0,439283.0,0.0,28.0856,31.8656,-11.862321751355694,1.10804849743983,1100,jubilant-ingrevia,Small Cap,Sep-2025
23086,86979,1,IFGL Refractories Ltd.,Capital Goods,Capital Goods,Domestic Equities,952436.0,928617.0,2.5649971947530577,28.0483,22.2543,26.035417874298457,1.10657691737906,1100,ifgl-refractories,Small Cap,Sep-2025
37849,7492,1,Sudarshan Chemical Industries Ltd.,Chemicals,Chemicals,Domestic Equities,209898.0,234010.0,-10.30383316952267,28.0046,34.9985,-19.98342786119405,1.10485284100761,1100,sudarshan-chemical-industries,Small Cap,Sep-2025
745,109745,1,RR Kabel Ltd.,Electricals,Electricals,Domestic Equities,216324.0,216324.0,0.0,27.2871,25.2558,8.042904996080114,1.07654563742595,1100,rr-kabel,Small Cap,Sep-2025
133664,7760,1,NTPC Ltd.,Power,Power,Domestic Equities,801125.0,801125.0,0.0,27.2743,26.2408,3.9385232157556143,1.07604064480456,1100,ntpc,Large Cap,Sep-2025
213604,111699,1,Gopal Snacks Ltd.,FMCG,Fast Moving Consumer Goods,Domestic Equities,766474.0,738425.0,3.798490029454583,26.6426,27.1851,-1.99557846025948,1.05111846988814,1100,gopal-snacks,Small Cap,Sep-2025
352,7184,1,Ipca Laboratories Ltd.,Healthcare,Healthcare,Domestic Equities,191474.0,191474.0,0.0,25.6384,26.5077,-3.279424469116514,1.01150022063838,1100,ipca-laboratories,Mid Cap,Sep-2025
192044,99995,1,RateGain Travel Technologies Ltd.,IT,Information Technology,Domestic Equities,394299.0,394299.0,0.0,25.4224,20.1802,25.976947701212072,1.00297847015247,1100,rategain-travel-technologies,Small Cap,Sep-2025
114808,112465,1,Aditya Infotech Ltd.,Trading,Trading,Domestic Equities,192588.0,192588.0,0.0,25.4081,24.3431,4.374956353134975,1.00241429870826,1100,aditya-infotech,,Sep-2025
19092,7145,1,IFB Industries Ltd.,Consumer Durables,Consumer Durables,Domestic Equities,136997.0,136997.0,0.0,22.893600000000003,20.0906,13.95179835345884,0.90321086538968,1100,ifb-industries,Small Cap,Sep-2025
26837,16127,1,Crompton Greaves Consumer Electricals Ltd.,Consumer Durables,Consumer Durables,Domestic Equities,770640.0,770640.0,0.0,22.4487,25.4311,-11.72737317693691,0.885658426541623,1100,crompton-greaves-consumer-electricals,Small Cap,Sep-2025
152444,7037,1,IIFL Finance Ltd.,Finance,Finance,Domestic Equities,472372.0,472372.0,0.0,21.3465,20.1986,5.6830671432673645,0.842173827534368,1100,iifl-finance,Small Cap,Sep-2025
861,112211,1,Sai Life Sciences Ltd.,Healthcare,Healthcare,Domestic Equities,246536.0,246536.0,0.0,21.2194,20.3318,4.365575108942641,0.837159408614188,1100,sai-life-sciences,Small Cap,Sep-2025
225080,112729,1,Seshaasai Technologies Ltd.,Electricals,Electricals,Domestic Equities,506149.0,,,20.8255,,,0.821619049741971,1100,seshaasai-technologies,,Sep-2025
171619,82976,1,Avenue Supermarts Ltd.,Retailing,Retailing,Domestic Equities,44652.0,44652.0,0.0,19.9836,21.2347,-5.891771487235512,0.788403949121204,1100,avenue-supermarts,Large Cap,Sep-2025
171948,7104,1,Emami Ltd.,FMCG,Fast Moving Consumer Goods,Domestic Equities,364295.0,364295.0,0.0,19.6082,20.896,-6.162901990811638,0.773593462397086,1100,emami,Small Cap,Sep-2025
211043,110998,1,JNK India Ltd.,Capital Goods,Capital Goods,Domestic Equities,645395.0,645395.0,0.0,18.0194,19.0424,-5.372221988824935,0.710911253267411,1100,jnk-india,Small Cap,Sep-2025
152534,6565,1,R Systems International Ltd.,IT,Information Technology,Domestic Equities,432975.0,432975.0,0.0,17.3536,19.9861,-13.17165429973832,0.684643746445572,1100,r-systems-international,Small Cap,Sep-2025
95406,100018,1,Emcure Pharmaceuticals Ltd.,Healthcare,Healthcare,Domestic Equities,126385.0,126385.0,0.0,16.176,17.6105,-8.145708526163371,0.638184425277958,1100,emcure-pharmaceuticals,Small Cap,Sep-2025
113892,8292,1,KEI Industries Ltd.,Electricals,Electricals,Domestic Equities,39358.0,39358.0,0.0,15.9884,14.9978,6.604968728746879,0.630783127170753,1100,kei-industries,Mid Cap,Sep-2025
174597,97684,1,Indigo Paints Ltd.,Chemicals,Chemicals,Domestic Equities,144329.0,144329.0,0.0,15.1863,15.8719,-4.319583666731767,0.599138237982113,1100,indigo-paints,Small Cap,Sep-2025
19255,6350,1,Mphasis Ltd.,IT,Information Technology,Domestic Equities,55143.0,55143.0,0.0,14.6394,15.3739,-4.777577582786413,0.577561639182378,1100,mphasis,Mid Cap,Sep-2025
117,8100,1,Vardhman Textiles Ltd.,Textile,Textile,Domestic Equities,333459.0,333459.0,0.0,13.7669,14.1503,-2.709483191169086,0.543139290576108,1100,vardhman-textiles,Small Cap,Sep-2025
152425,8271,1,Indoco Remedies Ltd.,Healthcare,Healthcare,Domestic Equities,462465.0,462465.0,0.0,13.5017,12.3293,9.509055664149628,0.532676474701744,1100,indoco-remedies,Small Cap,Sep-2025
58780,8388,1,Alembic Pharmaceuticals Ltd.,Healthcare,Healthcare,Domestic Equities,127660.0,127660.0,0.0,11.5066,11.961099999999998,-3.799817742515305,0.453964695097883,1100,alembic-pharmaceuticals,Small Cap,Sep-2025
19064,6023,1,Westlife Foodworld Ltd,Hospitality,Hospitality,Domestic Equities,157998.0,157998.0,0.0,10.8639,11.345,-4.240634640810921,0.428608542147454,1100,westlife-foodworld,Small Cap,Sep-2025
171741,5431,1,GAIL (India) Ltd.,Gas Transmission,Gas Transmission,Domestic Equities,411526.0,411526.0,0.0,7.2548,7.1223,1.8603540990972016,0.286220349190562,1100,gail-india,Large Cap,Sep-2025
782,108121,1,Cyient DLM Ltd.,Electricals,Electricals,Domestic Equities,147760.0,147760.0,0.0,6.2303,6.2495,-0.3072245779662489,0.24580121320532,1100,cyient-dlm,Small Cap,Sep-2025
171646,5397,1,Carborundum Universal Ltd.,Abrasives,Abrasives,Domestic Equities,62314.0,62314.0,0.0,5.761900000000001,5.680499999999999,1.432972449608327,0.227321639466436,1100,carborundum-universal,Small Cap,Sep-2025
152370,5063,1,Escorts Kubota Ltd.,Automobile & Ancillaries,Automobile & Ancillaries,Domestic Equities,10912.0,96894.0,-88.73820876421657,3.7609,34.5698,-89.1208511475334,0.148377089826154,1100,escorts-kubota,Mid Cap,Sep-2025
38106,5893,1,Stylam Industries Ltd.,Construction Materials,Construction Materials,Domestic Equities,22562.0,22562.0,0.0,3.7155,3.8019,-2.272547936558033,0.146585944122172,1100,stylam-industries,Small Cap,Sep-2025
152199,8320,1,Kirloskar Ferrous Industries Ltd.,Iron & Steel,Iron & Steel,Domestic Equities,50413.0,50413.0,0.0,2.6905,2.7704000000000004,-2.8840600635287355,0.106147081862657,1100,kirloskar-ferrous-industries,Small Cap,Sep-2025
171875,5051,1,HDFC Bank Ltd.,Bank,Banking,Domestic Equities,1109788.0,554894.0,100.0,105.6074,111.9887,-5.69816418977987,4.30472987776606,1100,hdfc-bank,Large Cap,Aug-2025
19098,6973,1,Schaeffler India Ltd.,Automobile & Ancillaries,Automobile & Ancillaries,Domestic Equities,221139.0,221139.0,0.0,85.5233,91.1469,-6.1698203669022265,3.48606920305916,1100,schaeffler-india,Mid Cap,Aug-2025
171400,5889,1,Axis Bank Ltd.,Bank,Banking,Domestic Equities,774507.0,550969.0,40.57179260539159,80.9515,58.8655,37.519429886775775,3.29971517810285,1100,axis-bank,Large Cap,Aug-2025
171888,8748,1,ICICI Bank Ltd.,Bank,Banking,Domestic Equities,557338.0,557338.0,0.0,77.9047,82.5641,-5.643372846067475,3.17552264053846,1100,icici-bank,Large Cap,Aug-2025
133330,5128,1,Cipla Ltd.,Healthcare,Healthcare,Domestic Equities,476194.0,476194.0,0.0,75.6863,74.0291,2.238579153332949,3.08509703815798,1100,cipla,Large Cap,Aug-2025
797,86851,1,Nippon Life India Asset Management Ltd.,Finance,Finance,Domestic Equities,936848.0,936848.0,0.0,73.5191,76.1048,-3.3975517969957183,2.99675843128863,1100,nippon-life-india-asset-management,Mid Cap,Aug-2025
171383,5551,1,Hero MotoCorp Ltd.,Automobile & Ancillaries,Automobile & Ancillaries,Domestic Equities,143618.0,143618.0,0.0,73.0685,61.1913,19.409948799911103,2.97839124032548,1100,hero-motocorp,Mid Cap,Aug-2025
133657,7260,1,Coforge Ltd.,IT,Information Technology,Domestic Equities,420557.0,420557.0,0.0,72.5166,73.5218,-1.3672135339450395,2.95589489613427,1100,coforge,Mid Cap,Aug-2025
152222,5634,1,Max Financial Services Ltd.,Finance,Finance,Domestic Equities,436376.0,436376.0,0.0,69.9162,65.5175,6.713778761399625,2.8498983506825,1100,max-financial-services,Mid Cap,Aug-2025
57620,82559,1,ICICI Prudential Life Insurance Company Ltd.,Insurance,Finance,Domestic Equities,934052.0,934052.0,0.0,56.0291,57.5329,-2.613808794620124,2.28383750375771,1100,icici-prudential-life-insurance-company,Mid Cap,Aug-2025
19805,15724,1,Syngene International Ltd.,Business Services,Healthcare,Domestic Equities,891518.0,891518.0,0.0,55.8001,63.6544,-12.338974210737977,2.27450309024116,1100,syngene-international,Small Cap,Aug-2025
65893,102659,1,Archean Chemical Industries Ltd.,Chemicals,Chemicals,Domestic Equities,831156.0,745208.0,11.533424225182769,54.5529,49.5414,10.115781952064326,2.22366518396234,1100,archean-chemical-industries,Small Cap,Aug-2025
97743,96921,1,Gland Pharma Ltd.,Healthcare,Healthcare,Domestic Equities,274606.0,274606.0,0.0,51.3925,56.7006,-9.361629330201096,2.09484212510764,1100,gland-pharma,Small Cap,Aug-2025
587,7648,1,APL Apollo Tubes Ltd.,Iron & Steel,Iron & Steel,Domestic Equities,319961.0,319961.0,0.0,51.3441,51.232200000000006,0.2184173234801472,2.09286926216353,1100,apl-apollo-tubes,Mid Cap,Aug-2025
115643,7007,1,Coal India Ltd.,Mining,Mining,Domestic Equities,1355787.0,1355787.0,0.0,50.8149,51.025,-0.4117589416952517,2.07129820699775,1100,coal-india,Large Cap,Aug-2025
141614,85778,1,AU Small Finance Bank Ltd.,Bank,Banking,Domestic Equities,692354.0,692354.0,0.0,49.7145,51.338,-3.162374849039705,2.02644410816099,1100,au-small-finance-bank,Mid Cap,Aug-2025
19913,93142,1,UTI Asset Management Company Ltd.,Finance,Finance,Domestic Equities,382785.0,382785.0,0.0,49.3218,50.9027,-3.105729165643476,2.01043701563718,1100,uti-asset-management-company,Small Cap,Aug-2025
114411,5677,1,Welspun Corp Ltd.,Iron & Steel,Iron & Steel,Domestic Equities,568193.0,568193.0,0.0,47.8646,52.8931,-9.506911109388565,1.95103916683226,1100,welspun-corp,Small Cap,Aug-2025
152408,5535,1,ITC Ltd.,FMCG,Fast Moving Consumer Goods,Domestic Equities,1146755.0,1146755.0,0.0,46.9883,47.2406,-0.5340745037108011,1.91531974951978,1100,itc,Large Cap,Aug-2025
19174,6780,1,Bayer CropScience Ltd.,Chemicals,Chemicals,Domestic Equities,88177.0,80186.0,9.96558002643853,46.1298,50.6976,-9.009893959477385,1.88032588924046,1100,bayer-cropscience,Small Cap,Aug-2025
171656,5311,1,Mahindra & Mahindra Ltd.,Automobile & Ancillaries,Automobile & Ancillaries,Domestic Equities,143816.0,143816.0,0.0,46.01390000000001,46.0657,-0.1124480904447209,1.87560161619867,1100,mahindra-mahindra,Large Cap,Aug-2025
114433,5462,1,Cyient Ltd.,IT,Information Technology,Domestic Equities,345099.0,345099.0,0.0,40.3076,41.6051,-3.1186080552624555,1.64300352078588,1100,cyient,Small Cap,Aug-2025
114402,5275,1,Hexaware Technologies Ltd.,IT,Information Technology,Domestic Equities,498261.0,498261.0,0.0,37.7557,35.077600000000004,7.634786872534037,1.53898391444134,1100,hexaware-technologies,Mid Cap,Aug-2025
1607,90490,1,Prince Pipes and Fittings Ltd.,Plastic Products,Plastic Products,Domestic Equities,1122526.0,944608.0,18.83511467190623,35.7693,31.838,12.347823355738416,1.45801501047064,1100,prince-pipes-and-fittings,Small Cap,Aug-2025
171636,86629,1,ICICI Lombard General Insurance Company Ltd.,Insurance,Finance,Domestic Equities,193391.0,193391.0,0.0,35.5762,37.2664,-4.53545284760535,1.45014393950974,1100,icici-lombard-general-insurance-company,Mid Cap,Aug-2025
171708,8443,1,Bajaj Finserv Ltd.,Finance,Finance,Domestic Equities,185120.0,185120.0,0.0,35.4227,36.0614,-1.7711458789730818,1.44388702913947,1100,bajaj-finserv,Large Cap,Aug-2025
37849,7492,1,Sudarshan Chemical Industries Ltd.,Chemicals,Chemicals,Domestic Equities,234010.0,261490.0,-10.509006080538452,34.9985,37.5421,-6.775326899667309,1.42659594523675,1100,sudarshan-chemical-industries,Small Cap,Aug-2025
152370,5063,1,Escorts Kubota Ltd.,Automobile & Ancillaries,Automobile & Ancillaries,Domestic Equities,96894.0,96894.0,0.0,34.5698,32.5486,6.209790897304336,1.40912143399418,1100,escorts-kubota,Mid Cap,Aug-2025
133662,6324,1,Century Plyboards (India) Ltd.,Construction Materials,Construction Materials,Domestic Equities,451137.0,434227.0,3.894276495934154,33.6729,31.7637,6.010634781212518,1.37256232708152,1100,century-plyboards-india,Small Cap,Aug-2025
38020,6672,1,Apollo Hospitals Enterprise Ltd.,Healthcare,Healthcare,Domestic Equities,42850.0,42850.0,0.0,32.6088,32.1289,1.4936708072794351,1.32918787545284,1100,apollo-hospitals-enterprise,Large Cap,Aug-2025
188402,98309,1,Jubilant Ingrevia Ltd.,Chemicals,Chemicals,Domestic Equities,439283.0,439283.0,0.0,31.8656,34.3827,-7.320832860711929,1.29889383123666,1100,jubilant-ingrevia,Small Cap,Aug-2025
96716,89715,1,Dodla Dairy Ltd,FMCG,Fast Moving Consumer Goods,Domestic Equities,233338.0,233338.0,0.0,31.797,29.6783,7.138885987404936,1.2960975833448,1100,dodla-dairy,Small Cap,Aug-2025
96614,6762,1,PG Electroplast Ltd.,Consumer Durables,Consumer Durables,Domestic Equities,596297.0,434167.0,37.34277363318724,31.7886,35.239200000000004,-9.79193625280937,1.29575518564375,1100,pg-electroplast,Small Cap,Aug-2025
134131,90516,1,Polycab India Ltd.,Electricals,Electricals,Domestic Equities,44174.0,44174.0,0.0,31.3238,30.1311,3.9583685959025714,1.27680917951932,1100,polycab-india,Mid Cap,Aug-2025
178941,94376,1,Cohance Lifesciences Ltd.,Healthcare,Healthcare,Domestic Equities,320840.0,320840.0,0.0,28.253200000000003,32.0343,-11.80328585297633,1.1516465151353,1100,cohance-lifesciences,Small Cap,Aug-2025
152377,4902,1,Siemens Ltd.,Capital Goods,Capital Goods,Domestic Equities,91809.0,67130.0,36.76299716967078,28.1275,20.3632,38.12907598019958,1.14652277810897,1100,siemens,Large Cap,Aug-2025
213604,111699,1,Gopal Snacks Ltd.,FMCG,Fast Moving Consumer Goods,Domestic Equities,738425.0,498760.0,48.05216938006255,27.1851,17.2945,57.189279828847326,1.10810901698231,1100,gopal-snacks,Small Cap,Aug-2025
352,7184,1,Ipca Laboratories Ltd.,Healthcare,Healthcare,Domestic Equities,191474.0,191474.0,0.0,26.5077,28.2214,-6.07234226508961,1.08049708809098,1100,ipca-laboratories,Mid Cap,Aug-2025
133664,7760,1,NTPC Ltd.,Power,Power,Domestic Equities,801125.0,801125.0,0.0,26.2408,26.777600000000003,-2.0046606118546952,1.06961780875662,1100,ntpc,Large Cap,Aug-2025
134937,5507,1,Kirloskar Oil Engines Ltd.,Capital Goods,Capital Goods,Domestic Equities,291997.0,291997.0,0.0,26.2345,26.4024,-0.6359270369360348,1.06936101048083,1100,kirloskar-oil-engines,Small Cap,Aug-2025
26837,16127,1,Crompton Greaves Consumer Electricals Ltd.,Consumer Durables,Consumer Durables,Domestic Equities,770640.0,545026.0,41.39508940857867,25.4311,17.604300000000002,44.45959225870952,1.03661311607384,1100,crompton-greaves-consumer-electricals,Small Cap,Aug-2025
745,109745,1,RR Kabel Ltd.,Electricals,Electricals,Domestic Equities,216324.0,216324.0,0.0,25.2558,31.1463,-18.91235877134684,1.0294676021461,1100,rr-kabel,Small Cap,Aug-2025
114808,112465,1,Aditya Infotech Ltd.,Trading,Trading,Domestic Equities,192588.0,192588.0,0.0,24.3431,12.9997,87.25893674469411,0.992264461462425,1100,aditya-infotech,,Aug-2025
23086,86979,1,IFGL Refractories Ltd.,Capital Goods,Capital Goods,Domestic Equities,928617.0,711177.0,30.574667066004668,22.2543,16.6273,33.84193464964245,0.907121566469482,1100,ifgl-refractories,Small Cap,Aug-2025
171619,82976,1,Avenue Supermarts Ltd.,Retailing,Retailing,Domestic Equities,44652.0,44652.0,0.0,21.2347,19.0548,11.440162058903782,0.865561007423712,1100,avenue-supermarts,Large Cap,Aug-2025
171948,7104,1,Emami Ltd.,FMCG,Fast Moving Consumer Goods,Domestic Equities,364295.0,364295.0,0.0,20.896,21.8814,-4.50336815743051,0.851755042978045,1100,emami,Small Cap,Aug-2025
861,112211,1,Sai Life Sciences Ltd.,Healthcare,Healthcare,Domestic Equities,246536.0,246536.0,0.0,20.3318,19.9312,2.009914104519556,0.828757330724589,1100,sai-life-sciences,Small Cap,Aug-2025
152444,7037,1,IIFL Finance Ltd.,Finance,Finance,Domestic Equities,472372.0,472372.0,0.0,20.1986,22.577,-10.53461487354387,0.823327881465177,1100,iifl-finance,Small Cap,Aug-2025
192044,99995,1,RateGain Travel Technologies Ltd.,IT,Information Technology,Domestic Equities,394299.0,394299.0,0.0,20.1802,17.288,16.729523368810735,0.822577867453366,1100,rategain-travel-technologies,Small Cap,Aug-2025
19092,7145,1,IFB Industries Ltd.,Consumer Durables,Consumer Durables,Domestic Equities,136997.0,136997.0,0.0,20.0906,18.0905,11.05607915756889,0.818925625308897,1100,ifb-industries,Small Cap,Aug-2025
152534,6565,1,R Systems International Ltd.,IT,Information Technology,Domestic Equities,432975.0,432975.0,0.0,19.9861,18.1027,10.403972888022224,0.814666034861385,1100,r-systems-international,Small Cap,Aug-2025
211043,110998,1,JNK India Ltd.,Capital Goods,Capital Goods,Domestic Equities,645395.0,645395.0,0.0,19.0424,20.7817,-8.36938267802923,0.776199283614334,1100,jnk-india,Small Cap,Aug-2025
95406,100018,1,Emcure Pharmaceuticals Ltd.,Healthcare,Healthcare,Domestic Equities,126385.0,126385.0,0.0,17.6105,17.8152,-1.149018815393598,0.717832704075654,1100,emcure-pharmaceuticals,Small Cap,Aug-2025
174597,97684,1,Indigo Paints Ltd.,Chemicals,Chemicals,Domestic Equities,144329.0,138444.0,4.250816214498281,15.8719,16.6133,-4.462689531881075,0.646964532285759,1100,indigo-paints,Small Cap,Aug-2025
19255,6350,1,Mphasis Ltd.,IT,Information Technology,Domestic Equities,55143.0,55143.0,0.0,15.3739,15.386,-0.0786429221369952,0.626665240009579,1100,mphasis,Mid Cap,Aug-2025
113892,8292,1,KEI Industries Ltd.,Electricals,Electricals,Domestic Equities,39358.0,39358.0,0.0,14.9978,15.13,-0.8737607402511585,0.611334790561644,1100,kei-industries,Mid Cap,Aug-2025
117,8100,1,Vardhman Textiles Ltd.,Textile,Textile,Domestic Equities,333459.0,333459.0,0.0,14.1503,14.5688,-2.872577013892712,0.576789308224169,1100,vardhman-textiles,Small Cap,Aug-2025
152425,8271,1,Indoco Remedies Ltd.,Healthcare,Healthcare,Domestic Equities,462465.0,462465.0,0.0,12.3293,14.6995,-16.12435797135957,0.502562378033557,1100,indoco-remedies,Small Cap,Aug-2025
58780,8388,1,Alembic Pharmaceuticals Ltd.,Healthcare,Healthcare,Domestic Equities,127660.0,127660.0,0.0,11.961099999999998,12.4839,-4.187793878515544,0.487553945471128,1100,alembic-pharmaceuticals,Small Cap,Aug-2025
19064,6023,1,Westlife Foodworld Ltd,Hospitality,Hospitality,Domestic Equities,157998.0,157998.0,0.0,11.345,11.4983,-1.3332405659967064,0.462440704564793,1100,westlife-foodworld,Small Cap,Aug-2025
171741,5431,1,GAIL (India) Ltd.,Gas Transmission,Gas Transmission,Domestic Equities,411526.0,411526.0,0.0,7.1223,7.312,-2.594365426695846,0.290316565017349,1100,gail-india,Large Cap,Aug-2025
782,108121,1,Cyient DLM Ltd.,Electricals,Electricals,Domestic Equities,147760.0,147760.0,0.0,6.2495,6.652200000000001,-6.053636390968398,0.254739813413634,1100,cyient-dlm,Small Cap,Aug-2025
171646,5397,1,Carborundum Universal Ltd.,Abrasives,Abrasives,Domestic Equities,62314.0,62314.0,0.0,5.680499999999999,5.7989,-2.041766541930372,0.23154644533101,1100,carborundum-universal,Small Cap,Aug-2025
38106,5893,1,Stylam Industries Ltd.,Construction Materials,Construction Materials,Domestic Equities,22562.0,20277.0,11.268925383439363,3.8019,3.5438,7.283142389525368,0.154971645190382,1100,stylam-industries,Small Cap,Aug-2025
152199,8320,1,Kirloskar Ferrous Industries Ltd.,Iron & Steel,Iron & Steel,Domestic Equities,50413.0,50413.0,0.0,2.7704000000000004,3.0684,-9.7119019684526,0.1129260227348,1100,kirloskar-ferrous-industries,Small Cap,Aug-2025
171875,5051,1,HDFC Bank Ltd.,Bank,Banking,Domestic Equities,554894.0,554894.0,0.0,111.062,107.9213,2.9101762117394947,4.65077422522516,1100,hdfc-bank,Large Cap,Jun-2025
19098,6973,1,Schaeffler India Ltd.,Automobile & Ancillaries,Automobile & Ancillaries,Domestic Equities,221139.0,221139.0,0.0,89.5016,92.6285,-3.3757428869084625,3.74792219117621,1100,schaeffler-india,Mid Cap,Jun-2025
152222,5634,1,Max Financial Services Ltd.,Finance,Finance,Domestic Equities,529685.0,529685.0,0.0,87.2444,79.5958,9.609300993268496,3.65340086451922,1100,max-financial-services,Mid Cap,Jun-2025
171888,8748,1,ICICI Bank Ltd.,Bank,Banking,Domestic Equities,557338.0,557338.0,0.0,80.5799,80.5799,0.0,3.37432174813366,1100,icici-bank,Large Cap,Jun-2025
797,86851,1,Nippon Life India Asset Management Ltd.,Finance,Finance,Domestic Equities,936848.0,936848.0,0.0,74.9525,69.4158,7.97613799740117,3.13867168893221,1100,nippon-life-india-asset-management,Mid Cap,Jun-2025
133330,5128,1,Cipla Ltd.,Healthcare,Healthcare,Domestic Equities,476194.0,476194.0,0.0,71.7101,69.7958,2.7427151777041066,3.00289464234679,1100,cipla,Large Cap,Jun-2025
133657,7260,1,Coforge Ltd.,IT,Information Technology,Domestic Equities,348254.0,56941.0,511.6049946435784,67.0215,48.6874,37.65676540542317,2.80655728094153,1100,coforge,Mid Cap,Jun-2025
171400,5889,1,Axis Bank Ltd.,Bank,Banking,Domestic Equities,550969.0,,,66.07220000000001,,,2.76680489063696,1100,axis-bank,Large Cap,Jun-2025
57620,82559,1,ICICI Prudential Life Insurance Company Ltd.,Insurance,Finance,Domestic Equities,934052.0,934052.0,0.0,61.4513,61.8716,-0.6793100550171605,2.57330249902378,1100,icici-prudential-life-insurance-company,Mid Cap,Jun-2025
171383,5551,1,Hero MotoCorp Ltd.,Automobile & Ancillaries,Automobile & Ancillaries,Domestic Equities,143618.0,143618.0,0.0,60.8524,61.889300000000006,-1.6754107737524986,2.54822327585575,1100,hero-motocorp,Mid Cap,Jun-2025
19805,15724,1,Syngene International Ltd.,Business Services,Healthcare,Domestic Equities,891518.0,891518.0,0.0,56.9591,57.6411,-1.1831835270319238,2.38518948129894,1100,syngene-international,Small Cap,Jun-2025
141614,85778,1,AU Small Finance Bank Ltd.,Bank,Banking,Domestic Equities,692354.0,984664.0,-29.68626861548711,56.5999,68.2421,-17.060143225369682,2.3701478099649,1100,au-small-finance-bank,Mid Cap,Jun-2025
587,7648,1,APL Apollo Tubes Ltd.,Iron & Steel,Iron & Steel,Domestic Equities,319961.0,319961.0,0.0,55.6444,57.9673,-4.007259265137413,2.330135791703,1100,apl-apollo-tubes,Mid Cap,Jun-2025
115643,7007,1,Coal India Ltd.,Mining,Mining,Domestic Equities,1355787.0,1355787.0,0.0,53.1401,53.8654,-1.3465044351290392,2.22526703468232,1100,coal-india,Large Cap,Jun-2025
114411,5677,1,Welspun Corp Ltd.,Iron & Steel,Iron & Steel,Domestic Equities,568193.0,568193.0,0.0,52.5294,53.15729999999999,-1.1812112353336224,2.19969368088583,1100,welspun-corp,Small Cap,Jun-2025
19174,6780,1,Bayer CropScience Ltd.,Chemicals,Chemicals,Domestic Equities,80186.0,60393.0,32.77366582219794,50.4731,34.293,47.18193217274663,2.11358513755571,1100,bayer-cropscience,Small Cap,Jun-2025
97743,96921,1,Gland Pharma Ltd.,Healthcare,Healthcare,Domestic Equities,274606.0,274606.0,0.0,50.3518,43.623900000000006,15.422509220862873,2.10850564219708,1100,gland-pharma,Small Cap,Jun-2025
19913,93142,1,UTI Asset Management Company Ltd.,Finance,Finance,Domestic Equities,382785.0,382785.0,0.0,49.4099,45.5591,8.452317978186574,2.06906313042222,1100,uti-asset-management-company,Small Cap,Jun-2025
152408,5535,1,ITC Ltd.,FMCG,Fast Moving Consumer Goods,Domestic Equities,1146755.0,1146755.0,0.0,47.7566,47.9401,-0.3827693308941859,1.9998304043182,1100,itc,Large Cap,Jun-2025
65893,102659,1,Archean Chemical Industries Ltd.,Chemicals,Chemicals,Domestic Equities,745208.0,745208.0,0.0,47.14189999999999,46.65,1.0544480171489732,1.97408954861376,1100,archean-chemical-industries,Small Cap,Jun-2025
171656,5311,1,Mahindra & Mahindra Ltd.,Automobile & Ancillaries,Automobile & Ancillaries,Domestic Equities,143816.0,143816.0,0.0,45.7795,42.8111,6.9337157886622895,1.91703839876551,1100,mahindra-mahindra,Large Cap,Jun-2025
114433,5462,1,Cyient Ltd.,IT,Information Technology,Domestic Equities,345099.0,246864.0,39.793165467625904,44.4695,33.247600000000006,33.75251145947375,1.86218152391142,1100,cyient,Small Cap,Jun-2025
114402,5275,1,Hexaware Technologies Ltd.,IT,Information Technology,Domestic Equities,498261.0,359289.0,38.679725791772086,42.3796,30.809,37.55590898763348,1.7746659645545,1100,hexaware-technologies,Mid Cap,Jun-2025
171636,86629,1,ICICI Lombard General Insurance Company Ltd.,Insurance,Finance,Domestic Equities,193391.0,193391.0,0.0,39.4556,36.2685,8.787515337000428,1.65222206984201,1100,icici-lombard-general-insurance-company,Mid Cap,Jun-2025
171708,8443,1,Bajaj Finserv Ltd.,Finance,Finance,Domestic Equities,185120.0,185120.0,0.0,38.0607,37.3461,1.91345281033361,1.59380996699166,1100,bajaj-finserv,Large Cap,Jun-2025
1607,90490,1,Prince Pipes and Fittings Ltd.,Plastic Products,Plastic Products,Domestic Equities,928922.0,928922.0,0.0,34.1379,31.105,9.75052242404758,1.4295408458637,1100,prince-pipes-and-fittings,Small Cap,Jun-2025
188402,98309,1,Jubilant Ingrevia Ltd.,Chemicals,Chemicals,Domestic Equities,439283.0,439283.0,0.0,33.4997,30.8552,8.57067852420337,1.40281591645005,1100,jubilant-ingrevia,Small Cap,Jun-2025
96716,89715,1,Dodla Dairy Ltd,FMCG,Fast Moving Consumer Goods,Domestic Equities,233338.0,233338.0,0.0,33.456,28.6982,16.57874013004299,1.40098595810568,1100,dodla-dairy,Small Cap,Jun-2025
133662,6324,1,Century Plyboards (India) Ltd.,Construction Materials,Construction Materials,Domestic Equities,434227.0,434227.0,0.0,33.0013,33.7785,-2.3008718563583286,1.3819451787193,1100,century-plyboards-india,Small Cap,Jun-2025
96614,6762,1,PG Electroplast Ltd.,Consumer Durables,Consumer Durables,Domestic Equities,434167.0,434167.0,0.0,32.7644,33.4938,-2.177716472899464,1.37202487822088,1100,pg-electroplast,Small Cap,Jun-2025
152370,5063,1,Escorts Kubota Ltd.,Automobile & Ancillaries,Automobile & Ancillaries,Domestic Equities,96894.0,96894.0,0.0,32.310300000000005,32.185300000000005,0.3883760598782674,1.35300922412069,1100,escorts-kubota,Mid Cap,Jun-2025
37849,7492,1,Sudarshan Chemical Industries Ltd.,Chemicals,Chemicals,Domestic Equities,261490.0,261490.0,0.0,32.252199999999995,30.8637,4.498812520857833,1.3505762589077,1100,sudarshan-chemical-industries,Small Cap,Jun-2025
178941,94376,1,Cohance Lifesciences Ltd.,Healthcare,Healthcare,Domestic Equities,320840.0,320840.0,0.0,31.0541,33.6144,-7.616676186396313,1.30040524992855,1100,cohance-lifesciences,Small Cap,Jun-2025
38020,6672,1,Apollo Hospitals Enterprise Ltd.,Healthcare,Healthcare,Domestic Equities,42850.0,42850.0,0.0,31.032,29.4829,5.25423211420857,1.29947980188712,1100,apollo-hospitals-enterprise,Large Cap,Jun-2025
745,109745,1,RR Kabel Ltd.,Electricals,Electricals,Domestic Equities,216324.0,216324.0,0.0,29.1735,30.8413,-5.407683852496496,1.22165422790519,1100,rr-kabel,Small Cap,Jun-2025
134131,90516,1,Polycab India Ltd.,Electricals,Electricals,Domestic Equities,44174.0,44174.0,0.0,28.9384,26.4646,9.347581297280144,1.21180930326534,1100,polycab-india,Mid Cap,Jun-2025
133664,7760,1,NTPC Ltd.,Power,Power,Domestic Equities,801125.0,801125.0,0.0,26.8297,26.7496,0.2994437299996921,1.12350648494105,1100,ntpc,Large Cap,Jun-2025
352,7184,1,Ipca Laboratories Ltd.,Healthcare,Healthcare,Domestic Equities,191474.0,191474.0,0.0,26.6111,27.2812,-2.4562702520416906,1.11435250567151,1100,ipca-laboratories,Mid Cap,Jun-2025
134937,5507,1,Kirloskar Oil Engines Ltd.,Capital Goods,Capital Goods,Domestic Equities,291997.0,291997.0,0.0,24.8504,26.4155,-5.924930438568272,1.04062235333899,1100,kirloskar-oil-engines,Small Cap,Jun-2025
152444,7037,1,IIFL Finance Ltd.,Finance,Finance,Domestic Equities,472372.0,472372.0,0.0,22.3314,20.5883,8.466459105414238,0.935138026806587,1100,iifl-finance,Small Cap,Jun-2025
19092,7145,1,IFB Industries Ltd.,Consumer Durables,Consumer Durables,Domestic Equities,136997.0,136997.0,0.0,21.1523,19.1371,10.53033113690162,0.885762651890207,1100,ifb-industries,Small Cap,Jun-2025
171948,7104,1,Emami Ltd.,FMCG,Fast Moving Consumer Goods,Domestic Equities,364295.0,364295.0,0.0,20.8231,21.2821,-2.156742050831454,0.871977244865805,1100,emami,Small Cap,Jun-2025
211043,110998,1,JNK India Ltd.,Capital Goods,Capital Goods,Domestic Equities,572063.0,572063.0,0.0,19.9507,20.2825,-1.635893011216569,0.8354450787416,1100,jnk-india,Small Cap,Jun-2025
152534,6565,1,R Systems International Ltd.,IT,Information Technology,Domestic Equities,432975.0,432975.0,0.0,19.906,15.8664,25.46009176624816,0.833573244920243,1100,r-systems-international,Small Cap,Jun-2025
171619,82976,1,Avenue Supermarts Ltd.,Retailing,Retailing,Domestic Equities,44652.0,44652.0,0.0,19.5232,17.8702,9.250036373403765,0.817543312329292,1100,avenue-supermarts,Large Cap,Jun-2025
26837,16127,1,Crompton Greaves Consumer Electricals Ltd.,Consumer Durables,Consumer Durables,Domestic Equities,545026.0,545026.0,0.0,19.3566,19.234,0.6374129146303416,0.810566857863115,1100,crompton-greaves-consumer-electricals,Small Cap,Jun-2025
861,112211,1,Sai Life Sciences Ltd.,Healthcare,Healthcare,Domestic Equities,246536.0,,,19.0696,,,0.798548595967601,1100,sai-life-sciences,Small Cap,Jun-2025
23086,86979,1,IFGL Refractories Ltd.,Capital Goods,Capital Goods,Domestic Equities,348419.0,348419.0,0.0,18.1979,18.2101,-0.0669957880516871,0.762045742677288,1100,ifgl-refractories,Small Cap,Jun-2025
152377,4902,1,Siemens Ltd.,Capital Goods,Capital Goods,Domestic Equities,55742.0,16847.0,230.8719653350745,18.1245,5.5016,229.44052639232223,0.758972082666379,1100,siemens,Large Cap,Jun-2025
192044,99995,1,RateGain Travel Technologies Ltd.,IT,Information Technology,Domestic Equities,394299.0,394299.0,0.0,18.0392,17.499000000000002,3.087033544773986,0.755400104479315,1100,rategain-travel-technologies,Small Cap,Jun-2025
213604,111699,1,Gopal Snacks Ltd.,FMCG,Fast Moving Consumer Goods,Domestic Equities,498760.0,498760.0,0.0,17.546400000000002,17.0726,2.7752070569216234,0.7347638694197,1100,gopal-snacks,Small Cap,Jun-2025
117,8100,1,Vardhman Textiles Ltd.,Textile,Textile,Domestic Equities,333459.0,333459.0,0.0,16.691300000000002,16.3978,1.7898742514239798,0.698956149047385,1100,vardhman-textiles,Small Cap,Jun-2025
174597,97684,1,Indigo Paints Ltd.,Chemicals,Chemicals,Domestic Equities,138444.0,138444.0,0.0,16.09,14.9443,7.666468151736779,0.673776424734588,1100,indigo-paints,Small Cap,Jun-2025
113892,8292,1,KEI Industries Ltd.,Electricals,Electricals,Domestic Equities,39358.0,39358.0,0.0,14.9269,14.209,5.052431557463576,0.625071057450014,1100,kei-industries,Mid Cap,Jun-2025
152425,8271,1,Indoco Remedies Ltd.,Healthcare,Healthcare,Domestic Equities,462465.0,456053.0,1.405976936891107,14.6879,11.4323,28.47720931046246,0.615062818449916,1100,indoco-remedies,Small Cap,Jun-2025
58780,8388,1,Alembic Pharmaceuticals Ltd.,Healthcare,Healthcare,Domestic Equities,127660.0,127660.0,0.0,13.2652,12.9964,2.0682650580160566,0.555486577339295,1100,alembic-pharmaceuticals,Small Cap,Jun-2025
19064,6023,1,Westlife Foodworld Ltd,Hospitality,Hospitality,Domestic Equities,157998.0,157998.0,0.0,11.7724,10.574000000000002,11.333459428787584,0.492974865291825,1100,westlife-foodworld,Small Cap,Jun-2025
19255,6350,1,Mphasis Ltd.,IT,Information Technology,Domestic Equities,32637.0,32637.0,0.0,9.2865,8.3512,11.199588083149724,0.388876617047716,1100,mphasis,Mid Cap,Jun-2025
171741,5431,1,GAIL (India) Ltd.,Inds. Gases & Fuels,Industrials Gases & Fuels,Domestic Equities,411526.0,411526.0,0.0,7.8536,7.8108,0.5479592359297348,0.328873246071819,1100,gail-india,Large Cap,Jun-2025
782,108121,1,Cyient DLM Ltd.,Electricals,Electricals,Domestic Equities,147760.0,147760.0,0.0,7.0142,7.1501,-1.90067271786409,0.293722970688213,1100,cyient-dlm,Small Cap,Jun-2025
171646,5397,1,Carborundum Universal Ltd.,Abrasives,Abrasives,Domestic Equities,62314.0,62314.0,0.0,6.0161,6.1803,-2.65682895652314,0.251927057106635,1100,carborundum-universal,Small Cap,Jun-2025
38106,5893,1,Stylam Industries Ltd.,Construction Materials,Construction Materials,Domestic Equities,20277.0,20277.0,0.0,3.3224,3.3226,-0.0060193824113591,0.13912708474445,1100,stylam-industries,Small Cap,Jun-2025
152199,8320,1,Kirloskar Ferrous Industries Ltd.,Automobile & Ancillaries,Automobile & Ancillaries,Domestic Equities,50413.0,50413.0,0.0,2.924,2.9134,0.3638360678245357,0.122443894712488,1100,kirloskar-ferrous-industries,Small Cap,Jun-2025
171875,5051,1,HDFC Bank Ltd.,Bank,Banking,Domestic Equities,554894.0,350065.0,58.51170496907717,98.3744,62.8734,56.46425992550109,5.07191987580874,1100,hdfc-bank,Large Cap,Dec-2024
19098,6973,1,Schaeffler India Ltd.,Automobile & Ancillaries,Automobile & Ancillaries,Domestic Equities,221139.0,221139.0,0.0,75.3155,79.26060000000001,-4.977378420047289,3.88306491736136,1100,schaeffler-india,Mid Cap,Dec-2024
133330,5128,1,Cipla Ltd.,Healthcare,Healthcare,Domestic Equities,476194.0,439795.0,8.276356029513751,72.8101,67.4602,7.930453808319568,3.75389322170831,1100,cipla,Large Cap,Dec-2024
171888,8748,1,ICICI Bank Ltd.,Bank,Banking,Domestic Equities,557338.0,413055.0,34.9306993015458,71.4312,53.7013,33.015774292242455,3.68280084079668,1100,icici-bank,Large Cap,Dec-2024
797,86851,1,Nippon Life India Asset Management Ltd.,Finance,Finance,Domestic Equities,936848.0,936848.0,0.0,68.1088,64.2209,6.053948169521137,3.5115068192282,1100,nippon-life-india-asset-management,Mid Cap,Dec-2024
171383,5551,1,Hero MotoCorp Ltd.,Automobile & Ancillaries,Automobile & Ancillaries,Domestic Equities,143618.0,143618.0,0.0,59.7537,68.3866,-12.623671888937308,3.0807403011669,1100,hero-motocorp,Large Cap,Dec-2024
141614,85778,1,AU Small Finance Bank Ltd.,Bank,Banking,Domestic Equities,984664.0,826669.0,19.11224444124553,55.052600000000005,48.2237,14.160879401622031,2.83836421014968,1100,au-small-finance-bank,Mid Cap,Dec-2024
115643,7007,1,Coal India Ltd.,Mining,Mining,Domestic Equities,1355787.0,1355787.0,0.0,52.0826,56.455,-7.744929589938885,2.68523898619759,1100,coal-india,Large Cap,Dec-2024
19913,93142,1,UTI Asset Management Company Ltd.,Finance,Finance,Domestic Equities,382785.0,382785.0,0.0,51.3908,49.7295,3.340673041152638,2.64957163605279,1100,uti-asset-management-company,Small Cap,Dec-2024
587,7648,1,APL Apollo Tubes Ltd.,Iron & Steel,Iron & Steel,Domestic Equities,319961.0,319961.0,0.0,50.1779,48.5189,3.419286092636057,2.58703776934186,1100,apl-apollo-tubes,Mid Cap,Dec-2024
97743,96921,1,Gland Pharma Ltd.,Healthcare,Healthcare,Domestic Equities,266053.0,266053.0,0.0,47.3401,46.24,2.379108996539797,2.44072842236164,1100,gland-pharma,Small Cap,Dec-2024
114411,5677,1,Welspun Corp Ltd.,Iron & Steel,Iron & Steel,Domestic Equities,568193.0,568193.0,0.0,46.2395,44.0179,5.047037682397385,2.38398444206479,1100,welspun-corp,Small Cap,Dec-2024
152408,5535,1,ITC Ltd.,FMCG,Fast Moving Consumer Goods,Domestic Equities,946755.0,946755.0,0.0,45.78979999999999,45.1365,1.4473873694238573,2.36079911775123,1100,itc,Large Cap,Dec-2024
133657,7260,1,Coforge Ltd.,IT,Information Technology,Domestic Equities,45314.0,45314.0,0.0,43.7867,39.3591,11.249240963335042,2.25752466115244,1100,coforge,Mid Cap,Dec-2024
171656,5311,1,Mahindra & Mahindra Ltd.,Automobile & Ancillaries,Automobile & Ancillaries,Domestic Equities,143816.0,143816.0,0.0,43.2469,42.65729999999999,1.3821784313587602,2.22969402280586,1100,mahindra-mahindra,Large Cap,Dec-2024
57620,82559,1,ICICI Prudential Life Insurance Company Ltd.,Insurance,Finance,Domestic Equities,624715.0,624715.0,0.0,40.9095,43.7082,-6.403146320370088,2.10918395598243,1100,icici-prudential-life-insurance-company,Large Cap,Dec-2024
19805,15724,1,Syngene International Ltd.,Business Services,Healthcare,Domestic Equities,474239.0,,,40.711,,,2.09894982906172,1100,syngene-international,Mid Cap,Dec-2024
19174,6780,1,Bayer CropScience Ltd.,Chemicals,Chemicals,Domestic Equities,60393.0,60393.0,0.0,33.5239,34.3775,-2.483019416769693,1.72840225429202,1100,bayer-cropscience,Small Cap,Dec-2024
188402,98309,1,Jubilant Ingrevia Ltd.,Chemicals,Chemicals,Domestic Equities,407297.0,407297.0,0.0,33.522600000000004,31.9586,4.893831394366464,1.72833522978322,1100,jubilant-ingrevia,Small Cap,Dec-2024
178941,94376,1,Cohance Lifesciences Ltd.,Healthcare,Healthcare,Domestic Equities,294017.0,294017.0,0.0,33.4812,38.3927,-12.792796547260288,1.72620075696449,1100,cohance-lifesciences,Small Cap,Dec-2024
134131,90516,1,Polycab India Ltd.,Electricals,Electricals,Domestic Equities,44726.0,44726.0,0.0,32.5263,32.6406,-0.3501773864450971,1.67696867738474,1100,polycab-india,Large Cap,Dec-2024
352,7184,1,Ipca Laboratories Ltd.,Healthcare,Healthcare,Domestic Equities,191474.0,191474.0,0.0,32.4587,29.5358,9.89612605719161,1.67348340292712,1100,ipca-laboratories,Mid Cap,Dec-2024
152370,5063,1,Escorts Kubota Ltd.,Automobile & Ancillaries,Automobile & Ancillaries,Domestic Equities,96894.0,96894.0,0.0,32.2904,34.4352,-6.228510361490568,1.66480630690316,1100,escorts-kubota,Mid Cap,Dec-2024
133662,6324,1,Century Plyboards (India) Ltd.,Construction Materials,Construction Materials,Domestic Equities,434227.0,434227.0,0.0,32.0612,31.4858,1.8274904877754403,1.65298937042848,1100,century-plyboards-india,Small Cap,Dec-2024
211043,110998,1,JNK India Ltd.,Capital Goods,Capital Goods,Domestic Equities,475723.0,475723.0,0.0,31.2312,29.8231,4.721507824471632,1.61019679942503,1100,jnk-india,Small Cap,Dec-2024
745,109745,1,RR Kabel Ltd.,Electricals,Electricals,Domestic Equities,216324.0,216324.0,0.0,31.1431,31.1312,0.0382253173665022,1.60565460002093,1100,rr-kabel,Small Cap,Dec-2024
96716,89715,1,Dodla Dairy Ltd,FMCG,Fast Moving Consumer Goods,Domestic Equities,228596.0,228596.0,0.0,29.0603,28.091,3.4505713573742582,1.49827102545952,1100,dodla-dairy,Small Cap,Dec-2024
171708,8443,1,Bajaj Finserv Ltd.,Finance,Finance,Domestic Equities,185120.0,185120.0,0.0,29.0287,29.248,-0.7497948577680624,1.49664181432252,1100,bajaj-finserv,Large Cap,Dec-2024
192044,99995,1,RateGain Travel Technologies Ltd.,IT,Information Technology,Domestic Equities,394299.0,394299.0,0.0,28.5926,27.6758,3.3126413689938605,1.47415766948565,1100,rategain-travel-technologies,Small Cap,Dec-2024
133664,7760,1,NTPC Ltd.,Power,Power,Domestic Equities,801125.0,801125.0,0.0,26.7055,29.1329,-8.332160547010417,1.37686386136444,1100,ntpc,Large Cap,Dec-2024
1607,90490,1,Prince Pipes and Fittings Ltd.,Plastic Products,Plastic Products,Domestic Equities,616172.0,326172.0,88.91014556736936,26.4523,13.9439,89.70517573992927,1.36380954934267,1100,prince-pipes-and-fittings,Small Cap,Dec-2024
19092,7145,1,IFB Industries Ltd.,Consumer Durables,Consumer Durables,Domestic Equities,136997.0,136997.0,0.0,25.972600000000003,23.0176,12.838002224384818,1.33907750559526,1100,ifb-industries,Small Cap,Dec-2024
65893,102659,1,Archean Chemical Industries Ltd.,Chemicals,Chemicals,Domestic Equities,327708.0,327708.0,0.0,21.9417,23.347600000000003,-6.021603933594894,1.13125512673046,1100,archean-chemical-industries,Small Cap,Dec-2024
171948,7104,1,Emami Ltd.,FMCG,Fast Moving Consumer Goods,Domestic Equities,364295.0,364295.0,0.0,21.885,24.917800000000003,-12.171218967966682,1.12833182700046,1100,emami,Small Cap,Dec-2024
26837,16127,1,Crompton Greaves Consumer Electricals Ltd.,Consumer Durables,Consumer Durables,Domestic Equities,545026.0,545026.0,0.0,21.5721,22.3297,-3.392790767453202,1.11219954330531,1100,crompton-greaves-consumer-electricals,Small Cap,Dec-2024
96304,15914,1,Narayana Hrudayalaya Ltd.,Healthcare,Healthcare,Domestic Equities,168139.0,168139.0,0.0,21.4007,21.2982,0.481261327248312,1.10336261960653,1100,narayana-hrudayalaya,Small Cap,Dec-2024
96614,6762,1,PG Electroplast Ltd.,Consumer Durables,Consumer Durables,Domestic Equities,211639.0,,,20.7533,,,1.06998441422384,1100,pg-electroplast,Small Cap,Dec-2024
114433,5462,1,Cyient Ltd.,IT,Information Technology,Domestic Equities,112505.0,102668.0,9.58136907312892,20.671100000000003,19.029,8.62946029744075,1.06574640297506,1100,cyient,Small Cap,Dec-2024
152534,6565,1,R Systems International Ltd.,IT,Information Technology,Domestic Equities,432975.0,432975.0,0.0,20.1658,21.311,-5.3737506452067,1.03969449197742,1100,r-systems-international,Small Cap,Dec-2024
152444,7037,1,IIFL Finance Ltd.,Finance,Finance,Domestic Equities,472372.0,472372.0,0.0,19.5326,19.8585,-1.641110859329754,1.0070484004601,1100,iifl-finance,Small Cap,Dec-2024
174597,97684,1,Indigo Paints Ltd.,Chemicals,Chemicals,Domestic Equities,138444.0,138444.0,0.0,19.4105,19.8466,-2.197353702901259,1.00075325236429,1100,indigo-paints,Small Cap,Dec-2024
134937,5507,1,Kirloskar Oil Engines Ltd.,Capital Goods,Capital Goods,Domestic Equities,181438.0,181438.0,0.0,18.6364,20.3528,-8.433237687197824,0.96084273523927,1100,kirloskar-oil-engines,Small Cap,Dec-2024
213604,111699,1,Gopal Snacks Ltd.,FMCG,Fast Moving Consumer Goods,Domestic Equities,498760.0,498760.0,0.0,18.4666,22.0552,-16.270992781747612,0.952088303243625,1100,gopal-snacks,Small Cap,Dec-2024
113892,8292,1,KEI Industries Ltd.,Electricals,Electricals,Domestic Equities,39358.0,39358.0,0.0,17.4618,16.9761,2.861081167052513,0.900283513672226,1100,kei-industries,Mid Cap,Dec-2024
56728,7719,1,Shriram Finance Ltd.,Finance,Finance,Domestic Equities,60269.0,60269.0,0.0,17.4126,18.1991,-4.321642279013802,0.897746893800697,1100,shriram-finance,Large Cap,Dec-2024
117,8100,1,Vardhman Textiles Ltd.,Textile,Textile,Domestic Equities,333459.0,333459.0,0.0,16.873,15.876,6.279919375157474,0.869926566917012,1100,vardhman-textiles,Small Cap,Dec-2024
171771,7580,1,Firstsource Solutions Ltd.,IT,Information Technology,Domestic Equities,385949.0,385949.0,0.0,14.5117,14.1527,2.5366184544291968,0.748184280277935,1100,firstsource-solutions,Small Cap,Dec-2024
152425,8271,1,Indoco Remedies Ltd.,Healthcare,Healthcare,Domestic Equities,421816.0,421816.0,0.0,14.0127,13.6985,2.2936817899770103,0.722457180361406,1100,indoco-remedies,Small Cap,Dec-2024
19064,6023,1,Westlife Foodworld Ltd,Hospitality,Hospitality,Domestic Equities,157998.0,157998.0,0.0,12.5206,11.9699,4.600706772821823,0.645528511452684,1100,westlife-foodworld,Small Cap,Dec-2024
152377,4902,1,Siemens Ltd.,Capital Goods,Capital Goods,Domestic Equities,16847.0,16847.0,0.0,11.0113,12.7378,-13.554145927868223,0.567713056735216,1100,siemens,Large Cap,Dec-2024
134703,87891,1,Hindustan Aeronautics Ltd.,Capital Goods,Other,Domestic Equities,24863.0,24863.0,0.0,10.3886,11.1308,-6.667984331764116,0.53560831701974,1100,hindustan-aeronautics,Large Cap,Dec-2024
782,108121,1,Cyient DLM Ltd.,Electricals,Capital Goods,Domestic Equities,147760.0,147760.0,0.0,9.894,10.3321,-4.240183505773276,0.510108069286844,1100,cyient-dlm,Small Cap,Dec-2024
58780,8388,1,Alembic Pharmaceuticals Ltd.,Healthcare,Healthcare,Domestic Equities,89240.0,89240.0,0.0,9.5152,9.7468,-2.376164484753968,0.490578158568645,1100,alembic-pharmaceuticals,Small Cap,Dec-2024
171646,5397,1,Carborundum Universal Ltd.,Abrasives,Abrasives,Domestic Equities,62314.0,62314.0,0.0,7.974,9.0925,-12.301347264228763,0.41111802551984,1100,carborundum-universal,Small Cap,Dec-2024
171741,5431,1,GAIL (India) Ltd.,Inds. Gases & Fuels,Industrials Gases & Fuels,Domestic Equities,411526.0,411526.0,0.0,7.859299999999999,8.208300000000001,-4.251793915914391,0.40520440155105,1100,gail-india,Large Cap,Dec-2024
222201,112407,1,NTPC Green Energy Ltd.,Power,Power,Domestic Equities,572700.0,572700.0,0.0,7.284199999999999,7.1496,1.882622804072944,0.375553790003965,1100,ntpc-green-energy,Large Cap,Dec-2024
171619,82976,1,Avenue Supermarts Ltd.,Retailing,Retailing,Domestic Equities,19622.0,19622.0,0.0,6.9891,7.279,-3.982689929935432,0.360339226506234,1100,avenue-supermarts,Large Cap,Dec-2024
23086,86979,1,IFGL Refractories Ltd.,Capital Goods,Capital Goods,Domestic Equities,154034.0,154034.0,0.0,6.9885,7.3613,-5.064322877752567,0.360308292117557,1100,ifgl-refractories,Small Cap,Dec-2024
38106,5893,1,Stylam Industries Ltd.,Construction Materials,Construction Materials,Domestic Equities,20277.0,20277.0,0.0,4.4826,5.1193,-12.437247279901552,0.231110817807278,1100,stylam-industries,Small Cap,Dec-2024
152199,8320,1,Kirloskar Ferrous Industries Ltd.,Automobile & Ancillaries,Automobile & Ancillaries,Domestic Equities,50413.0,50413.0,0.0,3.2237,3.0228,6.646155881963753,0.166205314631089,1100,kirloskar-ferrous-industries,Small Cap,Dec-2024
171875,5051,1,HDFC Bank Ltd.,Bank,Banking,Domestic Equities,554894.0,554894.0,0.0,94.2626,98.3744,-4.179745950165899,4.96308092994809,1100,hdfc-bank,Large Cap,Jan-2025
19098,6973,1,Schaeffler India Ltd.,Automobile & Ancillaries,Automobile & Ancillaries,Domestic Equities,221139.0,221139.0,0.0,75.7578,75.3155,0.5872629140083988,3.98877277387661,1100,schaeffler-india,Mid Cap,Jan-2025
133330,5128,1,Cipla Ltd.,Healthcare,Healthcare,Domestic Equities,476194.0,476194.0,0.0,70.44810000000001,72.8101,-3.2440554263762835,3.70920833566097,1100,cipla,Large Cap,Jan-2025
171888,8748,1,ICICI Bank Ltd.,Bank,Banking,Domestic Equities,557338.0,557338.0,0.0,69.8233,71.4312,-2.250977164040363,3.67631158801099,1100,icici-bank,Large Cap,Jan-2025
19805,15724,1,Syngene International Ltd.,Business Services,Healthcare,Domestic Equities,891518.0,474239.0,87.98917845221503,66.5652,40.711,63.50666895924936,3.5047672641979,1100,syngene-international,Mid Cap,Jan-2025
171383,5551,1,Hero MotoCorp Ltd.,Automobile & Ancillaries,Automobile & Ancillaries,Domestic Equities,143618.0,143618.0,0.0,62.318000000000005,59.7537,4.291449734493434,3.28114519854646,1100,hero-motocorp,Large Cap,Jan-2025
141614,85778,1,AU Small Finance Bank Ltd.,Bank,Banking,Domestic Equities,984664.0,984664.0,0.0,59.1734,55.052600000000005,7.485205058435023,3.11557683641434,1100,au-small-finance-bank,Mid Cap,Jan-2025
797,86851,1,Nippon Life India Asset Management Ltd.,Finance,Finance,Domestic Equities,936848.0,936848.0,0.0,54.6932,68.1088,-19.69730783687277,2.87968693753235,1100,nippon-life-india-asset-management,Mid Cap,Jan-2025
115643,7007,1,Coal India Ltd.,Mining,Mining,Domestic Equities,1355787.0,1355787.0,0.0,53.6756,52.0826,3.0586030651311606,2.82610862381816,1100,coal-india,Large Cap,Jan-2025
587,7648,1,APL Apollo Tubes Ltd.,Iron & Steel,Iron & Steel,Domestic Equities,319961.0,319961.0,0.0,48.2997,50.1779,-3.7430821138389554,2.54305864671899,1100,apl-apollo-tubes,Mid Cap,Jan-2025
171656,5311,1,Mahindra & Mahindra Ltd.,Automobile & Ancillaries,Automobile & Ancillaries,Domestic Equities,143816.0,143816.0,0.0,42.9988,43.2469,-0.57368273795346,2.2639575429773,1100,mahindra-mahindra,Large Cap,Jan-2025
152408,5535,1,ITC Ltd.,FMCG,Fast Moving Consumer Goods,Domestic Equities,946755.0,946755.0,0.0,42.36729999999999,45.78979999999999,-7.474372021716627,2.23070802930738,1100,itc,Large Cap,Jan-2025
114411,5677,1,Welspun Corp Ltd.,Iron & Steel,Iron & Steel,Domestic Equities,568193.0,568193.0,0.0,42.1599,46.2395,-8.822759761675625,2.21978807818285,1100,welspun-corp,Small Cap,Jan-2025
97743,96921,1,Gland Pharma Ltd.,Healthcare,Healthcare,Domestic Equities,274606.0,266053.0,3.214772996357868,41.8705,47.3401,-11.553841246638685,2.20455069218748,1100,gland-pharma,Small Cap,Jan-2025
19913,93142,1,UTI Asset Management Company Ltd.,Finance,Finance,Domestic Equities,382785.0,382785.0,0.0,39.7522,51.3908,-22.64724425383532,2.09301871307902,1100,uti-asset-management-company,Small Cap,Jan-2025
57620,82559,1,ICICI Prudential Life Insurance Company Ltd.,Insurance,Finance,Domestic Equities,624715.0,624715.0,0.0,38.4824,40.9095,-5.932851782593287,2.02616165455477,1100,icici-prudential-life-insurance-company,Large Cap,Jan-2025
133657,7260,1,Coforge Ltd.,IT,Information Technology,Domestic Equities,45314.0,45314.0,0.0,37.4468,43.7867,-14.479054142011163,1.97163561123479,1100,coforge,Mid Cap,Jan-2025
171636,86629,1,ICICI Lombard General Insurance Company Ltd.,Insurance,Finance,Domestic Equities,193391.0,,,35.9417,,,1.89238962069702,1100,icici-lombard-general-insurance-company,Mid Cap,Jan-2025
152370,5063,1,Escorts Kubota Ltd.,Automobile & Ancillaries,Automobile & Ancillaries,Domestic Equities,96894.0,96894.0,0.0,35.1091,32.2904,8.729219830042362,1.8485518612646,1100,escorts-kubota,Mid Cap,Jan-2025
133662,6324,1,Century Plyboards (India) Ltd.,Construction Materials,Construction Materials,Domestic Equities,434227.0,434227.0,0.0,34.9401,32.0612,8.979389417738586,1.8396537332991,1100,century-plyboards-india,Small Cap,Jan-2025
178941,94376,1,Cohance Lifesciences Ltd.,Healthcare,Healthcare,Domestic Equities,320840.0,294017.0,9.122941870708155,33.8406,33.4812,1.0734382280205026,1.78176324987855,1100,cohance-lifesciences,Small Cap,Jan-2025
171708,8443,1,Bajaj Finserv Ltd.,Finance,Finance,Domestic Equities,185120.0,185120.0,0.0,32.1387,29.0287,10.713535225483746,1.69215541565078,1100,bajaj-finserv,Large Cap,Jan-2025
19174,6780,1,Bayer CropScience Ltd.,Chemicals,Chemicals,Domestic Equities,60393.0,60393.0,0.0,30.8965,33.5239,-7.83739362067062,1.62675154252207,1100,bayer-cropscience,Small Cap,Jan-2025
38020,6672,1,Apollo Hospitals Enterprise Ltd.,Healthcare,Healthcare,Domestic Equities,42850.0,,,29.183000000000003,,,1.53653294921501,1100,apollo-hospitals-enterprise,Mid Cap,Jan-2025
188402,98309,1,Jubilant Ingrevia Ltd.,Chemicals,Chemicals,Domestic Equities,407297.0,407297.0,0.0,28.378400000000003,33.522600000000004,-15.345468430253026,1.49416943583605,1100,jubilant-ingrevia,Small Cap,Jan-2025
352,7184,1,Ipca Laboratories Ltd.,Healthcare,Healthcare,Domestic Equities,191474.0,191474.0,0.0,27.6354,32.4587,-14.859806461749852,1.45504926377468,1100,ipca-laboratories,Mid Cap,Jan-2025
192044,99995,1,RateGain Travel Technologies Ltd.,IT,Information Technology,Domestic Equities,394299.0,394299.0,0.0,27.5674,28.5926,-3.585543112553613,1.45146895193058,1100,rategain-travel-technologies,Small Cap,Jan-2025
134131,90516,1,Polycab India Ltd.,Electricals,Electricals,Domestic Equities,44726.0,44726.0,0.0,27.0053,32.5263,-16.97395645984941,1.42187346240744,1100,polycab-india,Large Cap,Jan-2025
745,109745,1,RR Kabel Ltd.,Electricals,Electricals,Domestic Equities,216324.0,216324.0,0.0,26.5213,31.1431,-14.840526472958691,1.39639006634055,1100,rr-kabel,Small Cap,Jan-2025
37849,7492,1,Sudarshan Chemical Industries Ltd.,Chemicals,Chemicals,Domestic Equities,261490.0,,,26.1307,,,1.37582433389483,1100,sudarshan-chemical-industries,Small Cap,Jan-2025
133664,7760,1,NTPC Ltd.,Power,Power,Domestic Equities,801125.0,801125.0,0.0,25.9564,26.7055,-2.805040160266623,1.36664715221206,1100,ntpc,Large Cap,Jan-2025
96716,89715,1,Dodla Dairy Ltd,FMCG,Fast Moving Consumer Goods,Domestic Equities,228596.0,228596.0,0.0,25.9411,29.0603,-10.733543700512383,1.36584158204714,1100,dodla-dairy,Small Cap,Jan-2025
211043,110998,1,JNK India Ltd.,Capital Goods,Capital Goods,Domestic Equities,476104.0,475723.0,0.0800886230012002,25.7358,31.2312,-17.59586567278875,1.35503219937662,1100,jnk-india,Small Cap,Jan-2025
96304,15914,1,Narayana Hrudayalaya Ltd.,Healthcare,Healthcare,Domestic Equities,168139.0,168139.0,0.0,23.323400000000003,21.4007,8.984285560752685,1.22801537154239,1100,narayana-hrudayalaya,Small Cap,Jan-2025
1607,90490,1,Prince Pipes and Fittings Ltd.,Plastic Products,Plastic Products,Domestic Equities,616172.0,616172.0,0.0,22.835300000000004,26.4523,-13.673669208348604,1.20231610373195,1100,prince-pipes-and-fittings,Small Cap,Jan-2025
96614,6762,1,PG Electroplast Ltd.,Consumer Durables,Consumer Durables,Domestic Equities,274543.0,211639.0,29.722310160225668,21.483,20.7533,3.5160673242327847,1.13111528451448,1100,pg-electroplast,Small Cap,Jan-2025
171948,7104,1,Emami Ltd.,FMCG,Fast Moving Consumer Goods,Domestic Equities,364295.0,364295.0,0.0,21.4807,21.885,-1.8473840530043333,1.13099418573152,1100,emami,Small Cap,Jan-2025
114433,5462,1,Cyient Ltd.,IT,Information Technology,Domestic Equities,138147.0,112505.0,22.79187591662593,20.0928,20.671100000000003,-2.797625670622277,1.05791896796037,1100,cyient,Small Cap,Jan-2025
65893,102659,1,Archean Chemical Industries Ltd.,Chemicals,Chemicals,Domestic Equities,327708.0,327708.0,0.0,19.1906,21.9417,-12.538226299694196,1.01041665405221,1100,archean-chemical-industries,Small Cap,Jan-2025
19092,7145,1,IFB Industries Ltd.,Consumer Durables,Consumer Durables,Domestic Equities,136997.0,136997.0,0.0,18.9707,25.972600000000003,-26.958795037847587,0.9988385573681,1100,ifb-industries,Small Cap,Jan-2025
26837,16127,1,Crompton Greaves Consumer Electricals Ltd.,Consumer Durables,Consumer Durables,Domestic Equities,545026.0,545026.0,0.0,18.7162,21.5721,-13.238859452719028,0.985438713775076,1100,crompton-greaves-consumer-electricals,Small Cap,Jan-2025
152534,6565,1,R Systems International Ltd.,IT,Information Technology,Domestic Equities,432975.0,432975.0,0.0,18.382,20.1658,-8.845669400668452,0.967842534094178,1100,r-systems-international,Small Cap,Jan-2025
174597,97684,1,Indigo Paints Ltd.,Chemicals,Chemicals,Domestic Equities,138444.0,138444.0,0.0,17.543599999999998,19.4105,-9.617990263001987,0.923699395122109,1100,indigo-paints,Small Cap,Jan-2025
152444,7037,1,IIFL Finance Ltd.,Finance,Finance,Domestic Equities,472372.0,472372.0,0.0,16.837699999999998,19.5326,-13.79693435589732,0.886532599081576,1100,iifl-finance,Small Cap,Jan-2025
213604,111699,1,Gopal Snacks Ltd.,FMCG,Fast Moving Consumer Goods,Domestic Equities,498760.0,498760.0,0.0,16.7558,18.4666,-9.264293372900273,0.882220429375216,1100,gopal-snacks,Small Cap,Jan-2025
134937,5507,1,Kirloskar Oil Engines Ltd.,Capital Goods,Capital Goods,Domestic Equities,181438.0,181438.0,0.0,16.392,18.6364,-12.043098452490826,0.863065761009235,1100,kirloskar-oil-engines,Small Cap,Jan-2025
56728,7719,1,Shriram Finance Ltd.,Finance,Finance,Domestic Equities,301345.0,60269.0,400.0,16.3856,17.4126,-5.898027864879458,0.862728790482731,1100,shriram-finance,Large Cap,Jan-2025
171619,82976,1,Avenue Supermarts Ltd.,Retailing,Retailing,Domestic Equities,44652.0,19622.0,127.56090102945674,16.3634,6.9891,134.12742699346126,0.861559923968919,1100,avenue-supermarts,Large Cap,Jan-2025
113892,8292,1,KEI Industries Ltd.,Electricals,Electricals,Domestic Equities,39358.0,39358.0,0.0,15.836099999999998,17.4618,-9.310036765969151,0.833796711683647,1100,kei-industries,Mid Cap,Jan-2025
117,8100,1,Vardhman Textiles Ltd.,Textile,Textile,Domestic Equities,333459.0,333459.0,0.0,15.2307,16.873,-9.733301724648848,0.801921405942128,1100,vardhman-textiles,Small Cap,Jan-2025
19064,6023,1,Westlife Foodworld Ltd,Hospitality,Hospitality,Domestic Equities,157998.0,157998.0,0.0,11.4683,12.5206,-8.404549302749071,0.60382485767339,1100,westlife-foodworld,Small Cap,Jan-2025
152425,8271,1,Indoco Remedies Ltd.,Healthcare,Healthcare,Domestic Equities,434821.0,421816.0,3.083097843609536,10.8684,14.0127,-22.43893039885248,0.572239135978085,1100,indoco-remedies,Small Cap,Jan-2025
23086,86979,1,IFGL Refractories Ltd.,Capital Goods,Capital Goods,Domestic Equities,258034.0,154034.0,67.51756105794826,10.4684,6.9885,49.79466266008441,0.551178478071564,1100,ifgl-refractories,Small Cap,Jan-2025
152377,4902,1,Siemens Ltd.,Capital Goods,Capital Goods,Domestic Equities,16847.0,16847.0,0.0,10.2318,11.0113,-7.079091478753657,0.538721098919857,1100,siemens,Large Cap,Jan-2025
58780,8388,1,Alembic Pharmaceuticals Ltd.,Healthcare,Healthcare,Domestic Equities,108938.0,89240.0,22.07306140744061,10.0239,9.5152,5.346182949386246,0.527774821972942,1100,alembic-pharmaceuticals,Small Cap,Jan-2025
19255,6350,1,Mphasis Ltd.,IT,Information Technology,Domestic Equities,32637.0,,,9.3601,,,0.492824660177071,1100,mphasis,Mid Cap,Jan-2025
171646,5397,1,Carborundum Universal Ltd.,Abrasives,Abrasives,Domestic Equities,62314.0,62314.0,0.0,7.3948,7.974,-7.263606721845994,0.389348382717856,1100,carborundum-universal,Small Cap,Jan-2025
171741,5431,1,GAIL (India) Ltd.,Inds. Gases & Fuels,Industrials Gases & Fuels,Domestic Equities,411526.0,411526.0,0.0,7.2889,7.859299999999999,-7.257643810517472,0.383772573537104,1100,gail-india,Large Cap,Jan-2025
782,108121,1,Cyient DLM Ltd.,Electricals,Capital Goods,Domestic Equities,147760.0,147760.0,0.0,7.212899999999999,9.894,-27.09824135839904,0.379771048534865,1100,cyient-dlm,Small Cap,Jan-2025
222201,112407,1,NTPC Green Energy Ltd.,Power,Power,Domestic Equities,572700.0,572700.0,0.0,6.580900000000001,7.284199999999999,-9.655144010323705,0.346495209042562,1100,ntpc-green-energy,Large Cap,Jan-2025
38106,5893,1,Stylam Industries Ltd.,Construction Materials,Construction Materials,Domestic Equities,20277.0,20277.0,0.0,3.965,4.4826,-11.54687012001963,0.208763771498391,1100,stylam-industries,Small Cap,Jan-2025
171771,7580,1,Firstsource Solutions Ltd.,IT,Information Technology,Domestic Equities,108293.0,385949.0,-71.94111139036505,3.6294,14.5117,-74.98983578767478,0.191093879514819,1100,firstsource-solutions,Small Cap,Jan-2025
152199,8320,1,Kirloskar Ferrous Industries Ltd.,Automobile & Ancillaries,Automobile & Ancillaries,Domestic Equities,50413.0,50413.0,0.0,2.869,3.2237,-11.002884883829148,0.151057568834523,1100,kirloskar-ferrous-industries,Small Cap,Jan-2025
225180,112809,1,ITC Hotels Ltd.,Hospitality,Hospitality,Domestic Equities,94675.0,,,1.5427000000000002,,,0.0812256923809753,1100,itc-hotels,,Jan-2025
171875,5051,1,HDFC Bank Ltd.,Bank,Banking,Domestic Equities,554894.0,554894.0,0.0,96.1298,94.2626,1.98084924455722,5.36946287999865,1100,hdfc-bank,Large Cap,Feb-2025
19098,6973,1,Schaeffler India Ltd.,Automobile & Ancillaries,Automobile & Ancillaries,Domestic Equities,221139.0,221139.0,0.0,67.6962,75.7578,-10.641280501809714,3.78126484208814,1100,schaeffler-india,Mid Cap,Feb-2025
171888,8748,1,ICICI Bank Ltd.,Bank,Banking,Domestic Equities,557338.0,557338.0,0.0,67.1091,69.8233,-3.887241078551144,3.74847155991292,1100,icici-bank,Large Cap,Feb-2025
133330,5128,1,Cipla Ltd.,Healthcare,Healthcare,Domestic Equities,476194.0,476194.0,0.0,67.0243,70.44810000000001,-4.860031711288169,3.74373493867556,1100,cipla,Large Cap,Feb-2025
19805,15724,1,Syngene International Ltd.,Business Services,Healthcare,Domestic Equities,891518.0,891518.0,0.0,58.162600000000005,66.5652,-12.623112377037854,3.24875243373241,1100,syngene-international,Mid Cap,Feb-2025
141614,85778,1,AU Small Finance Bank Ltd.,Bank,Banking,Domestic Equities,984664.0,984664.0,0.0,55.7024,59.1734,-5.865811327386973,3.11133456146623,1100,au-small-finance-bank,Mid Cap,Feb-2025
171383,5551,1,Hero MotoCorp Ltd.,Automobile & Ancillaries,Automobile & Ancillaries,Domestic Equities,143618.0,143618.0,0.0,52.8672,62.318000000000005,-15.165441766423823,2.95297054575652,1100,hero-motocorp,Large Cap,Feb-2025
115643,7007,1,Coal India Ltd.,Mining,Mining,Domestic Equities,1355787.0,1355787.0,0.0,50.076,53.6756,-6.70621287884998,2.79706421087751,1100,coal-india,Large Cap,Feb-2025
797,86851,1,Nippon Life India Asset Management Ltd.,Finance,Finance,Domestic Equities,936848.0,936848.0,0.0,48.0884,54.6932,-12.07608989783007,2.68604406498845,1100,nippon-life-india-asset-management,Mid Cap,Feb-2025
587,7648,1,APL Apollo Tubes Ltd.,Iron & Steel,Iron & Steel,Domestic Equities,319961.0,319961.0,0.0,46.0408,48.2997,-4.67684064290255,2.57167253614844,1100,apl-apollo-tubes,Mid Cap,Feb-2025
97743,96921,1,Gland Pharma Ltd.,Healthcare,Healthcare,Domestic Equities,274606.0,274606.0,0.0,42.6408,41.8705,1.8397200893230257,2.38176083559361,1100,gland-pharma,Small Cap,Feb-2025
57620,82559,1,ICICI Prudential Life Insurance Company Ltd.,Insurance,Finance,Domestic Equities,769758.0,624715.0,23.21746716502725,42.4599,38.4824,10.335893811196808,2.37165641599644,1100,icici-prudential-life-insurance-company,Large Cap,Feb-2025
133657,7260,1,Coforge Ltd.,IT,Information Technology,Domestic Equities,56941.0,45314.0,25.6587368142296,41.9208,37.4468,11.947616351730993,2.341544240182,1100,coforge,Mid Cap,Feb-2025
114411,5677,1,Welspun Corp Ltd.,Iron & Steel,Iron & Steel,Domestic Equities,568193.0,568193.0,0.0,41.8701,42.1599,-0.6873830345897302,2.33871232158843,1100,welspun-corp,Small Cap,Feb-2025
178941,94376,1,Cohance Lifesciences Ltd.,Healthcare,Healthcare,Domestic Equities,320840.0,320840.0,0.0,38.9724,33.8406,15.16462474069608,2.17685728197145,1100,cohance-lifesciences,Small Cap,Feb-2025
152408,5535,1,ITC Ltd.,FMCG,Fast Moving Consumer Goods,Domestic Equities,946755.0,946755.0,0.0,37.3968,42.36729999999999,-11.731925329204358,2.08884996567905,1100,itc,Large Cap,Feb-2025
171656,5311,1,Mahindra & Mahindra Ltd.,Automobile & Ancillaries,Automobile & Ancillaries,Domestic Equities,143816.0,143816.0,0.0,37.1779,42.9988,-13.53735453082412,2.07662300354627,1100,mahindra-mahindra,Large Cap,Feb-2025
19913,93142,1,UTI Asset Management Company Ltd.,Finance,Finance,Domestic Equities,382785.0,382785.0,0.0,36.0162,39.7522,-9.3982219851983,2.01173464397728,1100,uti-asset-management-company,Small Cap,Feb-2025
171708,8443,1,Bajaj Finserv Ltd.,Finance,Finance,Domestic Equities,185120.0,185120.0,0.0,34.66,32.1387,7.845059072084437,1.93598221800891,1100,bajaj-finserv,Large Cap,Feb-2025
171636,86629,1,ICICI Lombard General Insurance Company Ltd.,Insurance,Finance,Domestic Equities,193391.0,193391.0,0.0,32.7015,35.9417,-9.015155098395455,1.82658749285108,1100,icici-lombard-general-insurance-company,Mid Cap,Feb-2025
133662,6324,1,Century Plyboards (India) Ltd.,Construction Materials,Construction Materials,Domestic Equities,434227.0,434227.0,0.0,31.3273,34.9401,-10.339981854659836,1.74982965199742,1100,century-plyboards-india,Small Cap,Feb-2025
114402,5275,1,Hexaware Technologies Ltd.,IT,Information Technology,Domestic Equities,359289.0,,,29.0467,,,1.62244358603115,1100,hexaware-technologies,,Feb-2025
19174,6780,1,Bayer CropScience Ltd.,Chemicals,Chemicals,Domestic Equities,60393.0,60393.0,0.0,28.5605,30.8965,-7.560726943181264,1.59528621285181,1100,bayer-cropscience,Small Cap,Feb-2025
152370,5063,1,Escorts Kubota Ltd.,Automobile & Ancillaries,Automobile & Ancillaries,Domestic Equities,96894.0,96894.0,0.0,27.7984,35.1091,-20.8228066227844,1.55271806373627,1100,escorts-kubota,Mid Cap,Feb-2025
188402,98309,1,Jubilant Ingrevia Ltd.,Chemicals,Chemicals,Domestic Equities,439283.0,407297.0,7.853237318222329,27.0686,28.378400000000003,-4.61548219772785,1.511954075776,1100,jubilant-ingrevia,Small Cap,Feb-2025
352,7184,1,Ipca Laboratories Ltd.,Healthcare,Healthcare,Domestic Equities,191474.0,191474.0,0.0,25.9514,27.6354,-6.0936335280111775,1.44955132522898,1100,ipca-laboratories,Mid Cap,Feb-2025
38020,6672,1,Apollo Hospitals Enterprise Ltd.,Healthcare,Healthcare,Domestic Equities,42850.0,42850.0,0.0,25.9354,29.183000000000003,-11.128396669293773,1.44865762310872,1100,apollo-hospitals-enterprise,Mid Cap,Feb-2025
133664,7760,1,NTPC Ltd.,Power,Power,Domestic Equities,801125.0,801125.0,0.0,24.951,25.9564,-3.873418501795317,1.39367260015985,1100,ntpc,Large Cap,Feb-2025
96304,15914,1,Narayana Hrudayalaya Ltd.,Healthcare,Healthcare,Domestic Equities,168139.0,168139.0,0.0,24.2877,23.323400000000003,4.134474390526245,1.3566230616369,1100,narayana-hrudayalaya,Small Cap,Feb-2025
96716,89715,1,Dodla Dairy Ltd,FMCG,Fast Moving Consumer Goods,Domestic Equities,228596.0,228596.0,0.0,23.6608,25.9411,-8.790298021286691,1.32160669543754,1100,dodla-dairy,Small Cap,Feb-2025
37849,7492,1,Sudarshan Chemical Industries Ltd.,Chemicals,Chemicals,Domestic Equities,261490.0,261490.0,0.0,22.6189,26.1307,-13.439364425752096,1.26340993049399,1100,sudarshan-chemical-industries,Small Cap,Feb-2025
96614,6762,1,PG Electroplast Ltd.,Consumer Durables,Consumer Durables,Domestic Equities,274543.0,274543.0,0.0,21.8207,21.483,1.5719406041986677,1.21882536596962,1100,pg-electroplast,Small Cap,Feb-2025
65893,102659,1,Archean Chemical Industries Ltd.,Chemicals,Chemicals,Domestic Equities,422239.0,327708.0,28.84610690004516,21.2492,19.1906,10.72712682250686,1.18690344336166,1100,archean-chemical-industries,Small Cap,Feb-2025
134131,90516,1,Polycab India Ltd.,Electricals,Electricals,Domestic Equities,44726.0,44726.0,0.0,21.0812,27.0053,-21.93680499753753,1.17751957109895,1100,polycab-india,Large Cap,Feb-2025
192044,99995,1,RateGain Travel Technologies Ltd.,IT,Information Technology,Domestic Equities,394299.0,394299.0,0.0,19.3207,27.5674,-29.91468183434056,1.07918440967931,1100,rategain-travel-technologies,Small Cap,Feb-2025
171948,7104,1,Emami Ltd.,FMCG,Fast Moving Consumer Goods,Domestic Equities,364295.0,364295.0,0.0,19.3058,21.4807,-10.12490281974052,1.07835214957982,1100,emami,Small Cap,Feb-2025
745,109745,1,RR Kabel Ltd.,Electricals,Electricals,Domestic Equities,216324.0,216324.0,0.0,19.2582,26.5213,-27.385912455271804,1.07569338577205,1100,rr-kabel,Small Cap,Feb-2025
56728,7719,1,Shriram Finance Ltd.,Finance,Finance,Domestic Equities,301345.0,301345.0,0.0,18.602,16.3856,13.526511082902068,1.03904042756497,1100,shriram-finance,Large Cap,Feb-2025
1607,90490,1,Prince Pipes and Fittings Ltd.,Plastic Products,Plastic Products,Domestic Equities,616172.0,616172.0,0.0,17.6657,22.835300000000004,-22.638634044658936,0.98674209661512,1100,prince-pipes-and-fittings,Small Cap,Feb-2025
114433,5462,1,Cyient Ltd.,IT,Information Technology,Domestic Equities,138147.0,138147.0,0.0,17.5053,20.0928,-12.877747252747254,0.977782732859533,1100,cyient,Small Cap,Feb-2025
26837,16127,1,Crompton Greaves Consumer Electricals Ltd.,Consumer Durables,Consumer Durables,Domestic Equities,545026.0,545026.0,0.0,17.5035,18.7162,-6.47941355617059,0.977682191371004,1100,crompton-greaves-consumer-electricals,Small Cap,Feb-2025
171619,82976,1,Avenue Supermarts Ltd.,Retailing,Retailing,Domestic Equities,44652.0,44652.0,0.0,15.1993,16.3634,-7.114047202904033,0.848977914777348,1100,avenue-supermarts,Large Cap,Feb-2025
19092,7145,1,IFB Industries Ltd.,Consumer Durables,Consumer Durables,Domestic Equities,136997.0,136997.0,0.0,14.666199999999998,18.9707,-22.690253917883897,0.819200877258001,1100,ifb-industries,Small Cap,Feb-2025
211043,110998,1,JNK India Ltd.,Capital Goods,Capital Goods,Domestic Equities,497240.0,476104.0,4.439366188899904,14.4448,25.7358,-43.87273758732971,0.806834274168931,1100,jnk-india,Small Cap,Feb-2025
152444,7037,1,IIFL Finance Ltd.,Finance,Finance,Domestic Equities,472372.0,472372.0,0.0,14.2609,16.837699999999998,-15.303752887864736,0.796562285424215,1100,iifl-finance,Small Cap,Feb-2025
174597,97684,1,Indigo Paints Ltd.,Chemicals,Chemicals,Domestic Equities,138444.0,138444.0,0.0,14.1192,17.543599999999998,-19.51936888665952,0.788647436021681,1100,indigo-paints,Small Cap,Feb-2025
213604,111699,1,Gopal Snacks Ltd.,FMCG,Fast Moving Consumer Goods,Domestic Equities,498760.0,498760.0,0.0,13.878,16.7558,-17.174948376084696,0.775174876558791,1100,gopal-snacks,Small Cap,Feb-2025
152534,6565,1,R Systems International Ltd.,IT,Information Technology,Domestic Equities,432975.0,432975.0,0.0,13.7405,18.382,-25.25024480470025,0.767494623962824,1100,r-systems-international,Small Cap,Feb-2025
117,8100,1,Vardhman Textiles Ltd.,Textile,Textile,Domestic Equities,333459.0,333459.0,0.0,12.6614,15.2307,-16.86921809240546,0.707220001589673,1100,vardhman-textiles,Small Cap,Feb-2025
113892,8292,1,KEI Industries Ltd.,Electricals,Electricals,Domestic Equities,39358.0,39358.0,0.0,12.0835,15.836099999999998,-23.696490928953462,0.674940598133604,1100,kei-industries,Mid Cap,Feb-2025
19064,6023,1,Westlife Foodworld Ltd,Hospitality,Hospitality,Domestic Equities,157998.0,157998.0,0.0,10.7921,11.4683,-5.896253149987348,0.602807665752279,1100,westlife-foodworld,Small Cap,Feb-2025
134937,5507,1,Kirloskar Oil Engines Ltd.,Capital Goods,Capital Goods,Domestic Equities,181438.0,181438.0,0.0,10.4526,16.392,-36.233528550512446,0.583844423888054,1100,kirloskar-oil-engines,Small Cap,Feb-2025
23086,86979,1,IFGL Refractories Ltd.,Capital Goods,Capital Goods,Domestic Equities,258034.0,258034.0,0.0,8.8609,10.4684,-15.355737266439942,0.494937819837137,1100,ifgl-refractories,Small Cap,Feb-2025
152425,8271,1,Indoco Remedies Ltd.,Healthcare,Healthcare,Domestic Equities,434821.0,434821.0,0.0,8.5429,10.8684,-21.39689374700968,0.477175490197009,1100,indoco-remedies,Small Cap,Feb-2025
58780,8388,1,Alembic Pharmaceuticals Ltd.,Healthcare,Healthcare,Domestic Equities,108938.0,108938.0,0.0,8.1012,10.0239,-19.181157034687097,0.452503726039637,1100,alembic-pharmaceuticals,Small Cap,Feb-2025
152377,4902,1,Siemens Ltd.,Capital Goods,Capital Goods,Domestic Equities,16847.0,16847.0,0.0,7.789199999999999,10.2318,-23.872632381399168,0.435076534694606,1100,siemens,Large Cap,Feb-2025
19255,6350,1,Mphasis Ltd.,IT,Information Technology,Domestic Equities,32637.0,32637.0,0.0,7.3343,9.3601,-21.64293116526533,0.40966746628802,1100,mphasis,Mid Cap,Feb-2025
171741,5431,1,GAIL (India) Ltd.,Inds. Gases & Fuels,Industrials Gases & Fuels,Domestic Equities,411526.0,411526.0,0.0,6.4215,7.2889,-11.90028673736778,0.358681760327301,1100,gail-india,Large Cap,Feb-2025
782,108121,1,Cyient DLM Ltd.,Electricals,Capital Goods,Domestic Equities,147760.0,147760.0,0.0,5.9525,7.212899999999999,-17.47424752873324,0.332485116927238,1100,cyient-dlm,Small Cap,Feb-2025
171646,5397,1,Carborundum Universal Ltd.,Abrasives,Abrasives,Domestic Equities,62314.0,62314.0,0.0,5.182300000000001,7.3948,-29.91967328392925,0.289464531113318,1100,carborundum-universal,Small Cap,Feb-2025
222201,112407,1,NTPC Green Energy Ltd.,Power,Power,Domestic Equities,572700.0,572700.0,0.0,4.998,6.580900000000001,-24.052941087085355,0.279170199815596,1100,ntpc-green-energy,Large Cap,Feb-2025
38106,5893,1,Stylam Industries Ltd.,Construction Materials,Construction Materials,Domestic Equities,20277.0,20277.0,0.0,3.1965,3.965,-19.38209331651955,0.178544926712795,1100,stylam-industries,Small Cap,Feb-2025
152199,8320,1,Kirloskar Ferrous Industries Ltd.,Automobile & Ancillaries,Automobile & Ancillaries,Domestic Equities,50413.0,50413.0,0.0,2.2943,2.869,-20.03136981526664,0.128151298406747,1100,kirloskar-ferrous-industries,Small Cap,Feb-2025
225180,112809,1,ITC Hotels Ltd.,Hospitality,Hospitality,Domestic Equities,94675.0,94675.0,0.0,1.5509,1.5427000000000002,0.5315356193686349,0.0866276636442592,1100,itc-hotels,,Feb-2025
171875,5051,1,HDFC Bank Ltd.,Bank,Banking,Domestic Equities,554894.0,554894.0,0.0,101.4457,96.1298,5.529918922124046,5.17944803889718,1100,hdfc-bank,Large Cap,Mar-2025
171888,8748,1,ICICI Bank Ltd.,Bank,Banking,Domestic Equities,557338.0,557338.0,0.0,75.1487,67.1091,11.979895424018505,3.83681897646399,1100,icici-bank,Large Cap,Mar-2025
19098,6973,1,Schaeffler India Ltd.,Automobile & Ancillaries,Automobile & Ancillaries,Domestic Equities,221139.0,221139.0,0.0,74.6654,67.6962,10.294817138923603,3.81214343834656,1100,schaeffler-india,Mid Cap,Mar-2025
133330,5128,1,Cipla Ltd.,Healthcare,Healthcare,Domestic Equities,476194.0,476194.0,0.0,68.6767,67.0243,2.4653744985027783,3.50638222352382,1100,cipla,Large Cap,Mar-2025
19805,15724,1,Syngene International Ltd.,Business Services,Healthcare,Domestic Equities,891518.0,891518.0,0.0,64.742,58.162600000000005,11.312080271514676,3.30549076929117,1100,syngene-international,Mid Cap,Mar-2025
152222,5634,1,Max Financial Services Ltd.,Finance,Finance,Domestic Equities,529685.0,,,60.7919,,,3.10381304713589,1100,max-financial-services,Mid Cap,Mar-2025
797,86851,1,Nippon Life India Asset Management Ltd.,Finance,Finance,Domestic Equities,936848.0,936848.0,0.0,54.2013,48.0884,12.71179743971519,2.76732101006428,1100,nippon-life-india-asset-management,Mid Cap,Mar-2025
115643,7007,1,Coal India Ltd.,Mining,Mining,Domestic Equities,1355787.0,1355787.0,0.0,53.9874,50.076,7.81092739036663,2.75640005495706,1100,coal-india,Large Cap,Mar-2025
171383,5551,1,Hero MotoCorp Ltd.,Automobile & Ancillaries,Automobile & Ancillaries,Domestic Equities,143618.0,143618.0,0.0,53.4683,52.8672,1.1369998789419464,2.72989669920131,1100,hero-motocorp,Large Cap,Mar-2025
57620,82559,1,ICICI Prudential Life Insurance Company Ltd.,Insurance,Finance,Domestic Equities,934052.0,769758.0,21.34359110265824,52.7132,42.4599,24.14819629815426,2.691344042813,1100,icici-prudential-life-insurance-company,Large Cap,Mar-2025
141614,85778,1,AU Small Finance Bank Ltd.,Bank,Banking,Domestic Equities,984664.0,984664.0,0.0,52.6401,55.7024,-5.497608720629624,2.68761182299843,1100,au-small-finance-bank,Mid Cap,Mar-2025
114411,5677,1,Welspun Corp Ltd.,Iron & Steel,Iron & Steel,Domestic Equities,568193.0,568193.0,0.0,49.421400000000006,41.8701,18.035065595735382,2.52327672153234,1100,welspun-corp,Small Cap,Mar-2025
587,7648,1,APL Apollo Tubes Ltd.,Iron & Steel,Iron & Steel,Domestic Equities,319961.0,319961.0,0.0,48.8021,46.0408,5.997506559399492,2.49165751864361,1100,apl-apollo-tubes,Mid Cap,Mar-2025
133657,7260,1,Coforge Ltd.,IT,Information Technology,Domestic Equities,56941.0,56941.0,0.0,46.1746,41.9208,10.14723001469438,2.35750693638924,1100,coforge,Mid Cap,Mar-2025
97743,96921,1,Gland Pharma Ltd.,Healthcare,Healthcare,Domestic Equities,274606.0,274606.0,0.0,43.7283,42.6408,2.5503742894129564,2.23260776631546,1100,gland-pharma,Small Cap,Mar-2025
19913,93142,1,UTI Asset Management Company Ltd.,Finance,Finance,Domestic Equities,382785.0,382785.0,0.0,40.3934,36.0162,12.153419849956416,2.06233991597859,1100,uti-asset-management-company,Small Cap,Mar-2025
152408,5535,1,ITC Ltd.,FMCG,Fast Moving Consumer Goods,Domestic Equities,946755.0,946755.0,0.0,38.7933,37.3968,3.734276729559751,1.98064463656271,1100,itc,Large Cap,Mar-2025
171656,5311,1,Mahindra & Mahindra Ltd.,Automobile & Ancillaries,Automobile & Ancillaries,Domestic Equities,143816.0,143816.0,0.0,38.3385,37.1779,3.1217470594089485,1.95742420466574,1100,mahindra-mahindra,Large Cap,Mar-2025
171708,8443,1,Bajaj Finserv Ltd.,Finance,Finance,Domestic Equities,185120.0,185120.0,0.0,37.1601,34.66,7.213214079630704,1.89725939167676,1100,bajaj-finserv,Large Cap,Mar-2025
178941,94376,1,Cohance Lifesciences Ltd.,Healthcare,Healthcare,Domestic Equities,320840.0,320840.0,0.0,36.9287,38.9724,-5.24396752573616,1.88544495029383,1100,cohance-lifesciences,Small Cap,Mar-2025
171636,86629,1,ICICI Lombard General Insurance Company Ltd.,Insurance,Finance,Domestic Equities,193391.0,193391.0,0.0,34.6721,32.7015,6.026023271103771,1.77023117144884,1100,icici-lombard-general-insurance-company,Mid Cap,Mar-2025
152370,5063,1,Escorts Kubota Ltd.,Automobile & Ancillaries,Automobile & Ancillaries,Domestic Equities,96894.0,96894.0,0.0,31.491,27.7984,13.283498330839176,1.60781578906658,1100,escorts-kubota,Mid Cap,Mar-2025
65893,102659,1,Archean Chemical Industries Ltd.,Chemicals,Chemicals,Domestic Equities,603794.0,422239.0,42.99815980996545,31.2705,21.2492,47.16083429023211,1.59655786199252,1100,archean-chemical-industries,Small Cap,Mar-2025
133662,6324,1,Century Plyboards (India) Ltd.,Construction Materials,Construction Materials,Domestic Equities,434227.0,434227.0,0.0,30.7845,31.3273,-1.7326740574514945,1.57174447170684,1100,century-plyboards-india,Small Cap,Mar-2025
19174,6780,1,Bayer CropScience Ltd.,Chemicals,Chemicals,Domestic Equities,60393.0,60393.0,0.0,29.6505,28.5605,3.816459795871921,1.51384656104025,1100,bayer-cropscience,Small Cap,Mar-2025
352,7184,1,Ipca Laboratories Ltd.,Healthcare,Healthcare,Domestic Equities,191474.0,191474.0,0.0,28.7575,25.9514,10.812904120779615,1.46825323279928,1100,ipca-laboratories,Mid Cap,Mar-2025
133664,7760,1,NTPC Ltd.,Power,Power,Domestic Equities,801125.0,801125.0,0.0,28.648200000000003,24.951,14.817842972225574,1.46267277280293,1100,ntpc,Large Cap,Mar-2025
188402,98309,1,Jubilant Ingrevia Ltd.,Chemicals,Chemicals,Domestic Equities,439283.0,439283.0,0.0,28.549,27.0686,5.469067480401645,1.45760798202857,1100,jubilant-ingrevia,Small Cap,Mar-2025
38020,6672,1,Apollo Hospitals Enterprise Ltd.,Healthcare,Healthcare,Domestic Equities,42850.0,42850.0,0.0,28.3504,25.9354,9.3115972763096,1.44746818920813,1100,apollo-hospitals-enterprise,Mid Cap,Mar-2025
96716,89715,1,Dodla Dairy Ltd,FMCG,Fast Moving Consumer Goods,Domestic Equities,233338.0,228596.0,2.0744020017848084,26.9949,23.6608,14.091239518528532,1.37826129510887,1100,dodla-dairy,Small Cap,Mar-2025
37849,7492,1,Sudarshan Chemical Industries Ltd.,Chemicals,Chemicals,Domestic Equities,261490.0,261490.0,0.0,25.8927,22.6189,14.473736565438644,1.32198697664616,1100,sudarshan-chemical-industries,Small Cap,Mar-2025
114402,5275,1,Hexaware Technologies Ltd.,IT,Information Technology,Domestic Equities,359289.0,359289.0,0.0,25.1772,29.0467,-13.321650996498752,1.28545615205891,1100,hexaware-technologies,,Mar-2025
96614,6762,1,PG Electroplast Ltd.,Consumer Durables,Consumer Durables,Domestic Equities,274543.0,274543.0,0.0,25.1646,21.8207,15.32443963759182,1.28481284194039,1100,pg-electroplast,Small Cap,Mar-2025
96304,15914,1,Narayana Hrudayalaya Ltd.,Healthcare,Healthcare,Domestic Equities,144908.0,168139.0,-13.816544644609518,24.5192,24.2877,0.9531573594864928,1.25186106809187,1100,narayana-hrudayalaya,Small Cap,Mar-2025
134131,90516,1,Polycab India Ltd.,Electricals,Electricals,Domestic Equities,44726.0,44726.0,0.0,23.0247,21.0812,9.21911466140447,1.17555734014548,1100,polycab-india,Large Cap,Mar-2025
171948,7104,1,Emami Ltd.,FMCG,Fast Moving Consumer Goods,Domestic Equities,364295.0,364295.0,0.0,21.1255,19.3058,9.425664826114446,1.0785911038686,1100,emami,Small Cap,Mar-2025
745,109745,1,RR Kabel Ltd.,Electricals,Electricals,Domestic Equities,216324.0,216324.0,0.0,20.5075,19.2582,6.487106790873503,1.04703827424606,1100,rr-kabel,Small Cap,Mar-2025
26837,16127,1,Crompton Greaves Consumer Electricals Ltd.,Consumer Durables,Consumer Durables,Domestic Equities,545026.0,545026.0,0.0,19.2912,17.5035,10.213385894249722,0.984938425265668,1100,crompton-greaves-consumer-electricals,Small Cap,Mar-2025
211043,110998,1,JNK India Ltd.,Capital Goods,Capital Goods,Domestic Equities,535105.0,497240.0,7.615034993162256,18.354100000000003,14.4448,27.063718431546302,0.937093511609884,1100,jnk-india,Small Cap,Mar-2025
171619,82976,1,Avenue Supermarts Ltd.,Retailing,Retailing,Domestic Equities,44652.0,44652.0,0.0,18.2323,15.1993,19.95486634252893,0.93087484713088,1100,avenue-supermarts,Large Cap,Mar-2025
19092,7145,1,IFB Industries Ltd.,Consumer Durables,Consumer Durables,Domestic Equities,136997.0,136997.0,0.0,18.2158,14.666199999999998,24.202588264172046,0.930032417213774,1100,ifb-industries,Small Cap,Mar-2025
192044,99995,1,RateGain Travel Technologies Ltd.,IT,Information Technology,Domestic Equities,394299.0,394299.0,0.0,17.546300000000002,19.3207,-9.183932259183148,0.895850185122698,1100,rategain-travel-technologies,Small Cap,Mar-2025
114433,5462,1,Cyient Ltd.,IT,Information Technology,Domestic Equities,138147.0,138147.0,0.0,17.4742,17.5053,-0.1776604799689179,0.892169021666736,1100,cyient,Small Cap,Mar-2025
152444,7037,1,IIFL Finance Ltd.,Finance,Finance,Domestic Equities,472372.0,472372.0,0.0,15.4773,14.2609,8.529615942892812,0.790214579153413,1100,iifl-finance,Small Cap,Mar-2025
1607,90490,1,Prince Pipes and Fittings Ltd.,Plastic Products,Plastic Products,Domestic Equities,616172.0,616172.0,0.0,15.1116,17.6657,-14.45796090729492,0.771543268808818,1100,prince-pipes-and-fittings,Small Cap,Mar-2025
152534,6565,1,R Systems International Ltd.,IT,Information Technology,Domestic Equities,432975.0,432975.0,0.0,14.1345,13.7405,2.86743568283542,0.721656100808534,1100,r-systems-international,Small Cap,Mar-2025
56728,7719,1,Shriram Finance Ltd.,Finance,Finance,Domestic Equities,212677.0,301345.0,-29.42408203222221,13.9516,18.602,-24.99946242339533,0.712317892818305,1100,shriram-finance,Large Cap,Mar-2025
213604,111699,1,Gopal Snacks Ltd.,FMCG,Fast Moving Consumer Goods,Domestic Equities,498760.0,498760.0,0.0,13.1972,13.878,-4.905605995100153,0.673800975881027,1100,gopal-snacks,Small Cap,Mar-2025
117,8100,1,Vardhman Textiles Ltd.,Textile,Textile,Domestic Equities,333459.0,333459.0,0.0,13.1766,12.6614,4.069060293490449,0.67274921489361,1100,vardhman-textiles,Small Cap,Mar-2025
134937,5507,1,Kirloskar Oil Engines Ltd.,Capital Goods,Capital Goods,Domestic Equities,181438.0,181438.0,0.0,13.059,10.4526,24.935422765627703,0.666744987120778,1100,kirloskar-oil-engines,Small Cap,Mar-2025
174597,97684,1,Indigo Paints Ltd.,Chemicals,Chemicals,Domestic Equities,138444.0,138444.0,0.0,13.051099999999998,14.1192,-7.564876196951681,0.666341641887739,1100,indigo-paints,Small Cap,Mar-2025
113892,8292,1,KEI Industries Ltd.,Electricals,Electricals,Domestic Equities,39358.0,39358.0,0.0,11.3857,12.0835,-5.774816899077252,0.581312382254464,1100,kei-industries,Mid Cap,Mar-2025
19064,6023,1,Westlife Foodworld Ltd,Hospitality,Hospitality,Domestic Equities,157998.0,157998.0,0.0,11.0567,10.7921,2.4517934414988773,0.564514840270948,1100,westlife-foodworld,Small Cap,Mar-2025
58780,8388,1,Alembic Pharmaceuticals Ltd.,Healthcare,Healthcare,Domestic Equities,108938.0,108938.0,0.0,10.1285,8.1012,25.024687700587567,0.517124328206815,1100,alembic-pharmaceuticals,Small Cap,Mar-2025
152425,8271,1,Indoco Remedies Ltd.,Healthcare,Healthcare,Domestic Equities,434821.0,434821.0,0.0,10.1265,8.5429,18.53703075068185,0.51702221548959,1100,indoco-remedies,Small Cap,Mar-2025
23086,86979,1,IFGL Refractories Ltd.,Capital Goods,Capital Goods,Domestic Equities,258034.0,258034.0,0.0,9.0196,8.8609,1.7910144567707575,0.460507932141402,1100,ifgl-refractories,Small Cap,Mar-2025
152377,4902,1,Siemens Ltd.,Capital Goods,Capital Goods,Domestic Equities,16847.0,16847.0,0.0,8.8874,7.789199999999999,14.099008884095934,0.453758281532828,1100,siemens,Large Cap,Mar-2025
19255,6350,1,Mphasis Ltd.,IT,Information Technology,Domestic Equities,32637.0,32637.0,0.0,8.1599,7.3343,11.256697980720732,0.416614780642227,1100,mphasis,Mid Cap,Mar-2025
171741,5431,1,GAIL (India) Ltd.,Inds. Gases & Fuels,Industrials Gases & Fuels,Domestic Equities,411526.0,411526.0,0.0,7.532599999999999,6.4215,17.30281086973449,0.384587126884599,1100,gail-india,Large Cap,Mar-2025
782,108121,1,Cyient DLM Ltd.,Electricals,Capital Goods,Domestic Equities,147760.0,147760.0,0.0,6.7622,5.9525,13.60268794624108,0.34525330820952,1100,cyient-dlm,Small Cap,Mar-2025
171646,5397,1,Carborundum Universal Ltd.,Abrasives,Abrasives,Domestic Equities,62314.0,62314.0,0.0,6.3196,5.182300000000001,21.94585415742045,0.322655763887623,1100,carborundum-universal,Small Cap,Mar-2025
222201,112407,1,NTPC Green Energy Ltd.,Power,Power,Domestic Equities,572700.0,572700.0,0.0,5.761900000000001,4.998,15.284113645458191,0.294181632689426,1100,ntpc-green-energy,Large Cap,Mar-2025
38106,5893,1,Stylam Industries Ltd.,Construction Materials,Construction Materials,Domestic Equities,20277.0,20277.0,0.0,3.3403,3.1965,4.49867042077272,0.17054355467337,1100,stylam-industries,Small Cap,Mar-2025
152199,8320,1,Kirloskar Ferrous Industries Ltd.,Automobile & Ancillaries,Automobile & Ancillaries,Domestic Equities,50413.0,50413.0,0.0,2.3702,2.2943,3.3081985790873047,0.121013781183373,1100,kirloskar-ferrous-industries,Small Cap,Mar-2025
225180,112809,1,ITC Hotels Ltd.,Hospitality,Hospitality,Domestic Equities,94675.0,94675.0,0.0,1.8699,1.5509,20.56870204397447,0.0954702849695339,1100,itc-hotels,,Mar-2025
171875,5051,1,HDFC Bank Ltd.,Bank,Banking,Domestic Equities,554894.0,554894.0,0.0,106.8171,101.4457,5.294852320009615,5.15849149289406,1100,hdfc-bank,Large Cap,Apr-2025
171888,8748,1,ICICI Bank Ltd.,Bank,Banking,Domestic Equities,557338.0,557338.0,0.0,79.5321,75.1487,5.832968501118451,3.84082381249818,1100,icici-bank,Large Cap,Apr-2025
19098,6973,1,Schaeffler India Ltd.,Automobile & Ancillaries,Automobile & Ancillaries,Domestic Equities,221139.0,221139.0,0.0,76.79939999999999,74.6654,2.858084199642668,3.70885421490911,1100,schaeffler-india,Mid Cap,Apr-2025
133330,5128,1,Cipla Ltd.,Healthcare,Healthcare,Domestic Equities,476194.0,476194.0,0.0,73.81479999999999,68.6767,7.481576721071331,3.56471967362601,1100,cipla,Large Cap,Apr-2025
152222,5634,1,Max Financial Services Ltd.,Finance,Finance,Domestic Equities,529685.0,529685.0,0.0,69.1239,60.7919,13.705773302035318,3.33818321322765,1100,max-financial-services,Mid Cap,Apr-2025
141614,85778,1,AU Small Finance Bank Ltd.,Bank,Banking,Domestic Equities,984664.0,984664.0,0.0,66.8193,52.6401,26.93611904232705,3.22688774186096,1100,au-small-finance-bank,Mid Cap,Apr-2025
797,86851,1,Nippon Life India Asset Management Ltd.,Finance,Finance,Domestic Equities,936848.0,936848.0,0.0,59.8365,54.2013,10.39679860077156,2.88966912801935,1100,nippon-life-india-asset-management,Mid Cap,Apr-2025
57620,82559,1,ICICI Prudential Life Insurance Company Ltd.,Insurance,Finance,Domestic Equities,934052.0,934052.0,0.0,57.383500000000005,52.7132,8.859830175364058,2.77120701257089,1100,icici-prudential-life-insurance-company,Large Cap,Apr-2025
19805,15724,1,Syngene International Ltd.,Business Services,Healthcare,Domestic Equities,891518.0,891518.0,0.0,56.5267,64.742,-12.68928979642272,2.72982978447622,1100,syngene-international,Mid Cap,Apr-2025
171383,5551,1,Hero MotoCorp Ltd.,Automobile & Ancillaries,Automobile & Ancillaries,Domestic Equities,143618.0,143618.0,0.0,54.9684,53.4683,2.805587609854815,2.65457519234278,1100,hero-motocorp,Large Cap,Apr-2025
115643,7007,1,Coal India Ltd.,Mining,Mining,Domestic Equities,1355787.0,1355787.0,0.0,52.2385,53.9874,-3.239459577605134,2.52274081445336,1100,coal-india,Large Cap,Apr-2025
587,7648,1,APL Apollo Tubes Ltd.,Iron & Steel,Iron & Steel,Domestic Equities,319961.0,319961.0,0.0,51.8273,48.8021,6.198913571342207,2.50288283570391,1100,apl-apollo-tubes,Mid Cap,Apr-2025
65893,102659,1,Archean Chemical Industries Ltd.,Chemicals,Chemicals,Domestic Equities,699351.0,603794.0,15.82609300523026,43.8703,31.2705,40.29292783933738,2.11861742493206,1100,archean-chemical-industries,Small Cap,Apr-2025
114411,5677,1,Welspun Corp Ltd.,Iron & Steel,Iron & Steel,Domestic Equities,568193.0,568193.0,0.0,43.6088,49.421400000000006,-11.761301784247314,2.10598887083921,1100,welspun-corp,Small Cap,Apr-2025
171656,5311,1,Mahindra & Mahindra Ltd.,Automobile & Ancillaries,Automobile & Ancillaries,Domestic Equities,143816.0,143816.0,0.0,42.1208,38.3385,9.865539862018595,2.03412925902212,1100,mahindra-mahindra,Large Cap,Apr-2025
133657,7260,1,Coforge Ltd.,IT,Information Technology,Domestic Equities,56941.0,56941.0,0.0,41.5954,46.1746,-9.91714059244693,2.00875624823671,1100,coforge,Mid Cap,Apr-2025
152408,5535,1,ITC Ltd.,FMCG,Fast Moving Consumer Goods,Domestic Equities,946755.0,946755.0,0.0,40.3128,38.7933,3.916913487638337,1.94681596724438,1100,itc,Large Cap,Apr-2025
19913,93142,1,UTI Asset Management Company Ltd.,Finance,Finance,Domestic Equities,382785.0,382785.0,0.0,39.0173,40.3934,-3.406744666207849,1.88425270977863,1100,uti-asset-management-company,Small Cap,Apr-2025
97743,96921,1,Gland Pharma Ltd.,Healthcare,Healthcare,Domestic Equities,274606.0,274606.0,0.0,38.4448,43.7283,-12.082564380504158,1.85660511047401,1100,gland-pharma,Small Cap,Apr-2025
178941,94376,1,Cohance Lifesciences Ltd.,Healthcare,Healthcare,Domestic Equities,320840.0,320840.0,0.0,36.4827,36.9287,-1.2077327390349488,1.76184990594021,1100,cohance-lifesciences,Small Cap,Apr-2025
171636,86629,1,ICICI Lombard General Insurance Company Ltd.,Insurance,Finance,Domestic Equities,193391.0,193391.0,0.0,36.2898,34.6721,4.66571104721087,1.75253423448892,1100,icici-lombard-general-insurance-company,Mid Cap,Apr-2025
171708,8443,1,Bajaj Finserv Ltd.,Finance,Finance,Domestic Equities,185120.0,185120.0,0.0,36.128,37.1601,-2.777441395475256,1.74472046755881,1100,bajaj-finserv,Large Cap,Apr-2025
152370,5063,1,Escorts Kubota Ltd.,Automobile & Ancillaries,Automobile & Ancillaries,Domestic Equities,96894.0,96894.0,0.0,31.577800000000003,31.491,0.2756343082150548,1.52497879706817,1100,escorts-kubota,Mid Cap,Apr-2025
133662,6324,1,Century Plyboards (India) Ltd.,Construction Materials,Construction Materials,Domestic Equities,434227.0,434227.0,0.0,30.3112,30.7845,-1.5374620344653942,1.46381120007387,1100,century-plyboards-india,Small Cap,Apr-2025
38020,6672,1,Apollo Hospitals Enterprise Ltd.,Healthcare,Healthcare,Domestic Equities,42850.0,42850.0,0.0,29.8964,28.3504,5.45318584570235,1.44377936742486,1100,apollo-hospitals-enterprise,Mid Cap,Apr-2025
133664,7760,1,NTPC Ltd.,Power,Power,Domestic Equities,801125.0,801125.0,0.0,28.4039,28.648200000000003,-0.8527586375409376,1.37170243823333,1100,ntpc,Large Cap,Apr-2025
19174,6780,1,Bayer CropScience Ltd.,Chemicals,Chemicals,Domestic Equities,60393.0,60393.0,0.0,28.3267,29.6505,-4.464680190890545,1.36797423794282,1100,bayer-cropscience,Small Cap,Apr-2025
188402,98309,1,Jubilant Ingrevia Ltd.,Chemicals,Chemicals,Domestic Equities,439283.0,439283.0,0.0,28.2217,28.549,-1.1464499632211291,1.36290349920573,1100,jubilant-ingrevia,Small Cap,Apr-2025
352,7184,1,Ipca Laboratories Ltd.,Healthcare,Healthcare,Domestic Equities,191474.0,191474.0,0.0,26.8293,28.7575,-6.705033469529694,1.2956606742769,1100,ipca-laboratories,Mid Cap,Apr-2025
37849,7492,1,Sudarshan Chemical Industries Ltd.,Chemicals,Chemicals,Domestic Equities,261490.0,261490.0,0.0,26.791,25.8927,3.46931760689306,1.2938110619566,1100,sudarshan-chemical-industries,Small Cap,Apr-2025
114402,5275,1,Hexaware Technologies Ltd.,IT,Information Technology,Domestic Equities,359289.0,359289.0,0.0,25.1323,25.1772,-0.1783359547527041,1.21370787773551,1100,hexaware-technologies,,Apr-2025
134131,90516,1,Polycab India Ltd.,Electricals,Electricals,Domestic Equities,44174.0,44726.0,-1.2341814604480617,24.384,23.0247,5.903659982540503,1.17757041300249,1100,polycab-india,Large Cap,Apr-2025
96716,89715,1,Dodla Dairy Ltd,FMCG,Fast Moving Consumer Goods,Domestic Equities,233338.0,233338.0,0.0,24.2438,26.9949,-10.19118426073072,1.17079976946973,1100,dodla-dairy,Small Cap,Apr-2025
171948,7104,1,Emami Ltd.,FMCG,Fast Moving Consumer Goods,Domestic Equities,364295.0,364295.0,0.0,22.7575,21.1255,7.725260940569445,1.09902225532744,1100,emami,Small Cap,Apr-2025
745,109745,1,RR Kabel Ltd.,Electricals,Electricals,Domestic Equities,216324.0,216324.0,0.0,22.5994,20.5075,10.20065829574546,1.09138717157187,1100,rr-kabel,Small Cap,Apr-2025
1607,90490,1,Prince Pipes and Fittings Ltd.,Plastic Products,Plastic Products,Domestic Equities,821189.0,616172.0,33.27269009302597,20.6291,15.1116,36.51168638661689,0.996235966489081,1100,prince-pipes-and-fittings,Small Cap,Apr-2025
211043,110998,1,JNK India Ltd.,Capital Goods,Capital Goods,Domestic Equities,572063.0,535105.0,6.906681866175797,20.1652,18.354100000000003,9.867550029693632,0.973832959821108,1100,jnk-india,Small Cap,Apr-2025
171619,82976,1,Avenue Supermarts Ltd.,Retailing,Retailing,Domestic Equities,44652.0,44652.0,0.0,18.7534,18.2323,2.858114445242778,0.90565325554466,1100,avenue-supermarts,Large Cap,Apr-2025
26837,16127,1,Crompton Greaves Consumer Electricals Ltd.,Consumer Durables,Consumer Durables,Domestic Equities,545026.0,545026.0,0.0,18.3837,19.2912,-4.7042174670316,0.887799425915107,1100,crompton-greaves-consumer-electricals,Small Cap,Apr-2025
19092,7145,1,IFB Industries Ltd.,Consumer Durables,Consumer Durables,Domestic Equities,136997.0,136997.0,0.0,17.7055,18.2158,-2.8014141569406763,0.855047282948477,1100,ifb-industries,Small Cap,Apr-2025
192044,99995,1,RateGain Travel Technologies Ltd.,IT,Information Technology,Domestic Equities,394299.0,394299.0,0.0,17.1047,17.546300000000002,-2.5167699173045075,0.826032998822333,1100,rategain-travel-technologies,Small Cap,Apr-2025
152444,7037,1,IIFL Finance Ltd.,Finance,Finance,Domestic Equities,472372.0,472372.0,0.0,16.9676,15.4773,9.6289404482694,0.819412062814187,1100,iifl-finance,Small Cap,Apr-2025
114433,5462,1,Cyient Ltd.,IT,Information Technology,Domestic Equities,138147.0,138147.0,0.0,16.4077,17.4742,-6.103283698252286,0.792372952158015,1100,cyient,Small Cap,Apr-2025
117,8100,1,Vardhman Textiles Ltd.,Textile,Textile,Domestic Equities,333459.0,333459.0,0.0,15.1457,13.1766,14.943915729399071,0.731427501813151,1100,vardhman-textiles,Small Cap,Apr-2025
134937,5507,1,Kirloskar Oil Engines Ltd.,Capital Goods,Capital Goods,Domestic Equities,195949.0,181438.0,7.997773344062435,14.6276,13.059,12.011639482349327,0.706407028101841,1100,kirloskar-oil-engines,Small Cap,Apr-2025
96304,15914,1,Narayana Hrudayalaya Ltd.,Healthcare,Healthcare,Domestic Equities,82299.0,144908.0,-43.20603417340658,14.4887,24.5192,-40.90875721883259,0.699699165143916,1100,narayana-hrudayalaya,Small Cap,Apr-2025
213604,111699,1,Gopal Snacks Ltd.,FMCG,Fast Moving Consumer Goods,Domestic Equities,498760.0,498760.0,0.0,13.7782,13.1972,4.402449004334246,0.665387166356257,1100,gopal-snacks,Small Cap,Apr-2025
152534,6565,1,R Systems International Ltd.,IT,Information Technology,Domestic Equities,432975.0,432975.0,0.0,13.5803,14.1345,-3.920902755668759,0.655830031155585,1100,r-systems-international,Small Cap,Apr-2025
174597,97684,1,Indigo Paints Ltd.,Chemicals,Chemicals,Domestic Equities,138444.0,138444.0,0.0,13.4948,13.051099999999998,3.399713434116674,0.651701001041095,1100,indigo-paints,Small Cap,Apr-2025
96614,6762,1,PG Electroplast Ltd.,Consumer Durables,Consumer Durables,Domestic Equities,146253.0,274543.0,-46.72856346728928,12.3481,25.1646,-50.93067245257227,0.596323704757058,1100,pg-electroplast,Small Cap,Apr-2025
113892,8292,1,KEI Industries Ltd.,Electricals,Electricals,Domestic Equities,39358.0,39358.0,0.0,12.0577,11.3857,5.902140404191226,0.582299490192757,1100,kei-industries,Mid Cap,Apr-2025
23086,86979,1,IFGL Refractories Ltd.,Capital Goods,Capital Goods,Domestic Equities,314900.0,258034.0,22.03818101490501,10.9491,9.0196,21.39230121069671,0.528762147679036,1100,ifgl-refractories,Small Cap,Apr-2025
19064,6023,1,Westlife Foodworld Ltd,Hospitality,Hospitality,Domestic Equities,157998.0,157998.0,0.0,10.5969,11.0567,-4.158564490309045,0.511753441172332,1100,westlife-foodworld,Small Cap,Apr-2025
152425,8271,1,Indoco Remedies Ltd.,Healthcare,Healthcare,Domestic Equities,434821.0,434821.0,0.0,10.1126,10.1265,-0.1372636152668727,0.488365262406866,1100,indoco-remedies,Small Cap,Apr-2025
58780,8388,1,Alembic Pharmaceuticals Ltd.,Healthcare,Healthcare,Domestic Equities,108938.0,108938.0,0.0,9.5381,10.1285,-5.829096114923244,0.460621077602489,1100,alembic-pharmaceuticals,Small Cap,Apr-2025
19255,6350,1,Mphasis Ltd.,IT,Information Technology,Domestic Equities,32637.0,32637.0,0.0,8.0581,8.1599,-1.24756430838614,0.389147807784424,1100,mphasis,Mid Cap,Apr-2025
171741,5431,1,GAIL (India) Ltd.,Inds. Gases & Fuels,Industrials Gases & Fuels,Domestic Equities,411526.0,411526.0,0.0,7.781499999999999,7.532599999999999,3.3043039587924468,0.375790033168426,1100,gail-india,Large Cap,Apr-2025
782,108121,1,Cyient DLM Ltd.,Electricals,Capital Goods,Domestic Equities,147760.0,147760.0,0.0,6.6086,6.7622,-2.2714501197835046,0.31914746683761,1100,cyient-dlm,Small Cap,Apr-2025
171646,5397,1,Carborundum Universal Ltd.,Abrasives,Abrasives,Domestic Equities,62314.0,62314.0,0.0,6.3697,6.3196,0.7927716944110371,0.307610328891978,1100,carborundum-universal,Small Cap,Apr-2025
152377,4902,1,Siemens Ltd.,Capital Goods,Capital Goods,Domestic Equities,16847.0,16847.0,0.0,4.8882,8.8874,-44.99853725499021,0.236064619949097,1100,siemens,Large Cap,Apr-2025
227975,113151,1,Siemens Energy India Ltd.,Others,,Domestic Equities,16847.0,,,4.1749,,,0.201617401461783,1100,siemens-energy-india,,Apr-2025
38106,5893,1,Stylam Industries Ltd.,Construction Materials,Construction Materials,Domestic Equities,20277.0,20277.0,0.0,3.1977,3.3403,-4.269077627757984,0.154425726281909,1100,stylam-industries,Small Cap,Apr-2025
152199,8320,1,Kirloskar Ferrous Industries Ltd.,Automobile & Ancillaries,Automobile & Ancillaries,Domestic Equities,50413.0,50413.0,0.0,2.3137,2.3702,-2.3837650831153514,0.111734935390579,1100,kirloskar-ferrous-industries,Small Cap,Apr-2025
225180,112809,1,ITC Hotels Ltd.,Hospitality,Hospitality,Domestic Equities,94675.0,94675.0,0.0,1.8408,1.8699,-1.556232953633882,0.0888972939737119,1100,itc-hotels,,Apr-2025
171875,5051,1,HDFC Bank Ltd.,Bank,Banking,Domestic Equities,554894.0,554894.0,0.0,107.9213,106.8171,1.0337296181978362,4.76912700926663,1100,hdfc-bank,Large Cap,May-2025
19098,6973,1,Schaeffler India Ltd.,Automobile & Ancillaries,Automobile & Ancillaries,Domestic Equities,221139.0,221139.0,0.0,92.6285,76.79939999999999,20.61096831485664,4.09332616617715,1100,schaeffler-india,Mid Cap,May-2025
171888,8748,1,ICICI Bank Ltd.,Bank,Banking,Domestic Equities,557338.0,557338.0,0.0,80.5799,79.5321,1.3174554676665111,3.56088906910873,1100,icici-bank,Large Cap,May-2025
152222,5634,1,Max Financial Services Ltd.,Finance,Finance,Domestic Equities,529685.0,529685.0,0.0,79.5958,69.1239,15.149463499599989,3.51740091718859,1100,max-financial-services,Mid Cap,May-2025
133330,5128,1,Cipla Ltd.,Healthcare,Healthcare,Domestic Equities,476194.0,476194.0,0.0,69.7958,73.81479999999999,-5.44470756542048,3.0843312201889,1100,cipla,Large Cap,May-2025
797,86851,1,Nippon Life India Asset Management Ltd.,Finance,Finance,Domestic Equities,936848.0,936848.0,0.0,69.4158,59.8365,16.009124865257835,3.06753872173381,1100,nippon-life-india-asset-management,Mid Cap,May-2025
141614,85778,1,AU Small Finance Bank Ltd.,Bank,Banking,Domestic Equities,984664.0,984664.0,0.0,68.2421,66.8193,2.129324910617138,3.01567199690028,1100,au-small-finance-bank,Mid Cap,May-2025
171383,5551,1,Hero MotoCorp Ltd.,Automobile & Ancillaries,Automobile & Ancillaries,Domestic Equities,143618.0,143618.0,0.0,61.889300000000006,54.9684,12.5906884682836,2.7349367753595,1100,hero-motocorp,Large Cap,May-2025
57620,82559,1,ICICI Prudential Life Insurance Company Ltd.,Insurance,Finance,Domestic Equities,934052.0,934052.0,0.0,61.8716,57.383500000000005,7.821237812263098,2.73415459845778,1100,icici-prudential-life-insurance-company,Large Cap,May-2025
587,7648,1,APL Apollo Tubes Ltd.,Iron & Steel,Iron & Steel,Domestic Equities,319961.0,319961.0,0.0,57.9673,51.8273,11.847038143989751,2.56162051498881,1100,apl-apollo-tubes,Mid Cap,May-2025
19805,15724,1,Syngene International Ltd.,Business Services,Healthcare,Domestic Equities,891518.0,891518.0,0.0,57.6411,56.5267,1.971457735901788,2.54720548078868,1100,syngene-international,Mid Cap,May-2025
115643,7007,1,Coal India Ltd.,Mining,Mining,Domestic Equities,1355787.0,1355787.0,0.0,53.8654,52.2385,3.114369669879487,2.38035433232319,1100,coal-india,Large Cap,May-2025
114411,5677,1,Welspun Corp Ltd.,Iron & Steel,Iron & Steel,Domestic Equities,568193.0,568193.0,0.0,53.15729999999999,43.6088,21.895810019995952,2.34906283717569,1100,welspun-corp,Small Cap,May-2025
133657,7260,1,Coforge Ltd.,IT,Information Technology,Domestic Equities,56941.0,56941.0,0.0,48.6874,41.5954,17.049962255441702,2.15153444547988,1100,coforge,Mid Cap,May-2025
152408,5535,1,ITC Ltd.,FMCG,Fast Moving Consumer Goods,Domestic Equities,1146755.0,946755.0,21.124789412255545,47.9401,40.3128,18.920293306344384,2.11851067154439,1100,itc,Large Cap,May-2025
65893,102659,1,Archean Chemical Industries Ltd.,Chemicals,Chemicals,Domestic Equities,745208.0,699351.0,6.557079349282406,46.65,43.8703,6.336177322698962,2.06150013928936,1100,archean-chemical-industries,Small Cap,May-2025
19913,93142,1,UTI Asset Management Company Ltd.,Finance,Finance,Domestic Equities,382785.0,382785.0,0.0,45.5591,39.0173,16.766408746889198,2.01329241148762,1100,uti-asset-management-company,Small Cap,May-2025
97743,96921,1,Gland Pharma Ltd.,Healthcare,Healthcare,Domestic Equities,274606.0,274606.0,0.0,43.623900000000006,38.4448,13.471522806725494,1.92777440356581,1100,gland-pharma,Small Cap,May-2025
171656,5311,1,Mahindra & Mahindra Ltd.,Automobile & Ancillaries,Automobile & Ancillaries,Domestic Equities,143816.0,143816.0,0.0,42.8111,42.1208,1.6388577614860056,1.89185613318608,1100,mahindra-mahindra,Large Cap,May-2025
171708,8443,1,Bajaj Finserv Ltd.,Finance,Finance,Domestic Equities,185120.0,185120.0,0.0,37.3461,36.128,3.3716231178033644,1.65035349093064,1100,bajaj-finserv,Large Cap,May-2025
171636,86629,1,ICICI Lombard General Insurance Company Ltd.,Insurance,Finance,Domestic Equities,193391.0,193391.0,0.0,36.2685,36.2898,-0.0586941785295071,1.60273350057483,1100,icici-lombard-general-insurance-company,Mid Cap,May-2025
19174,6780,1,Bayer CropScience Ltd.,Chemicals,Chemicals,Domestic Equities,60393.0,60393.0,0.0,34.293,28.3267,21.06246050545952,1.51543460400107,1100,bayer-cropscience,Small Cap,May-2025
133662,6324,1,Century Plyboards (India) Ltd.,Construction Materials,Construction Materials,Domestic Equities,434227.0,434227.0,0.0,33.7785,30.3112,11.439006043970547,1.49269844490859,1100,century-plyboards-india,Small Cap,May-2025
178941,94376,1,Cohance Lifesciences Ltd.,Healthcare,Healthcare,Domestic Equities,320840.0,320840.0,0.0,33.6144,36.4827,-7.862082576125121,1.48544673702311,1100,cohance-lifesciences,Small Cap,May-2025
96614,6762,1,PG Electroplast Ltd.,Consumer Durables,Consumer Durables,Domestic Equities,434167.0,146253.0,196.86023534559976,33.4938,12.3481,171.24658854398655,1.48011732830289,1100,pg-electroplast,Small Cap,May-2025
114433,5462,1,Cyient Ltd.,IT,Information Technology,Domestic Equities,246864.0,138147.0,78.69660578948512,33.247600000000006,16.4077,102.63412909792356,1.46923755693541,1100,cyient,Small Cap,May-2025
152370,5063,1,Escorts Kubota Ltd.,Automobile & Ancillaries,Automobile & Ancillaries,Domestic Equities,96894.0,96894.0,0.0,32.185300000000005,31.577800000000003,1.923819898789656,1.42229368559635,1100,escorts-kubota,Mid Cap,May-2025
1607,90490,1,Prince Pipes and Fittings Ltd.,Plastic Products,Plastic Products,Domestic Equities,928922.0,821189.0,13.119147967154944,31.105,20.6291,50.78214754885091,1.37455438011994,1100,prince-pipes-and-fittings,Small Cap,May-2025
37849,7492,1,Sudarshan Chemical Industries Ltd.,Chemicals,Chemicals,Domestic Equities,261490.0,261490.0,0.0,30.8637,26.791,15.201746855287224,1.36389114360096,1100,sudarshan-chemical-industries,Small Cap,May-2025
188402,98309,1,Jubilant Ingrevia Ltd.,Chemicals,Chemicals,Domestic Equities,439283.0,439283.0,0.0,30.8552,28.2217,9.331471881566308,1.36351552192499,1100,jubilant-ingrevia,Small Cap,May-2025
745,109745,1,RR Kabel Ltd.,Electricals,Electricals,Domestic Equities,216324.0,216324.0,0.0,30.8413,22.5994,36.46955228899883,1.36290127000782,1100,rr-kabel,Small Cap,May-2025
114402,5275,1,Hexaware Technologies Ltd.,IT,Information Technology,Domestic Equities,359289.0,359289.0,0.0,30.809,25.1323,22.587268176808333,1.36147390763914,1100,hexaware-technologies,,May-2025
38020,6672,1,Apollo Hospitals Enterprise Ltd.,Healthcare,Healthcare,Domestic Equities,42850.0,42850.0,0.0,29.4829,29.8964,-1.3831096720675369,1.30287250710941,1100,apollo-hospitals-enterprise,Mid Cap,May-2025
96716,89715,1,Dodla Dairy Ltd,FMCG,Fast Moving Consumer Goods,Domestic Equities,233338.0,233338.0,0.0,28.6982,24.2438,18.373357311972548,1.26819599779965,1100,dodla-dairy,Small Cap,May-2025
352,7184,1,Ipca Laboratories Ltd.,Healthcare,Healthcare,Domestic Equities,191474.0,191474.0,0.0,27.2812,26.8293,1.6843525548560736,1.20557765487633,1100,ipca-laboratories,Mid Cap,May-2025
133664,7760,1,NTPC Ltd.,Power,Power,Domestic Equities,801125.0,801125.0,0.0,26.7496,28.4039,-5.824200197860147,1.18208583335337,1100,ntpc,Large Cap,May-2025
134131,90516,1,Polycab India Ltd.,Electricals,Electricals,Domestic Equities,44174.0,44174.0,0.0,26.4646,24.384,8.532644356955378,1.16949145951205,1100,polycab-india,Large Cap,May-2025
134937,5507,1,Kirloskar Oil Engines Ltd.,Capital Goods,Capital Goods,Domestic Equities,291997.0,195949.0,49.01683601345248,26.4155,14.6276,80.58669911673823,1.16732169194851,1100,kirloskar-oil-engines,Small Cap,May-2025
171948,7104,1,Emami Ltd.,FMCG,Fast Moving Consumer Goods,Domestic Equities,364295.0,364295.0,0.0,21.2821,22.7575,-6.483137427221794,0.940472714134405,1100,emami,Small Cap,May-2025
152444,7037,1,IIFL Finance Ltd.,Finance,Finance,Domestic Equities,472372.0,472372.0,0.0,20.5883,16.9676,21.33890473608524,0.909813147218243,1100,iifl-finance,Small Cap,May-2025
211043,110998,1,JNK India Ltd.,Capital Goods,Capital Goods,Domestic Equities,572063.0,572063.0,0.0,20.2825,20.1652,0.5816951976672693,0.896299605040436,1100,jnk-india,Small Cap,May-2025
26837,16127,1,Crompton Greaves Consumer Electricals Ltd.,Consumer Durables,Consumer Durables,Domestic Equities,545026.0,545026.0,0.0,19.234,18.3837,4.625293058524683,0.84996556654001,1100,crompton-greaves-consumer-electricals,Small Cap,May-2025
19092,7145,1,IFB Industries Ltd.,Consumer Durables,Consumer Durables,Domestic Equities,136997.0,136997.0,0.0,19.1371,17.7055,8.085623111462544,0.845683479433962,1100,ifb-industries,Small Cap,May-2025
23086,86979,1,IFGL Refractories Ltd.,Capital Goods,Capital Goods,Domestic Equities,348419.0,314900.0,10.64433153382026,18.2101,10.9491,66.31595290937153,0.804718621360624,1100,ifgl-refractories,Small Cap,May-2025
171619,82976,1,Avenue Supermarts Ltd.,Retailing,Retailing,Domestic Equities,44652.0,44652.0,0.0,17.8702,18.7534,-4.709546002324909,0.7896981734004,1100,avenue-supermarts,Large Cap,May-2025
192044,99995,1,RateGain Travel Technologies Ltd.,IT,Information Technology,Domestic Equities,394299.0,394299.0,0.0,17.499000000000002,17.1047,2.305214356288041,0.773294553856901,1100,rategain-travel-technologies,Small Cap,May-2025
213604,111699,1,Gopal Snacks Ltd.,FMCG,Fast Moving Consumer Goods,Domestic Equities,498760.0,498760.0,0.0,17.0726,13.7782,23.91023500892715,0.754451602958874,1100,gopal-snacks,Small Cap,May-2025
117,8100,1,Vardhman Textiles Ltd.,Textile,Textile,Domestic Equities,333459.0,333459.0,0.0,16.3978,15.1457,8.267032887222118,0.724631660965466,1100,vardhman-textiles,Small Cap,May-2025
152534,6565,1,R Systems International Ltd.,IT,Information Technology,Domestic Equities,432975.0,432975.0,0.0,15.8664,13.5803,16.833943285494442,0.701148677599585,1100,r-systems-international,Small Cap,May-2025
174597,97684,1,Indigo Paints Ltd.,Chemicals,Chemicals,Domestic Equities,138444.0,138444.0,0.0,14.9443,13.4948,10.741174378279045,0.660400354374746,1100,indigo-paints,Small Cap,May-2025
113892,8292,1,KEI Industries Ltd.,Electricals,Electricals,Domestic Equities,39358.0,39358.0,0.0,14.209,12.0577,17.84171110576645,0.627906869864147,1100,kei-industries,Mid Cap,May-2025
58780,8388,1,Alembic Pharmaceuticals Ltd.,Healthcare,Healthcare,Domestic Equities,127660.0,108938.0,17.18592226771191,12.9964,9.5381,36.25774525324752,0.574321123478246,1100,alembic-pharmaceuticals,Small Cap,May-2025
152425,8271,1,Indoco Remedies Ltd.,Healthcare,Healthcare,Domestic Equities,456053.0,434821.0,4.882928837383659,11.4323,10.1126,13.050056365326428,0.505202316021387,1100,indoco-remedies,Small Cap,May-2025
19064,6023,1,Westlife Foodworld Ltd,Hospitality,Hospitality,Domestic Equities,157998.0,157998.0,0.0,10.574000000000002,10.5969,-0.2161009351791527,0.467273364905587,1100,westlife-foodworld,Small Cap,May-2025
19255,6350,1,Mphasis Ltd.,IT,Information Technology,Domestic Equities,32637.0,32637.0,0.0,8.3512,8.0581,3.637333862821268,0.369046087100392,1100,mphasis,Mid Cap,May-2025
171741,5431,1,GAIL (India) Ltd.,Inds. Gases & Fuels,Industrials Gases & Fuels,Domestic Equities,411526.0,411526.0,0.0,7.8108,7.781499999999999,0.3765340872582489,0.345165386665837,1100,gail-india,Large Cap,May-2025
782,108121,1,Cyient DLM Ltd.,Electricals,Electricals,Domestic Equities,147760.0,147760.0,0.0,7.1501,6.6086,8.19386859546651,0.315968534746684,1100,cyient-dlm,Small Cap,May-2025
171646,5397,1,Carborundum Universal Ltd.,Abrasives,Abrasives,Domestic Equities,62314.0,62314.0,0.0,6.1803,6.3697,-2.97345243889038,0.273112311057878,1100,carborundum-universal,Small Cap,May-2025
96304,15914,1,Narayana Hrudayalaya Ltd.,Healthcare,Healthcare,Domestic Equities,34765.0,82299.0,-57.757688428778,6.0627,14.4887,-58.1556661398193,0.267915474693882,1100,narayana-hrudayalaya,Small Cap,May-2025
152377,4902,1,Siemens Ltd.,Capital Goods,Capital Goods,Domestic Equities,16847.0,16847.0,0.0,5.5016,4.8882,12.548586391718828,0.243120025001379,1100,siemens,Large Cap,May-2025
227975,113151,1,Siemens Energy India Ltd.,Others,Other,Domestic Equities,16847.0,16847.0,0.0,4.1749,4.1749,0.0,0.18449211000041,1100,siemens-energy-india,,May-2025
38106,5893,1,Stylam Industries Ltd.,Construction Materials,Construction Materials,Domestic Equities,20277.0,20277.0,0.0,3.3226,3.1977,3.905932388904528,0.146828303597059,1100,stylam-industries,Small Cap,May-2025
152199,8320,1,Kirloskar Ferrous Industries Ltd.,Automobile & Ancillaries,Automobile & Ancillaries,Domestic Equities,50413.0,50413.0,0.0,2.9134,2.3137,25.91952284220079,0.128745434208052,1100,kirloskar-ferrous-industries,Small Cap,May-2025
225180,112809,1,ITC Hotels Ltd.,Hospitality,Hospitality,Domestic Equities,94675.0,94675.0,0.0,2.0494,1.8408,11.332029552368526,0.0905645956154256,1100,itc-hotels,,May-2025
