CompanyID,SecurityID,MfSchemeAssetAllocationID,Name,SectorName,EquitySectorName,Type,NoOfShare,PrevNoOfShare,SharesZG,MarketValue,PrevMarketValue,MarketValueZG,HoldingPercentage,Priority,SecuritySlug,McapCategory,Month
77009,96064,1,Max Healthcare Institute Ltd.,Healthcare,Healthcare,Domestic Equities,1859.0,1931.0,-3.728638011393061,0.1973,0.21780000000000002,-9.412304866850324,2.42207736407272,1100,max-healthcare-institute,Mid Cap,Jan-2025
76200,82667,1,BSE Ltd.,Finance,Finance,Domestic Equities,351.0,342.0,2.631578947368421,0.1862,0.1821,2.2515101592531583,2.2858124946292,1100,bse,Mid Cap,Jan-2025
152406,5107,1,The Indian Hotels Company Ltd.,Hospitality,Hospitality,Domestic Equities,2267.0,2251.0,0.7107952021323856,0.1734,0.1975,-12.202531645569621,2.1286782307664,1100,the-indian-hotels-company,Mid Cap,Jan-2025
95548,5980,1,Persistent Systems Ltd.,IT,Information Technology,Domestic Equities,275.0,274.0,0.36496350364963503,0.1659,0.1769,-6.218202374222733,2.03660737303429,1100,persistent-systems,Mid Cap,Jan-2025
152473,5056,1,Suzlon Energy Ltd.,Capital Goods,Capital Goods,Domestic Equities,28463.0,29620.0,-3.9061444969615127,0.1656,0.1843,-10.146500271296805,2.032924538725,1100,suzlon-energy,Mid Cap,Jan-2025
157113,99763,1,PB Fintech Ltd.,IT,Information Technology,Domestic Equities,858.0,834.0,2.877697841726619,0.1482,0.1759,-15.74758385446276,1.81932014878651,1100,pb-fintech,Mid Cap,Jan-2025
133657,7260,1,Coforge Ltd.,IT,Information Technology,Domestic Equities,176.0,171.0,2.923976608187134,0.1454,0.16519999999999999,-11.985472154963684,1.78494702856652,1100,coforge,Mid Cap,Jan-2025
57445,86554,1,Dixon Technologies (India) Ltd.,Consumer Durables,Consumer Durables,Domestic Equities,96.0,97.0,-1.0309278350515463,0.1439,0.174,-17.298850574712635,1.7665328570201,1100,dixon-technologies-india,Mid Cap,Jan-2025
152211,6247,1,Lupin Ltd.,Healthcare,Healthcare,Domestic Equities,611.0,598.0,2.1739130434782608,0.12710000000000002,0.1409,-9.794180269694811,1.56029413570017,1100,lupin,Mid Cap,Jan-2025
171685,5596,1,The Federal Bank Ltd.,Bank,Banking,Domestic Equities,6171.0,6237.0,-1.0582010582010581,0.1155,0.12480000000000001,-7.451923076923074,1.4178912090745,1100,the-federal-bank,Mid Cap,Jan-2025
38803,5403,1,Indus Towers Ltd.,Telecom,Telecom,Domestic Equities,3148.0,3129.0,0.6072227548737615,0.1093,0.1069,2.245088868101031,1.34177930001596,1100,indus-towers,Large Cap,Jan-2025
133334,5159,1,CG Power and Industrial Solutions Ltd.,Capital Goods,Capital Goods,Domestic Equities,1627.0,1636.0,-0.5501222493887531,0.1033,0.1191,-13.266162888329136,1.26812261383027,1100,cg-power-and-industrial-solutions,Large Cap,Jan-2025
171877,6125,1,Cummins India Ltd.,Automobile & Ancillaries,Automobile & Ancillaries,Domestic Equities,342.0,335.0,2.0895522388059704,0.09970000000000001,0.1097,-9.115770282588878,1.22392860211886,1100,cummins-india,Large Cap,Jan-2025
114530,88033,1,HDFC Asset Management Company Ltd.,Finance,Finance,Domestic Equities,256.0,260.0,-1.5384615384615385,0.09910000000000001,0.1092,-9.249084249084246,1.21656293350029,1100,hdfc-asset-management-company,Mid Cap,Jan-2025
165,7447,1,SRF Ltd.,Chemicals,Chemicals,Domestic Equities,349.0,369.0,-5.420054200542006,0.0981,0.08259999999999999,18.765133171912844,1.20428681913601,1100,srf,Mid Cap,Jan-2025
7737,15826,1,IDFC First Bank Ltd.,Bank,Banking,Domestic Equities,15196.0,15843.0,-4.083822508363315,0.09609999999999999,0.1,-3.9000000000000057,1.17973459040744,1100,idfc-first-bank,Mid Cap,Jan-2025
171820,5969,1,Colgate-Palmolive (India) Ltd.,FMCG,Fast Moving Consumer Goods,Domestic Equities,329.0,345.0,-4.63768115942029,0.0928,0.0925,0.3243243243243174,1.13922341300532,1100,colgate-palmolive-india,Mid Cap,Jan-2025
152455,7030,1,Yes Bank Ltd.,Bank,Banking,Domestic Equities,46972.0,47497.0,-1.1053329683980042,0.09029999999999999,0.09300000000000001,-2.903225806451627,1.10853312709461,1100,yes-bank,Mid Cap,Jan-2025
171327,5699,1,Marico Ltd.,FMCG,Fast Moving Consumer Goods,Domestic Equities,1329.0,1339.0,-0.7468259895444361,0.0891,0.08560000000000001,4.088785046728968,1.09380178985747,1100,marico,Mid Cap,Jan-2025
101370,86936,1,Tube Investments of India Ltd.,Automobile & Ancillaries,Automobile & Ancillaries,Domestic Equities,262.0,267.0,-1.8726591760299627,0.087,0.0955,-8.900523560209438,1.06802194969248,1100,tube-investments-of-india,Mid Cap,Jan-2025
19255,6350,1,Mphasis Ltd.,IT,Information Technology,Domestic Equities,302.0,295.0,2.3728813559322033,0.0866,0.084,3.0952380952380927,1.06311150394677,1100,mphasis,Mid Cap,Jan-2025
171946,6864,1,Godrej Properties Ltd.,Realty,Realty,Domestic Equities,371.0,387.0,-4.1343669250646,0.0864,0.10779999999999999,-19.85157699443413,1.06065628107391,1100,godrej-properties,Mid Cap,Jan-2025
171365,5279,1,Hindustan Petroleum Corporation Ltd.,Crude Oil,Crude Oil,Domestic Equities,2376.0,2412.0,-1.4925373134328357,0.0851,0.0986,-13.691683569979713,1.04469733240035,1100,hindustan-petroleum-corporation,Mid Cap,Jan-2025
141614,85778,1,AU Small Finance Bank Ltd.,Bank,Banking,Domestic Equities,1406.0,1464.0,-3.9617486338797816,0.08449999999999999,0.0819,3.174603174603172,1.03733166378178,1100,au-small-finance-bank,Mid Cap,Jan-2025
152379,5838,1,Voltas Ltd.,Consumer Durables,Consumer Durables,Domestic Equities,662.0,571.0,15.936952714535902,0.08349999999999999,0.10220000000000001,-18.29745596868885,1.0250555494175,1100,voltas,Mid Cap,Jan-2025
152636,5140,1,Fortis Healthcare Ltd.,Healthcare,Healthcare,Domestic Equities,1277.0,1331.0,-4.0570999248685204,0.0818,0.0958,-14.613778705636745,1.00418615499822,1100,fortis-healthcare,Mid Cap,Jan-2025
152369,6790,1,Bharat Forge Ltd.,Automobile & Ancillaries,Automobile & Ancillaries,Domestic Equities,664.0,659.0,0.7587253414264037,0.08130000000000001,0.08560000000000001,-5.023364485981305,0.998048097816079,1100,bharat-forge,Mid Cap,Jan-2025
171465,6543,1,Aurobindo Pharma Ltd.,Healthcare,Healthcare,Domestic Equities,688.0,686.0,0.2915451895043732,0.0806,0.0915,-11.912568306010927,0.989454817761082,1100,aurobindo-pharma,Mid Cap,Jan-2025
599,7495,1,Sundaram Finance Ltd.,Finance,Finance,Domestic Equities,173.0,174.0,-0.5747126436781609,0.0799,0.0721,10.81830790568655,0.980861537706085,1100,sundaram-finance,Mid Cap,Jan-2025
134131,90516,1,Polycab India Ltd.,Electricals,Electricals,Domestic Equities,128.0,127.0,0.7874015748031495,0.07730000000000001,0.0924,-16.34199134199134,0.948943640358954,1100,polycab-india,Large Cap,Jan-2025
171659,5756,1,Ashok Leyland Ltd.,Automobile & Ancillaries,Automobile & Ancillaries,Domestic Equities,3541.0,3676.0,-3.6724700761697497,0.0768,0.08109999999999999,-5.302096177558567,0.942805583176813,1100,ashok-leyland,Mid Cap,Jan-2025
122,5767,1,The Phoenix Mills Ltd.,Realty,Realty,Domestic Equities,455.0,484.0,-5.991735537190083,0.0747,0.0791,-5.562579013906452,0.917025743011822,1100,the-phoenix-mills,Mid Cap,Jan-2025
171635,7381,1,UPL Ltd.,Chemicals,Chemicals,Domestic Equities,1233.0,1271.0,-2.989771833202203,0.07440000000000001,0.0637,16.79748822605966,0.913342908702537,1100,upl,Mid Cap,Jan-2025
152222,5634,1,Max Financial Services Ltd.,Finance,Finance,Domestic Equities,649.0,650.0,-0.15384615384615385,0.0724,0.0724,0.0,0.888790679973975,1100,max-financial-services,Mid Cap,Jan-2025
171321,7864,1,Page Industries Ltd.,Textile,Textile,Domestic Equities,16.0,16.0,0.0,0.0716,0.076,-5.78947368421052,0.878969788482549,1100,page-industries,Mid Cap,Jan-2025
587,7648,1,APL Apollo Tubes Ltd.,Iron & Steel,Iron & Steel,Domestic Equities,470.0,446.0,5.381165919282512,0.0709,0.0699,1.4306151645207388,0.870376508427552,1100,apl-apollo-tubes,Mid Cap,Jan-2025
152574,8059,1,Torrent Power Ltd.,Power,Power,Domestic Equities,484.0,454.0,6.607929515418502,0.0708,0.0675,4.88888888888889,0.869148896991124,1100,torrent-power,Mid Cap,Jan-2025
152118,7308,1,PI Industries Ltd.,Chemicals,Chemicals,Domestic Equities,202.0,208.0,-2.8846153846153846,0.0704,0.0767,-8.213820078226856,0.864238451245412,1100,pi-industries,Mid Cap,Jan-2025
152795,99590,1,One97 Communications Ltd.,IT,Information Technology,Domestic Equities,903.0,861.0,4.878048780487805,0.0701,0.0876,-19.97716894977169,0.860555616936127,1100,one97-communications,Mid Cap,Jan-2025
96004,7992,1,Jubilant FoodWorks Ltd.,FMCG,Fast Moving Consumer Goods,Domestic Equities,969.0,965.0,0.41450777202072536,0.0682,0.0693,-1.5873015873015792,0.837230999643993,1100,jubilant-foodworks,Mid Cap,Jan-2025
38931,15891,1,Alkem Laboratories Ltd.,Healthcare,Healthcare,Domestic Equities,133.0,133.0,0.0,0.0673,0.07490000000000001,-10.146862483311079,0.826182496716139,1100,alkem-laboratories,Mid Cap,Jan-2025
756,88308,1,Rail Vikas Nigam Ltd.,Infrastructure,Infrastructure,Domestic Equities,1398.0,1374.0,1.7467248908296942,0.0666,0.0581,14.629948364888135,0.817589216661142,1100,rail-vikas-nigam,Large Cap,Jan-2025
152551,7908,1,GMR Airports Ltd.,Infrastructure,Aviation,Domestic Equities,9056.0,8924.0,1.4791573285522188,0.0658,0.0701,-6.13409415121255,0.807768325169717,1100,gmr-airports,Mid Cap,Jan-2025
56674,5695,1,Supreme Industries Ltd.,Plastic Products,Plastic Products,Domestic Equities,165.0,161.0,2.484472049689441,0.0655,0.0757,-13.474240422721273,0.804085490860433,1100,supreme-industries,Mid Cap,Jan-2025
113892,8292,1,KEI Industries Ltd.,Electricals,Electricals,Domestic Equities,159.0,153.0,3.9215686274509802,0.064,0.0679,-5.743740795287183,0.785671319314011,1100,kei-industries,Mid Cap,Jan-2025
1152,105806,1,Mankind Pharma Ltd.,Healthcare,Healthcare,Domestic Equities,259.0,261.0,-0.7662835249042145,0.06309999999999999,0.07519999999999999,-16.090425531914896,0.774622816386157,1100,mankind-pharma,Mid Cap,Jan-2025
77293,6578,1,Muthoot Finance Ltd.,Finance,Finance,Domestic Equities,271.0,266.0,1.8796992481203008,0.061200000000000004,0.056799999999999996,7.746478873239444,0.751298199094023,1100,muthoot-finance,Mid Cap,Jan-2025
133642,6320,1,Petronet LNG Ltd.,Inds. Gases & Fuels,Industrials Gases & Fuels,Domestic Equities,1895.0,1884.0,0.583864118895966,0.0599,0.0652,-8.12883435582821,0.735339250420457,1100,petronet-lng,Mid Cap,Jan-2025
171839,6306,1,Solar Industries India Ltd.,Chemicals,Chemicals,Domestic Equities,58.0,60.0,-3.3333333333333335,0.0591,0.0587,0.6814310051107332,0.725518358929032,1100,solar-industries-india,Mid Cap,Jan-2025
191600,99819,1,FSN E-Commerce Ventures Ltd.,Retailing,Information Technology,Domestic Equities,3486.0,3408.0,2.2887323943661975,0.058899999999999994,0.0558,5.555555555555548,0.723063136056175,1100,fsn-e-commerce-ventures,Mid Cap,Jan-2025
152616,7532,1,Vodafone Idea Ltd.,Telecom,Telecom,Domestic Equities,64788.0,63943.0,1.3214894515427802,0.058600000000000006,0.0508,15.354330708661424,0.719380301746891,1100,vodafone-idea,Mid Cap,Jan-2025
19275,7232,1,NMDC Ltd.,Mining,Mining,Domestic Equities,8836.0,8811.0,0.2837362387924186,0.0584,0.0581,0.5163511187607616,0.716925078874035,1100,nmdc,Mid Cap,Jan-2025
77639,92991,1,SBI Cards And Payment Services Ltd.,Finance,Finance,Domestic Equities,744.0,763.0,-2.490170380078637,0.0579,0.0507,14.201183431952657,0.710787021691894,1100,sbi-cards-and-payment-services,Mid Cap,Jan-2025
171698,8307,1,Oracle Financial Services Software Ltd.,IT,Information Technology,Domestic Equities,63.0,61.0,3.278688524590164,0.0575,0.078,-26.282051282051285,0.705876575946181,1100,oracle-financial-services-software,Mid Cap,Jan-2025
1427,98308,1,Sona BLW Precision Forgings Ltd.,Automobile & Ancillaries,Automobile & Ancillaries,Domestic Equities,1128.0,1147.0,-1.6564952048823016,0.056900000000000006,0.0682,-16.568914956011728,0.698510907327613,1100,sona-blw-precision-forgings,Mid Cap,Jan-2025
152238,8313,1,MRF Ltd.,Automobile & Ancillaries,Automobile & Ancillaries,Domestic Equities,5.0,5.0,0.0,0.056799999999999996,0.0653,-13.016845329249623,0.697283295891185,1100,mrf,Mid Cap,Jan-2025
153260,8051,1,Prestige Estates Projects Ltd.,Realty,Realty,Domestic Equities,417.0,421.0,-0.9501187648456058,0.0567,0.0713,-20.476858345021036,0.696055684454756,1100,prestige-estates-projects,Mid Cap,Jan-2025
677,6026,1,Oil India Ltd.,Crude Oil,Crude Oil,Domestic Equities,1341.0,1344.0,-0.2232142857142857,0.0564,0.0579,-2.5906735751295398,0.692372850145472,1100,oil-india,Mid Cap,Jan-2025
152323,7533,1,Tata Elxsi Ltd.,IT,Information Technology,Domestic Equities,88.0,89.0,-1.1235955056179776,0.0558,0.0605,-7.7685950413223095,0.685007181526903,1100,tata-elxsi,Mid Cap,Jan-2025
79,7951,1,Balkrishna Industries Ltd.,Automobile & Ancillaries,Automobile & Ancillaries,Domestic Equities,200.0,199.0,0.5025125628140703,0.0554,0.0579,-4.317789291882556,0.680096735781191,1100,balkrishna-industries,Mid Cap,Jan-2025
123299,91366,1,KPIT Technologies Ltd.,IT,Information Technology,Domestic Equities,392.0,414.0,-5.314009661835748,0.0552,0.060599999999999994,-8.910891089108912,0.677641512908334,1100,kpit-technologies,Mid Cap,Jan-2025
75891,5355,1,Container Corporation Of India Ltd.,Logistics,Logistics,Domestic Equities,684.0,687.0,-0.43668122270742354,0.053399999999999996,0.0541,-1.2939001848428888,0.655544507052628,1100,container-corporation-of-india,Mid Cap,Jan-2025
19182,5589,1,Coromandel International Ltd.,Chemicals,Chemicals,Domestic Equities,293.0,296.0,-1.0135135135135136,0.053,0.0556,-4.676258992805752,0.650634061306915,1100,coromandel-international,Mid Cap,Jan-2025
133630,5815,1,Jindal Stainless Ltd.,Iron & Steel,Iron & Steel,Domestic Equities,810.0,807.0,0.37174721189591076,0.0529,0.0564,-6.205673758865243,0.649406449870487,1100,jindal-stainless,Mid Cap,Jan-2025
153691,5278,1,Oberoi Realty Ltd.,Realty,Realty,Domestic Equities,290.0,292.0,-0.684931506849315,0.0526,0.0675,-22.074074074074076,0.645723615561203,1100,oberoi-realty,Mid Cap,Jan-2025
171336,8097,1,JK Cement Ltd.,Construction Materials,Construction Materials,Domestic Equities,107.0,105.0,1.9047619047619049,0.051699999999999996,0.0483,7.039337474120081,0.634675112633349,1100,jk-cement,Mid Cap,Jan-2025
152296,7356,1,Patanjali Foods Ltd.,FMCG,Fast Moving Consumer Goods,Domestic Equities,279.0,281.0,-0.7117437722419928,0.0509,0.0501,1.5968063872255505,0.624854221141924,1100,patanjali-foods,Mid Cap,Jan-2025
152608,7159,1,Indian Bank,Bank,Banking,Domestic Equities,888.0,895.0,-0.782122905027933,0.049400000000000006,0.047400000000000005,4.2194092827004255,0.606440049595502,1100,indian-bank,Mid Cap,Jan-2025
171444,98250,1,Kalyan Jewellers India Ltd.,Diamond  &  Jewellery,Diamond & Jewellery,Domestic Equities,981.0,955.0,2.7225130890052354,0.049400000000000006,0.0732,-32.51366120218579,0.606440049595502,1100,kalyan-jewellers-india,Mid Cap,Jan-2025
352,7184,1,Ipca Laboratories Ltd.,Healthcare,Healthcare,Domestic Equities,341.0,337.0,1.1869436201780417,0.0492,0.0571,-13.835376532399298,0.603984826722646,1100,ipca-laboratories,Mid Cap,Jan-2025
171509,5522,1,Tata Communications Ltd.,Telecom,Telecom,Domestic Equities,290.0,296.0,-2.027027027027027,0.047400000000000005,0.0504,-5.952380952380949,0.581887820866939,1100,tata-communications,Mid Cap,Jan-2025
171434,4916,1,Astral Ltd.,Plastic Products,Plastic Products,Domestic Equities,313.0,314.0,-0.3184713375796179,0.0472,0.0519,-9.055876685934502,0.579432597994083,1100,astral,Mid Cap,Jan-2025
152207,5372,1,LIC Housing Finance Ltd.,Finance,Finance,Domestic Equities,752.0,752.0,0.0,0.045,0.045,0.0,0.552425146392664,1100,lic-housing-finance,Mid Cap,Jan-2025
171840,6541,1,UNO Minda Ltd.,Automobile & Ancillaries,Automobile & Ancillaries,Domestic Equities,446.0,446.0,0.0,0.042199999999999994,0.047,-10.212765957446818,0.518052026172676,1100,uno-minda,Mid Cap,Jan-2025
171886,6139,1,Exide Industries Ltd.,Automobile & Ancillaries,Automobile & Ancillaries,Domestic Equities,1124.0,1134.0,-0.8818342151675485,0.0421,0.0472,-10.805084745762707,0.516824414736248,1100,exide-industries,Mid Cap,Jan-2025
152519,8782,1,Mahindra & Mahindra Financial Services Ltd.,Finance,Finance,Domestic Equities,1461.0,1490.0,-1.9463087248322148,0.0416,0.0395,5.316455696202531,0.510686357554107,1100,mahindra-mahindra-financial-services,Mid Cap,Jan-2025
46521,101004,1,Delhivery Ltd.,Logistics,Logistics,Domestic Equities,1296.0,1295.0,0.07722007722007722,0.0416,0.044800000000000006,-7.142857142857148,0.510686357554107,1100,delhivery,Small Cap,Jan-2025
133643,6434,1,Biocon Ltd.,Healthcare,Healthcare,Domestic Equities,1131.0,1142.0,-0.9632224168126094,0.040999999999999995,0.0417,-1.6786570743405345,0.503320688935538,1100,biocon,Mid Cap,Jan-2025
19183,6082,1,Deepak Nitrite Ltd.,Chemicals,Chemicals,Domestic Equities,172.0,175.0,-1.7142857142857144,0.04,0.0437,-8.466819221967965,0.491044574571257,1100,deepak-nitrite,Mid Cap,Jan-2025
171333,7587,1,United Breweries Ltd.,Alcohol,Alcohol,Domestic Equities,186.0,190.0,-2.1052631578947367,0.039900000000000005,0.0387,3.1007751937984525,0.489816963134829,1100,united-breweries,Mid Cap,Jan-2025
133351,5368,1,Steel Authority Of India Ltd.,Iron & Steel,Iron & Steel,Domestic Equities,3627.0,3609.0,0.4987531172069825,0.039,0.0408,-4.411764705882357,0.478768460206975,1100,steel-authority-of-india,Mid Cap,Jan-2025
152397,5267,1,Tata Chemicals Ltd.,Chemicals,Chemicals,Domestic Equities,392.0,387.0,1.2919896640826873,0.0387,0.0407,-4.914004914004918,0.475085625897691,1100,tata-chemicals,Small Cap,Jan-2025
134830,88309,1,Mazagon Dock Shipbuilders Ltd.,Ship Building,Ship Building,Domestic Equities,154.0,1.0,15300.0,0.0385,0.0002,19150.0,0.472630403024835,1100,mazagon-dock-shipbuilders,Mid Cap,Jan-2025
152325,5528,1,Thermax Ltd.,Capital Goods,Capital Goods,Domestic Equities,99.0,95.0,4.2105263157894735,0.0382,0.0384,-0.5208333333333338,0.46894756871555,1100,thermax,Mid Cap,Jan-2025
47051,90577,1,Dalmia Bharat Ltd.,Construction Materials,Construction Materials,Domestic Equities,204.0,203.0,0.49261083743842365,0.0381,0.0359,6.128133704735382,0.467719957279122,1100,dalmia-bharat,Mid Cap,Jan-2025
75659,6055,1,Lloyds Metals & Energy Ltd.,Iron & Steel,Iron & Steel,Domestic Equities,307.0,303.0,1.3201320132013201,0.038,0.0373,1.8766756032171539,0.466492345842694,1100,lloyds-metals-energy,Mid Cap,Jan-2025
44430,82482,1,L&T Technology Services Ltd.,IT,Information Technology,Domestic Equities,69.0,70.0,-1.4285714285714286,0.037599999999999995,0.0332,13.253012048192769,0.461581900096981,1100,lt-technology-services,Mid Cap,Jan-2025
152486,5772,1,AIA Engineering Ltd.,Automobile & Ancillaries,Automobile & Ancillaries,Domestic Equities,99.0,98.0,1.0204081632653061,0.0364,0.0333,9.30930930930931,0.446850562859844,1100,aia-engineering,Mid Cap,Jan-2025
173672,92657,1,Gujarat Fluorochemicals Ltd.,Chemicals,Chemicals,Domestic Equities,101.0,105.0,-3.8095238095238098,0.0361,0.0437,-17.391304347826093,0.443167728550559,1100,gujarat-fluorochemicals,Mid Cap,Jan-2025
171565,6678,1,Apollo Tyres Ltd.,Automobile & Ancillaries,Automobile & Ancillaries,Domestic Equities,821.0,851.0,-3.525264394829612,0.0359,0.0451,-20.39911308203991,0.440712505677703,1100,apollo-tyres,Small Cap,Jan-2025
133635,5732,1,Indraprastha Gas Ltd.,Gas Transmission,Gas Transmission,Domestic Equities,1744.0,870.0,100.45977011494254,0.0352,0.0362,-2.7624309392265216,0.432119225622706,1100,indraprastha-gas,Mid Cap,Jan-2025
171410,5631,1,Procter & Gamble Hygiene and Health Care Ltd.,FMCG,Fast Moving Consumer Goods,Domestic Equities,24.0,24.0,0.0,0.0348,0.0353,-1.4164305949008449,0.427208779876993,1100,procter-gamble-hygiene-and-health-care,Mid Cap,Jan-2025
152324,4941,1,ACC Ltd.,Construction Materials,Construction Materials,Domestic Equities,173.0,172.0,0.5813953488372093,0.0347,0.0353,-1.699716713881009,0.425981168440565,1100,acc,Mid Cap,Jan-2025
114414,5238,1,Bank Of India,Bank,Banking,Domestic Equities,3051.0,3046.0,0.16414970453053185,0.034300000000000004,0.031,10.645161290322584,0.421070722694853,1100,bank-of-india,Mid Cap,Jan-2025
19805,15724,1,Syngene International Ltd.,Business Services,Healthcare,Domestic Equities,458.0,456.0,0.43859649122807015,0.0342,0.0391,-12.53196930946292,0.419843111258424,1100,syngene-international,Mid Cap,Jan-2025
133333,4917,1,CRISIL Ltd.,Ratings,Ratings,Domestic Equities,63.0,59.0,6.779661016949152,0.0342,0.0393,-12.977099236641227,0.419843111258424,1100,crisil,Mid Cap,Jan-2025
152367,6359,1,Abbott India Ltd.,Healthcare,Healthcare,Domestic Equities,13.0,13.0,0.0,0.034,0.0387,-12.144702842377265,0.417387888385568,1100,abbott-india,Mid Cap,Jan-2025
152079,6815,1,Linde India Ltd.,Inds. Gases & Fuels,Industrials Gases & Fuels,Domestic Equities,54.0,52.0,3.8461538461538463,0.0338,0.031200000000000002,8.333333333333325,0.414932665512712,1100,linde-india,Mid Cap,Jan-2025
114654,92672,1,Indian Renewable Energy Development Agency Ltd.,Finance,Finance,Domestic Equities,1667.0,1711.0,-2.571595558153127,0.0337,0.0368,-8.423913043478262,0.413705054076284,1100,indian-renewable-energy-development-agency,Mid Cap,Jan-2025
133407,5997,1,Hindustan Zinc Ltd.,Non - Ferrous Metals,Non - Ferrous Metals,Domestic Equities,743.0,738.0,0.6775067750677507,0.0334,0.032799999999999996,1.8292682926829285,0.410022219766999,1100,hindustan-zinc,Large Cap,Jan-2025
171646,5397,1,Carborundum Universal Ltd.,Abrasives,Abrasives,Domestic Equities,279.0,278.0,0.3597122302158274,0.0331,0.0356,-7.02247191011236,0.406339385457715,1100,carborundum-universal,Small Cap,Jan-2025
19098,6973,1,Schaeffler India Ltd.,Automobile & Ancillaries,Automobile & Ancillaries,Domestic Equities,96.0,102.0,-5.88235294117647,0.0329,0.0347,-5.187319884726229,0.403884162584859,1100,schaeffler-india,Mid Cap,Jan-2025
171433,6783,1,Berger Paints India Ltd.,Chemicals,Chemicals,Domestic Equities,690.0,721.0,-4.2995839112343965,0.0326,0.0323,0.9287925696594366,0.400201328275574,1100,berger-paints-india,Mid Cap,Jan-2025
57541,86814,1,General Insurance Corporation of India,Insurance,Finance,Domestic Equities,786.0,785.0,0.12738853503184713,0.0323,0.0349,-7.449856733524361,0.39651849396629,1100,general-insurance-corporation-of-india,Mid Cap,Jan-2025
134823,84770,1,Cochin Shipyard Ltd.,Ship Building,Ship Building,Domestic Equities,210.0,220.0,-4.545454545454546,0.0322,0.0339,-5.014749262536871,0.395290882529862,1100,cochin-shipyard,Mid Cap,Jan-2025
79346,86555,1,Aditya Birla Capital Ltd.,Finance,Finance,Domestic Equities,1796.0,1820.0,-1.3186813186813187,0.0322,0.032400000000000005,-0.6172839506172845,0.395290882529862,1100,aditya-birla-capital,Mid Cap,Jan-2025
83342,79963,1,Bandhan Bank Ltd.,Bank,Banking,Domestic Equities,2119.0,2104.0,0.7129277566539924,0.0321,0.0335,-4.1791044776119435,0.394063271093433,1100,bandhan-bank,Small Cap,Jan-2025
171580,109023,1,Tata Technologies Ltd.,IT,Information Technology,Domestic Equities,390.0,391.0,-0.2557544757033248,0.030699999999999998,0.0349,-12.03438395415474,0.37687671098344,1100,tata-technologies,Mid Cap,Jan-2025
97743,96921,1,Gland Pharma Ltd.,Healthcare,Healthcare,Domestic Equities,199.0,203.0,-1.9704433497536946,0.030299999999999997,0.0361,-16.066481994459835,0.371966265237727,1100,gland-pharma,Small Cap,Jan-2025
95549,7450,1,Aditya Birla Fashion and Retail Ltd.,Retailing,Retailing,Domestic Equities,1084.0,1006.0,7.75347912524851,0.0297,0.0282,5.319148936170226,0.364600596619158,1100,aditya-birla-fashion-and-retail,Mid Cap,Jan-2025
152370,5063,1,Escorts Kubota Ltd.,Automobile & Ancillaries,Automobile & Ancillaries,Domestic Equities,82.0,82.0,0.0,0.0297,0.0273,8.791208791208799,0.364600596619158,1100,escorts-kubota,Mid Cap,Jan-2025
1704,6920,1,L&T Finance Ltd.,Finance,Finance,Domestic Equities,2034.0,2041.0,-0.34296913277804997,0.0296,0.0277,6.859205776173283,0.36337298518273,1100,lt-finance,Mid Cap,Jan-2025
171948,7104,1,Emami Ltd.,FMCG,Fast Moving Consumer Goods,Domestic Equities,498.0,497.0,0.2012072434607646,0.0294,0.029900000000000003,-1.6722408026755942,0.360917762309874,1100,emami,Small Cap,Jan-2025
57781,87827,1,Bharat Dynamics Ltd.,Capital Goods,Capital Goods,Domestic Equities,225.0,231.0,-2.5974025974025974,0.0294,0.0259,13.513513513513518,0.360917762309874,1100,bharat-dynamics,Mid Cap,Jan-2025
152318,6472,1,Sundram Fasteners Ltd.,Automobile & Ancillaries,Automobile & Ancillaries,Domestic Equities,278.0,281.0,-1.0676156583629894,0.028999999999999998,0.0298,-2.684563758389264,0.356007316564161,1100,sundram-fasteners,Small Cap,Jan-2025
115032,83788,1,Housing & Urban Development Corporation Ltd.,Finance,Finance,Domestic Equities,1257.0,1219.0,3.1173092698933553,0.028900000000000002,0.0286,1.0489510489510576,0.354779705127733,1100,housing-urban-development-corporation,Mid Cap,Jan-2025
177212,94646,1,Hitachi Energy India Ltd.,Capital Goods,Capital Goods,Domestic Equities,22.0,26.0,-15.384615384615385,0.028300000000000002,0.0375,-24.53333333333333,0.347414036509164,1100,hitachi-energy-india,Mid Cap,Jan-2025
645,8087,1,IRB Infrastructure Developers Ltd.,Infrastructure,Infrastructure,Domestic Equities,4899.0,4925.0,-0.5279187817258884,0.0281,0.0282,-0.35460992907800665,0.344958813636308,1100,irb-infrastructure-developers,Mid Cap,Jan-2025
133495,5019,1,Ajanta Pharma Ltd.,Healthcare,Healthcare,Domestic Equities,104.0,108.0,-3.7037037037037033,0.027999999999999997,0.0317,-11.671924290220824,0.34373120219988,1100,ajanta-pharma,Mid Cap,Jan-2025
133170,6243,1,Timken India Ltd.,Automobile & Ancillaries,Automobile & Ancillaries,Domestic Equities,91.0,88.0,3.4090909090909087,0.026000000000000002,0.0275,-5.4545454545454515,0.319178973471317,1100,timken-india,Small Cap,Jan-2025
797,86851,1,Nippon Life India Asset Management Ltd.,Finance,Finance,Domestic Equities,440.0,434.0,1.3824884792626728,0.025699999999999997,0.0316,-18.670886075949376,0.315496139162032,1100,nippon-life-india-asset-management,Mid Cap,Jan-2025
76174,111823,1,Bharti Hexacom Ltd.,Telecom,Telecom,Domestic Equities,187.0,196.0,-4.591836734693878,0.0253,0.0286,-11.538461538461542,0.31058569341632,1100,bharti-hexacom,Mid Cap,Jan-2025
58178,99657,1,Star Health and Allied Insurance Company Ltd.,Insurance,Finance,Domestic Equities,558.0,563.0,-0.8880994671403196,0.0242,0.026699999999999998,-9.363295880149813,0.29708196761561,1100,star-health-and-allied-insurance-company,Small Cap,Jan-2025
152363,7424,1,SKF India Ltd.,Automobile & Ancillaries,Automobile & Ancillaries,Domestic Equities,59.0,59.0,0.0,0.0239,0.0264,-9.469696969696969,0.293399133306326,1100,skf-india,Small Cap,Jan-2025
509,8487,1,K.P.R. Mill Ltd.,Textile,Textile,Domestic Equities,255.0,256.0,-0.390625,0.023799999999999998,0.0255,-6.666666666666663,0.292171521869898,1100,kpr-mill,Small Cap,Jan-2025
196533,104025,1,Motherson Sumi Wiring India Ltd.,Iron & Steel,Iron & Steel,Domestic Equities,4221.0,4268.0,-1.1012183692596065,0.023700000000000002,0.024900000000000002,-4.819277108433739,0.29094391043347,1100,motherson-sumi-wiring-india,Small Cap,Jan-2025
171405,6966,1,Poonawalla Fincorp Ltd.,Finance,Finance,Domestic Equities,748.0,740.0,1.0810810810810811,0.0232,0.0233,-0.42918454935623307,0.284805853251329,1100,poonawalla-fincorp,Small Cap,Jan-2025
19128,7053,1,Grindwell Norton Ltd.,Abrasives,Abrasives,Domestic Equities,114.0,118.0,-3.389830508474576,0.022000000000000002,0.0227,-3.0837004405286272,0.270074516014191,1100,grindwell-norton,Small Cap,Jan-2025
102429,100653,1,Global Health Ltd.,Healthcare,Healthcare,Domestic Equities,207.0,209.0,-0.9569377990430622,0.0215,0.0225,-4.444444444444448,0.26393645883205,1100,global-health,Small Cap,Jan-2025
152064,6806,1,3M India Ltd.,Diversified,Diversified,Domestic Equities,7.0,7.0,0.0,0.0209,0.0213,-1.8779342723004713,0.256570790213482,1100,3m-india,Mid Cap,Jan-2025
137768,15760,1,Gujarat Gas Ltd.,Gas Transmission,Gas Transmission,Domestic Equities,425.0,436.0,-2.522935779816514,0.0207,0.0217,-4.60829493087558,0.254115567340625,1100,gujarat-gas,Mid Cap,Jan-2025
152386,5556,1,Glaxosmithkline Pharmaceuticals Ltd.,Healthcare,Healthcare,Domestic Equities,104.0,101.0,2.9702970297029703,0.0206,0.0227,-9.251101321585901,0.252887955904197,1100,glaxosmithkline-pharmaceuticals,Mid Cap,Jan-2025
133645,6755,1,Bank Of Maharashtra,Bank,Banking,Domestic Equities,3963.0,3914.0,1.251916198262647,0.0203,0.0204,-0.4901960784313838,0.249205121594913,1100,bank-of-maharashtra,Mid Cap,Jan-2025
113787,7539,1,Honeywell Automation India Ltd.,Consumer Durables,Consumer Durables,Domestic Equities,5.0,6.0,-16.666666666666664,0.0202,0.0252,-19.841269841269842,0.247977510158485,1100,honeywell-automation-india,Mid Cap,Jan-2025
13,7543,1,Tata Investment Corporation Ltd.,Finance,Finance,Domestic Equities,33.0,33.0,0.0,0.0199,0.0226,-11.946902654867248,0.2442946758492,1100,tata-investment-corporation,Mid Cap,Jan-2025
78882,109773,1,JSW Infrastructure Ltd.,Logistics,Logistics,Domestic Equities,698.0,689.0,1.3062409288824384,0.0192,0.0219,-12.328767123287673,0.235701395794203,1100,jsw-infrastructure,Mid Cap,Jan-2025
171853,7249,1,NLC India Ltd.,Power,Power,Domestic Equities,812.0,788.0,3.0456852791878175,0.018000000000000002,0.0196,-8.163265306122446,0.220970058557066,1100,nlc-india,Mid Cap,Jan-2025
19510,6302,1,ZF Commercial Vehicle Control Systems India Ltd.,Automobile & Ancillaries,Automobile & Ancillaries,Domestic Equities,16.0,15.0,6.666666666666667,0.0177,0.0181,-2.2099447513812174,0.217287224247781,1100,zf-commercial-vehicle-control-systems-india,Small Cap,Jan-2025
171394,82477,1,Endurance Technologies Ltd.,Automobile & Ancillaries,Automobile & Ancillaries,Domestic Equities,88.0,89.0,-1.1235955056179776,0.0175,0.0191,-8.376963350785337,0.214832001374925,1100,endurance-technologies,Mid Cap,Jan-2025
1840,4901,1,SJVN Ltd.,Power,Power,Domestic Equities,1738.0,1790.0,-2.905027932960894,0.0169,0.0187,-9.62566844919787,0.207466332756356,1100,sjvn,Mid Cap,Jan-2025
19174,6780,1,Bayer CropScience Ltd.,Chemicals,Chemicals,Domestic Equities,31.0,32.0,-3.125,0.0159,0.0178,-10.674157303370784,0.195190218392075,1100,bayer-cropscience,Small Cap,Jan-2025
555,5663,1,The Fertilisers And Chemicals Travancore Ltd.,Chemicals,Chemicals,Domestic Equities,158.0,154.0,2.5974025974025974,0.0146,0.0151,-3.3112582781456985,0.179231269718509,1100,the-fertilisers-and-chemicals-travancore,Mid Cap,Jan-2025
133387,5868,1,Godrej Industries Ltd.,Chemicals,Chemicals,Domestic Equities,158.0,168.0,-5.952380952380952,0.0141,0.0196,-28.061224489795922,0.173093212536368,1100,godrej-industries,Mid Cap,Jan-2025
152532,6617,1,Sun TV Network Ltd.,Media & Entertainment,Media & Entertainment,Domestic Equities,215.0,214.0,0.46728971962616817,0.013300000000000001,0.0146,-8.904109589041088,0.163272321044943,1100,sun-tv-network,Small Cap,Jan-2025
133353,4920,1,IDBI Bank Ltd.,Bank,Banking,Domestic Equities,1388.0,1410.0,-1.5602836879432624,0.0113,0.0108,4.629629629629613,0.13872009231638,1100,idbi-bank,Mid Cap,Jan-2025
133909,100034,1,Metro Brands Ltd.,Retailing,Retailing,Domestic Equities,94.0,95.0,-1.0526315789473684,0.0111,0.0116,-4.310344827586192,0.136264869443524,1100,metro-brands,Mid Cap,Jan-2025
57345,99844,1,AWL Agri Business Ltd.,FMCG,Fast Moving Consumer Goods,Domestic Equities,406.0,426.0,-4.694835680751173,0.0108,0.0131,-17.557251908396946,0.132582035134239,1100,awl-agri-business,Mid Cap,Jan-2025
58164,86911,1,The New India Assurance Company Ltd.,Insurance,Finance,Domestic Equities,592.0,599.0,-1.1686143572621035,0.0108,0.0121,-10.743801652892554,0.132582035134239,1100,the-new-india-assurance-company,Mid Cap,Jan-2025
133551,7167,1,Indian Overseas Bank,Bank,Banking,Domestic Equities,1724.0,1702.0,1.2925969447708578,0.0088,0.0088,0.0,0.108029806405676,1100,indian-overseas-bank,Large Cap,Jan-2025
171883,5324,1,Mangalore Refinery And Petrochemicals Ltd.,Crude Oil,Crude Oil,Domestic Equities,460.0,444.0,3.6036036036036037,0.006,0.0066,-9.090909090909099,0.0736566861856885,1100,mangalore-refinery-and-petrochemicals,Small Cap,Jan-2025
77009,96064,1,Max Healthcare Institute Ltd.,Healthcare,Healthcare,Domestic Equities,1892.0,1859.0,1.7751479289940828,0.18510000000000001,0.1973,-6.183476938672068,2.4916876438677,1100,max-healthcare-institute,Mid Cap,Feb-2025
76200,82667,1,BSE Ltd.,Finance,Finance,Domestic Equities,377.0,351.0,7.4074074074074066,0.1747,0.1862,-6.176154672395285,2.35169006690269,1100,bse,Mid Cap,Feb-2025
152406,5107,1,The Indian Hotels Company Ltd.,Hospitality,Hospitality,Domestic Equities,2227.0,2267.0,-1.76444640494045,0.1595,0.1734,-8.016147635524803,2.14707822364613,1100,the-indian-hotels-company,Mid Cap,Feb-2025
152473,5056,1,Suzlon Energy Ltd.,Capital Goods,Capital Goods,Domestic Equities,31001.0,28463.0,8.91683940554404,0.15410000000000001,0.1656,-6.944444444444437,2.07438717406814,1100,suzlon-energy,Mid Cap,Feb-2025
95548,5980,1,Persistent Systems Ltd.,IT,Information Technology,Domestic Equities,280.0,275.0,1.8181818181818181,0.1485,0.1659,-10.488245931283908,1.99900386339467,1100,persistent-systems,Mid Cap,Feb-2025
57445,86554,1,Dixon Technologies (India) Ltd.,Consumer Durables,Consumer Durables,Domestic Equities,96.0,96.0,0.0,0.1338,0.1439,-7.018763029881861,1.80112267287682,1100,dixon-technologies-india,Mid Cap,Feb-2025
133657,7260,1,Coforge Ltd.,IT,Information Technology,Domestic Equities,173.0,176.0,-1.7045454545454544,0.1274,0.1454,-12.379642365887202,1.71497031782142,1100,coforge,Mid Cap,Feb-2025
157113,99763,1,PB Fintech Ltd.,IT,Information Technology,Domestic Equities,843.0,858.0,-1.7482517482517483,0.1234,0.1482,-16.734143049932527,1.6611250959118,1100,pb-fintech,Mid Cap,Feb-2025
152211,6247,1,Lupin Ltd.,Healthcare,Healthcare,Domestic Equities,601.0,611.0,-1.6366612111292964,0.11449999999999999,0.12710000000000002,-9.913453973249421,1.5413194771629,1100,lupin,Mid Cap,Feb-2025
171685,5596,1,The Federal Bank Ltd.,Bank,Banking,Domestic Equities,6147.0,6171.0,-0.3889158969372873,0.1092,0.1155,-5.454545454545461,1.46997455813265,1100,the-federal-bank,Mid Cap,Feb-2025
38803,5403,1,Indus Towers Ltd.,Telecom,Telecom,Domestic Equities,3244.0,3148.0,3.0495552731893265,0.10490000000000001,0.1093,-4.025617566331194,1.41209094457981,1100,indus-towers,Large Cap,Feb-2025
165,7447,1,SRF Ltd.,Chemicals,Chemicals,Domestic Equities,370.0,349.0,6.017191977077363,0.10339999999999999,0.0981,5.40265035677879,1.3918989863637,1100,srf,Mid Cap,Feb-2025
171877,6125,1,Cummins India Ltd.,Automobile & Ancillaries,Automobile & Ancillaries,Domestic Equities,348.0,342.0,1.7543859649122806,0.0946,0.09970000000000001,-5.115346038114341,1.27343949816253,1100,cummins-india,Large Cap,Feb-2025
133334,5159,1,CG Power and Industrial Solutions Ltd.,Capital Goods,Capital Goods,Domestic Equities,1639.0,1627.0,0.7375537799631223,0.09380000000000001,0.1033,-9.196515004840263,1.26267045378061,1100,cg-power-and-industrial-solutions,Large Cap,Feb-2025
114530,88033,1,HDFC Asset Management Company Ltd.,Finance,Finance,Domestic Equities,257.0,256.0,0.390625,0.0932,0.09910000000000001,-5.9535822401614515,1.25459367049416,1100,hdfc-asset-management-company,Mid Cap,Feb-2025
7737,15826,1,IDFC First Bank Ltd.,Bank,Banking,Domestic Equities,15774.0,15196.0,3.8036325348776,0.09210000000000002,0.09609999999999999,-4.162330905306957,1.23978623446902,1100,idfc-first-bank,Mid Cap,Feb-2025
171820,5969,1,Colgate-Palmolive (India) Ltd.,FMCG,Fast Moving Consumer Goods,Domestic Equities,336.0,329.0,2.127659574468085,0.0828,0.0928,-10.775862068965518,1.11459609352915,1100,colgate-palmolive-india,Mid Cap,Feb-2025
171327,5699,1,Marico Ltd.,FMCG,Fast Moving Consumer Goods,Domestic Equities,1365.0,1329.0,2.708803611738149,0.08199999999999999,0.0891,-7.968574635241311,1.10382704914723,1100,marico,Mid Cap,Feb-2025
152455,7030,1,Yes Bank Ltd.,Bank,Banking,Domestic Equities,48657.0,46972.0,3.587243464191433,0.0815,0.09029999999999999,-9.745293466223687,1.09709639640852,1100,yes-bank,Mid Cap,Feb-2025
171635,7381,1,UPL Ltd.,Chemicals,Chemicals,Domestic Equities,1282.0,1233.0,3.9740470397404706,0.08109999999999999,0.07440000000000001,9.005376344086008,1.09171187421756,1100,upl,Mid Cap,Feb-2025
152636,5140,1,Fortis Healthcare Ltd.,Healthcare,Healthcare,Domestic Equities,1321.0,1277.0,3.445575567736883,0.0809,0.0818,-1.1002444987775044,1.08901961312208,1100,fortis-healthcare,Mid Cap,Feb-2025
171659,5756,1,Ashok Leyland Ltd.,Automobile & Ancillaries,Automobile & Ancillaries,Domestic Equities,3734.0,3541.0,5.450437729454957,0.0795,0.0768,3.515625000000006,1.07017378545371,1100,ashok-leyland,Mid Cap,Feb-2025
599,7495,1,Sundaram Finance Ltd.,Finance,Finance,Domestic Equities,175.0,173.0,1.1560693641618496,0.0794,0.0799,-0.6257822277847287,1.06882765490597,1100,sundaram-finance,Mid Cap,Feb-2025
141614,85778,1,AU Small Finance Bank Ltd.,Bank,Banking,Domestic Equities,1387.0,1406.0,-1.3513513513513513,0.0785,0.08449999999999999,-7.100591715976328,1.05671247997631,1100,au-small-finance-bank,Mid Cap,Feb-2025
171465,6543,1,Aurobindo Pharma Ltd.,Healthcare,Healthcare,Domestic Equities,713.0,688.0,3.6337209302325584,0.0755,0.0806,-6.327543424317626,1.01632856354409,1100,aurobindo-pharma,Mid Cap,Feb-2025
152379,5838,1,Voltas Ltd.,Consumer Durables,Consumer Durables,Domestic Equities,571.0,662.0,-13.746223564954683,0.0754,0.08349999999999999,-9.700598802395206,1.01498243299635,1100,voltas,Mid Cap,Feb-2025
171365,5279,1,Hindustan Petroleum Corporation Ltd.,Crude Oil,Crude Oil,Domestic Equities,2506.0,2376.0,5.4713804713804715,0.0736,0.0851,-13.513513513513509,0.990752083137023,1100,hindustan-petroleum-corporation,Mid Cap,Feb-2025
171946,6864,1,Godrej Properties Ltd.,Realty,Realty,Domestic Equities,378.0,371.0,1.8867924528301887,0.0732,0.0864,-15.277777777777779,0.985367560946061,1100,godrej-properties,Mid Cap,Feb-2025
122,5767,1,The Phoenix Mills Ltd.,Realty,Realty,Domestic Equities,456.0,455.0,0.21978021978021978,0.0706,0.0747,-5.488621151271756,0.950368166704807,1100,the-phoenix-mills,Mid Cap,Feb-2025
101370,86936,1,Tube Investments of India Ltd.,Automobile & Ancillaries,Automobile & Ancillaries,Domestic Equities,276.0,262.0,5.343511450381679,0.068,0.087,-21.83908045977011,0.915368772463554,1100,tube-investments-of-india,Mid Cap,Feb-2025
152369,6790,1,Bharat Forge Ltd.,Automobile & Ancillaries,Automobile & Ancillaries,Domestic Equities,664.0,664.0,0.0,0.0675,0.08130000000000001,-16.974169741697427,0.908638119724851,1100,bharat-forge,Mid Cap,Feb-2025
19255,6350,1,Mphasis Ltd.,IT,Information Technology,Domestic Equities,300.0,302.0,-0.6622516556291391,0.0674,0.0866,-22.170900692840647,0.90729198917711,1100,mphasis,Mid Cap,Feb-2025
152222,5634,1,Max Financial Services Ltd.,Finance,Finance,Domestic Equities,661.0,649.0,1.848998459167951,0.066,0.0724,-8.83977900552487,0.888446161508743,1100,max-financial-services,Mid Cap,Feb-2025
587,7648,1,APL Apollo Tubes Ltd.,Iron & Steel,Iron & Steel,Domestic Equities,452.0,470.0,-3.829787234042553,0.065,0.0709,-8.321579689703807,0.874984856031338,1100,apl-apollo-tubes,Mid Cap,Feb-2025
171321,7864,1,Page Industries Ltd.,Textile,Textile,Domestic Equities,16.0,16.0,0.0,0.06480000000000001,0.0716,-9.49720670391061,0.872292594935857,1100,page-industries,Mid Cap,Feb-2025
77639,92991,1,SBI Cards And Payment Services Ltd.,Finance,Finance,Domestic Equities,766.0,744.0,2.956989247311828,0.0643,0.0579,11.053540587219338,0.865561942197154,1100,sbi-cards-and-payment-services,Mid Cap,Feb-2025
96004,7992,1,Jubilant FoodWorks Ltd.,FMCG,Fast Moving Consumer Goods,Domestic Equities,1020.0,969.0,5.263157894736842,0.0639,0.0682,-6.30498533724341,0.860177420006192,1100,jubilant-foodworks,Mid Cap,Feb-2025
152574,8059,1,Torrent Power Ltd.,Power,Power,Domestic Equities,495.0,484.0,2.272727272727273,0.0625,0.0708,-11.72316384180791,0.841331592337825,1100,torrent-power,Mid Cap,Feb-2025
152551,7908,1,GMR Airports Ltd.,Infrastructure,Aviation,Domestic Equities,8978.0,9056.0,-0.8613074204946997,0.062400000000000004,0.0658,-5.167173252279634,0.839985461790084,1100,gmr-airports,Mid Cap,Feb-2025
38931,15891,1,Alkem Laboratories Ltd.,Healthcare,Healthcare,Domestic Equities,134.0,133.0,0.7518796992481203,0.0623,0.0673,-7.429420505200595,0.838639331242344,1100,alkem-laboratories,Mid Cap,Feb-2025
152795,99590,1,One97 Communications Ltd.,IT,Information Technology,Domestic Equities,864.0,903.0,-4.318936877076411,0.061799999999999994,0.0701,-11.840228245363768,0.831908678503641,1100,one97-communications,Mid Cap,Feb-2025
152118,7308,1,PI Industries Ltd.,Chemicals,Chemicals,Domestic Equities,202.0,202.0,0.0,0.060899999999999996,0.0704,-13.494318181818185,0.819793503573977,1100,pi-industries,Mid Cap,Feb-2025
1152,105806,1,Mankind Pharma Ltd.,Healthcare,Healthcare,Domestic Equities,266.0,259.0,2.7027027027027026,0.060899999999999996,0.06309999999999999,-3.4865293185419928,0.819793503573977,1100,mankind-pharma,Mid Cap,Feb-2025
134131,90516,1,Polycab India Ltd.,Electricals,Electricals,Domestic Equities,126.0,128.0,-1.5625,0.0594,0.07730000000000001,-23.15653298835705,0.799601545357869,1100,polycab-india,Large Cap,Feb-2025
77293,6578,1,Muthoot Finance Ltd.,Finance,Finance,Domestic Equities,278.0,271.0,2.5830258302583027,0.0593,0.061200000000000004,-3.104575163398699,0.798255414810128,1100,muthoot-finance,Mid Cap,Feb-2025
1427,98308,1,Sona BLW Precision Forgings Ltd.,Automobile & Ancillaries,Automobile & Ancillaries,Domestic Equities,1150.0,1128.0,1.950354609929078,0.056799999999999996,0.056900000000000006,-0.17574692442883436,0.764602151116615,1100,sona-blw-precision-forgings,Mid Cap,Feb-2025
19275,7232,1,NMDC Ltd.,Mining,Mining,Domestic Equities,8974.0,8836.0,1.561792666364871,0.056100000000000004,0.0584,-3.9383561643835536,0.755179237282432,1100,nmdc,Mid Cap,Feb-2025
133642,6320,1,Petronet LNG Ltd.,Inds. Gases & Fuels,Industrials Gases & Fuels,Domestic Equities,1978.0,1895.0,4.379947229551451,0.055999999999999994,0.0599,-6.510851419031728,0.753833106734691,1100,petronet-lng,Mid Cap,Feb-2025
56674,5695,1,Supreme Industries Ltd.,Plastic Products,Plastic Products,Domestic Equities,168.0,165.0,1.8181818181818181,0.0559,0.0655,-14.656488549618322,0.752486976186951,1100,supreme-industries,Mid Cap,Feb-2025
191600,99819,1,FSN E-Commerce Ventures Ltd.,Retailing,Information Technology,Domestic Equities,3472.0,3486.0,-0.4016064257028112,0.055099999999999996,0.058899999999999994,-6.451612903225805,0.741717931805026,1100,fsn-e-commerce-ventures,Mid Cap,Feb-2025
171839,6306,1,Solar Industries India Ltd.,Chemicals,Chemicals,Domestic Equities,62.0,58.0,6.896551724137931,0.054000000000000006,0.0591,-8.629441624365478,0.726910495779881,1100,solar-industries-india,Mid Cap,Feb-2025
79,7951,1,Balkrishna Industries Ltd.,Automobile & Ancillaries,Automobile & Ancillaries,Domestic Equities,204.0,200.0,2.0,0.053399999999999996,0.0554,-3.610108303249101,0.718833712493438,1100,balkrishna-industries,Mid Cap,Feb-2025
152238,8313,1,MRF Ltd.,Automobile & Ancillaries,Automobile & Ancillaries,Domestic Equities,5.0,5.0,0.0,0.0527,0.056799999999999996,-7.218309859154933,0.709410798659254,1100,mrf,Mid Cap,Feb-2025
152296,7356,1,Patanjali Foods Ltd.,FMCG,Fast Moving Consumer Goods,Domestic Equities,294.0,279.0,5.376344086021505,0.0518,0.0509,1.7681728880157142,0.697295623729589,1100,patanjali-foods,Mid Cap,Feb-2025
123299,91366,1,KPIT Technologies Ltd.,IT,Information Technology,Domestic Equities,424.0,392.0,8.16326530612245,0.0508,0.0552,-7.971014492753614,0.683834318252184,1100,kpit-technologies,Mid Cap,Feb-2025
152616,7532,1,Vodafone Idea Ltd.,Telecom,Telecom,Domestic Equities,67048.0,64788.0,3.488300302525159,0.0506,0.058600000000000006,-13.651877133105813,0.681142057156703,1100,vodafone-idea,Mid Cap,Feb-2025
19182,5589,1,Coromandel International Ltd.,Chemicals,Chemicals,Domestic Equities,301.0,293.0,2.7303754266211606,0.050199999999999995,0.053,-5.283018867924533,0.675757534965741,1100,coromandel-international,Mid Cap,Feb-2025
677,6026,1,Oil India Ltd.,Crude Oil,Crude Oil,Domestic Equities,1451.0,1341.0,8.202833706189411,0.049699999999999994,0.0564,-11.879432624113475,0.669026882227038,1100,oil-india,Mid Cap,Feb-2025
756,88308,1,Rail Vikas Nigam Ltd.,Infrastructure,Infrastructure,Domestic Equities,1480.0,1398.0,5.865522174535051,0.0492,0.0666,-26.12612612612613,0.662296229488336,1100,rail-vikas-nigam,Large Cap,Feb-2025
133630,5815,1,Jindal Stainless Ltd.,Iron & Steel,Iron & Steel,Domestic Equities,837.0,810.0,3.3333333333333335,0.049,0.0529,-7.372400756143661,0.659603968392855,1100,jindal-stainless,Mid Cap,Feb-2025
152323,7533,1,Tata Elxsi Ltd.,IT,Information Technology,Domestic Equities,90.0,88.0,2.272727272727273,0.0487,0.0558,-12.724014336917561,0.655565576749633,1100,tata-elxsi,Mid Cap,Feb-2025
153260,8051,1,Prestige Estates Projects Ltd.,Realty,Realty,Domestic Equities,432.0,417.0,3.597122302158273,0.0487,0.0567,-14.109347442680772,0.655565576749633,1100,prestige-estates-projects,Mid Cap,Feb-2025
113892,8292,1,KEI Industries Ltd.,Electricals,Electricals,Domestic Equities,157.0,159.0,-1.257861635220126,0.0482,0.064,-24.6875,0.648834924010931,1100,kei-industries,Mid Cap,Feb-2025
171698,8307,1,Oracle Financial Services Software Ltd.,IT,Information Technology,Domestic Equities,62.0,63.0,-1.5873015873015872,0.0481,0.0575,-16.34782608695653,0.64748879346319,1100,oracle-financial-services-software,Mid Cap,Feb-2025
171336,8097,1,JK Cement Ltd.,Construction Materials,Construction Materials,Domestic Equities,107.0,107.0,0.0,0.047,0.051699999999999996,-9.090909090909086,0.632681357438044,1100,jk-cement,Mid Cap,Feb-2025
352,7184,1,Ipca Laboratories Ltd.,Healthcare,Healthcare,Domestic Equities,343.0,341.0,0.5865102639296188,0.04650000000000001,0.0492,-5.487804878048772,0.625950704699342,1100,ipca-laboratories,Mid Cap,Feb-2025
152608,7159,1,Indian Bank,Bank,Banking,Domestic Equities,904.0,888.0,1.8018018018018018,0.0462,0.049400000000000006,-6.477732793522273,0.62191231305612,1100,indian-bank,Mid Cap,Feb-2025
171444,98250,1,Kalyan Jewellers India Ltd.,Diamond  &  Jewellery,Diamond & Jewellery,Domestic Equities,984.0,981.0,0.3058103975535168,0.0455,0.049400000000000006,-7.8947368421052735,0.612489399221937,1100,kalyan-jewellers-india,Mid Cap,Feb-2025
75891,5355,1,Container Corporation Of India Ltd.,Logistics,Logistics,Domestic Equities,730.0,684.0,6.725146198830409,0.0455,0.053399999999999996,-14.794007490636703,0.612489399221937,1100,container-corporation-of-india,Mid Cap,Feb-2025
153691,5278,1,Oberoi Realty Ltd.,Realty,Realty,Domestic Equities,300.0,290.0,3.4482758620689653,0.044500000000000005,0.0526,-15.399239543726228,0.599028093744531,1100,oberoi-realty,Mid Cap,Feb-2025
171434,4916,1,Astral Ltd.,Plastic Products,Plastic Products,Domestic Equities,321.0,313.0,2.5559105431309903,0.0429,0.0472,-9.110169491525417,0.577490004980683,1100,astral,Mid Cap,Feb-2025
152519,8782,1,Mahindra & Mahindra Financial Services Ltd.,Finance,Finance,Domestic Equities,1536.0,1461.0,5.133470225872689,0.0416,0.0416,0.0,0.559990307860056,1100,mahindra-mahindra-financial-services,Mid Cap,Feb-2025
171509,5522,1,Tata Communications Ltd.,Telecom,Telecom,Domestic Equities,302.0,290.0,4.137931034482759,0.0408,0.047400000000000005,-13.924050632911394,0.549221263478132,1100,tata-communications,Mid Cap,Feb-2025
171886,6139,1,Exide Industries Ltd.,Automobile & Ancillaries,Automobile & Ancillaries,Domestic Equities,1156.0,1124.0,2.8469750889679712,0.04019999999999999,0.0421,-4.513064133016637,0.541144480191689,1100,exide-industries,Mid Cap,Feb-2025
152367,6359,1,Abbott India Ltd.,Healthcare,Healthcare,Domestic Equities,13.0,13.0,0.0,0.0395,0.034,16.176470588235304,0.531721566357505,1100,abbott-india,Mid Cap,Feb-2025
133351,5368,1,Steel Authority Of India Ltd.,Iron & Steel,Iron & Steel,Domestic Equities,3668.0,3627.0,1.1304108078301627,0.0385,0.039,-1.2820512820512775,0.5182602608801,1100,steel-authority-of-india,Mid Cap,Feb-2025
152207,5372,1,LIC Housing Finance Ltd.,Finance,Finance,Domestic Equities,773.0,752.0,2.7925531914893615,0.0384,0.045,-14.66666666666667,0.51691413033236,1100,lic-housing-finance,Mid Cap,Feb-2025
173672,92657,1,Gujarat Fluorochemicals Ltd.,Chemicals,Chemicals,Domestic Equities,107.0,101.0,5.9405940594059405,0.0384,0.0361,6.3711911357340725,0.51691413033236,1100,gujarat-fluorochemicals,Mid Cap,Feb-2025
171333,7587,1,United Breweries Ltd.,Alcohol,Alcohol,Domestic Equities,196.0,186.0,5.376344086021505,0.0381,0.039900000000000005,-4.5112781954887256,0.512875738689138,1100,united-breweries,Mid Cap,Feb-2025
171840,6541,1,UNO Minda Ltd.,Automobile & Ancillaries,Automobile & Ancillaries,Domestic Equities,449.0,446.0,0.672645739910314,0.0371,0.042199999999999994,-12.085308056872034,0.499414433211733,1100,uno-minda,Mid Cap,Feb-2025
171433,6783,1,Berger Paints India Ltd.,Chemicals,Chemicals,Domestic Equities,735.0,690.0,6.521739130434782,0.0359,0.0326,10.12269938650307,0.483260866638847,1100,berger-paints-india,Mid Cap,Feb-2025
133643,6434,1,Biocon Ltd.,Healthcare,Healthcare,Domestic Equities,1166.0,1131.0,3.094606542882405,0.0353,0.040999999999999995,-13.902439024390242,0.475184083352404,1100,biocon,Mid Cap,Feb-2025
47051,90577,1,Dalmia Bharat Ltd.,Construction Materials,Construction Materials,Domestic Equities,206.0,204.0,0.9803921568627451,0.0348,0.0381,-8.661417322834646,0.468453430613701,1100,dalmia-bharat,Mid Cap,Feb-2025
133635,5732,1,Indraprastha Gas Ltd.,Gas Transmission,Gas Transmission,Domestic Equities,1806.0,1744.0,3.555045871559633,0.0342,0.0352,-2.8409090909090935,0.460376647327258,1100,indraprastha-gas,Mid Cap,Feb-2025
46521,101004,1,Delhivery Ltd.,Logistics,Logistics,Domestic Equities,1317.0,1296.0,1.6203703703703702,0.0329,0.0416,-20.91346153846154,0.442876950206631,1100,delhivery,Small Cap,Feb-2025
97743,96921,1,Gland Pharma Ltd.,Healthcare,Healthcare,Domestic Equities,211.0,199.0,6.030150753768844,0.032799999999999996,0.030299999999999997,8.25082508250825,0.441530819658891,1100,gland-pharma,Small Cap,Feb-2025
75659,6055,1,Lloyds Metals & Energy Ltd.,Iron & Steel,Iron & Steel,Domestic Equities,320.0,307.0,4.234527687296417,0.0327,0.038,-13.947368421052628,0.44018468911115,1100,lloyds-metals-energy,Mid Cap,Feb-2025
134830,88309,1,Mazagon Dock Shipbuilders Ltd.,Ship Building,Ship Building,Domestic Equities,153.0,154.0,-0.6493506493506493,0.0326,0.0385,-15.324675324675333,0.438838558563409,1100,mazagon-dock-shipbuilders,Mid Cap,Feb-2025
171410,5631,1,Procter & Gamble Hygiene and Health Care Ltd.,FMCG,Fast Moving Consumer Goods,Domestic Equities,24.0,24.0,0.0,0.0325,0.0348,-6.609195402298849,0.437492428015669,1100,procter-gamble-hygiene-and-health-care,Mid Cap,Feb-2025
19183,6082,1,Deepak Nitrite Ltd.,Chemicals,Chemicals,Domestic Equities,175.0,172.0,1.744186046511628,0.032400000000000005,0.04,-18.999999999999993,0.436146297467928,1100,deepak-nitrite,Mid Cap,Feb-2025
171565,6678,1,Apollo Tyres Ltd.,Automobile & Ancillaries,Automobile & Ancillaries,Domestic Equities,866.0,821.0,5.481120584652863,0.032400000000000005,0.0359,-9.749303621169906,0.436146297467928,1100,apollo-tyres,Small Cap,Feb-2025
44430,82482,1,L&T Technology Services Ltd.,IT,Information Technology,Domestic Equities,71.0,69.0,2.898550724637681,0.0322,0.037599999999999995,-14.361702127659564,0.433454036372447,1100,lt-technology-services,Mid Cap,Feb-2025
152079,6815,1,Linde India Ltd.,Inds. Gases & Fuels,Industrials Gases & Fuels,Domestic Equities,54.0,54.0,0.0,0.032,0.0338,-5.32544378698224,0.430761775276966,1100,linde-india,Mid Cap,Feb-2025
152325,5528,1,Thermax Ltd.,Capital Goods,Capital Goods,Domestic Equities,97.0,99.0,-2.0202020202020203,0.0315,0.0382,-17.539267015706805,0.424031122538264,1100,thermax,Mid Cap,Feb-2025
152397,5267,1,Tata Chemicals Ltd.,Chemicals,Chemicals,Domestic Equities,402.0,392.0,2.5510204081632653,0.031200000000000002,0.0387,-19.37984496124031,0.419992730895042,1100,tata-chemicals,Small Cap,Feb-2025
152324,4941,1,ACC Ltd.,Construction Materials,Construction Materials,Domestic Equities,171.0,173.0,-1.1560693641618496,0.0311,0.0347,-10.374639769452457,0.418646600347302,1100,acc,Mid Cap,Feb-2025
152486,5772,1,AIA Engineering Ltd.,Automobile & Ancillaries,Automobile & Ancillaries,Domestic Equities,99.0,99.0,0.0,0.0311,0.0364,-14.560439560439567,0.418646600347302,1100,aia-engineering,Mid Cap,Feb-2025
19098,6973,1,Schaeffler India Ltd.,Automobile & Ancillaries,Automobile & Ancillaries,Domestic Equities,101.0,96.0,5.208333333333334,0.030899999999999997,0.0329,-6.079027355623105,0.415954339251821,1100,schaeffler-india,Mid Cap,Feb-2025
19805,15724,1,Syngene International Ltd.,Business Services,Healthcare,Domestic Equities,470.0,458.0,2.6200873362445414,0.030699999999999998,0.0342,-10.233918128654974,0.41326207815634,1100,syngene-international,Mid Cap,Feb-2025
133407,5997,1,Hindustan Zinc Ltd.,Non - Ferrous Metals,Non - Ferrous Metals,Domestic Equities,784.0,743.0,5.518169582772544,0.030600000000000002,0.0334,-8.383233532934126,0.411915947608599,1100,hindustan-zinc,Large Cap,Feb-2025
177212,94646,1,Hitachi Energy India Ltd.,Capital Goods,Capital Goods,Domestic Equities,27.0,22.0,22.727272727272727,0.0305,0.028300000000000002,7.773851590105998,0.410569817060859,1100,hitachi-energy-india,Mid Cap,Feb-2025
57541,86814,1,General Insurance Corporation of India,Insurance,Finance,Domestic Equities,811.0,786.0,3.1806615776081424,0.029900000000000003,0.0323,-7.430340557275534,0.402493033774415,1100,general-insurance-corporation-of-india,Mid Cap,Feb-2025
114414,5238,1,Bank Of India,Bank,Banking,Domestic Equities,3069.0,3051.0,0.5899705014749262,0.0292,0.034300000000000004,-14.868804664723037,0.393070119940232,1100,bank-of-india,Mid Cap,Feb-2025
83342,79963,1,Bandhan Bank Ltd.,Bank,Banking,Domestic Equities,2032.0,2119.0,-4.105710240679565,0.0287,0.0321,-10.591900311526475,0.386339467201529,1100,bandhan-bank,Small Cap,Feb-2025
114654,92672,1,Indian Renewable Energy Development Agency Ltd.,Finance,Finance,Domestic Equities,1802.0,1667.0,8.098380323935213,0.0281,0.0337,-16.617210682492583,0.378262683915086,1100,indian-renewable-energy-development-agency,Mid Cap,Feb-2025
79346,86555,1,Aditya Birla Capital Ltd.,Finance,Finance,Domestic Equities,1797.0,1796.0,0.05567928730512249,0.0281,0.0322,-12.73291925465839,0.378262683915086,1100,aditya-birla-capital,Mid Cap,Feb-2025
1704,6920,1,L&T Finance Ltd.,Finance,Finance,Domestic Equities,2071.0,2034.0,1.8190757128810224,0.0279,0.0296,-5.743243243243241,0.375570422819605,1100,lt-finance,Mid Cap,Feb-2025
134823,84770,1,Cochin Shipyard Ltd.,Ship Building,Ship Building,Domestic Equities,218.0,210.0,3.8095238095238098,0.0277,0.0322,-13.97515527950311,0.372878161724124,1100,cochin-shipyard,Mid Cap,Feb-2025
171580,109023,1,Tata Technologies Ltd.,IT,Information Technology,Domestic Equities,412.0,390.0,5.641025641025641,0.0277,0.030699999999999998,-9.771986970684035,0.372878161724124,1100,tata-technologies,Mid Cap,Feb-2025
133333,4917,1,CRISIL Ltd.,Ratings,Ratings,Domestic Equities,63.0,63.0,0.0,0.0276,0.0342,-19.298245614035093,0.371532031176384,1100,crisil,Mid Cap,Feb-2025
152386,5556,1,Glaxosmithkline Pharmaceuticals Ltd.,Healthcare,Healthcare,Domestic Equities,110.0,104.0,5.769230769230769,0.027200000000000002,0.0206,32.038834951456316,0.366147508985421,1100,glaxosmithkline-pharmaceuticals,Mid Cap,Feb-2025
133495,5019,1,Ajanta Pharma Ltd.,Healthcare,Healthcare,Domestic Equities,109.0,104.0,4.807692307692308,0.0271,0.027999999999999997,-3.214285714285709,0.364801378437681,1100,ajanta-pharma,Mid Cap,Feb-2025
171948,7104,1,Emami Ltd.,FMCG,Fast Moving Consumer Goods,Domestic Equities,508.0,498.0,2.0080321285140563,0.0269,0.0294,-8.503401360544217,0.3621091173422,1100,emami,Small Cap,Feb-2025
152318,6472,1,Sundram Fasteners Ltd.,Automobile & Ancillaries,Automobile & Ancillaries,Domestic Equities,284.0,278.0,2.158273381294964,0.0265,0.028999999999999998,-8.620689655172415,0.356724595151238,1100,sundram-fasteners,Small Cap,Feb-2025
95549,7450,1,Aditya Birla Fashion and Retail Ltd.,Retailing,Retailing,Domestic Equities,1064.0,1084.0,-1.8450184501845017,0.0258,0.0297,-13.131313131313135,0.347301681317054,1100,aditya-birla-fashion-and-retail,Mid Cap,Feb-2025
102429,100653,1,Global Health Ltd.,Healthcare,Healthcare,Domestic Equities,216.0,207.0,4.3478260869565215,0.0248,0.0215,15.34883720930233,0.333840375839649,1100,global-health,Small Cap,Feb-2025
76174,111823,1,Bharti Hexacom Ltd.,Telecom,Telecom,Domestic Equities,188.0,187.0,0.53475935828877,0.0245,0.0253,-3.1620553359683647,0.329801984196427,1100,bharti-hexacom,Mid Cap,Feb-2025
152370,5063,1,Escorts Kubota Ltd.,Automobile & Ancillaries,Automobile & Ancillaries,Domestic Equities,84.0,82.0,2.4390243902439024,0.0241,0.0297,-18.855218855218855,0.324417462005465,1100,escorts-kubota,Mid Cap,Feb-2025
57781,87827,1,Bharat Dynamics Ltd.,Capital Goods,Capital Goods,Domestic Equities,242.0,225.0,7.555555555555555,0.0236,0.0294,-19.727891156462587,0.317686809266763,1100,bharat-dynamics,Mid Cap,Feb-2025
171646,5397,1,Carborundum Universal Ltd.,Abrasives,Abrasives,Domestic Equities,281.0,279.0,0.7168458781362007,0.023399999999999997,0.0331,-29.305135951661637,0.314994548171282,1100,carborundum-universal,Small Cap,Feb-2025
797,86851,1,Nippon Life India Asset Management Ltd.,Finance,Finance,Domestic Equities,448.0,440.0,1.8181818181818181,0.023,0.025699999999999997,-10.505836575875488,0.30961002598032,1100,nippon-life-india-asset-management,Mid Cap,Feb-2025
133170,6243,1,Timken India Ltd.,Automobile & Ancillaries,Automobile & Ancillaries,Domestic Equities,92.0,91.0,1.098901098901099,0.022799999999999997,0.026000000000000002,-12.307692307692317,0.306917764884839,1100,timken-india,Small Cap,Feb-2025
645,8087,1,IRB Infrastructure Developers Ltd.,Infrastructure,Infrastructure,Domestic Equities,5168.0,4899.0,5.490916513574199,0.022400000000000003,0.0281,-20.28469750889679,0.301533242693876,1100,irb-infrastructure-developers,Mid Cap,Feb-2025
115032,83788,1,Housing & Urban Development Corporation Ltd.,Finance,Finance,Domestic Equities,1315.0,1257.0,4.614160700079554,0.0217,0.028900000000000002,-24.91349480968859,0.292110328859693,1100,housing-urban-development-corporation,Mid Cap,Feb-2025
152363,7424,1,SKF India Ltd.,Automobile & Ancillaries,Automobile & Ancillaries,Domestic Equities,58.0,59.0,-1.694915254237288,0.021400000000000002,0.0239,-10.460251046025103,0.288071937216471,1100,skf-india,Small Cap,Feb-2025
171405,6966,1,Poonawalla Fincorp Ltd.,Finance,Finance,Domestic Equities,742.0,748.0,-0.8021390374331552,0.0209,0.0232,-9.913793103448276,0.281341284477769,1100,poonawalla-fincorp,Small Cap,Feb-2025
509,8487,1,K.P.R. Mill Ltd.,Textile,Textile,Domestic Equities,257.0,255.0,0.7843137254901961,0.0206,0.023799999999999998,-13.445378151260497,0.277302892834547,1100,kpr-mill,Small Cap,Feb-2025
13,7543,1,Tata Investment Corporation Ltd.,Finance,Finance,Domestic Equities,34.0,33.0,3.0303030303030303,0.0206,0.0199,3.5175879396984957,0.277302892834547,1100,tata-investment-corporation,Mid Cap,Feb-2025
113787,7539,1,Honeywell Automation India Ltd.,Consumer Durables,Consumer Durables,Domestic Equities,6.0,5.0,20.0,0.0202,0.0202,0.0,0.271918370643585,1100,honeywell-automation-india,Mid Cap,Feb-2025
196533,104025,1,Motherson Sumi Wiring India Ltd.,Iron & Steel,Iron & Steel,Domestic Equities,4266.0,4221.0,1.0660980810234542,0.020099999999999996,0.023700000000000002,-15.18987341772153,0.270572240095844,1100,motherson-sumi-wiring-india,Small Cap,Feb-2025
58178,99657,1,Star Health and Allied Insurance Company Ltd.,Insurance,Finance,Domestic Equities,533.0,558.0,-4.480286738351254,0.02,0.0242,-17.355371900826444,0.269226109548104,1100,star-health-and-allied-insurance-company,Small Cap,Feb-2025
133645,6755,1,Bank Of Maharashtra,Bank,Banking,Domestic Equities,4038.0,3963.0,1.8925056775170326,0.0187,0.0203,-7.881773399014764,0.251726412427477,1100,bank-of-maharashtra,Mid Cap,Feb-2025
152064,6806,1,3M India Ltd.,Diversified,Diversified,Domestic Equities,7.0,7.0,0.0,0.0184,0.0209,-11.961722488038268,0.247688020784256,1100,3m-india,Mid Cap,Feb-2025
133387,5868,1,Godrej Industries Ltd.,Chemicals,Chemicals,Domestic Equities,161.0,158.0,1.89873417721519,0.0177,0.0141,25.53191489361703,0.238265106950072,1100,godrej-industries,Mid Cap,Feb-2025
78882,109773,1,JSW Infrastructure Ltd.,Logistics,Logistics,Domestic Equities,691.0,698.0,-1.002865329512894,0.0176,0.0192,-8.33333333333333,0.236918976402332,1100,jsw-infrastructure,Mid Cap,Feb-2025
19128,7053,1,Grindwell Norton Ltd.,Abrasives,Abrasives,Domestic Equities,119.0,114.0,4.385964912280701,0.0171,0.022000000000000002,-22.27272727272728,0.230188323663629,1100,grindwell-norton,Small Cap,Feb-2025
171853,7249,1,NLC India Ltd.,Power,Power,Domestic Equities,819.0,812.0,0.8620689655172413,0.017,0.018000000000000002,-5.55555555555556,0.228842193115888,1100,nlc-india,Mid Cap,Feb-2025
19510,6302,1,ZF Commercial Vehicle Control Systems India Ltd.,Automobile & Ancillaries,Automobile & Ancillaries,Domestic Equities,15.0,16.0,-6.25,0.016399999999999998,0.0177,-7.3446327683615875,0.220765409829445,1100,zf-commercial-vehicle-control-systems-india,Small Cap,Feb-2025
137768,15760,1,Gujarat Gas Ltd.,Gas Transmission,Gas Transmission,Domestic Equities,440.0,425.0,3.5294117647058822,0.0163,0.0207,-21.256038647342994,0.219419279281705,1100,gujarat-gas,Mid Cap,Feb-2025
171394,82477,1,Endurance Technologies Ltd.,Automobile & Ancillaries,Automobile & Ancillaries,Domestic Equities,89.0,88.0,1.1363636363636365,0.015700000000000002,0.0175,-10.285714285714283,0.211342495995262,1100,endurance-technologies,Mid Cap,Feb-2025
1840,4901,1,SJVN Ltd.,Power,Power,Domestic Equities,1855.0,1738.0,6.7318757192174905,0.015600000000000001,0.0169,-7.692307692307685,0.209996365447521,1100,sjvn,Mid Cap,Feb-2025
19174,6780,1,Bayer CropScience Ltd.,Chemicals,Chemicals,Domestic Equities,33.0,31.0,6.451612903225806,0.015600000000000001,0.0159,-1.8867924528301903,0.209996365447521,1100,bayer-cropscience,Small Cap,Feb-2025
152532,6617,1,Sun TV Network Ltd.,Media & Entertainment,Media & Entertainment,Domestic Equities,219.0,215.0,1.8604651162790697,0.0123,0.013300000000000001,-7.518796992481209,0.165574057372084,1100,sun-tv-network,Small Cap,Feb-2025
555,5663,1,The Fertilisers And Chemicals Travancore Ltd.,Chemicals,Chemicals,Domestic Equities,168.0,158.0,6.329113924050633,0.0116,0.0146,-20.547945205479458,0.1561511435379,1100,the-fertilisers-and-chemicals-travancore,Mid Cap,Feb-2025
133909,100034,1,Metro Brands Ltd.,Retailing,Retailing,Domestic Equities,96.0,94.0,2.127659574468085,0.010700000000000001,0.0111,-3.6036036036036063,0.144035968608236,1100,metro-brands,Mid Cap,Feb-2025
133353,4920,1,IDBI Bank Ltd.,Bank,Banking,Domestic Equities,1435.0,1388.0,3.386167146974063,0.009899999999999999,0.0113,-12.389380530973444,0.133266924226311,1100,idbi-bank,Mid Cap,Feb-2025
57345,99844,1,AWL Agri Business Ltd.,FMCG,Fast Moving Consumer Goods,Domestic Equities,395.0,406.0,-2.70935960591133,0.0097,0.0108,-10.185185185185192,0.13057466313083,1100,awl-agri-business,Mid Cap,Feb-2025
58164,86911,1,The New India Assurance Company Ltd.,Insurance,Finance,Domestic Equities,639.0,592.0,7.939189189189189,0.0091,0.0108,-15.740740740740744,0.122497879844387,1100,the-new-india-assurance-company,Mid Cap,Feb-2025
133551,7167,1,Indian Overseas Bank,Bank,Banking,Domestic Equities,1788.0,1724.0,3.7122969837587005,0.0078000000000000005,0.0088,-11.36363636363636,0.104998182723761,1100,indian-overseas-bank,Large Cap,Feb-2025
171883,5324,1,Mangalore Refinery And Petrochemicals Ltd.,Crude Oil,Crude Oil,Domestic Equities,478.0,460.0,3.91304347826087,0.0051,0.006,-14.999999999999996,0.0686526579347665,1100,mangalore-refinery-and-petrochemicals,Small Cap,Feb-2025
77009,96064,1,Max Healthcare Institute Ltd.,Healthcare,Healthcare,Domestic Equities,1895.0,1892.0,0.15856236786469344,0.2079,0.18510000000000001,12.317666126418137,2.54985650158216,1100,max-healthcare-institute,Mid Cap,Mar-2025
76200,82667,1,BSE Ltd.,Finance,Finance,Domestic Equities,334.0,377.0,-11.405835543766578,0.183,0.1747,4.751001717229547,2.2444624328501,1100,bse,Mid Cap,Mar-2025
152473,5056,1,Suzlon Energy Ltd.,Capital Goods,Capital Goods,Domestic Equities,30975.0,31001.0,-0.0838682623141189,0.17550000000000002,0.15410000000000001,13.887086307592474,2.15247626756936,1100,suzlon-energy,Mid Cap,Mar-2025
95548,5980,1,Persistent Systems Ltd.,IT,Information Technology,Domestic Equities,269.0,280.0,-3.9285714285714284,0.1483,0.1485,-0.1346801346801318,1.8188731081512,1100,persistent-systems,Mid Cap,Mar-2025
133657,7260,1,Coforge Ltd.,IT,Information Technology,Domestic Equities,170.0,173.0,-1.7341040462427744,0.1379,0.1274,8.241758241758234,1.69131895896191,1100,coforge,Mid Cap,Mar-2025
157113,99763,1,PB Fintech Ltd.,IT,Information Technology,Domestic Equities,827.0,843.0,-1.8979833926453145,0.1315,0.1234,6.564019448946519,1.61282409792234,1100,pb-fintech,Mid Cap,Mar-2025
57445,86554,1,Dixon Technologies (India) Ltd.,Consumer Durables,Consumer Durables,Domestic Equities,98.0,96.0,2.083333333333333,0.1292,0.1338,-3.437967115097166,1.58461500723625,1100,dixon-technologies-india,Mid Cap,Mar-2025
152211,6247,1,Lupin Ltd.,Healthcare,Healthcare,Domestic Equities,636.0,601.0,5.823627287853577,0.129,0.11449999999999999,12.663755458515293,1.58216204282876,1100,lupin,Mid Cap,Mar-2025
171685,5596,1,The Federal Bank Ltd.,Bank,Banking,Domestic Equities,6205.0,6147.0,0.9435496990401823,0.11960000000000001,0.1092,9.523809523809533,1.4668727156769,1100,the-federal-bank,Mid Cap,Mar-2025
38803,5403,1,Indus Towers Ltd.,Telecom,Telecom,Domestic Equities,3413.0,3244.0,5.209617755856967,0.11410000000000001,0.10490000000000001,8.77025738798856,1.39941619447102,1100,indus-towers,Large Cap,Mar-2025
165,7447,1,SRF Ltd.,Chemicals,Chemicals,Domestic Equities,367.0,370.0,-0.8108108108108109,0.1079,0.10339999999999999,4.352030947775622,1.32337429783894,1100,srf,Mid Cap,Mar-2025
171877,6125,1,Cummins India Ltd.,Automobile & Ancillaries,Automobile & Ancillaries,Domestic Equities,347.0,348.0,-0.28735632183908044,0.1059,0.0946,11.945031712473561,1.29884465376407,1100,cummins-india,Large Cap,Mar-2025
114530,88033,1,HDFC Asset Management Company Ltd.,Finance,Finance,Domestic Equities,262.0,257.0,1.9455252918287937,0.1052,0.0932,12.875536480686685,1.29025927833787,1100,hdfc-asset-management-company,Mid Cap,Mar-2025
152636,5140,1,Fortis Healthcare Ltd.,Healthcare,Healthcare,Domestic Equities,1314.0,1321.0,-0.5299015897047691,0.09179999999999999,0.0809,13.473423980222496,1.12591066303628,1100,fortis-healthcare,Mid Cap,Mar-2025
7737,15826,1,IDFC First Bank Ltd.,Bank,Banking,Domestic Equities,16104.0,15774.0,2.092050209205021,0.0885,0.09210000000000002,-3.9087947882736285,1.08543675031275,1100,idfc-first-bank,Mid Cap,Mar-2025
171365,5279,1,Hindustan Petroleum Corporation Ltd.,Crude Oil,Crude Oil,Domestic Equities,2434.0,2506.0,-2.8731045490822025,0.0877,0.0736,19.15760869565216,1.07562489268281,1100,hindustan-petroleum-corporation,Mid Cap,Mar-2025
171327,5699,1,Marico Ltd.,FMCG,Fast Moving Consumer Goods,Domestic Equities,1341.0,1365.0,-1.7582417582417582,0.0874,0.08199999999999999,6.585365853658548,1.07194544607158,1100,marico,Mid Cap,Mar-2025
599,7495,1,Sundaram Finance Ltd.,Finance,Finance,Domestic Equities,190.0,175.0,8.571428571428571,0.08689999999999999,0.0794,9.445843828715354,1.06581303505286,1100,sundaram-finance,Mid Cap,Mar-2025
152379,5838,1,Voltas Ltd.,Consumer Durables,Consumer Durables,Domestic Equities,587.0,571.0,2.8021015761821366,0.08560000000000001,0.0754,13.527851458885948,1.0498687664042,1100,voltas,Mid Cap,Mar-2025
171465,6543,1,Aurobindo Pharma Ltd.,Healthcare,Healthcare,Domestic Equities,719.0,713.0,0.8415147265077139,0.0834,0.0755,10.463576158940398,1.02288615792185,1100,aurobindo-pharma,Mid Cap,Mar-2025
171946,6864,1,Godrej Properties Ltd.,Realty,Realty,Domestic Equities,391.0,378.0,3.439153439153439,0.0833,0.0732,13.79781420765027,1.02165967571811,1100,godrej-properties,Mid Cap,Mar-2025
152455,7030,1,Yes Bank Ltd.,Bank,Banking,Domestic Equities,49028.0,48657.0,0.7624802186735722,0.0828,0.0815,1.595092024539865,1.01552726469939,1100,yes-bank,Mid Cap,Mar-2025
171635,7381,1,UPL Ltd.,Chemicals,Chemicals,Domestic Equities,1301.0,1282.0,1.4820592823712948,0.0828,0.08109999999999999,2.0961775585696665,1.01552726469939,1100,upl,Mid Cap,Mar-2025
152369,6790,1,Bharat Forge Ltd.,Automobile & Ancillaries,Automobile & Ancillaries,Domestic Equities,700.0,664.0,5.421686746987952,0.0818,0.0675,21.185185185185183,1.00326244266196,1100,bharat-forge,Mid Cap,Mar-2025
171820,5969,1,Colgate-Palmolive (India) Ltd.,FMCG,Fast Moving Consumer Goods,Domestic Equities,342.0,336.0,1.7857142857142856,0.0817,0.0828,-1.3285024154589304,1.00203596045821,1100,colgate-palmolive-india,Mid Cap,Mar-2025
141614,85778,1,AU Small Finance Bank Ltd.,Bank,Banking,Domestic Equities,1514.0,1387.0,9.156452775775053,0.0809,0.0785,3.057324840764334,0.992224102828268,1100,au-small-finance-bank,Mid Cap,Mar-2025
122,5767,1,The Phoenix Mills Ltd.,Realty,Realty,Domestic Equities,477.0,456.0,4.605263157894736,0.0784,0.0706,11.048158640226632,0.961562047734687,1100,the-phoenix-mills,Mid Cap,Mar-2025
171659,5756,1,Ashok Leyland Ltd.,Automobile & Ancillaries,Automobile & Ancillaries,Domestic Equities,3788.0,3734.0,1.44617032672737,0.0774,0.0795,-2.6415094339622636,0.949297225697255,1100,ashok-leyland,Mid Cap,Mar-2025
101370,86936,1,Tube Investments of India Ltd.,Automobile & Ancillaries,Automobile & Ancillaries,Domestic Equities,276.0,276.0,0.0,0.0764,0.068,12.352941176470585,0.937032403659823,1100,tube-investments-of-india,Mid Cap,Mar-2025
152222,5634,1,Max Financial Services Ltd.,Finance,Finance,Domestic Equities,650.0,661.0,-1.6641452344931922,0.0746,0.066,13.030303030303036,0.914955723992445,1100,max-financial-services,Mid Cap,Mar-2025
152574,8059,1,Torrent Power Ltd.,Power,Power,Domestic Equities,492.0,495.0,-0.6060606060606061,0.0732,0.0625,17.120000000000005,0.89778497314004,1100,torrent-power,Mid Cap,Mar-2025
19255,6350,1,Mphasis Ltd.,IT,Information Technology,Domestic Equities,291.0,300.0,-3.0,0.0728,0.0674,8.011869436201781,0.892879044325067,1100,mphasis,Mid Cap,Mar-2025
133317,6810,1,Blue Star Ltd.,Consumer Durables,Consumer Durables,Domestic Equities,333.0,,,0.0711,,,0.872028846861432,1100,blue-star,Mid Cap,Mar-2025
133342,5963,1,Bharat Heavy Electricals Ltd.,Capital Goods,Capital Goods,Domestic Equities,3276.0,,,0.0709,,,0.869575882453946,1100,bharat-heavy-electricals,Mid Cap,Mar-2025
152551,7908,1,GMR Airports Ltd.,Infrastructure,Aviation,Domestic Equities,9359.0,8978.0,4.24370683893963,0.0709,0.062400000000000004,13.621794871794865,0.869575882453946,1100,gmr-airports,Mid Cap,Mar-2025
171839,6306,1,Solar Industries India Ltd.,Chemicals,Chemicals,Domestic Equities,63.0,62.0,1.6129032258064515,0.0708,0.054000000000000006,31.111111111111107,0.868349400250202,1100,solar-industries-india,Mid Cap,Mar-2025
152118,7308,1,PI Industries Ltd.,Chemicals,Chemicals,Domestic Equities,206.0,202.0,1.9801980198019802,0.0706,0.060899999999999996,15.927750410509029,0.865896435842716,1100,pi-industries,Mid Cap,Mar-2025
1152,105806,1,Mankind Pharma Ltd.,Healthcare,Healthcare,Domestic Equities,290.0,266.0,9.022556390977442,0.0703,0.060899999999999996,15.435139573070614,0.862216989231486,1100,mankind-pharma,Mid Cap,Mar-2025
587,7648,1,APL Apollo Tubes Ltd.,Iron & Steel,Iron & Steel,Domestic Equities,459.0,452.0,1.5486725663716814,0.07,0.065,7.6923076923076925,0.858537542620257,1100,apl-apollo-tubes,Mid Cap,Mar-2025
171321,7864,1,Page Industries Ltd.,Textile,Textile,Domestic Equities,16.0,16.0,0.0,0.0683,0.06480000000000001,5.401234567901229,0.837687345156622,1100,page-industries,Mid Cap,Mar-2025
77639,92991,1,SBI Cards And Payment Services Ltd.,Finance,Finance,Domestic Equities,773.0,766.0,0.9138381201044387,0.0681,0.0643,5.9097978227060635,0.835234380749135,1100,sbi-cards-and-payment-services,Mid Cap,Mar-2025
38931,15891,1,Alkem Laboratories Ltd.,Healthcare,Healthcare,Domestic Equities,139.0,134.0,3.731343283582089,0.0679,0.0623,8.988764044943814,0.832781416341649,1100,alkem-laboratories,Mid Cap,Mar-2025
153586,8183,1,NHPC Ltd.,Power,Power,Domestic Equities,8165.0,,,0.06709999999999999,,,0.822969558711703,1100,nhpc,Mid Cap,Mar-2025
152795,99590,1,One97 Communications Ltd.,IT,Information Technology,Domestic Equities,849.0,864.0,-1.7361111111111112,0.0665,0.061799999999999994,7.605177993527519,0.815610665489244,1100,one97-communications,Mid Cap,Mar-2025
134131,90516,1,Polycab India Ltd.,Electricals,Electricals,Domestic Equities,128.0,126.0,1.5873015873015872,0.0659,0.0594,10.942760942760934,0.808251772266784,1100,polycab-india,Large Cap,Mar-2025
77293,6578,1,Muthoot Finance Ltd.,Finance,Finance,Domestic Equities,276.0,278.0,-0.7194244604316548,0.0658,0.0593,10.961214165261389,0.807025290063041,1100,muthoot-finance,Mid Cap,Mar-2025
96004,7992,1,Jubilant FoodWorks Ltd.,FMCG,Fast Moving Consumer Goods,Domestic Equities,972.0,1020.0,-4.705882352941177,0.0646,0.0639,1.095461658841945,0.792307503618123,1100,jubilant-foodworks,Mid Cap,Mar-2025
191600,99819,1,FSN E-Commerce Ventures Ltd.,Retailing,Information Technology,Domestic Equities,3510.0,3472.0,1.0944700460829493,0.0629,0.055099999999999996,14.156079854809441,0.771457306154488,1100,fsn-e-commerce-ventures,Mid Cap,Mar-2025
133608,7612,1,Union Bank Of India,Bank,Banking,Domestic Equities,4850.0,,,0.061200000000000004,,,0.750607108690853,1100,union-bank-of-india,Mid Cap,Mar-2025
19182,5589,1,Coromandel International Ltd.,Chemicals,Chemicals,Domestic Equities,307.0,301.0,1.9933554817275747,0.060899999999999996,0.050199999999999995,21.31474103585658,0.746927662079623,1100,coromandel-international,Mid Cap,Mar-2025
19275,7232,1,NMDC Ltd.,Mining,Mining,Domestic Equities,8830.0,8974.0,-1.6046356139959885,0.0608,0.056100000000000004,8.377896613190726,0.74570117987588,1100,nmdc,Mid Cap,Mar-2025
133642,6320,1,Petronet LNG Ltd.,Inds. Gases & Fuels,Industrials Gases & Fuels,Domestic Equities,1969.0,1978.0,-0.455005055611729,0.057800000000000004,0.055999999999999994,3.214285714285725,0.708906713763583,1100,petronet-lng,Mid Cap,Mar-2025
133463,8505,1,Glenmark Pharmaceuticals Ltd.,Healthcare,Healthcare,Domestic Equities,375.0,,,0.057800000000000004,,,0.708906713763583,1100,glenmark-pharmaceuticals,Mid Cap,Mar-2025
1427,98308,1,Sona BLW Precision Forgings Ltd.,Automobile & Ancillaries,Automobile & Ancillaries,Domestic Equities,1238.0,1150.0,7.652173913043478,0.0571,0.056799999999999996,0.5281690140845114,0.700321338337381,1100,sona-blw-precision-forgings,Mid Cap,Mar-2025
56674,5695,1,Supreme Industries Ltd.,Plastic Products,Plastic Products,Domestic Equities,165.0,168.0,-1.7857142857142856,0.0565,0.0559,1.07334525939178,0.692962445114921,1100,supreme-industries,Mid Cap,Mar-2025
123299,91366,1,KPIT Technologies Ltd.,IT,Information Technology,Domestic Equities,432.0,424.0,1.8867924528301887,0.0565,0.0508,11.220472440944887,0.692962445114921,1100,kpit-technologies,Mid Cap,Mar-2025
152238,8313,1,MRF Ltd.,Automobile & Ancillaries,Automobile & Ancillaries,Domestic Equities,5.0,5.0,0.0,0.056299999999999996,0.0527,6.831119544592037,0.690509480707435,1100,mrf,Mid Cap,Mar-2025
114652,92620,1,Indian Railway Catering And Tourism Corporation Ltd.,Hospitality,Hospitality,Domestic Equities,773.0,,,0.0562,,,0.689282998503692,1100,indian-railway-catering-and-tourism-corporation,Mid Cap,Mar-2025
677,6026,1,Oil India Ltd.,Crude Oil,Crude Oil,Domestic Equities,1385.0,1451.0,-4.548587181254307,0.0536,0.049699999999999994,7.84708249496983,0.657394461206368,1100,oil-india,Mid Cap,Mar-2025
352,7184,1,Ipca Laboratories Ltd.,Healthcare,Healthcare,Domestic Equities,356.0,343.0,3.7900874635568513,0.0535,0.04650000000000001,15.053763440860198,0.656167979002625,1100,ipca-laboratories,Mid Cap,Mar-2025
79,7951,1,Balkrishna Industries Ltd.,Automobile & Ancillaries,Automobile & Ancillaries,Domestic Equities,209.0,204.0,2.450980392156863,0.053399999999999996,0.053399999999999996,0.0,0.654941496798881,1100,balkrishna-industries,Mid Cap,Mar-2025
756,88308,1,Rail Vikas Nigam Ltd.,Infrastructure,Infrastructure,Domestic Equities,1492.0,1480.0,0.8108108108108109,0.0525,0.0492,6.707317073170733,0.643903156965192,1100,rail-vikas-nigam,Large Cap,Mar-2025
152296,7356,1,Patanjali Foods Ltd.,FMCG,Fast Moving Consumer Goods,Domestic Equities,285.0,294.0,-3.061224489795918,0.051500000000000004,0.0518,-0.5791505791505668,0.63163833492776,1100,patanjali-foods,Mid Cap,Mar-2025
153260,8051,1,Prestige Estates Projects Ltd.,Realty,Realty,Domestic Equities,434.0,432.0,0.4629629629629629,0.051399999999999994,0.0487,5.544147843942496,0.630411852724017,1100,prestige-estates-projects,Mid Cap,Mar-2025
171336,8097,1,JK Cement Ltd.,Construction Materials,Construction Materials,Domestic Equities,104.0,107.0,-2.803738317757009,0.0513,0.047,9.14893617021276,0.629185370520274,1100,jk-cement,Mid Cap,Mar-2025
133630,5815,1,Jindal Stainless Ltd.,Iron & Steel,Iron & Steel,Domestic Equities,859.0,837.0,2.6284348864994027,0.05,0.049,2.0408163265306047,0.613241101871612,1100,jindal-stainless,Mid Cap,Mar-2025
153691,5278,1,Oberoi Realty Ltd.,Realty,Realty,Domestic Equities,301.0,300.0,0.33333333333333337,0.0493,0.044500000000000005,10.786516853932573,0.604655726445409,1100,oberoi-realty,Mid Cap,Mar-2025
152608,7159,1,Indian Bank,Bank,Banking,Domestic Equities,907.0,904.0,0.33185840707964603,0.049100000000000005,0.0462,6.277056277056278,0.602202762037923,1100,indian-bank,Mid Cap,Mar-2025
75891,5355,1,Container Corporation Of India Ltd.,Logistics,Logistics,Domestic Equities,701.0,730.0,-3.9726027397260277,0.048499999999999995,0.0455,6.5934065934065895,0.594843868815463,1100,container-corporation-of-india,Mid Cap,Mar-2025
171509,5522,1,Tata Communications Ltd.,Telecom,Telecom,Domestic Equities,305.0,302.0,0.9933774834437087,0.0481,0.0408,17.892156862745086,0.58993794000049,1100,tata-communications,Mid Cap,Mar-2025
152323,7533,1,Tata Elxsi Ltd.,IT,Information Technology,Domestic Equities,92.0,90.0,2.2222222222222223,0.048,0.0487,-1.437371663244359,0.588711457796747,1100,tata-elxsi,Mid Cap,Mar-2025
171698,8307,1,Oracle Financial Services Software Ltd.,IT,Information Technology,Domestic Equities,61.0,62.0,-1.6129032258064515,0.0479,0.0481,-0.415800415800407,0.587484975593004,1100,oracle-financial-services-software,Mid Cap,Mar-2025
171444,98250,1,Kalyan Jewellers India Ltd.,Diamond  &  Jewellery,Diamond & Jewellery,Domestic Equities,1004.0,984.0,2.0325203252032518,0.046900000000000004,0.0455,3.0769230769230895,0.575220153555572,1100,kalyan-jewellers-india,Mid Cap,Mar-2025
152616,7532,1,Vodafone Idea Ltd.,Telecom,Telecom,Domestic Equities,68124.0,67048.0,1.6048204271566637,0.0463,0.0506,-8.498023715415016,0.567861260333113,1100,vodafone-idea,Mid Cap,Mar-2025
113892,8292,1,KEI Industries Ltd.,Electricals,Electricals,Domestic Equities,156.0,157.0,-0.6369426751592357,0.0451,0.0482,-6.4315352697095545,0.553143473888194,1100,kei-industries,Mid Cap,Mar-2025
152207,5372,1,LIC Housing Finance Ltd.,Finance,Finance,Domestic Equities,769.0,773.0,-0.517464424320828,0.0434,0.0384,13.020833333333334,0.532293276424559,1100,lic-housing-finance,Mid Cap,Mar-2025
133407,5997,1,Hindustan Zinc Ltd.,Non - Ferrous Metals,Non - Ferrous Metals,Domestic Equities,939.0,784.0,19.77040816326531,0.0434,0.030600000000000002,41.83006535947712,0.532293276424559,1100,hindustan-zinc,Large Cap,Mar-2025
152519,8782,1,Mahindra & Mahindra Financial Services Ltd.,Finance,Finance,Domestic Equities,1516.0,1536.0,-1.3020833333333335,0.0429,0.0416,3.1249999999999973,0.526160865405843,1100,mahindra-mahindra-financial-services,Mid Cap,Mar-2025
133351,5368,1,Steel Authority Of India Ltd.,Iron & Steel,Iron & Steel,Domestic Equities,3713.0,3668.0,1.2268266085059978,0.042800000000000005,0.0385,11.168831168831172,0.5249343832021,1100,steel-authority-of-india,Mid Cap,Mar-2025
171886,6139,1,Exide Industries Ltd.,Automobile & Ancillaries,Automobile & Ancillaries,Domestic Equities,1179.0,1156.0,1.9896193771626298,0.0425,0.04019999999999999,5.721393034825882,0.52125493659087,1100,exide-industries,Mid Cap,Mar-2025
173672,92657,1,Gujarat Fluorochemicals Ltd.,Chemicals,Chemicals,Domestic Equities,104.0,107.0,-2.803738317757009,0.0418,0.0384,8.854166666666663,0.512669561164667,1100,gujarat-fluorochemicals,Mid Cap,Mar-2025
97125,90518,1,Adani Total Gas Ltd.,Gas Transmission,Gas Transmission,Domestic Equities,694.0,,,0.0418,,,0.512669561164667,1100,adani-total-gas,Mid Cap,Mar-2025
134830,88309,1,Mazagon Dock Shipbuilders Ltd.,Ship Building,Ship Building,Domestic Equities,156.0,153.0,1.9607843137254901,0.0412,0.0326,26.380368098159522,0.505310667942208,1100,mazagon-dock-shipbuilders,Mid Cap,Mar-2025
171434,4916,1,Astral Ltd.,Plastic Products,Plastic Products,Domestic Equities,315.0,321.0,-1.8691588785046727,0.0408,0.0429,-4.895104895104894,0.500404739127235,1100,astral,Mid Cap,Mar-2025
133439,5473,1,National Aluminium Company Ltd.,Non - Ferrous Metals,Non - Ferrous Metals,Domestic Equities,2320.0,,,0.0407,,,0.499178256923492,1100,national-aluminium-company,Mid Cap,Mar-2025
171840,6541,1,UNO Minda Ltd.,Automobile & Ancillaries,Automobile & Ancillaries,Domestic Equities,464.0,449.0,3.34075723830735,0.0406,0.0371,9.433962264150935,0.497951774719749,1100,uno-minda,Mid Cap,Mar-2025
177212,94646,1,Hitachi Energy India Ltd.,Capital Goods,Capital Goods,Domestic Equities,32.0,27.0,18.51851851851852,0.0405,0.0305,32.786885245901644,0.496725292516006,1100,hitachi-energy-india,Mid Cap,Mar-2025
133643,6434,1,Biocon Ltd.,Healthcare,Healthcare,Domestic Equities,1177.0,1166.0,0.9433962264150944,0.04019999999999999,0.0353,13.881019830028324,0.493045845904776,1100,biocon,Mid Cap,Mar-2025
152367,6359,1,Abbott India Ltd.,Healthcare,Healthcare,Domestic Equities,13.0,13.0,0.0,0.039900000000000005,0.0395,1.0126582278481022,0.489366399293546,1100,abbott-india,Mid Cap,Mar-2025
75659,6055,1,Lloyds Metals & Energy Ltd.,Iron & Steel,Iron & Steel,Domestic Equities,309.0,320.0,-3.4375000000000004,0.0398,0.0327,21.712538226299692,0.488139917089803,1100,lloyds-metals-energy,Mid Cap,Mar-2025
135555,92715,1,360 One Wam Ltd.,Finance,Finance,Domestic Equities,409.0,,,0.038599999999999995,,,0.473422130644884,1100,360-one-wam,Mid Cap,Mar-2025
171433,6783,1,Berger Paints India Ltd.,Chemicals,Chemicals,Domestic Equities,738.0,735.0,0.40816326530612246,0.0369,0.0359,2.7855153203342646,0.45257193318125,1100,berger-paints-india,Mid Cap,Mar-2025
133635,5732,1,Indraprastha Gas Ltd.,Gas Transmission,Gas Transmission,Domestic Equities,1814.0,1806.0,0.4429678848283499,0.0368,0.0342,7.602339181286556,0.451345450977506,1100,indraprastha-gas,Mid Cap,Mar-2025
171333,7587,1,United Breweries Ltd.,Alcohol,Alcohol,Domestic Equities,182.0,196.0,-7.142857142857142,0.0364,0.0381,-4.461942257217846,0.446439522162533,1100,united-breweries,Mid Cap,Mar-2025
47051,90577,1,Dalmia Bharat Ltd.,Construction Materials,Construction Materials,Domestic Equities,200.0,206.0,-2.912621359223301,0.0364,0.0348,4.5977011494252915,0.446439522162533,1100,dalmia-bharat,Mid Cap,Mar-2025
19098,6973,1,Schaeffler India Ltd.,Automobile & Ancillaries,Automobile & Ancillaries,Domestic Equities,106.0,101.0,4.9504950495049505,0.0358,0.030899999999999997,15.857605177993536,0.439080628940074,1100,schaeffler-india,Mid Cap,Mar-2025
19183,6082,1,Deepak Nitrite Ltd.,Chemicals,Chemicals,Domestic Equities,180.0,175.0,2.857142857142857,0.035699999999999996,0.032400000000000005,10.185185185185173,0.437854146736331,1100,deepak-nitrite,Mid Cap,Mar-2025
19805,15724,1,Syngene International Ltd.,Business Services,Healthcare,Domestic Equities,490.0,470.0,4.25531914893617,0.0356,0.030699999999999998,15.960912052117271,0.436627664532588,1100,syngene-international,Mid Cap,Mar-2025
171565,6678,1,Apollo Tyres Ltd.,Automobile & Ancillaries,Automobile & Ancillaries,Domestic Equities,831.0,866.0,-4.041570438799076,0.0354,0.032400000000000005,9.259259259259252,0.434174700125101,1100,apollo-tyres,Small Cap,Mar-2025
152325,5528,1,Thermax Ltd.,Capital Goods,Capital Goods,Domestic Equities,96.0,97.0,-1.0309278350515463,0.0351,0.0315,11.428571428571425,0.430495253513872,1100,thermax,Mid Cap,Mar-2025
57541,86814,1,General Insurance Corporation of India,Insurance,Finance,Domestic Equities,803.0,811.0,-0.9864364981504316,0.0338,0.029900000000000003,13.043478260869554,0.41455098486521,1100,general-insurance-corporation-of-india,Mid Cap,Mar-2025
79346,86555,1,Aditya Birla Capital Ltd.,Finance,Finance,Domestic Equities,1807.0,1797.0,0.5564830272676683,0.0334,0.0281,18.861209964412804,0.409645056050237,1100,aditya-birla-capital,Mid Cap,Mar-2025
152324,4941,1,ACC Ltd.,Construction Materials,Construction Materials,Domestic Equities,171.0,171.0,0.0,0.0332,0.0311,6.7524115755627,0.40719209164275,1100,acc,Mid Cap,Mar-2025
152486,5772,1,AIA Engineering Ltd.,Automobile & Ancillaries,Automobile & Ancillaries,Domestic Equities,99.0,99.0,0.0,0.0332,0.0311,6.7524115755627,0.40719209164275,1100,aia-engineering,Mid Cap,Mar-2025
114414,5238,1,Bank Of India,Bank,Banking,Domestic Equities,3102.0,3069.0,1.0752688172043012,0.0332,0.0292,13.698630136986298,0.40719209164275,1100,bank-of-india,Mid Cap,Mar-2025
152079,6815,1,Linde India Ltd.,Inds. Gases & Fuels,Industrials Gases & Fuels,Domestic Equities,53.0,54.0,-1.8518518518518516,0.0332,0.032,3.7499999999999893,0.40719209164275,1100,linde-india,Mid Cap,Mar-2025
97743,96921,1,Gland Pharma Ltd.,Healthcare,Healthcare,Domestic Equities,207.0,211.0,-1.8957345971563981,0.033,0.032799999999999996,0.6097560975609762,0.404739127235264,1100,gland-pharma,Small Cap,Mar-2025
44430,82482,1,L&T Technology Services Ltd.,IT,Information Technology,Domestic Equities,72.0,71.0,1.4084507042253522,0.032400000000000005,0.0322,0.6211180124223608,0.397380234012804,1100,lt-technology-services,Mid Cap,Mar-2025
83342,79963,1,Bandhan Bank Ltd.,Bank,Banking,Domestic Equities,2153.0,2032.0,5.9547244094488185,0.0315,0.0287,9.756097560975602,0.386341894179115,1100,bandhan-bank,Small Cap,Mar-2025
95549,7450,1,Aditya Birla Fashion and Retail Ltd.,Retailing,Retailing,Domestic Equities,1227.0,1064.0,15.319548872180452,0.031400000000000004,0.0258,21.70542635658915,0.385115411975372,1100,aditya-birla-fashion-and-retail,Mid Cap,Mar-2025
1704,6920,1,L&T Finance Ltd.,Finance,Finance,Domestic Equities,2051.0,2071.0,-0.9657170449058425,0.031400000000000004,0.0279,12.544802867383515,0.385115411975372,1100,lt-finance,Mid Cap,Mar-2025
57781,87827,1,Bharat Dynamics Ltd.,Capital Goods,Capital Goods,Domestic Equities,244.0,242.0,0.8264462809917356,0.0313,0.0236,32.6271186440678,0.383888929771629,1100,bharat-dynamics,Mid Cap,Mar-2025
134823,84770,1,Cochin Shipyard Ltd.,Ship Building,Ship Building,Domestic Equities,221.0,218.0,1.3761467889908259,0.0311,0.0277,12.274368231046926,0.381435965364143,1100,cochin-shipyard,Mid Cap,Mar-2025
152386,5556,1,Glaxosmithkline Pharmaceuticals Ltd.,Healthcare,Healthcare,Domestic Equities,106.0,110.0,-3.6363636363636362,0.0305,0.027200000000000002,12.132352941176457,0.374077072141683,1100,glaxosmithkline-pharmaceuticals,Mid Cap,Mar-2025
133495,5019,1,Ajanta Pharma Ltd.,Healthcare,Healthcare,Domestic Equities,113.0,109.0,3.669724770642202,0.0296,0.0271,9.22509225092251,0.363038732307994,1100,ajanta-pharma,Mid Cap,Mar-2025
151967,5716,1,GE Vernova T&D India Ltd.,Capital Goods,Capital Goods,Domestic Equities,190.0,,,0.0296,,,0.363038732307994,1100,ge-vernova-td-india,Mid Cap,Mar-2025
171948,7104,1,Emami Ltd.,FMCG,Fast Moving Consumer Goods,Domestic Equities,500.0,508.0,-1.574803149606299,0.028999999999999998,0.0269,7.806691449814125,0.355679839085535,1100,emami,Small Cap,Mar-2025
76174,111823,1,Bharti Hexacom Ltd.,Telecom,Telecom,Domestic Equities,196.0,188.0,4.25531914893617,0.0287,0.0245,17.14285714285714,0.352000392474305,1100,bharti-hexacom,Mid Cap,Mar-2025
114654,92672,1,Indian Renewable Energy Development Agency Ltd.,Finance,Finance,Domestic Equities,1732.0,1802.0,-3.884572697003329,0.0278,0.0281,-1.067615658362998,0.340962052640616,1100,indian-renewable-energy-development-agency,Mid Cap,Mar-2025
152370,5063,1,Escorts Kubota Ltd.,Automobile & Ancillaries,Automobile & Ancillaries,Domestic Equities,85.0,84.0,1.1904761904761905,0.0276,0.0241,14.52282157676347,0.33850908823313,1100,escorts-kubota,Mid Cap,Mar-2025
171580,109023,1,Tata Technologies Ltd.,IT,Information Technology,Domestic Equities,403.0,412.0,-2.1844660194174756,0.0274,0.0277,-1.0830324909747222,0.336056123825643,1100,tata-technologies,Mid Cap,Mar-2025
133333,4917,1,CRISIL Ltd.,Ratings,Ratings,Domestic Equities,63.0,63.0,0.0,0.0263,0.0276,-4.710144927536229,0.322564819584468,1100,crisil,Mid Cap,Mar-2025
797,86851,1,Nippon Life India Asset Management Ltd.,Finance,Finance,Domestic Equities,449.0,448.0,0.2232142857142857,0.026000000000000002,0.023,13.043478260869579,0.318885372973238,1100,nippon-life-india-asset-management,Mid Cap,Mar-2025
102429,100653,1,Global Health Ltd.,Healthcare,Healthcare,Domestic Equities,215.0,216.0,-0.4629629629629629,0.0258,0.0248,4.032258064516133,0.316432408565752,1100,global-health,Small Cap,Mar-2025
115032,83788,1,Housing & Urban Development Corporation Ltd.,Finance,Finance,Domestic Equities,1269.0,1315.0,-3.4980988593155895,0.0253,0.0217,16.589861751152068,0.310299997547036,1100,housing-urban-development-corporation,Mid Cap,Mar-2025
133445,6416,1,Apar Industries Ltd.,Capital Goods,Capital Goods,Domestic Equities,44.0,,,0.024399999999999998,,,0.299261657713347,1100,apar-industries,Mid Cap,Mar-2025
509,8487,1,K.P.R. Mill Ltd.,Textile,Textile,Domestic Equities,262.0,257.0,1.9455252918287937,0.023799999999999998,0.0206,15.533980582524265,0.291902764490887,1100,kpr-mill,Small Cap,Mar-2025
171485,6291,1,Motilal Oswal Financial Services Ltd.,Finance,Finance,Domestic Equities,376.0,,,0.0231,,,0.283317389064685,1100,motilal-oswal-financial-services,Mid Cap,Mar-2025
196533,104025,1,Motherson Sumi Wiring India Ltd.,Iron & Steel,Iron & Steel,Domestic Equities,4434.0,4266.0,3.938115330520394,0.0231,0.020099999999999996,14.925373134328373,0.283317389064685,1100,motherson-sumi-wiring-india,Small Cap,Mar-2025
645,8087,1,IRB Infrastructure Developers Ltd.,Infrastructure,Infrastructure,Domestic Equities,5055.0,5168.0,-2.186532507739938,0.022799999999999997,0.022400000000000003,1.7857142857142672,0.279637942453455,1100,irb-infrastructure-developers,Mid Cap,Mar-2025
78882,109773,1,JSW Infrastructure Ltd.,Logistics,Logistics,Domestic Equities,680.0,691.0,-1.5918958031837915,0.0217,0.0176,23.29545454545454,0.26614663821228,1100,jsw-infrastructure,Mid Cap,Mar-2025
57345,99844,1,AWL Agri Business Ltd.,FMCG,Fast Moving Consumer Goods,Domestic Equities,839.0,395.0,112.40506329113924,0.0217,0.0097,123.71134020618557,0.26614663821228,1100,awl-agri-business,Mid Cap,Mar-2025
13,7543,1,Tata Investment Corporation Ltd.,Finance,Finance,Domestic Equities,33.0,34.0,-2.941176470588235,0.0208,0.0206,0.9708737864077678,0.255108298378591,1100,tata-investment-corporation,Mid Cap,Mar-2025
58178,99657,1,Star Health and Allied Insurance Company Ltd.,Insurance,Finance,Domestic Equities,574.0,533.0,7.6923076923076925,0.020499999999999997,0.02,2.499999999999991,0.251428851767361,1100,star-health-and-allied-insurance-company,Small Cap,Mar-2025
113787,7539,1,Honeywell Automation India Ltd.,Consumer Durables,Consumer Durables,Domestic Equities,6.0,6.0,0.0,0.0202,0.0202,0.0,0.247749405156131,1100,honeywell-automation-india,Mid Cap,Mar-2025
152064,6806,1,3M India Ltd.,Diversified,Diversified,Domestic Equities,7.0,7.0,0.0,0.0202,0.0184,9.78260869565217,0.247749405156131,1100,3m-india,Mid Cap,Mar-2025
171853,7249,1,NLC India Ltd.,Power,Power,Domestic Equities,822.0,819.0,0.3663003663003663,0.020099999999999996,0.017,18.23529411764705,0.246522922952388,1100,nlc-india,Mid Cap,Mar-2025
222979,112566,1,Vishal Mega Mart Ltd.,Retailing,Retailing,Domestic Equities,1903.0,,,0.019799999999999998,,,0.242843476341158,1100,vishal-mega-mart,Mid Cap,Mar-2025
222201,112407,1,NTPC Green Energy Ltd.,Power,Power,Domestic Equities,1903.0,,,0.0191,,,0.234258100914956,1100,ntpc-green-energy,Large Cap,Mar-2025
133645,6755,1,Bank Of Maharashtra,Bank,Banking,Domestic Equities,4070.0,4038.0,0.79247152055473,0.0189,0.0187,1.069518716577529,0.231805136507469,1100,bank-of-maharashtra,Mid Cap,Mar-2025
171394,82477,1,Endurance Technologies Ltd.,Automobile & Ancillaries,Automobile & Ancillaries,Domestic Equities,93.0,89.0,4.49438202247191,0.0183,0.015700000000000002,16.560509554140125,0.22444624328501,1100,endurance-technologies,Mid Cap,Mar-2025
137768,15760,1,Gujarat Gas Ltd.,Gas Transmission,Gas Transmission,Domestic Equities,440.0,440.0,0.0,0.0181,0.0163,11.042944785276084,0.221993278877523,1100,gujarat-gas,Mid Cap,Mar-2025
133387,5868,1,Godrej Industries Ltd.,Chemicals,Chemicals,Domestic Equities,158.0,161.0,-1.8633540372670807,0.0179,0.0177,1.12994350282486,0.219540314470037,1100,godrej-industries,Mid Cap,Mar-2025
1840,4901,1,SJVN Ltd.,Power,Power,Domestic Equities,1833.0,1855.0,-1.1859838274932615,0.0168,0.015600000000000001,7.6923076923076845,0.206049010228862,1100,sjvn,Mid Cap,Mar-2025
77359,100627,1,Waaree Energies Ltd.,Capital Goods,Capital Goods,Domestic Equities,69.0,,,0.0166,,,0.203596045821375,1100,waaree-energies,Mid Cap,Mar-2025
152532,6617,1,Sun TV Network Ltd.,Media & Entertainment,Media & Entertainment,Domestic Equities,252.0,219.0,15.068493150684931,0.016399999999999998,0.0123,33.33333333333333,0.201143081413889,1100,sun-tv-network,Small Cap,Mar-2025
217845,112026,1,Premier Energies Ltd.,Electricals,Electricals,Domestic Equities,165.0,,,0.0155,,,0.1901047415802,1100,premier-energies,Mid Cap,Mar-2025
176199,111753,1,OLA Electric Mobility Ltd.,Automobile & Ancillaries,Automobile & Ancillaries,Domestic Equities,2212.0,,,0.011699999999999999,,,0.143498417837957,1100,ola-electric-mobility,Mid Cap,Mar-2025
58164,86911,1,The New India Assurance Company Ltd.,Insurance,Finance,Domestic Equities,622.0,639.0,-2.660406885758998,0.0096,0.0091,5.4945054945054865,0.117742291559349,1100,the-new-india-assurance-company,Mid Cap,Mar-2025
171883,5324,1,Mangalore Refinery And Petrochemicals Ltd.,Crude Oil,Crude Oil,Domestic Equities,471.0,478.0,-1.4644351464435146,0.0063,0.0051,23.52941176470588,0.0772683788358231,1100,mangalore-refinery-and-petrochemicals,Small Cap,Mar-2025
76200,82667,1,BSE Ltd.,Finance,Finance,Domestic Equities,351.0,334.0,5.089820359281437,0.2232,0.183,21.967213114754095,2.58902679503538,1100,bse,Mid Cap,Apr-2025
77009,96064,1,Max Healthcare Institute Ltd.,Healthcare,Healthcare,Domestic Equities,1978.0,1895.0,4.379947229551451,0.21719999999999998,0.2079,4.473304473304472,2.51942930054518,1100,max-healthcare-institute,Mid Cap,Apr-2025
152473,5056,1,Suzlon Energy Ltd.,Capital Goods,Capital Goods,Domestic Equities,30752.0,30975.0,-0.7199354317998387,0.1734,0.17550000000000002,-1.1965811965812014,2.01136759076673,1100,suzlon-energy,Mid Cap,Apr-2025
57445,86554,1,Dixon Technologies (India) Ltd.,Consumer Durables,Consumer Durables,Domestic Equities,101.0,98.0,3.061224489795918,0.16620000000000001,0.1292,28.637770897832826,1.92785059737849,1100,dixon-technologies-india,Mid Cap,Apr-2025
95548,5980,1,Persistent Systems Ltd.,IT,Information Technology,Domestic Equities,277.0,269.0,2.973977695167286,0.1474,0.1483,-0.6068779501011453,1.70977844797587,1100,persistent-systems,Mid Cap,Apr-2025
157113,99763,1,PB Fintech Ltd.,IT,Information Technology,Domestic Equities,866.0,827.0,4.71584038694075,0.1408,0.1315,7.072243346007602,1.63322120403665,1100,pb-fintech,Mid Cap,Apr-2025
38803,5403,1,Indus Towers Ltd.,Telecom,Telecom,Domestic Equities,3403.0,3413.0,-0.2929973630237328,0.1389,0.11410000000000001,21.7353198948291,1.61118199744809,1100,indus-towers,Large Cap,Apr-2025
152211,6247,1,Lupin Ltd.,Healthcare,Healthcare,Domestic Equities,628.0,636.0,-1.257861635220126,0.1316,0.129,2.0155038759689905,1.52650504581835,1100,lupin,Mid Cap,Apr-2025
133657,7260,1,Coforge Ltd.,IT,Information Technology,Domestic Equities,176.0,170.0,3.5294117647058822,0.1286,0.1379,-6.744017403915879,1.49170629857325,1100,coforge,Mid Cap,Apr-2025
171685,5596,1,The Federal Bank Ltd.,Bank,Banking,Domestic Equities,6315.0,6205.0,1.7727639000805804,0.1242,0.11960000000000001,3.846153846153838,1.44066813594711,1100,the-federal-bank,Mid Cap,Apr-2025
114530,88033,1,HDFC Asset Management Company Ltd.,Finance,Finance,Domestic Equities,265.0,262.0,1.1450381679389312,0.1159,0.1052,10.171102661596962,1.34439160190233,1100,hdfc-asset-management-company,Mid Cap,Apr-2025
165,7447,1,SRF Ltd.,Chemicals,Chemicals,Domestic Equities,373.0,367.0,1.6348773841961852,0.11220000000000001,0.1079,3.985171455050987,1.30147314696671,1100,srf,Mid Cap,Apr-2025
7737,15826,1,IDFC First Bank Ltd.,Bank,Banking,Domestic Equities,16365.0,16104.0,1.620715350223547,0.10619999999999999,0.0885,19.999999999999996,1.23187565247651,1100,idfc-first-bank,Mid Cap,Apr-2025
171877,6125,1,Cummins India Ltd.,Automobile & Ancillaries,Automobile & Ancillaries,Domestic Equities,358.0,347.0,3.170028818443804,0.10369999999999999,0.1059,-2.077431539187919,1.20287669643893,1100,cummins-india,Large Cap,Apr-2025
171327,5699,1,Marico Ltd.,FMCG,Fast Moving Consumer Goods,Domestic Equities,1385.0,1341.0,3.2811334824757643,0.0984,0.0874,12.585812356979401,1.14139890963925,1100,marico,Mid Cap,Apr-2025
141614,85778,1,AU Small Finance Bank Ltd.,Bank,Banking,Domestic Equities,1429.0,1514.0,-5.614266842800529,0.09699999999999999,0.0809,19.90111248454882,1.12515949425821,1100,au-small-finance-bank,Mid Cap,Apr-2025
599,7495,1,Sundaram Finance Ltd.,Finance,Finance,Domestic Equities,182.0,190.0,-4.2105263157894735,0.09570000000000001,0.08689999999999999,10.126582278481022,1.11008003711866,1100,sundaram-finance,Mid Cap,Apr-2025
152636,5140,1,Fortis Healthcare Ltd.,Healthcare,Healthcare,Domestic Equities,1386.0,1314.0,5.47945205479452,0.095,0.09179999999999999,3.4858387799564303,1.10196032942814,1100,fortis-healthcare,Mid Cap,Apr-2025
171365,5279,1,Hindustan Petroleum Corporation Ltd.,Crude Oil,Crude Oil,Domestic Equities,2499.0,2434.0,2.6705012325390305,0.0946,0.0877,7.867730900798191,1.09732049646213,1100,hindustan-petroleum-corporation,Mid Cap,Apr-2025
171465,6543,1,Aurobindo Pharma Ltd.,Healthcare,Healthcare,Domestic Equities,727.0,719.0,1.1126564673157162,0.0894,0.0834,7.194244604316542,1.03700266790396,1100,aurobindo-pharma,Mid Cap,Apr-2025
171635,7381,1,UPL Ltd.,Chemicals,Chemicals,Domestic Equities,1314.0,1301.0,0.9992313604919293,0.08800000000000001,0.0828,6.280193236714993,1.02076325252291,1100,upl,Mid Cap,Apr-2025
152222,5634,1,Max Financial Services Ltd.,Finance,Finance,Domestic Equities,672.0,650.0,3.3846153846153846,0.0877,0.0746,17.56032171581769,1.0172833777984,1100,max-financial-services,Mid Cap,Apr-2025
171820,5969,1,Colgate-Palmolive (India) Ltd.,FMCG,Fast Moving Consumer Goods,Domestic Equities,339.0,342.0,-0.8771929824561403,0.0877,0.0817,7.343941248470008,1.0172833777984,1100,colgate-palmolive-india,Mid Cap,Apr-2025
152455,7030,1,Yes Bank Ltd.,Bank,Banking,Domestic Equities,48912.0,49028.0,-0.23659949416659867,0.0867,0.0828,4.710144927536239,1.00568379538337,1100,yes-bank,Mid Cap,Apr-2025
171946,6864,1,Godrej Properties Ltd.,Realty,Realty,Domestic Equities,395.0,391.0,1.0230179028132993,0.08539999999999999,0.0833,2.5210084033613334,0.990604338243823,1100,godrej-properties,Mid Cap,Apr-2025
171659,5756,1,Ashok Leyland Ltd.,Automobile & Ancillaries,Automobile & Ancillaries,Domestic Equities,3735.0,3788.0,-1.399155227032735,0.0842,0.0774,8.785529715762271,0.976684839345784,1100,ashok-leyland,Mid Cap,Apr-2025
171839,6306,1,Solar Industries India Ltd.,Chemicals,Chemicals,Domestic Equities,63.0,63.0,0.0,0.083,0.0708,17.231638418079104,0.962765340447744,1100,solar-industries-india,Mid Cap,Apr-2025
101370,86936,1,Tube Investments of India Ltd.,Automobile & Ancillaries,Automobile & Ancillaries,Domestic Equities,283.0,276.0,2.536231884057971,0.08199999999999999,0.0764,7.329842931937168,0.951165758032711,1100,tube-investments-of-india,Mid Cap,Apr-2025
122,5767,1,The Phoenix Mills Ltd.,Realty,Realty,Domestic Equities,488.0,477.0,2.3060796645702304,0.0812,0.0784,3.5714285714285636,0.941886092100684,1100,the-phoenix-mills,Mid Cap,Apr-2025
152551,7908,1,GMR Airports Ltd.,Infrastructure,Aviation,Domestic Equities,9180.0,9359.0,-1.9125974997328776,0.08,0.0709,12.834978843441469,0.927966593202645,1100,gmr-airports,Mid Cap,Apr-2025
152369,6790,1,Bharat Forge Ltd.,Automobile & Ancillaries,Automobile & Ancillaries,Domestic Equities,713.0,700.0,1.8571428571428572,0.0787,0.0818,-3.7897310513447384,0.912887136063102,1100,bharat-forge,Mid Cap,Apr-2025
171321,7864,1,Page Industries Ltd.,Textile,Textile,Domestic Equities,17.0,16.0,6.25,0.0775,0.0683,13.469985358711565,0.898967637165062,1100,page-industries,Mid Cap,Apr-2025
152118,7308,1,PI Industries Ltd.,Chemicals,Chemicals,Domestic Equities,212.0,206.0,2.912621359223301,0.07719999999999999,0.0706,9.348441926345611,0.895487762440552,1100,pi-industries,Mid Cap,Apr-2025
152574,8059,1,Torrent Power Ltd.,Power,Power,Domestic Equities,500.0,492.0,1.6260162601626018,0.077,0.0732,5.191256830601091,0.893167845957546,1100,torrent-power,Mid Cap,Apr-2025
587,7648,1,APL Apollo Tubes Ltd.,Iron & Steel,Iron & Steel,Domestic Equities,471.0,459.0,2.6143790849673203,0.07629999999999999,0.07,8.999999999999998,0.885048138267022,1100,apl-apollo-tubes,Mid Cap,Apr-2025
133342,5963,1,Bharat Heavy Electricals Ltd.,Capital Goods,Capital Goods,Domestic Equities,3356.0,3276.0,2.442002442002442,0.0761,0.0709,7.334273624823702,0.882728221784016,1100,bharat-heavy-electricals,Mid Cap,Apr-2025
152795,99590,1,One97 Communications Ltd.,IT,Information Technology,Domestic Equities,867.0,849.0,2.1201413427561837,0.075,0.0665,12.781954887218038,0.869968681127479,1100,one97-communications,Mid Cap,Apr-2025
19255,6350,1,Mphasis Ltd.,IT,Information Technology,Domestic Equities,303.0,291.0,4.123711340206185,0.0748,0.0728,2.7472527472527495,0.867648764644473,1100,mphasis,Mid Cap,Apr-2025
152379,5838,1,Voltas Ltd.,Consumer Durables,Consumer Durables,Domestic Equities,605.0,587.0,3.0664395229982966,0.0748,0.08560000000000001,-12.616822429906543,0.867648764644473,1100,voltas,Mid Cap,Apr-2025
134131,90516,1,Polycab India Ltd.,Electricals,Electricals,Domestic Equities,133.0,128.0,3.90625,0.07339999999999999,0.0659,11.380880121396055,0.851409349263426,1100,polycab-india,Large Cap,Apr-2025
153586,8183,1,NHPC Ltd.,Power,Power,Domestic Equities,8356.0,8165.0,2.3392529087568894,0.0717,0.06709999999999999,6.855439642324888,0.83169005915787,1100,nhpc,Mid Cap,Apr-2025
38931,15891,1,Alkem Laboratories Ltd.,Healthcare,Healthcare,Domestic Equities,140.0,139.0,0.7194244604316548,0.0716,0.0679,5.449189985272461,0.830530100916367,1100,alkem-laboratories,Mid Cap,Apr-2025
1152,105806,1,Mankind Pharma Ltd.,Healthcare,Healthcare,Domestic Equities,290.0,290.0,0.0,0.07150000000000001,0.0703,1.7069701280227612,0.829370142674864,1100,mankind-pharma,Mid Cap,Apr-2025
96004,7992,1,Jubilant FoodWorks Ltd.,FMCG,Fast Moving Consumer Goods,Domestic Equities,995.0,972.0,2.366255144032922,0.0712,0.0646,10.216718266253872,0.825890267950354,1100,jubilant-foodworks,Mid Cap,Apr-2025
191600,99819,1,FSN E-Commerce Ventures Ltd.,Retailing,Information Technology,Domestic Equities,3528.0,3510.0,0.5128205128205128,0.06860000000000001,0.0629,9.062003179650242,0.795731353671268,1100,fsn-e-commerce-ventures,Mid Cap,Apr-2025
77639,92991,1,SBI Cards And Payment Services Ltd.,Finance,Finance,Domestic Equities,773.0,773.0,0.0,0.0675,0.0681,-0.8810572687224614,0.782971813014731,1100,sbi-cards-and-payment-services,Mid Cap,Apr-2025
152238,8313,1,MRF Ltd.,Automobile & Ancillaries,Automobile & Ancillaries,Domestic Equities,5.0,5.0,0.0,0.0673,0.056299999999999996,19.538188277087045,0.780651896531725,1100,mrf,Mid Cap,Apr-2025
19182,5589,1,Coromandel International Ltd.,Chemicals,Chemicals,Domestic Equities,304.0,307.0,-0.9771986970684038,0.0673,0.060899999999999996,10.50903119868638,0.780651896531725,1100,coromandel-international,Mid Cap,Apr-2025
133608,7612,1,Union Bank Of India,Bank,Banking,Domestic Equities,5078.0,4850.0,4.701030927835052,0.0639,0.061200000000000004,4.411764705882345,0.741213316320612,1100,union-bank-of-india,Mid Cap,Apr-2025
153260,8051,1,Prestige Estates Projects Ltd.,Realty,Realty,Domestic Equities,453.0,434.0,4.377880184331797,0.0623,0.051399999999999994,21.20622568093387,0.72265398445656,1100,prestige-estates-projects,Mid Cap,Apr-2025
133642,6320,1,Petronet LNG Ltd.,Inds. Gases & Fuels,Industrials Gases & Fuels,Domestic Equities,1982.0,1969.0,0.6602336211274759,0.0622,0.057800000000000004,7.612456747404836,0.721494026215056,1100,petronet-lng,Mid Cap,Apr-2025
77293,6578,1,Muthoot Finance Ltd.,Finance,Finance,Domestic Equities,286.0,276.0,3.6231884057971016,0.0621,0.0658,-5.623100303951369,0.720334067973553,1100,muthoot-finance,Mid Cap,Apr-2025
114652,92620,1,Indian Railway Catering And Tourism Corporation Ltd.,Hospitality,Hospitality,Domestic Equities,798.0,773.0,3.2341526520051747,0.06,0.0562,6.76156583629893,0.695974944901984,1100,indian-railway-catering-and-tourism-corporation,Mid Cap,Apr-2025
133317,6810,1,Blue Star Ltd.,Consumer Durables,Consumer Durables,Domestic Equities,351.0,333.0,5.405405405405405,0.0599,0.0711,-15.752461322081576,0.69481498666048,1100,blue-star,Mid Cap,Apr-2025
56674,5695,1,Supreme Industries Ltd.,Plastic Products,Plastic Products,Domestic Equities,169.0,165.0,2.4242424242424243,0.059800000000000006,0.0565,5.84070796460177,0.693655028418977,1100,supreme-industries,Mid Cap,Apr-2025
677,6026,1,Oil India Ltd.,Crude Oil,Crude Oil,Domestic Equities,1441.0,1385.0,4.043321299638989,0.0592,0.0536,10.447761194029843,0.686695278969957,1100,oil-india,Mid Cap,Apr-2025
19275,7232,1,NMDC Ltd.,Mining,Mining,Domestic Equities,9023.0,8830.0,2.185730464326161,0.058499999999999996,0.0608,-3.782894736842112,0.678575571279434,1100,nmdc,Mid Cap,Apr-2025
1427,98308,1,Sona BLW Precision Forgings Ltd.,Automobile & Ancillaries,Automobile & Ancillaries,Domestic Equities,1195.0,1238.0,-3.4733441033925687,0.0575,0.0571,0.7005253940455347,0.666975988864401,1100,sona-blw-precision-forgings,Mid Cap,Apr-2025
79,7951,1,Balkrishna Industries Ltd.,Automobile & Ancillaries,Automobile & Ancillaries,Domestic Equities,210.0,209.0,0.4784688995215311,0.0562,0.053399999999999996,5.2434456928839,0.651896531724858,1100,balkrishna-industries,Mid Cap,Apr-2025
152296,7356,1,Patanjali Foods Ltd.,FMCG,Fast Moving Consumer Goods,Domestic Equities,289.0,285.0,1.4035087719298245,0.055099999999999996,0.051500000000000004,6.990291262135911,0.639136991068322,1100,patanjali-foods,Mid Cap,Apr-2025
133463,8505,1,Glenmark Pharmaceuticals Ltd.,Healthcare,Healthcare,Domestic Equities,392.0,375.0,4.533333333333333,0.0541,0.057800000000000004,-6.4013840830449835,0.627537408653288,1100,glenmark-pharmaceuticals,Mid Cap,Apr-2025
123299,91366,1,KPIT Technologies Ltd.,IT,Information Technology,Domestic Equities,430.0,432.0,-0.4629629629629629,0.053899999999999997,0.0565,-4.601769911504436,0.625217492170282,1100,kpit-technologies,Mid Cap,Apr-2025
171336,8097,1,JK Cement Ltd.,Construction Materials,Construction Materials,Domestic Equities,105.0,104.0,0.9615384615384616,0.0537,0.0513,4.678362573099419,0.622897575687275,1100,jk-cement,Mid Cap,Apr-2025
171444,98250,1,Kalyan Jewellers India Ltd.,Diamond  &  Jewellery,Diamond & Jewellery,Domestic Equities,1030.0,1004.0,2.589641434262948,0.053200000000000004,0.046900000000000004,13.43283582089552,0.617097784479759,1100,kalyan-jewellers-india,Mid Cap,Apr-2025
171698,8307,1,Oracle Financial Services Software Ltd.,IT,Information Technology,Domestic Equities,61.0,61.0,0.0,0.053200000000000004,0.0479,11.064718162839252,0.617097784479759,1100,oracle-financial-services-software,Mid Cap,Apr-2025
152608,7159,1,Indian Bank,Bank,Banking,Domestic Equities,935.0,907.0,3.0871003307607494,0.0529,0.049100000000000005,7.7393075356415455,0.613617909755249,1100,indian-bank,Mid Cap,Apr-2025
756,88308,1,Rail Vikas Nigam Ltd.,Infrastructure,Infrastructure,Domestic Equities,1491.0,1492.0,-0.06702412868632708,0.052199999999999996,0.0525,-0.5714285714285762,0.605498202064726,1100,rail-vikas-nigam,Large Cap,Apr-2025
352,7184,1,Ipca Laboratories Ltd.,Healthcare,Healthcare,Domestic Equities,371.0,356.0,4.213483146067416,0.052000000000000005,0.0535,-2.8037383177569994,0.603178285581719,1100,ipca-laboratories,Mid Cap,Apr-2025
153691,5278,1,Oberoi Realty Ltd.,Realty,Realty,Domestic Equities,314.0,301.0,4.318936877076411,0.051500000000000004,0.0493,4.462474645030439,0.597378494374203,1100,oberoi-realty,Mid Cap,Apr-2025
151967,5716,1,GE Vernova T&D India Ltd.,Capital Goods,Capital Goods,Domestic Equities,327.0,190.0,72.10526315789474,0.0512,0.0296,72.97297297297298,0.593898619649693,1100,ge-vernova-td-india,Mid Cap,Apr-2025
152323,7533,1,Tata Elxsi Ltd.,IT,Information Technology,Domestic Equities,87.0,92.0,-5.434782608695652,0.050199999999999995,0.048,4.583333333333329,0.582299037234659,1100,tata-elxsi,Mid Cap,Apr-2025
113892,8292,1,KEI Industries Ltd.,Electricals,Electricals,Domestic Equities,162.0,156.0,3.8461538461538463,0.0496,0.0451,9.977827050997787,0.57533928778564,1100,kei-industries,Mid Cap,Apr-2025
133630,5815,1,Jindal Stainless Ltd.,Iron & Steel,Iron & Steel,Domestic Equities,850.0,859.0,-1.0477299185098952,0.0496,0.05,-0.8000000000000007,0.57533928778564,1100,jindal-stainless,Mid Cap,Apr-2025
134830,88309,1,Mazagon Dock Shipbuilders Ltd.,Ship Building,Ship Building,Domestic Equities,162.0,156.0,3.8461538461538463,0.0495,0.0412,20.14563106796117,0.574179329544136,1100,mazagon-dock-shipbuilders,Mid Cap,Apr-2025
75891,5355,1,Container Corporation Of India Ltd.,Logistics,Logistics,Domestic Equities,727.0,701.0,3.7089871611982885,0.049,0.048499999999999995,1.0309278350515612,0.56837953833662,1100,container-corporation-of-india,Mid Cap,Apr-2025
152616,7532,1,Vodafone Idea Ltd.,Telecom,Telecom,Domestic Equities,67911.0,68124.0,-0.31266514003875284,0.0484,0.0463,4.535637149028077,0.5614197888876,1100,vodafone-idea,Mid Cap,Apr-2025
171509,5522,1,Tata Communications Ltd.,Telecom,Telecom,Domestic Equities,303.0,305.0,-0.6557377049180327,0.0482,0.0481,0.20790020790022196,0.559099872404593,1100,tata-communications,Mid Cap,Apr-2025
177212,94646,1,Hitachi Energy India Ltd.,Capital Goods,Capital Goods,Domestic Equities,33.0,32.0,3.125,0.0479,0.0405,18.27160493827161,0.555619997680084,1100,hitachi-energy-india,Mid Cap,Apr-2025
152207,5372,1,LIC Housing Finance Ltd.,Finance,Finance,Domestic Equities,785.0,769.0,2.080624187256177,0.0472,0.0434,8.755760368663593,0.54750028998956,1100,lic-housing-finance,Mid Cap,Apr-2025
171434,4916,1,Astral Ltd.,Plastic Products,Plastic Products,Domestic Equities,326.0,315.0,3.492063492063492,0.043899999999999995,0.0408,7.598039215686264,0.509221668019951,1100,astral,Mid Cap,Apr-2025
97125,90518,1,Adani Total Gas Ltd.,Gas Transmission,Gas Transmission,Domestic Equities,729.0,694.0,5.043227665706052,0.0438,0.0418,4.7846889952153155,0.508061709778448,1100,adani-total-gas,Mid Cap,Apr-2025
135555,92715,1,360 One Wam Ltd.,Finance,Finance,Domestic Equities,438.0,409.0,7.090464547677261,0.0432,0.038599999999999995,11.917098445595865,0.501101960329428,1100,360-one-wam,Mid Cap,Apr-2025
133351,5368,1,Steel Authority Of India Ltd.,Iron & Steel,Iron & Steel,Domestic Equities,3735.0,3713.0,0.5925127928898465,0.0425,0.042800000000000005,-0.7009345794392582,0.492982252638905,1100,steel-authority-of-india,Mid Cap,Apr-2025
171840,6541,1,UNO Minda Ltd.,Automobile & Ancillaries,Automobile & Ancillaries,Domestic Equities,473.0,464.0,1.9396551724137931,0.042300000000000004,0.0406,4.187192118226622,0.490662336155898,1100,uno-minda,Mid Cap,Apr-2025
152367,6359,1,Abbott India Ltd.,Healthcare,Healthcare,Domestic Equities,14.0,13.0,7.6923076923076925,0.042,0.039900000000000005,5.263157894736841,0.487182461431388,1100,abbott-india,Mid Cap,Apr-2025
171333,7587,1,United Breweries Ltd.,Alcohol,Alcohol,Domestic Equities,194.0,182.0,6.593406593406594,0.04190000000000001,0.0364,15.109890109890117,0.486022503189885,1100,united-breweries,Mid Cap,Apr-2025
173672,92657,1,Gujarat Fluorochemicals Ltd.,Chemicals,Chemicals,Domestic Equities,107.0,104.0,2.8846153846153846,0.0417,0.0418,-0.23923444976076047,0.483702586706879,1100,gujarat-fluorochemicals,Mid Cap,Apr-2025
171886,6139,1,Exide Industries Ltd.,Automobile & Ancillaries,Automobile & Ancillaries,Domestic Equities,1182.0,1179.0,0.2544529262086514,0.0416,0.0425,-2.1176470588235263,0.482542628465375,1100,exide-industries,Mid Cap,Apr-2025
133407,5997,1,Hindustan Zinc Ltd.,Non - Ferrous Metals,Non - Ferrous Metals,Domestic Equities,933.0,939.0,-0.6389776357827476,0.040999999999999995,0.0434,-5.529953917050697,0.475582879016355,1100,hindustan-zinc,Large Cap,Apr-2025
152519,8782,1,Mahindra & Mahindra Financial Services Ltd.,Finance,Finance,Domestic Equities,1554.0,1516.0,2.5065963060686016,0.0407,0.0429,-5.128205128205122,0.472103004291845,1100,mahindra-mahindra-financial-services,Mid Cap,Apr-2025
171433,6783,1,Berger Paints India Ltd.,Chemicals,Chemicals,Domestic Equities,746.0,738.0,1.084010840108401,0.0406,0.0369,10.0271002710027,0.470943046050342,1100,berger-paints-india,Mid Cap,Apr-2025
171565,6678,1,Apollo Tyres Ltd.,Automobile & Ancillaries,Automobile & Ancillaries,Domestic Equities,826.0,831.0,-0.601684717208183,0.039,0.0354,10.169491525423725,0.452383714186289,1100,apollo-tyres,Small Cap,Apr-2025
133643,6434,1,Biocon Ltd.,Healthcare,Healthcare,Domestic Equities,1208.0,1177.0,2.6338147833474936,0.038900000000000004,0.04019999999999999,-3.233830845771131,0.451223755944786,1100,biocon,Mid Cap,Apr-2025
47051,90577,1,Dalmia Bharat Ltd.,Construction Materials,Construction Materials,Domestic Equities,199.0,200.0,-0.5,0.0387,0.0364,6.318681318681318,0.448903839461779,1100,dalmia-bharat,Mid Cap,Apr-2025
75659,6055,1,Lloyds Metals & Energy Ltd.,Iron & Steel,Iron & Steel,Domestic Equities,318.0,309.0,2.912621359223301,0.0383,0.0398,-3.768844221105525,0.444264006495766,1100,lloyds-metals-energy,Mid Cap,Apr-2025
79346,86555,1,Aditya Birla Capital Ltd.,Finance,Finance,Domestic Equities,1906.0,1807.0,5.4786939679026005,0.0374,0.0334,11.976047904191628,0.433824382322236,1100,aditya-birla-capital,Mid Cap,Apr-2025
57781,87827,1,Bharat Dynamics Ltd.,Capital Goods,Capital Goods,Domestic Equities,240.0,244.0,-1.639344262295082,0.036699999999999997,0.0313,17.252396166134186,0.425704674631713,1100,bharat-dynamics,Mid Cap,Apr-2025
133439,5473,1,National Aluminium Company Ltd.,Non - Ferrous Metals,Non - Ferrous Metals,Domestic Equities,2345.0,2320.0,1.0775862068965518,0.036699999999999997,0.0407,-9.828009828009836,0.425704674631713,1100,national-aluminium-company,Mid Cap,Apr-2025
114414,5238,1,Bank Of India,Bank,Banking,Domestic Equities,3151.0,3102.0,1.5796260477111541,0.0363,0.0332,9.337349397590364,0.4210648416657,1100,bank-of-india,Mid Cap,Apr-2025
19098,6973,1,Schaeffler India Ltd.,Automobile & Ancillaries,Automobile & Ancillaries,Domestic Equities,104.0,106.0,-1.8867924528301887,0.0361,0.0358,0.837988826815637,0.418744925182693,1100,schaeffler-india,Mid Cap,Apr-2025
19805,15724,1,Syngene International Ltd.,Business Services,Healthcare,Domestic Equities,568.0,490.0,15.918367346938775,0.036000000000000004,0.0356,1.1235955056179785,0.41758496694119,1100,syngene-international,Mid Cap,Apr-2025
83342,79963,1,Bandhan Bank Ltd.,Bank,Banking,Domestic Equities,2167.0,2153.0,0.6502554575011612,0.0359,0.0315,13.968253968253967,0.416425008699687,1100,bandhan-bank,Small Cap,Apr-2025
133635,5732,1,Indraprastha Gas Ltd.,Gas Transmission,Gas Transmission,Domestic Equities,1835.0,1814.0,1.1576626240352812,0.0353,0.0368,-4.076086956521749,0.409465259250667,1100,indraprastha-gas,Mid Cap,Apr-2025
134823,84770,1,Cochin Shipyard Ltd.,Ship Building,Ship Building,Domestic Equities,221.0,221.0,0.0,0.0352,0.0311,13.183279742765277,0.408305301009164,1100,cochin-shipyard,Mid Cap,Apr-2025
152079,6815,1,Linde India Ltd.,Inds. Gases & Fuels,Industrials Gases & Fuels,Domestic Equities,55.0,53.0,3.7735849056603774,0.0348,0.0332,4.81927710843374,0.40366546804315,1100,linde-india,Mid Cap,Apr-2025
19183,6082,1,Deepak Nitrite Ltd.,Chemicals,Chemicals,Domestic Equities,180.0,180.0,0.0,0.0348,0.035699999999999996,-2.521008403361341,0.40366546804315,1100,deepak-nitrite,Mid Cap,Apr-2025
1704,6920,1,L&T Finance Ltd.,Finance,Finance,Domestic Equities,2099.0,2051.0,2.340321794246709,0.0345,0.031400000000000004,9.872611464968156,0.400185593318641,1100,lt-finance,Mid Cap,Apr-2025
57541,86814,1,General Insurance Corporation of India,Insurance,Finance,Domestic Equities,803.0,803.0,0.0,0.0335,0.0338,-0.8875739644970357,0.388586010903607,1100,general-insurance-corporation-of-india,Mid Cap,Apr-2025
76174,111823,1,Bharti Hexacom Ltd.,Telecom,Telecom,Domestic Equities,198.0,196.0,1.0204081632653061,0.0334,0.0287,16.37630662020905,0.387426052662104,1100,bharti-hexacom,Mid Cap,Apr-2025
152324,4941,1,ACC Ltd.,Construction Materials,Construction Materials,Domestic Equities,174.0,171.0,1.7543859649122806,0.0329,0.0332,-0.9036144578313196,0.381626261454588,1100,acc,Mid Cap,Apr-2025
95549,7450,1,Aditya Birla Fashion and Retail Ltd.,Retailing,Retailing,Domestic Equities,1226.0,1227.0,-0.08149959250203749,0.0323,0.031400000000000004,2.866242038216556,0.374666512005568,1100,aditya-birla-fashion-and-retail,Mid Cap,Apr-2025
152486,5772,1,AIA Engineering Ltd.,Automobile & Ancillaries,Automobile & Ancillaries,Domestic Equities,101.0,99.0,2.0202020202020203,0.0323,0.0332,-2.710843373493972,0.374666512005568,1100,aia-engineering,Mid Cap,Apr-2025
171948,7104,1,Emami Ltd.,FMCG,Fast Moving Consumer Goods,Domestic Equities,516.0,500.0,3.2,0.0322,0.028999999999999998,11.0344827586207,0.373506553764065,1100,emami,Small Cap,Apr-2025
152325,5528,1,Thermax Ltd.,Capital Goods,Capital Goods,Domestic Equities,96.0,96.0,0.0,0.0316,0.0351,-9.971509971509962,0.366546804315045,1100,thermax,Mid Cap,Apr-2025
152386,5556,1,Glaxosmithkline Pharmaceuticals Ltd.,Healthcare,Healthcare,Domestic Equities,105.0,106.0,-0.9433962264150944,0.0311,0.0305,1.9672131147541003,0.360747013107528,1100,glaxosmithkline-pharmaceuticals,Mid Cap,Apr-2025
44430,82482,1,L&T Technology Services Ltd.,IT,Information Technology,Domestic Equities,71.0,72.0,-1.3888888888888888,0.0302,0.032400000000000005,-6.790123456790129,0.350307388933998,1100,lt-technology-services,Mid Cap,Apr-2025
114654,92672,1,Indian Renewable Energy Development Agency Ltd.,Finance,Finance,Domestic Equities,1765.0,1732.0,1.905311778290993,0.029500000000000002,0.0278,6.115107913669079,0.342187681243475,1100,indian-renewable-energy-development-agency,Mid Cap,Apr-2025
115032,83788,1,Housing & Urban Development Corporation Ltd.,Finance,Finance,Domestic Equities,1314.0,1269.0,3.546099290780142,0.0294,0.0253,16.205533596837952,0.341027723001972,1100,housing-urban-development-corporation,Mid Cap,Apr-2025
97743,96921,1,Gland Pharma Ltd.,Healthcare,Healthcare,Domestic Equities,209.0,207.0,0.966183574879227,0.029300000000000003,0.033,-11.212121212121202,0.339867764760469,1100,gland-pharma,Small Cap,Apr-2025
797,86851,1,Nippon Life India Asset Management Ltd.,Finance,Finance,Domestic Equities,459.0,449.0,2.2271714922048997,0.029300000000000003,0.026000000000000002,12.692307692307695,0.339867764760469,1100,nippon-life-india-asset-management,Mid Cap,Apr-2025
152370,5063,1,Escorts Kubota Ltd.,Automobile & Ancillaries,Automobile & Ancillaries,Domestic Equities,88.0,85.0,3.5294117647058822,0.0287,0.0276,3.985507246376824,0.332908015311449,1100,escorts-kubota,Mid Cap,Apr-2025
133495,5019,1,Ajanta Pharma Ltd.,Healthcare,Healthcare,Domestic Equities,106.0,113.0,-6.1946902654867255,0.0287,0.0296,-3.040540540540536,0.332908015311449,1100,ajanta-pharma,Mid Cap,Apr-2025
133333,4917,1,CRISIL Ltd.,Ratings,Ratings,Domestic Equities,64.0,63.0,1.5873015873015872,0.0285,0.0263,8.365019011406853,0.330588098828442,1100,crisil,Mid Cap,Apr-2025
509,8487,1,K.P.R. Mill Ltd.,Textile,Textile,Domestic Equities,269.0,262.0,2.6717557251908395,0.0268,0.023799999999999998,12.605042016806733,0.310868808722886,1100,kpr-mill,Small Cap,Apr-2025
171580,109023,1,Tata Technologies Ltd.,IT,Information Technology,Domestic Equities,403.0,403.0,0.0,0.0265,0.0274,-3.2846715328467257,0.307388933998376,1100,tata-technologies,Mid Cap,Apr-2025
102429,100653,1,Global Health Ltd.,Healthcare,Healthcare,Domestic Equities,218.0,215.0,1.3953488372093024,0.026099999999999998,0.0258,1.162790697674411,0.302749101032363,1100,global-health,Small Cap,Apr-2025
171485,6291,1,Motilal Oswal Financial Services Ltd.,Finance,Finance,Domestic Equities,393.0,376.0,4.521276595744681,0.025699999999999997,0.0231,11.255411255411246,0.29810926806635,1100,motilal-oswal-financial-services,Mid Cap,Apr-2025
196533,104025,1,Motherson Sumi Wiring India Ltd.,Iron & Steel,Iron & Steel,Domestic Equities,4429.0,4434.0,-0.11276499774470004,0.024700000000000003,0.0231,6.926406926406932,0.286509685651317,1100,motherson-sumi-wiring-india,Small Cap,Apr-2025
133445,6416,1,Apar Industries Ltd.,Capital Goods,Capital Goods,Domestic Equities,43.0,44.0,-2.272727272727273,0.0241,0.024399999999999998,-1.2295081967213035,0.279549936202297,1100,apar-industries,Mid Cap,Apr-2025
645,8087,1,IRB Infrastructure Developers Ltd.,Infrastructure,Infrastructure,Domestic Equities,5185.0,5055.0,2.571711177052423,0.0236,0.022799999999999997,3.5087719298245648,0.27375014499478,1100,irb-infrastructure-developers,Mid Cap,Apr-2025
58178,99657,1,Star Health and Allied Insurance Company Ltd.,Insurance,Finance,Domestic Equities,594.0,574.0,3.484320557491289,0.0232,0.020499999999999997,13.170731707317076,0.269110312028767,1100,star-health-and-allied-insurance-company,Small Cap,Apr-2025
222979,112566,1,Vishal Mega Mart Ltd.,Retailing,Retailing,Domestic Equities,1953.0,1903.0,2.627430373095113,0.0231,0.019799999999999998,16.66666666666667,0.267950353787264,1100,vishal-mega-mart,Mid Cap,Apr-2025
57345,99844,1,AWL Agri Business Ltd.,FMCG,Fast Moving Consumer Goods,Domestic Equities,863.0,839.0,2.860548271752086,0.023,0.0217,5.990783410138245,0.26679039554576,1100,awl-agri-business,Mid Cap,Apr-2025
152064,6806,1,3M India Ltd.,Diversified,Diversified,Domestic Equities,7.0,7.0,0.0,0.021099999999999997,0.0202,4.455445544554449,0.244751188957198,1100,3m-india,Mid Cap,Apr-2025
133645,6755,1,Bank Of Maharashtra,Bank,Banking,Domestic Equities,4127.0,4070.0,1.4004914004914004,0.0209,0.0189,10.58201058201058,0.242431272474191,1100,bank-of-maharashtra,Mid Cap,Apr-2025
113787,7539,1,Honeywell Automation India Ltd.,Consumer Durables,Consumer Durables,Domestic Equities,6.0,6.0,0.0,0.0207,0.0202,2.4752475247524663,0.240111355991184,1100,honeywell-automation-india,Mid Cap,Apr-2025
78882,109773,1,JSW Infrastructure Ltd.,Logistics,Logistics,Domestic Equities,697.0,680.0,2.5,0.020499999999999997,0.0217,-5.529953917050697,0.237791439508178,1100,jsw-infrastructure,Mid Cap,Apr-2025
13,7543,1,Tata Investment Corporation Ltd.,Finance,Finance,Domestic Equities,34.0,33.0,3.0303030303030303,0.0202,0.0208,-2.8846153846153872,0.234311564783668,1100,tata-investment-corporation,Mid Cap,Apr-2025
137768,15760,1,Gujarat Gas Ltd.,Gas Transmission,Gas Transmission,Domestic Equities,444.0,440.0,0.9090909090909091,0.020099999999999996,0.0181,11.049723756906062,0.233151606542164,1100,gujarat-gas,Mid Cap,Apr-2025
222201,112407,1,NTPC Green Energy Ltd.,Power,Power,Domestic Equities,1941.0,1903.0,1.9968470835522858,0.0195,0.0191,2.094240837696337,0.226191857093145,1100,ntpc-green-energy,Large Cap,Apr-2025
171853,7249,1,NLC India Ltd.,Power,Power,Domestic Equities,847.0,822.0,3.0413625304136254,0.019299999999999998,0.020099999999999996,-3.980099502487555,0.223871940610138,1100,nlc-india,Mid Cap,Apr-2025
77359,100627,1,Waaree Energies Ltd.,Capital Goods,Capital Goods,Domestic Equities,72.0,69.0,4.3478260869565215,0.018799999999999997,0.0166,13.253012048192769,0.218072149402622,1100,waaree-energies,Mid Cap,Apr-2025
133387,5868,1,Godrej Industries Ltd.,Chemicals,Chemicals,Domestic Equities,166.0,158.0,5.063291139240507,0.018000000000000002,0.0179,0.5586592178770954,0.208792483470595,1100,godrej-industries,Mid Cap,Apr-2025
1840,4901,1,SJVN Ltd.,Power,Power,Domestic Equities,1877.0,1833.0,2.4004364429896343,0.0176,0.0168,4.761904761904766,0.204152650504582,1100,sjvn,Mid Cap,Apr-2025
217845,112026,1,Premier Energies Ltd.,Electricals,Electricals,Domestic Equities,177.0,165.0,7.2727272727272725,0.0174,0.0155,12.258064516129028,0.201832734021575,1100,premier-energies,Mid Cap,Apr-2025
171394,82477,1,Endurance Technologies Ltd.,Automobile & Ancillaries,Automobile & Ancillaries,Domestic Equities,92.0,93.0,-1.0752688172043012,0.0173,0.0183,-5.464480874316944,0.200672775780072,1100,endurance-technologies,Mid Cap,Apr-2025
152532,6617,1,Sun TV Network Ltd.,Media & Entertainment,Media & Entertainment,Domestic Equities,258.0,252.0,2.380952380952381,0.016,0.016399999999999998,-2.4390243902438913,0.185593318640529,1100,sun-tv-network,Small Cap,Apr-2025
176199,111753,1,OLA Electric Mobility Ltd.,Automobile & Ancillaries,Automobile & Ancillaries,Domestic Equities,2324.0,2212.0,5.063291139240507,0.0113,0.011699999999999999,-3.4188034188034218,0.131075281289874,1100,ola-electric-mobility,Mid Cap,Apr-2025
58164,86911,1,The New India Assurance Company Ltd.,Insurance,Finance,Domestic Equities,629.0,622.0,1.1254019292604502,0.0108,0.0096,12.50000000000001,0.125275490082357,1100,the-new-india-assurance-company,Mid Cap,Apr-2025
171883,5324,1,Mangalore Refinery And Petrochemicals Ltd.,Crude Oil,Crude Oil,Domestic Equities,466.0,471.0,-1.0615711252653928,0.0063,0.0063,0.0,0.0730773692147083,1100,mangalore-refinery-and-petrochemicals,Small Cap,Apr-2025
76200,82667,1,BSE Ltd.,Finance,Finance,Domestic Equities,1073.0,351.0,205.6980056980057,0.2869,0.2232,28.539426523297497,3.10333264827094,1100,bse,Mid Cap,May-2025
77009,96064,1,Max Healthcare Institute Ltd.,Healthcare,Healthcare,Domestic Equities,1953.0,1978.0,-1.2639029322548028,0.2198,0.21719999999999998,1.1970534069981655,2.37752706897857,1100,max-healthcare-institute,Mid Cap,May-2025
152473,5056,1,Suzlon Energy Ltd.,Capital Goods,Capital Goods,Domestic Equities,30308.0,30752.0,-1.4438085327783559,0.21660000000000001,0.1734,24.913494809688583,2.34291339008534,1100,suzlon-energy,Mid Cap,May-2025
95548,5980,1,Persistent Systems Ltd.,IT,Information Technology,Domestic Equities,279.0,277.0,0.7220216606498195,0.1573,0.1474,6.716417910447762,1.70147865309522,1100,persistent-systems,Mid Cap,May-2025
157113,99763,1,PB Fintech Ltd.,IT,Information Technology,Domestic Equities,868.0,866.0,0.23094688221709006,0.15289999999999998,0.1408,8.593749999999993,1.65388484461703,1100,pb-fintech,Mid Cap,May-2025
57445,86554,1,Dixon Technologies (India) Ltd.,Consumer Durables,Consumer Durables,Domestic Equities,101.0,101.0,0.0,0.1484,0.16620000000000001,-10.709987966305661,1.60520935867343,1100,dixon-technologies-india,Mid Cap,May-2025
133657,7260,1,Coforge Ltd.,IT,Information Technology,Domestic Equities,172.0,176.0,-2.272727272727273,0.1471,0.1286,14.385692068429249,1.59114755162306,1100,coforge,Mid Cap,May-2025
38803,5403,1,Indus Towers Ltd.,Telecom,Telecom,Domestic Equities,3505.0,3403.0,2.9973552747575667,0.1346,0.1389,-3.0957523398128126,1.45593786844639,1100,indus-towers,Large Cap,May-2025
171685,5596,1,The Federal Bank Ltd.,Bank,Banking,Domestic Equities,6496.0,6315.0,2.866191607284244,0.1313,0.1242,5.716586151368767,1.42024251208775,1100,the-federal-bank,Mid Cap,May-2025
114530,88033,1,HDFC Asset Management Company Ltd.,Finance,Finance,Domestic Equities,266.0,265.0,0.37735849056603776,0.1272,0.1159,9.749784296807599,1.3758937360058,1100,hdfc-asset-management-company,Mid Cap,May-2025
152211,6247,1,Lupin Ltd.,Healthcare,Healthcare,Domestic Equities,633.0,628.0,0.7961783439490446,0.12390000000000001,0.1316,-5.851063829787231,1.34019837964716,1100,lupin,Mid Cap,May-2025
171877,6125,1,Cummins India Ltd.,Automobile & Ancillaries,Automobile & Ancillaries,Domestic Equities,356.0,358.0,-0.5586592178770949,0.11630000000000001,0.10369999999999999,12.150433944069446,1.25799089227574,1100,cummins-india,Large Cap,May-2025
7737,15826,1,IDFC First Bank Ltd.,Bank,Banking,Domestic Equities,16447.0,16365.0,0.5010693553315002,0.1118,0.10619999999999999,5.273069679849346,1.20931540633214,1100,idfc-first-bank,Mid Cap,May-2025
165,7447,1,SRF Ltd.,Chemicals,Chemicals,Domestic Equities,382.0,373.0,2.4128686327077746,0.1093,0.11220000000000001,-2.5846702317290635,1.18227346969681,1100,srf,Mid Cap,May-2025
152455,7030,1,Yes Bank Ltd.,Bank,Banking,Domestic Equities,49951.0,48912.0,2.1242230945371277,0.1073,0.0867,23.760092272203003,1.16063992038854,1100,yes-bank,Mid Cap,May-2025
171365,5279,1,Hindustan Petroleum Corporation Ltd.,Crude Oil,Crude Oil,Domestic Equities,2490.0,2499.0,-0.36014405762304924,0.1024,0.0946,8.24524312896405,1.10763772458328,1100,hindustan-petroleum-corporation,Mid Cap,May-2025
141614,85778,1,AU Small Finance Bank Ltd.,Bank,Banking,Domestic Equities,1470.0,1429.0,2.8691392582225332,0.10189999999999999,0.09699999999999999,5.05154639175258,1.10222933725622,1100,au-small-finance-bank,Mid Cap,May-2025
152222,5634,1,Max Financial Services Ltd.,Finance,Finance,Domestic Equities,678.0,672.0,0.8928571428571428,0.10189999999999999,0.0877,16.191562143671607,1.10222933725622,1100,max-financial-services,Mid Cap,May-2025
171839,6306,1,Solar Industries India Ltd.,Chemicals,Chemicals,Domestic Equities,62.0,63.0,-1.5873015873015872,0.0998,0.083,20.240963855421683,1.07951411048254,1100,solar-industries-india,Mid Cap,May-2025
152636,5140,1,Fortis Healthcare Ltd.,Healthcare,Healthcare,Domestic Equities,1396.0,1386.0,0.7215007215007215,0.0986,0.095,3.7894736842105203,1.06653398089758,1100,fortis-healthcare,Mid Cap,May-2025
171327,5699,1,Marico Ltd.,FMCG,Fast Moving Consumer Goods,Domestic Equities,1369.0,1385.0,-1.1552346570397112,0.0981,0.0984,-0.3048780487804813,1.06112559357051,1100,marico,Mid Cap,May-2025
599,7495,1,Sundaram Finance Ltd.,Finance,Finance,Domestic Equities,179.0,182.0,-1.6483516483516485,0.0919,0.09570000000000001,-3.9707419017763925,0.994061590714881,1100,sundaram-finance,Mid Cap,May-2025
171659,5756,1,Ashok Leyland Ltd.,Automobile & Ancillaries,Automobile & Ancillaries,Domestic Equities,3762.0,3735.0,0.7228915662650602,0.0888,0.0842,5.463182897862243,0.960529589287066,1100,ashok-leyland,Mid Cap,May-2025
152369,6790,1,Bharat Forge Ltd.,Automobile & Ancillaries,Automobile & Ancillaries,Domestic Equities,699.0,713.0,-1.9635343618513323,0.0867,0.0787,10.165184243964418,0.937814362513386,1100,bharat-forge,Mid Cap,May-2025
171946,6864,1,Godrej Properties Ltd.,Realty,Realty,Domestic Equities,385.0,395.0,-2.5316455696202533,0.0864,0.08539999999999999,1.1709601873536468,0.934569330117146,1100,godrej-properties,Mid Cap,May-2025
101370,86936,1,Tube Investments of India Ltd.,Automobile & Ancillaries,Automobile & Ancillaries,Domestic Equities,282.0,283.0,-0.35335689045936397,0.0864,0.08199999999999999,5.365853658536601,0.934569330117146,1100,tube-investments-of-india,Mid Cap,May-2025
587,7648,1,APL Apollo Tubes Ltd.,Iron & Steel,Iron & Steel,Domestic Equities,475.0,471.0,0.8492569002123143,0.0861,0.07629999999999999,12.844036697247702,0.931324297720906,1100,apl-apollo-tubes,Mid Cap,May-2025
133342,5963,1,Bharat Heavy Electricals Ltd.,Capital Goods,Capital Goods,Domestic Equities,3293.0,3356.0,-1.8772348033373063,0.08560000000000001,0.0761,12.483574244415244,0.925915910393839,1100,bharat-heavy-electricals,Mid Cap,May-2025
171465,6543,1,Aurobindo Pharma Ltd.,Healthcare,Healthcare,Domestic Equities,743.0,727.0,2.200825309491059,0.08529999999999999,0.0894,-4.586129753914991,0.922670877997599,1100,aurobindo-pharma,Mid Cap,May-2025
171820,5969,1,Colgate-Palmolive (India) Ltd.,FMCG,Fast Moving Consumer Goods,Domestic Equities,343.0,339.0,1.1799410029498525,0.0842,0.0877,-3.9908779931584912,0.910772425878052,1100,colgate-palmolive-india,Mid Cap,May-2025
171635,7381,1,UPL Ltd.,Chemicals,Chemicals,Domestic Equities,1328.0,1314.0,1.06544901065449,0.0834,0.08800000000000001,-5.227272727272736,0.902119006154745,1100,upl,Mid Cap,May-2025
152118,7308,1,PI Industries Ltd.,Chemicals,Chemicals,Domestic Equities,213.0,212.0,0.4716981132075472,0.0814,0.07719999999999999,5.440414507772032,0.880485456846478,1100,pi-industries,Mid Cap,May-2025
152551,7908,1,GMR Airports Ltd.,Infrastructure,Aviation,Domestic Equities,9469.0,9180.0,3.148148148148148,0.0796,0.08,-0.5000000000000004,0.861015262469037,1100,gmr-airports,Mid Cap,May-2025
171321,7864,1,Page Industries Ltd.,Textile,Textile,Domestic Equities,17.0,17.0,0.0,0.0788,0.0775,1.6774193548387082,0.85236184274573,1100,page-industries,Mid Cap,May-2025
134131,90516,1,Polycab India Ltd.,Electricals,Electricals,Domestic Equities,131.0,133.0,-1.5037593984962405,0.0785,0.07339999999999999,6.948228882833785,0.84911681034949,1100,polycab-india,Large Cap,May-2025
152795,99590,1,One97 Communications Ltd.,IT,Information Technology,Domestic Equities,869.0,867.0,0.2306805074971165,0.0774,0.075,3.200000000000003,0.837218358229943,1100,one97-communications,Mid Cap,May-2025
19255,6350,1,Mphasis Ltd.,IT,Information Technology,Domestic Equities,299.0,303.0,-1.3201320132013201,0.0765,0.0748,2.2727272727272716,0.827483261041223,1100,mphasis,Mid Cap,May-2025
152379,5838,1,Voltas Ltd.,Consumer Durables,Consumer Durables,Domestic Equities,601.0,605.0,-0.6611570247933884,0.0759,0.0748,1.47058823529411,0.820993196248743,1100,voltas,Mid Cap,May-2025
122,5767,1,The Phoenix Mills Ltd.,Realty,Realty,Domestic Equities,491.0,488.0,0.6147540983606558,0.0755,0.0812,-7.019704433497529,0.816666486387089,1100,the-phoenix-mills,Mid Cap,May-2025
133608,7612,1,Union Bank Of India,Bank,Banking,Domestic Equities,5094.0,5078.0,0.31508467900748327,0.0748,0.0639,17.057902973395944,0.809094744129196,1100,union-bank-of-india,Mid Cap,May-2025
191600,99819,1,FSN E-Commerce Ventures Ltd.,Retailing,Information Technology,Domestic Equities,3632.0,3528.0,2.947845804988662,0.0738,0.06860000000000001,7.5801749271136964,0.798277969475062,1100,fsn-e-commerce-ventures,Mid Cap,May-2025
1152,105806,1,Mankind Pharma Ltd.,Healthcare,Healthcare,Domestic Equities,297.0,290.0,2.413793103448276,0.0733,0.07150000000000001,2.5174825174825135,0.792869582147995,1100,mankind-pharma,Mid Cap,May-2025
153586,8183,1,NHPC Ltd.,Power,Power,Domestic Equities,8220.0,8356.0,-1.6275730014360938,0.0719,0.0717,0.27894002789400923,0.777726097632208,1100,nhpc,Mid Cap,May-2025
38931,15891,1,Alkem Laboratories Ltd.,Healthcare,Healthcare,Domestic Equities,141.0,140.0,0.7142857142857143,0.0719,0.0716,0.4189944134078247,0.777726097632208,1100,alkem-laboratories,Mid Cap,May-2025
77639,92991,1,SBI Cards And Payment Services Ltd.,Finance,Finance,Domestic Equities,780.0,773.0,0.9055627425614489,0.0718,0.0675,6.370370370370367,0.776644420166795,1100,sbi-cards-and-payment-services,Mid Cap,May-2025
19182,5589,1,Coromandel International Ltd.,Chemicals,Chemicals,Domestic Equities,310.0,304.0,1.9736842105263157,0.071,0.0673,5.497771173848428,0.767991000443488,1100,coromandel-international,Mid Cap,May-2025
152238,8313,1,MRF Ltd.,Automobile & Ancillaries,Automobile & Ancillaries,Domestic Equities,5.0,5.0,0.0,0.0694,0.0673,3.1203566121842488,0.750684160996874,1100,mrf,Mid Cap,May-2025
56674,5695,1,Supreme Industries Ltd.,Plastic Products,Plastic Products,Domestic Equities,166.0,169.0,-1.7751479289940828,0.0688,0.059800000000000006,15.050167224080258,0.744194096204394,1100,supreme-industries,Mid Cap,May-2025
152574,8059,1,Torrent Power Ltd.,Power,Power,Domestic Equities,492.0,500.0,-1.6,0.0676,0.077,-12.207792207792213,0.731213966619433,1100,torrent-power,Mid Cap,May-2025
177212,94646,1,Hitachi Energy India Ltd.,Capital Goods,Capital Goods,Domestic Equities,35.0,33.0,6.0606060606060606,0.0675,0.0479,40.91858037578288,0.73013228915402,1100,hitachi-energy-india,Mid Cap,May-2025
151967,5716,1,GE Vernova T&D India Ltd.,Capital Goods,Capital Goods,Domestic Equities,297.0,327.0,-9.174311926605505,0.0666,0.0512,30.078125,0.7203971919653,1100,ge-vernova-td-india,Mid Cap,May-2025
96004,7992,1,Jubilant FoodWorks Ltd.,FMCG,Fast Moving Consumer Goods,Domestic Equities,1003.0,995.0,0.8040201005025126,0.0658,0.0712,-7.584269662921349,0.711743772241993,1100,jubilant-foodworks,Mid Cap,May-2025
153260,8051,1,Prestige Estates Projects Ltd.,Realty,Realty,Domestic Equities,444.0,453.0,-1.9867549668874174,0.06509999999999999,0.0623,4.4943820224719,0.704172029984099,1100,prestige-estates-projects,Mid Cap,May-2025
19275,7232,1,NMDC Ltd.,Mining,Mining,Domestic Equities,8986.0,9023.0,-0.41006317189404856,0.064,0.058499999999999996,9.401709401709414,0.692273577864552,1100,nmdc,Mid Cap,May-2025
1427,98308,1,Sona BLW Precision Forgings Ltd.,Automobile & Ancillaries,Automobile & Ancillaries,Domestic Equities,1160.0,1195.0,-2.928870292887029,0.06309999999999999,0.0575,9.739130434782602,0.682538480675832,1100,sona-blw-precision-forgings,Mid Cap,May-2025
77293,6578,1,Muthoot Finance Ltd.,Finance,Finance,Domestic Equities,281.0,286.0,-1.7482517482517483,0.0623,0.0621,0.3220611916264165,0.673885060952525,1100,muthoot-finance,Mid Cap,May-2025
133642,6320,1,Petronet LNG Ltd.,Inds. Gases & Fuels,Industrials Gases & Fuels,Domestic Equities,1983.0,1982.0,0.050454086781029264,0.060899999999999996,0.0622,-2.0900321543408342,0.658741576436738,1100,petronet-lng,Mid Cap,May-2025
677,6026,1,Oil India Ltd.,Crude Oil,Crude Oil,Domestic Equities,1425.0,1441.0,-1.1103400416377516,0.0608,0.0592,2.7027027027027053,0.657659898971325,1100,oil-india,Mid Cap,May-2025
114652,92620,1,Indian Railway Catering And Tourism Corporation Ltd.,Hospitality,Hospitality,Domestic Equities,784.0,798.0,-1.7543859649122806,0.0593,0.06,-1.1666666666666714,0.641434736990124,1100,indian-railway-catering-and-tourism-corporation,Mid Cap,May-2025
133463,8505,1,Glenmark Pharmaceuticals Ltd.,Healthcare,Healthcare,Domestic Equities,406.0,392.0,3.571428571428571,0.0592,0.0541,9.426987060998147,0.640353059524711,1100,glenmark-pharmaceuticals,Mid Cap,May-2025
171336,8097,1,JK Cement Ltd.,Construction Materials,Construction Materials,Domestic Equities,107.0,105.0,1.9047619047619049,0.0588,0.0537,9.49720670391061,0.636026349663057,1100,jk-cement,Mid Cap,May-2025
756,88308,1,Rail Vikas Nigam Ltd.,Infrastructure,Infrastructure,Domestic Equities,1442.0,1491.0,-3.286384976525822,0.058499999999999996,0.052199999999999996,12.068965517241379,0.632781317266817,1100,rail-vikas-nigam,Large Cap,May-2025
113892,8292,1,KEI Industries Ltd.,Electricals,Electricals,Domestic Equities,160.0,162.0,-1.2345679012345678,0.057800000000000004,0.0496,16.532258064516135,0.625209575008924,1100,kei-industries,Mid Cap,May-2025
123299,91366,1,KPIT Technologies Ltd.,IT,Information Technology,Domestic Equities,428.0,430.0,-0.46511627906976744,0.057300000000000004,0.053899999999999997,6.307977736549179,0.619801187681857,1100,kpit-technologies,Mid Cap,May-2025
152608,7159,1,Indian Bank,Bank,Banking,Domestic Equities,930.0,935.0,-0.53475935828877,0.057300000000000004,0.0529,8.317580340264657,0.619801187681857,1100,indian-bank,Mid Cap,May-2025
152323,7533,1,Tata Elxsi Ltd.,IT,Information Technology,Domestic Equities,89.0,87.0,2.2988505747126435,0.057300000000000004,0.050199999999999995,14.143426294820735,0.619801187681857,1100,tata-elxsi,Mid Cap,May-2025
134830,88309,1,Mazagon Dock Shipbuilders Ltd.,Ship Building,Ship Building,Domestic Equities,160.0,162.0,-1.2345679012345678,0.0557,0.0495,12.525252525252528,0.602494348235243,1100,mazagon-dock-shipbuilders,Mid Cap,May-2025
79,7951,1,Balkrishna Industries Ltd.,Automobile & Ancillaries,Automobile & Ancillaries,Domestic Equities,225.0,210.0,7.142857142857142,0.0556,0.0562,-1.067615658362998,0.60141267076983,1100,balkrishna-industries,Mid Cap,May-2025
75891,5355,1,Container Corporation Of India Ltd.,Logistics,Logistics,Domestic Equities,702.0,727.0,-3.43878954607978,0.055099999999999996,0.049,12.448979591836721,0.596004283442763,1100,container-corporation-of-india,Mid Cap,May-2025
171444,98250,1,Kalyan Jewellers India Ltd.,Diamond  &  Jewellery,Diamond & Jewellery,Domestic Equities,984.0,1030.0,-4.466019417475728,0.055099999999999996,0.053200000000000004,3.5714285714285623,0.596004283442763,1100,kalyan-jewellers-india,Mid Cap,May-2025
133630,5815,1,Jindal Stainless Ltd.,Iron & Steel,Iron & Steel,Domestic Equities,841.0,850.0,-1.0588235294117647,0.0542,0.0496,9.274193548387096,0.586269186254043,1100,jindal-stainless,Mid Cap,May-2025
153691,5278,1,Oberoi Realty Ltd.,Realty,Realty,Domestic Equities,309.0,314.0,-1.5923566878980893,0.054000000000000006,0.051500000000000004,4.854368932038835,0.584105831323216,1100,oberoi-realty,Mid Cap,May-2025
171698,8307,1,Oracle Financial Services Software Ltd.,IT,Information Technology,Domestic Equities,62.0,61.0,1.639344262295082,0.0525,0.053200000000000004,-1.3157894736842157,0.567880669342016,1100,oracle-financial-services-software,Mid Cap,May-2025
133317,6810,1,Blue Star Ltd.,Consumer Durables,Consumer Durables,Domestic Equities,341.0,351.0,-2.849002849002849,0.052300000000000006,0.0599,-12.687813021702835,0.565717314411189,1100,blue-star,Mid Cap,May-2025
352,7184,1,Ipca Laboratories Ltd.,Healthcare,Healthcare,Domestic Equities,365.0,371.0,-1.6172506738544474,0.052000000000000005,0.052000000000000005,0.0,0.562472282014949,1100,ipca-laboratories,Mid Cap,May-2025
171509,5522,1,Tata Communications Ltd.,Telecom,Telecom,Domestic Equities,306.0,303.0,0.9900990099009901,0.0513,0.0482,6.431535269709535,0.554900539757055,1100,tata-communications,Mid Cap,May-2025
97125,90518,1,Adani Total Gas Ltd.,Gas Transmission,Gas Transmission,Domestic Equities,717.0,729.0,-1.646090534979424,0.049,0.0438,11.87214611872147,0.530021958052548,1100,adani-total-gas,Mid Cap,May-2025
57781,87827,1,Bharat Dynamics Ltd.,Capital Goods,Capital Goods,Domestic Equities,243.0,240.0,1.25,0.049,0.036699999999999997,33.51498637602181,0.530021958052548,1100,bharat-dynamics,Mid Cap,May-2025
152616,7532,1,Vodafone Idea Ltd.,Telecom,Telecom,Domestic Equities,70676.0,67911.0,4.071505352593836,0.0489,0.0484,1.0330578512396658,0.528940280587134,1100,vodafone-idea,Mid Cap,May-2025
133351,5368,1,Steel Authority Of India Ltd.,Iron & Steel,Iron & Steel,Domestic Equities,3746.0,3735.0,0.29451137884872824,0.0484,0.0425,13.882352941176467,0.523531893260068,1100,steel-authority-of-india,Mid Cap,May-2025
152296,7356,1,Patanjali Foods Ltd.,FMCG,Fast Moving Consumer Goods,Domestic Equities,285.0,289.0,-1.384083044982699,0.047599999999999996,0.055099999999999996,-13.611615245009077,0.514878473536761,1100,patanjali-foods,Mid Cap,May-2025
171840,6541,1,UNO Minda Ltd.,Automobile & Ancillaries,Automobile & Ancillaries,Domestic Equities,469.0,473.0,-0.8456659619450317,0.0472,0.042300000000000004,11.58392434988178,0.510551763675107,1100,uno-minda,Mid Cap,May-2025
171434,4916,1,Astral Ltd.,Plastic Products,Plastic Products,Domestic Equities,314.0,326.0,-3.6809815950920246,0.047,0.043899999999999995,7.061503416856504,0.508388408744281,1100,astral,Mid Cap,May-2025
152207,5372,1,LIC Housing Finance Ltd.,Finance,Finance,Domestic Equities,786.0,785.0,0.12738853503184713,0.046900000000000004,0.0472,-0.6355932203389696,0.507306731278867,1100,lic-housing-finance,Mid Cap,May-2025
171886,6139,1,Exide Industries Ltd.,Automobile & Ancillaries,Automobile & Ancillaries,Domestic Equities,1184.0,1182.0,0.1692047377326565,0.0458,0.0416,10.096153846153843,0.49540827915932,1100,exide-industries,Mid Cap,May-2025
152519,8782,1,Mahindra & Mahindra Financial Services Ltd.,Finance,Finance,Domestic Equities,1741.0,1554.0,12.033462033462033,0.0455,0.0407,11.793611793611781,0.49216324676308,1100,mahindra-mahindra-financial-services,Mid Cap,May-2025
19098,6973,1,Schaeffler India Ltd.,Automobile & Ancillaries,Automobile & Ancillaries,Domestic Equities,107.0,104.0,2.8846153846153846,0.044800000000000006,0.0361,24.099722991689767,0.484591504505187,1100,schaeffler-india,Mid Cap,May-2025
75659,6055,1,Lloyds Metals & Energy Ltd.,Iron & Steel,Iron & Steel,Domestic Equities,318.0,318.0,0.0,0.0443,0.0383,15.665796344647509,0.47918311717812,1100,lloyds-metals-energy,Mid Cap,May-2025
134823,84770,1,Cochin Shipyard Ltd.,Ship Building,Ship Building,Domestic Equities,226.0,221.0,2.262443438914027,0.044000000000000004,0.0352,25.00000000000001,0.47593808478188,1100,cochin-shipyard,Mid Cap,May-2025
47051,90577,1,Dalmia Bharat Ltd.,Construction Materials,Construction Materials,Domestic Equities,218.0,199.0,9.547738693467336,0.044000000000000004,0.0387,13.695090439276491,0.47593808478188,1100,dalmia-bharat,Mid Cap,May-2025
133407,5997,1,Hindustan Zinc Ltd.,Non - Ferrous Metals,Non - Ferrous Metals,Domestic Equities,955.0,933.0,2.3579849946409435,0.0438,0.040999999999999995,6.829268292682933,0.473774729851053,1100,hindustan-zinc,Large Cap,May-2025
171433,6783,1,Berger Paints India Ltd.,Chemicals,Chemicals,Domestic Equities,759.0,746.0,1.742627345844504,0.0431,0.0406,6.157635467980296,0.466202987593159,1100,berger-paints-india,Mid Cap,May-2025
152367,6359,1,Abbott India Ltd.,Healthcare,Healthcare,Domestic Equities,14.0,14.0,0.0,0.0426,0.042,1.428571428571419,0.460794600266093,1100,abbott-india,Mid Cap,May-2025
133439,5473,1,National Aluminium Company Ltd.,Non - Ferrous Metals,Non - Ferrous Metals,Domestic Equities,2359.0,2345.0,0.5970149253731344,0.0425,0.036699999999999997,15.803814713896461,0.459712922800679,1100,national-aluminium-company,Mid Cap,May-2025
135555,92715,1,360 One Wam Ltd.,Finance,Finance,Domestic Equities,423.0,438.0,-3.4246575342465753,0.042199999999999994,0.0432,-2.314814814814827,0.456467890404439,1100,360-one-wam,Mid Cap,May-2025
79346,86555,1,Aditya Birla Capital Ltd.,Finance,Finance,Domestic Equities,1876.0,1906.0,-1.5739769150052465,0.0417,0.0374,11.497326203208548,0.451059503077372,1100,aditya-birla-capital,Mid Cap,May-2025
171565,6678,1,Apollo Tyres Ltd.,Automobile & Ancillaries,Automobile & Ancillaries,Domestic Equities,847.0,826.0,2.5423728813559325,0.039900000000000005,0.039,2.3076923076923155,0.431589308699932,1100,apollo-tyres,Small Cap,May-2025
133643,6434,1,Biocon Ltd.,Healthcare,Healthcare,Domestic Equities,1179.0,1208.0,-2.4006622516556293,0.039599999999999996,0.038900000000000004,1.7994858611825153,0.428344276303692,1100,biocon,Mid Cap,May-2025
114414,5238,1,Bank Of India,Bank,Banking,Domestic Equities,3195.0,3151.0,1.3963821009203428,0.039,0.0363,7.43801652892562,0.421854211511212,1100,bank-of-india,Mid Cap,May-2025
152079,6815,1,Linde India Ltd.,Inds. Gases & Fuels,Industrials Gases & Fuels,Domestic Equities,52.0,55.0,-5.454545454545454,0.039,0.0348,12.068965517241377,0.421854211511212,1100,linde-india,Mid Cap,May-2025
173672,92657,1,Gujarat Fluorochemicals Ltd.,Chemicals,Chemicals,Domestic Equities,107.0,107.0,0.0,0.038,0.0417,-8.872901678657078,0.411037436857078,1100,gujarat-fluorochemicals,Mid Cap,May-2025
133635,5732,1,Indraprastha Gas Ltd.,Gas Transmission,Gas Transmission,Domestic Equities,1841.0,1835.0,0.32697547683923706,0.038,0.0353,7.64872521246459,0.411037436857078,1100,indraprastha-gas,Mid Cap,May-2025
171333,7587,1,United Breweries Ltd.,Alcohol,Alcohol,Domestic Equities,188.0,194.0,-3.0927835051546393,0.037200000000000004,0.04190000000000001,-11.217183770883059,0.402384017133771,1100,united-breweries,Mid Cap,May-2025
83342,79963,1,Bandhan Bank Ltd.,Bank,Banking,Domestic Equities,2181.0,2167.0,0.6460544531610521,0.0371,0.0359,3.342618384401117,0.401302339668358,1100,bandhan-bank,Small Cap,May-2025
19183,6082,1,Deepak Nitrite Ltd.,Chemicals,Chemicals,Domestic Equities,182.0,180.0,1.1111111111111112,0.0369,0.0348,6.034482758620689,0.399138984737531,1100,deepak-nitrite,Mid Cap,May-2025
152386,5556,1,Glaxosmithkline Pharmaceuticals Ltd.,Healthcare,Healthcare,Domestic Equities,111.0,105.0,5.714285714285714,0.0366,0.0311,17.684887459807083,0.395893952341291,1100,glaxosmithkline-pharmaceuticals,Mid Cap,May-2025
133445,6416,1,Apar Industries Ltd.,Capital Goods,Capital Goods,Domestic Equities,45.0,43.0,4.651162790697675,0.0365,0.0241,51.45228215767633,0.394812274875878,1100,apar-industries,Mid Cap,May-2025
1704,6920,1,L&T Finance Ltd.,Finance,Finance,Domestic Equities,2118.0,2099.0,0.9051929490233445,0.0363,0.0345,5.217391304347817,0.392648919945051,1100,lt-finance,Mid Cap,May-2025
76174,111823,1,Bharti Hexacom Ltd.,Telecom,Telecom,Domestic Equities,196.0,198.0,-1.0101010101010102,0.0359,0.0334,7.4850299401197615,0.388322210083397,1100,bharti-hexacom,Mid Cap,May-2025
152325,5528,1,Thermax Ltd.,Capital Goods,Capital Goods,Domestic Equities,104.0,96.0,8.333333333333332,0.0352,0.0316,11.392405063291134,0.380750467825504,1100,thermax,Mid Cap,May-2025
152486,5772,1,AIA Engineering Ltd.,Automobile & Ancillaries,Automobile & Ancillaries,Domestic Equities,100.0,101.0,-0.9900990099009901,0.035,0.0323,8.359133126934985,0.378587112894677,1100,aia-engineering,Mid Cap,May-2025
797,86851,1,Nippon Life India Asset Management Ltd.,Finance,Finance,Domestic Equities,461.0,459.0,0.4357298474945534,0.0342,0.029300000000000003,16.723549488054598,0.36993369317137,1100,nippon-life-india-asset-management,Mid Cap,May-2025
133333,4917,1,CRISIL Ltd.,Ratings,Ratings,Domestic Equities,64.0,64.0,0.0,0.0336,0.0285,17.894736842105257,0.36344362837889,1100,crisil,Mid Cap,May-2025
97743,96921,1,Gland Pharma Ltd.,Healthcare,Healthcare,Domestic Equities,210.0,209.0,0.4784688995215311,0.0334,0.029300000000000003,13.993174061433436,0.361280273448063,1100,gland-pharma,Small Cap,May-2025
152324,4941,1,ACC Ltd.,Construction Materials,Construction Materials,Domestic Equities,177.0,174.0,1.7241379310344827,0.0333,0.0329,1.2158054711246211,0.36019859598265,1100,acc,Mid Cap,May-2025
57541,86814,1,General Insurance Corporation of India,Insurance,Finance,Domestic Equities,802.0,803.0,-0.12453300124533001,0.033,0.0335,-1.4925373134328437,0.35695356358641,1100,general-insurance-corporation-of-india,Mid Cap,May-2025
19805,15724,1,Syngene International Ltd.,Business Services,Healthcare,Domestic Equities,487.0,568.0,-14.26056338028169,0.0315,0.036000000000000004,-12.500000000000005,0.340728401605209,1100,syngene-international,Mid Cap,May-2025
171580,109023,1,Tata Technologies Ltd.,IT,Information Technology,Domestic Equities,406.0,403.0,0.7444168734491315,0.031400000000000004,0.0265,18.49056603773586,0.339646724139796,1100,tata-technologies,Mid Cap,May-2025
171485,6291,1,Motilal Oswal Financial Services Ltd.,Finance,Finance,Domestic Equities,388.0,393.0,-1.2722646310432568,0.031400000000000004,0.025699999999999997,22.178988326848263,0.339646724139796,1100,motilal-oswal-financial-services,Mid Cap,May-2025
44430,82482,1,L&T Technology Services Ltd.,IT,Information Technology,Domestic Equities,72.0,71.0,1.4084507042253522,0.031400000000000004,0.0302,3.973509933774838,0.339646724139796,1100,lt-technology-services,Mid Cap,May-2025
171948,7104,1,Emami Ltd.,FMCG,Fast Moving Consumer Goods,Domestic Equities,524.0,516.0,1.550387596899225,0.030600000000000002,0.0322,-4.968944099378886,0.330993304416489,1100,emami,Small Cap,May-2025
114654,92672,1,Indian Renewable Energy Development Agency Ltd.,Finance,Finance,Domestic Equities,1750.0,1765.0,-0.84985835694051,0.030600000000000002,0.029500000000000002,3.7288135593220293,0.330993304416489,1100,indian-renewable-energy-development-agency,Mid Cap,May-2025
115032,83788,1,Housing & Urban Development Corporation Ltd.,Finance,Finance,Domestic Equities,1260.0,1314.0,-4.10958904109589,0.0304,0.0294,3.40136054421769,0.328829949485662,1100,housing-urban-development-corporation,Mid Cap,May-2025
509,8487,1,K.P.R. Mill Ltd.,Textile,Textile,Domestic Equities,262.0,269.0,-2.6022304832713754,0.029500000000000002,0.0268,10.074626865671641,0.319094852296942,1100,kpr-mill,Small Cap,May-2025
152370,5063,1,Escorts Kubota Ltd.,Automobile & Ancillaries,Automobile & Ancillaries,Domestic Equities,88.0,88.0,0.0,0.0292,0.0287,1.7421602787456383,0.315849819900702,1100,escorts-kubota,Mid Cap,May-2025
58178,99657,1,Star Health and Allied Insurance Company Ltd.,Insurance,Finance,Domestic Equities,597.0,594.0,0.5050505050505051,0.0285,0.0232,22.844827586206907,0.308278077642808,1100,star-health-and-allied-insurance-company,Small Cap,May-2025
133495,5019,1,Ajanta Pharma Ltd.,Healthcare,Healthcare,Domestic Equities,110.0,106.0,3.7735849056603774,0.0276,0.0287,-3.832752613240429,0.298542980454088,1100,ajanta-pharma,Mid Cap,May-2025
645,8087,1,IRB Infrastructure Developers Ltd.,Infrastructure,Infrastructure,Domestic Equities,5213.0,5185.0,0.5400192864030858,0.026699999999999998,0.0236,13.135593220338986,0.288807883265368,1100,irb-infrastructure-developers,Mid Cap,May-2025
102429,100653,1,Global Health Ltd.,Healthcare,Healthcare,Domestic Equities,221.0,218.0,1.3761467889908259,0.0263,0.026099999999999998,0.7662835249042153,0.284481173403714,1100,global-health,Small Cap,May-2025
196533,104025,1,Motherson Sumi Wiring India Ltd.,Iron & Steel,Iron & Steel,Domestic Equities,4387.0,4429.0,-0.9482953262587492,0.0254,0.024700000000000003,2.8340080971659853,0.274746076214994,1100,motherson-sumi-wiring-india,Small Cap,May-2025
222979,112566,1,Vishal Mega Mart Ltd.,Retailing,Retailing,Domestic Equities,1930.0,1953.0,-1.1776753712237584,0.0241,0.0231,4.329004329004333,0.260684269164621,1100,vishal-mega-mart,Mid Cap,May-2025
57345,99844,1,AWL Agri Business Ltd.,FMCG,Fast Moving Consumer Goods,Domestic Equities,870.0,863.0,0.8111239860950173,0.0239,0.023,3.913043478260883,0.258520914233794,1100,awl-agri-business,Mid Cap,May-2025
113787,7539,1,Honeywell Automation India Ltd.,Consumer Durables,Consumer Durables,Domestic Equities,6.0,6.0,0.0,0.0231,0.0207,11.594202898550735,0.249867494510487,1100,honeywell-automation-india,Mid Cap,May-2025
13,7543,1,Tata Investment Corporation Ltd.,Finance,Finance,Domestic Equities,34.0,34.0,0.0,0.0229,0.0202,13.366336633663368,0.24770413957966,1100,tata-investment-corporation,Mid Cap,May-2025
171394,82477,1,Endurance Technologies Ltd.,Automobile & Ancillaries,Automobile & Ancillaries,Domestic Equities,92.0,92.0,0.0,0.022400000000000003,0.0173,29.47976878612718,0.242295752252593,1100,endurance-technologies,Mid Cap,May-2025
133645,6755,1,Bank Of Maharashtra,Bank,Banking,Domestic Equities,4158.0,4127.0,0.7511509571117034,0.022400000000000003,0.0209,7.177033492822985,0.242295752252593,1100,bank-of-maharashtra,Mid Cap,May-2025
222201,112407,1,NTPC Green Energy Ltd.,Power,Power,Domestic Equities,1938.0,1941.0,-0.1545595054095827,0.0216,0.0195,10.769230769230779,0.233642332529286,1100,ntpc-green-energy,Large Cap,May-2025
229270,113158,1,Aditya Birla Lifestyle Brands Ltd.,Others,,Domestic Equities,1238.0,,,0.0212,,,0.229315622667633,1100,aditya-birla-lifestyle-brands,,May-2025
78882,109773,1,JSW Infrastructure Ltd.,Logistics,Logistics,Domestic Equities,715.0,697.0,2.582496413199426,0.0208,0.020499999999999997,1.4634146341463536,0.22498891280598,1100,jsw-infrastructure,Mid Cap,May-2025
137768,15760,1,Gujarat Gas Ltd.,Gas Transmission,Gas Transmission,Domestic Equities,453.0,444.0,2.027027027027027,0.0208,0.020099999999999996,3.4825870646766317,0.22498891280598,1100,gujarat-gas,Mid Cap,May-2025
171853,7249,1,NLC India Ltd.,Power,Power,Domestic Equities,857.0,847.0,1.1806375442739079,0.0207,0.019299999999999998,7.25388601036269,0.223907235340566,1100,nlc-india,Mid Cap,May-2025
152064,6806,1,3M India Ltd.,Diversified,Diversified,Domestic Equities,7.0,7.0,0.0,0.020499999999999997,0.021099999999999997,-2.8436018957346,0.221743880409739,1100,3m-india,Mid Cap,May-2025
77359,100627,1,Waaree Energies Ltd.,Capital Goods,Capital Goods,Domestic Equities,68.0,72.0,-5.555555555555555,0.0203,0.018799999999999997,7.978723404255315,0.219580525478913,1100,waaree-energies,Mid Cap,May-2025
133387,5868,1,Godrej Industries Ltd.,Chemicals,Chemicals,Domestic Equities,163.0,166.0,-1.8072289156626504,0.019299999999999998,0.018000000000000002,7.222222222222216,0.208763750824779,1100,godrej-industries,Mid Cap,May-2025
217845,112026,1,Premier Energies Ltd.,Electricals,Electricals,Domestic Equities,175.0,177.0,-1.1299435028248588,0.018600000000000002,0.0174,6.896551724137938,0.201192008566886,1100,premier-energies,Mid Cap,May-2025
1840,4901,1,SJVN Ltd.,Power,Power,Domestic Equities,1849.0,1877.0,-1.4917421417155035,0.0178,0.0176,1.1363636363636374,0.192538588843579,1100,sjvn,Mid Cap,May-2025
152532,6617,1,Sun TV Network Ltd.,Media & Entertainment,Media & Entertainment,Domestic Equities,259.0,258.0,0.3875968992248062,0.0163,0.016,1.8749999999999878,0.176313426862378,1100,sun-tv-network,Small Cap,May-2025
176199,111753,1,OLA Electric Mobility Ltd.,Automobile & Ancillaries,Automobile & Ancillaries,Domestic Equities,2359.0,2324.0,1.5060240963855422,0.012,0.0113,6.194690265486732,0.129801295849604,1100,ola-electric-mobility,Mid Cap,May-2025
58164,86911,1,The New India Assurance Company Ltd.,Insurance,Finance,Domestic Equities,625.0,629.0,-0.6359300476947536,0.011699999999999999,0.0108,8.33333333333332,0.126556263453363,1100,the-new-india-assurance-company,Mid Cap,May-2025
95549,7450,1,Aditya Birla Fashion and Retail Ltd.,Retailing,Retailing,Domestic Equities,1263.0,1226.0,3.0179445350734095,0.0108,0.0323,-66.56346749226006,0.116821166264643,1100,aditya-birla-fashion-and-retail,Mid Cap,May-2025
171883,5324,1,Mangalore Refinery And Petrochemicals Ltd.,Crude Oil,Crude Oil,Domestic Equities,467.0,466.0,0.2145922746781116,0.0067,0.0063,6.349206349206354,0.0724723901826953,1100,mangalore-refinery-and-petrochemicals,Small Cap,May-2025
